//! Pre-baked 12x12 CJK pixel bitmaps for the HUD.
//!
//! **Generated file -- do not edit by hand.** Regenerate with:
//!
//!     python tools/extract_cjk_glyphs.py --font <path-to-font>
//!
//! Source font: `noto-sc-subset.otf` at 12px, dy=0
//! Coverage: 1595 code points, taken from the set the source actually
//! references (see `tools/cjk_used_codepoints.txt`).
//!
//! ## Licensing
//!
//! The bitmaps below are a **derived work of the source font**, so the font's
//! licence governs whether this file may be redistributed. The pre-2026-09-14
//! revision of this file was extracted from Windows' **SimSun**, a proprietary
//! font whose licence prohibits redistribution -- see `THIRD-PARTY-NOTICES.md`
//! section 3. The current table is a derived work of **Noto Sans SC (SIL OFL
//! 1.1)**, whose licence text ships in `assets/fonts/OFL-NotoSansCJK.txt`.
//!
//! ## Reproducing this file
//!
//! The source font is **deliberately not committed** (8.3 MB for a 163 KB table);
//! the file name above records what produced the bytes in this revision. To
//! regenerate: obtain Noto Sans SC (or any SIL OFL 1.1 CJK face -- Source Han
//! Sans is metrically compatible), then run the two steps in order:
//!
//!     python tools/extract_cjk_glyphs.py --scan                      # no font needed
//!     python tools/extract_cjk_glyphs.py --font <NotoSansSC.otf>
//!
//! `--scan` refreshes `tools/cjk_used_codepoints.txt` from the source and exits
//! non-zero if any referenced code point has no glyph. It needs **no font**.
//! Only the second step does, and its output is deterministic for a given font
//! file, size and `dy`. A different face shifts individual pixels -- the table
//! stays valid (all contract tests pass), it just will not match byte for byte.
//!
//! ## Format contract
//!
//! `[u16; 12]` is one row per element, bit 11 = leftmost pixel of that row.
//! `ui.rs` indexes this table directly; changing the cell size or the bit order
//! makes the HUD render garbage rather than fail loudly.

/// 12x12 bitmaps, sorted by code point.
pub static CJK_GLYPHS: &[(char, [u16; 12])] = &[
    ('\u{3001}', [0x400, 0x600, 0x300, 0x000, 0x000, 0x000, 0x000, 0x000, 0x000, 0x000, 0x000, 0x000]),
    ('\u{3002}', [0x600, 0x100, 0x100, 0x200, 0x000, 0x000, 0x000, 0x000, 0x000, 0x000, 0x000, 0x000]),
    ('\u{300A}', [0x000, 0x00A, 0x008, 0x014, 0x010, 0x028, 0x000, 0x014, 0x000, 0x00A, 0x000, 0x000]),
    ('\u{300B}', [0x000, 0x500, 0x100, 0x280, 0x280, 0x140, 0x080, 0x280, 0x100, 0x500, 0x000, 0x000]),
    ('\u{300C}', [0x00E, 0x008, 0x008, 0x008, 0x008, 0x008, 0x008, 0x008, 0x000, 0x000, 0x000, 0x000]),
    ('\u{300D}', [0x000, 0x100, 0x100, 0x100, 0x100, 0x100, 0x100, 0x100, 0x700, 0x000, 0x000, 0x000]),
    ('\u{3010}', [0x00E, 0x00C, 0x00C, 0x00C, 0x008, 0x008, 0x008, 0x008, 0x00C, 0x00C, 0x00E, 0x000]),
    ('\u{3011}', [0x700, 0x300, 0x300, 0x300, 0x100, 0x100, 0x100, 0x100, 0x300, 0x300, 0x700, 0x000]),
    ('\u{4E00}', [0x7FE, 0x000, 0x000, 0x000, 0x000, 0x000, 0x000, 0x000, 0x000, 0x000, 0x000, 0x000]),
    ('\u{4E01}', [0x7FE, 0x020, 0x020, 0x020, 0x020, 0x020, 0x020, 0x020, 0x020, 0x020, 0x1C0, 0x000]),
    ('\u{4E07}', [0x7FE, 0x080, 0x080, 0x080, 0x0FC, 0x084, 0x104, 0x104, 0x204, 0x604, 0x438, 0x000]),
    ('\u{4E09}', [0x3FC, 0x000, 0x000, 0x000, 0x000, 0x3FC, 0x000, 0x000, 0x000, 0x7FE, 0x000, 0x000]),
    ('\u{4E0A}', [0x040, 0x040, 0x040, 0x040, 0x07E, 0x040, 0x040, 0x040, 0x040, 0x040, 0x7FE, 0x000]),
    ('\u{4E0B}', [0x7FE, 0x040, 0x040, 0x060, 0x058, 0x04C, 0x040, 0x040, 0x040, 0x040, 0x040, 0x000]),
    ('\u{4E0D}', [0x7FE, 0x020, 0x060, 0x0F0, 0x1C8, 0x304, 0x402, 0x000, 0x000, 0x000, 0x000, 0x000]),
    ('\u{4E0E}', [0x100, 0x100, 0x1FC, 0x000, 0x200, 0x3FE, 0x002, 0x000, 0x7F4, 0x004, 0x004, 0x038]),
    ('\u{4E13}', [0x000, 0x040, 0x3FC, 0x080, 0x080, 0x7FE, 0x100, 0x1FC, 0x008, 0x010, 0x1F0, 0x030]),
    ('\u{4E14}', [0x1FC, 0x004, 0x004, 0x1FC, 0x004, 0x004, 0x1FC, 0x004, 0x004, 0x7FE, 0x000, 0x000]),
    ('\u{4E16}', [0x000, 0x244, 0x244, 0x7FE, 0x244, 0x244, 0x244, 0x27C, 0x200, 0x200, 0x3FE, 0x000]),
    ('\u{4E18}', [0x000, 0x1F0, 0x000, 0x000, 0x000, 0x1FE, 0x008, 0x008, 0x008, 0x008, 0x7FE, 0x000]),
    ('\u{4E1A}', [0x090, 0x090, 0x090, 0x492, 0x492, 0x294, 0x294, 0x090, 0x090, 0x090, 0x7FE, 0x000]),
    ('\u{4E1C}', [0x040, 0x0C0, 0x7FE, 0x080, 0x120, 0x220, 0x3FC, 0x020, 0x128, 0x224, 0x422, 0x060]),
    ('\u{4E1D}', [0x108, 0x108, 0x110, 0x252, 0x2BC, 0x788, 0x108, 0x210, 0x7BE, 0x000, 0x7FE, 0x000]),
    ('\u{4E22}', [0x00C, 0x3E0, 0x000, 0x3FC, 0x000, 0x000, 0x7FE, 0x080, 0x188, 0x104, 0x3FC, 0x002]),
    ('\u{4E24}', [0x7FE, 0x090, 0x090, 0x7FE, 0x492, 0x492, 0x5DA, 0x526, 0x602, 0x402, 0x40E, 0x000]),
    ('\u{4E25}', [0x7FE, 0x294, 0x294, 0x090, 0x7FE, 0x400, 0x400, 0x400, 0x400, 0x400, 0x000, 0x000]),
    ('\u{4E2A}', [0x020, 0x060, 0x090, 0x108, 0x606, 0x000, 0x000, 0x000, 0x000, 0x000, 0x000, 0x000]),
    ('\u{4E2D}', [0x000, 0x040, 0x040, 0x7FE, 0x442, 0x442, 0x442, 0x442, 0x7FE, 0x440, 0x040, 0x040]),
    ('\u{4E30}', [0x000, 0x000, 0x7FE, 0x000, 0x000, 0x3FC, 0x000, 0x000, 0x7FE, 0x000, 0x000, 0x000]),
    ('\u{4E32}', [0x040, 0x3FC, 0x244, 0x244, 0x3FC, 0x040, 0x7FE, 0x442, 0x442, 0x7FE, 0x040, 0x040]),
    ('\u{4E34}', [0x120, 0x120, 0x53E, 0x540, 0x588, 0x500, 0x57E, 0x542, 0x542, 0x542, 0x17E, 0x142]),
    ('\u{4E38}', [0x000, 0x080, 0x080, 0x7F8, 0x088, 0x088, 0x388, 0x188, 0x148, 0x109, 0x209, 0x40E]),
    ('\u{4E3A}', [0x040, 0x340, 0x040, 0x7FE, 0x042, 0x082, 0x0A2, 0x092, 0x102, 0x304, 0x604, 0x41C]),
    ('\u{4E3B}', [0x040, 0x060, 0x020, 0x7FE, 0x000, 0x000, 0x3FC, 0x000, 0x000, 0x000, 0x000, 0x7FE]),
    ('\u{4E3E}', [0x044, 0x244, 0x108, 0x7FE, 0x108, 0x204, 0x5FA, 0x000, 0x7FE, 0x000, 0x000, 0x000]),
    ('\u{4E45}', [0x080, 0x180, 0x1F0, 0x110, 0x220, 0x420, 0x420, 0x050, 0x088, 0x188, 0x206, 0x402]),
    ('\u{4E48}', [0x040, 0x0C0, 0x080, 0x118, 0x230, 0x420, 0x040, 0x088, 0x104, 0x3FE, 0x002, 0x000]),
    ('\u{4E49}', [0x040, 0x044, 0x224, 0x108, 0x108, 0x090, 0x060, 0x060, 0x0F0, 0x30C, 0x402, 0x000]),
    ('\u{4E4B}', [0x040, 0x020, 0x020, 0x7FC, 0x00C, 0x018, 0x030, 0x060, 0x080, 0x300, 0x580, 0x47E]),
    ('\u{4E4C}', [0x000, 0x040, 0x3FC, 0x204, 0x204, 0x218, 0x200, 0x3FE, 0x002, 0x7FA, 0x002, 0x002]),
    ('\u{4E4E}', [0x00C, 0x3F0, 0x024, 0x224, 0x128, 0x020, 0x7FE, 0x020, 0x020, 0x020, 0x020, 0x1C0]),
    ('\u{4E50}', [0x00C, 0x3F0, 0x200, 0x220, 0x020, 0x7FE, 0x020, 0x020, 0x224, 0x422, 0x422, 0x0C0]),
    ('\u{4E58}', [0x00C, 0x3E0, 0x000, 0x7FE, 0x100, 0x70C, 0x168, 0x76E, 0x0D0, 0x308, 0x606, 0x000]),
    ('\u{4E5F}', [0x020, 0x020, 0x024, 0x074, 0x3A0, 0x624, 0x024, 0x02C, 0x020, 0x002, 0x102, 0x1FC]),
    ('\u{4E66}', [0x040, 0x046, 0x3FC, 0x044, 0x044, 0x044, 0x7FE, 0x042, 0x042, 0x042, 0x04C, 0x040]),
    ('\u{4E71}', [0x050, 0x790, 0x110, 0x110, 0x7F0, 0x110, 0x110, 0x7D0, 0x450, 0x450, 0x7D0, 0x40E]),
    ('\u{4E86}', [0x7FC, 0x00C, 0x018, 0x020, 0x020, 0x000, 0x000, 0x000, 0x000, 0x000, 0x1C0, 0x000]),
    ('\u{4E89}', [0x080, 0x1F0, 0x210, 0x7FC, 0x044, 0x044, 0x7FE, 0x044, 0x3FC, 0x040, 0x040, 0x0C0]),
    ('\u{4E8B}', [0x000, 0x7FE, 0x3FC, 0x204, 0x3FC, 0x000, 0x3FC, 0x7FE, 0x004, 0x3FC, 0x040, 0x0C0]),
    ('\u{4E8C}', [0x3FC, 0x000, 0x000, 0x000, 0x000, 0x000, 0x000, 0x000, 0x7FE, 0x000, 0x000, 0x000]),
    ('\u{4E8E}', [0x3FC, 0x020, 0x020, 0x020, 0x7FE, 0x020, 0x020, 0x020, 0x020, 0x020, 0x1C0, 0x000]),
    ('\u{4E92}', [0x7FE, 0x000, 0x100, 0x1F8, 0x108, 0x108, 0x108, 0x1F8, 0x008, 0x008, 0x7FE, 0x000]),
    ('\u{4E94}', [0x3FC, 0x040, 0x040, 0x040, 0x3F8, 0x088, 0x088, 0x088, 0x088, 0x7FE, 0x000, 0x000]),
    ('\u{4E95}', [0x108, 0x108, 0x108, 0x7FE, 0x108, 0x108, 0x108, 0x7FE, 0x108, 0x108, 0x208, 0x408]),
    ('\u{4E9A}', [0x7FE, 0x090, 0x090, 0x492, 0x294, 0x294, 0x298, 0x090, 0x090, 0x7FE, 0x000, 0x000]),
    ('\u{4E9B}', [0x100, 0x100, 0x5DC, 0x510, 0x500, 0x512, 0x7DE, 0x000, 0x3FC, 0x000, 0x000, 0x7FE]),
    ('\u{4EA1}', [0x040, 0x020, 0x020, 0x7FE, 0x200, 0x200, 0x200, 0x200, 0x200, 0x200, 0x3FE, 0x000]),
    ('\u{4EA4}', [0x000, 0x040, 0x020, 0x7FE, 0x000, 0x10C, 0x606, 0x090, 0x090, 0x060, 0x070, 0x19C]),
    ('\u{4EA6}', [0x000, 0x040, 0x020, 0x7FE, 0x090, 0x090, 0x294, 0x294, 0x492, 0x092, 0x110, 0x310]),
    ('\u{4EA7}', [0x040, 0x020, 0x7FE, 0x108, 0x088, 0x7FE, 0x400, 0x400, 0x400, 0x400, 0x400, 0x000]),
    ('\u{4EAB}', [0x000, 0x040, 0x7FE, 0x000, 0x3FC, 0x204, 0x1FC, 0x3FC, 0x018, 0x020, 0x7FE, 0x000]),
    ('\u{4EAE}', [0x000, 0x040, 0x7FE, 0x000, 0x3FC, 0x3FC, 0x000, 0x7FE, 0x402, 0x0F0, 0x110, 0x112]),
    ('\u{4EB2}', [0x040, 0x040, 0x3FC, 0x108, 0x090, 0x7FE, 0x000, 0x7FE, 0x100, 0x30C, 0x204, 0x0C0]),
    ('\u{4EBA}', [0x040, 0x040, 0x040, 0x060, 0x060, 0x060, 0x090, 0x090, 0x108, 0x204, 0x402, 0x000]),
    ('\u{4EBF}', [0x000, 0x100, 0x17E, 0x204, 0x608, 0x610, 0x210, 0x220, 0x240, 0x242, 0x282, 0x27E]),
    ('\u{4EC0}', [0x110, 0x110, 0x210, 0x210, 0x6FE, 0x210, 0x210, 0x210, 0x210, 0x210, 0x210, 0x210]),
    ('\u{4EC5}', [0x100, 0x1FE, 0x242, 0x244, 0x644, 0xA24, 0x228, 0x218, 0x210, 0x228, 0x246, 0x282]),
    ('\u{4ECA}', [0x000, 0x060, 0x060, 0x098, 0x34C, 0x422, 0x000, 0x3FC, 0x00C, 0x008, 0x010, 0x020]),
    ('\u{4ECD}', [0x000, 0x2FC, 0x248, 0x648, 0x648, 0xE4E, 0x242, 0x242, 0x282, 0x282, 0x282, 0x30C]),
    ('\u{4ECE}', [0x108, 0x108, 0x100, 0x110, 0x110, 0x198, 0x258, 0x264, 0x224, 0x442, 0x000, 0x000]),
    ('\u{4ED3}', [0x000, 0x060, 0x090, 0x188, 0x306, 0x5FA, 0x108, 0x108, 0x138, 0x104, 0x104, 0x1FC]),
    ('\u{4ED6}', [0x110, 0x110, 0x250, 0x25E, 0x67A, 0xED2, 0x252, 0x252, 0x254, 0x240, 0x242, 0x27E]),
    ('\u{4ED8}', [0x104, 0x104, 0x204, 0x2FE, 0x604, 0x604, 0x244, 0x224, 0x224, 0x204, 0x204, 0x21C]),
    ('\u{4EE3}', [0x000, 0x114, 0x112, 0x210, 0x6FE, 0xE10, 0x210, 0x210, 0x200, 0x209, 0x20C, 0x206]),
    ('\u{4EE4}', [0x000, 0x020, 0x060, 0x090, 0x34C, 0x422, 0x000, 0x3FC, 0x008, 0x090, 0x0E0, 0x020]),
    ('\u{4EE5}', [0x004, 0x244, 0x264, 0x224, 0x200, 0x208, 0x208, 0x398, 0x634, 0x062, 0x000, 0x000]),
    ('\u{4EEC}', [0x000, 0x25E, 0x242, 0x282, 0x682, 0x682, 0x682, 0x282, 0x282, 0x282, 0x282, 0x282]),
    ('\u{4EF0}', [0x000, 0x020, 0x28E, 0x292, 0x692, 0x692, 0xA92, 0x292, 0x292, 0x2F2, 0x296, 0x210]),
    ('\u{4EF2}', [0x110, 0x110, 0x210, 0x2FE, 0x692, 0x692, 0x292, 0x2FE, 0x290, 0x210, 0x210, 0x210]),
    ('\u{4EF6}', [0x110, 0x150, 0x250, 0x2FE, 0x690, 0x210, 0x2FE, 0x210, 0x210, 0x210, 0x210, 0x210]),
    ('\u{4EF7}', [0x000, 0x110, 0x238, 0x268, 0x6C6, 0x702, 0x244, 0x244, 0x244, 0x244, 0x284, 0x284]),
    ('\u{4EFB}', [0x100, 0x13C, 0x2D0, 0x210, 0x610, 0xE10, 0x2FE, 0x210, 0x210, 0x210, 0x210, 0x2FE]),
    ('\u{4EFD}', [0x100, 0x028, 0x244, 0x244, 0x682, 0x6FC, 0x224, 0x224, 0x224, 0x244, 0x2C4, 0x298]),
    ('\u{4EFF}', [0x110, 0x010, 0x2FE, 0x620, 0x620, 0x23E, 0x222, 0x202, 0x240, 0x244, 0x284, 0x21C]),
    ('\u{4F0D}', [0x100, 0x1FE, 0x200, 0x220, 0x620, 0xAFC, 0x224, 0x224, 0x224, 0x244, 0x2FE, 0x200]),
    ('\u{4F0F}', [0x110, 0x114, 0x212, 0x210, 0x6FE, 0xA10, 0x210, 0x228, 0x228, 0x244, 0x2C6, 0x282]),
    ('\u{4F10}', [0x128, 0x124, 0x220, 0x23E, 0x6F0, 0x616, 0x214, 0x218, 0x218, 0x238, 0x2CA, 0x206]),
    ('\u{4F11}', [0x110, 0x110, 0x210, 0x2FE, 0x638, 0xA38, 0x254, 0x254, 0x292, 0x393, 0x210, 0x210]),
    ('\u{4F18}', [0x120, 0x124, 0x220, 0x2FE, 0x620, 0x620, 0x228, 0x228, 0x248, 0x248, 0x28A, 0x20E]),
    ('\u{4F1A}', [0x020, 0x060, 0x090, 0x30C, 0x7FE, 0x000, 0x000, 0x7FE, 0x080, 0x108, 0x37C, 0x302]),
    ('\u{4F20}', [0x000, 0x110, 0x2FE, 0x220, 0x620, 0x6FE, 0xA40, 0x27C, 0x204, 0x208, 0x230, 0x218]),
    ('\u{4F24}', [0x100, 0x140, 0x27E, 0x680, 0x610, 0x2FE, 0x222, 0x222, 0x222, 0x242, 0x242, 0x28C]),
    ('\u{4F2A}', [0x100, 0x180, 0x240, 0x6FE, 0x622, 0x222, 0x232, 0x22A, 0x242, 0x242, 0x282, 0x30C]),
    ('\u{4F2F}', [0x000, 0x110, 0x110, 0x2FC, 0x282, 0x682, 0x682, 0x2FE, 0x282, 0x282, 0x282, 0x2FE]),
    ('\u{4F30}', [0x110, 0x110, 0x210, 0x2FE, 0x610, 0x210, 0x27E, 0x202, 0x202, 0x202, 0x27E, 0x202]),
    ('\u{4F38}', [0x110, 0x110, 0x2FE, 0x292, 0x692, 0xAFE, 0x292, 0x2FE, 0x290, 0x210, 0x210, 0x210]),
    ('\u{4F3C}', [0x000, 0x2A4, 0x2A4, 0x694, 0xE94, 0x284, 0x284, 0x2AC, 0x2CA, 0x292, 0x200, 0x000]),
    ('\u{4F46}', [0x100, 0x17E, 0x242, 0x642, 0x67E, 0x242, 0x242, 0x242, 0x27C, 0x200, 0x2FE, 0x200]),
    ('\u{4F4D}', [0x000, 0x110, 0x110, 0x2FE, 0x200, 0x644, 0x244, 0x224, 0x224, 0x228, 0x208, 0x2FE]),
    ('\u{4F4E}', [0x106, 0x178, 0x208, 0x208, 0x608, 0xA7E, 0x208, 0x208, 0x208, 0x214, 0x294, 0x2C2]),
    ('\u{4F4F}', [0x110, 0x110, 0x200, 0x2FE, 0x610, 0x210, 0x27E, 0x210, 0x210, 0x210, 0x210, 0x2FE]),
    ('\u{4F53}', [0x110, 0x210, 0x210, 0x2FE, 0x638, 0x638, 0x254, 0x254, 0x292, 0x37E, 0x210, 0x210]),
    ('\u{4F55}', [0x100, 0x1FE, 0x202, 0x602, 0x6F2, 0x292, 0x292, 0x292, 0x2F2, 0x202, 0x202, 0x20C]),
    ('\u{4F59}', [0x000, 0x020, 0x070, 0x198, 0x20C, 0x5FA, 0x020, 0x020, 0x7FE, 0x020, 0x32C, 0x626]),
    ('\u{4F5C}', [0x120, 0x120, 0x27E, 0x250, 0x690, 0x21E, 0x210, 0x210, 0x21E, 0x210, 0x210, 0x210]),
    ('\u{4F60}', [0x140, 0x240, 0x27E, 0x692, 0x692, 0x214, 0x254, 0x252, 0x292, 0x292, 0x210, 0x230]),
    ('\u{4F69}', [0x000, 0x2FC, 0x280, 0x6F8, 0x690, 0xEF8, 0x2C8, 0x248, 0x248, 0x35A, 0x302, 0x302]),
    ('\u{4F7F}', [0x000, 0x110, 0x1FE, 0x210, 0x210, 0x6FE, 0xA92, 0x2FE, 0x210, 0x250, 0x220, 0x278]),
    ('\u{4F8B}', [0x002, 0x2F2, 0x24A, 0x68A, 0x6EA, 0x6AA, 0x32A, 0x26A, 0x24A, 0x242, 0x282, 0x206]),
    ('\u{4F9B}', [0x104, 0x104, 0x204, 0x2FE, 0x604, 0xA04, 0x204, 0x2FE, 0x200, 0x244, 0x2C2, 0x282]),
    ('\u{4F9D}', [0x000, 0x110, 0x210, 0x2FE, 0x630, 0x670, 0x252, 0x3CC, 0x348, 0x244, 0x244, 0x272]),
    ('\u{4FA7}', [0x202, 0x2F2, 0x212, 0x452, 0x452, 0xC52, 0x052, 0x052, 0x052, 0x042, 0x0A2, 0x116]),
    ('\u{4FB5}', [0x000, 0x17C, 0x100, 0x27C, 0x200, 0x67C, 0xAFE, 0x200, 0x27C, 0x224, 0x238, 0x238]),
    ('\u{4FBF}', [0x100, 0x1FE, 0x210, 0x2FE, 0x692, 0x6FE, 0x292, 0x2FE, 0x290, 0x260, 0x278, 0x286]),
    ('\u{4FC3}', [0x000, 0x27E, 0x202, 0x602, 0x67E, 0xA10, 0x210, 0x25E, 0x2D0, 0x2D0, 0x2B0, 0x31E]),
    ('\u{4FDD}', [0x100, 0x17E, 0x202, 0x202, 0x67E, 0x210, 0x2FE, 0x238, 0x234, 0x256, 0x292, 0x210]),
    ('\u{4FE1}', [0x100, 0x210, 0x2FE, 0x200, 0x67C, 0x200, 0x27C, 0x200, 0x2FE, 0x282, 0x282, 0x2FE]),
    ('\u{4FEE}', [0x000, 0x020, 0x23E, 0x262, 0x6D4, 0x61C, 0xAE2, 0x218, 0x224, 0x218, 0x222, 0x218]),
    ('\u{4FEF}', [0x000, 0x010, 0x2FE, 0x280, 0x6A0, 0x6BE, 0x2E0, 0x2F0, 0x228, 0x228, 0x320, 0x320]),
    ('\u{500D}', [0x000, 0x110, 0x2FE, 0x244, 0x644, 0x600, 0x2FE, 0x200, 0x27C, 0x240, 0x240, 0x27C]),
    ('\u{5012}', [0x002, 0x2FA, 0x28A, 0x6AA, 0x7FA, 0xE0A, 0x24A, 0x3FA, 0x242, 0x252, 0x3C2, 0x206]),
    ('\u{5019}', [0x000, 0x23C, 0x204, 0x67E, 0x620, 0x63E, 0x248, 0x208, 0x27E, 0x218, 0x224, 0x242]),
    ('\u{501F}', [0x100, 0x100, 0x2FE, 0x600, 0x6FE, 0xA00, 0x27C, 0x242, 0x27E, 0x242, 0x242, 0x27E]),
    ('\u{503C}', [0x000, 0x110, 0x2FE, 0x210, 0x67C, 0x600, 0x27C, 0x200, 0x27C, 0x200, 0x27C, 0x200]),
    ('\u{503E}', [0x000, 0x23E, 0x208, 0x61E, 0x6E2, 0xA0A, 0x20A, 0x20A, 0x2CA, 0x208, 0x216, 0x222]),
    ('\u{5047}', [0x000, 0x2EE, 0x2A2, 0x2A2, 0x6EE, 0x680, 0x2FE, 0x282, 0x2EC, 0x28C, 0x28C, 0x2B2]),
    ('\u{504F}', [0x000, 0x110, 0x1FE, 0x282, 0x282, 0x6FE, 0x6FE, 0x2D2, 0x2D2, 0x2FE, 0x2D2, 0x252]),
    ('\u{505A}', [0x000, 0x048, 0x248, 0x3EE, 0x642, 0x65A, 0xA5A, 0x2E8, 0x22C, 0x224, 0x22C, 0x2EA]),
    ('\u{505C}', [0x000, 0x110, 0x1FE, 0x200, 0x27C, 0x67C, 0x600, 0x2FE, 0x200, 0x27C, 0x210, 0x210]),
    ('\u{5076}', [0x100, 0x0FE, 0x292, 0x6FE, 0x692, 0x27E, 0x2FE, 0x292, 0x296, 0x2FE, 0x282, 0x286]),
    ('\u{5077}', [0x000, 0x010, 0x228, 0x2C4, 0x7FA, 0x600, 0x6EA, 0x2AA, 0x2EA, 0x2EA, 0x2A2, 0x2A2]),
    ('\u{507F}', [0x000, 0x010, 0x254, 0x2FE, 0x682, 0x682, 0xE7C, 0x200, 0x2FE, 0x220, 0x244, 0x2FE]),
    ('\u{50A8}', [0x000, 0x200, 0x2BE, 0x204, 0x40C, 0x5BE, 0xC90, 0x0BE, 0x0B2, 0x09E, 0x0D2, 0x09E]),
    ('\u{50CF}', [0x100, 0x178, 0x280, 0x3FE, 0x692, 0x67E, 0x260, 0x2BC, 0x254, 0x232, 0x2C2, 0x230]),
    ('\u{50F5}', [0x1FE, 0x200, 0x2D6, 0x6FE, 0x6FE, 0x600, 0x200, 0x2FE, 0x2FE, 0x2FE, 0x200, 0x3FE]),
    ('\u{513F}', [0x000, 0x100, 0x100, 0x100, 0x100, 0x100, 0x100, 0x100, 0x100, 0x200, 0x608, 0x40E]),
    ('\u{5140}', [0x7FE, 0x110, 0x110, 0x110, 0x110, 0x110, 0x110, 0x110, 0x210, 0x610, 0x40E, 0x000]),
    ('\u{5141}', [0x000, 0x040, 0x080, 0x090, 0x108, 0x20C, 0x3F6, 0x090, 0x090, 0x090, 0x111, 0x310]),
    ('\u{5143}', [0x3FC, 0x000, 0x000, 0x000, 0x7FE, 0x090, 0x090, 0x110, 0x110, 0x212, 0x41E, 0x000]),
    ('\u{5144}', [0x3FC, 0x204, 0x204, 0x204, 0x3FC, 0x090, 0x090, 0x110, 0x110, 0x212, 0x41E, 0x000]),
    ('\u{5145}', [0x000, 0x040, 0x020, 0x7FE, 0x080, 0x108, 0x30C, 0x3FE, 0x090, 0x090, 0x110, 0x312]),
    ('\u{5148}', [0x000, 0x100, 0x3FC, 0x200, 0x400, 0x000, 0x7FE, 0x090, 0x010, 0x110, 0x212, 0x41E]),
    ('\u{5149}', [0x000, 0x204, 0x204, 0x108, 0x000, 0x7FE, 0x090, 0x090, 0x110, 0x110, 0x210, 0x41E]),
    ('\u{514B}', [0x000, 0x7FE, 0x000, 0x000, 0x3FC, 0x204, 0x204, 0x3FC, 0x090, 0x190, 0x312, 0x41E]),
    ('\u{514D}', [0x000, 0x080, 0x1F0, 0x220, 0x7FC, 0x202, 0x242, 0x3FE, 0x040, 0x080, 0x080, 0x312]),
    ('\u{515C}', [0x000, 0x040, 0x2FE, 0x492, 0x492, 0x4F2, 0x492, 0x7FE, 0x080, 0x090, 0x110, 0x312]),
    ('\u{5165}', [0x080, 0x0C0, 0x040, 0x060, 0x060, 0x050, 0x088, 0x188, 0x304, 0x602, 0x000, 0x000]),
    ('\u{5168}', [0x000, 0x060, 0x060, 0x090, 0x108, 0x606, 0x7FE, 0x000, 0x000, 0x1FC, 0x000, 0x000]),
    ('\u{516B}', [0x010, 0x010, 0x110, 0x100, 0x108, 0x108, 0x208, 0x204, 0x406, 0x402, 0x000, 0x000]),
    ('\u{516C}', [0x090, 0x108, 0x10C, 0x204, 0x442, 0x0C0, 0x080, 0x108, 0x30C, 0x3E6, 0x000, 0x000]),
    ('\u{516D}', [0x040, 0x060, 0x020, 0x7FE, 0x000, 0x000, 0x108, 0x108, 0x204, 0x204, 0x402, 0x400]),
    ('\u{5170}', [0x108, 0x108, 0x010, 0x7FE, 0x000, 0x000, 0x000, 0x3FC, 0x000, 0x000, 0x7FE, 0x000]),
    ('\u{5171}', [0x108, 0x108, 0x108, 0x7FE, 0x108, 0x108, 0x108, 0x7FE, 0x000, 0x108, 0x204, 0x402]),
    ('\u{5173}', [0x108, 0x108, 0x010, 0x3FE, 0x020, 0x020, 0x7FE, 0x060, 0x050, 0x098, 0x30C, 0x402]),
    ('\u{5175}', [0x00C, 0x1E0, 0x100, 0x1FE, 0x108, 0x108, 0x108, 0x7FE, 0x000, 0x108, 0x206, 0x402]),
    ('\u{5176}', [0x108, 0x7FE, 0x108, 0x108, 0x1F8, 0x108, 0x1F8, 0x108, 0x7FE, 0x080, 0x30C, 0x402]),
    ('\u{5177}', [0x1FC, 0x1FC, 0x004, 0x1FC, 0x004, 0x1FC, 0x004, 0x7FE, 0x108, 0x304, 0x402, 0x000]),
    ('\u{5178}', [0x090, 0x090, 0x3FC, 0x290, 0x290, 0x3FC, 0x290, 0x290, 0x7FE, 0x090, 0x30C, 0x402]),
    ('\u{517C}', [0x108, 0x108, 0x7FE, 0x090, 0x3FC, 0x094, 0x7FE, 0x094, 0x3FC, 0x198, 0x296, 0x490]),
    ('\u{5185}', [0x000, 0x000, 0x7FE, 0x442, 0x442, 0x462, 0x4D2, 0x48A, 0x50A, 0x402, 0x402, 0x40C]),
    ('\u{518C}', [0x39C, 0x284, 0x284, 0x284, 0x7FE, 0x2A4, 0x0A4, 0x0A4, 0x4A4, 0x4E4, 0x1CC, 0x000]),
    ('\u{518D}', [0x7FE, 0x040, 0x3FC, 0x244, 0x3FC, 0x244, 0x244, 0x7FE, 0x204, 0x204, 0x21C, 0x000]),
    ('\u{5192}', [0x7FE, 0x5FA, 0x402, 0x5FA, 0x1F8, 0x204, 0x3FC, 0x204, 0x3FC, 0x204, 0x3FC, 0x000]),
    ('\u{5197}', [0x7FE, 0x402, 0x402, 0x1F0, 0x108, 0x108, 0x108, 0x108, 0x108, 0x208, 0x40E, 0x000]),
    ('\u{5199}', [0x7FE, 0x402, 0x1F8, 0x100, 0x100, 0x1FC, 0x004, 0x7F4, 0x000, 0x008, 0x038, 0x000]),
    ('\u{519B}', [0x7FE, 0x402, 0x482, 0x3FC, 0x100, 0x120, 0x3FC, 0x020, 0x020, 0x7FE, 0x020, 0x020]),
    ('\u{51A0}', [0x7FE, 0x002, 0x3C4, 0x03E, 0x004, 0x7D4, 0x294, 0x284, 0x28C, 0x482, 0x07E, 0x000]),
    ('\u{51B2}', [0x000, 0x010, 0x410, 0x2FE, 0x092, 0x092, 0x092, 0x092, 0x2FE, 0x290, 0x410, 0x010]),
    ('\u{51B3}', [0x010, 0x410, 0x2FC, 0x014, 0x014, 0x014, 0x0FE, 0x230, 0x228, 0x448, 0x4C6, 0x102]),
    ('\u{51B5}', [0x4FE, 0x282, 0x082, 0x082, 0x0FE, 0x228, 0x228, 0x448, 0x448, 0x088, 0x106, 0x000]),
    ('\u{51B7}', [0x010, 0x430, 0x668, 0x2C4, 0x192, 0x010, 0x0FC, 0x204, 0x408, 0x470, 0x410, 0x008]),
    ('\u{51BB}', [0x000, 0x020, 0x420, 0x4FE, 0x240, 0x050, 0x090, 0x0FE, 0x210, 0x254, 0x492, 0x592]),
    ('\u{51C0}', [0x040, 0x478, 0x288, 0x1FC, 0x012, 0x012, 0x1FE, 0x212, 0x2FE, 0x410, 0x410, 0x060]),
    ('\u{51C6}', [0x040, 0x448, 0x2FE, 0x288, 0x188, 0x0FE, 0x088, 0x2FE, 0x288, 0x488, 0x4FE, 0x080]),
    ('\u{51CF}', [0x00C, 0x40A, 0x4FE, 0x208, 0x07A, 0x00A, 0x17E, 0x354, 0x554, 0x57C, 0x514, 0x002]),
    ('\u{51D1}', [0x010, 0x4FE, 0x420, 0x2FC, 0x020, 0x1FE, 0x0FC, 0x312, 0x4FC, 0x420, 0x44C, 0x082]),
    ('\u{51DD}', [0x000, 0x11E, 0x5C2, 0x30C, 0x0E4, 0x01E, 0x1E4, 0x314, 0x1F6, 0x4D4, 0x4DC, 0x1AC]),
    ('\u{51E0}', [0x1F8, 0x108, 0x108, 0x108, 0x108, 0x108, 0x108, 0x108, 0x209, 0x608, 0x40E, 0x000]),
    ('\u{51E1}', [0x1F8, 0x108, 0x108, 0x188, 0x148, 0x128, 0x028, 0x208, 0x209, 0x408, 0x40E, 0x000]),
    ('\u{51ED}', [0x000, 0x10C, 0x2D0, 0x210, 0x6FE, 0x210, 0x2FE, 0x000, 0x1F8, 0x108, 0x108, 0x209]),
    ('\u{51F6}', [0x000, 0x008, 0x110, 0x492, 0x462, 0x462, 0x452, 0x49A, 0x50A, 0x402, 0x7FE, 0x002]),
    ('\u{51F8}', [0x0F0, 0x000, 0x000, 0x000, 0x70E, 0x402, 0x402, 0x402, 0x402, 0x7FE, 0x402, 0x000]),
    ('\u{51F9}', [0x79E, 0x492, 0x492, 0x492, 0x492, 0x4F2, 0x402, 0x402, 0x402, 0x7FE, 0x402, 0x000]),
    ('\u{51FA}', [0x000, 0x244, 0x244, 0x244, 0x244, 0x3FC, 0x040, 0x442, 0x442, 0x442, 0x7FE, 0x002]),
    ('\u{51FB}', [0x000, 0x000, 0x3FC, 0x000, 0x000, 0x7FE, 0x000, 0x204, 0x204, 0x204, 0x3FC, 0x004]),
    ('\u{51FD}', [0x000, 0x3F8, 0x010, 0x422, 0x50A, 0x4B2, 0x472, 0x58A, 0x402, 0x4C2, 0x402, 0x7FE]),
    ('\u{5206}', [0x000, 0x108, 0x108, 0x204, 0x602, 0x7FC, 0x084, 0x084, 0x084, 0x100, 0x308, 0x438]),
    ('\u{5207}', [0x000, 0x27E, 0x212, 0x392, 0xE12, 0x212, 0x202, 0x222, 0x3A2, 0x262, 0x042, 0x08C]),
    ('\u{5212}', [0x202, 0x2C2, 0x20A, 0x3EA, 0x70A, 0x14A, 0x14A, 0x18A, 0x102, 0x3A2, 0x4A2, 0x04E]),
    ('\u{5217}', [0x002, 0x7E2, 0x20A, 0x20A, 0x3CA, 0x44A, 0x44A, 0x1CA, 0x08A, 0x102, 0x302, 0x406]),
    ('\u{5219}', [0x002, 0x7C2, 0x40A, 0x50A, 0x50A, 0x50A, 0x50A, 0x50A, 0x50A, 0x182, 0x242, 0x40E]),
    ('\u{521A}', [0x000, 0x7E2, 0x42A, 0x62A, 0x5AA, 0x5AA, 0x4AA, 0x5AA, 0x52A, 0x622, 0x422, 0x466]),
    ('\u{521B}', [0x002, 0x182, 0x24A, 0x24A, 0x42A, 0x3CA, 0x24A, 0x24A, 0x2C2, 0x222, 0x222, 0x3CE]),
    ('\u{521D}', [0x200, 0x07E, 0x012, 0x792, 0x112, 0x112, 0x3A2, 0x7A2, 0x222, 0x262, 0x242, 0x28C]),
    ('\u{5220}', [0x762, 0x542, 0x542, 0x542, 0x542, 0x7F2, 0x502, 0x502, 0x502, 0x582, 0x582, 0x2A6]),
    ('\u{5224}', [0x102, 0x522, 0x142, 0x142, 0x7C2, 0x102, 0x102, 0x7E2, 0x102, 0x102, 0x202, 0x40E]),
    ('\u{5229}', [0x0C2, 0x702, 0x112, 0x112, 0x7D2, 0x112, 0x392, 0x352, 0x512, 0x902, 0x102, 0x10E]),
    ('\u{522B}', [0x000, 0x7C2, 0x442, 0x442, 0x7C2, 0x102, 0x7C2, 0x042, 0x242, 0x242, 0x442, 0x58E]),
    ('\u{5230}', [0x002, 0x7EA, 0x20A, 0x24A, 0x7EA, 0x00A, 0x00A, 0x7EA, 0x00A, 0x002, 0x7C2, 0x00E]),
    ('\u{5236}', [0x002, 0x50A, 0x7EA, 0x50A, 0x7EA, 0x10A, 0x7EA, 0x52A, 0x522, 0x522, 0x562, 0x106]),
    ('\u{5237}', [0x000, 0x7E2, 0x42A, 0x7EA, 0x48A, 0x7EA, 0x6AA, 0x6AA, 0x6A2, 0x6E2, 0x082, 0x08E]),
    ('\u{5239}', [0x002, 0x6C2, 0x182, 0x242, 0x102, 0x102, 0x7E2, 0x102, 0x342, 0x522, 0x102, 0x306]),
    ('\u{523A}', [0x102, 0x102, 0x7E2, 0x102, 0x7E2, 0x522, 0x542, 0x182, 0x3C2, 0x522, 0x102, 0x10E]),
    ('\u{523B}', [0x102, 0x002, 0x7EA, 0x10A, 0x24A, 0x78A, 0x1AA, 0x24A, 0x4CA, 0x1C2, 0x222, 0x406]),
    ('\u{524A}', [0x102, 0x542, 0x552, 0x112, 0x7D2, 0x452, 0x7D2, 0x452, 0x7C2, 0x442, 0x442, 0x4CE]),
    ('\u{524D}', [0x000, 0x108, 0x108, 0x7FE, 0x000, 0x3D2, 0x452, 0x7D2, 0x452, 0x7D2, 0x442, 0x442]),
    ('\u{5251}', [0x000, 0x102, 0x182, 0x24A, 0x42A, 0xBCA, 0x00A, 0x52A, 0x04A, 0x24A, 0x042, 0x7C2]),
    ('\u{5254}', [0x7E2, 0x42A, 0x7EA, 0x42A, 0x7EA, 0x20A, 0x3EA, 0x52A, 0x2A2, 0x0A2, 0x522, 0x0C6]),
    ('\u{5256}', [0x102, 0x10A, 0x7EA, 0x24A, 0x04A, 0x7EA, 0x00A, 0x7CA, 0x402, 0x402, 0x7C2, 0x00C]),
    ('\u{5269}', [0x062, 0x782, 0x7FA, 0x08A, 0x2CA, 0x6EA, 0x2CA, 0x1AA, 0x1C2, 0x2A2, 0x482, 0x006]),
    ('\u{526A}', [0x000, 0x108, 0x7FE, 0x380, 0x054, 0x3D4, 0x3D4, 0x044, 0x004, 0x7FC, 0x0C4, 0x184]),
    ('\u{526F}', [0x7E2, 0x00A, 0x3CA, 0x42A, 0x42A, 0x3CA, 0x7EA, 0x42A, 0x7EA, 0x422, 0x7E2, 0x42E]),
    ('\u{529B}', [0x040, 0x040, 0x040, 0x7FE, 0x042, 0x042, 0x082, 0x082, 0x180, 0x104, 0x204, 0x41C]),
    ('\u{529E}', [0x000, 0x040, 0x040, 0x7F8, 0x048, 0x288, 0x28A, 0x48A, 0x48A, 0x108, 0x108, 0x210]),
    ('\u{529F}', [0x010, 0x790, 0x210, 0x27E, 0x212, 0x212, 0x212, 0x2A2, 0x722, 0x022, 0x042, 0x08C]),
    ('\u{52A0}', [0x200, 0x200, 0x7DE, 0x252, 0x252, 0x252, 0x252, 0x252, 0x252, 0x452, 0x45E, 0x192]),
    ('\u{52A1}', [0x000, 0x080, 0x1FC, 0x30C, 0x490, 0x0F0, 0x70E, 0x040, 0x3FC, 0x044, 0x084, 0x304]),
    ('\u{52A8}', [0x000, 0x7C8, 0x008, 0x03E, 0x7CA, 0x202, 0x292, 0x212, 0x4D2, 0x752, 0x022, 0x02C]),
    ('\u{52A9}', [0x000, 0x780, 0x480, 0x7FE, 0x492, 0x492, 0x792, 0x492, 0x4D2, 0x7A2, 0x062, 0x04C]),
    ('\u{52AA}', [0x000, 0x100, 0x7FE, 0x252, 0x294, 0x18C, 0x636, 0x040, 0x3FC, 0x040, 0x084, 0x104]),
    ('\u{52B1}', [0x008, 0x7E8, 0x408, 0x7FE, 0x50A, 0x5CA, 0x54A, 0x542, 0x552, 0x552, 0x652, 0x2AC]),
    ('\u{52BF}', [0x010, 0x7FC, 0x014, 0x7B4, 0x03C, 0x642, 0x040, 0x7FC, 0x084, 0x084, 0x304, 0x418]),
    ('\u{52C7}', [0x3FC, 0x018, 0x070, 0x3FC, 0x3FC, 0x204, 0x3FC, 0x000, 0x7FC, 0x0C4, 0x184, 0x618]),
    ('\u{52FF}', [0x100, 0x100, 0x3FE, 0x252, 0x492, 0x492, 0x192, 0x122, 0x222, 0x642, 0x044, 0x09C]),
    ('\u{5300}', [0x100, 0x100, 0x1FE, 0x202, 0x402, 0x482, 0x042, 0x002, 0x060, 0x384, 0x004, 0x03C]),
    ('\u{5305}', [0x100, 0x100, 0x3FC, 0x600, 0x7E4, 0x224, 0x224, 0x3E4, 0x20C, 0x200, 0x202, 0x1FE]),
    ('\u{5315}', [0x000, 0x200, 0x204, 0x218, 0x260, 0x380, 0x200, 0x202, 0x202, 0x202, 0x1FC, 0x000]),
    ('\u{5316}', [0x020, 0x120, 0x122, 0x226, 0x62C, 0x638, 0x230, 0x260, 0x2A0, 0x220, 0x222, 0x21E]),
    ('\u{5317}', [0x090, 0x090, 0x092, 0x796, 0x098, 0x090, 0x090, 0x090, 0x190, 0x691, 0x090, 0x09E]),
    ('\u{5323}', [0x7FE, 0x400, 0x5FC, 0x524, 0x5FC, 0x524, 0x5FC, 0x420, 0x420, 0x400, 0x7FE, 0x000]),
    ('\u{5339}', [0x7FE, 0x490, 0x490, 0x490, 0x490, 0x492, 0x512, 0x50E, 0x400, 0x7FE, 0x000, 0x000]),
    ('\u{533A}', [0x7FE, 0x400, 0x508, 0x498, 0x470, 0x430, 0x450, 0x488, 0x504, 0x400, 0x7FE, 0x000]),
    ('\u{533B}', [0x7FE, 0x480, 0x4FC, 0x520, 0x420, 0x5FE, 0x430, 0x448, 0x4C4, 0x500, 0x7FE, 0x000]),
    ('\u{5341}', [0x000, 0x000, 0x000, 0x000, 0x000, 0x7FE, 0x000, 0x000, 0x000, 0x000, 0x000, 0x000]),
    ('\u{5343}', [0x00C, 0x3F0, 0x040, 0x040, 0x040, 0x7FE, 0x040, 0x040, 0x040, 0x040, 0x040, 0x040]),
    ('\u{5347}', [0x048, 0x188, 0x708, 0x108, 0x108, 0x7FE, 0x108, 0x108, 0x108, 0x208, 0x608, 0x408]),
    ('\u{5348}', [0x100, 0x300, 0x3FC, 0x600, 0x400, 0x000, 0x7FE, 0x000, 0x000, 0x000, 0x000, 0x000]),
    ('\u{534A}', [0x040, 0x244, 0x148, 0x040, 0x7FE, 0x040, 0x040, 0x7FE, 0x040, 0x040, 0x040, 0x000]),
    ('\u{534F}', [0x000, 0x200, 0x200, 0x27C, 0x704, 0x224, 0x2A6, 0x2A6, 0x2A4, 0x244, 0x244, 0x284]),
    ('\u{5355}', [0x108, 0x088, 0x3FC, 0x204, 0x3FC, 0x204, 0x204, 0x3FC, 0x000, 0x7FE, 0x000, 0x000]),
    ('\u{5356}', [0x000, 0x3FC, 0x000, 0x7FE, 0x102, 0x0A4, 0x320, 0x120, 0x7FE, 0x040, 0x19C, 0x602]),
    ('\u{5357}', [0x000, 0x040, 0x7FE, 0x040, 0x040, 0x7FE, 0x492, 0x5FA, 0x402, 0x402, 0x5FA, 0x402]),
    ('\u{535A}', [0x000, 0x214, 0x2FE, 0x210, 0x7FE, 0x27E, 0x252, 0x25A, 0x204, 0x2FE, 0x244, 0x224]),
    ('\u{5360}', [0x000, 0x040, 0x040, 0x07E, 0x040, 0x040, 0x040, 0x3FC, 0x204, 0x204, 0x204, 0x3FC]),
    ('\u{5361}', [0x040, 0x040, 0x07C, 0x040, 0x040, 0x7FE, 0x040, 0x060, 0x05C, 0x042, 0x040, 0x040]),
    ('\u{5367}', [0x000, 0x7C8, 0x488, 0x488, 0x7C8, 0x44C, 0x44A, 0x7C8, 0x488, 0x488, 0x7E8, 0x000]),
    ('\u{536B}', [0x7FC, 0x040, 0x040, 0x040, 0x040, 0x044, 0x05C, 0x040, 0x040, 0x040, 0x7FE, 0x000]),
    ('\u{5370}', [0x080, 0x33E, 0x422, 0x422, 0x422, 0x7A2, 0x422, 0x422, 0x422, 0x72E, 0x020, 0x020]),
    ('\u{5371}', [0x000, 0x1F0, 0x210, 0x7FE, 0x600, 0x2FC, 0x284, 0x280, 0x298, 0x480, 0x482, 0x07E]),
    ('\u{5373}', [0x7DE, 0x452, 0x7D2, 0x452, 0x452, 0x7D2, 0x412, 0x496, 0x7D0, 0x650, 0x010, 0x000]),
    ('\u{5374}', [0x11E, 0x112, 0x7D2, 0x112, 0x112, 0x7D2, 0x112, 0x212, 0x252, 0x7D6, 0x410, 0x010]),
    ('\u{5377}', [0x000, 0x020, 0x148, 0x3FC, 0x040, 0x7FE, 0x108, 0x30C, 0x5FE, 0x110, 0x130, 0x104]),
    ('\u{5378}', [0x000, 0x200, 0x3DE, 0x512, 0x112, 0x7D2, 0x112, 0x512, 0x5D2, 0x512, 0x556, 0x790]),
    ('\u{5382}', [0x3FE, 0x200, 0x200, 0x200, 0x200, 0x200, 0x000, 0x400, 0x400, 0x400, 0x000, 0x000]),
    ('\u{5386}', [0x7FE, 0x400, 0x420, 0x5FE, 0x422, 0x402, 0x442, 0x440, 0x4C4, 0x484, 0x11C, 0x000]),
    ('\u{538B}', [0x7FE, 0x400, 0x420, 0x420, 0x5FE, 0x420, 0x424, 0x424, 0x420, 0x7FE, 0x000, 0x000]),
    ('\u{539A}', [0x3FE, 0x0FC, 0x004, 0x0FC, 0x0FC, 0x400, 0x4FC, 0x410, 0x5FE, 0x420, 0x060, 0x000]),
    ('\u{539F}', [0x3FE, 0x020, 0x0FC, 0x004, 0x0FC, 0x404, 0x4FC, 0x420, 0x4A4, 0x522, 0x060, 0x000]),
    ('\u{53BB}', [0x000, 0x000, 0x3FC, 0x000, 0x000, 0x7FE, 0x080, 0x098, 0x108, 0x20C, 0x3FC, 0x000]),
    ('\u{53C2}', [0x000, 0x040, 0x188, 0x3FC, 0x040, 0x7FE, 0x108, 0x364, 0x592, 0x060, 0x108, 0x070]),
    ('\u{53C8}', [0x000, 0x7FC, 0x204, 0x100, 0x108, 0x088, 0x090, 0x060, 0x060, 0x090, 0x30C, 0x402]),
    ('\u{53C9}', [0x7FC, 0x204, 0x144, 0x128, 0x108, 0x090, 0x060, 0x060, 0x090, 0x30E, 0x402, 0x000]),
    ('\u{53CA}', [0x7F0, 0x110, 0x110, 0x19E, 0x184, 0x144, 0x34C, 0x238, 0x238, 0x46C, 0x082, 0x000]),
    ('\u{53CB}', [0x080, 0x080, 0x7FE, 0x080, 0x000, 0x1FC, 0x188, 0x148, 0x250, 0x230, 0x4D8, 0x106]),
    ('\u{53CC}', [0x000, 0x7BE, 0x0A2, 0x082, 0x494, 0x394, 0x114, 0x108, 0x388, 0x29C, 0x426, 0x042]),
    ('\u{53CD}', [0x00C, 0x3F0, 0x200, 0x200, 0x3FC, 0x284, 0x288, 0x248, 0x230, 0x430, 0x4CC, 0x502]),
    ('\u{53D1}', [0x000, 0x040, 0x244, 0x240, 0x3FE, 0x080, 0x0FC, 0x184, 0x148, 0x230, 0x630, 0x04C]),
    ('\u{53D6}', [0x7FE, 0x492, 0x792, 0x492, 0x494, 0x78C, 0x48C, 0x4C8, 0x79C, 0x0B2, 0x0A0, 0x000]),
    ('\u{53D7}', [0x01C, 0x7C0, 0x244, 0x008, 0x7FE, 0x402, 0x3F8, 0x108, 0x090, 0x060, 0x1F8, 0x606]),
    ('\u{53D8}', [0x000, 0x040, 0x7FE, 0x090, 0x294, 0x692, 0x090, 0x3FC, 0x108, 0x090, 0x060, 0x1F8]),
    ('\u{53E0}', [0x1F8, 0x190, 0x008, 0x39C, 0x294, 0x6B4, 0x7FE, 0x5FA, 0x1F8, 0x108, 0x1F8, 0x7FE]),
    ('\u{53E3}', [0x3FC, 0x000, 0x000, 0x000, 0x000, 0x000, 0x000, 0x000, 0x000, 0x3FC, 0x000, 0x000]),
    ('\u{53E5}', [0x100, 0x100, 0x1FE, 0x202, 0x602, 0x5E2, 0x102, 0x102, 0x1E2, 0x102, 0x004, 0x01C]),
    ('\u{53E6}', [0x3FC, 0x204, 0x204, 0x3FC, 0x040, 0x040, 0x7FE, 0x040, 0x084, 0x304, 0x41C, 0x000]),
    ('\u{53EA}', [0x3FC, 0x204, 0x204, 0x204, 0x204, 0x3FC, 0x000, 0x090, 0x10C, 0x204, 0x402, 0x000]),
    ('\u{53EB}', [0x002, 0x7A2, 0x4A2, 0x4A2, 0x4A2, 0x4A2, 0x4A2, 0x4A2, 0x7BE, 0x402, 0x002, 0x002]),
    ('\u{53EF}', [0x7FE, 0x004, 0x004, 0x3E4, 0x224, 0x224, 0x224, 0x3E4, 0x204, 0x004, 0x01C, 0x000]),
    ('\u{53F0}', [0x000, 0x040, 0x080, 0x108, 0x20C, 0x7FE, 0x000, 0x3FC, 0x204, 0x204, 0x204, 0x3FC]),
    ('\u{53F2}', [0x000, 0x000, 0x3FE, 0x402, 0x402, 0x7FE, 0x040, 0x240, 0x140, 0x0C0, 0x3F0, 0x40E]),
    ('\u{53F3}', [0x000, 0x040, 0x000, 0x7FE, 0x080, 0x100, 0x100, 0x3FC, 0x304, 0x504, 0x104, 0x1FC]),
    ('\u{53F6}', [0x000, 0x710, 0x410, 0x410, 0x4FE, 0x410, 0x410, 0x410, 0x710, 0x410, 0x010, 0x010]),
    ('\u{53F7}', [0x3FC, 0x204, 0x204, 0x3FC, 0x000, 0x7FE, 0x100, 0x100, 0x1FC, 0x004, 0x008, 0x030]),
    ('\u{53F8}', [0x7FE, 0x002, 0x7F2, 0x002, 0x3E2, 0x212, 0x212, 0x212, 0x3E2, 0x202, 0x00C, 0x000]),
    ('\u{5403}', [0x020, 0x720, 0x57E, 0x540, 0x5C0, 0x53C, 0x508, 0x510, 0x720, 0x440, 0x040, 0x07E]),
    ('\u{5404}', [0x000, 0x080, 0x1F8, 0x308, 0x490, 0x060, 0x0F0, 0x70E, 0x1F8, 0x204, 0x204, 0x3FC]),
    ('\u{5408}', [0x000, 0x020, 0x060, 0x090, 0x30C, 0x7FE, 0x000, 0x000, 0x3FC, 0x204, 0x204, 0x3FC]),
    ('\u{540C}', [0x7FE, 0x402, 0x5FA, 0x402, 0x4F2, 0x402, 0x402, 0x4F2, 0x402, 0x402, 0x40E, 0x000]),
    ('\u{540D}', [0x000, 0x0C0, 0x0FC, 0x308, 0x418, 0x0B0, 0x040, 0x3FC, 0x504, 0x104, 0x104, 0x1FC]),
    ('\u{540E}', [0x00C, 0x3F0, 0x200, 0x200, 0x3FE, 0x200, 0x2FC, 0x282, 0x482, 0x482, 0x4FE, 0x080]),
    ('\u{5410}', [0x000, 0x710, 0x510, 0x510, 0x57E, 0x510, 0x510, 0x510, 0x710, 0x010, 0x0FE, 0x000]),
    ('\u{5411}', [0x000, 0x040, 0x040, 0x7FE, 0x402, 0x402, 0x4F2, 0x402, 0x402, 0x4F2, 0x402, 0x402]),
    ('\u{541E}', [0x7FE, 0x040, 0x040, 0x7FE, 0x198, 0x10C, 0x7FE, 0x204, 0x204, 0x3FC, 0x000, 0x000]),
    ('\u{5426}', [0x7FE, 0x060, 0x0D0, 0x30C, 0x402, 0x000, 0x3FC, 0x204, 0x204, 0x3FC, 0x204, 0x000]),
    ('\u{542B}', [0x000, 0x020, 0x060, 0x090, 0x34C, 0x422, 0x3F8, 0x008, 0x010, 0x3FC, 0x204, 0x3FC]),
    ('\u{542C}', [0x004, 0x738, 0x520, 0x520, 0x53E, 0x524, 0x504, 0x544, 0x744, 0x444, 0x044, 0x004]),
    ('\u{542F}', [0x040, 0x020, 0x3FC, 0x200, 0x200, 0x3FC, 0x200, 0x3FE, 0x102, 0x502, 0x5FE, 0x102]),
    ('\u{5438}', [0x7FC, 0x520, 0x508, 0x50E, 0x562, 0x562, 0x554, 0x754, 0x488, 0x09C, 0x122, 0x000]),
    ('\u{5448}', [0x3FC, 0x204, 0x204, 0x204, 0x3FC, 0x000, 0x7FE, 0x040, 0x3FC, 0x040, 0x040, 0x7FE]),
    ('\u{544A}', [0x120, 0x220, 0x3FC, 0x420, 0x020, 0x7FE, 0x000, 0x3FC, 0x204, 0x204, 0x3FC, 0x204]),
    ('\u{5458}', [0x3FC, 0x204, 0x3FC, 0x000, 0x3FC, 0x204, 0x244, 0x244, 0x240, 0x19C, 0x602, 0x000]),
    ('\u{545C}', [0x000, 0x010, 0x73C, 0x540, 0x544, 0x54C, 0x540, 0x57E, 0x502, 0x77E, 0x402, 0x002]),
    ('\u{5468}', [0x3FE, 0x202, 0x2FA, 0x202, 0x3FA, 0x202, 0x0F2, 0x482, 0x4F2, 0x482, 0x00C, 0x000]),
    ('\u{5473}', [0x010, 0x710, 0x57E, 0x510, 0x510, 0x57E, 0x518, 0x538, 0x734, 0x456, 0x092, 0x010]),
    ('\u{547C}', [0x000, 0x778, 0x512, 0x552, 0x554, 0x514, 0x5FE, 0x510, 0x710, 0x410, 0x010, 0x030]),
    ('\u{547D}', [0x000, 0x060, 0x0E0, 0x118, 0x7FE, 0x000, 0x39C, 0x0A2, 0x0A2, 0x0A2, 0x3AC, 0x020]),
    ('\u{548C}', [0x080, 0x73E, 0x122, 0x122, 0x7E2, 0x322, 0x3A2, 0x562, 0x522, 0x13E, 0x122, 0x100]),
    ('\u{54AC}', [0x000, 0x010, 0x700, 0x57E, 0x524, 0x546, 0x542, 0x524, 0x528, 0x718, 0x418, 0x024]),
    ('\u{54C1}', [0x1F8, 0x108, 0x108, 0x1F8, 0x000, 0x79E, 0x482, 0x482, 0x482, 0x79E, 0x402, 0x000]),
    ('\u{54C8}', [0x010, 0x718, 0x524, 0x566, 0x5FE, 0x500, 0x500, 0x57C, 0x744, 0x444, 0x07C, 0x040]),
    ('\u{54CD}', [0x000, 0x010, 0x710, 0x57E, 0x542, 0x55A, 0x542, 0x542, 0x542, 0x75A, 0x442, 0x042]),
    ('\u{54D1}', [0x7FE, 0x528, 0x528, 0x5AA, 0x5AA, 0x56A, 0x56C, 0x72C, 0x028, 0x0FE, 0x000, 0x000]),
    ('\u{54E8}', [0x000, 0x010, 0x752, 0x552, 0x510, 0x57E, 0x542, 0x57E, 0x542, 0x77E, 0x442, 0x042]),
    ('\u{54EA}', [0x000, 0x6EE, 0x44A, 0x44A, 0x5E8, 0x448, 0x44A, 0x5EA, 0x68A, 0x48A, 0x088, 0x168]),
    ('\u{552F}', [0x028, 0x728, 0x57E, 0x548, 0x5C8, 0x57E, 0x548, 0x57E, 0x748, 0x448, 0x07E, 0x040]),
    ('\u{5546}', [0x000, 0x040, 0x7FE, 0x000, 0x090, 0x3FC, 0x492, 0x58A, 0x5F2, 0x492, 0x4F2, 0x402]),
    ('\u{556A}', [0x000, 0x044, 0x640, 0x45E, 0x5F2, 0x452, 0x452, 0x47E, 0x5D2, 0x652, 0x452, 0x05E]),
    ('\u{5582}', [0x07E, 0x752, 0x57E, 0x552, 0x57E, 0x500, 0x5FE, 0x548, 0x74E, 0x444, 0x076, 0x062]),
    ('\u{55B7}', [0x010, 0x67E, 0x510, 0x5FE, 0x504, 0x57C, 0x542, 0x542, 0x752, 0x452, 0x024, 0x0C2]),
    ('\u{55C5}', [0x010, 0x77C, 0x542, 0x57E, 0x57E, 0x542, 0x57C, 0x514, 0x7FE, 0x438, 0x064, 0x082]),
    ('\u{5668}', [0x39C, 0x080, 0x39C, 0x048, 0x7FE, 0x118, 0x20C, 0x79E, 0x480, 0x080, 0x39C, 0x000]),
    ('\u{566A}', [0x03C, 0x704, 0x53C, 0x500, 0x5EE, 0x58A, 0x5EE, 0x510, 0x7FE, 0x438, 0x0D6, 0x010]),
    ('\u{566C}', [0x000, 0x040, 0x77E, 0x58C, 0x5B2, 0x500, 0x5FE, 0x554, 0x754, 0x4BA, 0x018, 0x010]),
    ('\u{56CA}', [0x000, 0x7FE, 0x060, 0x264, 0x060, 0x59A, 0x264, 0x198, 0x3FC, 0x090, 0x7FE, 0x71C]),
    ('\u{56DB}', [0x7FE, 0x492, 0x492, 0x492, 0x492, 0x492, 0x51E, 0x602, 0x402, 0x7FE, 0x402, 0x000]),
    ('\u{56DE}', [0x7FE, 0x402, 0x4F2, 0x412, 0x412, 0x412, 0x4F2, 0x402, 0x402, 0x7FE, 0x402, 0x000]),
    ('\u{56E0}', [0x7FE, 0x402, 0x422, 0x402, 0x5FA, 0x442, 0x462, 0x492, 0x48A, 0x502, 0x7FE, 0x402]),
    ('\u{56E2}', [0x7FE, 0x402, 0x402, 0x5FA, 0x422, 0x462, 0x482, 0x502, 0x462, 0x402, 0x7FE, 0x000]),
    ('\u{56ED}', [0x7FE, 0x402, 0x5FA, 0x402, 0x5FA, 0x482, 0x482, 0x586, 0x71A, 0x402, 0x7FE, 0x000]),
    ('\u{56F4}', [0x7FE, 0x402, 0x442, 0x5FA, 0x442, 0x5FA, 0x442, 0x5FA, 0x44A, 0x45A, 0x7FE, 0x402]),
    ('\u{56FA}', [0x7FE, 0x402, 0x5FA, 0x402, 0x402, 0x4FA, 0x40A, 0x4FA, 0x402, 0x7FE, 0x402, 0x000]),
    ('\u{56FE}', [0x7FE, 0x402, 0x4FA, 0x592, 0x462, 0x70E, 0x422, 0x4C2, 0x412, 0x7FE, 0x402, 0x000]),
    ('\u{5706}', [0x7FE, 0x402, 0x5FA, 0x50A, 0x4F2, 0x5FA, 0x50A, 0x50A, 0x54A, 0x59A, 0x402, 0x7FE]),
    ('\u{5708}', [0x7FE, 0x402, 0x442, 0x5FA, 0x442, 0x5FA, 0x5FA, 0x692, 0x4A2, 0x4F2, 0x402, 0x7FE]),
    ('\u{571F}', [0x000, 0x040, 0x040, 0x040, 0x7FE, 0x040, 0x040, 0x040, 0x040, 0x040, 0x7FE, 0x000]),
    ('\u{5728}', [0x000, 0x080, 0x7FE, 0x100, 0x110, 0x210, 0x67E, 0x610, 0x210, 0x210, 0x210, 0x2FE]),
    ('\u{5730}', [0x200, 0x240, 0x242, 0x75E, 0x27A, 0x2C2, 0x242, 0x242, 0x344, 0x440, 0x042, 0x03E]),
    ('\u{573A}', [0x200, 0x27C, 0x208, 0x720, 0x27E, 0x202, 0x22A, 0x24A, 0x3D2, 0x412, 0x022, 0x04C]),
    ('\u{573E}', [0x200, 0x2FC, 0x220, 0x708, 0x208, 0x26E, 0x262, 0x254, 0x3D4, 0x488, 0x094, 0x122]),
    ('\u{5740}', [0x208, 0x208, 0x208, 0x748, 0x248, 0x24E, 0x248, 0x248, 0x348, 0x448, 0x048, 0x0FE]),
    ('\u{5747}', [0x200, 0x220, 0x23E, 0x242, 0x782, 0x232, 0x212, 0x20A, 0x312, 0x462, 0x002, 0x01C]),
    ('\u{574F}', [0x200, 0x2FE, 0x208, 0x710, 0x23C, 0x256, 0x292, 0x210, 0x310, 0x410, 0x010, 0x010]),
    ('\u{5750}', [0x000, 0x100, 0x208, 0x308, 0x794, 0x4F2, 0x000, 0x3FC, 0x000, 0x000, 0x000, 0x7FE]),
    ('\u{5751}', [0x000, 0x210, 0x210, 0x27E, 0x700, 0x200, 0x23C, 0x224, 0x224, 0x344, 0x444, 0x044]),
    ('\u{5757}', [0x210, 0x210, 0x27C, 0x712, 0x212, 0x212, 0x27E, 0x318, 0x628, 0x024, 0x046, 0x082]),
    ('\u{575B}', [0x200, 0x27E, 0x200, 0x700, 0x200, 0x2FE, 0x230, 0x220, 0x324, 0x646, 0x0FE, 0x002]),
    ('\u{5760}', [0x790, 0x490, 0x518, 0x498, 0x4A8, 0x5A4, 0x4C2, 0x000, 0x3FC, 0x000, 0x000, 0x7FE]),
    ('\u{5761}', [0x200, 0x200, 0x27E, 0x742, 0x242, 0x27E, 0x262, 0x3A4, 0x69C, 0x098, 0x0B4, 0x142]),
    ('\u{5766}', [0x200, 0x27E, 0x242, 0x742, 0x27E, 0x242, 0x242, 0x242, 0x77E, 0x400, 0x000, 0x0FE]),
    ('\u{576A}', [0x000, 0x2FE, 0x210, 0x752, 0x254, 0x210, 0x2FE, 0x310, 0x610, 0x010, 0x010, 0x010]),
    ('\u{5782}', [0x00C, 0x3E0, 0x000, 0x7FE, 0x108, 0x108, 0x7FE, 0x108, 0x7FE, 0x000, 0x000, 0x3FC]),
    ('\u{5783}', [0x000, 0x210, 0x210, 0x27E, 0x700, 0x204, 0x224, 0x224, 0x224, 0x324, 0x408, 0x0FE]),
    ('\u{578B}', [0x7C2, 0x202, 0x202, 0x7E2, 0x202, 0x202, 0x44C, 0x020, 0x3FC, 0x020, 0x020, 0x7FE]),
    ('\u{5792}', [0x080, 0x108, 0x3FC, 0x200, 0x294, 0x4B6, 0x422, 0x000, 0x3FC, 0x000, 0x000, 0x7FE]),
    ('\u{579B}', [0x000, 0x238, 0x220, 0x220, 0x740, 0x246, 0x210, 0x27E, 0x218, 0x334, 0x456, 0x092]),
    ('\u{57AB}', [0x000, 0x010, 0x7FC, 0x014, 0x3A4, 0x634, 0x02D, 0x642, 0x040, 0x3FC, 0x000, 0x000]),
    ('\u{57AE}', [0x210, 0x210, 0x27E, 0x724, 0x27E, 0x280, 0x2FE, 0x220, 0x33C, 0x400, 0x004, 0x01C]),
    ('\u{57CB}', [0x200, 0x27E, 0x252, 0x77E, 0x252, 0x252, 0x27E, 0x210, 0x67E, 0x410, 0x010, 0x0FE]),
    ('\u{57CE}', [0x20C, 0x20A, 0x2FE, 0x788, 0x288, 0x2FA, 0x28A, 0x28C, 0x384, 0x4AD, 0x094, 0x102]),
    ('\u{57DF}', [0x008, 0x20A, 0x2FE, 0x208, 0x7EA, 0x28A, 0x28C, 0x2EC, 0x30C, 0x4EC, 0x014, 0x022]),
    ('\u{57FA}', [0x108, 0x7FE, 0x108, 0x1F8, 0x1F8, 0x108, 0x7FE, 0x108, 0x204, 0x5FA, 0x000, 0x3FC]),
    ('\u{5806}', [0x228, 0x228, 0x27E, 0x7C8, 0x2C8, 0x27E, 0x248, 0x37E, 0x648, 0x048, 0x07E, 0x040]),
    ('\u{5821}', [0x000, 0x17C, 0x284, 0x2FC, 0x610, 0x2FE, 0x258, 0x292, 0x000, 0x3FC, 0x000, 0x000]),
    ('\u{5835}', [0x000, 0x202, 0x27C, 0x204, 0x6FE, 0x230, 0x2FE, 0x2A2, 0x33E, 0x422, 0x022, 0x03E]),
    ('\u{584C}', [0x27C, 0x242, 0x27E, 0x742, 0x27C, 0x2EE, 0x202, 0x24A, 0x326, 0x47E, 0x012, 0x026]),
    ('\u{5851}', [0x000, 0x09E, 0x292, 0x7DE, 0x552, 0x7DE, 0x222, 0x626, 0x000, 0x3FC, 0x000, 0x000]),
    ('\u{5854}', [0x204, 0x2FE, 0x204, 0x710, 0x228, 0x2C6, 0x2B8, 0x200, 0x37C, 0x640, 0x040, 0x07C]),
    ('\u{585E}', [0x000, 0x060, 0x7FE, 0x482, 0x3FC, 0x090, 0x3FC, 0x7FE, 0x108, 0x204, 0x5FA, 0x000]),
    ('\u{586B}', [0x210, 0x27E, 0x210, 0x77C, 0x27C, 0x240, 0x27C, 0x27C, 0x340, 0x6FE, 0x064, 0x082]),
    ('\u{5883}', [0x000, 0x210, 0x27E, 0x224, 0x77E, 0x200, 0x27C, 0x27C, 0x240, 0x37C, 0x628, 0x048]),
    ('\u{5899}', [0x210, 0x2FE, 0x250, 0x714, 0x2FE, 0x200, 0x27E, 0x282, 0x7BA, 0x4AA, 0x082, 0x0FE]),
    ('\u{589E}', [0x204, 0x224, 0x2FE, 0x796, 0x2B2, 0x2FE, 0x200, 0x27C, 0x344, 0x47C, 0x07C, 0x040]),
    ('\u{589F}', [0x210, 0x21C, 0x2FE, 0x782, 0x2B8, 0x292, 0x28C, 0x290, 0x692, 0x0B6, 0x014, 0x17E]),
    ('\u{58A9}', [0x040, 0x2F8, 0x208, 0x6EE, 0x29A, 0x2FA, 0x2E6, 0x204, 0x364, 0x4C4, 0x04A, 0x0D0]),
    ('\u{58C1}', [0x000, 0x788, 0x43E, 0x794, 0x43E, 0x788, 0x47E, 0x448, 0x380, 0x3FC, 0x000, 0x000]),
    ('\u{58EB}', [0x000, 0x040, 0x040, 0x040, 0x7FE, 0x040, 0x040, 0x040, 0x040, 0x040, 0x7FE, 0x000]),
    ('\u{58EE}', [0x110, 0x110, 0x510, 0x510, 0x1FE, 0x110, 0x110, 0x310, 0x510, 0x110, 0x110, 0x17E]),
    ('\u{58F0}', [0x000, 0x7FE, 0x000, 0x3FC, 0x000, 0x3FC, 0x204, 0x204, 0x3FC, 0x400, 0x400, 0x000]),
    ('\u{58F3}', [0x000, 0x7FE, 0x000, 0x3FC, 0x000, 0x7FE, 0x402, 0x0F0, 0x000, 0x100, 0x300, 0x40E]),
    ('\u{5904}', [0x010, 0x210, 0x3D0, 0x258, 0x25C, 0x654, 0x492, 0x190, 0x190, 0x190, 0x260, 0x41E]),
    ('\u{5907}', [0x080, 0x1F8, 0x308, 0x4F0, 0x0F0, 0x70E, 0x3FC, 0x204, 0x3FC, 0x204, 0x204, 0x3FC]),
    ('\u{590D}', [0x100, 0x3FE, 0x600, 0x5FC, 0x1FC, 0x004, 0x1FC, 0x100, 0x3F8, 0x698, 0x0F0, 0x606]),
    ('\u{5916}', [0x010, 0x210, 0x3D0, 0x250, 0x458, 0x654, 0x192, 0x090, 0x110, 0x310, 0x610, 0x410]),
    ('\u{591A}', [0x040, 0x0F8, 0x108, 0x290, 0x060, 0x190, 0x63E, 0x0C4, 0x12C, 0x038, 0x0E0, 0x700]),
    ('\u{591C}', [0x000, 0x040, 0x7FE, 0x100, 0x120, 0x23E, 0x242, 0x6D4, 0x2A4, 0x218, 0x218, 0x26C]),
    ('\u{591F}', [0x208, 0x21E, 0x7E6, 0x45C, 0x748, 0x578, 0x50E, 0x512, 0x762, 0x48C, 0x088, 0x1B0]),
    ('\u{5927}', [0x000, 0x040, 0x040, 0x040, 0x7FE, 0x060, 0x060, 0x090, 0x090, 0x108, 0x206, 0x402]),
    ('\u{5929}', [0x7FE, 0x040, 0x040, 0x040, 0x7FE, 0x060, 0x060, 0x090, 0x108, 0x204, 0x402, 0x000]),
    ('\u{592A}', [0x000, 0x040, 0x040, 0x040, 0x7FE, 0x060, 0x060, 0x050, 0x090, 0x188, 0x14C, 0x626]),
    ('\u{592B}', [0x040, 0x040, 0x3FC, 0x040, 0x040, 0x040, 0x7FE, 0x060, 0x0E0, 0x190, 0x30C, 0x402]),
    ('\u{592E}', [0x000, 0x040, 0x3FC, 0x244, 0x244, 0x244, 0x7FE, 0x060, 0x090, 0x198, 0x30C, 0x402]),
    ('\u{592F}', [0x040, 0x040, 0x7FE, 0x090, 0x108, 0x646, 0x7F8, 0x040, 0x088, 0x088, 0x108, 0x238]),
    ('\u{5931}', [0x000, 0x040, 0x240, 0x3FC, 0x440, 0x440, 0x040, 0x7FE, 0x060, 0x0D0, 0x198, 0x30C]),
    ('\u{5934}', [0x020, 0x1A0, 0x0A0, 0x220, 0x120, 0x020, 0x7FE, 0x040, 0x050, 0x088, 0x306, 0x402]),
    ('\u{5939}', [0x000, 0x020, 0x7FE, 0x240, 0x148, 0x148, 0x7FE, 0x060, 0x090, 0x198, 0x30C, 0x402]),
    ('\u{593A}', [0x000, 0x040, 0x7FE, 0x198, 0x30E, 0x008, 0x7FE, 0x008, 0x108, 0x088, 0x008, 0x030]),
    ('\u{5947}', [0x020, 0x7FE, 0x060, 0x098, 0x704, 0x7FE, 0x004, 0x3C4, 0x224, 0x3E4, 0x204, 0x018]),
    ('\u{5948}', [0x040, 0x040, 0x7FE, 0x190, 0x108, 0x6FE, 0x000, 0x3FC, 0x000, 0x208, 0x604, 0x0C0]),
    ('\u{594E}', [0x000, 0x040, 0x7FE, 0x090, 0x108, 0x7FE, 0x400, 0x3FC, 0x000, 0x3FC, 0x000, 0x000]),
    ('\u{594F}', [0x000, 0x3FC, 0x040, 0x3FC, 0x7FE, 0x180, 0x1F8, 0x606, 0x3FC, 0x050, 0x188, 0x204]),
    ('\u{5951}', [0x100, 0x7BE, 0x112, 0x792, 0x112, 0x7E2, 0x144, 0x040, 0x7FE, 0x0F0, 0x198, 0x606]),
    ('\u{5954}', [0x040, 0x040, 0x7FE, 0x108, 0x304, 0x5FA, 0x000, 0x108, 0x7FE, 0x108, 0x208, 0x408]),
    ('\u{5956}', [0x110, 0x53E, 0x342, 0x114, 0x518, 0x160, 0x040, 0x7FE, 0x060, 0x090, 0x10C, 0x602]),
    ('\u{5957}', [0x040, 0x7FE, 0x188, 0x3FC, 0x702, 0x1F8, 0x100, 0x1F8, 0x7FE, 0x108, 0x33C, 0x204]),
    ('\u{5973}', [0x000, 0x040, 0x0C0, 0x080, 0x7FE, 0x108, 0x108, 0x110, 0x190, 0x060, 0x0F8, 0x38C]),
    ('\u{5976}', [0x200, 0x27C, 0x224, 0x7A0, 0x4A8, 0x42E, 0x522, 0x522, 0x342, 0x342, 0x682, 0x48C]),
    ('\u{597D}', [0x200, 0x23E, 0x204, 0x784, 0x488, 0x488, 0x4FE, 0x508, 0x308, 0x388, 0x688, 0x438]),
    ('\u{5982}', [0x000, 0x000, 0x23E, 0x222, 0x7E2, 0x262, 0x0A2, 0x4A2, 0x6A2, 0x3A2, 0x1A2, 0x23E]),
    ('\u{59C6}', [0x200, 0x23E, 0x202, 0x70A, 0x542, 0x57E, 0x542, 0x54A, 0x242, 0x37E, 0x404, 0x00C]),
    ('\u{59CB}', [0x210, 0x210, 0x224, 0x7A4, 0x466, 0x47A, 0x500, 0x53E, 0x302, 0x382, 0x43E, 0x002]),
    ('\u{59D4}', [0x01C, 0x3E0, 0x000, 0x7FE, 0x1D8, 0x646, 0x040, 0x7FE, 0x118, 0x190, 0x0F8, 0x706]),
    ('\u{59FF}', [0x040, 0x37E, 0x092, 0x010, 0x228, 0x4C6, 0x080, 0x7FE, 0x108, 0x190, 0x0F8, 0x706]),
    ('\u{5A01}', [0x014, 0x012, 0x7FE, 0x400, 0x5E2, 0x48A, 0x5EC, 0x52C, 0x5C8, 0x4E9, 0x51C, 0x026]),
    ('\u{5B50}', [0x000, 0x3FC, 0x008, 0x030, 0x020, 0x000, 0x7FE, 0x000, 0x000, 0x000, 0x000, 0x1C0]),
    ('\u{5B54}', [0x000, 0x7D0, 0x0D0, 0x190, 0x110, 0x110, 0x390, 0x510, 0x110, 0x111, 0x110, 0x30E]),
    ('\u{5B57}', [0x000, 0x040, 0x7FE, 0x402, 0x402, 0x1F8, 0x010, 0x020, 0x7FE, 0x000, 0x000, 0x040]),
    ('\u{5B58}', [0x000, 0x080, 0x7FE, 0x100, 0x17C, 0x208, 0x610, 0x2FE, 0x210, 0x210, 0x210, 0x230]),
    ('\u{5B64}', [0x006, 0x7FC, 0x154, 0x254, 0x254, 0x250, 0x350, 0x652, 0x21A, 0x282, 0x2BE, 0x600]),
    ('\u{5B66}', [0x000, 0x244, 0x124, 0x7FE, 0x402, 0x5F8, 0x018, 0x020, 0x7FE, 0x000, 0x000, 0x040]),
    ('\u{5B81}', [0x000, 0x040, 0x020, 0x7FE, 0x402, 0x000, 0x7FE, 0x000, 0x000, 0x000, 0x000, 0x040]),
    ('\u{5B83}', [0x000, 0x040, 0x020, 0x7FE, 0x402, 0x100, 0x108, 0x170, 0x180, 0x100, 0x102, 0x102]),
    ('\u{5B85}', [0x000, 0x040, 0x7FE, 0x402, 0x43A, 0x3C0, 0x040, 0x04E, 0x7F0, 0x040, 0x042, 0x042]),
    ('\u{5B88}', [0x040, 0x020, 0x7FE, 0x402, 0x010, 0x7FE, 0x010, 0x310, 0x110, 0x090, 0x010, 0x070]),
    ('\u{5B89}', [0x000, 0x040, 0x7FE, 0x402, 0x442, 0x080, 0x7FE, 0x108, 0x110, 0x1F0, 0x070, 0x18C]),
    ('\u{5B8B}', [0x000, 0x040, 0x7FE, 0x402, 0x402, 0x000, 0x7FE, 0x0F0, 0x090, 0x108, 0x204, 0x402]),
    ('\u{5B8C}', [0x000, 0x040, 0x7FE, 0x402, 0x402, 0x1F8, 0x000, 0x7FE, 0x090, 0x090, 0x110, 0x312]),
    ('\u{5B8F}', [0x000, 0x060, 0x7FE, 0x402, 0x442, 0x080, 0x7FE, 0x080, 0x120, 0x248, 0x244, 0x49C]),
    ('\u{5B98}', [0x000, 0x000, 0x7FE, 0x402, 0x1F8, 0x204, 0x204, 0x3F8, 0x200, 0x3FC, 0x204, 0x3FC]),
    ('\u{5B9A}', [0x000, 0x040, 0x7FE, 0x402, 0x402, 0x1F8, 0x000, 0x000, 0x23C, 0x300, 0x300, 0x4E0]),
    ('\u{5B9C}', [0x000, 0x040, 0x7FE, 0x402, 0x402, 0x1F8, 0x108, 0x1F8, 0x108, 0x1F8, 0x108, 0x108]),
    ('\u{5B9E}', [0x000, 0x040, 0x7FE, 0x402, 0x522, 0x0A0, 0x220, 0x320, 0x020, 0x7FE, 0x050, 0x18C]),
    ('\u{5BA2}', [0x000, 0x040, 0x7FE, 0x482, 0x1F8, 0x398, 0x4F0, 0x0F0, 0x30E, 0x5F8, 0x108, 0x108]),
    ('\u{5BA4}', [0x000, 0x040, 0x7FE, 0x402, 0x3FC, 0x080, 0x108, 0x3E4, 0x000, 0x3FC, 0x000, 0x000]),
    ('\u{5BB3}', [0x000, 0x040, 0x7FE, 0x402, 0x1FC, 0x000, 0x3FC, 0x000, 0x7FE, 0x3FC, 0x204, 0x204]),
    ('\u{5BB6}', [0x000, 0x040, 0x7FE, 0x402, 0x5FA, 0x0C0, 0x344, 0x478, 0x1B8, 0x668, 0x1A4, 0x622]),
    ('\u{5BB9}', [0x000, 0x040, 0x7FE, 0x402, 0x118, 0x32C, 0x472, 0x098, 0x10C, 0x7FA, 0x008, 0x008]),
    ('\u{5BBD}', [0x000, 0x040, 0x7FE, 0x402, 0x3FC, 0x090, 0x1F8, 0x204, 0x244, 0x264, 0x060, 0x1A0]),
    ('\u{5BC6}', [0x000, 0x040, 0x7FE, 0x402, 0x050, 0x224, 0x4CA, 0x7F8, 0x400, 0x204, 0x204, 0x3FC]),
    ('\u{5BCC}', [0x000, 0x040, 0x7FE, 0x5FA, 0x402, 0x1F8, 0x000, 0x1F8, 0x3FC, 0x204, 0x3FC, 0x204]),
    ('\u{5BDF}', [0x040, 0x7FE, 0x522, 0x3FC, 0x594, 0x388, 0x3FE, 0x602, 0x3FC, 0x128, 0x226, 0x0C0]),
    ('\u{5BF8}', [0x008, 0x008, 0x008, 0x7FE, 0x008, 0x208, 0x108, 0x108, 0x088, 0x008, 0x008, 0x070]),
    ('\u{5BF9}', [0x004, 0x004, 0x784, 0x084, 0x0BE, 0x484, 0x2A4, 0x114, 0x194, 0x244, 0x604, 0x41C]),
    ('\u{5BFB}', [0x3FC, 0x004, 0x1FC, 0x004, 0x3FC, 0x008, 0x008, 0x7FE, 0x108, 0x088, 0x008, 0x030]),
    ('\u{5BFC}', [0x3FC, 0x204, 0x204, 0x3FC, 0x202, 0x3FC, 0x008, 0x7FE, 0x108, 0x188, 0x088, 0x030]),
    ('\u{5BFF}', [0x040, 0x7FE, 0x040, 0x3FC, 0x080, 0x7FE, 0x108, 0x1FE, 0x208, 0x4C8, 0x048, 0x018]),
    ('\u{5C01}', [0x100, 0x104, 0x7C4, 0x13E, 0x7C4, 0x014, 0x114, 0x7D4, 0x104, 0x104, 0x7C4, 0x00C]),
    ('\u{5C04}', [0x000, 0x104, 0x384, 0x444, 0x7FE, 0x444, 0x7C4, 0x454, 0x7D4, 0x144, 0x244, 0x444]),
    ('\u{5C06}', [0x110, 0x13E, 0x544, 0x72C, 0x318, 0x164, 0x1FE, 0x704, 0x564, 0x124, 0x104, 0x11C]),
    ('\u{5C0F}', [0x000, 0x020, 0x020, 0x020, 0x224, 0x224, 0x622, 0x422, 0x423, 0x020, 0x020, 0x1C0]),
    ('\u{5C11}', [0x040, 0x040, 0x244, 0x244, 0x442, 0x442, 0x044, 0x008, 0x030, 0x0C0, 0x700, 0x000]),
    ('\u{5C14}', [0x000, 0x100, 0x100, 0x3FE, 0x222, 0x424, 0x020, 0x12C, 0x224, 0x622, 0x422, 0x020]),
    ('\u{5C16}', [0x040, 0x148, 0x244, 0x244, 0x442, 0x060, 0x040, 0x7FE, 0x060, 0x090, 0x108, 0x606]),
    ('\u{5C18}', [0x000, 0x000, 0x204, 0x602, 0x402, 0x000, 0x000, 0x3FC, 0x000, 0x000, 0x000, 0x7FE]),
    ('\u{5C1A}', [0x000, 0x204, 0x30C, 0x000, 0x7FE, 0x402, 0x4F2, 0x492, 0x492, 0x4F2, 0x402, 0x40C]),
    ('\u{5C1D}', [0x000, 0x204, 0x108, 0x7FE, 0x402, 0x7FE, 0x000, 0x000, 0x7FE, 0x080, 0x108, 0x37C]),
    ('\u{5C2C}', [0x000, 0x208, 0x218, 0x794, 0x222, 0x204, 0x224, 0x224, 0x024, 0x424, 0x444, 0x482]),
    ('\u{5C31}', [0x108, 0x10A, 0x7C8, 0x3BE, 0x448, 0x448, 0x798, 0x110, 0x550, 0x540, 0x121, 0x206]),
    ('\u{5C34}', [0x200, 0x248, 0x24E, 0x750, 0x344, 0x100, 0x17E, 0x54A, 0x54A, 0x5FE, 0x500, 0x0FE]),
    ('\u{5C38}', [0x3FC, 0x200, 0x200, 0x3FC, 0x200, 0x200, 0x200, 0x200, 0x400, 0x400, 0x000, 0x000]),
    ('\u{5C3A}', [0x3FC, 0x204, 0x204, 0x204, 0x3FC, 0x220, 0x210, 0x210, 0x408, 0x404, 0x002, 0x000]),
    ('\u{5C3C}', [0x3FC, 0x204, 0x3FC, 0x200, 0x280, 0x29C, 0x2E0, 0x280, 0x482, 0x47C, 0x000, 0x000]),
    ('\u{5C3D}', [0x3FC, 0x204, 0x204, 0x3FC, 0x208, 0x288, 0x464, 0x402, 0x100, 0x0E0, 0x018, 0x000]),
    ('\u{5C3E}', [0x3FE, 0x002, 0x3FC, 0x038, 0x1E0, 0x43C, 0x5E0, 0x43E, 0x5E0, 0x422, 0x03E, 0x000]),
    ('\u{5C40}', [0x3FC, 0x204, 0x3FC, 0x200, 0x3FE, 0x202, 0x0F2, 0x492, 0x4F2, 0x482, 0x00C, 0x000]),
    ('\u{5C42}', [0x3FE, 0x002, 0x3FC, 0x000, 0x0FC, 0x400, 0x5FE, 0x440, 0x484, 0x49C, 0x082, 0x000]),
    ('\u{5C45}', [0x3FE, 0x202, 0x3FC, 0x220, 0x3FE, 0x220, 0x020, 0x4FC, 0x404, 0x404, 0x0FC, 0x000]),
    ('\u{5C4B}', [0x3FE, 0x202, 0x3FC, 0x3FE, 0x048, 0x08C, 0x1E0, 0x5FC, 0x420, 0x420, 0x3FE, 0x000]),
    ('\u{5C4F}', [0x3FE, 0x202, 0x3FE, 0x288, 0x1FE, 0x048, 0x448, 0x5FE, 0x488, 0x488, 0x108, 0x000]),
    ('\u{5C51}', [0x3FE, 0x202, 0x3FC, 0x284, 0x200, 0x2FC, 0x0FC, 0x480, 0x4FC, 0x480, 0x08C, 0x000]),
    ('\u{5C55}', [0x3FE, 0x202, 0x3FE, 0x248, 0x3FE, 0x248, 0x3FE, 0x494, 0x498, 0x4AC, 0x082, 0x000]),
    ('\u{5C5E}', [0x3FC, 0x202, 0x3FE, 0x200, 0x2FC, 0x0FC, 0x024, 0x4FC, 0x5FE, 0x522, 0x57A, 0x106]),
    ('\u{5C71}', [0x000, 0x000, 0x000, 0x402, 0x402, 0x402, 0x402, 0x402, 0x402, 0x402, 0x7FE, 0x002]),
    ('\u{5C9B}', [0x000, 0x040, 0x3FC, 0x204, 0x2C8, 0x218, 0x200, 0x3FE, 0x082, 0x492, 0x492, 0x7F2]),
    ('\u{5CA9}', [0x000, 0x000, 0x402, 0x7FE, 0x000, 0x000, 0x7FE, 0x100, 0x3FC, 0x702, 0x102, 0x1FE]),
    ('\u{5CF0}', [0x210, 0x23C, 0x664, 0x6D8, 0x61C, 0x6E2, 0x63E, 0x608, 0x63E, 0x708, 0x47E, 0x008]),
    ('\u{5D29}', [0x000, 0x402, 0x7FE, 0x000, 0x79E, 0x482, 0x79E, 0x482, 0x7BE, 0x4A2, 0x4A2, 0x184]),
    ('\u{5D4C}', [0x000, 0x402, 0x7FE, 0x010, 0x49E, 0x7E2, 0x4AA, 0x788, 0x488, 0x48C, 0x794, 0x4A2]),
    ('\u{5DE1}', [0x000, 0x452, 0x294, 0x0A4, 0x0A8, 0x6A8, 0x294, 0x254, 0x252, 0x24A, 0x500, 0x0FE]),
    ('\u{5DE5}', [0x7FE, 0x040, 0x040, 0x040, 0x040, 0x040, 0x040, 0x040, 0x040, 0x7FE, 0x000, 0x000]),
    ('\u{5DE6}', [0x000, 0x080, 0x080, 0x7FE, 0x080, 0x100, 0x100, 0x1FE, 0x210, 0x210, 0x410, 0x410]),
    ('\u{5DE7}', [0x07E, 0x780, 0x220, 0x220, 0x23E, 0x202, 0x202, 0x382, 0x402, 0x002, 0x01C, 0x000]),
    ('\u{5DE8}', [0x3FE, 0x200, 0x200, 0x3FC, 0x204, 0x204, 0x3FC, 0x200, 0x200, 0x3FE, 0x000, 0x000]),
    ('\u{5DEE}', [0x108, 0x108, 0x7FE, 0x040, 0x3FC, 0x040, 0x7FE, 0x180, 0x1FC, 0x610, 0x1FE, 0x000]),
    ('\u{5DF1}', [0x3FC, 0x004, 0x004, 0x004, 0x3FC, 0x204, 0x200, 0x200, 0x202, 0x202, 0x3FC, 0x000]),
    ('\u{5DF2}', [0x7FC, 0x004, 0x204, 0x204, 0x3FC, 0x204, 0x200, 0x200, 0x202, 0x202, 0x3FC, 0x000]),
    ('\u{5DF4}', [0x3FC, 0x044, 0x044, 0x044, 0x3FC, 0x000, 0x000, 0x000, 0x002, 0x202, 0x3FC, 0x000]),
    ('\u{5E02}', [0x000, 0x040, 0x020, 0x7FE, 0x040, 0x040, 0x3FC, 0x244, 0x244, 0x244, 0x24C, 0x040]),
    ('\u{5E03}', [0x000, 0x080, 0x7FE, 0x100, 0x120, 0x3FE, 0x722, 0x522, 0x122, 0x122, 0x12C, 0x020]),
    ('\u{5E0C}', [0x000, 0x20C, 0x0F0, 0x1D8, 0x2C4, 0x7FE, 0x1A0, 0x120, 0x3FC, 0x524, 0x124, 0x12C]),
    ('\u{5E10}', [0x000, 0x220, 0x224, 0x72C, 0x2B8, 0x2A0, 0x2FE, 0x2A8, 0x2A8, 0x324, 0x224, 0x23A]),
    ('\u{5E18}', [0x000, 0x040, 0x7FE, 0x402, 0x198, 0x206, 0x020, 0x3FC, 0x220, 0x220, 0x220, 0x22C]),
    ('\u{5E26}', [0x000, 0x7FE, 0x000, 0x000, 0x7FE, 0x442, 0x442, 0x3FC, 0x244, 0x244, 0x24C, 0x040]),
    ('\u{5E27}', [0x008, 0x00E, 0x008, 0x7BE, 0x4A2, 0x4AA, 0x4AA, 0x4AA, 0x5AA, 0x010, 0x024, 0x042]),
    ('\u{5E2E}', [0x11E, 0x7D2, 0x114, 0x7D4, 0x7D2, 0x316, 0x610, 0x440, 0x3FC, 0x244, 0x24C, 0x000]),
    ('\u{5E38}', [0x224, 0x128, 0x7FE, 0x402, 0x5FA, 0x108, 0x1F8, 0x020, 0x3FC, 0x224, 0x224, 0x22C]),
    ('\u{5E3D}', [0x000, 0x23E, 0x242, 0x7DE, 0x2C2, 0x2DE, 0x280, 0x2BE, 0x2BE, 0x382, 0x23E, 0x202]),
    ('\u{5E42}', [0x7FE, 0x402, 0x7FE, 0x3FC, 0x204, 0x1F8, 0x7FE, 0x108, 0x7FE, 0x000, 0x000, 0x018]),
    ('\u{5E45}', [0x000, 0x200, 0x27E, 0x7BE, 0x2A2, 0x2A2, 0x2BE, 0x2FE, 0x2CA, 0x3CA, 0x27E, 0x24A]),
    ('\u{5E55}', [0x000, 0x7FE, 0x3FC, 0x204, 0x3FC, 0x3FC, 0x080, 0x7FE, 0x3FE, 0x204, 0x004, 0x008]),
    ('\u{5E72}', [0x7FE, 0x040, 0x040, 0x040, 0x7FE, 0x040, 0x040, 0x040, 0x040, 0x040, 0x040, 0x000]),
    ('\u{5E73}', [0x7FE, 0x000, 0x204, 0x108, 0x000, 0x7FE, 0x000, 0x000, 0x000, 0x000, 0x000, 0x000]),
    ('\u{5E74}', [0x100, 0x100, 0x3FE, 0x620, 0x1FE, 0x020, 0x020, 0x020, 0x7FE, 0x020, 0x020, 0x020]),
    ('\u{5E76}', [0x108, 0x108, 0x008, 0x7FE, 0x108, 0x108, 0x7FE, 0x108, 0x108, 0x308, 0x208, 0x408]),
    ('\u{5E7D}', [0x000, 0x000, 0x502, 0x512, 0x6D6, 0x7BA, 0x50A, 0x496, 0x7FE, 0x442, 0x7FE, 0x002]),
    ('\u{5E7F}', [0x020, 0x020, 0x3FE, 0x200, 0x200, 0x200, 0x200, 0x200, 0x400, 0x400, 0x400, 0x000]),
    ('\u{5E8F}', [0x000, 0x020, 0x3FE, 0x400, 0x4FC, 0x40C, 0x470, 0x5FE, 0x402, 0x404, 0x400, 0x420]),
    ('\u{5E93}', [0x000, 0x020, 0x3FE, 0x400, 0x440, 0x5FE, 0x440, 0x490, 0x4FE, 0x410, 0x5FE, 0x410]),
    ('\u{5E94}', [0x000, 0x020, 0x020, 0x7FE, 0x400, 0x422, 0x524, 0x4A4, 0x490, 0x488, 0x408, 0x5FE]),
    ('\u{5E95}', [0x000, 0x020, 0x3FE, 0x400, 0x4FC, 0x410, 0x410, 0x4FE, 0x400, 0x408, 0x428, 0x4D4]),
    ('\u{5E97}', [0x000, 0x020, 0x7FE, 0x420, 0x43E, 0x420, 0x420, 0x4FC, 0x504, 0x504, 0x5FC, 0x000]),
    ('\u{5E9F}', [0x000, 0x020, 0x7FE, 0x400, 0x4A4, 0x524, 0x5FE, 0x440, 0x47C, 0x4C8, 0x538, 0x73C]),
    ('\u{5EA6}', [0x000, 0x020, 0x3FE, 0x000, 0x008, 0x3FE, 0x408, 0x478, 0x5FC, 0x484, 0x478, 0x478]),
    ('\u{5EA7}', [0x000, 0x020, 0x7FE, 0x400, 0x4A4, 0x4A4, 0x5AC, 0x772, 0x420, 0x5FE, 0x420, 0x420]),
    ('\u{5EB7}', [0x000, 0x020, 0x3FE, 0x420, 0x5FC, 0x424, 0x7FE, 0x5FC, 0x520, 0x4B4, 0x4E8, 0x526]),
    ('\u{5ECA}', [0x000, 0x020, 0x7FE, 0x400, 0x5EE, 0x52A, 0x5E8, 0x52C, 0x5EA, 0x54A, 0x50A, 0x5EE]),
    ('\u{5ED3}', [0x000, 0x020, 0x7FE, 0x480, 0x5EE, 0x4CA, 0x528, 0x4CC, 0x5EA, 0x44A, 0x5EA, 0x40E]),
    ('\u{5EF6}', [0x002, 0x778, 0x208, 0x208, 0x44E, 0x748, 0x148, 0x548, 0x27E, 0x300, 0x780, 0x47E]),
    ('\u{5EFA}', [0x010, 0x77C, 0x010, 0x2FE, 0x210, 0x77C, 0x17E, 0x410, 0x2FE, 0x210, 0x780, 0x47E]),
    ('\u{5F00}', [0x7FE, 0x008, 0x008, 0x008, 0x7FE, 0x108, 0x108, 0x108, 0x208, 0x608, 0x408, 0x000]),
    ('\u{5F02}', [0x3FC, 0x204, 0x3FC, 0x202, 0x3FE, 0x000, 0x108, 0x7FE, 0x108, 0x208, 0x408, 0x000]),
    ('\u{5F03}', [0x000, 0x040, 0x7FE, 0x080, 0x108, 0x3FC, 0x000, 0x108, 0x7FE, 0x108, 0x108, 0x208]),
    ('\u{5F08}', [0x000, 0x040, 0x7FE, 0x090, 0x294, 0x492, 0x130, 0x200, 0x008, 0x7FE, 0x108, 0x308]),
    ('\u{5F0F}', [0x014, 0x012, 0x7FE, 0x010, 0x010, 0x7D0, 0x110, 0x110, 0x108, 0x169, 0x78C, 0x006]),
    ('\u{5F15}', [0x000, 0x7C4, 0x004, 0x004, 0x3C4, 0x404, 0x7C4, 0x004, 0x044, 0x044, 0x044, 0x1C4]),
    ('\u{5F1F}', [0x108, 0x108, 0x7FC, 0x000, 0x000, 0x3FC, 0x200, 0x3FE, 0x0C2, 0x182, 0x60C, 0x000]),
    ('\u{5F20}', [0x722, 0x124, 0x12C, 0x738, 0x420, 0x47E, 0x428, 0x728, 0x124, 0x124, 0x132, 0x620]),
    ('\u{5F26}', [0x000, 0x710, 0x108, 0x17E, 0x110, 0x720, 0x424, 0x778, 0x118, 0x114, 0x122, 0x17E]),
    ('\u{5F27}', [0x002, 0x77C, 0x154, 0x754, 0x450, 0x450, 0x750, 0x152, 0x11A, 0x182, 0x1BE, 0x600]),
    ('\u{5F2F}', [0x000, 0x040, 0x7FE, 0x090, 0x294, 0x492, 0x3FC, 0x004, 0x3FC, 0x200, 0x3FE, 0x004]),
    ('\u{5F31}', [0x7BE, 0x002, 0x002, 0x79E, 0x400, 0x79E, 0x002, 0x31A, 0x186, 0x79A, 0x482, 0x10C]),
    ('\u{5F39}', [0x000, 0x724, 0x100, 0x77E, 0x452, 0x47E, 0x752, 0x17E, 0x110, 0x1FE, 0x110, 0x610]),
    ('\u{5F3A}', [0x77E, 0x042, 0x77E, 0x400, 0x47E, 0x442, 0x142, 0x17E, 0x100, 0x11E, 0x260, 0x000]),
    ('\u{5F52}', [0x000, 0x07E, 0x402, 0x402, 0x402, 0x53E, 0x502, 0x502, 0x102, 0x102, 0x27E, 0x202]),
    ('\u{5F53}', [0x000, 0x244, 0x244, 0x148, 0x040, 0x3FC, 0x004, 0x3FC, 0x004, 0x004, 0x7FC, 0x000]),
    ('\u{5F55}', [0x000, 0x3FC, 0x004, 0x3FC, 0x004, 0x7FE, 0x224, 0x12C, 0x070, 0x1C8, 0x606, 0x0C0]),
    ('\u{5F62}', [0x000, 0x7E4, 0x248, 0x250, 0x242, 0x7E4, 0x258, 0x240, 0x242, 0x444, 0x458, 0x050]),
    ('\u{5F69}', [0x040, 0x784, 0x128, 0x540, 0x042, 0x104, 0x7E8, 0x180, 0x342, 0x504, 0x108, 0x110]),
    ('\u{5F71}', [0x3C0, 0x424, 0x7E8, 0x7E0, 0x102, 0x7E4, 0x3C8, 0x420, 0x3C2, 0x044, 0x428, 0x110]),
    ('\u{5F79}', [0x000, 0x378, 0x240, 0x440, 0x140, 0x286, 0x600, 0x6FC, 0x244, 0x268, 0x238, 0x278]),
    ('\u{5F7B}', [0x200, 0x21E, 0x40A, 0x2EA, 0x2CA, 0x60A, 0xE0A, 0x262, 0x2D2, 0x212, 0x222, 0x244]),
    ('\u{5F7C}', [0x010, 0x210, 0x47E, 0x112, 0x210, 0x67C, 0x6E4, 0x2A4, 0x298, 0x298, 0x2BC, 0x242]),
    ('\u{5F80}', [0x000, 0x010, 0x210, 0x4FE, 0x110, 0x210, 0x610, 0x67E, 0x210, 0x210, 0x210, 0x210]),
    ('\u{5F81}', [0x000, 0x27E, 0x400, 0x100, 0x200, 0x240, 0x64E, 0x240, 0x240, 0x240, 0x240, 0x2FE]),
    ('\u{5F84}', [0x100, 0x27C, 0x404, 0x108, 0x338, 0x2C6, 0x600, 0x27E, 0x210, 0x210, 0x210, 0x2FE]),
    ('\u{5F85}', [0x110, 0x210, 0x47E, 0x110, 0x2FE, 0x604, 0x604, 0x2FE, 0x244, 0x224, 0x204, 0x218]),
    ('\u{5F88}', [0x000, 0x27C, 0x440, 0x17C, 0x240, 0x67C, 0x250, 0x256, 0x248, 0x24C, 0x276, 0x242]),
    ('\u{5F8B}', [0x110, 0x27C, 0x412, 0x1FE, 0x212, 0x67E, 0xE10, 0x27E, 0x210, 0x2FE, 0x210, 0x210]),
    ('\u{5F97}', [0x000, 0x17C, 0x242, 0x47E, 0x142, 0x27C, 0x6FE, 0xA04, 0x2FE, 0x204, 0x264, 0x224]),
    ('\u{5FA1}', [0x000, 0x280, 0x4FE, 0x14A, 0x24A, 0x2FA, 0x64A, 0xE4A, 0x27A, 0x24A, 0x24A, 0x3F8]),
    ('\u{5FAA}', [0x204, 0x2F8, 0x488, 0x2FE, 0x280, 0x6BE, 0x282, 0x2BE, 0x282, 0x2BE, 0x23E, 0x202]),
    ('\u{5FAE}', [0x240, 0x448, 0x048, 0x2EE, 0x60A, 0x6FA, 0xA0A, 0x2E4, 0x2A4, 0x2B4, 0x30A, 0x310]),
    ('\u{5FB7}', [0x000, 0x010, 0x2FE, 0x410, 0x1FE, 0x2AA, 0x6FE, 0x600, 0x2FE, 0x210, 0x282, 0x286]),
    ('\u{5FC3}', [0x000, 0x040, 0x020, 0x010, 0x000, 0x404, 0x402, 0x402, 0x402, 0x408, 0x088, 0x0F8]),
    ('\u{5FC5}', [0x080, 0x044, 0x024, 0x008, 0x090, 0x4B4, 0x4A2, 0x4C2, 0x180, 0x380, 0x488, 0x0F8]),
    ('\u{5FC6}', [0x200, 0x27E, 0x304, 0x608, 0x208, 0xA10, 0x220, 0x260, 0x240, 0x282, 0x282, 0x27E]),
    ('\u{5FCD}', [0x7FC, 0x024, 0x244, 0x244, 0x184, 0x31C, 0x040, 0x124, 0x502, 0x50A, 0x0F8, 0x000]),
    ('\u{5FD7}', [0x000, 0x000, 0x7FE, 0x000, 0x000, 0x3FE, 0x040, 0x060, 0x114, 0x502, 0x50A, 0x0F8]),
    ('\u{5FD8}', [0x000, 0x040, 0x7FE, 0x200, 0x200, 0x200, 0x3FC, 0x000, 0x020, 0x120, 0x502, 0x50A]),
    ('\u{5FE0}', [0x000, 0x000, 0x3FC, 0x000, 0x000, 0x3FC, 0x000, 0x040, 0x324, 0x502, 0x50A, 0x0F8]),
    ('\u{5FEB}', [0x210, 0x210, 0x37C, 0x712, 0x212, 0xA12, 0x2FF, 0x218, 0x228, 0x224, 0x246, 0x282]),
    ('\u{5FF5}', [0x000, 0x060, 0x0E0, 0x118, 0x666, 0x402, 0x3F8, 0x008, 0x050, 0x124, 0x502, 0x50A]),
    ('\u{5FFD}', [0x000, 0x100, 0x1FC, 0x210, 0x494, 0x124, 0x244, 0x09C, 0x040, 0x524, 0x502, 0x50A]),
    ('\u{6000}', [0x200, 0x2FE, 0x310, 0x610, 0x238, 0xA34, 0x252, 0x292, 0x210, 0x210, 0x210, 0x210]),
    ('\u{6001}', [0x000, 0x040, 0x7FE, 0x060, 0x090, 0x1C8, 0x626, 0x040, 0x124, 0x522, 0x50A, 0x0F8]),
    ('\u{600E}', [0x000, 0x100, 0x1FE, 0x240, 0x67C, 0x440, 0x07E, 0x040, 0x040, 0x124, 0x502, 0x50A]),
    ('\u{6025}', [0x000, 0x080, 0x1F0, 0x210, 0x7FC, 0x004, 0x3FC, 0x004, 0x3FC, 0x040, 0x522, 0x50A]),
    ('\u{6027}', [0x200, 0x250, 0x250, 0x77E, 0x290, 0x210, 0x27E, 0x210, 0x210, 0x210, 0x210, 0x2FE]),
    ('\u{6028}', [0x100, 0x3FE, 0x262, 0x422, 0x2AC, 0x120, 0x21E, 0x440, 0x224, 0x402, 0x40A, 0x0F0]),
    ('\u{602A}', [0x200, 0x27E, 0x224, 0x718, 0x218, 0x2C6, 0x210, 0x210, 0x27E, 0x210, 0x210, 0x2FE]),
    ('\u{603B}', [0x108, 0x088, 0x090, 0x3FC, 0x204, 0x204, 0x3FC, 0x040, 0x124, 0x502, 0x50A, 0x0F8]),
    ('\u{603C}', [0x000, 0x784, 0x0BE, 0x484, 0x324, 0x114, 0x284, 0x44C, 0x124, 0x522, 0x50A, 0x0F8]),
    ('\u{6052}', [0x200, 0x27E, 0x200, 0x77E, 0x242, 0xA42, 0x27E, 0x242, 0x27E, 0x200, 0x2FE, 0x200]),
    ('\u{6062}', [0x220, 0x220, 0x3FE, 0x700, 0x648, 0x25A, 0x24A, 0x2A8, 0x288, 0x214, 0x226, 0x242]),
    ('\u{606F}', [0x000, 0x040, 0x1F8, 0x204, 0x3FC, 0x204, 0x3FC, 0x204, 0x3F8, 0x040, 0x522, 0x50A]),
    ('\u{6070}', [0x000, 0x210, 0x218, 0x328, 0x646, 0x6FE, 0x200, 0x200, 0x27C, 0x240, 0x240, 0x27C]),
    ('\u{6076}', [0x7FE, 0x090, 0x294, 0x098, 0x090, 0x7FE, 0x040, 0x124, 0x522, 0x50A, 0x0F8, 0x000]),
    ('\u{6084}', [0x200, 0x242, 0x222, 0x700, 0x67E, 0x242, 0x27E, 0x242, 0x27E, 0x242, 0x242, 0x246]),
    ('\u{60A3}', [0x000, 0x3FC, 0x204, 0x3FC, 0x3FC, 0x402, 0x7FE, 0x040, 0x060, 0x324, 0x50A, 0x0F0]),
    ('\u{60AC}', [0x1F8, 0x004, 0x1FC, 0x1FC, 0x004, 0x7FE, 0x108, 0x3FC, 0x040, 0x224, 0x48A, 0x0F0]),
    ('\u{60C5}', [0x210, 0x2FE, 0x37E, 0x710, 0x6FE, 0xA00, 0x27E, 0x27E, 0x202, 0x27E, 0x202, 0x20C]),
    ('\u{60E9}', [0x000, 0x2FE, 0x510, 0x25E, 0x650, 0x250, 0x2FE, 0x000, 0x060, 0x520, 0x50A, 0x0F8]),
    ('\u{60EF}', [0x000, 0x23C, 0x242, 0x2FE, 0x750, 0x67C, 0x27C, 0x242, 0x252, 0x252, 0x210, 0x26C]),
    ('\u{60F0}', [0x220, 0x2FE, 0x320, 0x75E, 0x2BE, 0xA00, 0x27E, 0x242, 0x27E, 0x27E, 0x242, 0x244]),
    ('\u{60F3}', [0x000, 0x13E, 0x122, 0x7A2, 0x33E, 0x3A2, 0x53E, 0x122, 0x03E, 0x040, 0x522, 0x50A]),
    ('\u{610F}', [0x000, 0x000, 0x3FC, 0x108, 0x7FE, 0x1F8, 0x204, 0x3FC, 0x3FC, 0x040, 0x224, 0x40A]),
    ('\u{611F}', [0x000, 0x014, 0x3FE, 0x010, 0x5D4, 0x5CC, 0x508, 0x5D8, 0x406, 0x040, 0x526, 0x50A]),
    ('\u{6162}', [0x27C, 0x242, 0x246, 0x37C, 0x2FE, 0xAAA, 0x2FE, 0x200, 0x2FE, 0x224, 0x238, 0x2C6]),
    ('\u{61D2}', [0x240, 0x2EE, 0x642, 0x7FE, 0x640, 0x244, 0x2E4, 0x244, 0x2E4, 0x344, 0x34A, 0x050]),
    ('\u{620F}', [0x014, 0x792, 0x090, 0x4FE, 0x490, 0x312, 0x114, 0x31C, 0x288, 0x498, 0x02E, 0x006]),
    ('\u{6210}', [0x008, 0x004, 0x3FE, 0x010, 0x010, 0x3D4, 0x414, 0x418, 0x418, 0x598, 0x42A, 0x046]),
    ('\u{6211}', [0x050, 0x794, 0x112, 0x110, 0x7FE, 0x110, 0x114, 0x3DC, 0x508, 0x118, 0x168, 0x706]),
    ('\u{6212}', [0x010, 0x016, 0x7FE, 0x010, 0x290, 0x294, 0x7F4, 0x29C, 0x288, 0x298, 0x4B8, 0x026]),
    ('\u{6216}', [0x014, 0x012, 0x7FE, 0x010, 0x3D2, 0x454, 0x454, 0x7D8, 0x018, 0x1D8, 0x62A, 0x046]),
    ('\u{6218}', [0x100, 0x10A, 0x1C8, 0x10E, 0x138, 0x10A, 0x7CA, 0x44C, 0x44C, 0x44C, 0x7D4, 0x442]),
    ('\u{622A}', [0x110, 0x7D6, 0x110, 0x7FE, 0x290, 0x3D2, 0x484, 0x7CC, 0x3C8, 0x088, 0x3FC, 0x026]),
    ('\u{6233}', [0x6E8, 0x12A, 0x528, 0x7EE, 0x03C, 0x28A, 0x7EA, 0x7CC, 0x484, 0x7CC, 0x7F4, 0x002]),
    ('\u{6237}', [0x000, 0x040, 0x020, 0x3FC, 0x204, 0x204, 0x204, 0x3FC, 0x204, 0x200, 0x400, 0x400]),
    ('\u{623F}', [0x000, 0x000, 0x3FC, 0x202, 0x3FE, 0x220, 0x020, 0x5FE, 0x440, 0x47C, 0x484, 0x584]),
    ('\u{6240}', [0x002, 0x7B8, 0x420, 0x7A0, 0x4BE, 0x4A4, 0x7A4, 0x424, 0x424, 0x424, 0x444, 0x044]),
    ('\u{6241}', [0x020, 0x3FC, 0x202, 0x202, 0x3FC, 0x200, 0x3FE, 0x342, 0x5FE, 0x542, 0x542, 0x104]),
    ('\u{6247}', [0x000, 0x040, 0x3FC, 0x200, 0x3FC, 0x200, 0x3DE, 0x002, 0x48A, 0x442, 0x4CE, 0x412]),
    ('\u{624B}', [0x00C, 0x3E0, 0x000, 0x000, 0x7FE, 0x000, 0x000, 0x7FE, 0x000, 0x000, 0x040, 0x1C0]),
    ('\u{624D}', [0x010, 0x010, 0x010, 0x7FE, 0x030, 0x050, 0x0D0, 0x190, 0x310, 0x610, 0x010, 0x070]),
    ('\u{6251}', [0x110, 0x110, 0x110, 0x790, 0x118, 0x11C, 0x392, 0x710, 0x110, 0x110, 0x110, 0x610]),
    ('\u{6253}', [0x200, 0x27E, 0x208, 0x788, 0x208, 0x208, 0x388, 0x608, 0x208, 0x208, 0x208, 0x638]),
    ('\u{6254}', [0x200, 0x27C, 0x220, 0x728, 0x228, 0x20E, 0x342, 0x642, 0x242, 0x242, 0x282, 0x60C]),
    ('\u{6258}', [0x204, 0x23C, 0x250, 0x710, 0x210, 0x21E, 0x3F8, 0x610, 0x210, 0x210, 0x210, 0x60E]),
    ('\u{6263}', [0x200, 0x27E, 0x242, 0x7C2, 0x242, 0x242, 0x3C2, 0x642, 0x242, 0x27E, 0x242, 0x600]),
    ('\u{6267}', [0x220, 0x220, 0x220, 0x7FC, 0x224, 0x224, 0x364, 0x634, 0x24C, 0x244, 0x284, 0x602]),
    ('\u{6269}', [0x200, 0x208, 0x27E, 0x740, 0x240, 0x240, 0x340, 0x640, 0x240, 0x200, 0x280, 0x680]),
    ('\u{626B}', [0x200, 0x27E, 0x202, 0x782, 0x202, 0x27E, 0x702, 0x202, 0x202, 0x202, 0x27E, 0x602]),
    ('\u{626C}', [0x000, 0x27C, 0x208, 0x710, 0x220, 0x27E, 0x222, 0x32A, 0x64A, 0x292, 0x222, 0x222]),
    ('\u{6270}', [0x210, 0x214, 0x210, 0x7FE, 0x200, 0x238, 0x3A8, 0x628, 0x228, 0x248, 0x248, 0x68E]),
    ('\u{6273}', [0x202, 0x278, 0x740, 0x240, 0x27E, 0x262, 0x344, 0x614, 0x298, 0x298, 0x2B4, 0x642]),
    ('\u{6276}', [0x000, 0x200, 0x200, 0x27E, 0x710, 0x210, 0x210, 0x3FE, 0x618, 0x218, 0x224, 0x246]),
    ('\u{6279}', [0x000, 0x248, 0x248, 0x748, 0x24A, 0x26C, 0x248, 0x348, 0x648, 0x248, 0x248, 0x268]),
    ('\u{627E}', [0x220, 0x224, 0x224, 0x7B6, 0x270, 0x210, 0x394, 0x61C, 0x218, 0x238, 0x26C, 0x606]),
    ('\u{627F}', [0x000, 0x1F8, 0x010, 0x72A, 0x1FE, 0x12C, 0x2F4, 0x224, 0x2FA, 0x422, 0x020, 0x0C0]),
    ('\u{6280}', [0x210, 0x210, 0x27E, 0x710, 0x210, 0x27E, 0x344, 0x624, 0x238, 0x218, 0x26C, 0x682]),
    ('\u{6284}', [0x200, 0x200, 0x200, 0x782, 0x242, 0x242, 0x380, 0x602, 0x204, 0x208, 0x230, 0x640]),
    ('\u{628A}', [0x200, 0x27E, 0x252, 0x752, 0x252, 0x252, 0x37E, 0x642, 0x240, 0x240, 0x242, 0x67E]),
    ('\u{6291}', [0x000, 0x220, 0x2CE, 0x292, 0x792, 0x292, 0x292, 0x392, 0x692, 0x2F2, 0x2D6, 0x210]),
    ('\u{6293}', [0x200, 0x27C, 0x254, 0x7D4, 0x254, 0x214, 0x394, 0x610, 0x292, 0x292, 0x292, 0x610]),
    ('\u{6295}', [0x000, 0x238, 0x200, 0x740, 0x244, 0x2C6, 0x200, 0x3FC, 0x644, 0x228, 0x218, 0x27C]),
    ('\u{6296}', [0x204, 0x224, 0x234, 0x784, 0x204, 0x224, 0x384, 0x606, 0x27C, 0x204, 0x204, 0x604]),
    ('\u{6297}', [0x000, 0x210, 0x210, 0x3FE, 0x700, 0x200, 0x23C, 0x324, 0x624, 0x224, 0x244, 0x245]),
    ('\u{6298}', [0x000, 0x20E, 0x260, 0x7C0, 0x240, 0x27E, 0x240, 0x740, 0x240, 0x240, 0x240, 0x2C0]),
    ('\u{629B}', [0x000, 0x040, 0x240, 0x24E, 0x7E2, 0x24A, 0x20A, 0x70A, 0x60A, 0x28A, 0x294, 0x280]),
    ('\u{62A0}', [0x200, 0x27E, 0x240, 0x764, 0x254, 0x24C, 0x348, 0x64C, 0x254, 0x262, 0x240, 0x67E]),
    ('\u{62A2}', [0x000, 0x210, 0x218, 0x228, 0x724, 0x242, 0x27C, 0x304, 0x604, 0x218, 0x202, 0x222]),
    ('\u{62A4}', [0x210, 0x208, 0x27E, 0x742, 0x242, 0x242, 0x37E, 0x642, 0x240, 0x240, 0x280, 0x680]),
    ('\u{62A5}', [0x000, 0x27E, 0x242, 0x242, 0x74C, 0x240, 0x27E, 0x352, 0x654, 0x24C, 0x24C, 0x25C]),
    ('\u{62AC}', [0x210, 0x220, 0x220, 0x744, 0x246, 0x272, 0x300, 0x67E, 0x242, 0x242, 0x27E, 0x640]),
    ('\u{62B1}', [0x000, 0x220, 0x240, 0x77E, 0x2C2, 0x2FA, 0x24A, 0x34A, 0xE7A, 0x244, 0x240, 0x242]),
    ('\u{62B5}', [0x204, 0x23C, 0x248, 0x748, 0x248, 0x27E, 0x348, 0x648, 0x240, 0x254, 0x244, 0x64A]),
    ('\u{62B9}', [0x200, 0x200, 0x27E, 0x700, 0x200, 0x27E, 0x718, 0x23C, 0x224, 0x242, 0x280, 0x600]),
    ('\u{62BD}', [0x200, 0x200, 0x200, 0x7FE, 0x242, 0x242, 0x3FE, 0xE42, 0x242, 0x242, 0x27E, 0x642]),
    ('\u{62C5}', [0x200, 0x27E, 0x242, 0x742, 0x27E, 0x242, 0x742, 0x642, 0x27C, 0x200, 0x2FE, 0x600]),
    ('\u{62C6}', [0x000, 0x20C, 0x260, 0x740, 0x240, 0x27E, 0x248, 0x348, 0x658, 0x24E, 0x24A, 0x288]),
    ('\u{62C9}', [0x000, 0x210, 0x210, 0x27E, 0x700, 0x224, 0x224, 0x324, 0x624, 0x224, 0x208, 0x2FE]),
    ('\u{62CD}', [0x000, 0x210, 0x210, 0x27E, 0x742, 0x242, 0x242, 0x77E, 0x242, 0x242, 0x242, 0x27E]),
    ('\u{62D0}', [0x000, 0x27E, 0x242, 0x742, 0x242, 0x27E, 0x210, 0x77E, 0x212, 0x212, 0x222, 0x262]),
    ('\u{62D2}', [0x200, 0x27E, 0x240, 0x740, 0x27C, 0x240, 0x340, 0x67C, 0x240, 0x240, 0x240, 0x67E]),
    ('\u{62D3}', [0x200, 0x27E, 0x210, 0x720, 0x220, 0x37E, 0x762, 0x2A2, 0x222, 0x222, 0x23E, 0x622]),
    ('\u{62D6}', [0x220, 0x240, 0x27E, 0x780, 0x2C0, 0x25E, 0x372, 0x242, 0x244, 0x240, 0x242, 0x63E]),
    ('\u{62DB}', [0x200, 0x27E, 0x202, 0x722, 0x222, 0x24C, 0x300, 0x67E, 0x242, 0x242, 0x27E, 0x642]),
    ('\u{62DF}', [0x200, 0x240, 0x260, 0x754, 0x254, 0x244, 0x344, 0xE44, 0x27E, 0x24A, 0x212, 0x610]),
    ('\u{62E2}', [0x220, 0x224, 0x220, 0x7FE, 0x228, 0x22A, 0x328, 0xE4C, 0x248, 0x258, 0x2B8, 0x70E]),
    ('\u{62E6}', [0x204, 0x224, 0x228, 0x77E, 0x200, 0x200, 0x200, 0x67C, 0x200, 0x200, 0x2FE, 0x600]),
    ('\u{62E8}', [0x210, 0x256, 0x250, 0x7FE, 0x220, 0x23E, 0x724, 0x274, 0x2D8, 0x298, 0x234, 0x642]),
    ('\u{62E9}', [0x200, 0x27E, 0x224, 0x718, 0x218, 0x266, 0x310, 0x67E, 0x210, 0x2FE, 0x210, 0x610]),
    ('\u{62EC}', [0x000, 0x20E, 0x250, 0x710, 0x210, 0x27E, 0x210, 0x310, 0x67E, 0x242, 0x242, 0x242]),
    ('\u{62F1}', [0x224, 0x224, 0x224, 0x7FE, 0x224, 0x224, 0x324, 0x6FE, 0x200, 0x264, 0x242, 0x682]),
    ('\u{62F7}', [0x000, 0x210, 0x27E, 0x214, 0x714, 0x2FE, 0x210, 0x37E, 0xEE0, 0x23C, 0x200, 0x204]),
    ('\u{62FC}', [0x200, 0x224, 0x224, 0x77E, 0x224, 0x224, 0x6FE, 0x224, 0x224, 0x204, 0x244, 0x684]),
    ('\u{62FD}', [0x210, 0x210, 0x2FE, 0x792, 0x2FE, 0x292, 0x3FE, 0x600, 0x20C, 0x208, 0x239, 0x4C6]),
    ('\u{62FF}', [0x000, 0x060, 0x198, 0x7FE, 0x000, 0x204, 0x1F8, 0x3FC, 0x000, 0x3FC, 0x7FE, 0x000]),
    ('\u{6301}', [0x000, 0x200, 0x200, 0x77E, 0x200, 0x2FE, 0x204, 0x304, 0x67E, 0x204, 0x224, 0x204]),
    ('\u{6302}', [0x200, 0x210, 0x27E, 0x710, 0x210, 0x27E, 0x300, 0x27E, 0x210, 0x210, 0x210, 0x6FE]),
    ('\u{6307}', [0x000, 0x240, 0x27C, 0x740, 0x242, 0x23E, 0x200, 0x37E, 0x242, 0x27E, 0x242, 0x27E]),
    ('\u{6309}', [0x210, 0x210, 0x27E, 0x792, 0x210, 0x2FE, 0x324, 0x644, 0x268, 0x218, 0x234, 0x642]),
    ('\u{6311}', [0x228, 0x228, 0x2AA, 0x76A, 0x26C, 0x228, 0x32C, 0xE6A, 0x2A8, 0x248, 0x249, 0x686]),
    ('\u{6321}', [0x200, 0x252, 0x252, 0x754, 0x210, 0x27E, 0x702, 0x27E, 0x202, 0x202, 0x27E, 0x602]),
    ('\u{6324}', [0x000, 0x210, 0x2FE, 0x204, 0x728, 0x218, 0x26E, 0x300, 0x624, 0x224, 0x244, 0x244]),
    ('\u{6325}', [0x200, 0x2FE, 0x282, 0x77C, 0x220, 0x240, 0x77E, 0x200, 0x200, 0x2FE, 0x200, 0x400]),
    ('\u{6328}', [0x200, 0x220, 0x244, 0x7FE, 0x240, 0x27E, 0x390, 0xE10, 0x2FE, 0x238, 0x264, 0x482]),
    ('\u{632A}', [0x000, 0x2EE, 0x24A, 0x64A, 0x2E8, 0x248, 0x34A, 0x6EA, 0x28A, 0x28A, 0x2A8, 0x568]),
    ('\u{632F}', [0x200, 0x27E, 0x240, 0x77E, 0x240, 0x27E, 0x348, 0x646, 0x244, 0x204, 0x2BA, 0x6A0]),
    ('\u{6355}', [0x000, 0x214, 0x212, 0x6FE, 0x210, 0x27E, 0x252, 0x37E, 0x252, 0x27E, 0x252, 0x252]),
    ('\u{635F}', [0x27C, 0x244, 0x244, 0x77C, 0x200, 0x27E, 0x342, 0x652, 0x252, 0x210, 0x264, 0x682]),
    ('\u{6362}', [0x220, 0x23C, 0x244, 0x7FC, 0x252, 0x252, 0x352, 0x6FE, 0x218, 0x228, 0x246, 0x682]),
    ('\u{636E}', [0x200, 0x27E, 0x242, 0x77E, 0x248, 0x27E, 0x748, 0xE08, 0x2BE, 0x2A2, 0x2A2, 0x43E]),
    ('\u{6380}', [0x200, 0x2C8, 0x28E, 0x78A, 0x2FA, 0x2B6, 0x3A4, 0x6A4, 0x2AC, 0x228, 0x332, 0x410]),
    ('\u{6388}', [0x000, 0x27C, 0x210, 0x752, 0x204, 0x2FE, 0x280, 0x77C, 0x204, 0x224, 0x218, 0x238]),
    ('\u{6389}', [0x210, 0x21E, 0x210, 0x77C, 0x202, 0x27E, 0x782, 0x27C, 0x210, 0x2FE, 0x210, 0x410]),
    ('\u{6392}', [0x200, 0x200, 0x266, 0x700, 0x200, 0x266, 0x300, 0x600, 0x266, 0x200, 0x200, 0x600]),
    ('\u{63A0}', [0x000, 0x210, 0x27E, 0x200, 0x77E, 0x242, 0x242, 0x37E, 0x610, 0x254, 0x252, 0x292]),
    ('\u{63A2}', [0x200, 0x2FE, 0x282, 0x72C, 0x246, 0x210, 0x6FE, 0x238, 0x234, 0x256, 0x292, 0x410]),
    ('\u{63A5}', [0x000, 0x210, 0x27E, 0x204, 0x724, 0x2FE, 0x200, 0x320, 0xEFE, 0x244, 0x278, 0x23C]),
    ('\u{63A7}', [0x210, 0x210, 0x2FE, 0x780, 0x224, 0x242, 0x77E, 0x210, 0x210, 0x210, 0x210, 0x4FE]),
    ('\u{63A8}', [0x228, 0x248, 0x27E, 0x7C8, 0x2C8, 0x27E, 0x748, 0x27E, 0x248, 0x248, 0x27E, 0x640]),
    ('\u{63A9}', [0x210, 0x210, 0x2FE, 0x724, 0x256, 0x2FE, 0x37E, 0xE52, 0x27E, 0x210, 0x210, 0x40E]),
    ('\u{63B7}', [0x000, 0x28E, 0x22A, 0x2FA, 0x74A, 0x248, 0x24A, 0x7FA, 0x648, 0x26A, 0x29A, 0x298]),
    ('\u{63C9}', [0x000, 0x27C, 0x204, 0x218, 0x67E, 0x23A, 0x268, 0x310, 0xE10, 0x2FE, 0x23C, 0x256]),
    ('\u{63CF}', [0x224, 0x224, 0x2FE, 0x724, 0x200, 0x27E, 0x352, 0xE52, 0x27E, 0x252, 0x27E, 0x442]),
    ('\u{63D0}', [0x000, 0x27C, 0x242, 0x77E, 0x242, 0x27C, 0x200, 0x3FE, 0x650, 0x25E, 0x250, 0x2B0]),
    ('\u{63D2}', [0x204, 0x278, 0x210, 0x77E, 0x210, 0x276, 0x352, 0x652, 0x276, 0x252, 0x27E, 0x402]),
    ('\u{63E1}', [0x000, 0x27E, 0x282, 0x7FE, 0x280, 0x2FE, 0x294, 0x3BE, 0xEB8, 0x288, 0x2BE, 0x208]),
    ('\u{63F4}', [0x204, 0x270, 0x254, 0x77E, 0x220, 0x2FE, 0x320, 0x67C, 0x264, 0x258, 0x29C, 0x766]),
    ('\u{640F}', [0x214, 0x2FE, 0x210, 0x77E, 0x27E, 0x252, 0x77E, 0x204, 0x2FE, 0x244, 0x224, 0x60C]),
    ('\u{6413}', [0x000, 0x204, 0x228, 0x7FE, 0x210, 0x27E, 0x220, 0x3FE, 0x640, 0x27E, 0x288, 0x308]),
    ('\u{641C}', [0x000, 0x210, 0x256, 0x212, 0x776, 0x212, 0x27E, 0x310, 0x67E, 0x244, 0x228, 0x238]),
    ('\u{642C}', [0x000, 0x04C, 0x048, 0x7E8, 0x0E8, 0x0F2, 0x1E0, 0x6AE, 0xCAA, 0x06C, 0x024, 0x12C]),
    ('\u{643A}', [0x000, 0x250, 0x27E, 0x2C8, 0x7FC, 0x27C, 0x248, 0x77E, 0x2F8, 0x228, 0x24E, 0x242]),
    ('\u{6446}', [0x27E, 0x28A, 0x28A, 0x7FE, 0x200, 0x210, 0x37E, 0xE10, 0x2FE, 0x224, 0x246, 0x462]),
    ('\u{644A}', [0x208, 0x204, 0x2D0, 0x75E, 0x274, 0x2DE, 0x654, 0x654, 0x2DE, 0x294, 0x21E, 0x410]),
    ('\u{6458}', [0x000, 0x210, 0x2FE, 0x224, 0x77E, 0x292, 0x2BA, 0x792, 0x6BA, 0x2A2, 0x2BA, 0x282]),
    ('\u{6467}', [0x200, 0x242, 0x27E, 0x700, 0x248, 0x27E, 0x3C8, 0x6FE, 0x248, 0x27E, 0x27E, 0x440]),
    ('\u{6487}', [0x000, 0x044, 0x0D0, 0x0EE, 0x7FA, 0x05A, 0x05A, 0x3F6, 0x7F4, 0x0D4, 0x054, 0x05A]),
    ('\u{6491}', [0x000, 0x250, 0x2FE, 0x282, 0x77C, 0x244, 0x23C, 0x77C, 0x218, 0x210, 0x2FE, 0x210]),
    ('\u{6495}', [0x2A2, 0x2A8, 0x2F8, 0x6A8, 0x2EE, 0x2AA, 0x2EA, 0x6AA, 0x2FA, 0x2A2, 0x2B2, 0x512]),
    ('\u{649E}', [0x000, 0x210, 0x27E, 0x204, 0x6FE, 0x200, 0x252, 0x37E, 0x67E, 0x210, 0x27E, 0x210]),
    ('\u{64A4}', [0x000, 0x240, 0x2F8, 0x24E, 0x7AA, 0x2FA, 0x2FA, 0x784, 0x6E4, 0x284, 0x2E4, 0x2AA]),
    ('\u{64AD}', [0x204, 0x270, 0x254, 0x6FE, 0x238, 0x354, 0x382, 0x27E, 0x252, 0x27E, 0x252, 0x67E]),
    ('\u{64BC}', [0x208, 0x2FE, 0x288, 0x7BA, 0x2B4, 0x2D4, 0x3FD, 0x602, 0x210, 0x2C2, 0x344, 0x438]),
    ('\u{64CD}', [0x000, 0x23C, 0x204, 0x73C, 0x200, 0x2EE, 0x28A, 0x3EE, 0x610, 0x2FE, 0x238, 0x2D6]),
    ('\u{64CE}', [0x000, 0x7D0, 0x21E, 0x7F4, 0x74C, 0x75C, 0x0A2, 0x3F8, 0x000, 0x3FC, 0x7FE, 0x000]),
    ('\u{652F}', [0x000, 0x000, 0x7FE, 0x000, 0x000, 0x3FC, 0x108, 0x188, 0x0D0, 0x060, 0x198, 0x606]),
    ('\u{6536}', [0x090, 0x090, 0x4A0, 0x4BE, 0x4A4, 0x4F4, 0x494, 0x49C, 0x788, 0x49C, 0x0B6, 0x0C2]),
    ('\u{6539}', [0x010, 0x790, 0x090, 0x0BE, 0x0A0, 0x7F4, 0x414, 0x41C, 0x408, 0x59C, 0x636, 0x042]),
    ('\u{653B}', [0x020, 0x020, 0x7BE, 0x264, 0x264, 0x2A4, 0x23C, 0x398, 0x718, 0x018, 0x064, 0x082]),
    ('\u{653E}', [0x000, 0x010, 0x110, 0x7DE, 0x232, 0x230, 0x3F4, 0x294, 0x28C, 0x288, 0x49C, 0x4B6]),
    ('\u{6545}', [0x000, 0x110, 0x110, 0x11E, 0x7E2, 0x124, 0x154, 0x794, 0x49C, 0x488, 0x498, 0x7B4]),
    ('\u{6548}', [0x000, 0x000, 0x110, 0x7DE, 0x092, 0x470, 0x4F4, 0x294, 0x10C, 0x188, 0x29C, 0x436]),
    ('\u{654C}', [0x000, 0x090, 0x710, 0x11E, 0x110, 0x7F0, 0x134, 0x104, 0x7CC, 0x448, 0x44C, 0x7D6]),
    ('\u{654F}', [0x000, 0x200, 0x7D0, 0x41E, 0x7D2, 0x470, 0x574, 0x7CC, 0x44C, 0x548, 0x7CC, 0x092]),
    ('\u{6551}', [0x000, 0x100, 0x150, 0x7DE, 0x112, 0x570, 0x3B4, 0x18C, 0x38C, 0x54C, 0x10C, 0x132]),
    ('\u{6559}', [0x000, 0x010, 0x7D0, 0x05E, 0x7F2, 0x130, 0x3F4, 0x68C, 0x10C, 0x7C8, 0x11C, 0x136]),
    ('\u{655B}', [0x000, 0x100, 0x190, 0x2DE, 0x452, 0x3B0, 0x004, 0x54C, 0x14C, 0x288, 0x0CC, 0x732]),
    ('\u{655E}', [0x000, 0x108, 0x550, 0x55E, 0x112, 0x7D2, 0x470, 0x7CC, 0x6CC, 0x7CC, 0x44C, 0x452]),
    ('\u{6563}', [0x000, 0x290, 0x290, 0x7DE, 0x292, 0x7F2, 0x034, 0x7C4, 0x7CC, 0x448, 0x7CC, 0x456]),
    ('\u{6570}', [0x000, 0x140, 0x510, 0x7DE, 0x390, 0x374, 0x534, 0x004, 0x7CC, 0x288, 0x38C, 0x392]),
    ('\u{6574}', [0x000, 0x110, 0x7DE, 0x7B0, 0x54C, 0x7CC, 0x396, 0x520, 0x3FE, 0x000, 0x03C, 0x000]),
    ('\u{6587}', [0x000, 0x040, 0x020, 0x7FE, 0x108, 0x108, 0x090, 0x090, 0x060, 0x060, 0x090, 0x30C]),
    ('\u{6591}', [0x040, 0x74E, 0x204, 0x2F4, 0x2A4, 0x76E, 0x244, 0x244, 0x264, 0x364, 0xC84, 0x11E]),
    ('\u{6597}', [0x000, 0x010, 0x190, 0x050, 0x010, 0x310, 0x090, 0x01A, 0x3F8, 0x410, 0x010, 0x010]),
    ('\u{6599}', [0x004, 0x6B4, 0x694, 0x204, 0x784, 0x334, 0x304, 0x68E, 0x674, 0x204, 0x204, 0x004]),
    ('\u{659C}', [0x104, 0x194, 0x24C, 0x784, 0x134, 0x114, 0x7C4, 0x106, 0x57E, 0x544, 0x104, 0x304]),
    ('\u{65A5}', [0x00C, 0x3E0, 0x200, 0x200, 0x3FE, 0x210, 0x210, 0x2F0, 0x21C, 0x416, 0x410, 0x410]),
    ('\u{65AD}', [0x000, 0x086, 0x6D8, 0x4D0, 0x490, 0x7DE, 0x594, 0x5D4, 0x694, 0x484, 0x424, 0x7E4]),
    ('\u{65AF}', [0x002, 0x018, 0x7D0, 0x010, 0x39E, 0x014, 0x394, 0x004, 0x7E4, 0x2A4, 0x4E4, 0x444]),
    ('\u{65B0}', [0x000, 0x106, 0x7D8, 0x080, 0x280, 0x7FE, 0x104, 0x7C4, 0x104, 0x524, 0x564, 0x124]),
    ('\u{65B9}', [0x000, 0x040, 0x020, 0x7FE, 0x080, 0x080, 0x0FC, 0x084, 0x104, 0x104, 0x304, 0x608]),
    ('\u{65BD}', [0x200, 0x120, 0x7BE, 0x248, 0x26A, 0x3AE, 0x0BA, 0x0AA, 0x4AA, 0x4A8, 0x4A0, 0x33E]),
    ('\u{65C1}', [0x000, 0x040, 0x7FE, 0x108, 0x090, 0x7FE, 0x402, 0x7FE, 0x080, 0x0FC, 0x104, 0x204]),
    ('\u{65CB}', [0x200, 0x120, 0x7BE, 0x240, 0x23E, 0x38A, 0x2A8, 0x0AE, 0x4A8, 0x4A8, 0x4D8, 0x34E]),
    ('\u{65CF}', [0x200, 0x120, 0x7BE, 0x250, 0x23E, 0x3A8, 0x288, 0x0FE, 0x488, 0x494, 0x4B6, 0x142]),
    ('\u{65D7}', [0x000, 0x220, 0x27E, 0x7C0, 0x0A4, 0x03E, 0x33C, 0x024, 0x43C, 0x47E, 0x400, 0x524]),
    ('\u{65E0}', [0x7FE, 0x040, 0x040, 0x040, 0x7FE, 0x060, 0x0A0, 0x0A0, 0x120, 0x322, 0x41E, 0x000]),
    ('\u{65E2}', [0x7BE, 0x488, 0x7A8, 0x4A8, 0x7BE, 0x408, 0x498, 0x498, 0x598, 0x628, 0x046, 0x000]),
    ('\u{65E5}', [0x3FC, 0x204, 0x204, 0x204, 0x3FC, 0x204, 0x204, 0x204, 0x204, 0x3FC, 0x204, 0x000]),
    ('\u{65E6}', [0x3FC, 0x204, 0x204, 0x3FC, 0x204, 0x204, 0x204, 0x1FC, 0x000, 0x7FE, 0x000, 0x000]),
    ('\u{65E7}', [0x000, 0x4FE, 0x482, 0x482, 0x482, 0x4FE, 0x482, 0x482, 0x482, 0x482, 0x4FE, 0x482]),
    ('\u{65E9}', [0x3FC, 0x204, 0x3FC, 0x204, 0x3FC, 0x040, 0x040, 0x7FE, 0x040, 0x040, 0x040, 0x000]),
    ('\u{65F6}', [0x004, 0x784, 0x484, 0x4FE, 0x484, 0x7A4, 0x4A4, 0x494, 0x484, 0x784, 0x404, 0x01C]),
    ('\u{65F7}', [0x000, 0x708, 0x57E, 0x540, 0x540, 0x740, 0x540, 0x540, 0x540, 0x740, 0x480, 0x080]),
    ('\u{660E}', [0x7BE, 0x4A2, 0x4A2, 0x7BE, 0x4A2, 0x4A2, 0x4BE, 0x782, 0x442, 0x042, 0x08E, 0x000]),
    ('\u{6613}', [0x3FC, 0x204, 0x3FC, 0x204, 0x3FC, 0x100, 0x3FE, 0x492, 0x182, 0x324, 0x04C, 0x000]),
    ('\u{661F}', [0x3FC, 0x204, 0x3FC, 0x204, 0x3FC, 0x200, 0x3FC, 0x400, 0x3FC, 0x000, 0x000, 0x7FE]),
    ('\u{6620}', [0x000, 0x700, 0x57E, 0x542, 0x742, 0x542, 0x5FE, 0x518, 0x518, 0x734, 0x464, 0x082]),
    ('\u{662F}', [0x3FC, 0x204, 0x3FC, 0x204, 0x3FC, 0x000, 0x7FE, 0x020, 0x23C, 0x320, 0x4E0, 0x47E]),
    ('\u{663E}', [0x3FC, 0x204, 0x3FC, 0x204, 0x3FC, 0x090, 0x294, 0x294, 0x090, 0x7FE, 0x000, 0x000]),
    ('\u{6643}', [0x3FC, 0x204, 0x3FC, 0x204, 0x3FC, 0x204, 0x108, 0x7FE, 0x090, 0x110, 0x310, 0x41E]),
    ('\u{6655}', [0x3FC, 0x204, 0x3FC, 0x3FC, 0x000, 0x7FE, 0x7FE, 0x120, 0x3FC, 0x020, 0x7FE, 0x020]),
    ('\u{665A}', [0x020, 0x738, 0x548, 0x5FE, 0x552, 0x752, 0x57E, 0x518, 0x518, 0x728, 0x049, 0x186]),
    ('\u{666E}', [0x108, 0x108, 0x7FE, 0x294, 0x090, 0x7FE, 0x3FC, 0x204, 0x204, 0x3FC, 0x204, 0x3FC]),
    ('\u{666F}', [0x3FC, 0x204, 0x3FC, 0x3FC, 0x040, 0x7FE, 0x1F8, 0x204, 0x3FC, 0x000, 0x20C, 0x4C2]),
    ('\u{6670}', [0x042, 0x74C, 0x548, 0x5E8, 0x54E, 0x768, 0x570, 0x5C0, 0x740, 0x450, 0x050, 0x040]),
    ('\u{6682}', [0x002, 0x7D8, 0x410, 0x7DE, 0x104, 0x7A4, 0x024, 0x3FC, 0x204, 0x3FC, 0x204, 0x3FC]),
    ('\u{6696}', [0x004, 0x770, 0x554, 0x57E, 0x520, 0x7FE, 0x520, 0x57C, 0x564, 0x754, 0x098, 0x162]),
    ('\u{6697}', [0x000, 0x010, 0x77E, 0x524, 0x524, 0x5FE, 0x700, 0x53E, 0x542, 0x57E, 0x742, 0x47E]),
    ('\u{66B4}', [0x3FC, 0x204, 0x3FC, 0x3FC, 0x010, 0x3FE, 0x010, 0x7FE, 0x30C, 0x402, 0x1F8, 0x2C4]),
    ('\u{66DD}', [0x07C, 0x742, 0x57E, 0x57E, 0x524, 0x77E, 0x5FE, 0x544, 0x7D6, 0x418, 0x07C, 0x030]),
    ('\u{66F2}', [0x090, 0x090, 0x090, 0x7FE, 0x492, 0x492, 0x7FE, 0x492, 0x492, 0x492, 0x7FE, 0x402]),
    ('\u{66F4}', [0x7FE, 0x020, 0x3FC, 0x220, 0x3FC, 0x220, 0x3FC, 0x140, 0x1C0, 0x1E0, 0x61E, 0x000]),
    ('\u{66FC}', [0x3FC, 0x204, 0x3FC, 0x3FC, 0x000, 0x7FE, 0x7FE, 0x000, 0x7FC, 0x188, 0x0F0, 0x70E]),
    ('\u{66FE}', [0x108, 0x090, 0x3FE, 0x10A, 0x012, 0x3FC, 0x000, 0x3FC, 0x3FC, 0x204, 0x3FC, 0x204]),
    ('\u{66FF}', [0x108, 0x7BE, 0x108, 0x7BE, 0x314, 0x4A2, 0x3FC, 0x204, 0x3FC, 0x204, 0x204, 0x3FC]),
    ('\u{6700}', [0x3FC, 0x204, 0x3FC, 0x3FC, 0x000, 0x7FE, 0x240, 0x3FE, 0x3D4, 0x24C, 0x7DC, 0x062]),
    ('\u{6708}', [0x3FC, 0x204, 0x204, 0x3FC, 0x204, 0x204, 0x3FC, 0x204, 0x204, 0x404, 0x038, 0x000]),
    ('\u{6709}', [0x000, 0x080, 0x7FE, 0x100, 0x1FC, 0x304, 0x5FC, 0x104, 0x1FC, 0x104, 0x104, 0x118]),
    ('\u{670D}', [0x7BE, 0x4A2, 0x4A2, 0x7A6, 0x4A0, 0x4BE, 0x4B2, 0x7A2, 0x4AC, 0x4AC, 0x4AE, 0x1B2]),
    ('\u{671B}', [0x11E, 0x7C2, 0x21E, 0x222, 0x2BE, 0x766, 0x000, 0x3FC, 0x000, 0x3FC, 0x000, 0x7FE]),
    ('\u{671D}', [0x100, 0x7DE, 0x112, 0x7D2, 0x45E, 0x7D2, 0x452, 0x7DE, 0x122, 0x7E2, 0x122, 0x146]),
    ('\u{671F}', [0x000, 0x01E, 0x7D2, 0x012, 0x39E, 0x012, 0x392, 0x01E, 0x7F2, 0x282, 0x422, 0x426]),
    ('\u{6728}', [0x000, 0x000, 0x000, 0x7FE, 0x060, 0x0F0, 0x090, 0x108, 0x204, 0x402, 0x000, 0x000]),
    ('\u{672A}', [0x000, 0x000, 0x3FC, 0x000, 0x000, 0x7FE, 0x060, 0x0F0, 0x108, 0x204, 0x402, 0x000]),
    ('\u{672B}', [0x000, 0x000, 0x7FE, 0x000, 0x000, 0x7FE, 0x060, 0x0D0, 0x108, 0x204, 0x402, 0x000]),
    ('\u{672C}', [0x000, 0x000, 0x000, 0x7FE, 0x0F0, 0x090, 0x108, 0x30C, 0x204, 0x5FA, 0x000, 0x000]),
    ('\u{672F}', [0x000, 0x00C, 0x000, 0x7FE, 0x060, 0x0F0, 0x088, 0x108, 0x204, 0x402, 0x000, 0x000]),
    ('\u{673A}', [0x000, 0x03C, 0x024, 0x7A4, 0x224, 0x324, 0x3A4, 0x4A4, 0x004, 0x045, 0x045, 0x086]),
    ('\u{6740}', [0x000, 0x00C, 0x198, 0x060, 0x198, 0x60C, 0x000, 0x7FE, 0x000, 0x108, 0x204, 0x402]),
    ('\u{6742}', [0x000, 0x080, 0x7F8, 0x088, 0x108, 0x60E, 0x040, 0x7FE, 0x040, 0x24C, 0x444, 0x0C0]),
    ('\u{6743}', [0x000, 0x07E, 0x002, 0x7A2, 0x322, 0x324, 0x694, 0x418, 0x818, 0x018, 0x026, 0x042]),
    ('\u{6746}', [0x000, 0x07E, 0x008, 0x788, 0x208, 0x37E, 0x788, 0x408, 0x808, 0x008, 0x008, 0x008]),
    ('\u{6750}', [0x104, 0x104, 0x104, 0x7BE, 0x304, 0x38C, 0x394, 0x514, 0x524, 0x144, 0x104, 0x11C]),
    ('\u{675C}', [0x000, 0x000, 0x000, 0x780, 0x200, 0x37E, 0x300, 0x600, 0x400, 0x000, 0x000, 0x07E]),
    ('\u{675F}', [0x000, 0x7FE, 0x000, 0x000, 0x3FC, 0x204, 0x204, 0x3FC, 0x0F0, 0x108, 0x606, 0x000]),
    ('\u{6760}', [0x000, 0x000, 0x07E, 0x008, 0x788, 0x308, 0x308, 0x288, 0x408, 0x408, 0x008, 0x07E]),
    ('\u{6761}', [0x080, 0x1F8, 0x398, 0x4F0, 0x060, 0x78E, 0x000, 0x3FC, 0x000, 0x108, 0x204, 0x040]),
    ('\u{6765}', [0x000, 0x000, 0x7FE, 0x004, 0x108, 0x108, 0x7FE, 0x0F0, 0x198, 0x30C, 0x402, 0x000]),
    ('\u{677E}', [0x200, 0x224, 0x224, 0x7A4, 0x242, 0x350, 0x790, 0x620, 0x224, 0x222, 0x27E, 0x200]),
    ('\u{677F}', [0x202, 0x27C, 0x340, 0x340, 0x37E, 0x342, 0x654, 0x654, 0x248, 0x208, 0x2B4, 0x2A2]),
    ('\u{6781}', [0x200, 0x27C, 0x324, 0x328, 0x32E, 0x322, 0x622, 0x654, 0x24C, 0x24C, 0x296, 0x222]),
    ('\u{6784}', [0x000, 0x220, 0x220, 0x7FE, 0x242, 0x3A2, 0x322, 0x62A, 0x64A, 0x27A, 0x202, 0x202]),
    ('\u{6790}', [0x004, 0x03C, 0x020, 0x7A0, 0x220, 0x33E, 0x3A4, 0x6A4, 0x404, 0x044, 0x044, 0x044]),
    ('\u{679A}', [0x000, 0x210, 0x220, 0x23E, 0x7E4, 0x264, 0x324, 0x314, 0x698, 0x618, 0x21C, 0x266]),
    ('\u{679C}', [0x3FC, 0x204, 0x3FC, 0x204, 0x3FC, 0x000, 0x7FE, 0x0F0, 0x108, 0x606, 0x000, 0x000]),
    ('\u{67A2}', [0x000, 0x27E, 0x240, 0x7C0, 0x254, 0x354, 0x348, 0x648, 0x65C, 0xA56, 0x262, 0x240]),
    ('\u{67AA}', [0x000, 0x210, 0x218, 0x228, 0x764, 0x2C2, 0x37C, 0x744, 0x644, 0xA58, 0x242, 0x242]),
    ('\u{67AF}', [0x000, 0x210, 0x210, 0x710, 0x27E, 0x310, 0x310, 0x67E, 0x642, 0x242, 0x242, 0x27E]),
    ('\u{67B6}', [0x000, 0x7DE, 0x252, 0x252, 0x652, 0x59E, 0x000, 0x7FE, 0x0F0, 0x108, 0x606, 0x400]),
    ('\u{67C4}', [0x200, 0x27E, 0x200, 0x77E, 0x242, 0x34A, 0x65A, 0x656, 0x266, 0x242, 0x242, 0x246]),
    ('\u{67D0}', [0x108, 0x7FE, 0x108, 0x1F8, 0x108, 0x1F8, 0x000, 0x7FE, 0x0F0, 0x108, 0x606, 0x000]),
    ('\u{67D3}', [0x000, 0x220, 0x0F8, 0x628, 0x048, 0x248, 0x486, 0x000, 0x7FE, 0x0F0, 0x108, 0x606]),
    ('\u{67E5}', [0x000, 0x000, 0x7FE, 0x0F0, 0x108, 0x606, 0x1F8, 0x1F8, 0x108, 0x1F8, 0x000, 0x7FE]),
    ('\u{67F1}', [0x000, 0x210, 0x208, 0x7FE, 0x208, 0x308, 0x308, 0x7FE, 0x608, 0x208, 0x208, 0x208]),
    ('\u{6805}', [0x000, 0x26E, 0x20A, 0x20A, 0x70A, 0x20A, 0x3FE, 0x70A, 0x60A, 0xA8A, 0x28A, 0x2B2]),
    ('\u{6807}', [0x200, 0x23E, 0x200, 0x780, 0x200, 0x37E, 0x788, 0x608, 0xA4A, 0x24A, 0x208, 0x230]),
    ('\u{6808}', [0x000, 0x210, 0x214, 0x71E, 0x270, 0x310, 0x33E, 0x652, 0x606, 0x20C, 0x218, 0x264]),
    ('\u{680B}', [0x000, 0x200, 0x220, 0x2FE, 0x720, 0x240, 0x340, 0x77E, 0x600, 0xA44, 0x242, 0x282]),
    ('\u{680F}', [0x000, 0x200, 0x224, 0x700, 0x27E, 0x300, 0x300, 0x680, 0x63C, 0x200, 0x200, 0x27E]),
    ('\u{6811}', [0x000, 0x202, 0x2E2, 0x222, 0x73E, 0x2A2, 0x262, 0x74A, 0x666, 0x262, 0x282, 0x282]),
    ('\u{6813}', [0x000, 0x210, 0x218, 0x724, 0x242, 0x37C, 0x310, 0x610, 0x67C, 0x210, 0x210, 0x210]),
    ('\u{6821}', [0x000, 0x210, 0x200, 0x27E, 0x724, 0x224, 0x342, 0x724, 0x618, 0x218, 0x218, 0x224]),
    ('\u{6837}', [0x000, 0x202, 0x224, 0x77E, 0x210, 0x210, 0x37E, 0x610, 0x610, 0xAFE, 0x210, 0x210]),
    ('\u{6838}', [0x200, 0x208, 0x67E, 0x210, 0x324, 0x378, 0x612, 0x624, 0x24C, 0x21C, 0x222, 0x2C0]),
    ('\u{6839}', [0x000, 0x27E, 0x242, 0x7FE, 0x242, 0x37E, 0x650, 0x64E, 0x24C, 0x244, 0x276, 0x242]),
    ('\u{683C}', [0x000, 0x210, 0x23C, 0x224, 0x7E4, 0x218, 0x318, 0x6E6, 0x67E, 0xA02, 0x202, 0x23E]),
    ('\u{683D}', [0x110, 0x7D6, 0x112, 0x110, 0x7FE, 0x110, 0x7D4, 0x10C, 0x388, 0x558, 0x124, 0x106]),
    ('\u{6846}', [0x200, 0x27E, 0x240, 0x7FE, 0x248, 0x3FE, 0x648, 0x648, 0x27E, 0x240, 0x27E, 0x200]),
    ('\u{6848}', [0x000, 0x040, 0x7FE, 0x442, 0x7FE, 0x110, 0x1F0, 0x00E, 0x000, 0x7FE, 0x0F0, 0x30C]),
    ('\u{684C}', [0x040, 0x07E, 0x040, 0x3FC, 0x3FC, 0x204, 0x3FC, 0x000, 0x7FE, 0x0F0, 0x30C, 0x402]),
    ('\u{6863}', [0x210, 0x252, 0x252, 0x794, 0x210, 0x37E, 0x602, 0x67E, 0xA02, 0x202, 0x27E, 0x202]),
    ('\u{6865}', [0x204, 0x278, 0x210, 0x7FE, 0x224, 0x322, 0x6E6, 0x624, 0x224, 0x224, 0x244, 0x244]),
    ('\u{6866}', [0x000, 0x228, 0x24A, 0x74C, 0x2D8, 0x278, 0x348, 0x646, 0x610, 0xAFE, 0x210, 0x210]),
    ('\u{6869}', [0x000, 0x200, 0x208, 0x7FE, 0x248, 0x348, 0x348, 0x65E, 0x648, 0x248, 0x208, 0x2BE]),
    ('\u{6876}', [0x000, 0x27C, 0x204, 0x738, 0x218, 0x37E, 0x792, 0x67E, 0x212, 0x27E, 0x212, 0x212]),
    ('\u{6881}', [0x000, 0x2FC, 0x024, 0x6A6, 0x126, 0x240, 0x4D8, 0x000, 0x7FE, 0x0F0, 0x108, 0x606]),
    ('\u{6883}', [0x000, 0x2E6, 0x20C, 0x744, 0x244, 0x6FE, 0x724, 0x6A4, 0x2C4, 0x25E, 0x240, 0x2E0]),
    ('\u{68AF}', [0x204, 0x224, 0x67E, 0x212, 0x37E, 0x350, 0x650, 0x67E, 0xA32, 0x232, 0x2D6, 0x210]),
    ('\u{68B0}', [0x000, 0x208, 0x20A, 0x27E, 0x708, 0x248, 0x34A, 0x6FA, 0x644, 0x244, 0x20C, 0x29C]),
    ('\u{68C0}', [0x000, 0x210, 0x238, 0x724, 0x242, 0x2BC, 0x700, 0x652, 0x254, 0x244, 0x200, 0x2FE]),
    ('\u{68D5}', [0x000, 0x210, 0x210, 0x7FE, 0x202, 0x27C, 0x700, 0x67E, 0x600, 0xA44, 0x242, 0x292]),
    ('\u{68DA}', [0x000, 0x200, 0x2EE, 0x7AA, 0x2EE, 0x2AA, 0x7AA, 0x6AA, 0x2EE, 0x2AA, 0x2AA, 0x232]),
    ('\u{68EE}', [0x000, 0x040, 0x7FE, 0x0F0, 0x148, 0x646, 0x000, 0x108, 0x7BE, 0x31C, 0x5AA, 0xD6A]),
    ('\u{68F1}', [0x000, 0x210, 0x27E, 0x210, 0x210, 0x27E, 0x324, 0x7D2, 0x63C, 0xA64, 0x218, 0x238]),
    ('\u{68F5}', [0x000, 0x27E, 0x252, 0x752, 0x27E, 0x352, 0x37E, 0x610, 0x67E, 0xA38, 0x234, 0x2D2]),
    ('\u{6905}', [0x200, 0x27E, 0x210, 0x71C, 0x262, 0x37E, 0x632, 0x64A, 0x24A, 0x272, 0x202, 0x20C]),
    ('\u{690D}', [0x000, 0x210, 0x27E, 0x710, 0x27C, 0x240, 0x77C, 0x640, 0x27C, 0xA40, 0x27C, 0x240]),
    ('\u{6954}', [0x240, 0x2FE, 0x24A, 0x7EA, 0x24A, 0x756, 0x600, 0x610, 0xAFE, 0x238, 0x26C, 0x282]),
    ('\u{697C}', [0x000, 0x210, 0x254, 0x77E, 0x238, 0x356, 0x780, 0x610, 0x6FE, 0x224, 0x268, 0x23C]),
    ('\u{6982}', [0x200, 0x2EE, 0x2A4, 0x7E4, 0x2A4, 0x6FE, 0x784, 0x6AC, 0xAAC, 0x2D4, 0x214, 0x202]),
    ('\u{6984}', [0x228, 0x2AE, 0x2A0, 0x7A4, 0x220, 0x37C, 0x740, 0x650, 0x250, 0x210, 0x220, 0x28E]),
    ('\u{69AB}', [0x000, 0x248, 0x27E, 0x248, 0x7FC, 0x248, 0x37C, 0x67E, 0x640, 0xA10, 0x2FE, 0x210]),
    ('\u{69B4}', [0x220, 0x24E, 0x200, 0x798, 0x27A, 0x306, 0x77E, 0x652, 0x27E, 0x252, 0x252, 0x27E]),
    ('\u{69DB}', [0x000, 0x220, 0x2A8, 0x7AE, 0x2A0, 0x2B4, 0x722, 0x700, 0x6FE, 0x2AA, 0x2AA, 0x2AA]),
    ('\u{69FD}', [0x208, 0x27E, 0x208, 0x7FE, 0x27E, 0x20A, 0x77E, 0x67C, 0xA42, 0x27E, 0x242, 0x27E]),
    ('\u{6A21}', [0x224, 0x2FE, 0x224, 0x77C, 0x242, 0x37E, 0x67E, 0x610, 0x2FE, 0x238, 0x264, 0x282]),
    ('\u{6A2A}', [0x224, 0x27E, 0x224, 0x7FE, 0x200, 0x37E, 0x742, 0x67E, 0xA42, 0x27E, 0x224, 0x2C2]),
    ('\u{6A44}', [0x000, 0x200, 0x2E0, 0x628, 0x2FE, 0x68A, 0x7FA, 0x692, 0x2E6, 0x284, 0x2F4, 0x20A]),
    ('\u{6A59}', [0x000, 0x268, 0x22C, 0x726, 0x246, 0x2FE, 0x77E, 0x644, 0x27C, 0x200, 0x224, 0x228]),
    ('\u{6A61}', [0x220, 0x238, 0x248, 0x7FE, 0x252, 0x37E, 0x632, 0x61C, 0xA4C, 0x23A, 0x24A, 0x230]),
    ('\u{6A90}', [0x220, 0x278, 0x7FE, 0x254, 0x26A, 0x77E, 0x600, 0x200, 0x29C, 0x2BE, 0x2A2, 0x23E]),
    ('\u{6B21}', [0x040, 0x440, 0x27E, 0x082, 0x092, 0x014, 0x010, 0x230, 0x628, 0x44C, 0x0C6, 0x102]),
    ('\u{6B27}', [0x010, 0x7D0, 0x41E, 0x662, 0x6AA, 0x58A, 0x588, 0x588, 0x44C, 0x654, 0x412, 0x7E2]),
    ('\u{6B3E}', [0x110, 0x7D0, 0x11E, 0x7E2, 0x02A, 0x7EA, 0x008, 0x7C8, 0x10C, 0x554, 0x112, 0x320]),
    ('\u{6B47}', [0x3C0, 0x450, 0x7DE, 0x452, 0x3EA, 0x208, 0x7C8, 0x54C, 0x5CC, 0x454, 0x3D2, 0x0E0]),
    ('\u{6B62}', [0x020, 0x020, 0x020, 0x220, 0x23E, 0x220, 0x220, 0x220, 0x220, 0x220, 0x7FE, 0x000]),
    ('\u{6B63}', [0x7FE, 0x020, 0x020, 0x220, 0x23C, 0x220, 0x220, 0x220, 0x220, 0x7FE, 0x000, 0x000]),
    ('\u{6B64}', [0x090, 0x090, 0x090, 0x492, 0x4DC, 0x490, 0x490, 0x490, 0x490, 0x491, 0x7D0, 0x71E]),
    ('\u{6B65}', [0x020, 0x03C, 0x020, 0x020, 0x7FE, 0x020, 0x124, 0x228, 0x438, 0x060, 0x1C0, 0x600]),
    ('\u{6B66}', [0x010, 0x3D4, 0x010, 0x7FE, 0x010, 0x090, 0x0E0, 0x088, 0x088, 0x088, 0x7E4, 0x406]),
    ('\u{6B67}', [0x108, 0x108, 0x17E, 0x508, 0x588, 0x57E, 0x522, 0x524, 0x51C, 0x798, 0xC34, 0x042]),
    ('\u{6B7B}', [0x7FE, 0x110, 0x210, 0x3D6, 0x45C, 0x650, 0x190, 0x190, 0x110, 0x210, 0x41E, 0x000]),
    ('\u{6B7C}', [0x006, 0x7F8, 0x208, 0x388, 0x488, 0x4FE, 0xB08, 0x108, 0x108, 0x208, 0x608, 0x408]),
    ('\u{6B8A}', [0x000, 0x7A8, 0x228, 0x23E, 0x3C8, 0x4C8, 0x488, 0x47E, 0x318, 0x12C, 0x24A, 0x288]),
    ('\u{6B8B}', [0x010, 0x794, 0x212, 0x3F0, 0x490, 0x43E, 0x750, 0x10A, 0x10C, 0x218, 0x464, 0x406]),
    ('\u{6BB5}', [0x000, 0x19C, 0x624, 0x424, 0x7A4, 0x426, 0x400, 0x7BC, 0x424, 0x794, 0x618, 0x43C]),
    ('\u{6BBF}', [0x7DC, 0x454, 0x7D4, 0x414, 0x522, 0x7C0, 0x53E, 0x512, 0x7D4, 0x40C, 0xA5C, 0x222]),
    ('\u{6BC1}', [0x000, 0x21C, 0x4D4, 0x454, 0x6D4, 0x462, 0x7C0, 0x03E, 0x7D4, 0x11C, 0x108, 0x7D4]),
    ('\u{6BCD}', [0x1FC, 0x004, 0x224, 0x204, 0x7FE, 0x204, 0x264, 0x204, 0x3FE, 0x008, 0x038, 0x000]),
    ('\u{6BCF}', [0x000, 0x100, 0x3FE, 0x200, 0x5FC, 0x044, 0x224, 0x7FE, 0x244, 0x224, 0x3FE, 0x000]),
    ('\u{6BD4}', [0x020, 0x020, 0x020, 0x026, 0x3AC, 0x030, 0x020, 0x020, 0x022, 0x022, 0x7A2, 0x61E]),
    ('\u{6BD5}', [0x220, 0x226, 0x3F8, 0x220, 0x222, 0x7BE, 0x000, 0x000, 0x7FE, 0x000, 0x000, 0x000]),
    ('\u{6BDB}', [0x008, 0x0F0, 0x7C0, 0x040, 0x0FC, 0x7C0, 0x040, 0x0FE, 0x7C0, 0x040, 0x042, 0x07E]),
    ('\u{6BEB}', [0x000, 0x040, 0x7FE, 0x1F8, 0x204, 0x1F8, 0x7FE, 0x41A, 0x042, 0x3FC, 0x07E, 0x040]),
    ('\u{6C14}', [0x000, 0x100, 0x3FE, 0x200, 0x5FC, 0x400, 0x3F8, 0x008, 0x008, 0x004, 0x004, 0x004]),
    ('\u{6C1B}', [0x100, 0x3FE, 0x200, 0x5FC, 0x3F8, 0x004, 0x124, 0x61C, 0x3EC, 0x124, 0x324, 0x442]),
    ('\u{6C34}', [0x000, 0x000, 0x020, 0x7A4, 0x0A8, 0x130, 0x110, 0x308, 0x204, 0x402, 0x040, 0x0C0]),
    ('\u{6C38}', [0x080, 0x060, 0x010, 0x3E0, 0x022, 0x72C, 0x138, 0x110, 0x208, 0x604, 0x402, 0x0C0]),
    ('\u{6C40}', [0x000, 0x3FE, 0x008, 0x008, 0x608, 0x208, 0x008, 0x108, 0x108, 0x208, 0x408, 0x438]),
    ('\u{6C42}', [0x008, 0x004, 0x7FE, 0x020, 0x224, 0x32C, 0x158, 0x0C8, 0x10C, 0x606, 0x042, 0x0C0]),
    ('\u{6C47}', [0x000, 0x2FE, 0x080, 0x080, 0x480, 0x280, 0x080, 0x080, 0x280, 0x280, 0x4FE, 0x000]),
    ('\u{6C49}', [0x000, 0x3FE, 0x042, 0x044, 0x404, 0x224, 0x028, 0x118, 0x218, 0x228, 0x446, 0x082]),
    ('\u{6C60}', [0x010, 0x310, 0x050, 0x05E, 0x47A, 0x2D2, 0x052, 0x052, 0x254, 0x240, 0x442, 0x47E]),
    ('\u{6C61}', [0x000, 0x27E, 0x000, 0x000, 0x4FE, 0x240, 0x040, 0x17C, 0x204, 0x204, 0x404, 0x438]),
    ('\u{6C64}', [0x000, 0x2FC, 0x018, 0x020, 0x4FE, 0x22A, 0x04A, 0x042, 0x292, 0x222, 0x462, 0x00C]),
    ('\u{6C89}', [0x000, 0x2FE, 0x082, 0x000, 0x63C, 0x004, 0x004, 0x144, 0x244, 0x245, 0x485, 0x486]),
    ('\u{6C99}', [0x000, 0x610, 0x110, 0x054, 0x052, 0x692, 0x090, 0x014, 0x204, 0x208, 0x430, 0x0C0]),
    ('\u{6CA1}', [0x000, 0x678, 0x340, 0x040, 0x040, 0x486, 0x200, 0x0FC, 0x044, 0x228, 0x238, 0x47C]),
    ('\u{6CA5}', [0x000, 0x6FE, 0x090, 0x090, 0x4FE, 0x292, 0x092, 0x292, 0x282, 0x322, 0x522, 0x14C]),
    ('\u{6CB9}', [0x010, 0x310, 0x010, 0x0FE, 0x492, 0x092, 0x0FE, 0x092, 0x292, 0x292, 0x4FE, 0x082]),
    ('\u{6CBB}', [0x020, 0x320, 0x048, 0x044, 0x4C6, 0x2F2, 0x000, 0x0FE, 0x282, 0x282, 0x4FE, 0x000]),
    ('\u{6CBF}', [0x000, 0x27C, 0x044, 0x044, 0x686, 0x000, 0x07C, 0x142, 0x242, 0x242, 0x47E, 0x040]),
    ('\u{6CC4}', [0x010, 0x294, 0x094, 0x094, 0x5FE, 0x294, 0x094, 0x29C, 0x280, 0x680, 0x4FE, 0x000]),
    ('\u{6CC9}', [0x040, 0x3FC, 0x204, 0x3FC, 0x204, 0x3FC, 0x020, 0x7AC, 0x138, 0x308, 0x606, 0x0C0]),
    ('\u{6CD5}', [0x410, 0x310, 0x07E, 0x010, 0x610, 0x0FE, 0x010, 0x120, 0x224, 0x244, 0x4FE, 0x002]),
    ('\u{6CDB}', [0x006, 0x378, 0x000, 0x010, 0x6FE, 0x004, 0x004, 0x108, 0x210, 0x260, 0x4A0, 0x49E]),
    ('\u{6CE2}', [0x010, 0x210, 0x0FE, 0x092, 0x490, 0x2FC, 0x0A4, 0x0A4, 0x298, 0x298, 0x53C, 0x142]),
    ('\u{6CE5}', [0x000, 0x27E, 0x002, 0x07E, 0x600, 0x020, 0x0A6, 0x0B8, 0x2A0, 0x2A0, 0x4A2, 0x11E]),
    ('\u{6CE8}', [0x000, 0x410, 0x110, 0x0FE, 0x010, 0x610, 0x010, 0x07E, 0x110, 0x210, 0x210, 0x410]),
    ('\u{6CF5}', [0x7FE, 0x1FC, 0x704, 0x504, 0x1FC, 0x020, 0x7A4, 0x1B8, 0x128, 0x626, 0x0C0, 0x000]),
    ('\u{6CFD}', [0x000, 0x6FC, 0x04C, 0x038, 0x438, 0x2C6, 0x010, 0x0FC, 0x210, 0x2FE, 0x410, 0x010]),
    ('\u{6D0B}', [0x000, 0x444, 0x224, 0x0FE, 0x010, 0x610, 0x27E, 0x010, 0x210, 0x2FE, 0x210, 0x410]),
    ('\u{6D1E}', [0x000, 0x6FE, 0x082, 0x0BA, 0x482, 0x2BA, 0x0AA, 0x0AA, 0x2BA, 0x282, 0x482, 0x086]),
    ('\u{6D3B}', [0x006, 0x378, 0x010, 0x010, 0x4FE, 0x210, 0x010, 0x07E, 0x242, 0x242, 0x47E, 0x000]),
    ('\u{6D3D}', [0x410, 0x318, 0x028, 0x046, 0x4FE, 0x200, 0x000, 0x07C, 0x244, 0x244, 0x47C, 0x044]),
    ('\u{6D3E}', [0x000, 0x40C, 0x2E0, 0x084, 0x0B8, 0x6A8, 0x0AA, 0x0A4, 0x2A4, 0x2A4, 0x43A, 0x120]),
    ('\u{6D41}', [0x010, 0x210, 0x0FE, 0x024, 0x444, 0x2F2, 0x004, 0x054, 0x214, 0x294, 0x495, 0x106]),
    ('\u{6D45}', [0x428, 0x224, 0x024, 0x0F8, 0x420, 0x23E, 0x0F0, 0x012, 0x21C, 0x218, 0x46A, 0x086]),
    ('\u{6D46}', [0x000, 0x110, 0x53E, 0x342, 0x114, 0x718, 0x160, 0x000, 0x7A4, 0x130, 0x318, 0x606]),
    ('\u{6D4B}', [0x000, 0x2F2, 0x012, 0x052, 0x452, 0x252, 0x052, 0x052, 0x252, 0x042, 0x4A2, 0x516]),
    ('\u{6D6A}', [0x000, 0x010, 0x2FC, 0x080, 0x080, 0x4FC, 0x280, 0x0FC, 0x292, 0x28C, 0x288, 0x4E6]),
    ('\u{6D6E}', [0x40E, 0x2F0, 0x014, 0x054, 0x67C, 0x00C, 0x008, 0x010, 0x3FE, 0x210, 0x410, 0x430]),
    ('\u{6D77}', [0x000, 0x640, 0x07E, 0x080, 0x180, 0x07E, 0x252, 0x0FE, 0x282, 0x290, 0x0FE, 0x404]),
    ('\u{6D82}', [0x000, 0x010, 0x338, 0x04C, 0x082, 0x47C, 0x010, 0x0FE, 0x010, 0x254, 0x292, 0x492]),
    ('\u{6D85}', [0x000, 0x2FE, 0x082, 0x0FE, 0x482, 0x07E, 0x010, 0x010, 0x2FE, 0x210, 0x410, 0x4FE]),
    ('\u{6D88}', [0x410, 0x252, 0x054, 0x010, 0x47E, 0x202, 0x07E, 0x002, 0x27E, 0x202, 0x402, 0x40C]),
    ('\u{6DA6}', [0x000, 0x6BE, 0x002, 0x17A, 0x512, 0x112, 0x17A, 0x312, 0x312, 0x57A, 0x502, 0x00E]),
    ('\u{6DA8}', [0x000, 0x5D2, 0x252, 0x054, 0x1D8, 0x510, 0x13E, 0x110, 0x1D4, 0x054, 0x450, 0x45A]),
    ('\u{6DE1}', [0x000, 0x410, 0x256, 0x094, 0x038, 0x666, 0x010, 0x052, 0x294, 0x238, 0x464, 0x082]),
    ('\u{6DF1}', [0x000, 0x2FE, 0x082, 0x04C, 0x4C4, 0x290, 0x0FE, 0x238, 0x258, 0x4D4, 0x592, 0x010]),
    ('\u{6DF7}', [0x6FC, 0x380, 0x0FC, 0x080, 0x6FC, 0x000, 0x088, 0x1EA, 0x28C, 0x288, 0x4F8, 0x0CE]),
    ('\u{6DF9}', [0x020, 0x220, 0x1FE, 0x044, 0x4D4, 0x3FE, 0x090, 0x0FC, 0x290, 0x2FC, 0x410, 0x01E]),
    ('\u{6E05}', [0x410, 0x2FE, 0x0FC, 0x010, 0x4FE, 0x200, 0x0FC, 0x2FC, 0x280, 0x2FC, 0x480, 0x48C]),
    ('\u{6E0D}', [0x010, 0x2FE, 0x07C, 0x010, 0x4FE, 0x000, 0x0FE, 0x292, 0x292, 0x210, 0x42C, 0x0C2]),
    ('\u{6E10}', [0x000, 0x60E, 0x1F8, 0x080, 0x4CE, 0x242, 0x1E2, 0x042, 0x272, 0x1D2, 0x452, 0x450]),
    ('\u{6E21}', [0x000, 0x410, 0x2FE, 0x0A4, 0x0FE, 0x6A4, 0x0A4, 0x0BC, 0x2FC, 0x2A4, 0x41C, 0x53C]),
    ('\u{6E29}', [0x000, 0x2FC, 0x084, 0x0FC, 0x484, 0x27C, 0x000, 0x0FE, 0x2AA, 0x2AA, 0x4AA, 0x5FE]),
    ('\u{6E32}', [0x000, 0x010, 0x2FE, 0x082, 0x082, 0x400, 0x07C, 0x004, 0x07C, 0x204, 0x27C, 0x400]),
    ('\u{6E38}', [0x488, 0x248, 0x1FE, 0x090, 0x48E, 0x0E6, 0x0A4, 0x2BE, 0x224, 0x524, 0x524, 0x04C]),
    ('\u{6E83}', [0x010, 0x27E, 0x012, 0x07C, 0x4FE, 0x200, 0x07E, 0x012, 0x212, 0x210, 0x42C, 0x4C2]),
    ('\u{6E90}', [0x000, 0x2FE, 0x088, 0x0BE, 0x482, 0x2BE, 0x082, 0x0BE, 0x288, 0x34A, 0x54A, 0x410]),
    ('\u{6EA2}', [0x004, 0x244, 0x000, 0x1FE, 0x408, 0x244, 0x182, 0x0FE, 0x2AA, 0x0AA, 0x4AA, 0x5FE]),
    ('\u{6ED1}', [0x47C, 0x344, 0x074, 0x054, 0x4FE, 0x300, 0x07C, 0x07C, 0x244, 0x27C, 0x444, 0x44C]),
    ('\u{6EDA}', [0x000, 0x010, 0x2FE, 0x040, 0x084, 0x522, 0x248, 0x0F4, 0x072, 0x2CC, 0x34C, 0x476]),
    ('\u{6EDE}', [0x010, 0x214, 0x0FE, 0x014, 0x400, 0x0FE, 0x012, 0x2FC, 0x290, 0x490, 0x494, 0x010]),
    ('\u{6EE1}', [0x008, 0x3FE, 0x000, 0x0FE, 0x428, 0x0FE, 0x0AA, 0x2AA, 0x2FE, 0x6D6, 0x482, 0x086]),
    ('\u{6EE4}', [0x010, 0x21E, 0x0FE, 0x082, 0x4F8, 0x2A2, 0x09E, 0x280, 0x26A, 0x562, 0x524, 0x11C]),
    ('\u{6EE9}', [0x400, 0x214, 0x1D0, 0x07E, 0x574, 0x0DE, 0x094, 0x294, 0x2DE, 0x554, 0x41E, 0x010]),
    ('\u{6F02}', [0x4FE, 0x228, 0x0FE, 0x0AA, 0x4AA, 0x2FE, 0x07C, 0x200, 0x2FE, 0x254, 0x492, 0x030]),
    ('\u{6F06}', [0x610, 0x2FE, 0x038, 0x0D6, 0x610, 0x028, 0x0C6, 0x254, 0x258, 0x638, 0x494, 0x030]),
    ('\u{6F0F}', [0x4FE, 0x282, 0x0FE, 0x080, 0x6FE, 0x080, 0x0FE, 0x2CA, 0x3D2, 0x54A, 0x552, 0x042]),
    ('\u{6F14}', [0x000, 0x410, 0x2FE, 0x082, 0x0FC, 0x410, 0x0FE, 0x092, 0x2FE, 0x292, 0x4FC, 0x44C]),
    ('\u{6F2B}', [0x07C, 0x242, 0x046, 0x07C, 0x4FE, 0x2AA, 0x0FE, 0x000, 0x2FC, 0x22C, 0x438, 0x0C6]),
    ('\u{6FC0}', [0x048, 0x6E8, 0x128, 0x1EE, 0x53A, 0x0FA, 0x1E8, 0x084, 0x2E4, 0x4A4, 0x52A, 0x050]),
    ('\u{704C}', [0x008, 0x2FE, 0x000, 0x0EE, 0x6EE, 0x040, 0x0FE, 0x388, 0x2FC, 0x07C, 0x408, 0x07E]),
    ('\u{706B}', [0x040, 0x040, 0x040, 0x246, 0x244, 0x460, 0x060, 0x090, 0x198, 0x30C, 0x402, 0x000]),
    ('\u{706D}', [0x7FE, 0x000, 0x040, 0x144, 0x264, 0x268, 0x060, 0x090, 0x198, 0x30C, 0x402, 0x000]),
    ('\u{706F}', [0x000, 0x07E, 0x008, 0x488, 0x588, 0x508, 0x008, 0x208, 0x308, 0x288, 0x408, 0x438]),
    ('\u{7070}', [0x000, 0x100, 0x7FE, 0x100, 0x110, 0x154, 0x214, 0x2B0, 0x238, 0x468, 0x0C4, 0x182]),
    ('\u{7075}', [0x3FC, 0x004, 0x3FC, 0x004, 0x3FC, 0x000, 0x244, 0x244, 0x060, 0x090, 0x10C, 0x602]),
    ('\u{707E}', [0x000, 0x040, 0x020, 0x7FE, 0x402, 0x040, 0x044, 0x264, 0x468, 0x0D0, 0x090, 0x30C]),
    ('\u{70AE}', [0x220, 0x220, 0x23E, 0x7C2, 0x77A, 0x20A, 0x20A, 0x23A, 0x302, 0x304, 0x400, 0x03E]),
    ('\u{70B8}', [0x220, 0x220, 0x23E, 0x6D0, 0x750, 0x21E, 0x210, 0x210, 0x31E, 0x310, 0x410, 0x410]),
    ('\u{70B9}', [0x040, 0x07E, 0x040, 0x040, 0x3FC, 0x204, 0x204, 0x3FC, 0x000, 0x294, 0x492, 0x492]),
    ('\u{70C1}', [0x204, 0x278, 0x240, 0x648, 0x348, 0x27E, 0x208, 0x208, 0x30A, 0x54A, 0x40A, 0x010]),
    ('\u{70C8}', [0x000, 0x7E2, 0x112, 0x3D2, 0x652, 0x552, 0x082, 0x102, 0x60C, 0x204, 0x492, 0x492]),
    ('\u{70D8}', [0x224, 0x224, 0x224, 0x6FE, 0x324, 0x224, 0x224, 0x2FE, 0x300, 0x024, 0x442, 0x002]),
    ('\u{70DF}', [0x000, 0x27E, 0x242, 0x6C2, 0x37E, 0x252, 0x25A, 0x25A, 0x366, 0x4E2, 0x47E, 0x042]),
    ('\u{70ED}', [0x010, 0x010, 0x7FC, 0x004, 0x1A4, 0x724, 0x034, 0x045, 0x602, 0x204, 0x492, 0x492]),
    ('\u{7119}', [0x000, 0x210, 0x27E, 0x204, 0x224, 0x324, 0x2FE, 0x200, 0x27E, 0x342, 0x542, 0x47E]),
    ('\u{7126}', [0x120, 0x120, 0x3FE, 0x620, 0x7FC, 0x220, 0x3FC, 0x220, 0x3FE, 0x204, 0x492, 0x492]),
    ('\u{7130}', [0x000, 0x210, 0x23C, 0x2A4, 0x6C4, 0x380, 0x26E, 0x242, 0x242, 0x37E, 0x4C2, 0x47E]),
    ('\u{7136}', [0x000, 0x108, 0x3CA, 0x248, 0x57E, 0x488, 0x398, 0x114, 0x222, 0x440, 0x204, 0x492]),
    ('\u{7167}', [0x07E, 0x7FE, 0x492, 0x4E6, 0x780, 0x4FE, 0x4C2, 0x7C2, 0x43E, 0x284, 0x492, 0x492]),
    ('\u{7184}', [0x210, 0x23C, 0x242, 0x6FE, 0x742, 0x27E, 0x27E, 0x210, 0x328, 0x0A2, 0x4A4, 0x038]),
    ('\u{7194}', [0x000, 0x210, 0x27E, 0x2C2, 0x7E6, 0x342, 0x25A, 0x224, 0x246, 0x37E, 0x100, 0x400]),
    ('\u{7199}', [0x7DE, 0x592, 0x452, 0x45E, 0x5D0, 0x410, 0x7DE, 0x000, 0x284, 0x492, 0x410, 0x000]),
    ('\u{71D5}', [0x090, 0x7FE, 0x090, 0x1F0, 0x668, 0x09E, 0x098, 0x6F8, 0x006, 0x284, 0x492, 0x492]),
    ('\u{7206}', [0x27C, 0x242, 0x27E, 0x77E, 0x320, 0x27E, 0x2FE, 0x244, 0x2D2, 0x538, 0x47C, 0x030]),
    ('\u{722A}', [0x01C, 0x3E4, 0x204, 0x204, 0x204, 0x204, 0x204, 0x200, 0x402, 0x402, 0x000, 0x000]),
    ('\u{722C}', [0x040, 0x3DE, 0x54A, 0x54A, 0x54A, 0x55E, 0x540, 0x542, 0x55E, 0x520, 0x518, 0x106]),
    ('\u{7247}', [0x200, 0x200, 0x200, 0x3FE, 0x200, 0x200, 0x3F8, 0x208, 0x208, 0x408, 0x408, 0x008]),
    ('\u{7248}', [0x106, 0x538, 0x520, 0x520, 0x7BE, 0x432, 0x732, 0x4AC, 0x48C, 0x4CC, 0x0DE, 0x0E2]),
    ('\u{725B}', [0x000, 0x020, 0x220, 0x3FE, 0x420, 0x420, 0x020, 0x7FE, 0x020, 0x020, 0x020, 0x020]),
    ('\u{7269}', [0x020, 0x420, 0x43E, 0x7D6, 0x856, 0x022, 0x1AA, 0x74A, 0x052, 0x012, 0x022, 0x00C]),
    ('\u{7275}', [0x020, 0x7FE, 0x060, 0x38C, 0x7FE, 0x402, 0x200, 0x3FC, 0x000, 0x7FE, 0x000, 0x000]),
    ('\u{7279}', [0x000, 0x008, 0x47E, 0x708, 0x708, 0x07E, 0x004, 0x3FE, 0x704, 0x024, 0x004, 0x004]),
    ('\u{72AF}', [0x400, 0x73E, 0x302, 0x702, 0x102, 0x102, 0x30C, 0x500, 0x100, 0x101, 0x122, 0x63E]),
    ('\u{72B6}', [0x110, 0x114, 0x512, 0x510, 0x1FE, 0x110, 0x118, 0x728, 0x528, 0x124, 0x146, 0x182]),
    ('\u{72D9}', [0x000, 0x77C, 0x240, 0x740, 0x17C, 0x140, 0x340, 0x57C, 0x140, 0x140, 0x140, 0x6FE]),
    ('\u{72EC}', [0x010, 0x510, 0x210, 0x67E, 0x152, 0x152, 0x37E, 0x510, 0x114, 0x112, 0x07E, 0x600]),
    ('\u{731C}', [0x110, 0x77E, 0x27C, 0x610, 0x1FE, 0x37C, 0x342, 0x57E, 0x142, 0x17E, 0x142, 0x644]),
    ('\u{732E}', [0x000, 0x108, 0x7CA, 0x10A, 0x7C8, 0x43E, 0x488, 0x7CC, 0x50C, 0x7CC, 0x512, 0x512]),
    ('\u{7387}', [0x000, 0x040, 0x7FE, 0x040, 0x494, 0x2E4, 0x050, 0x6F6, 0x000, 0x7FE, 0x000, 0x000]),
    ('\u{73A9}', [0x77E, 0x200, 0x200, 0x200, 0x7FE, 0x220, 0x220, 0x220, 0x720, 0x041, 0x086, 0x000]),
    ('\u{73AF}', [0x77E, 0x218, 0x210, 0x218, 0x734, 0x276, 0x2D2, 0x210, 0x710, 0x010, 0x010, 0x000]),
    ('\u{73B0}', [0x7FE, 0x242, 0x252, 0x252, 0x752, 0x252, 0x250, 0x218, 0x328, 0x068, 0x08E, 0x000]),
    ('\u{73BB}', [0x710, 0x210, 0x27E, 0x252, 0x252, 0x77E, 0x260, 0x224, 0x398, 0x698, 0x0B4, 0x042]),
    ('\u{73C0}', [0x010, 0x710, 0x27E, 0x242, 0x742, 0x242, 0x27E, 0x242, 0x342, 0x642, 0x07E, 0x042]),
    ('\u{73ED}', [0x020, 0x73E, 0x224, 0x2A4, 0x2A4, 0x7A4, 0x2AE, 0x224, 0x224, 0x224, 0x644, 0x09E]),
    ('\u{7403}', [0x014, 0x712, 0x210, 0x27E, 0x210, 0x75A, 0x21C, 0x218, 0x234, 0x7D2, 0x012, 0x030]),
    ('\u{7406}', [0x77E, 0x242, 0x27E, 0x242, 0x742, 0x27E, 0x210, 0x27E, 0x710, 0x410, 0x0FE, 0x000]),
    ('\u{7425}', [0x010, 0x71E, 0x210, 0x27E, 0x212, 0x770, 0x21E, 0x200, 0x29C, 0x384, 0x0A4, 0x046]),
    ('\u{7483}', [0x010, 0x77E, 0x200, 0x25A, 0x25A, 0x77E, 0x210, 0x27E, 0x282, 0x72E, 0x002, 0x006]),
    ('\u{74F6}', [0x000, 0x2BE, 0x080, 0x7DC, 0x284, 0x2A4, 0x7F4, 0x2AC, 0x0AC, 0x4A4, 0x4AC, 0x0A2]),
    ('\u{751A}', [0x108, 0x7FE, 0x108, 0x1F8, 0x108, 0x1F8, 0x108, 0x7FE, 0x250, 0x288, 0x280, 0x3FC]),
    ('\u{751F}', [0x000, 0x300, 0x200, 0x3FE, 0x400, 0x000, 0x3FC, 0x000, 0x000, 0x000, 0x000, 0x7FE]),
    ('\u{7528}', [0x3FE, 0x202, 0x202, 0x3FE, 0x202, 0x202, 0x3FE, 0x002, 0x402, 0x402, 0x00C, 0x000]),
    ('\u{7529}', [0x3FC, 0x200, 0x3FC, 0x200, 0x200, 0x3FC, 0x400, 0x40C, 0x400, 0x422, 0x03E, 0x000]),
    ('\u{7531}', [0x000, 0x000, 0x000, 0x7FE, 0x402, 0x402, 0x7FE, 0x402, 0x402, 0x402, 0x7FE, 0x402]),
    ('\u{7532}', [0x3FE, 0x002, 0x002, 0x3FE, 0x002, 0x002, 0x3FE, 0x000, 0x000, 0x000, 0x000, 0x000]),
    ('\u{7533}', [0x000, 0x040, 0x7FE, 0x442, 0x442, 0x7FE, 0x442, 0x7FE, 0x442, 0x040, 0x040, 0x000]),
    ('\u{7535}', [0x040, 0x040, 0x3FC, 0x044, 0x044, 0x3FC, 0x044, 0x3FC, 0x040, 0x040, 0x062, 0x03E]),
    ('\u{753B}', [0x7FE, 0x000, 0x1F8, 0x50A, 0x50A, 0x5FA, 0x50A, 0x5FA, 0x402, 0x7FE, 0x002, 0x000]),
    ('\u{754C}', [0x3FC, 0x204, 0x204, 0x3FC, 0x204, 0x3FC, 0x198, 0x30C, 0x482, 0x100, 0x100, 0x200]),
    ('\u{7559}', [0x080, 0x33E, 0x412, 0x492, 0x7E2, 0x44C, 0x3FC, 0x204, 0x3FC, 0x204, 0x204, 0x3FC]),
    ('\u{7565}', [0x000, 0x010, 0x7BE, 0x4A4, 0x4D4, 0x788, 0x49C, 0x4E2, 0x4FE, 0x7A2, 0x422, 0x022]),
    ('\u{7578}', [0x008, 0x7FE, 0x698, 0x694, 0x6C2, 0x7FE, 0x6BA, 0x68A, 0x68A, 0x73A, 0x002, 0x00E]),
    ('\u{758F}', [0x000, 0x008, 0x7FE, 0x110, 0x134, 0x43E, 0x580, 0x424, 0x424, 0x524, 0x704, 0x045]),
    ('\u{7591}', [0x000, 0x43E, 0x704, 0x418, 0x78C, 0x03E, 0x78A, 0x52A, 0x128, 0x7AE, 0x328, 0x2D8]),
    ('\u{7597}', [0x020, 0x000, 0x3FE, 0x600, 0x6FE, 0x20C, 0x210, 0x610, 0x210, 0x210, 0x410, 0x470]),
    ('\u{75C5}', [0x000, 0x020, 0x1FE, 0x200, 0x6FE, 0x610, 0x210, 0x2FE, 0x692, 0x2BA, 0x2E6, 0x482]),
    ('\u{75C7}', [0x000, 0x020, 0x1FE, 0x200, 0x600, 0x6FE, 0x210, 0x210, 0x61E, 0x210, 0x210, 0x410]),
    ('\u{75D5}', [0x000, 0x020, 0x3FE, 0x200, 0x6FC, 0x684, 0x2FC, 0x284, 0x6FC, 0x296, 0x288, 0x4AC]),
    ('\u{767B}', [0x000, 0x7A4, 0x098, 0x39E, 0x3FC, 0x606, 0x1F8, 0x208, 0x208, 0x1F8, 0x000, 0x090]),
    ('\u{767D}', [0x000, 0x040, 0x040, 0x3FC, 0x204, 0x204, 0x204, 0x3FC, 0x204, 0x204, 0x204, 0x3FC]),
    ('\u{767E}', [0x7FE, 0x040, 0x040, 0x3FC, 0x204, 0x204, 0x3FC, 0x204, 0x204, 0x3FC, 0x204, 0x000]),
    ('\u{7684}', [0x000, 0x110, 0x010, 0x7BE, 0x4A2, 0x4E2, 0x482, 0x792, 0x48A, 0x482, 0x482, 0x782]),
    ('\u{7686}', [0x220, 0x3E4, 0x230, 0x220, 0x39E, 0x040, 0x3FC, 0x204, 0x3FC, 0x204, 0x204, 0x3FC]),
    ('\u{76AE}', [0x020, 0x020, 0x3FE, 0x222, 0x220, 0x3FC, 0x284, 0x088, 0x458, 0x430, 0x4D8, 0x306]),
    ('\u{76B1}', [0x000, 0x208, 0x388, 0x2BE, 0x4AA, 0xC28, 0x7BE, 0x032, 0x7A8, 0x02C, 0x02C, 0x7EE]),
    ('\u{76C6}', [0x080, 0x108, 0x204, 0x5FA, 0x088, 0x088, 0x330, 0x000, 0x3FC, 0x294, 0x294, 0x7FE]),
    ('\u{76CA}', [0x108, 0x108, 0x000, 0x7FE, 0x000, 0x10C, 0x402, 0x3FC, 0x294, 0x294, 0x294, 0x7FE]),
    ('\u{76D0}', [0x110, 0x110, 0x7D8, 0x116, 0x112, 0x7D0, 0x010, 0x3FC, 0x090, 0x090, 0x090, 0x7FE]),
    ('\u{76D1}', [0x090, 0x490, 0x49E, 0x4A0, 0x4E8, 0x084, 0x000, 0x3FC, 0x294, 0x294, 0x294, 0x7FE]),
    ('\u{76D2}', [0x000, 0x060, 0x0F0, 0x198, 0x6F6, 0x1F8, 0x000, 0x1F8, 0x000, 0x3FC, 0x294, 0x294]),
    ('\u{76D4}', [0x000, 0x100, 0x7FE, 0x100, 0x2A4, 0x2A8, 0x470, 0x0CC, 0x102, 0x3FC, 0x294, 0x294]),
    ('\u{76D6}', [0x108, 0x008, 0x7FC, 0x000, 0x3FC, 0x7FE, 0x000, 0x3FC, 0x294, 0x294, 0x294, 0x7FE]),
    ('\u{76D8}', [0x000, 0x040, 0x1FC, 0x044, 0x024, 0x7FE, 0x244, 0x40C, 0x3FC, 0x294, 0x294, 0x294]),
    ('\u{76DF}', [0x03E, 0x7A2, 0x4BE, 0x7A2, 0x4BE, 0x7A2, 0x046, 0x3FC, 0x294, 0x294, 0x294, 0x7FE]),
    ('\u{76EE}', [0x3FC, 0x204, 0x204, 0x3FC, 0x204, 0x204, 0x3FC, 0x204, 0x204, 0x3FC, 0x204, 0x000]),
    ('\u{76F4}', [0x040, 0x7FE, 0x040, 0x3FC, 0x204, 0x3FC, 0x204, 0x3FC, 0x204, 0x3FC, 0x204, 0x7FE]),
    ('\u{76F8}', [0x000, 0x03E, 0x322, 0x7A2, 0x23E, 0x322, 0x3A2, 0x43E, 0x822, 0x022, 0x03E, 0x002]),
    ('\u{76FE}', [0x00C, 0x3F0, 0x220, 0x3FE, 0x220, 0x2FC, 0x280, 0x2FC, 0x080, 0x4FC, 0x480, 0x4FC]),
    ('\u{7701}', [0x040, 0x14C, 0x24E, 0x472, 0x060, 0x7FC, 0x104, 0x1FC, 0x104, 0x1FC, 0x1FC, 0x004]),
    ('\u{770B}', [0x004, 0x3E0, 0x3FC, 0x080, 0x7FE, 0x100, 0x3FC, 0x7FC, 0x504, 0x1FC, 0x104, 0x1FC]),
    ('\u{771F}', [0x000, 0x7FE, 0x040, 0x3FC, 0x3FC, 0x204, 0x20C, 0x3FC, 0x204, 0x7FE, 0x108, 0x602]),
    ('\u{773C}', [0x77E, 0x542, 0x77E, 0x542, 0x57E, 0x740, 0x54A, 0x54C, 0x744, 0x476, 0x042, 0x000]),
    ('\u{7740}', [0x000, 0x108, 0x3FC, 0x040, 0x3FC, 0x080, 0x7FE, 0x1FC, 0x304, 0x5FC, 0x1FC, 0x104]),
    ('\u{775B}', [0x010, 0x77E, 0x57E, 0x710, 0x57E, 0x500, 0x77E, 0x542, 0x57E, 0x77E, 0x442, 0x044]),
    ('\u{7761}', [0x004, 0x778, 0x510, 0x77E, 0x554, 0x554, 0x7FE, 0x554, 0x5FE, 0x710, 0x410, 0x07E]),
    ('\u{777F}', [0x000, 0x07C, 0x040, 0x7FE, 0x5FA, 0x168, 0x290, 0x3FC, 0x70E, 0x1F8, 0x1F8, 0x108]),
    ('\u{7784}', [0x024, 0x724, 0x5FE, 0x724, 0x500, 0x57E, 0x752, 0x552, 0x57E, 0x752, 0x07E, 0x042]),
    ('\u{77AC}', [0x006, 0x770, 0x554, 0x7FE, 0x582, 0x544, 0x77E, 0x5A4, 0x564, 0x74E, 0x444, 0x084]),
    ('\u{77B0}', [0x000, 0x6E0, 0x428, 0x7FE, 0x48A, 0x4FA, 0x692, 0x4E6, 0x484, 0x6B4, 0x48A, 0x018]),
    ('\u{77DB}', [0x000, 0x3FC, 0x008, 0x0F0, 0x030, 0x7FE, 0x066, 0x0A4, 0x328, 0x620, 0x020, 0x0C0]),
    ('\u{77E5}', [0x200, 0x41E, 0x7C2, 0x502, 0x102, 0x7E2, 0x102, 0x102, 0x382, 0x2C2, 0x45E, 0x402]),
    ('\u{77E9}', [0x000, 0x43E, 0x7A0, 0x53E, 0x122, 0x7E2, 0x122, 0x33E, 0x320, 0x2A0, 0x43E, 0x000]),
    ('\u{77ED}', [0x000, 0x47E, 0x780, 0x43E, 0x022, 0x7A2, 0x23E, 0x300, 0x324, 0x284, 0x404, 0x07E]),
    ('\u{77EE}', [0x002, 0x078, 0x700, 0x47E, 0x03C, 0x7C2, 0x210, 0x27E, 0x324, 0x4B8, 0x41C, 0x062]),
    ('\u{77F3}', [0x7FE, 0x080, 0x180, 0x100, 0x3FC, 0x300, 0x500, 0x100, 0x100, 0x1FC, 0x100, 0x000]),
    ('\u{7801}', [0x000, 0x7FC, 0x204, 0x024, 0x724, 0x404, 0xC3E, 0x402, 0x47A, 0x702, 0x402, 0x00C]),
    ('\u{7802}', [0x000, 0x780, 0x200, 0x222, 0x402, 0x7C2, 0xC80, 0x082, 0x084, 0x388, 0x030, 0x040]),
    ('\u{780C}', [0x000, 0x75E, 0x24A, 0x46A, 0x4CA, 0x74A, 0xD4A, 0x57A, 0x552, 0x712, 0x422, 0x024]),
    ('\u{7814}', [0x7BE, 0x224, 0x224, 0x424, 0x7FE, 0x4A4, 0x4A4, 0x4A4, 0x7A4, 0x444, 0x044, 0x000]),
    ('\u{7816}', [0x000, 0x010, 0x7FE, 0x210, 0x010, 0x4FE, 0x420, 0xC3E, 0x404, 0x408, 0x738, 0x408]),
    ('\u{7827}', [0x000, 0x780, 0x200, 0x20E, 0x600, 0x780, 0xCBE, 0x082, 0x082, 0x382, 0x03E, 0x002]),
    ('\u{7834}', [0x000, 0x788, 0x208, 0x27E, 0x24A, 0x44A, 0x77E, 0xC60, 0x454, 0x458, 0x7D8, 0x4B6]),
    ('\u{7840}', [0x008, 0x7C8, 0x24A, 0x24A, 0x44A, 0x73E, 0x408, 0x44A, 0x44A, 0x74A, 0x47E, 0x002]),
    ('\u{786B}', [0x000, 0x008, 0x7FE, 0x210, 0x224, 0x466, 0x77E, 0x404, 0x414, 0x454, 0x754, 0x454]),
    ('\u{786C}', [0x7FE, 0x200, 0x27E, 0x442, 0x7FE, 0x4C2, 0x4FE, 0x4D0, 0x7B0, 0x438, 0x046, 0x000]),
    ('\u{786E}', [0x020, 0x7BC, 0x248, 0x27E, 0x44A, 0x74A, 0x47E, 0x44A, 0x47E, 0x74A, 0x4CA, 0x086]),
    ('\u{7889}', [0x7FE, 0x242, 0x25E, 0x442, 0x75E, 0xC42, 0x45E, 0x446, 0x79E, 0x482, 0x086, 0x000]),
    ('\u{788D}', [0x03E, 0x782, 0x23E, 0x202, 0x43E, 0x7FE, 0xC84, 0x4FE, 0x4A4, 0x794, 0x404, 0x00C]),
    ('\u{788E}', [0x000, 0x000, 0x7FE, 0x200, 0x224, 0x424, 0x77E, 0x408, 0x47E, 0x408, 0x708, 0x408]),
    ('\u{7891}', [0x000, 0x008, 0x7BE, 0x24A, 0x27E, 0x442, 0x7FE, 0x490, 0xCA4, 0x4FE, 0x784, 0x404]),
    ('\u{78B0}', [0x004, 0x724, 0x208, 0x0FE, 0x428, 0x72A, 0x56A, 0x568, 0x56C, 0x728, 0x428, 0x0FE]),
    ('\u{78B1}', [0x006, 0x702, 0x27E, 0x000, 0x478, 0x702, 0x536, 0x524, 0x534, 0x7A4, 0x48D, 0x012]),
    ('\u{78C1}', [0x000, 0x724, 0x224, 0x0FE, 0x400, 0x440, 0x74A, 0x5EE, 0x524, 0x544, 0x74A, 0x4FE]),
    ('\u{78E8}', [0x020, 0x7FE, 0x400, 0x5FE, 0x4CC, 0x5B2, 0x400, 0x5FE, 0x4FC, 0x782, 0x482, 0x8FE]),
    ('\u{78FA}', [0x024, 0x77E, 0x024, 0x4FE, 0x410, 0x77E, 0x552, 0xD7E, 0x552, 0x77E, 0x424, 0x0C2]),
    ('\u{793A}', [0x3FC, 0x000, 0x000, 0x7FE, 0x000, 0x000, 0x204, 0x204, 0x402, 0x042, 0x0C0, 0x000]),
    ('\u{795E}', [0x200, 0x000, 0x77E, 0x142, 0x142, 0x37E, 0x742, 0x2FE, 0x240, 0x200, 0x200, 0x200]),
    ('\u{7981}', [0x108, 0x7BE, 0x31C, 0x5AA, 0x108, 0x000, 0x3FC, 0x000, 0x7FE, 0x008, 0x204, 0x4C2]),
    ('\u{79BB}', [0x000, 0x040, 0x7FE, 0x090, 0x264, 0x294, 0x3FC, 0x040, 0x7FE, 0x492, 0x492, 0x482]),
    ('\u{79C1}', [0x080, 0x710, 0x110, 0x110, 0x7D0, 0x310, 0x3A4, 0x524, 0x522, 0x166, 0x17A, 0x100]),
    ('\u{79CD}', [0x008, 0x708, 0x208, 0x27E, 0x7CA, 0x34A, 0x34A, 0x6FE, 0xA08, 0x208, 0x208, 0x208]),
    ('\u{79D1}', [0x004, 0x724, 0x014, 0x004, 0x784, 0x324, 0x394, 0x684, 0x43E, 0x004, 0x004, 0x004]),
    ('\u{79D2}', [0x000, 0x700, 0x000, 0x022, 0x7C2, 0x342, 0x300, 0x682, 0x404, 0x008, 0x030, 0x040]),
    ('\u{79D8}', [0x100, 0x61A, 0x20C, 0x204, 0x724, 0x26E, 0x36A, 0x6B2, 0x630, 0x220, 0x260, 0x21C]),
    ('\u{79EF}', [0x080, 0x73E, 0x122, 0x122, 0x7E2, 0x322, 0x3BE, 0x780, 0x504, 0x122, 0x122, 0x140]),
    ('\u{79F0}', [0x020, 0x720, 0x03E, 0x04A, 0x7C8, 0x328, 0x32A, 0x60A, 0x44A, 0x048, 0x008, 0x010]),
    ('\u{79FB}', [0x110, 0x63C, 0x264, 0x22C, 0x798, 0x368, 0x31E, 0x622, 0x254, 0x208, 0x230, 0x240]),
    ('\u{7A00}', [0x104, 0x63C, 0x234, 0x250, 0x77E, 0x220, 0x748, 0x6FE, 0x24A, 0x24A, 0x20E, 0x200]),
    ('\u{7A0B}', [0x000, 0x3BE, 0x702, 0x002, 0x002, 0x7BE, 0x200, 0x37E, 0x688, 0x03E, 0x008, 0x008]),
    ('\u{7A0D}', [0x108, 0x64A, 0x22A, 0x208, 0x7FE, 0x242, 0x77E, 0x642, 0x27E, 0x242, 0x242, 0x246]),
    ('\u{7A33}', [0x000, 0x120, 0x63C, 0x248, 0x27E, 0x702, 0x27E, 0x302, 0x67C, 0x610, 0x2AA, 0x2A6]),
    ('\u{7A77}', [0x000, 0x040, 0x7FE, 0x402, 0x58A, 0x244, 0x040, 0x7FC, 0x044, 0x084, 0x084, 0x304]),
    ('\u{7A79}', [0x000, 0x040, 0x7FE, 0x402, 0x70C, 0x006, 0x1FC, 0x004, 0x3FC, 0x200, 0x3FC, 0x004]),
    ('\u{7A7A}', [0x040, 0x060, 0x7FE, 0x402, 0x108, 0x606, 0x3FC, 0x000, 0x000, 0x000, 0x000, 0x7FE]),
    ('\u{7A7F}', [0x000, 0x040, 0x7FE, 0x402, 0x118, 0x204, 0x3FE, 0x200, 0x3FE, 0x070, 0x0C0, 0x710]),
    ('\u{7A81}', [0x000, 0x040, 0x7FE, 0x402, 0x59A, 0x304, 0x050, 0x048, 0x7FE, 0x060, 0x090, 0x108]),
    ('\u{7A84}', [0x000, 0x040, 0x7FE, 0x492, 0x30C, 0x080, 0x1FE, 0x340, 0x67C, 0x040, 0x07C, 0x040]),
    ('\u{7A97}', [0x040, 0x7FE, 0x492, 0x10C, 0x442, 0x3FC, 0x2F4, 0x294, 0x264, 0x254, 0x204, 0x3FC]),
    ('\u{7ACB}', [0x000, 0x040, 0x000, 0x7FE, 0x000, 0x108, 0x108, 0x108, 0x090, 0x090, 0x010, 0x7FE]),
    ('\u{7AD6}', [0x000, 0x47C, 0x424, 0x42C, 0x418, 0x43C, 0x066, 0x000, 0x7FE, 0x108, 0x008, 0x7FE]),
    ('\u{7AD9}', [0x200, 0x000, 0x780, 0x00E, 0x480, 0x400, 0x03E, 0x102, 0x142, 0x7C2, 0x03E, 0x002]),
    ('\u{7ADE}', [0x040, 0x7FE, 0x108, 0x7FE, 0x000, 0x3FC, 0x204, 0x3FC, 0x090, 0x090, 0x112, 0x61E]),
    ('\u{7AE0}', [0x000, 0x040, 0x3FC, 0x108, 0x7FE, 0x000, 0x3FC, 0x3FC, 0x204, 0x3FC, 0x7FE, 0x000]),
    ('\u{7AEF}', [0x200, 0x242, 0x7C2, 0x07E, 0x500, 0x57E, 0x510, 0x57E, 0x142, 0x3C2, 0x042, 0x046]),
    ('\u{7B14}', [0x000, 0x210, 0x3FE, 0x528, 0x00C, 0x3E0, 0x040, 0x3F0, 0x040, 0x1FE, 0x440, 0x042]),
    ('\u{7B26}', [0x000, 0x210, 0x3FE, 0x528, 0x040, 0x104, 0x2FE, 0x604, 0x644, 0x264, 0x224, 0x204]),
    ('\u{7B2C}', [0x210, 0x3DE, 0x528, 0x404, 0x3FC, 0x040, 0x3FC, 0x240, 0x3FE, 0x0C2, 0x34C, 0x400]),
    ('\u{7B3C}', [0x000, 0x210, 0x3DE, 0x524, 0x000, 0x088, 0x7FE, 0x0A0, 0x0A4, 0x138, 0x130, 0x2E0]),
    ('\u{7B49}', [0x210, 0x3FE, 0x528, 0x000, 0x3FC, 0x000, 0x7FE, 0x008, 0x7FE, 0x108, 0x088, 0x038]),
    ('\u{7B4B}', [0x000, 0x210, 0x3FE, 0x568, 0x000, 0x390, 0x0FE, 0x392, 0x092, 0x792, 0x492, 0x4A2]),
    ('\u{7B51}', [0x000, 0x210, 0x3DE, 0x528, 0x404, 0x7BC, 0x204, 0x224, 0x214, 0x3CC, 0x744, 0x0C5]),
    ('\u{7B52}', [0x000, 0x210, 0x3FE, 0x528, 0x7FC, 0x002, 0x0FA, 0x002, 0x0F2, 0x092, 0x0F2, 0x082]),
    ('\u{7B54}', [0x000, 0x210, 0x3FE, 0x528, 0x040, 0x060, 0x198, 0x7FE, 0x000, 0x1FC, 0x004, 0x004]),
    ('\u{7B56}', [0x210, 0x3FE, 0x568, 0x060, 0x7FE, 0x020, 0x3FC, 0x220, 0x264, 0x1B8, 0x626, 0x020]),
    ('\u{7B5B}', [0x000, 0x210, 0x3FE, 0x420, 0x17E, 0x510, 0x57E, 0x552, 0x552, 0x152, 0x052, 0x254]),
    ('\u{7B7E}', [0x000, 0x210, 0x3FE, 0x528, 0x060, 0x090, 0x30C, 0x4F2, 0x000, 0x200, 0x128, 0x010]),
    ('\u{7B80}', [0x210, 0x3DE, 0x528, 0x000, 0x2FE, 0x402, 0x4F2, 0x492, 0x4F2, 0x4F2, 0x402, 0x40C]),
    ('\u{7B8D}', [0x000, 0x210, 0x7FE, 0x548, 0x27E, 0x240, 0x7C8, 0x27E, 0x3EA, 0x66A, 0x248, 0x240]),
    ('\u{7B97}', [0x000, 0x210, 0x7FE, 0x508, 0x3FC, 0x3FC, 0x204, 0x3FC, 0x3FC, 0x088, 0x7FE, 0x108]),
    ('\u{7BA1}', [0x000, 0x210, 0x7FE, 0x524, 0x040, 0x7FE, 0x5FA, 0x000, 0x1F8, 0x000, 0x1FC, 0x004]),
    ('\u{7BAD}', [0x000, 0x210, 0x3FE, 0x424, 0x108, 0x7FE, 0x000, 0x3D2, 0x3D2, 0x052, 0x3D2, 0x042]),
    ('\u{7BB1}', [0x000, 0x210, 0x3FE, 0x528, 0x100, 0x13E, 0x7E2, 0x33E, 0x3A2, 0x5BE, 0x522, 0x13E]),
    ('\u{7BEE}', [0x000, 0x210, 0x7FE, 0x424, 0x090, 0x0BE, 0x0A8, 0x088, 0x000, 0x3FC, 0x294, 0x294]),
    ('\u{7BF7}', [0x000, 0x210, 0x7FE, 0x568, 0x43C, 0x2E8, 0x07E, 0x67C, 0x210, 0x27C, 0x2FE, 0x710]),
    ('\u{7C07}', [0x000, 0x210, 0x7FE, 0x4A0, 0x020, 0x7BE, 0x250, 0x3BE, 0x2A8, 0x0BE, 0x488, 0x494]),
    ('\u{7C27}', [0x000, 0x210, 0x7FE, 0x400, 0x7FE, 0x010, 0x7FE, 0x3FC, 0x204, 0x3FC, 0x3FC, 0x108]),
    ('\u{7C73}', [0x000, 0x204, 0x204, 0x108, 0x000, 0x7FE, 0x0F0, 0x0D0, 0x108, 0x204, 0x402, 0x000]),
    ('\u{7C7B}', [0x000, 0x108, 0x108, 0x7FE, 0x0F0, 0x30C, 0x462, 0x040, 0x7FE, 0x0E0, 0x198, 0x606]),
    ('\u{7C92}', [0x000, 0x210, 0x280, 0x67E, 0x200, 0x7A4, 0x224, 0x324, 0x6A4, 0x624, 0x200, 0x27E]),
    ('\u{7C97}', [0x03C, 0x4A0, 0x4A0, 0x520, 0x7BC, 0x320, 0x320, 0x6BC, 0x420, 0x020, 0x020, 0x07E]),
    ('\u{7C98}', [0x000, 0x100, 0x580, 0x58E, 0x100, 0x780, 0x300, 0x33E, 0x7C2, 0x542, 0x102, 0x13E]),
    ('\u{7CB9}', [0x208, 0x288, 0x6FE, 0x724, 0x7A4, 0x25A, 0x300, 0x7FE, 0x608, 0x208, 0x208, 0x200]),
    ('\u{7CBE}', [0x200, 0x2FE, 0x73E, 0x200, 0x77E, 0x200, 0x33E, 0x73E, 0x602, 0xA3E, 0x202, 0x206]),
    ('\u{7CCA}', [0x000, 0x20E, 0x208, 0x708, 0x7FE, 0x708, 0x208, 0x3F8, 0x79E, 0x698, 0x2F8, 0x282]),
    ('\u{7CDF}', [0x000, 0x200, 0x2FE, 0x700, 0x27E, 0x77E, 0x242, 0x37E, 0x77E, 0x642, 0x27E, 0x242]),
    ('\u{7CFB}', [0x00C, 0x3E0, 0x080, 0x110, 0x3E0, 0x0C8, 0x3BC, 0x362, 0x128, 0x224, 0x622, 0x0C0]),
    ('\u{7D20}', [0x000, 0x7FE, 0x3FC, 0x000, 0x7FE, 0x080, 0x3E0, 0x18C, 0x7FE, 0x128, 0x224, 0x4C2]),
    ('\u{7D22}', [0x000, 0x7FE, 0x000, 0x7FE, 0x442, 0x190, 0x3E0, 0x18C, 0x7FE, 0x128, 0x224, 0x0C0]),
    ('\u{7D27}', [0x17C, 0x524, 0x518, 0x518, 0x166, 0x090, 0x3E0, 0x08C, 0x3FE, 0x120, 0x32C, 0x4C2]),
    ('\u{7D2B}', [0x100, 0x5DE, 0x510, 0x502, 0x7DE, 0x0C0, 0x3F0, 0x0CC, 0x3FE, 0x128, 0x224, 0x4C2]),
    ('\u{7D2F}', [0x3FC, 0x200, 0x3FC, 0x200, 0x3FC, 0x190, 0x3E0, 0x08C, 0x7FE, 0x000, 0x20C, 0x4C2]),
    ('\u{7EA2}', [0x000, 0x100, 0x27E, 0x208, 0x488, 0x708, 0x208, 0x208, 0x788, 0x008, 0x188, 0x67E]),
    ('\u{7EA6}', [0x000, 0x100, 0x220, 0x23E, 0x4C2, 0x742, 0x222, 0x212, 0x78A, 0x002, 0x082, 0x702]),
    ('\u{7EA7}', [0x000, 0x27C, 0x224, 0x528, 0x72E, 0x222, 0x630, 0x614, 0x04C, 0x34C, 0x496, 0x0A2]),
    ('\u{7EAA}', [0x100, 0x23E, 0x202, 0x482, 0x702, 0x33E, 0x222, 0x7A0, 0x020, 0x020, 0x7A2, 0x03E]),
    ('\u{7EAC}', [0x010, 0x210, 0x27E, 0x410, 0x77C, 0x210, 0x47E, 0x612, 0x012, 0x192, 0x616, 0x010]),
    ('\u{7EAF}', [0x000, 0x208, 0x27E, 0x488, 0x74A, 0x24A, 0x24A, 0x77E, 0x00A, 0x188, 0x609, 0x00E]),
    ('\u{7EB3}', [0x000, 0x200, 0x200, 0x47E, 0x752, 0x252, 0x25A, 0x766, 0x066, 0x042, 0x642, 0x046]),
    ('\u{7EB8}', [0x006, 0x278, 0x248, 0x4C8, 0x748, 0x27E, 0x248, 0x7C0, 0x040, 0x044, 0x774, 0x042]),
    ('\u{7EB9}', [0x010, 0x210, 0x208, 0x4FE, 0x524, 0x624, 0x224, 0x718, 0x418, 0x018, 0x664, 0x082]),
    ('\u{7EBF}', [0x010, 0x210, 0x216, 0x4F8, 0x710, 0x21E, 0x270, 0x702, 0x00C, 0x188, 0x62C, 0x006]),
    ('\u{7EC3}', [0x000, 0x200, 0x2FE, 0x020, 0x520, 0x570, 0x240, 0x27E, 0x700, 0x044, 0x142, 0x482]),
    ('\u{7EC4}', [0x000, 0x23C, 0x220, 0x4A0, 0x73C, 0x220, 0x220, 0x73C, 0x020, 0x1A0, 0x620, 0x07E]),
    ('\u{7EC6}', [0x100, 0x27E, 0x24A, 0x4CA, 0x74A, 0x27E, 0x64A, 0x74A, 0x04A, 0x0CA, 0x77E, 0x040]),
    ('\u{7EC7}', [0x000, 0x27E, 0x242, 0x4C2, 0x542, 0x742, 0x27E, 0x780, 0x424, 0x024, 0x742, 0x002]),
    ('\u{7EC8}', [0x000, 0x210, 0x23C, 0x064, 0x5D4, 0xF18, 0x23C, 0x062, 0x718, 0x000, 0x020, 0x718]),
    ('\u{7ECF}', [0x000, 0x27C, 0x204, 0x488, 0x538, 0x766, 0x200, 0x77E, 0x400, 0x000, 0x700, 0x07E]),
    ('\u{7ED1}', [0x200, 0x20E, 0x0FA, 0x50A, 0x708, 0x668, 0x20A, 0x7F8, 0x048, 0x34E, 0x448, 0x088]),
    ('\u{7ED3}', [0x008, 0x208, 0x27E, 0x488, 0x708, 0x37E, 0x200, 0x7BE, 0x002, 0x182, 0x43E, 0x002]),
    ('\u{7ED5}', [0x220, 0x222, 0x270, 0x514, 0x718, 0x246, 0x400, 0x77E, 0x028, 0x128, 0x648, 0x086]),
    ('\u{7ED8}', [0x000, 0x210, 0x218, 0x024, 0x546, 0x7FC, 0x200, 0x200, 0x77E, 0x420, 0x124, 0x66E]),
    ('\u{7ED9}', [0x010, 0x218, 0x22C, 0x566, 0x77E, 0x200, 0x200, 0x77C, 0x044, 0x144, 0x47C, 0x044]),
    ('\u{7EDC}', [0x000, 0x000, 0x23E, 0x266, 0x5F4, 0x718, 0x23C, 0x262, 0x73E, 0x002, 0x182, 0x43E]),
    ('\u{7EDD}', [0x000, 0x020, 0x23C, 0x244, 0x4C8, 0x57E, 0x242, 0x242, 0x77E, 0x040, 0x0C0, 0x742]),
    ('\u{7EDF}', [0x010, 0x200, 0x27E, 0x410, 0x724, 0x27E, 0x220, 0x728, 0x028, 0x128, 0x648, 0x086]),
    ('\u{7EE7}', [0x208, 0x26A, 0x24A, 0x448, 0x77E, 0x24C, 0x25C, 0x74A, 0x048, 0x148, 0x47E, 0x000]),
    ('\u{7EEA}', [0x010, 0x212, 0x27E, 0x414, 0x77E, 0x210, 0x27E, 0x7E2, 0x03E, 0x122, 0x43E, 0x022]),
    ('\u{7EED}', [0x010, 0x27C, 0x210, 0x57E, 0x702, 0x228, 0x248, 0x708, 0x47E, 0x110, 0x624, 0x042]),
    ('\u{7EF3}', [0x000, 0x27E, 0x242, 0x53C, 0x77E, 0x242, 0x47E, 0x742, 0x07E, 0x140, 0x600, 0x00E]),
    ('\u{7EF4}', [0x028, 0x228, 0x03E, 0x548, 0x7C8, 0x23E, 0x008, 0x73E, 0x008, 0x188, 0x63E, 0x000]),
    ('\u{7EFF}', [0x000, 0x27C, 0x202, 0x03E, 0x502, 0x77E, 0x208, 0x44A, 0x72C, 0x01C, 0x16E, 0x64A]),
    ('\u{7F00}', [0x000, 0x2EE, 0x022, 0x564, 0x66A, 0x280, 0x4FE, 0x62A, 0x0EA, 0x364, 0x48E, 0x112]),
    ('\u{7F13}', [0x006, 0x270, 0x254, 0x5FE, 0xF20, 0x2FE, 0x020, 0x73C, 0x064, 0x1D8, 0x49C, 0x062]),
    ('\u{7F16}', [0x000, 0x210, 0x27E, 0x242, 0x542, 0x57E, 0x27E, 0x456, 0x756, 0x07E, 0x396, 0x496]),
    ('\u{7F18}', [0x020, 0x23C, 0x27C, 0x504, 0x77E, 0x230, 0x256, 0x73C, 0x048, 0x11A, 0x44A, 0x010]),
    ('\u{7F1D}', [0x000, 0x200, 0x29E, 0x274, 0x50C, 0x532, 0x6DE, 0x248, 0x75C, 0x07E, 0x348, 0x4E0]),
    ('\u{7F29}', [0x000, 0x010, 0x27E, 0x280, 0x57E, 0x748, 0x248, 0x2DE, 0x752, 0x05E, 0x352, 0x45E]),
    ('\u{7F3A}', [0x000, 0x408, 0x788, 0x43E, 0x00A, 0x00A, 0x78A, 0x03E, 0x498, 0x494, 0x594, 0x6A2]),
    ('\u{7F51}', [0x7FE, 0x402, 0x44A, 0x5AA, 0x592, 0x492, 0x4DA, 0x562, 0x622, 0x402, 0x40E, 0x000]),
    ('\u{7F5A}', [0x3FE, 0x492, 0x492, 0x3FE, 0x200, 0x102, 0x002, 0x702, 0x102, 0x102, 0x1C2, 0x10C]),
    ('\u{7F69}', [0x3FC, 0x492, 0x7FE, 0x040, 0x07E, 0x3FC, 0x204, 0x3FC, 0x3FC, 0x000, 0x7FE, 0x000]),
    ('\u{7F6E}', [0x3FC, 0x492, 0x7FE, 0x040, 0x7FE, 0x1F8, 0x204, 0x204, 0x3FC, 0x3FC, 0x204, 0x7FE]),
    ('\u{7F72}', [0x3FC, 0x492, 0x7FE, 0x040, 0x3FC, 0x048, 0x7FE, 0x0FC, 0x704, 0x1FC, 0x104, 0x1FC]),
    ('\u{7F8E}', [0x108, 0x108, 0x7FE, 0x000, 0x3FC, 0x000, 0x7FE, 0x040, 0x7FE, 0x060, 0x198, 0x606]),
    ('\u{7FA4}', [0x002, 0x7D2, 0x050, 0x7FE, 0x248, 0x79E, 0x208, 0x7C8, 0x67E, 0x248, 0x3C8, 0x208]),
    ('\u{7FD4}', [0x000, 0x57E, 0x112, 0x7DA, 0x212, 0x712, 0x212, 0x236, 0xFDA, 0x212, 0x412, 0x426]),
    ('\u{7FFB}', [0x080, 0x53E, 0x582, 0x7EE, 0x316, 0x552, 0x502, 0x7DE, 0x7CA, 0x542, 0x7C2, 0x416]),
    ('\u{7FFC}', [0x7BE, 0x212, 0x39E, 0x422, 0x3FC, 0x3FC, 0x264, 0x198, 0x7FE, 0x7FE, 0x118, 0x602]),
    ('\u{8001}', [0x040, 0x046, 0x3FC, 0x058, 0x7FE, 0x040, 0x180, 0x798, 0x4E0, 0x082, 0x082, 0x0FC]),
    ('\u{8003}', [0x040, 0x3F4, 0x048, 0x058, 0x7FE, 0x0C0, 0x1FC, 0x680, 0x1F8, 0x008, 0x008, 0x070]),
    ('\u{8005}', [0x040, 0x044, 0x3FC, 0x058, 0x7FE, 0x0C0, 0x1FC, 0x504, 0x1FC, 0x104, 0x104, 0x1FC]),
    ('\u{800C}', [0x7FE, 0x040, 0x040, 0x7FE, 0x492, 0x492, 0x492, 0x492, 0x492, 0x492, 0x40C, 0x000]),
    ('\u{8010}', [0x000, 0x7E0, 0x100, 0x7DE, 0x480, 0x490, 0x480, 0x488, 0x480, 0x480, 0x480, 0x44C]),
    ('\u{8017}', [0x004, 0x798, 0x010, 0x79A, 0x03C, 0x010, 0x780, 0x33E, 0x790, 0x400, 0x000, 0x00E]),
    ('\u{8026}', [0x23E, 0x78A, 0x23E, 0x78A, 0x23E, 0x208, 0x77E, 0x349, 0x6CD, 0x67F, 0x241, 0x242]),
    ('\u{8033}', [0x7FE, 0x108, 0x108, 0x1F8, 0x108, 0x1F8, 0x108, 0x108, 0x3FE, 0x408, 0x008, 0x000]),
    ('\u{8054}', [0x000, 0x7A4, 0x484, 0x7BE, 0x488, 0x488, 0x7FE, 0x498, 0x498, 0x794, 0x0A6, 0x0C2]),
    ('\u{805A}', [0x7C0, 0x05E, 0x3C4, 0x3CC, 0x056, 0x7C0, 0x3F0, 0x0E4, 0x738, 0x0C8, 0x706, 0x000]),
    ('\u{8089}', [0x020, 0x020, 0x7FE, 0x442, 0x4F2, 0x58A, 0x442, 0x462, 0x4B2, 0x58A, 0x402, 0x40E]),
    ('\u{808B}', [0x000, 0x790, 0x490, 0x490, 0x7FE, 0x492, 0x492, 0x492, 0x792, 0x492, 0x4A2, 0x4A2]),
    ('\u{8098}', [0x000, 0x784, 0x484, 0x484, 0x7FE, 0x484, 0x484, 0x4A4, 0x794, 0x494, 0x484, 0x484]),
    ('\u{80A2}', [0x000, 0x700, 0x400, 0x47E, 0x500, 0x500, 0x47E, 0x422, 0x724, 0x414, 0x418, 0x03C]),
    ('\u{80A4}', [0x000, 0x780, 0x480, 0x4FE, 0x480, 0x780, 0x480, 0x4FE, 0x798, 0x498, 0x4A4, 0x4A2]),
    ('\u{80A9}', [0x000, 0x040, 0x3FC, 0x204, 0x204, 0x3FC, 0x2FC, 0x300, 0x1FC, 0x500, 0x5FC, 0x500]),
    ('\u{80C0}', [0x722, 0x424, 0x42C, 0x738, 0x420, 0x4FE, 0x428, 0x728, 0x424, 0x424, 0x03A, 0x320]),
    ('\u{80C1}', [0x000, 0x710, 0x510, 0x57C, 0x514, 0x714, 0x556, 0x546, 0x766, 0x5A4, 0x524, 0x144]),
    ('\u{80C6}', [0x780, 0x4BE, 0x4A2, 0x4A2, 0x7BE, 0x4A2, 0x4A2, 0x7A2, 0x4BE, 0x480, 0x480, 0x1FE]),
    ('\u{80CC}', [0x080, 0x79C, 0x090, 0x392, 0x09E, 0x1F8, 0x204, 0x3FC, 0x204, 0x3FC, 0x204, 0x218]),
    ('\u{80CE}', [0x710, 0x410, 0x424, 0x724, 0x446, 0x4F2, 0x400, 0x77E, 0x442, 0x442, 0x87E, 0x300]),
    ('\u{80D6}', [0x000, 0x7C2, 0x4A4, 0x4A0, 0x7FE, 0x480, 0x480, 0x7FE, 0x480, 0x480, 0x480, 0x100]),
    ('\u{80DB}', [0x700, 0x47E, 0x44A, 0x74A, 0x47E, 0x44A, 0x44A, 0x77E, 0x448, 0x408, 0x408, 0x308]),
    ('\u{80DC}', [0x000, 0x708, 0x428, 0x408, 0x77E, 0x4C8, 0x4C8, 0x408, 0x77E, 0x408, 0x408, 0x408]),
    ('\u{80DE}', [0x720, 0x420, 0x47E, 0x442, 0x7FA, 0x44A, 0x77A, 0x442, 0x44C, 0x440, 0x142, 0x33E]),
    ('\u{80E1}', [0x100, 0x11E, 0x112, 0x7D2, 0x11E, 0x112, 0x7D2, 0x45E, 0x442, 0x7E2, 0x422, 0x046]),
    ('\u{80F6}', [0x000, 0x710, 0x400, 0x47E, 0x400, 0x724, 0x442, 0x4A4, 0x704, 0x418, 0x418, 0x424]),
    ('\u{80F8}', [0x000, 0x720, 0x57E, 0x540, 0x780, 0x5AC, 0x554, 0x554, 0x764, 0x54E, 0x57E, 0x102]),
    ('\u{80FD}', [0x200, 0x282, 0x498, 0x650, 0x012, 0x79E, 0x780, 0x406, 0x798, 0x400, 0x410, 0x59E]),
    ('\u{8106}', [0x000, 0x720, 0x53C, 0x544, 0x7FE, 0x5C0, 0x55E, 0x552, 0x752, 0x556, 0x550, 0x1D0]),
    ('\u{8109}', [0x000, 0x738, 0x40C, 0x400, 0x778, 0x40A, 0x4EE, 0x42C, 0x72C, 0x44C, 0x4CA, 0x088]),
    ('\u{810A}', [0x020, 0x14C, 0x060, 0x696, 0x198, 0x7FE, 0x108, 0x1F8, 0x108, 0x1F8, 0x108, 0x018]),
    ('\u{810F}', [0x000, 0x700, 0x508, 0x57E, 0x748, 0x548, 0x548, 0x55E, 0x748, 0x548, 0x548, 0x1C8]),
    ('\u{811A}', [0x000, 0x70E, 0x50A, 0x57A, 0x50A, 0x50A, 0x5FA, 0x54A, 0x74A, 0x54A, 0x5FE, 0x108]),
    ('\u{8131}', [0x000, 0x724, 0x424, 0x404, 0x77E, 0x442, 0x442, 0x47E, 0x720, 0x420, 0x420, 0x461]),
    ('\u{8138}', [0x010, 0x718, 0x524, 0x542, 0x7BC, 0x500, 0x552, 0x742, 0x504, 0x504, 0x9FE, 0x300]),
    ('\u{816E}', [0x700, 0x47E, 0x442, 0x77E, 0x442, 0x47E, 0x400, 0x76A, 0x462, 0x4A2, 0x1A4, 0x31C]),
    ('\u{8170}', [0x700, 0x57E, 0x508, 0x77E, 0x54A, 0x57E, 0x500, 0x77E, 0x524, 0x568, 0x91C, 0xB62]),
    ('\u{8179}', [0x720, 0x43E, 0x440, 0x7FE, 0x43E, 0x402, 0x43C, 0x73C, 0x464, 0x498, 0x43C, 0x342]),
    ('\u{817F}', [0x71E, 0x512, 0x552, 0x71E, 0x5D2, 0x55E, 0x55A, 0x754, 0x554, 0x552, 0x1E0, 0x39E]),
    ('\u{819B}', [0x742, 0x524, 0x500, 0x77E, 0x542, 0x504, 0x53C, 0x700, 0x500, 0x57E, 0x900, 0x3FE]),
    ('\u{819D}', [0x700, 0x47E, 0x43C, 0x7C2, 0x418, 0x438, 0x466, 0x7C2, 0x424, 0x43C, 0x542, 0x310]),
    ('\u{81A8}', [0x722, 0x5F2, 0x524, 0x778, 0x502, 0x572, 0x514, 0x770, 0x552, 0x552, 0x97C, 0x208]),
    ('\u{81C2}', [0x388, 0x47E, 0x794, 0x7BE, 0x67E, 0x388, 0x3FC, 0x204, 0x3FC, 0x3FC, 0x204, 0x20C]),
    ('\u{81EA}', [0x040, 0x040, 0x3FC, 0x204, 0x204, 0x3FC, 0x204, 0x3FC, 0x204, 0x204, 0x3FC, 0x204]),
    ('\u{81F3}', [0x7FE, 0x080, 0x108, 0x3FC, 0x002, 0x000, 0x3FC, 0x000, 0x000, 0x000, 0x7FE, 0x000]),
    ('\u{81F4}', [0x010, 0x7D0, 0x210, 0x29E, 0x7B0, 0x074, 0x114, 0x7CC, 0x108, 0x15C, 0x7B6, 0x022]),
    ('\u{820C}', [0x00C, 0x3E0, 0x000, 0x000, 0x7FE, 0x000, 0x000, 0x3FC, 0x204, 0x204, 0x3FC, 0x204]),
    ('\u{820D}', [0x000, 0x060, 0x0F0, 0x108, 0x7FE, 0x000, 0x7FE, 0x000, 0x000, 0x3FC, 0x204, 0x3FC]),
    ('\u{822A}', [0x000, 0x010, 0x788, 0x4FE, 0x680, 0x4BC, 0x4A4, 0x7A4, 0x4A4, 0x5A4, 0x4A4, 0x4A5]),
    ('\u{8272}', [0x080, 0x1F0, 0x110, 0x220, 0x7FC, 0x224, 0x224, 0x3FC, 0x200, 0x200, 0x202, 0x1FE]),
    ('\u{8282}', [0x108, 0x7FE, 0x108, 0x108, 0x000, 0x7FC, 0x084, 0x084, 0x084, 0x09C, 0x080, 0x080]),
    ('\u{829C}', [0x100, 0x7FE, 0x100, 0x000, 0x3FC, 0x000, 0x7FE, 0x060, 0x060, 0x0A0, 0x122, 0x41E]),
    ('\u{82B1}', [0x000, 0x000, 0x7FE, 0x000, 0x000, 0x120, 0x326, 0x238, 0x630, 0x060, 0x020, 0x022]),
    ('\u{82E5}', [0x108, 0x7FE, 0x108, 0x040, 0x7FE, 0x080, 0x100, 0x1FC, 0x704, 0x504, 0x1FC, 0x100]),
    ('\u{82F1}', [0x108, 0x7FE, 0x108, 0x040, 0x3FC, 0x244, 0x244, 0x7FE, 0x060, 0x090, 0x30C, 0x406]),
    ('\u{82F9}', [0x108, 0x7FE, 0x100, 0x7FE, 0x000, 0x204, 0x108, 0x108, 0x7FE, 0x000, 0x000, 0x000]),
    ('\u{8303}', [0x108, 0x7FE, 0x108, 0x000, 0x37C, 0x040, 0x640, 0x04C, 0x140, 0x240, 0x242, 0x47E]),
    ('\u{8349}', [0x000, 0x7FE, 0x100, 0x3FC, 0x204, 0x3FC, 0x204, 0x3FC, 0x000, 0x7FE, 0x000, 0x000]),
    ('\u{8352}', [0x108, 0x7FE, 0x108, 0x020, 0x7FE, 0x200, 0x3FC, 0x000, 0x148, 0x248, 0x248, 0x406]),
    ('\u{8361}', [0x100, 0x7FE, 0x000, 0x2FC, 0x018, 0x060, 0x6FE, 0x02A, 0x042, 0x292, 0x422, 0x46C]),
    ('\u{836F}', [0x100, 0x7FE, 0x100, 0x010, 0x23E, 0x4A2, 0x742, 0x212, 0x792, 0x002, 0x782, 0x00C]),
    ('\u{8377}', [0x100, 0x7FE, 0x108, 0x100, 0x3FE, 0x204, 0x6F4, 0x294, 0x294, 0x2F4, 0x204, 0x20C]),
    ('\u{83AB}', [0x108, 0x7FE, 0x000, 0x3FC, 0x204, 0x3FC, 0x3FC, 0x040, 0x7FE, 0x0F0, 0x198, 0x606]),
    ('\u{83B7}', [0x000, 0x7FE, 0x000, 0x000, 0x314, 0x310, 0x57E, 0x110, 0x718, 0x120, 0x144, 0x282]),
    ('\u{83DC}', [0x000, 0x7FE, 0x018, 0x7F0, 0x000, 0x244, 0x040, 0x7FE, 0x0F0, 0x108, 0x606, 0x000]),
    ('\u{83F2}', [0x000, 0x7FE, 0x000, 0x090, 0x79E, 0x090, 0x79E, 0x090, 0x090, 0x79E, 0x090, 0x090]),
    ('\u{8425}', [0x108, 0x7FE, 0x108, 0x7FE, 0x402, 0x5FA, 0x108, 0x1F8, 0x3FC, 0x204, 0x204, 0x3FC]),
    ('\u{843D}', [0x100, 0x7FE, 0x000, 0x27C, 0x044, 0x4B8, 0x23C, 0x0C6, 0x17C, 0x244, 0x644, 0x47C]),
    ('\u{8457}', [0x100, 0x7FE, 0x000, 0x3F4, 0x048, 0x7FE, 0x0C0, 0x3FC, 0x504, 0x1FC, 0x104, 0x1FC]),
    ('\u{84DD}', [0x100, 0x7FE, 0x000, 0x090, 0x0BE, 0x0A8, 0x084, 0x000, 0x3FC, 0x294, 0x294, 0x7FE]),
    ('\u{853D}', [0x000, 0x7FE, 0x100, 0x540, 0x55E, 0x7D2, 0x534, 0x78C, 0x74C, 0x54C, 0x516, 0x462]),
    ('\u{8584}', [0x000, 0x7FE, 0x100, 0x016, 0x2FE, 0x07C, 0x492, 0x292, 0x0FE, 0x092, 0x2FE, 0x440]),
    ('\u{85CF}', [0x000, 0x7FE, 0x008, 0x1FE, 0x408, 0x6EA, 0x0E8, 0x09C, 0x6FC, 0x488, 0x6FD, 0x212]),
    ('\u{8651}', [0x040, 0x07C, 0x040, 0x3FE, 0x042, 0x1E0, 0x43E, 0x400, 0x414, 0x542, 0x542, 0x078]),
    ('\u{865A}', [0x040, 0x07C, 0x040, 0x3FE, 0x07A, 0x042, 0x03E, 0x450, 0x554, 0x554, 0x450, 0x3FE]),
    ('\u{867D}', [0x3FC, 0x204, 0x204, 0x3FC, 0x040, 0x3FC, 0x244, 0x244, 0x3FC, 0x048, 0x07C, 0x602]),
    ('\u{8702}', [0x010, 0x23C, 0x224, 0x7DC, 0x698, 0x6C2, 0x7BE, 0x208, 0x2BC, 0x3FE, 0x788, 0x008]),
    ('\u{87BA}', [0x27E, 0x242, 0x77E, 0x642, 0x67E, 0x624, 0x778, 0x222, 0x27E, 0x388, 0x6CA, 0x010]),
    ('\u{8840}', [0x040, 0x040, 0x040, 0x3FC, 0x294, 0x294, 0x294, 0x294, 0x294, 0x294, 0x7FE, 0x000]),
    ('\u{884C}', [0x100, 0x27E, 0x400, 0x100, 0x27E, 0x604, 0x604, 0x204, 0x204, 0x204, 0x204, 0x218]),
    ('\u{8854}', [0x240, 0x24E, 0x4E0, 0x100, 0x2EE, 0x640, 0x2F0, 0x240, 0x240, 0x250, 0x260, 0x20C]),
    ('\u{8857}', [0x240, 0x24E, 0x4F0, 0x240, 0x2FE, 0x604, 0xE44, 0x2F4, 0x244, 0x244, 0x3E4, 0x20C]),
    ('\u{8861}', [0x200, 0x6E6, 0x4A0, 0x3F0, 0x29E, 0x6F0, 0x690, 0x2F0, 0x2F0, 0x260, 0x290, 0x204]),
    ('\u{8865}', [0x210, 0x110, 0x790, 0x090, 0x118, 0x154, 0x392, 0x5D0, 0x110, 0x110, 0x110, 0x110]),
    ('\u{8868}', [0x000, 0x7FE, 0x000, 0x3FC, 0x000, 0x7FE, 0x0A0, 0x114, 0x718, 0x108, 0x1E6, 0x100]),
    ('\u{8870}', [0x000, 0x040, 0x7FE, 0x000, 0x3FC, 0x204, 0x7FE, 0x3FC, 0x0A0, 0x114, 0x718, 0x1E4]),
    ('\u{888B}', [0x128, 0x324, 0x2FE, 0x610, 0x208, 0x246, 0x000, 0x7FE, 0x1A4, 0x718, 0x16C, 0x102]),
    ('\u{88AB}', [0x200, 0x200, 0x77E, 0x142, 0x042, 0x2FE, 0x762, 0x754, 0x25C, 0x208, 0x294, 0x262]),
    ('\u{88AD}', [0x000, 0x098, 0x7FE, 0x0A4, 0x138, 0x370, 0x4DE, 0x040, 0x7FE, 0x1A4, 0x718, 0x12E]),
    ('\u{88C1}', [0x110, 0x7D4, 0x110, 0x7FE, 0x010, 0x092, 0x7E0, 0x30C, 0x6C8, 0x248, 0x3B4, 0x026]),
    ('\u{88C2}', [0x7E2, 0x102, 0x3C2, 0x642, 0x182, 0x646, 0x020, 0x7FE, 0x1A4, 0x718, 0x12C, 0x182]),
    ('\u{88C5}', [0x100, 0x510, 0x17E, 0x110, 0x710, 0x17E, 0x040, 0x7FE, 0x1A4, 0x718, 0x16C, 0x182]),
    ('\u{88D9}', [0x000, 0x27E, 0x012, 0x77E, 0x112, 0x27E, 0x320, 0x73E, 0x262, 0x2A2, 0x23E, 0x222]),
    ('\u{88F8}', [0x000, 0x27E, 0x042, 0x742, 0x17E, 0x142, 0x2FE, 0x300, 0x6FE, 0x218, 0x22C, 0x242]),
    ('\u{88F9}', [0x000, 0x7FE, 0x000, 0x3FC, 0x264, 0x3FC, 0x000, 0x7FE, 0x34C, 0x0E4, 0x718, 0x10C]),
    ('\u{8910}', [0x000, 0x23E, 0x242, 0x77E, 0x142, 0x17E, 0x3A0, 0x77E, 0x6C2, 0x25A, 0x242, 0x23E]),
    ('\u{897F}', [0x7FE, 0x090, 0x090, 0x7FE, 0x492, 0x492, 0x71E, 0x402, 0x402, 0x7FE, 0x402, 0x000]),
    ('\u{8981}', [0x7FE, 0x090, 0x3FC, 0x492, 0x492, 0x7FE, 0x080, 0x7FE, 0x108, 0x190, 0x0F8, 0x706]),
    ('\u{8986}', [0x7FE, 0x090, 0x7FE, 0x7FE, 0x240, 0x6C0, 0x5C4, 0x244, 0x660, 0x27C, 0x238, 0x2CE]),
    ('\u{89C1}', [0x3FC, 0x204, 0x244, 0x244, 0x244, 0x244, 0x264, 0x060, 0x0A0, 0x122, 0x61E, 0x000]),
    ('\u{89C2}', [0x000, 0x7BE, 0x082, 0x482, 0x502, 0x302, 0x302, 0x112, 0x318, 0x6A8, 0x468, 0x006]),
    ('\u{89C4}', [0x000, 0x23E, 0x222, 0x7A2, 0x22A, 0x22A, 0x7AA, 0x22A, 0x318, 0x298, 0x2A8, 0x468]),
    ('\u{89C6}', [0x000, 0x23E, 0x042, 0x742, 0x142, 0x142, 0x342, 0x752, 0x698, 0x218, 0x229, 0x268]),
    ('\u{89C8}', [0x000, 0x090, 0x49E, 0x4A8, 0x4AC, 0x084, 0x3FC, 0x204, 0x244, 0x264, 0x060, 0x1A2]),
    ('\u{89C9}', [0x244, 0x308, 0x7FE, 0x402, 0x5FA, 0x204, 0x244, 0x244, 0x264, 0x040, 0x182, 0x61E]),
    ('\u{89D2}', [0x080, 0x1F8, 0x310, 0x7FC, 0x220, 0x3FC, 0x220, 0x220, 0x3FC, 0x220, 0x420, 0x40C]),
    ('\u{89E3}', [0x200, 0x3BE, 0x492, 0x792, 0x564, 0x550, 0x7DE, 0x560, 0x7C0, 0x57E, 0x540, 0x080]),
    ('\u{89E6}', [0x208, 0x388, 0x4BE, 0x7AA, 0x56A, 0x7EA, 0x57E, 0x548, 0x7CA, 0x54A, 0x57E, 0x080]),
    ('\u{8A00}', [0x040, 0x020, 0x7FE, 0x000, 0x1F8, 0x000, 0x1F8, 0x000, 0x3FC, 0x204, 0x204, 0x3FC]),
    ('\u{8B66}', [0x000, 0x7D0, 0x21E, 0x7F4, 0x74C, 0x756, 0x0C0, 0x7FE, 0x1F8, 0x1F8, 0x1F8, 0x204]),
    ('\u{8BA1}', [0x000, 0x300, 0x000, 0x000, 0x6FE, 0x200, 0x200, 0x200, 0x200, 0x380, 0x300, 0x000]),
    ('\u{8BA4}', [0x010, 0x310, 0x110, 0x010, 0x610, 0x018, 0x018, 0x018, 0x024, 0x1A4, 0x342, 0x042]),
    ('\u{8BA9}', [0x010, 0x210, 0x010, 0x010, 0x61E, 0x210, 0x210, 0x210, 0x210, 0x390, 0x310, 0x2FE]),
    ('\u{8BAD}', [0x042, 0x242, 0x14A, 0x04A, 0x64A, 0x24A, 0x24A, 0x24A, 0x24A, 0x3CA, 0x282, 0x082]),
    ('\u{8BAE}', [0x000, 0x212, 0x052, 0x044, 0x644, 0x224, 0x228, 0x238, 0x210, 0x3B8, 0x364, 0x082]),
    ('\u{8BB0}', [0x000, 0x27E, 0x102, 0x002, 0x602, 0x27E, 0x240, 0x240, 0x240, 0x3C0, 0x342, 0x23E]),
    ('\u{8BB2}', [0x000, 0x024, 0x224, 0x0FE, 0x024, 0x624, 0x224, 0x224, 0x2FE, 0x224, 0x344, 0x244]),
    ('\u{8BB8}', [0x020, 0x240, 0x17E, 0x040, 0x680, 0x200, 0x2FE, 0x200, 0x200, 0x380, 0x300, 0x000]),
    ('\u{8BBA}', [0x010, 0x218, 0x128, 0x044, 0x6C2, 0x200, 0x20C, 0x230, 0x220, 0x380, 0x302, 0x23E]),
    ('\u{8BBE}', [0x23C, 0x324, 0x024, 0x044, 0x6C6, 0x200, 0x27E, 0x244, 0x224, 0x398, 0x33C, 0x0C6]),
    ('\u{8BBF}', [0x010, 0x210, 0x07E, 0x020, 0x620, 0x23C, 0x222, 0x220, 0x200, 0x344, 0x244, 0x09C]),
    ('\u{8BC1}', [0x000, 0x27E, 0x008, 0x008, 0x648, 0x24E, 0x248, 0x248, 0x248, 0x3C8, 0x348, 0x2FE]),
    ('\u{8BC4}', [0x000, 0x6FE, 0x210, 0x052, 0x654, 0x210, 0x2FE, 0x210, 0x210, 0x310, 0x210, 0x010]),
    ('\u{8BC6}', [0x000, 0x27E, 0x042, 0x042, 0x642, 0x242, 0x27E, 0x200, 0x224, 0x3A4, 0x242, 0x002]),
    ('\u{8BC9}', [0x004, 0x278, 0x140, 0x040, 0x67E, 0x248, 0x248, 0x258, 0x24E, 0x3C8, 0x288, 0x088]),
    ('\u{8BCA}', [0x010, 0x218, 0x024, 0x042, 0x690, 0x220, 0x208, 0x210, 0x226, 0x38C, 0x318, 0x060]),
    ('\u{8BCD}', [0x000, 0x2FE, 0x202, 0x07A, 0x602, 0x27A, 0x24A, 0x24A, 0x27A, 0x342, 0x202, 0x00E]),
    ('\u{8BD1}', [0x000, 0x27E, 0x224, 0x018, 0x63C, 0x2C2, 0x210, 0x27C, 0x210, 0x3FE, 0x210, 0x010]),
    ('\u{8BD5}', [0x000, 0x008, 0x30A, 0x0FE, 0x008, 0x608, 0x208, 0x278, 0x228, 0x220, 0x234, 0x3E6]),
    ('\u{8BDD}', [0x004, 0x278, 0x010, 0x010, 0x6FE, 0x210, 0x210, 0x27E, 0x242, 0x342, 0x342, 0x27E]),
    ('\u{8BE2}', [0x020, 0x260, 0x07E, 0x0C2, 0x6FA, 0x24A, 0x27A, 0x24A, 0x27A, 0x342, 0x202, 0x00C]),
    ('\u{8BE5}', [0x010, 0x210, 0x1FE, 0x020, 0x624, 0x278, 0x212, 0x224, 0x24C, 0x398, 0x366, 0x282]),
    ('\u{8BE6}', [0x000, 0x022, 0x224, 0x07E, 0x000, 0x600, 0x27E, 0x200, 0x200, 0x2FE, 0x300, 0x300]),
    ('\u{8BED}', [0x0FE, 0x200, 0x07C, 0x024, 0x624, 0x266, 0x200, 0x27E, 0x242, 0x3C2, 0x342, 0x27E]),
    ('\u{8BEF}', [0x000, 0x27E, 0x042, 0x07E, 0x600, 0x27E, 0x210, 0x210, 0x2FE, 0x218, 0x324, 0x0C2]),
    ('\u{8BF1}', [0x004, 0x278, 0x07E, 0x038, 0x634, 0x2D2, 0x278, 0x228, 0x22E, 0x322, 0x242, 0x08C]),
    ('\u{8BF4}', [0x000, 0x044, 0x224, 0x07C, 0x000, 0x600, 0x200, 0x27C, 0x228, 0x228, 0x328, 0x248]),
    ('\u{8BF7}', [0x010, 0x27E, 0x07E, 0x010, 0x6FE, 0x200, 0x27E, 0x27E, 0x242, 0x3FE, 0x342, 0x04C]),
    ('\u{8BFA}', [0x024, 0x2FE, 0x024, 0x010, 0x620, 0x2FE, 0x220, 0x27E, 0x2C2, 0x342, 0x27E, 0x002]),
    ('\u{8BFB}', [0x010, 0x27E, 0x010, 0x07E, 0x602, 0x228, 0x250, 0x200, 0x2FE, 0x310, 0x324, 0x0C2]),
    ('\u{8C01}', [0x028, 0x248, 0x07E, 0x0C8, 0x6C8, 0x27E, 0x248, 0x27E, 0x248, 0x348, 0x27E, 0x040]),
    ('\u{8C03}', [0x000, 0x27E, 0x012, 0x03A, 0x012, 0x63E, 0x202, 0x23A, 0x2A2, 0x3BA, 0x382, 0x006]),
    ('\u{8C0E}', [0x024, 0x2FE, 0x024, 0x010, 0x6FE, 0x240, 0x27E, 0x244, 0x254, 0x354, 0x255, 0x082]),
    ('\u{8C10}', [0x008, 0x60A, 0x27C, 0x008, 0x678, 0x2CE, 0x210, 0x27E, 0x242, 0x3FE, 0x342, 0x07E]),
    ('\u{8C41}', [0x000, 0x100, 0x7D4, 0x552, 0x7A8, 0x10C, 0x394, 0x7A2, 0x13E, 0x7C2, 0x442, 0x7DE]),
    ('\u{8C61}', [0x080, 0x1F0, 0x220, 0x7FC, 0x244, 0x3FC, 0x344, 0x4F8, 0x328, 0x094, 0x722, 0x060]),
    ('\u{8C79}', [0x000, 0x110, 0x620, 0x1BE, 0x542, 0x742, 0x1A2, 0x292, 0x48A, 0x182, 0x682, 0x082]),
    ('\u{8C8C}', [0x000, 0x108, 0x63E, 0x1C2, 0x582, 0x33E, 0x502, 0x33E, 0x490, 0x180, 0x6A0, 0x0A4]),
    ('\u{8D1D}', [0x3FC, 0x204, 0x204, 0x204, 0x204, 0x244, 0x244, 0x040, 0x090, 0x30C, 0x402, 0x000]),
    ('\u{8D1F}', [0x080, 0x1F0, 0x310, 0x620, 0x7FC, 0x204, 0x204, 0x244, 0x244, 0x0C0, 0x188, 0x606]),
    ('\u{8D21}', [0x3FC, 0x040, 0x7FE, 0x000, 0x3FC, 0x204, 0x244, 0x244, 0x040, 0x18C, 0x602, 0x000]),
    ('\u{8D23}', [0x000, 0x3FE, 0x3FC, 0x000, 0x7FE, 0x000, 0x3FC, 0x204, 0x244, 0x244, 0x09C, 0x602]),
    ('\u{8D25}', [0x000, 0x790, 0x410, 0x41E, 0x520, 0x524, 0x574, 0x514, 0x418, 0x208, 0x28C, 0x496]),
    ('\u{8D28}', [0x00C, 0x3F0, 0x220, 0x3FE, 0x220, 0x3FC, 0x100, 0x120, 0x520, 0x420, 0x4CC, 0x102]),
    ('\u{8D2A}', [0x000, 0x060, 0x098, 0x626, 0x3F8, 0x008, 0x010, 0x3FC, 0x204, 0x244, 0x244, 0x198]),
    ('\u{8D2F}', [0x1FC, 0x024, 0x7FE, 0x204, 0x3F8, 0x3FC, 0x204, 0x204, 0x244, 0x244, 0x098, 0x602]),
    ('\u{8D34}', [0x000, 0x788, 0x488, 0x48E, 0x488, 0x488, 0x4BE, 0x4A2, 0x222, 0x322, 0x4BE, 0x002]),
    ('\u{8D35}', [0x000, 0x3FC, 0x3FC, 0x000, 0x7FE, 0x000, 0x3FC, 0x204, 0x244, 0x244, 0x198, 0x602]),
    ('\u{8D39}', [0x090, 0x3FC, 0x3FC, 0x090, 0x7FE, 0x112, 0x7FC, 0x204, 0x244, 0x244, 0x38C, 0x602]),
    ('\u{8D44}', [0x000, 0x27E, 0x092, 0x038, 0x664, 0x082, 0x3FC, 0x204, 0x244, 0x244, 0x18C, 0x602]),
    ('\u{8D4B}', [0x004, 0x77A, 0x404, 0x6FE, 0x604, 0x614, 0x654, 0x65C, 0x254, 0x354, 0x579, 0x002]),
    ('\u{8D56}', [0x110, 0x7DC, 0x124, 0x7FE, 0x562, 0x56A, 0x7EA, 0x32A, 0x3AA, 0x508, 0x116, 0x120]),
    ('\u{8D62}', [0x000, 0x000, 0x7FE, 0x3FC, 0x3FC, 0x204, 0x000, 0x7EC, 0x788, 0x5DC, 0x7D4, 0x570]),
    ('\u{8D6D}', [0x000, 0x100, 0x7BE, 0x104, 0x104, 0x7FE, 0x210, 0x6BE, 0x6E2, 0x21E, 0x202, 0x41E]),
    ('\u{8D70}', [0x000, 0x3FC, 0x000, 0x000, 0x7FE, 0x000, 0x200, 0x23C, 0x300, 0x300, 0x4E0, 0x43E]),
    ('\u{8D77}', [0x100, 0x7DE, 0x102, 0x102, 0x7DE, 0x100, 0x500, 0x5C0, 0x500, 0x71E, 0x700, 0x8FE]),
    ('\u{8D85}', [0x000, 0x13E, 0x112, 0x792, 0x112, 0x7E4, 0x100, 0x53E, 0x5E2, 0x522, 0x73E, 0x700]),
    ('\u{8D8A}', [0x108, 0x10A, 0x7BE, 0x128, 0x7EA, 0x122, 0x524, 0x5B4, 0x52C, 0x712, 0x700, 0x8FE]),
    ('\u{8D8B}', [0x110, 0x11C, 0x7A4, 0x124, 0x7FE, 0x102, 0x5BE, 0x502, 0x73E, 0x700, 0x580, 0x8FE]),
    ('\u{8DB3}', [0x3FC, 0x204, 0x204, 0x3FC, 0x020, 0x120, 0x23C, 0x320, 0x320, 0x4E0, 0x43E, 0x000]),
    ('\u{8DB4}', [0x780, 0x4A4, 0x4A4, 0x7A4, 0x024, 0x5A4, 0x424, 0x420, 0x7C2, 0x642, 0x000, 0x000]),
    ('\u{8DC3}', [0x000, 0x79C, 0x488, 0x488, 0x788, 0x07E, 0x588, 0x418, 0x414, 0x7A4, 0x662, 0x040]),
    ('\u{8DD1}', [0x020, 0x7BE, 0x482, 0x4C2, 0x7FA, 0x00A, 0x58A, 0x43A, 0x404, 0x580, 0x700, 0x03E]),
    ('\u{8DD6}', [0x7FE, 0x490, 0x790, 0x120, 0x13E, 0x5E2, 0x562, 0x522, 0x5A2, 0x43E, 0x022, 0x000]),
    ('\u{8DDD}', [0x7BE, 0x4A0, 0x4A0, 0x7BE, 0x122, 0x5A2, 0x53E, 0x520, 0x7A0, 0x43E, 0x000, 0x000]),
    ('\u{8DDF}', [0x7BE, 0x482, 0x4BE, 0x782, 0x13E, 0x580, 0x50A, 0x50C, 0x5C4, 0x67A, 0x060, 0x000]),
    ('\u{8DE8}', [0x000, 0x790, 0x4FE, 0x4A4, 0x7FE, 0x000, 0x5FE, 0x420, 0x43C, 0x582, 0x600, 0x01C]),
    ('\u{8DEF}', [0x000, 0x790, 0x4BC, 0x4A4, 0x4F4, 0x7D8, 0x11C, 0x5E6, 0x57E, 0x522, 0x5A2, 0x622]),
    ('\u{8DF3}', [0x008, 0x708, 0x4CA, 0x4EA, 0x72C, 0x008, 0x52C, 0x46A, 0x428, 0x7A8, 0x649, 0x086]),
    ('\u{8E0F}', [0x008, 0x788, 0x4EE, 0x4AC, 0x74C, 0x00A, 0x5BE, 0x402, 0x43E, 0x782, 0x602, 0x03E]),
    ('\u{8E1D}', [0x77E, 0x442, 0x442, 0x47E, 0x742, 0x27E, 0x700, 0x77E, 0x618, 0x62C, 0x6C2, 0x000]),
    ('\u{8E22}', [0x03E, 0x7C2, 0x4FE, 0x4C2, 0x77E, 0x220, 0x7FE, 0x652, 0x62A, 0x7AA, 0x652, 0x016]),
    ('\u{8E29}', [0x702, 0x47C, 0x412, 0x442, 0x704, 0x200, 0x77E, 0x618, 0x63C, 0x72A, 0x64A, 0x000]),
    ('\u{8E2A}', [0x010, 0x708, 0x47E, 0x442, 0x73C, 0x000, 0x5FE, 0x408, 0x428, 0x5CA, 0x648, 0x010]),
    ('\u{8E6D}', [0x724, 0x424, 0x47E, 0x446, 0x742, 0x27E, 0x700, 0x63C, 0x600, 0x7BC, 0x63C, 0x000]),
    ('\u{8E72}', [0x024, 0x724, 0x4FE, 0x47E, 0x742, 0x042, 0x542, 0x47E, 0x47E, 0x524, 0x624, 0x008]),
    ('\u{8EAB}', [0x000, 0x040, 0x1F8, 0x008, 0x1F8, 0x008, 0x1FE, 0x00C, 0x7F8, 0x038, 0x048, 0x188]),
    ('\u{8EAF}', [0x000, 0x200, 0x7BE, 0x4A0, 0x7B2, 0x4AC, 0x7AC, 0x4A4, 0x7AC, 0x1B2, 0x6B0, 0x4A0]),
    ('\u{8EB2}', [0x000, 0x21C, 0x7A4, 0x4A4, 0x7A4, 0x4A6, 0x788, 0x4FE, 0x798, 0x19C, 0x6AA, 0x4CA]),
    ('\u{8EBA}', [0x000, 0x208, 0x72A, 0x4AA, 0x788, 0x4BE, 0x782, 0x49A, 0x792, 0x192, 0x29A, 0x482]),
    ('\u{8F66}', [0x000, 0x080, 0x080, 0x7FE, 0x100, 0x120, 0x220, 0x3FC, 0x020, 0x020, 0x7FE, 0x020]),
    ('\u{8F68}', [0x010, 0x210, 0x790, 0x23C, 0x514, 0x514, 0x794, 0x114, 0x1A4, 0x724, 0x125, 0x142]),
    ('\u{8F6C}', [0x000, 0x208, 0x7BE, 0x210, 0x010, 0x57E, 0x510, 0x7BE, 0x104, 0x184, 0x718, 0x10C]),
    ('\u{8F6E}', [0x200, 0x218, 0x798, 0x024, 0x542, 0x7A4, 0x128, 0x130, 0x3A0, 0x722, 0x122, 0x11C]),
    ('\u{8F6F}', [0x010, 0x110, 0x7DE, 0x222, 0x12A, 0x7C8, 0x108, 0x108, 0x7D4, 0x114, 0x122, 0x100]),
    ('\u{8F70}', [0x000, 0x080, 0x7FE, 0x120, 0x3FC, 0x020, 0x7FE, 0x020, 0x7BE, 0x494, 0x31C, 0x39C]),
    ('\u{8F74}', [0x000, 0x208, 0x788, 0x208, 0x03E, 0x50A, 0x78A, 0x13E, 0x10A, 0x7CA, 0x10A, 0x13E]),
    ('\u{8F7B}', [0x200, 0x23E, 0x784, 0x008, 0x51C, 0x7E2, 0x100, 0x13E, 0x188, 0x708, 0x108, 0x17E]),
    ('\u{8F7D}', [0x014, 0x7D2, 0x010, 0x7FE, 0x110, 0x7E2, 0x28C, 0x7EC, 0x088, 0x1E8, 0x694, 0x0A6]),
    ('\u{8F7F}', [0x000, 0x204, 0x7B8, 0x210, 0x07E, 0x514, 0x7A2, 0x144, 0x104, 0x7A4, 0x124, 0x124]),
    ('\u{8F83}', [0x000, 0x200, 0x208, 0x7FE, 0x004, 0x522, 0x7E4, 0x114, 0x118, 0x788, 0x11C, 0x126]),
    ('\u{8F85}', [0x208, 0x20A, 0x7FE, 0x008, 0x53E, 0x50A, 0x7BE, 0x10A, 0x1BE, 0x70A, 0x10A, 0x10A]),
    ('\u{8F86}', [0x200, 0x27E, 0x700, 0x400, 0x47E, 0x44A, 0x74A, 0x07E, 0x36E, 0x642, 0x042, 0x046]),
    ('\u{8F90}', [0x000, 0x200, 0x7FE, 0x03C, 0x402, 0x53E, 0x780, 0x17E, 0x14A, 0x77E, 0x14A, 0x14A]),
    ('\u{8F91}', [0x23C, 0x222, 0x7BE, 0x300, 0x57E, 0x7A2, 0x13E, 0x122, 0x7BE, 0x122, 0x17E, 0x102]),
    ('\u{8F93}', [0x000, 0x210, 0x738, 0x066, 0x4FE, 0x400, 0x472, 0x752, 0x072, 0x372, 0x652, 0x052]),
    ('\u{8F99}', [0x204, 0x7F0, 0x44E, 0x44A, 0x45A, 0x77A, 0x016, 0x074, 0x394, 0x674, 0x01A, 0x020]),
    ('\u{8FA8}', [0x020, 0x224, 0x72E, 0x56A, 0x56A, 0x7BE, 0x224, 0x724, 0x22E, 0x244, 0x444, 0x484]),
    ('\u{8FB9}', [0x400, 0x210, 0x0FE, 0x022, 0x622, 0x222, 0x222, 0x242, 0x2C2, 0x28C, 0x700, 0x0FE]),
    ('\u{8FBE}', [0x010, 0x410, 0x210, 0x0FE, 0x010, 0x630, 0x228, 0x264, 0x242, 0x280, 0x500, 0x07E]),
    ('\u{8FC1}', [0x004, 0x6F0, 0x210, 0x010, 0x0FE, 0x610, 0x210, 0x210, 0x210, 0x210, 0x700, 0x07E]),
    ('\u{8FC2}', [0x000, 0x4FE, 0x210, 0x010, 0x0FE, 0x610, 0x210, 0x210, 0x210, 0x230, 0x580, 0x07E]),
    ('\u{8FC7}', [0x404, 0x204, 0x2FE, 0x004, 0x004, 0x644, 0x224, 0x204, 0x204, 0x218, 0x580, 0x07E]),
    ('\u{8FC8}', [0x000, 0x4FE, 0x220, 0x020, 0x03E, 0x602, 0x242, 0x242, 0x284, 0x20C, 0x700, 0x4FE]),
    ('\u{8FCE}', [0x020, 0x4DE, 0x292, 0x092, 0x092, 0x692, 0x292, 0x2F2, 0x296, 0x210, 0x700, 0x07E]),
    ('\u{8FD0}', [0x000, 0x47E, 0x200, 0x000, 0x0FE, 0x620, 0x264, 0x244, 0x2FE, 0x202, 0x700, 0x47E]),
    ('\u{8FD1}', [0x006, 0x670, 0x240, 0x040, 0x07E, 0x648, 0x248, 0x248, 0x288, 0x288, 0x700, 0x07E]),
    ('\u{8FD4}', [0x006, 0x678, 0x200, 0x07C, 0x004, 0x6A4, 0x298, 0x298, 0x2B4, 0x262, 0x700, 0x0FE]),
    ('\u{8FD8}', [0x000, 0x2FE, 0x010, 0x030, 0x638, 0x254, 0x292, 0x210, 0x210, 0x210, 0x700, 0x0FE]),
    ('\u{8FD9}', [0x000, 0x020, 0x410, 0x2FE, 0x004, 0x0C8, 0x668, 0x210, 0x238, 0x244, 0x282, 0x700]),
    ('\u{8FDB}', [0x420, 0x224, 0x0FE, 0x024, 0x024, 0x624, 0x2FE, 0x244, 0x244, 0x284, 0x700, 0x07E]),
    ('\u{8FDC}', [0x000, 0x47C, 0x200, 0x000, 0x0FE, 0x628, 0x208, 0x248, 0x24A, 0x28E, 0x700, 0x07E]),
    ('\u{8FDD}', [0x010, 0x6FE, 0x210, 0x010, 0x0FE, 0x610, 0x2FE, 0x212, 0x212, 0x214, 0x700, 0x47E]),
    ('\u{8FDE}', [0x000, 0x420, 0x2FE, 0x040, 0x050, 0x6FE, 0x210, 0x210, 0x2FE, 0x210, 0x210, 0x500]),
    ('\u{8FDF}', [0x000, 0x67E, 0x242, 0x042, 0x07E, 0x640, 0x248, 0x284, 0x286, 0x282, 0x700, 0x07E]),
    ('\u{8FED}', [0x050, 0x650, 0x2FE, 0x090, 0x010, 0x6FE, 0x210, 0x228, 0x264, 0x2C2, 0x700, 0x07E]),
    ('\u{8FF0}', [0x010, 0x414, 0x210, 0x0FE, 0x038, 0x638, 0x254, 0x252, 0x290, 0x210, 0x700, 0x07E]),
    ('\u{8FF7}', [0x410, 0x292, 0x254, 0x010, 0x6FE, 0x238, 0x254, 0x254, 0x292, 0x210, 0x700, 0x0FE]),
    ('\u{8FF9}', [0x010, 0x410, 0x2FE, 0x028, 0x028, 0x6AA, 0x2AA, 0x228, 0x248, 0x298, 0x580, 0x07E]),
    ('\u{8FFD}', [0x000, 0x010, 0x27C, 0x244, 0x044, 0x67C, 0x240, 0x27E, 0x242, 0x242, 0x27E, 0x700]),
    ('\u{9000}', [0x000, 0x47C, 0x244, 0x07C, 0x044, 0x67C, 0x252, 0x24C, 0x244, 0x2C2, 0x700, 0x07E]),
    ('\u{9001}', [0x000, 0x444, 0x204, 0x0FE, 0x010, 0x610, 0x2FE, 0x210, 0x228, 0x264, 0x2C2, 0x780]),
    ('\u{9002}', [0x00C, 0x470, 0x210, 0x0FE, 0x010, 0x610, 0x27E, 0x202, 0x202, 0x27C, 0x700, 0x07E]),
    ('\u{9006}', [0x000, 0x044, 0x464, 0x2FE, 0x010, 0x692, 0x292, 0x2FE, 0x210, 0x220, 0x260, 0x7C0]),
    ('\u{9009}', [0x010, 0x450, 0x27E, 0x090, 0x010, 0x6FE, 0x228, 0x268, 0x248, 0x386, 0x580, 0x47E]),
    ('\u{900F}', [0x004, 0x4F0, 0x2FE, 0x038, 0x0D6, 0x6F8, 0x228, 0x22E, 0x242, 0x38C, 0x580, 0x47E]),
    ('\u{9010}', [0x000, 0x4FE, 0x220, 0x062, 0x094, 0x668, 0x29C, 0x22A, 0x288, 0x230, 0x580, 0x07E]),
    ('\u{9012}', [0x044, 0x428, 0x2FE, 0x012, 0x0FE, 0x690, 0x2FE, 0x232, 0x2D6, 0x210, 0x700, 0x07E]),
    ('\u{9014}', [0x000, 0x010, 0x638, 0x04C, 0x0FE, 0x010, 0x6FE, 0x210, 0x254, 0x292, 0x230, 0x700]),
    ('\u{901A}', [0x07E, 0x604, 0x238, 0x07E, 0x092, 0x6FE, 0x292, 0x2FE, 0x292, 0x296, 0x580, 0x07E]),
    ('\u{901D}', [0x042, 0x658, 0x2F0, 0x050, 0x05E, 0x670, 0x2D0, 0x250, 0x250, 0x280, 0x700, 0x4FE]),
    ('\u{901F}', [0x010, 0x6FE, 0x210, 0x0FE, 0x092, 0x692, 0x2FE, 0x238, 0x254, 0x292, 0x700, 0x07E]),
    ('\u{9020}', [0x050, 0x450, 0x2FE, 0x090, 0x0FE, 0x600, 0x27C, 0x200, 0x200, 0x27C, 0x700, 0x4FE]),
    ('\u{903B}', [0x4FE, 0x2AA, 0x2AA, 0x0FE, 0x620, 0x27C, 0x2C4, 0x238, 0x210, 0x260, 0x580, 0x07E]),
    ('\u{903C}', [0x0FE, 0x400, 0x27C, 0x004, 0x07C, 0x6FC, 0x292, 0x2FE, 0x292, 0x2FC, 0x580, 0x07E]),
    ('\u{9047}', [0x07C, 0x490, 0x2FC, 0x090, 0x07C, 0x6FE, 0x292, 0x292, 0x2FE, 0x286, 0x700, 0x07E]),
    ('\u{904D}', [0x010, 0x6FE, 0x282, 0x0FE, 0x680, 0x2FE, 0x2C2, 0x27E, 0x342, 0x242, 0x500, 0x0FE]),
    ('\u{9053}', [0x044, 0x408, 0x2FE, 0x010, 0x07C, 0x67C, 0x204, 0x27C, 0x204, 0x27C, 0x700, 0x07E]),
    ('\u{9057}', [0x010, 0x6FE, 0x2FE, 0x010, 0x6FE, 0x27C, 0x284, 0x294, 0x220, 0x2C6, 0x580, 0x07E]),
    ('\u{906E}', [0x000, 0x010, 0x4FE, 0x280, 0x0A4, 0x6FE, 0x2A4, 0x2BC, 0x280, 0x35A, 0x250, 0x700]),
    ('\u{907F}', [0x000, 0x4E4, 0x2BE, 0x0EA, 0x080, 0x69E, 0x3E4, 0x3BE, 0x3A4, 0x2E4, 0x700, 0x07E]),
    ('\u{90A3}', [0x000, 0x7DE, 0x052, 0x254, 0x7D4, 0x254, 0x252, 0x7D2, 0x252, 0x25E, 0x450, 0x590]),
    ('\u{90BB}', [0x000, 0x19E, 0x2D2, 0x670, 0x414, 0x014, 0x3D2, 0x052, 0x092, 0x39E, 0x190, 0x080]),
    ('\u{90E8}', [0x000, 0x100, 0x7CE, 0x042, 0x242, 0x204, 0x7E4, 0x002, 0x7C2, 0x442, 0x44E, 0x7C0]),
    ('\u{90FD}', [0x100, 0x7DE, 0x152, 0x192, 0x7F4, 0x314, 0x7D2, 0xE52, 0x3D2, 0x252, 0x3D6, 0x210]),
    ('\u{914D}', [0x7C0, 0x21E, 0x202, 0x7C2, 0x442, 0x65E, 0x6D0, 0x450, 0x7D0, 0x451, 0x7D0, 0x45E]),
    ('\u{9177}', [0x788, 0x308, 0x33E, 0x7E8, 0x308, 0x37E, 0x480, 0x43E, 0x7A2, 0x022, 0x7BE, 0x022]),
    ('\u{9192}', [0x7BE, 0x322, 0x33E, 0x7E2, 0x37E, 0x348, 0x4FE, 0x448, 0x7DE, 0x048, 0x7C8, 0x07E]),
    ('\u{91C7}', [0x00C, 0x7E0, 0x044, 0x244, 0x108, 0x040, 0x7FE, 0x0F0, 0x1D8, 0x34C, 0x442, 0x000]),
    ('\u{91CA}', [0x080, 0x73E, 0x014, 0x498, 0x016, 0x782, 0x308, 0x3BE, 0x408, 0x07E, 0x008, 0x008]),
    ('\u{91CC}', [0x3FC, 0x204, 0x204, 0x3FC, 0x204, 0x3FC, 0x020, 0x020, 0x3FE, 0x020, 0x020, 0x7FE]),
    ('\u{91CD}', [0x00C, 0x3E0, 0x7FE, 0x000, 0x3FC, 0x3FC, 0x204, 0x3FC, 0x000, 0x3FC, 0x000, 0x7FE]),
    ('\u{91CE}', [0x000, 0x7FE, 0x544, 0x7DC, 0x544, 0x7FE, 0x10A, 0x7CA, 0x108, 0x108, 0x7C8, 0x018]),
    ('\u{91CF}', [0x1F8, 0x204, 0x204, 0x1F8, 0x7FE, 0x3FC, 0x244, 0x264, 0x3FC, 0x3FC, 0x000, 0x7FE]),
    ('\u{91D1}', [0x000, 0x020, 0x060, 0x090, 0x30C, 0x5FA, 0x040, 0x040, 0x7FE, 0x040, 0x148, 0x040]),
    ('\u{9488}', [0x000, 0x208, 0x788, 0x408, 0x008, 0x7FE, 0x008, 0x788, 0x008, 0x008, 0x088, 0x308]),
    ('\u{9489}', [0x200, 0x3BE, 0x404, 0x004, 0x784, 0x004, 0x784, 0x004, 0x004, 0x004, 0x384, 0x218]),
    ('\u{949F}', [0x000, 0x208, 0x788, 0x408, 0x07E, 0x7CA, 0x24A, 0x7CA, 0x27E, 0x208, 0x288, 0x308]),
    ('\u{94A2}', [0x200, 0x3FE, 0x442, 0x042, 0x75A, 0x24A, 0x7CA, 0x25A, 0x256, 0x262, 0x342, 0x246]),
    ('\u{94A9}', [0x200, 0x7A0, 0x43E, 0x042, 0x7D2, 0x222, 0x7AA, 0x23A, 0x266, 0x202, 0x382, 0x20C]),
    ('\u{94AE}', [0x000, 0x200, 0x7FE, 0x412, 0x812, 0x712, 0x27E, 0x792, 0x202, 0x220, 0x224, 0x324]),
    ('\u{94B1}', [0x000, 0x214, 0x790, 0x41E, 0x078, 0x790, 0x01E, 0x7F2, 0x00A, 0x00C, 0x288, 0x33C]),
    ('\u{94B3}', [0x220, 0x7A2, 0x47E, 0x022, 0x7A2, 0x222, 0x7BE, 0x222, 0x222, 0x2A2, 0x33E, 0x020]),
    ('\u{94C1}', [0x208, 0x7A8, 0x43E, 0x048, 0x7C8, 0x008, 0x77E, 0x008, 0x01C, 0x094, 0x322, 0x240]),
    ('\u{94DC}', [0x000, 0x200, 0x7FE, 0x442, 0x05E, 0x7C2, 0x25E, 0x356, 0x256, 0x25A, 0x242, 0x342]),
    ('\u{94F0}', [0x000, 0x200, 0x788, 0x47E, 0x000, 0x722, 0x262, 0x794, 0x218, 0x208, 0x39C, 0x326]),
    ('\u{94FA}', [0x20C, 0x78A, 0x47E, 0x008, 0x77E, 0x24A, 0x7FE, 0x24A, 0x27E, 0x2CA, 0x34A, 0x24A]),
    ('\u{94FE}', [0x000, 0x408, 0x73E, 0x450, 0x810, 0x700, 0x2FE, 0x240, 0x77E, 0x240, 0x240, 0x3E0]),
    ('\u{9500}', [0x208, 0x24A, 0x7AA, 0x008, 0x7FE, 0x242, 0x7FE, 0x242, 0x27E, 0x2C2, 0x342, 0x046]),
    ('\u{9501}', [0x000, 0x208, 0x7AA, 0x42C, 0x03E, 0x782, 0x20A, 0x78A, 0x202, 0x212, 0x290, 0x326]),
    ('\u{950B}', [0x210, 0x73C, 0x464, 0x018, 0x718, 0x266, 0x7FE, 0x200, 0x23C, 0x280, 0x37E, 0x200]),
    ('\u{9510}', [0x220, 0x7A4, 0x404, 0x07E, 0x742, 0x242, 0x7FE, 0x220, 0x220, 0x220, 0x361, 0x246]),
    ('\u{9519}', [0x204, 0x204, 0x7FE, 0x004, 0x7FE, 0x200, 0x7BE, 0x222, 0x23E, 0x2A2, 0x33E, 0x000]),
    ('\u{951A}', [0x000, 0x204, 0x784, 0x47E, 0x004, 0x700, 0x27E, 0x7CA, 0x24A, 0x27E, 0x2CA, 0x37E]),
    ('\u{9524}', [0x000, 0x204, 0x7F8, 0x400, 0x87E, 0x700, 0x27E, 0x700, 0x200, 0x27E, 0x200, 0x300]),
    ('\u{9525}', [0x208, 0x7A8, 0x43E, 0x068, 0x7E8, 0x23E, 0x7A8, 0x23E, 0x228, 0x2A8, 0x33E, 0x220]),
    ('\u{952E}', [0x008, 0x4FE, 0x44A, 0x85E, 0x75E, 0x228, 0x73E, 0x2C8, 0x25E, 0x248, 0x3A8, 0x00E]),
    ('\u{952F}', [0x000, 0x27E, 0x742, 0x442, 0x07E, 0x748, 0x27E, 0x748, 0x248, 0x27E, 0x262, 0x3A2]),
    ('\u{9547}', [0x208, 0x3FE, 0x410, 0x03E, 0x73E, 0x202, 0x7BE, 0x23E, 0x202, 0x2FE, 0x324, 0x242]),
    ('\u{955C}', [0x000, 0x208, 0x73E, 0x424, 0x07E, 0x700, 0x23E, 0x7BE, 0x202, 0x23E, 0x200, 0x321]),
    ('\u{957F}', [0x104, 0x108, 0x110, 0x160, 0x100, 0x7FE, 0x120, 0x130, 0x110, 0x108, 0x1E6, 0x100]),
    ('\u{95E8}', [0x000, 0x2FE, 0x102, 0x402, 0x402, 0x402, 0x402, 0x402, 0x402, 0x402, 0x402, 0x402]),
    ('\u{95E9}', [0x000, 0x2FE, 0x102, 0x402, 0x402, 0x402, 0x402, 0x5FA, 0x402, 0x402, 0x402, 0x402]),
    ('\u{95EA}', [0x000, 0x2FE, 0x102, 0x422, 0x442, 0x442, 0x462, 0x492, 0x50A, 0x402, 0x402, 0x40E]),
    ('\u{95ED}', [0x000, 0x2FE, 0x002, 0x412, 0x5FA, 0x432, 0x472, 0x492, 0x512, 0x412, 0x462, 0x406]),
    ('\u{95EE}', [0x000, 0x2FE, 0x002, 0x402, 0x4F2, 0x492, 0x492, 0x492, 0x4F2, 0x402, 0x402, 0x40E]),
    ('\u{95F2}', [0x000, 0x2FE, 0x102, 0x402, 0x402, 0x5FA, 0x462, 0x4D2, 0x50A, 0x402, 0x402, 0x40E]),
    ('\u{95F4}', [0x000, 0x2FE, 0x002, 0x402, 0x4F2, 0x492, 0x4F2, 0x492, 0x492, 0x4F2, 0x402, 0x406]),
    ('\u{95F7}', [0x000, 0x2FE, 0x102, 0x442, 0x422, 0x4AA, 0x58A, 0x58A, 0x492, 0x492, 0x472, 0x402]),
    ('\u{9608}', [0x000, 0x2FE, 0x302, 0x122, 0x422, 0x5FA, 0x5A2, 0x54A, 0x5D2, 0x412, 0x5F2, 0x40A]),
    ('\u{9614}', [0x000, 0x2FE, 0x002, 0x57A, 0x402, 0x47A, 0x502, 0x47A, 0x54A, 0x57A, 0x442, 0x40E]),
    ('\u{961F}', [0x000, 0x790, 0x490, 0x510, 0x510, 0x510, 0x498, 0x498, 0x498, 0x524, 0x424, 0x442]),
    ('\u{9632}', [0x000, 0x710, 0x500, 0x5FE, 0x520, 0x520, 0x53E, 0x422, 0x422, 0x522, 0x440, 0x484]),
    ('\u{9633}', [0x780, 0x43E, 0x502, 0x502, 0x502, 0x53E, 0x482, 0x482, 0x702, 0x402, 0x43E, 0x402]),
    ('\u{9634}', [0x780, 0x4BE, 0x522, 0x522, 0x53E, 0x522, 0x4A2, 0x4BE, 0x502, 0x442, 0x442, 0x486]),
    ('\u{9635}', [0x010, 0x710, 0x57E, 0x520, 0x528, 0x57E, 0x408, 0x508, 0x508, 0x47E, 0x408, 0x408]),
    ('\u{9636}', [0x010, 0x718, 0x538, 0x524, 0x642, 0x524, 0x424, 0x424, 0x724, 0x424, 0x444, 0x444]),
    ('\u{963B}', [0x700, 0x57E, 0x542, 0x542, 0x57E, 0x542, 0x442, 0x4FE, 0x542, 0x442, 0x442, 0x4FE]),
    ('\u{9644}', [0x020, 0x720, 0x540, 0x45E, 0x4C0, 0x550, 0x550, 0x548, 0x740, 0x440, 0x440, 0x44C]),
    ('\u{9645}', [0x000, 0x7BE, 0x500, 0x500, 0x57E, 0x500, 0x480, 0x482, 0x542, 0x442, 0x400, 0x430]),
    ('\u{9648}', [0x000, 0x700, 0x520, 0x5FE, 0x520, 0x450, 0x550, 0x57E, 0x510, 0x750, 0x452, 0x492]),
    ('\u{964D}', [0x710, 0x53C, 0x564, 0x618, 0x43C, 0x582, 0x57E, 0x508, 0x748, 0x47E, 0x408, 0x408]),
    ('\u{9650}', [0x700, 0x47E, 0x542, 0x57E, 0x542, 0x57E, 0x4D0, 0x4CA, 0x54C, 0x444, 0x476, 0x442]),
    ('\u{9662}', [0x710, 0x510, 0x57E, 0x500, 0x43C, 0x500, 0x57E, 0x528, 0x728, 0x428, 0x449, 0x486]),
    ('\u{9664}', [0x000, 0x718, 0x518, 0x524, 0x442, 0x63C, 0x500, 0x5FE, 0x500, 0x744, 0x442, 0x480]),
    ('\u{9669}', [0x000, 0x710, 0x518, 0x524, 0x442, 0x4BC, 0x500, 0x552, 0x540, 0x704, 0x404, 0x47E]),
    ('\u{966A}', [0x000, 0x010, 0x77E, 0x500, 0x524, 0x424, 0x57E, 0x500, 0x57E, 0x742, 0x442, 0x47E]),
    ('\u{9675}', [0x710, 0x57E, 0x510, 0x410, 0x67E, 0x566, 0x53C, 0x564, 0x7A8, 0x418, 0x46C, 0x4C2]),
    ('\u{9677}', [0x000, 0x720, 0x53C, 0x544, 0x444, 0x480, 0x56E, 0x542, 0x542, 0x76E, 0x442, 0x47E]),
    ('\u{9686}', [0x000, 0x010, 0x73C, 0x564, 0x518, 0x62E, 0x57C, 0x500, 0x57E, 0x790, 0x47C, 0x410]),
    ('\u{968F}', [0x000, 0x008, 0x7BE, 0x550, 0x41E, 0x632, 0x5DE, 0x552, 0x55E, 0x752, 0x456, 0x4A0]),
    ('\u{9690}', [0x020, 0x73C, 0x548, 0x57E, 0x402, 0x57E, 0x502, 0x57E, 0x710, 0x4AA, 0x4A6, 0x438]),
    ('\u{9694}', [0x700, 0x57E, 0x53C, 0x642, 0x63C, 0x57E, 0x542, 0x552, 0x77E, 0x442, 0x442, 0x402]),
    ('\u{9699}', [0x000, 0x714, 0x552, 0x57E, 0x442, 0x57E, 0x542, 0x57E, 0x710, 0x452, 0x492, 0x430]),
    ('\u{969C}', [0x000, 0x710, 0x57E, 0x524, 0x4FE, 0x47C, 0x542, 0x57E, 0x57E, 0x710, 0x4FE, 0x410]),
    ('\u{96A7}', [0x000, 0x712, 0x594, 0x53E, 0x608, 0x69A, 0x54C, 0x554, 0x54E, 0x754, 0x444, 0x4E8]),
    ('\u{96BC}', [0x000, 0x120, 0x3FE, 0x620, 0x7FC, 0x220, 0x3FC, 0x3FE, 0x200, 0x000, 0x7FE, 0x000]),
    ('\u{96BE}', [0x008, 0x7A8, 0x0BE, 0x468, 0x5E8, 0x33E, 0x328, 0x33E, 0x2A8, 0x428, 0x03E, 0x020]),
    ('\u{96C5}', [0x000, 0x790, 0x084, 0x4BE, 0x4A4, 0x4E4, 0x7FE, 0x1A4, 0x2A4, 0x2BE, 0x4A4, 0x0BE]),
    ('\u{96C6}', [0x000, 0x120, 0x3FC, 0x620, 0x7FC, 0x3FC, 0x220, 0x3FE, 0x000, 0x7FE, 0x0F0, 0x30E]),
    ('\u{96E8}', [0x7FE, 0x000, 0x7FE, 0x402, 0x512, 0x4CA, 0x402, 0x51A, 0x4C2, 0x402, 0x40C, 0x000]),
    ('\u{96F6}', [0x3FC, 0x000, 0x7FE, 0x59A, 0x000, 0x39C, 0x0F0, 0x64E, 0x3FC, 0x008, 0x0F0, 0x010]),
    ('\u{96F7}', [0x3FC, 0x000, 0x7FE, 0x402, 0x59A, 0x39C, 0x000, 0x3FC, 0x204, 0x3FC, 0x204, 0x3FC]),
    ('\u{96FE}', [0x3FC, 0x7FE, 0x41A, 0x502, 0x198, 0x1FC, 0x70C, 0x0F0, 0x40E, 0x3FC, 0x084, 0x718]),
    ('\u{9700}', [0x3FC, 0x000, 0x7FE, 0x59A, 0x402, 0x39C, 0x7FE, 0x040, 0x3FE, 0x292, 0x292, 0x294]),
    ('\u{9707}', [0x3FC, 0x000, 0x7FE, 0x51A, 0x31C, 0x000, 0x200, 0x1FC, 0x3FE, 0x534, 0x50C, 0x182]),
    ('\u{9730}', [0x3FC, 0x040, 0x462, 0x402, 0x39C, 0x7D0, 0x29E, 0x7F4, 0x784, 0x6C8, 0x6DC, 0x4A2]),
    ('\u{9732}', [0x3FC, 0x000, 0x7FE, 0x50A, 0x118, 0x390, 0x4BC, 0x7D8, 0x136, 0x5BE, 0x520, 0x63C]),
    ('\u{9752}', [0x000, 0x3FC, 0x3FC, 0x000, 0x7FE, 0x000, 0x3FC, 0x3FC, 0x204, 0x3FC, 0x204, 0x218]),
    ('\u{9759}', [0x110, 0x79C, 0x124, 0x7FE, 0x7CA, 0x00A, 0x7FE, 0x78A, 0x4BE, 0x788, 0x488, 0x590]),
    ('\u{975E}', [0x090, 0x090, 0x79E, 0x090, 0x090, 0x79E, 0x090, 0x090, 0x79E, 0x090, 0x090, 0x090]),
    ('\u{9760}', [0x000, 0x3FC, 0x7FE, 0x000, 0x3FC, 0x3FC, 0x090, 0x79E, 0x79E, 0x090, 0x79E, 0x090]),
    ('\u{9762}', [0x7FE, 0x040, 0x7FE, 0x492, 0x492, 0x4F2, 0x492, 0x4F2, 0x492, 0x7FE, 0x402, 0x000]),
    ('\u{9774}', [0x500, 0x7A8, 0x528, 0x32A, 0x26C, 0x7AC, 0x2A8, 0x728, 0x228, 0x7A8, 0x228, 0x226]),
    ('\u{9776}', [0x480, 0x7BE, 0x4AA, 0x3AA, 0x02A, 0x7BE, 0x422, 0x7A0, 0x020, 0x7E0, 0x022, 0x01E]),
    ('\u{97F3}', [0x000, 0x040, 0x7FE, 0x108, 0x108, 0x7FE, 0x000, 0x3FC, 0x204, 0x3FC, 0x204, 0x204]),
    ('\u{9876}', [0x7FE, 0x200, 0x23E, 0x222, 0x22A, 0x22A, 0x22A, 0x22A, 0x210, 0x214, 0x662, 0x000]),
    ('\u{9879}', [0x7FE, 0x210, 0x27E, 0x242, 0x252, 0x252, 0x252, 0x752, 0x010, 0x066, 0x082, 0x000]),
    ('\u{987A}', [0x480, 0x4BE, 0x488, 0x4BE, 0x4A2, 0x4AA, 0x4AA, 0x4AA, 0x4AA, 0x49C, 0x8B2, 0x000]),
    ('\u{987B}', [0x000, 0x37E, 0x610, 0x07E, 0x142, 0x252, 0x452, 0x052, 0x152, 0x210, 0x426, 0x0C2]),
    ('\u{987E}', [0x7C0, 0x43E, 0x408, 0x5DE, 0x442, 0x44A, 0x44A, 0x48A, 0x40A, 0x408, 0x192, 0x020]),
    ('\u{987F}', [0x000, 0x13E, 0x788, 0x13E, 0x522, 0x52A, 0x52A, 0x7AA, 0x12A, 0x110, 0x396, 0x040]),
    ('\u{9884}', [0x000, 0x7BE, 0x108, 0x73E, 0x122, 0x7AA, 0x2AA, 0x2AA, 0x22A, 0x214, 0x236, 0x640]),
    ('\u{9886}', [0x100, 0x13E, 0x288, 0x47E, 0x122, 0x02A, 0x7AA, 0x0AA, 0x12A, 0x30C, 0x112, 0x020]),
    ('\u{9888}', [0x000, 0x7BE, 0x108, 0x13E, 0x6A2, 0x02A, 0x7AA, 0x12A, 0x12A, 0x114, 0x712, 0x020]),
    ('\u{988C}', [0x000, 0x13E, 0x288, 0x4BE, 0x422, 0x7A2, 0x02A, 0x7AA, 0x4AA, 0x4AA, 0x49C, 0x7B2]),
    ('\u{9891}', [0x100, 0x13E, 0x5C8, 0x51E, 0x7C2, 0x10A, 0x54A, 0x50A, 0x18A, 0x108, 0x216, 0x420]),
    ('\u{9897}', [0x780, 0x57E, 0x7C8, 0x55E, 0x542, 0x78A, 0x7CA, 0x30A, 0x38A, 0x50C, 0x112, 0x120]),
    ('\u{9898}', [0x380, 0x43E, 0x788, 0x43E, 0x3AA, 0x7EA, 0x12A, 0x52A, 0x5C4, 0x712, 0x500, 0x07E]),
    ('\u{989C}', [0x000, 0x100, 0x7FE, 0x008, 0x2BE, 0x7E2, 0x4AA, 0x72A, 0x4AA, 0x72A, 0x488, 0x116]),
    ('\u{989D}', [0x100, 0x7FE, 0x448, 0x3BE, 0x4A2, 0x32A, 0x3AA, 0x46A, 0x7AA, 0x088, 0x096, 0x3A0]),
    ('\u{98A0}', [0x000, 0x100, 0x7FE, 0x388, 0x43E, 0x7AA, 0x7AA, 0x42A, 0x7AA, 0x42A, 0x7C8, 0x294]),
    ('\u{98CE}', [0x3FC, 0x204, 0x214, 0x284, 0x264, 0x264, 0x264, 0x294, 0x59C, 0x401, 0x002, 0x000]),
    ('\u{98D8}', [0x7FE, 0x7A2, 0x276, 0x7FA, 0x02A, 0x7AA, 0x7EA, 0x136, 0x5B6, 0x563, 0x242, 0x000]),
    ('\u{98DE}', [0x7F0, 0x012, 0x014, 0x018, 0x018, 0x016, 0x012, 0x008, 0x008, 0x008, 0x006, 0x000]),
    ('\u{9970}', [0x020, 0x020, 0x7BE, 0x4C8, 0x508, 0x27E, 0x24A, 0x24A, 0x24A, 0x34E, 0x208, 0x008]),
    ('\u{9971}', [0x000, 0x220, 0x03E, 0x7C2, 0x4C2, 0x57A, 0x20A, 0x20A, 0x23A, 0x204, 0x300, 0x302]),
    ('\u{997C}', [0x000, 0x024, 0x784, 0x47E, 0x024, 0x224, 0x27E, 0x224, 0x224, 0x324, 0x244, 0x004]),
    ('\u{997F}', [0x008, 0x06A, 0x7AA, 0x528, 0x5FE, 0x228, 0x22A, 0x27C, 0x224, 0x22C, 0x33C, 0x2D2]),
    ('\u{9988}', [0x010, 0x07E, 0x7D2, 0x57C, 0x57E, 0x200, 0x27E, 0x242, 0x252, 0x352, 0x22C, 0x0C2]),
    ('\u{9996}', [0x108, 0x108, 0x7FE, 0x040, 0x3FC, 0x204, 0x3FC, 0x204, 0x3FC, 0x204, 0x3FC, 0x204]),
    ('\u{9A6C}', [0x000, 0x3F8, 0x008, 0x108, 0x008, 0x208, 0x3FE, 0x002, 0x7F2, 0x002, 0x004, 0x01C]),
    ('\u{9A71}', [0x000, 0x77E, 0x040, 0x552, 0x554, 0x54C, 0x7CC, 0x0CC, 0x0D2, 0x6F2, 0x0C0, 0x33E]),
    ('\u{9A73}', [0x000, 0x7A4, 0x09C, 0x49C, 0x4A2, 0x400, 0x784, 0x094, 0x288, 0x49C, 0x0A6, 0x300]),
    ('\u{9A7B}', [0x000, 0x710, 0x008, 0x47E, 0x408, 0x508, 0x508, 0x7BE, 0x088, 0x288, 0x488, 0x088]),
    ('\u{9A8C}', [0x000, 0x008, 0x718, 0x024, 0x566, 0x57E, 0x500, 0x78A, 0x0AA, 0x2A8, 0x084, 0x0FE]),
    ('\u{9A91}', [0x008, 0x73E, 0x008, 0x41C, 0x522, 0x57E, 0x782, 0x0BA, 0x2AA, 0x0BA, 0x0A2, 0x306]),
    ('\u{9AA4}', [0x770, 0x156, 0x552, 0x574, 0x57E, 0x550, 0x77C, 0x010, 0x35C, 0x538, 0x152, 0x310]),
    ('\u{9AA8}', [0x1F8, 0x008, 0x1C8, 0x028, 0x7FE, 0x402, 0x5FA, 0x1F8, 0x000, 0x1F8, 0x000, 0x018]),
    ('\u{9AB8}', [0x788, 0x488, 0x6BE, 0x490, 0x7D2, 0x07C, 0x48A, 0x792, 0x4A4, 0x78C, 0x492, 0x5A0]),
    ('\u{9ABC}', [0x000, 0x790, 0x49E, 0x7A2, 0x594, 0x78C, 0x41C, 0x4A2, 0x7BE, 0x4A2, 0x7A2, 0x4BE]),
    ('\u{9ACB}', [0x000, 0x788, 0x4BE, 0x7C0, 0x5BE, 0x794, 0x43C, 0x4A2, 0x7AA, 0x4AA, 0x788, 0x499]),
    ('\u{9AD8}', [0x000, 0x040, 0x7FE, 0x000, 0x1FC, 0x004, 0x1F8, 0x7FE, 0x402, 0x5F2, 0x502, 0x5F2]),
    ('\u{9B3C}', [0x000, 0x040, 0x3FC, 0x244, 0x3FC, 0x244, 0x244, 0x3FC, 0x068, 0x0A4, 0x1BA, 0x320]),
    ('\u{9B42}', [0x000, 0x010, 0x73E, 0x04A, 0x07E, 0x7C2, 0x252, 0x07E, 0x414, 0x796, 0x4AE, 0x060]),
    ('\u{9B54}', [0x000, 0x020, 0x7FE, 0x480, 0x5FE, 0x7BE, 0x4FC, 0x520, 0x5FC, 0x5FC, 0x460, 0x498]),
    ('\u{9C9C}', [0x200, 0x390, 0x484, 0x7BE, 0x508, 0x53E, 0x788, 0x508, 0x7FE, 0x008, 0x7C8, 0x008]),
    ('\u{9E1F}', [0x000, 0x040, 0x3FC, 0x204, 0x240, 0x208, 0x200, 0x3FE, 0x002, 0x7FA, 0x002, 0x002]),
    ('\u{9E23}', [0x000, 0x010, 0x77C, 0x540, 0x550, 0x544, 0x54C, 0x57E, 0x502, 0x702, 0x47E, 0x002]),
    ('\u{9E25}', [0x000, 0x008, 0x7FE, 0x422, 0x6AA, 0x4A2, 0x524, 0x53E, 0x580, 0x6BE, 0x402, 0x7C2]),
    ('\u{9E26}', [0x000, 0x008, 0x7BE, 0x0A2, 0x4AA, 0x4A2, 0x7E4, 0x1A0, 0x382, 0x2BE, 0x482, 0x082]),
    ('\u{9EBB}', [0x000, 0x020, 0x7FE, 0x400, 0x480, 0x480, 0x7FE, 0x4CC, 0x5CC, 0x592, 0x6A1, 0x480]),
    ('\u{9EC4}', [0x090, 0x3FC, 0x090, 0x7FE, 0x000, 0x3FC, 0x204, 0x3FC, 0x204, 0x3FC, 0x198, 0x602]),
    ('\u{9ED1}', [0x3FC, 0x204, 0x214, 0x214, 0x3FC, 0x000, 0x3FC, 0x000, 0x7FE, 0x000, 0x294, 0x492]),
    ('\u{9ED8}', [0x000, 0x7C8, 0x54C, 0x5CA, 0x548, 0x7FE, 0x108, 0x7C8, 0x10C, 0x7D4, 0x010, 0x662]),
    ('\u{9F13}', [0x108, 0x7C8, 0x13E, 0x7C8, 0x008, 0x7BE, 0x402, 0x794, 0x09C, 0x288, 0x3D4, 0x022]),
    ('\u{9F20}', [0x080, 0x31C, 0x39C, 0x204, 0x3FC, 0x000, 0x354, 0x244, 0x354, 0x244, 0x3FC, 0x242]),
    ('\u{9F50}', [0x000, 0x040, 0x7FE, 0x108, 0x090, 0x060, 0x39E, 0x500, 0x108, 0x108, 0x108, 0x308]),
    ('\u{9F7F}', [0x020, 0x03C, 0x020, 0x020, 0x7FE, 0x000, 0x442, 0x462, 0x49A, 0x502, 0x7FE, 0x000]),
    ('\u{9F84}', [0x108, 0x508, 0x594, 0x532, 0x7EA, 0x100, 0x53E, 0x502, 0x704, 0x418, 0x788, 0x004]),
    ('\u{9F99}', [0x080, 0x088, 0x080, 0x7FE, 0x0A0, 0x0A4, 0x0A4, 0x128, 0x130, 0x220, 0x6E0, 0x41E]),
    ('\u{FF01}', [0x000, 0x300, 0x300, 0x300, 0x200, 0x000, 0x000, 0x000, 0x000, 0x300, 0x000, 0x000]),
    ('\u{FF08}', [0x002, 0x002, 0x004, 0x004, 0x008, 0x008, 0x008, 0x000, 0x004, 0x004, 0x002, 0x000]),
    ('\u{FF09}', [0x400, 0x400, 0x200, 0x200, 0x100, 0x100, 0x100, 0x000, 0x200, 0x200, 0x400, 0x000]),
    ('\u{FF0C}', [0x300, 0x300, 0x100, 0x200, 0x000, 0x000, 0x000, 0x000, 0x000, 0x000, 0x000, 0x000]),
    ('\u{FF1A}', [0x300, 0x200, 0x000, 0x000, 0x000, 0x000, 0x000, 0x300, 0x000, 0x000, 0x000, 0x000]),
    ('\u{FF1B}', [0x300, 0x200, 0x000, 0x000, 0x000, 0x000, 0x300, 0x100, 0x100, 0x200, 0x000, 0x000]),
    ('\u{FF1F}', [0x300, 0x480, 0x080, 0x080, 0x100, 0x100, 0x200, 0x000, 0x000, 0x200, 0x000, 0x000]),
];
