[2026-08-17T12:01:18Z INFO  steel_front] ========================================
[2026-08-17T12:01:18Z INFO  steel_front]   钢铁前线 (Steel Front) v0.1.0
[2026-08-17T12:01:18Z INFO  steel_front]   二战FPS游戏引擎 - Rust + Vulkan
[2026-08-17T12:01:18Z INFO  steel_front] ========================================
[2026-08-17T12:01:18Z INFO  steel_front::engine::cpu] cpu: vendor=Amd threads=32 primary=[0, 1, 2, 3, 4, 5, 6, 7, 8, 9, 10, 11, 12, 13, 14, 15] secondary=[16, 17, 18, 19, 20, 21, 22, 23, 24, 25, 26, 27, 28, 29, 30, 31] e_cores=0 avx2=true avx512=true scene_set=[0, 1, 2, 3, 4, 5, 6, 7, 8, 9, 10, 11, 12, 13, 14, 15] ai_set=[16, 17, 18, 19, 20, 21, 22, 23, 24, 25, 26, 27, 28, 29, 30, 31] physical_primary=[0, 1, 2, 3, 4, 5, 6, 7, 8, 9, 10, 11, 12, 13, 14, 15] physical_secondary=[16, 17, 18, 19, 20, 21, 22, 23, 24, 25, 26, 27, 28, 29, 30, 31] smt=[]
[2026-08-17T12:01:18Z INFO  steel_front::engine::cpu] cpu: 非 Linux 平台，跳过线程手工绑定（交给系统调度）
[2026-08-17T12:01:18Z INFO  steel_front::engine::cpu] cpu: ai_pool 创建（8 工作线程，绑定 vCPU [16, 17, 18, 19, 20, 21, 22, 23, 24, 25, 26, 27, 28, 29, 30, 31]）
[2026-08-17T12:01:18Z INFO  steel_front::engine::game] map: level 1 generated: 36 obstacle bodies (wall=20 block=0 barrier=0 tree=3 building=6 ruin=7), 203 grid cells blocked
[2026-08-17T12:01:18Z INFO  steel_front] 窗口创建成功: 2560x1600
[2026-08-17T12:01:18Z INFO  steel_front] winit inner_size: 2560x1600 scale_factor=1.50
[2026-08-17T12:01:18Z WARN  steel_front::engine::renderer] 验证层不可用，将不使用
[2026-08-17T12:01:18Z INFO  steel_front::engine::renderer] 选择物理设备: NVIDIA GeForce RTX 5060 Laptop GPU
[2026-08-17T12:01:18Z INFO  steel_front::engine::gpu_caps] gpu-caps: 设备 NVIDIA GeForce RTX 5060 Laptop GPU 硬件能力探测（WSLg/dzn 视角）
[2026-08-17T12:01:18Z INFO  steel_front::engine::gpu_caps] gpu-caps: 可用 device 扩展 280 个
[2026-08-17T12:01:18Z INFO  steel_front::engine::gpu_caps] gpu-caps: -- 光追扩展 --
[2026-08-17T12:01:18Z INFO  steel_front::engine::gpu_caps] gpu-caps:   VK_KHR_ray_tracing_pipeline = true
[2026-08-17T12:01:18Z INFO  steel_front::engine::gpu_caps] gpu-caps:   VK_KHR_acceleration_structure = true
[2026-08-17T12:01:18Z INFO  steel_front::engine::gpu_caps] gpu-caps:   VK_KHR_ray_query = true
[2026-08-17T12:01:18Z INFO  steel_front::engine::gpu_caps] gpu-caps:   VK_KHR_deferred_host_operations = true
[2026-08-17T12:01:18Z INFO  steel_front::engine::gpu_caps] gpu-caps:   VK_KHR_buffer_device_address = true
[2026-08-17T12:01:18Z INFO  steel_front::engine::gpu_caps] gpu-caps:   VK_KHR_ray_tracing_position_fetch = true
[2026-08-17T12:01:18Z INFO  steel_front::engine::gpu_caps] gpu-caps:   VK_NV_ray_tracing = true
[2026-08-17T12:01:18Z INFO  steel_front::engine::gpu_caps] gpu-caps: -- Tensor Core / 协作矩阵 --
[2026-08-17T12:01:18Z INFO  steel_front::engine::gpu_caps] gpu-caps:   VK_KHR_cooperative_matrix = true
[2026-08-17T12:01:18Z INFO  steel_front::engine::gpu_caps] gpu-caps:   VK_NV_cooperative_matrix = true
[2026-08-17T12:01:18Z INFO  steel_front::engine::gpu_caps] gpu-caps:   VK_NV_compute_shader_derivatives = true
[2026-08-17T12:01:18Z INFO  steel_front::engine::gpu_caps] gpu-caps: -- DLSS / NVIDIA 私有 --
[2026-08-17T12:01:18Z INFO  steel_front::engine::gpu_caps] gpu-caps:   VK_NVX_image_view_handle = true
[2026-08-17T12:01:18Z INFO  steel_front::engine::gpu_caps] gpu-caps:   VK_NVX_binary_import = true
[2026-08-17T12:01:18Z INFO  steel_front::engine::gpu_caps] gpu-caps:   VK_NV_cuda_kernel = true
[2026-08-17T12:01:18Z INFO  steel_front::engine::gpu_caps] gpu-caps:   VK_NV_external_memory = true
[2026-08-17T12:01:18Z INFO  steel_front::engine::gpu_caps] gpu-caps: -- 其它新特性 --
[2026-08-17T12:01:18Z INFO  steel_front::engine::gpu_caps] gpu-caps:   VK_EXT_mesh_shader = true
[2026-08-17T12:01:18Z INFO  steel_front::engine::gpu_caps] gpu-caps:   VK_KHR_shader_object = false
[2026-08-17T12:01:18Z INFO  steel_front::engine::gpu_caps] gpu-caps:   VK_KHR_dynamic_rendering = true
[2026-08-17T12:01:18Z INFO  steel_front::engine::gpu_caps] gpu-caps: RT 特性 ray_tracing_pipeline=true acceleration_structure=true buffer_device_address=true ray_query=true
[2026-08-17T12:01:18Z INFO  steel_front::engine::gpu_caps] gpu-caps: RT 管线属性 shaderGroupHandleSize=32B maxRecursionDepth=31 maxRayDispatchInvocationCount=1073741824
[2026-08-17T12:01:18Z INFO  steel_front::engine::gpu_caps] gpu-caps: 【结论】光追探测 device 创建成功 → RT Core 路径可用（dzn→DXR）
[2026-08-17T12:01:18Z INFO  steel_front::engine::gpu_caps] gpu-caps: CUDA 直通（Tensor Core 可编程访问）=false（libcuda in /usr/lib/wsl/lib）
[2026-08-17T12:01:18Z INFO  steel_front::engine::gpu_caps] gpu-caps: 【结论】Vulkan-DLSS（NVIDIA 私有扩展）=true；可直接接 DLSS SDK
[2026-08-17T12:01:18Z INFO  steel_front::engine::renderer] VK_EXT_mesh_shader 可用：启用可选网格着色器渲染路径
[2026-08-17T12:01:19Z INFO  steel_front::engine::renderer] swapchain diag: current_extent=2560x1600 final=2560x1600
[2026-08-17T12:01:19Z INFO  steel_front::engine::renderer] 交换链初始化完成: 2560x1600, 格式: B8G8R8A8_SRGB, 图像数: 3, present_mode: MAILBOX
[2026-08-17T12:01:19Z INFO  steel_front::engine::renderer] 实例缓冲创建完成: 65536 个实例，stride 80 字节，2 帧双缓冲 HOST_VISIBLE|HOST_COHERENT（每帧压缩上传）
[2026-08-17T12:01:19Z INFO  steel_front::engine::renderer] instances=65536 draw_calls=1
[2026-08-17T12:01:19Z INFO  steel_front::engine::renderer] 深度缓冲创建完成: 3 张 2560x1600 D32_SFLOAT
[2026-08-17T12:01:19Z INFO  steel_front::engine::renderer] Descriptor Set Layout: binding 0 = UBO(view/proj), binding 1 = 贴图, binding 2 = 实例 STORAGE_BUFFER, binding 3 = 采样器
[2026-08-17T12:01:19Z INFO  steel_front::engine::renderer] Descriptor 初始化完成（2 帧）
[2026-08-17T12:01:19Z INFO  steel_front::engine::renderer] 远档 LOD 几何创建完成: 8 顶点 / 12 索引（十字双 quad）
[2026-08-17T12:01:19Z INFO  steel_front::engine::renderer] 地面平铺 quad 几何创建完成: 4 顶点 / 6 索引（无侧壁）
[2026-08-17T12:01:19Z INFO  steel_front::engine::renderer] 球体几何创建完成: 325 顶点 / 1728 索引（爆炸球形扩散）
[2026-08-17T12:01:19Z INFO  steel_front::engine::renderer] 地形 LOD[0] 创建完成: 66049 顶点 / 393216 索引（257×257 网格，间距 2）
[2026-08-17T12:01:19Z INFO  steel_front::engine::renderer] 地形 LOD[1] 创建完成: 16641 顶点 / 98304 索引（129×129 网格，间距 4）
[2026-08-17T12:01:19Z INFO  steel_front::engine::renderer] 地形 LOD[2] 创建完成: 4225 顶点 / 24576 索引（65×65 网格，间距 8）
[2026-08-17T12:01:19Z INFO  steel_front::engine::renderer] 地形 3 级 LOD 全部创建完成（高/中/低）
[2026-08-17T12:01:19Z INFO  steel_front::engine::renderer] 图形管线创建完成
[2026-08-17T12:01:19Z INFO  steel_front::engine::renderer] 网格着色器 maxMeshWorkGroupCount[0] = 4194304（地面场 65536 按此分块）
[2026-08-17T12:01:19Z INFO  steel_front::engine::renderer] 网格着色器管线创建完成（VK_EXT_mesh_shader）
[2026-08-17T12:01:19Z INFO  steel_front::engine::renderer] HUD 覆盖层初始化完成（独立 pipeline，容量 4096 quads）
[2026-08-17T12:01:19Z INFO  steel_front::engine::renderer] 纹理初始化完成: 512x512（10 mip，来源=程序化地面材质）
[2026-08-17T12:01:19Z INFO  steel_front::engine::renderer] 程序化皮肤纹理初始化完成: 512x512（marker=木板墙, npc=迷彩军服, RV3D_SKIN_TEX=off（纯色回退））
[2026-08-17T12:01:19Z INFO  steel_front::engine::renderer] 阴影贴图资源创建完成: 2048x2048 D32_SFLOAT
[2026-08-17T12:01:19Z INFO  steel_front::engine::renderer] 阴影 depth-only 管线创建完成
[2026-08-17T12:01:19Z INFO  steel_front] Vulkan 渲染器初始化成功
[2026-08-17T12:01:19Z INFO  steel_front] settings: 分辨率保持 2560x1600
[2026-08-17T12:01:19Z INFO  steel_front] settings: 应用画质 中画质
[2026-08-17T12:01:19Z INFO  steel_front::engine::renderer] 画质预设已切换: 中画质
[2026-08-17T12:01:19Z INFO  steel_front] 性能日志已创建（logs/perf_*.log）
[2026-08-17T12:01:19Z INFO  steel_front] 窗口大小变化: 1898x1061
[2026-08-17T12:01:19Z INFO  steel_front::engine::renderer] swapchain diag: current_extent=2560x1600 final=2560x1600
[2026-08-17T12:01:19Z INFO  steel_front::engine::renderer] 交换链初始化完成: 2560x1600, 格式: B8G8R8A8_SRGB, 图像数: 3, present_mode: MAILBOX
[2026-08-17T12:01:19Z INFO  steel_front::engine::renderer] 深度缓冲创建完成: 3 张 2560x1600 D32_SFLOAT
[2026-08-17T12:01:19Z INFO  steel_front] 窗口大小变化: 1920x1117
[2026-08-17T12:01:19Z INFO  steel_front::engine::renderer] swapchain diag: current_extent=2560x1600 final=2560x1600
[2026-08-17T12:01:19Z INFO  steel_front::engine::renderer] 交换链初始化完成: 2560x1600, 格式: B8G8R8A8_SRGB, 图像数: 3, present_mode: MAILBOX
[2026-08-17T12:01:19Z INFO  steel_front::engine::renderer] 深度缓冲创建完成: 3 张 2560x1600 D32_SFLOAT
[2026-08-17T12:01:19Z INFO  steel_front] 窗口大小变化: 2560x1600
[2026-08-17T12:01:19Z INFO  steel_front::engine::renderer] swapchain diag: current_extent=2560x1600 final=2560x1600
[2026-08-17T12:01:19Z INFO  steel_front::engine::renderer] 交换链初始化完成: 2560x1600, 格式: B8G8R8A8_SRGB, 图像数: 3, present_mode: MAILBOX
[2026-08-17T12:01:19Z INFO  steel_front::engine::renderer] 深度缓冲创建完成: 3 张 2560x1600 D32_SFLOAT
[2026-08-17T12:01:19Z INFO  steel_front] 窗口大小变化: 2560x1600
[2026-08-17T12:01:19Z INFO  steel_front::engine::renderer] swapchain diag: current_extent=2560x1600 final=2560x1600
[2026-08-17T12:01:19Z INFO  steel_front::engine::renderer] 交换链初始化完成: 2560x1600, 格式: B8G8R8A8_SRGB, 图像数: 3, present_mode: MAILBOX
[2026-08-17T12:01:19Z INFO  steel_front::engine::renderer] 深度缓冲创建完成: 3 张 2560x1600 D32_SFLOAT
[2026-08-17T12:01:19Z INFO  steel_front] cam: yaw=0.0 pitch=0.0 dist=3.4 mode=FirstPerson cycle_us=2640 update_us=15 render_us=2625
[2026-08-17T12:01:20Z INFO  steel_front::engine::renderer] visible=65536/65536 near=65536 far=0 fps=314.7 frame_us=2196 cull_us=0 terrain_us=0 wait_fence_us=1960 acquire_us=1 record_us=40 submit_us=38 present_us=362 terrain_lod=high blend=0.000 quality=中画质 marker=36 npc=56
[2026-08-17T12:01:20Z INFO  steel_front::engine::game] ai: npcs=8 near=8 far=0 idle=0 patrol=0 chase=8 attack=0 tactics=[8, 0, 0, 0, 0, 0, 0, 0]
[2026-08-17T12:01:20Z INFO  steel_front::engine::game] game: wave=1 enemies=8 enemy_hp=100 hp=100/100 score=0 phys_us=2 ai_us=361 audio_us=20 net_us=0
[2026-08-17T12:01:20Z INFO  steel_front::engine::game] map: level 1 generated: 36 obstacle bodies (wall=20 block=0 barrier=0 tree=3 building=6 ruin=7), 203 grid cells blocked
[2026-08-17T12:01:20Z INFO  steel_front::engine::game] game: purged 8 leftover npcs on run start
[2026-08-17T12:01:20Z INFO  steel_front::engine::game] wave: npc #8 spawn (65.3, 0.0, 25.3)
[2026-08-17T12:01:20Z INFO  steel_front::engine::game] wave: npc #9 spawn (6.1, 0.0, 39.5)
[2026-08-17T12:01:20Z INFO  steel_front::engine::game] wave: npc #10 spawn (-46.8, 0.0, 37.6)
[2026-08-17T12:01:20Z INFO  steel_front::engine::game] wave: npc #11 spawn (-74.6, 0.0, -28.9)
[2026-08-17T12:01:20Z INFO  steel_front::engine::game] wave: npc #12 spawn (-7.6, 0.0, -49.4)
[2026-08-17T12:01:20Z INFO  steel_front::engine::game] wave: npc #13 spawn (54.6, 0.0, -43.9)
[2026-08-17T12:01:20Z INFO  steel_front::engine::game] wave: wave 1 spawned 6 enemies (kind=Normal total=6 speed=4.0 hp=100 effective=1)
[2026-08-17T12:01:20Z INFO  steel_front::engine::game] game: run started (wave 1)
[2026-08-17T12:01:20Z INFO  steel_front] input: cursor captured (mouse look on, grab=locked, look=relative)
[2026-08-17T12:01:20Z INFO  steel_front::engine::game] physics: 36 events this frame (GroundHit, GroundHit, GroundHit, GroundHit, GroundHit, GroundHit, GroundHit, GroundHit, GroundHit, GroundHit, GroundHit, GroundHit, GroundHit, GroundHit, GroundHit, GroundHit, GroundHit, GroundHit, GroundHit, GroundHit, GroundHit, GroundHit, GroundHit, GroundHit, GroundHit, GroundHit, GroundHit, GroundHit, GroundHit, GroundHit, GroundHit, GroundHit, GroundHit, GroundHit, GroundHit, GroundHit)
[2026-08-17T12:01:20Z INFO  steel_front] input: cursor released (window unfocused)
[2026-08-17T12:01:20Z INFO  steel_front] cam: yaw=0.0 pitch=0.0 dist=3.4 mode=FirstPerson cycle_us=2392 update_us=23 render_us=2368
[2026-08-17T12:01:21Z INFO  steel_front::engine::renderer] visible=65536/65536 near=65536 far=0 fps=381.2 frame_us=1826 cull_us=1 terrain_us=0 wait_fence_us=1309 acquire_us=1 record_us=38 submit_us=35 present_us=250 terrain_lod=high blend=0.000 quality=中画质 marker=36 npc=98
[2026-08-17T12:01:21Z INFO  steel_front::engine::game] ai: npcs=6 near=6 far=0 idle=0 patrol=3 chase=3 attack=0 tactics=[4, 1, 1, 0, 0, 0, 0, 0]
[2026-08-17T12:01:21Z INFO  steel_front::engine::game] game: wave=1 enemies=6 enemy_hp=100 hp=100/100 score=0 phys_us=3 ai_us=382 audio_us=16 net_us=0
[2026-08-17T12:01:21Z INFO  steel_front] cam: yaw=0.0 pitch=0.0 dist=3.4 mode=FirstPerson cycle_us=2299 update_us=35 render_us=2263
[2026-08-17T12:01:22Z INFO  steel_front::engine::renderer] visible=65536/65536 near=65536 far=0 fps=374.7 frame_us=2302 cull_us=1 terrain_us=0 wait_fence_us=1586 acquire_us=1 record_us=40 submit_us=44 present_us=204 terrain_lod=high blend=0.000 quality=中画质 marker=36 npc=98
[2026-08-17T12:01:22Z INFO  steel_front::engine::game] ai: npcs=6 near=6 far=0 idle=0 patrol=3 chase=3 attack=0 tactics=[4, 1, 1, 0, 0, 0, 0, 0]
[2026-08-17T12:01:22Z INFO  steel_front::engine::game] game: wave=1 enemies=6 enemy_hp=100 hp=100/100 score=0 phys_us=9 ai_us=364 audio_us=35 net_us=1
[2026-08-17T12:01:22Z INFO  steel_front] cam: yaw=0.0 pitch=0.0 dist=3.4 mode=FirstPerson cycle_us=5988 update_us=252 render_us=5735
[2026-08-17T12:01:23Z INFO  steel_front::engine::renderer] visible=65536/65536 near=65536 far=0 fps=192.8 frame_us=2482 cull_us=3 terrain_us=0 wait_fence_us=17 acquire_us=5 record_us=133 submit_us=155 present_us=2161 terrain_lod=high blend=0.000 quality=中画质 marker=36 npc=98
[2026-08-17T12:01:23Z INFO  steel_front::engine::game] ai: npcs=6 near=6 far=0 idle=0 patrol=3 chase=3 attack=0 tactics=[3, 1, 1, 0, 0, 0, 0, 1]
[2026-08-17T12:01:23Z INFO  steel_front::engine::game] game: wave=1 enemies=6 enemy_hp=100 hp=100/100 score=0 phys_us=16 ai_us=1137 audio_us=282 net_us=1
[2026-08-17T12:01:23Z INFO  steel_front] cam: yaw=0.0 pitch=0.0 dist=3.4 mode=FirstPerson cycle_us=9339 update_us=389 render_us=8949
[2026-08-17T12:01:24Z INFO  steel_front::engine::renderer] visible=65536/65536 near=65536 far=0 fps=117.6 frame_us=2156 cull_us=2 terrain_us=0 wait_fence_us=18 acquire_us=4 record_us=190 submit_us=170 present_us=1759 terrain_lod=high blend=0.000 quality=中画质 marker=36 npc=98
[2026-08-17T12:01:24Z INFO  steel_front] size diag: window_inner=2560x1600 hud=2560x1600
[2026-08-17T12:01:24Z INFO  steel_front] size diag: window_inner=2560x1600 hud=2560x1600
[2026-08-17T12:01:24Z INFO  steel_front::engine::game] ai: npcs=6 near=6 far=0 idle=0 patrol=3 chase=3 attack=0 tactics=[3, 1, 1, 0, 0, 0, 0, 1]
[2026-08-17T12:01:24Z INFO  steel_front::engine::game] game: wave=1 enemies=6 enemy_hp=100 hp=100/100 score=0 phys_us=7 ai_us=380 audio_us=192 net_us=0
[2026-08-17T12:01:24Z INFO  steel_front] size diag: window_inner=2560x1600 hud=2560x1600
[2026-08-17T12:01:24Z INFO  steel_front] size diag: window_inner=2560x1600 hud=2560x1600
[2026-08-17T12:01:24Z INFO  steel_front] size diag: window_inner=2560x1600 hud=2560x1600
[2026-08-17T12:01:24Z INFO  steel_front] size diag: window_inner=2560x1600 hud=2560x1600
[2026-08-17T12:01:24Z INFO  steel_front] size diag: window_inner=2560x1600 hud=2560x1600
[2026-08-17T12:01:24Z INFO  steel_front] cam: yaw=0.0 pitch=0.0 dist=3.4 mode=FirstPerson cycle_us=4342 update_us=18 render_us=4324
[2026-08-17T12:01:25Z INFO  steel_front::engine::renderer] visible=65536/65536 near=65536 far=0 fps=238.9 frame_us=3966 cull_us=1 terrain_us=0 wait_fence_us=3702 acquire_us=1 record_us=59 submit_us=44 present_us=313 terrain_lod=high blend=0.000 quality=中画质 marker=36 npc=98
[2026-08-17T12:01:25Z INFO  steel_front::engine::game] ai: npcs=6 near=6 far=0 idle=0 patrol=3 chase=3 attack=0 tactics=[4, 1, 1, 0, 0, 0, 0, 0]
[2026-08-17T12:01:25Z INFO  steel_front::engine::game] game: wave=1 enemies=6 enemy_hp=100 hp=100/100 score=0 phys_us=4 ai_us=224 audio_us=24 net_us=0
[2026-08-17T12:01:25Z INFO  steel_front] cam: yaw=0.0 pitch=0.0 dist=3.4 mode=FirstPerson cycle_us=2468 update_us=16 render_us=2451
[2026-08-17T12:01:26Z INFO  steel_front::engine::renderer] visible=65536/65536 near=65536 far=0 fps=323.6 frame_us=1958 cull_us=0 terrain_us=0 wait_fence_us=2074 acquire_us=1 record_us=23 submit_us=26 present_us=240 terrain_lod=high blend=0.000 quality=中画质 marker=36 npc=98
[2026-08-17T12:01:26Z INFO  steel_front::engine::game] ai: npcs=6 near=6 far=0 idle=0 patrol=3 chase=3 attack=0 tactics=[4, 1, 1, 0, 0, 0, 0, 0]
[2026-08-17T12:01:26Z INFO  steel_front::engine::game] game: wave=1 enemies=6 enemy_hp=100 hp=100/100 score=0 phys_us=2 ai_us=442 audio_us=18 net_us=0
[2026-08-17T12:01:26Z INFO  steel_front] cam: yaw=0.0 pitch=0.0 dist=3.4 mode=FirstPerson cycle_us=2370 update_us=17 render_us=2353
[2026-08-17T12:01:27Z INFO  steel_front::engine::renderer] visible=65536/65536 near=65536 far=0 fps=318.5 frame_us=2080 cull_us=0 terrain_us=0 wait_fence_us=1663 acquire_us=0 record_us=43 submit_us=38 present_us=316 terrain_lod=high blend=0.000 quality=中画质 marker=36 npc=98
[2026-08-17T12:01:27Z INFO  steel_front::engine::game] ai: npcs=6 near=6 far=0 idle=0 patrol=3 chase=3 attack=0 tactics=[3, 1, 1, 0, 0, 0, 0, 1]
[2026-08-17T12:01:27Z INFO  steel_front::engine::game] game: wave=1 enemies=6 enemy_hp=100 hp=100/100 score=0 phys_us=2 ai_us=451 audio_us=20 net_us=0
[2026-08-17T12:01:27Z INFO  steel_front] cam: yaw=0.0 pitch=0.0 dist=3.4 mode=FirstPerson cycle_us=4641 update_us=32 render_us=4608
[2026-08-17T12:01:28Z INFO  steel_front::engine::renderer] visible=65536/65536 near=65536 far=0 fps=330.0 frame_us=2790 cull_us=0 terrain_us=0 wait_fence_us=1048 acquire_us=1 record_us=59 submit_us=84 present_us=675 terrain_lod=high blend=0.000 quality=中画质 marker=36 npc=98
[2026-08-17T12:01:28Z INFO  steel_front::engine::game] ai: npcs=6 near=5 far=1 idle=0 patrol=2 chase=4 attack=0 tactics=[4, 1, 1, 0, 0, 0, 0, 0]
[2026-08-17T12:01:28Z INFO  steel_front::engine::game] game: wave=1 enemies=6 enemy_hp=100 hp=100/100 score=0 phys_us=1 ai_us=400 audio_us=22 net_us=0
[2026-08-17T12:01:28Z INFO  steel_front] cam: yaw=0.0 pitch=0.0 dist=3.4 mode=FirstPerson cycle_us=2408 update_us=16 render_us=2392
[2026-08-17T12:01:29Z INFO  steel_front::engine::renderer] visible=65536/65536 near=65536 far=0 fps=392.3 frame_us=2078 cull_us=0 terrain_us=0 wait_fence_us=1772 acquire_us=1 record_us=59 submit_us=57 present_us=385 terrain_lod=high blend=0.000 quality=中画质 marker=36 npc=98
[2026-08-17T12:01:29Z INFO  steel_front] size diag: window_inner=2560x1600 hud=2560x1600
[2026-08-17T12:01:29Z INFO  steel_front] size diag: window_inner=2560x1600 hud=2560x1600
[2026-08-17T12:01:29Z INFO  steel_front::engine::game] ai: npcs=6 near=5 far=1 idle=0 patrol=2 chase=4 attack=0 tactics=[4, 1, 1, 0, 0, 0, 0, 0]
[2026-08-17T12:01:29Z INFO  steel_front::engine::game] game: wave=1 enemies=6 enemy_hp=100 hp=100/100 score=0 phys_us=15 ai_us=1369 audio_us=213 net_us=1
[2026-08-17T12:01:29Z INFO  steel_front] size diag: window_inner=2560x1600 hud=2560x1600
[2026-08-17T12:01:29Z INFO  steel_front] size diag: window_inner=2560x1600 hud=2560x1600
[2026-08-17T12:01:29Z INFO  steel_front] size diag: window_inner=2560x1600 hud=2560x1600
[2026-08-17T12:01:29Z INFO  steel_front] cam: yaw=0.0 pitch=0.0 dist=3.4 mode=FirstPerson cycle_us=3935 update_us=62 render_us=3873
[2026-08-17T12:01:30Z INFO  steel_front::engine::renderer] visible=65536/65536 near=65536 far=0 fps=225.5 frame_us=5613 cull_us=3 terrain_us=0 wait_fence_us=26 acquire_us=7 record_us=240 submit_us=280 present_us=5044 terrain_lod=high blend=0.000 quality=中画质 marker=36 npc=98
[2026-08-17T12:01:30Z INFO  steel_front::engine::game] npc: #9 stand (6.9, 0.0, 9.8)
[2026-08-17T12:01:30Z INFO  steel_front::engine::game] ai: npcs=6 near=5 far=1 idle=0 patrol=2 chase=3 attack=1 tactics=[4, 1, 1, 0, 0, 0, 0, 0]
[2026-08-17T12:01:30Z INFO  steel_front::engine::game] game: wave=1 enemies=6 enemy_hp=100 hp=95/100 score=0 phys_us=25 ai_us=1511 audio_us=448 net_us=1
[2026-08-17T12:01:30Z INFO  steel_front] cam: yaw=0.0 pitch=0.0 dist=3.4 mode=FirstPerson cycle_us=3883 update_us=41 render_us=3841
[2026-08-17T12:01:31Z INFO  steel_front::engine::renderer] visible=65536/65536 near=65536 far=0 fps=240.7 frame_us=2144 cull_us=0 terrain_us=0 wait_fence_us=1479 acquire_us=0 record_us=39 submit_us=39 present_us=370 terrain_lod=high blend=0.000 quality=中画质 marker=62 npc=42
[2026-08-17T12:01:31Z INFO  steel_front::engine::game] ai: npcs=6 near=4 far=2 idle=0 patrol=2 chase=3 attack=1 tactics=[4, 1, 1, 0, 0, 0, 0, 0]
[2026-08-17T12:01:31Z INFO  steel_front::engine::game] game: wave=1 enemies=6 enemy_hp=100 hp=90/100 score=0 phys_us=2 ai_us=530 audio_us=26 net_us=0
[2026-08-17T12:01:31Z INFO  steel_front] cam: yaw=0.0 pitch=0.0 dist=3.4 mode=FirstPerson cycle_us=2574 update_us=25 render_us=2549
[2026-08-17T12:01:32Z INFO  steel_front::engine::renderer] visible=65536/65536 near=65536 far=0 fps=392.5 frame_us=2134 cull_us=0 terrain_us=0 wait_fence_us=1849 acquire_us=1 record_us=38 submit_us=34 present_us=339 terrain_lod=high blend=0.000 quality=中画质 marker=36 npc=42
[2026-08-17T12:01:32Z INFO  steel_front::engine::game] ai: npcs=6 near=4 far=2 idle=0 patrol=2 chase=3 attack=1 tactics=[4, 0, 2, 0, 0, 0, 0, 0]
[2026-08-17T12:01:32Z INFO  steel_front::engine::game] game: wave=1 enemies=6 enemy_hp=100 hp=85/100 score=0 phys_us=3 ai_us=402 audio_us=18 net_us=0
[2026-08-17T12:01:32Z INFO  steel_front] cam: yaw=0.0 pitch=0.0 dist=3.4 mode=FirstPerson cycle_us=2613 update_us=23 render_us=2589
[2026-08-17T12:01:33Z INFO  steel_front::engine::renderer] visible=65536/65536 near=65536 far=0 fps=388.5 frame_us=2113 cull_us=0 terrain_us=0 wait_fence_us=1891 acquire_us=1 record_us=56 submit_us=87 present_us=244 terrain_lod=high blend=0.000 quality=中画质 marker=63 npc=42
[2026-08-17T12:01:33Z INFO  steel_front::engine::game] ai: npcs=6 near=4 far=2 idle=0 patrol=2 chase=3 attack=1 tactics=[4, 0, 2, 0, 0, 0, 0, 0]
[2026-08-17T12:01:33Z INFO  steel_front::engine::game] game: wave=1 enemies=6 enemy_hp=100 hp=80/100 score=0 phys_us=2 ai_us=512 audio_us=14 net_us=0
[2026-08-17T12:01:33Z INFO  steel_front] cam: yaw=0.0 pitch=0.0 dist=3.4 mode=FirstPerson cycle_us=2901 update_us=18 render_us=2883
[2026-08-17T12:01:34Z INFO  steel_front::engine::renderer] visible=65536/65536 near=65536 far=0 fps=392.4 frame_us=2438 cull_us=0 terrain_us=0 wait_fence_us=3497 acquire_us=1 record_us=81 submit_us=101 present_us=478 terrain_lod=high blend=0.000 quality=中画质 marker=36 npc=42
[2026-08-17T12:01:34Z INFO  steel_front] size diag: window_inner=2560x1600 hud=2560x1600
[2026-08-17T12:01:34Z INFO  steel_front] size diag: window_inner=2560x1600 hud=2560x1600
[2026-08-17T12:01:34Z INFO  steel_front] size diag: window_inner=2560x1600 hud=2560x1600
[2026-08-17T12:01:34Z INFO  steel_front] size diag: window_inner=2560x1600 hud=2560x1600
[2026-08-17T12:01:34Z INFO  steel_front] size diag: window_inner=2560x1600 hud=2560x1600
[2026-08-17T12:01:34Z INFO  steel_front] size diag: window_inner=2560x1600 hud=2560x1600
[2026-08-17T12:01:34Z INFO  steel_front] size diag: window_inner=2560x1600 hud=2560x1600
[2026-08-17T12:01:34Z INFO  steel_front] size diag: window_inner=2560x1600 hud=2560x1600
[2026-08-17T12:01:34Z INFO  steel_front] size diag: window_inner=2560x1600 hud=2560x1600
[2026-08-17T12:01:34Z INFO  steel_front] size diag: window_inner=2560x1600 hud=2560x1600
[2026-08-17T12:01:34Z INFO  steel_front] size diag: window_inner=2560x1600 hud=2560x1600
[2026-08-17T12:01:34Z INFO  steel_front] size diag: window_inner=2560x1600 hud=2560x1600
[2026-08-17T12:01:34Z INFO  steel_front] size diag: window_inner=2560x1600 hud=2560x1600
[2026-08-17T12:01:34Z INFO  steel_front] size diag: window_inner=2560x1600 hud=2560x1600
[2026-08-17T12:01:34Z INFO  steel_front] size diag: window_inner=2560x1600 hud=2560x1600
[2026-08-17T12:01:34Z INFO  steel_front::engine::game] ai: npcs=6 near=4 far=2 idle=0 patrol=2 chase=3 attack=1 tactics=[4, 0, 2, 0, 0, 0, 0, 0]
[2026-08-17T12:01:34Z INFO  steel_front::engine::game] game: wave=1 enemies=6 enemy_hp=100 hp=75/100 score=0 phys_us=1 ai_us=141 audio_us=15 net_us=0
[2026-08-17T12:01:34Z INFO  steel_front] size diag: window_inner=2560x1600 hud=2560x1600
[2026-08-17T12:01:34Z INFO  steel_front] size diag: window_inner=2560x1600 hud=2560x1600
[2026-08-17T12:01:34Z INFO  steel_front] size diag: window_inner=2560x1600 hud=2560x1600
[2026-08-17T12:01:34Z INFO  steel_front] size diag: window_inner=2560x1600 hud=2560x1600
[2026-08-17T12:01:34Z INFO  steel_front] size diag: window_inner=2560x1600 hud=2560x1600
[2026-08-17T12:01:34Z INFO  steel_front::engine::game] npc: #12 stand (2.1, 0.0, -11.8)
[2026-08-17T12:01:34Z INFO  steel_front] cam: yaw=0.0 pitch=0.0 dist=3.4 mode=FirstPerson cycle_us=2546 update_us=28 render_us=2517
[2026-08-17T12:01:35Z INFO  steel_front::engine::renderer] visible=65536/65536 near=65536 far=0 fps=357.0 frame_us=2077 cull_us=0 terrain_us=0 wait_fence_us=1596 acquire_us=1 record_us=58 submit_us=116 present_us=263 terrain_lod=high blend=0.000 quality=中画质 marker=63 npc=42
[2026-08-17T12:01:35Z INFO  steel_front::engine::game] ai: npcs=6 near=4 far=2 idle=0 patrol=2 chase=2 attack=2 tactics=[4, 0, 2, 0, 0, 0, 0, 0]
[2026-08-17T12:01:35Z INFO  steel_front::engine::game] game: wave=1 enemies=6 enemy_hp=100 hp=70/100 score=0 phys_us=1 ai_us=523 audio_us=14 net_us=0
[2026-08-17T12:01:35Z INFO  steel_front] cam: yaw=0.0 pitch=0.0 dist=3.4 mode=FirstPerson cycle_us=2419 update_us=32 render_us=2386
[2026-08-17T12:01:36Z INFO  steel_front::engine::renderer] visible=65536/65536 near=65536 far=0 fps=384.0 frame_us=1309 cull_us=0 terrain_us=0 wait_fence_us=1550 acquire_us=1 record_us=43 submit_us=82 present_us=299 terrain_lod=high blend=0.000 quality=中画质 marker=36 npc=42
[2026-08-17T12:01:36Z INFO  steel_front::engine::game] ai: npcs=6 near=4 far=2 idle=0 patrol=3 chase=1 attack=2 tactics=[3, 0, 2, 0, 0, 0, 0, 1]
[2026-08-17T12:01:36Z INFO  steel_front::engine::game] game: wave=1 enemies=6 enemy_hp=100 hp=65/100 score=0 phys_us=1 ai_us=487 audio_us=17 net_us=0
[2026-08-17T12:01:36Z INFO  steel_front] cam: yaw=0.0 pitch=0.0 dist=3.4 mode=FirstPerson cycle_us=11667 update_us=685 render_us=10981
[2026-08-17T12:01:37Z INFO  steel_front::engine::renderer] visible=65536/65536 near=65536 far=0 fps=277.4 frame_us=2106 cull_us=1 terrain_us=0 wait_fence_us=1266 acquire_us=1 record_us=72 submit_us=94 present_us=325 terrain_lod=high blend=0.000 quality=中画质 marker=63 npc=42
[2026-08-17T12:01:37Z INFO  steel_front::engine::game] ai: npcs=6 near=4 far=2 idle=0 patrol=3 chase=1 attack=2 tactics=[3, 0, 2, 0, 0, 0, 0, 1]
[2026-08-17T12:01:37Z INFO  steel_front::engine::game] game: wave=1 enemies=6 enemy_hp=100 hp=60/100 score=0 phys_us=2 ai_us=533 audio_us=23 net_us=0
[2026-08-17T12:01:37Z INFO  steel_front] cam: yaw=0.0 pitch=0.0 dist=3.4 mode=FirstPerson cycle_us=2964 update_us=17 render_us=2946
[2026-08-17T12:01:38Z INFO  steel_front::engine::renderer] visible=65536/65536 near=65536 far=0 fps=393.3 frame_us=1970 cull_us=1 terrain_us=0 wait_fence_us=1509 acquire_us=1 record_us=64 submit_us=68 present_us=301 terrain_lod=high blend=0.000 quality=中画质 marker=36 npc=42
[2026-08-17T12:01:38Z INFO  steel_front::engine::game] ai: npcs=6 near=5 far=1 idle=0 patrol=3 chase=1 attack=2 tactics=[4, 0, 2, 0, 0, 0, 0, 0]
[2026-08-17T12:01:38Z INFO  steel_front::engine::game] game: wave=1 enemies=6 enemy_hp=100 hp=55/100 score=0 phys_us=1 ai_us=582 audio_us=19 net_us=0
[2026-08-17T12:01:38Z INFO  steel_front] cam: yaw=0.0 pitch=0.0 dist=3.4 mode=FirstPerson cycle_us=9422 update_us=644 render_us=8776
[2026-08-17T12:01:39Z INFO  steel_front::engine::renderer] visible=65536/65536 near=65536 far=0 fps=165.7 frame_us=1895 cull_us=1 terrain_us=0 wait_fence_us=12 acquire_us=3 record_us=153 submit_us=161 present_us=1552 terrain_lod=high blend=0.000 quality=中画质 marker=46 npc=42
[2026-08-17T12:01:39Z INFO  steel_front] size diag: window_inner=2560x1600 hud=2560x1600
[2026-08-17T12:01:39Z INFO  steel_front] size diag: window_inner=2560x1600 hud=2560x1600
[2026-08-17T12:01:39Z INFO  steel_front] size diag: window_inner=2560x1600 hud=2560x1600
[2026-08-17T12:01:39Z INFO  steel_front] size diag: window_inner=2560x1600 hud=2560x1600
[2026-08-17T12:01:39Z INFO  steel_front] size diag: window_inner=2560x1600 hud=2560x1600
[2026-08-17T12:01:39Z INFO  steel_front] size diag: window_inner=2560x1600 hud=2560x1600
[2026-08-17T12:01:39Z INFO  steel_front] size diag: window_inner=2560x1600 hud=2560x1600
[2026-08-17T12:01:39Z INFO  steel_front] size diag: window_inner=2560x1600 hud=2560x1600
[2026-08-17T12:01:39Z INFO  steel_front] size diag: window_inner=2560x1600 hud=2560x1600
[2026-08-17T12:01:39Z INFO  steel_front] size diag: window_inner=2560x1600 hud=2560x1600
[2026-08-17T12:01:39Z INFO  steel_front] size diag: window_inner=2560x1600 hud=2560x1600
[2026-08-17T12:01:39Z INFO  steel_front] size diag: window_inner=2560x1600 hud=2560x1600
[2026-08-17T12:01:39Z INFO  steel_front] size diag: window_inner=2560x1600 hud=2560x1600
[2026-08-17T12:01:39Z INFO  steel_front] size diag: window_inner=2560x1600 hud=2560x1600
[2026-08-17T12:01:39Z INFO  steel_front] size diag: window_inner=2560x1600 hud=2560x1600
[2026-08-17T12:01:39Z INFO  steel_front] size diag: window_inner=2560x1600 hud=2560x1600
[2026-08-17T12:01:39Z INFO  steel_front] size diag: window_inner=2560x1600 hud=2560x1600
[2026-08-17T12:01:39Z INFO  steel_front] size diag: window_inner=2560x1600 hud=2560x1600
[2026-08-17T12:01:39Z INFO  steel_front] size diag: window_inner=2560x1600 hud=2560x1600
[2026-08-17T12:01:39Z INFO  steel_front] size diag: window_inner=2560x1600 hud=2560x1600
[2026-08-17T12:01:39Z INFO  steel_front::engine::game] ai: npcs=6 near=5 far=1 idle=0 patrol=2 chase=2 attack=2 tactics=[4, 0, 2, 0, 0, 0, 0, 0]
[2026-08-17T12:01:39Z INFO  steel_front::engine::game] game: wave=1 enemies=6 enemy_hp=100 hp=50/100 score=0 phys_us=2 ai_us=256 audio_us=30 net_us=0
[2026-08-17T12:01:39Z INFO  steel_front] cam: yaw=0.0 pitch=0.0 dist=3.4 mode=FirstPerson cycle_us=4080 update_us=59 render_us=4021
[2026-08-17T12:01:39Z INFO  steel_front::engine::game] npc: #10 stand (-12.0, 0.0, 0.3)
[2026-08-17T12:01:40Z INFO  steel_front::engine::renderer] visible=65536/65536 near=65536 far=0 fps=312.1 frame_us=1642 cull_us=0 terrain_us=0 wait_fence_us=3092 acquire_us=1 record_us=35 submit_us=48 present_us=193 terrain_lod=high blend=0.000 quality=中画质 marker=36 npc=42
[2026-08-17T12:01:40Z INFO  steel_front::engine::game] ai: npcs=6 near=5 far=1 idle=0 patrol=2 chase=1 attack=3 tactics=[4, 0, 2, 0, 0, 0, 0, 0]
[2026-08-17T12:01:40Z INFO  steel_front::engine::game] game: wave=1 enemies=6 enemy_hp=100 hp=45/100 score=0 phys_us=4 ai_us=687 audio_us=20 net_us=0
[2026-08-17T12:01:40Z INFO  steel_front] cam: yaw=0.0 pitch=0.0 dist=3.4 mode=FirstPerson cycle_us=2707 update_us=84 render_us=2622
[2026-08-17T12:01:41Z INFO  steel_front::engine::renderer] visible=65536/65536 near=65536 far=0 fps=289.7 frame_us=2672 cull_us=1 terrain_us=0 wait_fence_us=3252 acquire_us=1 record_us=54 submit_us=51 present_us=224 terrain_lod=high blend=0.000 quality=中画质 marker=55 npc=42
[2026-08-17T12:01:41Z INFO  steel_front::engine::game] ai: npcs=6 near=4 far=2 idle=0 patrol=2 chase=1 attack=3 tactics=[4, 0, 2, 0, 0, 0, 0, 0]
[2026-08-17T12:01:41Z INFO  steel_front::engine::game] game: wave=1 enemies=6 enemy_hp=100 hp=40/100 score=0 phys_us=4 ai_us=675 audio_us=14 net_us=0
[2026-08-17T12:01:41Z INFO  steel_front] cam: yaw=0.0 pitch=0.0 dist=3.4 mode=FirstPerson cycle_us=4414 update_us=30 render_us=4384
[2026-08-17T12:01:42Z INFO  steel_front::engine::renderer] visible=65536/65536 near=65536 far=0 fps=304.5 frame_us=643 cull_us=4 terrain_us=0 wait_fence_us=2075 acquire_us=2 record_us=219 submit_us=46 present_us=348 terrain_lod=high blend=0.000 quality=中画质 marker=36 npc=42
[2026-08-17T12:01:42Z INFO  steel_front::engine::game] ai: npcs=6 near=4 far=2 idle=0 patrol=2 chase=1 attack=3 tactics=[4, 0, 2, 0, 0, 0, 0, 0]
[2026-08-17T12:01:42Z INFO  steel_front::engine::game] game: wave=1 enemies=6 enemy_hp=100 hp=35/100 score=0 phys_us=5 ai_us=1163 audio_us=30 net_us=1
[2026-08-17T12:01:42Z INFO  steel_front] cam: yaw=0.0 pitch=0.0 dist=3.4 mode=FirstPerson cycle_us=3642 update_us=48 render_us=3594
[2026-08-17T12:01:43Z INFO  steel_front::engine::renderer] visible=65536/65536 near=65536 far=0 fps=270.4 frame_us=4011 cull_us=2 terrain_us=0 wait_fence_us=3213 acquire_us=5 record_us=80 submit_us=64 present_us=549 terrain_lod=high blend=0.000 quality=中画质 marker=51 npc=42
[2026-08-17T12:01:43Z INFO  steel_front::engine::game] ai: npcs=6 near=4 far=2 idle=0 patrol=2 chase=1 attack=3 tactics=[4, 1, 1, 0, 0, 0, 0, 0]
[2026-08-17T12:01:43Z INFO  steel_front::engine::game] game: wave=1 enemies=6 enemy_hp=100 hp=30/100 score=0 phys_us=3 ai_us=642 audio_us=15 net_us=0
[2026-08-17T12:01:43Z INFO  steel_front] cam: yaw=0.0 pitch=0.0 dist=3.4 mode=FirstPerson cycle_us=4056 update_us=34 render_us=4022
[2026-08-17T12:01:44Z INFO  steel_front::engine::renderer] visible=65536/65536 near=65536 far=0 fps=276.9 frame_us=2132 cull_us=0 terrain_us=0 wait_fence_us=4621 acquire_us=2 record_us=36 submit_us=57 present_us=224 terrain_lod=high blend=0.000 quality=中画质 marker=36 npc=42
[2026-08-17T12:01:44Z INFO  steel_front] size diag: window_inner=2560x1600 hud=2560x1600
[2026-08-17T12:01:44Z INFO  steel_front] size diag: window_inner=2560x1600 hud=2560x1600
[2026-08-17T12:01:44Z INFO  steel_front] size diag: window_inner=2560x1600 hud=2560x1600
[2026-08-17T12:01:44Z INFO  steel_front] size diag: window_inner=2560x1600 hud=2560x1600
[2026-08-17T12:01:44Z INFO  steel_front] size diag: window_inner=2560x1600 hud=2560x1600
[2026-08-17T12:01:44Z INFO  steel_front] size diag: window_inner=2560x1600 hud=2560x1600
[2026-08-17T12:01:44Z INFO  steel_front] size diag: window_inner=2560x1600 hud=2560x1600
[2026-08-17T12:01:44Z INFO  steel_front] size diag: window_inner=2560x1600 hud=2560x1600
[2026-08-17T12:01:44Z INFO  steel_front] size diag: window_inner=2560x1600 hud=2560x1600
[2026-08-17T12:01:44Z INFO  steel_front] size diag: window_inner=2560x1600 hud=2560x1600
[2026-08-17T12:01:44Z INFO  steel_front] size diag: window_inner=2560x1600 hud=2560x1600
[2026-08-17T12:01:44Z INFO  steel_front] size diag: window_inner=2560x1600 hud=2560x1600
[2026-08-17T12:01:44Z INFO  steel_front] size diag: window_inner=2560x1600 hud=2560x1600
[2026-08-17T12:01:44Z INFO  steel_front] size diag: window_inner=2560x1600 hud=2560x1600
[2026-08-17T12:01:44Z INFO  steel_front::engine::game] ai: npcs=6 near=4 far=2 idle=0 patrol=3 chase=0 attack=3 tactics=[4, 1, 1, 0, 0, 0, 0, 0]
[2026-08-17T12:01:44Z INFO  steel_front::engine::game] game: wave=1 enemies=6 enemy_hp=100 hp=25/100 score=0 phys_us=2 ai_us=499 audio_us=16 net_us=0
[2026-08-17T12:01:44Z INFO  steel_front] cam: yaw=0.0 pitch=0.0 dist=3.4 mode=FirstPerson cycle_us=2499 update_us=21 render_us=2477
[2026-08-17T12:01:45Z INFO  steel_front::engine::renderer] visible=65536/65536 near=65536 far=0 fps=331.0 frame_us=2029 cull_us=1 terrain_us=0 wait_fence_us=3162 acquire_us=1 record_us=31 submit_us=31 present_us=470 terrain_lod=high blend=0.000 quality=中画质 marker=54 npc=42
[2026-08-17T12:01:45Z INFO  steel_front::engine::game] ai: npcs=6 near=4 far=2 idle=0 patrol=3 chase=0 attack=3 tactics=[4, 1, 1, 0, 0, 0, 0, 0]
[2026-08-17T12:01:45Z INFO  steel_front::engine::game] game: wave=1 enemies=6 enemy_hp=100 hp=20/100 score=0 phys_us=5 ai_us=727 audio_us=44 net_us=0
[2026-08-17T12:01:45Z INFO  steel_front] cam: yaw=0.0 pitch=0.0 dist=3.4 mode=FirstPerson cycle_us=2667 update_us=24 render_us=2642
[2026-08-17T12:01:46Z INFO  steel_front::engine::renderer] visible=65536/65536 near=65536 far=0 fps=300.3 frame_us=2050 cull_us=1 terrain_us=0 wait_fence_us=1001 acquire_us=1 record_us=59 submit_us=81 present_us=441 terrain_lod=high blend=0.000 quality=中画质 marker=36 npc=42
[2026-08-17T12:01:46Z INFO  steel_front::engine::game] ai: npcs=6 near=5 far=1 idle=0 patrol=3 chase=0 attack=3 tactics=[4, 1, 1, 0, 0, 0, 0, 0]
[2026-08-17T12:01:46Z INFO  steel_front::engine::game] game: wave=1 enemies=6 enemy_hp=100 hp=15/100 score=0 phys_us=2 ai_us=567 audio_us=37 net_us=0
[2026-08-17T12:01:46Z INFO  steel_front] cam: yaw=0.0 pitch=0.0 dist=3.4 mode=FirstPerson cycle_us=2440 update_us=25 render_us=2415
[2026-08-17T12:01:47Z INFO  steel_front::engine::renderer] visible=65536/65536 near=65536 far=0 fps=399.1 frame_us=2464 cull_us=0 terrain_us=0 wait_fence_us=1447 acquire_us=0 record_us=39 submit_us=40 present_us=241 terrain_lod=high blend=0.000 quality=中画质 marker=63 npc=42
[2026-08-17T12:01:47Z INFO  steel_front::engine::game] ai: npcs=6 near=6 far=0 idle=0 patrol=3 chase=0 attack=3 tactics=[4, 1, 1, 0, 0, 0, 0, 0]
[2026-08-17T12:01:47Z INFO  steel_front::engine::game] game: wave=1 enemies=6 enemy_hp=100 hp=10/100 score=0 phys_us=5 ai_us=614 audio_us=29 net_us=0
[2026-08-17T12:01:47Z INFO  steel_front] cam: yaw=0.0 pitch=0.0 dist=3.4 mode=FirstPerson cycle_us=2758 update_us=45 render_us=2713
[2026-08-17T12:01:48Z INFO  steel_front::engine::renderer] visible=65536/65536 near=65536 far=0 fps=289.1 frame_us=3155 cull_us=2 terrain_us=0 wait_fence_us=22 acquire_us=6 record_us=264 submit_us=211 present_us=2633 terrain_lod=high blend=0.000 quality=中画质 marker=36 npc=42
[2026-08-17T12:01:48Z INFO  steel_front::engine::game] ai: npcs=6 near=6 far=0 idle=0 patrol=3 chase=0 attack=3 tactics=[4, 1, 1, 0, 0, 0, 0, 0]
[2026-08-17T12:01:48Z INFO  steel_front::engine::game] game: wave=1 enemies=6 enemy_hp=100 hp=5/100 score=0 phys_us=10 ai_us=926 audio_us=179 net_us=0
[2026-08-17T12:01:48Z INFO  steel_front] cam: yaw=0.0 pitch=0.0 dist=3.4 mode=FirstPerson cycle_us=4631 update_us=114 render_us=4516
[2026-08-17T12:01:49Z INFO  steel_front::engine::game] game: player down, score=0 wave=1 (GameOver: gameplay frozen, projectiles coast without kills)
[2026-08-17T12:01:49Z INFO  steel_front::engine::renderer] visible=65536/65536 near=65536 far=0 fps=231.0 frame_us=4176 cull_us=4 terrain_us=0 wait_fence_us=24 acquire_us=8 record_us=216 submit_us=216 present_us=3699 terrain_lod=high blend=0.000 quality=中画质 marker=44 npc=42
[2026-08-17T12:01:49Z INFO  steel_front] size diag: window_inner=2560x1600 hud=2560x1600
[2026-08-17T12:01:49Z INFO  steel_front] size diag: window_inner=2560x1600 hud=2560x1600
[2026-08-17T12:01:49Z INFO  steel_front] size diag: window_inner=2560x1600 hud=2560x1600
[2026-08-17T12:01:49Z INFO  steel_front] size diag: window_inner=2560x1600 hud=2560x1600
[2026-08-17T12:01:49Z INFO  steel_front] size diag: window_inner=2560x1600 hud=2560x1600
[2026-08-17T12:01:49Z INFO  steel_front] size diag: window_inner=2560x1600 hud=2560x1600
[2026-08-17T12:01:49Z INFO  steel_front] size diag: window_inner=2560x1600 hud=2560x1600
[2026-08-17T12:01:49Z INFO  steel_front] size diag: window_inner=2560x1600 hud=2560x1600
[2026-08-17T12:01:49Z INFO  steel_front] size diag: window_inner=2560x1600 hud=2560x1600
[2026-08-17T12:01:49Z INFO  steel_front] size diag: window_inner=2560x1600 hud=2560x1600
[2026-08-17T12:01:49Z INFO  steel_front] size diag: window_inner=2560x1600 hud=2560x1600
[2026-08-17T12:01:49Z INFO  steel_front] size diag: window_inner=2560x1600 hud=2560x1600
[2026-08-17T12:01:49Z INFO  steel_front] size diag: window_inner=2560x1600 hud=2560x1600
[2026-08-17T12:01:49Z INFO  steel_front] size diag: window_inner=2560x1600 hud=2560x1600
[2026-08-17T12:01:49Z INFO  steel_front] size diag: window_inner=2560x1600 hud=2560x1600
[2026-08-17T12:01:49Z INFO  steel_front] size diag: window_inner=2560x1600 hud=2560x1600
[2026-08-17T12:01:49Z INFO  steel_front] size diag: window_inner=2560x1600 hud=2560x1600
[2026-08-17T12:01:49Z INFO  steel_front] size diag: window_inner=2560x1600 hud=2560x1600
[2026-08-17T12:01:49Z INFO  steel_front] size diag: window_inner=2560x1600 hud=2560x1600
[2026-08-17T12:01:49Z INFO  steel_front::engine::game] game: wave=1 enemies=6 enemy_hp=100 hp=0/100 score=0 phys_us=2 ai_us=0 audio_us=24 net_us=0
[2026-08-17T12:01:49Z INFO  steel_front] cam: yaw=0.0 pitch=0.0 dist=3.4 mode=FirstPerson cycle_us=2425 update_us=18 render_us=2406
[2026-08-17T12:01:50Z INFO  steel_front::engine::renderer] visible=65536/65536 near=65536 far=0 fps=380.3 frame_us=2000 cull_us=0 terrain_us=0 wait_fence_us=2239 acquire_us=1 record_us=28 submit_us=32 present_us=230 terrain_lod=high blend=0.000 quality=中画质 marker=36 npc=42
[2026-08-17T12:01:50Z INFO  steel_front::engine::game] game: wave=1 enemies=6 enemy_hp=100 hp=0/100 score=0 phys_us=1 ai_us=0 audio_us=16 net_us=0
[2026-08-17T12:01:50Z INFO  steel_front] cam: yaw=0.0 pitch=0.0 dist=3.4 mode=FirstPerson cycle_us=2779 update_us=19 render_us=2760
[2026-08-17T12:01:51Z INFO  steel_front::engine::renderer] visible=65536/65536 near=65536 far=0 fps=376.0 frame_us=1985 cull_us=0 terrain_us=0 wait_fence_us=2135 acquire_us=1 record_us=41 submit_us=43 present_us=300 terrain_lod=high blend=0.000 quality=中画质 marker=63 npc=42
[2026-08-17T12:01:51Z INFO  steel_front::engine::game] game: wave=1 enemies=6 enemy_hp=100 hp=0/100 score=0 phys_us=4 ai_us=0 audio_us=16 net_us=0
[2026-08-17T12:01:51Z INFO  steel_front] cam: yaw=0.0 pitch=0.0 dist=3.4 mode=FirstPerson cycle_us=2337 update_us=42 render_us=2295
[2026-08-17T12:01:52Z INFO  steel_front::engine::renderer] visible=65536/65536 near=65536 far=0 fps=388.9 frame_us=2353 cull_us=0 terrain_us=0 wait_fence_us=2228 acquire_us=1 record_us=66 submit_us=60 present_us=265 terrain_lod=high blend=0.000 quality=中画质 marker=36 npc=42
[2026-08-17T12:01:52Z INFO  steel_front::engine::game] game: wave=1 enemies=6 enemy_hp=100 hp=0/100 score=0 phys_us=10 ai_us=0 audio_us=46 net_us=0
[2026-08-17T12:01:52Z INFO  steel_front] cam: yaw=0.0 pitch=0.0 dist=3.4 mode=FirstPerson cycle_us=2699 update_us=50 render_us=2649
[2026-08-17T12:01:53Z INFO  steel_front::engine::renderer] visible=65536/65536 near=65536 far=0 fps=321.2 frame_us=2272 cull_us=1 terrain_us=3 wait_fence_us=2009 acquire_us=1 record_us=48 submit_us=46 present_us=241 terrain_lod=high blend=0.000 quality=中画质 marker=63 npc=42
[2026-08-17T12:01:53Z INFO  steel_front::engine::game] game: wave=1 enemies=6 enemy_hp=100 hp=0/100 score=0 phys_us=2 ai_us=0 audio_us=17 net_us=0
[2026-08-17T12:01:53Z INFO  steel_front] cam: yaw=0.0 pitch=0.0 dist=3.4 mode=FirstPerson cycle_us=5850 update_us=315 render_us=5534
[2026-08-17T12:01:54Z INFO  steel_front::engine::renderer] visible=65536/65536 near=65536 far=0 fps=258.6 frame_us=2774 cull_us=1 terrain_us=0 wait_fence_us=16 acquire_us=4 record_us=286 submit_us=264 present_us=2183 terrain_lod=high blend=0.000 quality=中画质 marker=36 npc=42
[2026-08-17T12:01:54Z INFO  steel_front] size diag: window_inner=2560x1600 hud=2560x1600
[2026-08-17T12:01:54Z INFO  steel_front] size diag: window_inner=2560x1600 hud=2560x1600
[2026-08-17T12:01:54Z INFO  steel_front] size diag: window_inner=2560x1600 hud=2560x1600
[2026-08-17T12:01:54Z INFO  steel_front] size diag: window_inner=2560x1600 hud=2560x1600
[2026-08-17T12:01:54Z INFO  steel_front] size diag: window_inner=2560x1600 hud=2560x1600
[2026-08-17T12:01:54Z INFO  steel_front] size diag: window_inner=2560x1600 hud=2560x1600
[2026-08-17T12:01:54Z INFO  steel_front] size diag: window_inner=2560x1600 hud=2560x1600
[2026-08-17T12:01:54Z INFO  steel_front::engine::game] game: wave=1 enemies=6 enemy_hp=100 hp=0/100 score=0 phys_us=16 ai_us=1 audio_us=344 net_us=1
[2026-08-17T12:01:54Z INFO  steel_front] cam: yaw=0.0 pitch=0.0 dist=3.4 mode=FirstPerson cycle_us=2494 update_us=93 render_us=2401
[2026-08-17T12:01:55Z INFO  steel_front::engine::renderer] visible=65536/65536 near=65536 far=0 fps=287.4 frame_us=3609 cull_us=1 terrain_us=0 wait_fence_us=3432 acquire_us=1 record_us=50 submit_us=60 present_us=374 terrain_lod=high blend=0.000 quality=中画质 marker=62 npc=42
[2026-08-17T12:01:55Z INFO  steel_front::engine::game] game: wave=1 enemies=6 enemy_hp=100 hp=0/100 score=0 phys_us=5 ai_us=0 audio_us=66 net_us=0
[2026-08-17T12:01:55Z INFO  steel_front] cam: yaw=0.0 pitch=0.0 dist=3.4 mode=FirstPerson cycle_us=2416 update_us=34 render_us=2382
[2026-08-17T12:01:56Z INFO  steel_front::engine::renderer] visible=65536/65536 near=65536 far=0 fps=345.5 frame_us=1812 cull_us=1 terrain_us=0 wait_fence_us=1814 acquire_us=4 record_us=80 submit_us=76 present_us=319 terrain_lod=high blend=0.000 quality=中画质 marker=36 npc=42
[2026-08-17T12:01:56Z INFO  steel_front::engine::game] game: wave=1 enemies=6 enemy_hp=100 hp=0/100 score=0 phys_us=3 ai_us=0 audio_us=25 net_us=0
[2026-08-17T12:01:56Z INFO  steel_front] cam: yaw=0.0 pitch=0.0 dist=3.4 mode=FirstPerson cycle_us=3911 update_us=186 render_us=3724
[2026-08-17T12:01:57Z INFO  steel_front::engine::renderer] visible=65536/65536 near=65536 far=0 fps=316.6 frame_us=2351 cull_us=2 terrain_us=0 wait_fence_us=17 acquire_us=6 record_us=245 submit_us=142 present_us=1911 terrain_lod=high blend=0.000 quality=中画质 marker=60 npc=42
[2026-08-17T12:01:57Z INFO  steel_front::engine::game] game: wave=1 enemies=6 enemy_hp=100 hp=0/100 score=0 phys_us=12 ai_us=1 audio_us=268 net_us=1
[2026-08-17T12:01:57Z INFO  steel_front] cam: yaw=0.0 pitch=0.0 dist=3.4 mode=FirstPerson cycle_us=2618 update_us=183 render_us=2434
[2026-08-17T12:01:58Z INFO  steel_front::engine::renderer] visible=65536/65536 near=65536 far=0 fps=204.0 frame_us=3710 cull_us=2 terrain_us=0 wait_fence_us=17 acquire_us=5 record_us=219 submit_us=184 present_us=3264 terrain_lod=high blend=0.000 quality=中画质 marker=36 npc=42
[2026-08-17T12:01:58Z INFO  steel_front::engine::game] game: wave=1 enemies=6 enemy_hp=100 hp=0/100 score=0 phys_us=13 ai_us=1 audio_us=85 net_us=0
[2026-08-17T12:01:58Z INFO  steel_front] cam: yaw=0.0 pitch=0.0 dist=3.4 mode=FirstPerson cycle_us=2286 update_us=51 render_us=2233
[2026-08-17T12:01:59Z INFO  steel_front::engine::renderer] visible=65536/65536 near=65536 far=0 fps=346.7 frame_us=1771 cull_us=1 terrain_us=0 wait_fence_us=1678 acquire_us=2 record_us=79 submit_us=69 present_us=576 terrain_lod=high blend=0.000 quality=中画质 marker=62 npc=42
[2026-08-17T12:01:59Z INFO  steel_front] size diag: window_inner=2560x1600 hud=2560x1600
[2026-08-17T12:01:59Z INFO  steel_front] size diag: window_inner=2560x1600 hud=2560x1600
[2026-08-17T12:01:59Z INFO  steel_front] size diag: window_inner=2560x1600 hud=2560x1600
[2026-08-17T12:01:59Z INFO  steel_front] size diag: window_inner=2560x1600 hud=2560x1600
[2026-08-17T12:01:59Z INFO  steel_front] size diag: window_inner=2560x1600 hud=2560x1600
[2026-08-17T12:01:59Z INFO  steel_front] size diag: window_inner=2560x1600 hud=2560x1600
[2026-08-17T12:01:59Z INFO  steel_front] size diag: window_inner=2560x1600 hud=2560x1600
[2026-08-17T12:01:59Z INFO  steel_front] size diag: window_inner=2560x1600 hud=2560x1600
[2026-08-17T12:01:59Z INFO  steel_front] size diag: window_inner=2560x1600 hud=2560x1600
[2026-08-17T12:01:59Z INFO  steel_front] size diag: window_inner=2560x1600 hud=2560x1600
[2026-08-17T12:01:59Z INFO  steel_front] size diag: window_inner=2560x1600 hud=2560x1600
[2026-08-17T12:01:59Z INFO  steel_front] size diag: window_inner=2560x1600 hud=2560x1600
[2026-08-17T12:01:59Z INFO  steel_front] size diag: window_inner=2560x1600 hud=2560x1600
[2026-08-17T12:01:59Z INFO  steel_front] size diag: window_inner=2560x1600 hud=2560x1600
[2026-08-17T12:01:59Z INFO  steel_front] size diag: window_inner=2560x1600 hud=2560x1600
[2026-08-17T12:01:59Z INFO  steel_front] size diag: window_inner=2560x1600 hud=2560x1600
[2026-08-17T12:01:59Z INFO  steel_front] size diag: window_inner=2560x1600 hud=2560x1600
[2026-08-17T12:01:59Z INFO  steel_front] size diag: window_inner=2560x1600 hud=2560x1600
[2026-08-17T12:01:59Z INFO  steel_front] size diag: window_inner=2560x1600 hud=2560x1600
[2026-08-17T12:01:59Z INFO  steel_front::engine::game] game: wave=1 enemies=6 enemy_hp=100 hp=0/100 score=0 phys_us=4 ai_us=2 audio_us=26 net_us=0
[2026-08-17T12:01:59Z INFO  steel_front] cam: yaw=0.0 pitch=0.0 dist=3.4 mode=FirstPerson cycle_us=2546 update_us=62 render_us=2483
[2026-08-17T12:02:00Z INFO  steel_front::engine::renderer] visible=65536/65536 near=65536 far=0 fps=324.7 frame_us=4055 cull_us=2 terrain_us=0 wait_fence_us=22 acquire_us=7 record_us=214 submit_us=786 present_us=3017 terrain_lod=high blend=0.000 quality=中画质 marker=36 npc=42
[2026-08-17T12:02:00Z INFO  steel_front::engine::game] game: wave=1 enemies=6 enemy_hp=100 hp=0/100 score=0 phys_us=8 ai_us=1 audio_us=109 net_us=1
[2026-08-17T12:02:00Z INFO  steel_front] cam: yaw=0.0 pitch=0.0 dist=3.4 mode=FirstPerson cycle_us=3037 update_us=29 render_us=3007
[2026-08-17T12:02:01Z INFO  steel_front::engine::renderer] visible=65536/65536 near=65536 far=0 fps=349.8 frame_us=1503 cull_us=4 terrain_us=0 wait_fence_us=1047 acquire_us=6 record_us=121 submit_us=106 present_us=745 terrain_lod=high blend=0.000 quality=中画质 marker=55 npc=42
[2026-08-17T12:02:01Z INFO  steel_front::engine::game] game: wave=1 enemies=6 enemy_hp=100 hp=0/100 score=0 phys_us=12 ai_us=1 audio_us=271 net_us=1
[2026-08-17T12:02:01Z INFO  steel_front] cam: yaw=0.0 pitch=0.0 dist=3.4 mode=FirstPerson cycle_us=6071 update_us=279 render_us=5791
[2026-08-17T12:02:02Z INFO  steel_front::engine::renderer] visible=65536/65536 near=65536 far=0 fps=222.0 frame_us=4389 cull_us=3 terrain_us=0 wait_fence_us=20 acquire_us=6 record_us=176 submit_us=174 present_us=4003 terrain_lod=high blend=0.000 quality=中画质 marker=36 npc=42
[2026-08-17T12:02:02Z INFO  steel_front::engine::game] game: wave=1 enemies=6 enemy_hp=100 hp=0/100 score=0 phys_us=24 ai_us=1 audio_us=239 net_us=1
[2026-08-17T12:02:02Z INFO  steel_front] cam: yaw=0.0 pitch=0.0 dist=3.4 mode=FirstPerson cycle_us=7631 update_us=363 render_us=7267
[2026-08-17T12:02:03Z INFO  steel_front::engine::renderer] visible=65536/65536 near=65536 far=0 fps=173.4 frame_us=3479 cull_us=2 terrain_us=57 wait_fence_us=13 acquire_us=4 record_us=149 submit_us=131 present_us=3168 terrain_lod=high blend=0.000 quality=中画质 marker=49 npc=42
[2026-08-17T12:02:03Z INFO  steel_front::engine::game] game: wave=1 enemies=6 enemy_hp=100 hp=0/100 score=0 phys_us=10 ai_us=1 audio_us=272 net_us=1
[2026-08-17T12:02:03Z INFO  steel_front] cam: yaw=0.0 pitch=0.0 dist=3.4 mode=FirstPerson cycle_us=5747 update_us=348 render_us=5397
[2026-08-17T12:02:04Z INFO  steel_front] size diag: window_inner=2560x1600 hud=2560x1600
[2026-08-17T12:02:04Z INFO  steel_front::engine::renderer] visible=65536/65536 near=65536 far=0 fps=177.5 frame_us=3891 cull_us=2 terrain_us=0 wait_fence_us=24 acquire_us=6 record_us=191 submit_us=231 present_us=3423 terrain_lod=high blend=0.000 quality=中画质 marker=36 npc=42
[2026-08-17T12:02:04Z INFO  steel_front] size diag: window_inner=2560x1600 hud=2560x1600
[2026-08-17T12:02:04Z INFO  steel_front] size diag: window_inner=2560x1600 hud=2560x1600
[2026-08-17T12:02:04Z INFO  steel_front] size diag: window_inner=2560x1600 hud=2560x1600
[2026-08-17T12:02:04Z INFO  steel_front] size diag: window_inner=2560x1600 hud=2560x1600
[2026-08-17T12:02:04Z INFO  steel_front] size diag: window_inner=2560x1600 hud=2560x1600
[2026-08-17T12:02:04Z INFO  steel_front] size diag: window_inner=2560x1600 hud=2560x1600
[2026-08-17T12:02:04Z INFO  steel_front::engine::game] game: wave=1 enemies=6 enemy_hp=100 hp=0/100 score=0 phys_us=13 ai_us=1 audio_us=267 net_us=1
[2026-08-17T12:02:04Z INFO  steel_front] cam: yaw=0.0 pitch=0.0 dist=3.4 mode=FirstPerson cycle_us=5417 update_us=299 render_us=5117
[2026-08-17T12:02:05Z INFO  steel_front::engine::renderer] visible=65536/65536 near=65536 far=0 fps=233.5 frame_us=3361 cull_us=8 terrain_us=0 wait_fence_us=1853 acquire_us=3 record_us=214 submit_us=144 present_us=627 terrain_lod=high blend=0.000 quality=中画质 marker=60 npc=42
[2026-08-17T12:02:05Z INFO  steel_front::engine::game] game: wave=1 enemies=6 enemy_hp=100 hp=0/100 score=0 phys_us=3 ai_us=0 audio_us=15 net_us=0
[2026-08-17T12:02:05Z INFO  steel_front] cam: yaw=0.0 pitch=0.0 dist=3.4 mode=FirstPerson cycle_us=2766 update_us=22 render_us=2744
[2026-08-17T12:02:06Z INFO  steel_front::engine::renderer] visible=65536/65536 near=65536 far=0 fps=343.7 frame_us=2499 cull_us=1 terrain_us=0 wait_fence_us=1912 acquire_us=1 record_us=68 submit_us=65 present_us=188 terrain_lod=high blend=0.000 quality=中画质 marker=40 npc=42
[2026-08-17T12:02:06Z INFO  steel_front::engine::game] game: wave=1 enemies=6 enemy_hp=100 hp=0/100 score=0 phys_us=3 ai_us=0 audio_us=25 net_us=1
[2026-08-17T12:02:06Z INFO  steel_front] cam: yaw=0.0 pitch=0.0 dist=3.4 mode=FirstPerson cycle_us=2606 update_us=17 render_us=2588
[2026-08-17T12:02:07Z INFO  steel_front::engine::renderer] visible=65536/65536 near=65536 far=0 fps=369.5 frame_us=5167 cull_us=8 terrain_us=0 wait_fence_us=27 acquire_us=7 record_us=679 submit_us=421 present_us=4005 terrain_lod=high blend=0.000 quality=中画质 marker=55 npc=42
[2026-08-17T12:02:07Z INFO  steel_front::engine::game] game: wave=1 enemies=6 enemy_hp=100 hp=0/100 score=0 phys_us=6 ai_us=0 audio_us=58 net_us=0
[2026-08-17T12:02:07Z INFO  steel_front] cam: yaw=0.0 pitch=0.0 dist=3.4 mode=FirstPerson cycle_us=3053 update_us=28 render_us=3025
[2026-08-17T12:02:08Z INFO  steel_front::engine::renderer] visible=65536/65536 near=65536 far=0 fps=386.1 frame_us=2274 cull_us=1 terrain_us=0 wait_fence_us=2108 acquire_us=1 record_us=29 submit_us=32 present_us=315 terrain_lod=high blend=0.000 quality=中画质 marker=45 npc=42
[2026-08-17T12:02:08Z INFO  steel_front::engine::game] game: wave=1 enemies=6 enemy_hp=100 hp=0/100 score=0 phys_us=1 ai_us=0 audio_us=27 net_us=0
[2026-08-17T12:02:08Z INFO  steel_front] cam: yaw=0.0 pitch=0.0 dist=3.4 mode=FirstPerson cycle_us=2206 update_us=32 render_us=2174
[2026-08-17T12:02:09Z INFO  steel_front] size diag: window_inner=2560x1600 hud=2560x1600
[2026-08-17T12:02:09Z INFO  steel_front] size diag: window_inner=2560x1600 hud=2560x1600
[2026-08-17T12:02:09Z INFO  steel_front] size diag: window_inner=2560x1600 hud=2560x1600
[2026-08-17T12:02:09Z INFO  steel_front] size diag: window_inner=2560x1600 hud=2560x1600
[2026-08-17T12:02:09Z INFO  steel_front] size diag: window_inner=2560x1600 hud=2560x1600
[2026-08-17T12:02:09Z INFO  steel_front] size diag: window_inner=2560x1600 hud=2560x1600
[2026-08-17T12:02:09Z INFO  steel_front] size diag: window_inner=2560x1600 hud=2560x1600
[2026-08-17T12:02:09Z INFO  steel_front] size diag: window_inner=2560x1600 hud=2560x1600
[2026-08-17T12:02:09Z INFO  steel_front] size diag: window_inner=2560x1600 hud=2560x1600
[2026-08-17T12:02:09Z INFO  steel_front] size diag: window_inner=2560x1600 hud=2560x1600
[2026-08-17T12:02:09Z INFO  steel_front] size diag: window_inner=2560x1600 hud=2560x1600
[2026-08-17T12:02:09Z INFO  steel_front::engine::renderer] visible=65536/65536 near=65536 far=0 fps=363.8 frame_us=2519 cull_us=1 terrain_us=0 wait_fence_us=1267 acquire_us=2 record_us=46 submit_us=45 present_us=557 terrain_lod=high blend=0.000 quality=中画质 marker=63 npc=42
[2026-08-17T12:02:09Z INFO  steel_front] size diag: window_inner=2560x1600 hud=2560x1600
[2026-08-17T12:02:09Z INFO  steel_front] size diag: window_inner=2560x1600 hud=2560x1600
[2026-08-17T12:02:09Z INFO  steel_front] size diag: window_inner=2560x1600 hud=2560x1600
[2026-08-17T12:02:09Z INFO  steel_front] size diag: window_inner=2560x1600 hud=2560x1600
[2026-08-17T12:02:09Z INFO  steel_front] size diag: window_inner=2560x1600 hud=2560x1600
[2026-08-17T12:02:09Z INFO  steel_front] size diag: window_inner=2560x1600 hud=2560x1600
[2026-08-17T12:02:09Z INFO  steel_front] size diag: window_inner=2560x1600 hud=2560x1600
[2026-08-17T12:02:09Z INFO  steel_front] size diag: window_inner=2560x1600 hud=2560x1600
[2026-08-17T12:02:09Z INFO  steel_front] size diag: window_inner=2560x1600 hud=2560x1600
[2026-08-17T12:02:09Z INFO  steel_front::engine::game] game: wave=1 enemies=6 enemy_hp=100 hp=0/100 score=0 phys_us=3 ai_us=0 audio_us=51 net_us=0
[2026-08-17T12:02:09Z INFO  steel_front] cam: yaw=0.0 pitch=0.0 dist=3.4 mode=FirstPerson cycle_us=2696 update_us=31 render_us=2665
[2026-08-17T12:02:10Z INFO  steel_front::engine::renderer] visible=65536/65536 near=65536 far=0 fps=335.4 frame_us=1388 cull_us=2 terrain_us=0 wait_fence_us=16 acquire_us=4 record_us=93 submit_us=85 present_us=1188 terrain_lod=high blend=0.000 quality=中画质 marker=46 npc=42
[2026-08-17T12:02:10Z INFO  steel_front::engine::game] game: wave=1 enemies=6 enemy_hp=100 hp=0/100 score=0 phys_us=12 ai_us=1 audio_us=165 net_us=0
[2026-08-17T12:02:10Z INFO  steel_front] cam: yaw=0.0 pitch=0.0 dist=3.4 mode=FirstPerson cycle_us=2441 update_us=35 render_us=2405
[2026-08-17T12:02:11Z INFO  steel_front::engine::renderer] visible=65536/65536 near=65536 far=0 fps=377.2 frame_us=2265 cull_us=0 terrain_us=0 wait_fence_us=1920 acquire_us=0 record_us=36 submit_us=39 present_us=218 terrain_lod=high blend=0.000 quality=中画质 marker=64 npc=42
[2026-08-17T12:02:11Z INFO  steel_front::engine::game] game: wave=1 enemies=6 enemy_hp=100 hp=0/100 score=0 phys_us=1 ai_us=0 audio_us=14 net_us=0
[2026-08-17T12:02:11Z INFO  steel_front] cam: yaw=0.0 pitch=0.0 dist=3.4 mode=FirstPerson cycle_us=2365 update_us=35 render_us=2329
[2026-08-17T12:02:12Z INFO  steel_front::engine::renderer] visible=65536/65536 near=65536 far=0 fps=379.2 frame_us=2775 cull_us=0 terrain_us=0 wait_fence_us=1614 acquire_us=1 record_us=76 submit_us=66 present_us=331 terrain_lod=high blend=0.000 quality=中画质 marker=48 npc=42
[2026-08-17T12:02:12Z INFO  steel_front::engine::game] game: wave=1 enemies=6 enemy_hp=100 hp=0/100 score=0 phys_us=4 ai_us=0 audio_us=23 net_us=0
[2026-08-17T12:02:12Z INFO  steel_front] cam: yaw=0.0 pitch=0.0 dist=3.4 mode=FirstPerson cycle_us=2765 update_us=38 render_us=2727
[2026-08-17T12:02:13Z INFO  steel_front::engine::renderer] visible=65536/65536 near=65536 far=0 fps=366.2 frame_us=2039 cull_us=1 terrain_us=0 wait_fence_us=2644 acquire_us=1 record_us=50 submit_us=45 present_us=215 terrain_lod=high blend=0.000 quality=中画质 marker=61 npc=42
[2026-08-17T12:02:13Z INFO  steel_front::engine::game] game: wave=1 enemies=6 enemy_hp=100 hp=0/100 score=0 phys_us=4 ai_us=0 audio_us=20 net_us=0
[2026-08-17T12:02:13Z INFO  steel_front] cam: yaw=0.0 pitch=0.0 dist=3.4 mode=FirstPerson cycle_us=2856 update_us=41 render_us=2815
[2026-08-17T12:02:14Z INFO  steel_front] size diag: window_inner=2560x1600 hud=2560x1600
[2026-08-17T12:02:14Z INFO  steel_front] size diag: window_inner=2560x1600 hud=2560x1600
[2026-08-17T12:02:14Z INFO  steel_front] size diag: window_inner=2560x1600 hud=2560x1600
[2026-08-17T12:02:14Z INFO  steel_front] size diag: window_inner=2560x1600 hud=2560x1600
[2026-08-17T12:02:14Z INFO  steel_front] size diag: window_inner=2560x1600 hud=2560x1600
[2026-08-17T12:02:14Z INFO  steel_front] size diag: window_inner=2560x1600 hud=2560x1600
[2026-08-17T12:02:14Z INFO  steel_front] size diag: window_inner=2560x1600 hud=2560x1600
[2026-08-17T12:02:14Z INFO  steel_front] size diag: window_inner=2560x1600 hud=2560x1600
[2026-08-17T12:02:14Z INFO  steel_front] size diag: window_inner=2560x1600 hud=2560x1600
[2026-08-17T12:02:14Z INFO  steel_front] size diag: window_inner=2560x1600 hud=2560x1600
[2026-08-17T12:02:14Z INFO  steel_front] size diag: window_inner=2560x1600 hud=2560x1600
[2026-08-17T12:02:14Z INFO  steel_front] size diag: window_inner=2560x1600 hud=2560x1600
[2026-08-17T12:02:14Z INFO  steel_front] size diag: window_inner=2560x1600 hud=2560x1600
[2026-08-17T12:02:14Z INFO  steel_front::engine::renderer] visible=65536/65536 near=65536 far=0 fps=339.5 frame_us=1811 cull_us=2 terrain_us=0 wait_fence_us=2091 acquire_us=1 record_us=63 submit_us=51 present_us=424 terrain_lod=high blend=0.000 quality=中画质 marker=48 npc=42
[2026-08-17T12:02:14Z INFO  steel_front] size diag: window_inner=2560x1600 hud=2560x1600
[2026-08-17T12:02:14Z INFO  steel_front] size diag: window_inner=2560x1600 hud=2560x1600
[2026-08-17T12:02:14Z INFO  steel_front] size diag: window_inner=2560x1600 hud=2560x1600
[2026-08-17T12:02:14Z INFO  steel_front::engine::game] game: wave=1 enemies=6 enemy_hp=100 hp=0/100 score=0 phys_us=3 ai_us=0 audio_us=32 net_us=0
[2026-08-17T12:02:14Z INFO  steel_front] cam: yaw=0.0 pitch=0.0 dist=3.4 mode=FirstPerson cycle_us=2722 update_us=36 render_us=2685
[2026-08-17T12:02:15Z INFO  steel_front::engine::renderer] visible=65536/65536 near=65536 far=0 fps=344.2 frame_us=2403 cull_us=0 terrain_us=0 wait_fence_us=1653 acquire_us=1 record_us=38 submit_us=33 present_us=301 terrain_lod=high blend=0.000 quality=中画质 marker=60 npc=42
[2026-08-17T12:02:15Z INFO  steel_front::engine::game] game: wave=1 enemies=6 enemy_hp=100 hp=0/100 score=0 phys_us=1 ai_us=0 audio_us=26 net_us=0
[2026-08-17T12:02:15Z INFO  steel_front] cam: yaw=0.0 pitch=0.0 dist=3.4 mode=FirstPerson cycle_us=2389 update_us=34 render_us=2355
[2026-08-17T12:02:16Z INFO  steel_front::engine::renderer] visible=65536/65536 near=65536 far=0 fps=372.5 frame_us=2878 cull_us=1 terrain_us=0 wait_fence_us=2007 acquire_us=1 record_us=48 submit_us=84 present_us=216 terrain_lod=high blend=0.000 quality=中画质 marker=51 npc=42
[2026-08-17T12:02:16Z INFO  steel_front::engine::game] game: wave=1 enemies=6 enemy_hp=100 hp=0/100 score=0 phys_us=1 ai_us=0 audio_us=23 net_us=0
[2026-08-17T12:02:16Z INFO  steel_front] cam: yaw=0.0 pitch=0.0 dist=3.4 mode=FirstPerson cycle_us=2866 update_us=40 render_us=2825
[2026-08-17T12:02:17Z INFO  steel_front::engine::renderer] visible=65536/65536 near=65536 far=0 fps=374.1 frame_us=2168 cull_us=0 terrain_us=0 wait_fence_us=2444 acquire_us=1 record_us=20 submit_us=19 present_us=179 terrain_lod=high blend=0.000 quality=中画质 marker=62 npc=42
[2026-08-17T12:02:17Z INFO  steel_front::engine::game] game: wave=1 enemies=6 enemy_hp=100 hp=0/100 score=0 phys_us=1 ai_us=0 audio_us=27 net_us=0
[2026-08-17T12:02:17Z INFO  steel_front] cam: yaw=0.0 pitch=0.0 dist=3.4 mode=FirstPerson cycle_us=2384 update_us=25 render_us=2358
[2026-08-17T12:02:18Z INFO  steel_front::engine::renderer] visible=65536/65536 near=65536 far=0 fps=377.3 frame_us=2616 cull_us=0 terrain_us=0 wait_fence_us=2033 acquire_us=1 record_us=35 submit_us=32 present_us=196 terrain_lod=high blend=0.000 quality=中画质 marker=54 npc=42
[2026-08-17T12:02:18Z INFO  steel_front::engine::game] game: wave=1 enemies=6 enemy_hp=100 hp=0/100 score=0 phys_us=2 ai_us=0 audio_us=13 net_us=0
[2026-08-17T12:02:18Z INFO  steel_front] cam: yaw=0.0 pitch=0.0 dist=3.4 mode=FirstPerson cycle_us=2576 update_us=46 render_us=2530
[2026-08-17T12:02:19Z INFO  steel_front] size diag: window_inner=2560x1600 hud=2560x1600
[2026-08-17T12:02:19Z INFO  steel_front] size diag: window_inner=2560x1600 hud=2560x1600
[2026-08-17T12:02:19Z INFO  steel_front] size diag: window_inner=2560x1600 hud=2560x1600
[2026-08-17T12:02:19Z INFO  steel_front] size diag: window_inner=2560x1600 hud=2560x1600
[2026-08-17T12:02:19Z INFO  steel_front] size diag: window_inner=2560x1600 hud=2560x1600
[2026-08-17T12:02:19Z INFO  steel_front] size diag: window_inner=2560x1600 hud=2560x1600
[2026-08-17T12:02:19Z INFO  steel_front] size diag: window_inner=2560x1600 hud=2560x1600
[2026-08-17T12:02:19Z INFO  steel_front] size diag: window_inner=2560x1600 hud=2560x1600
[2026-08-17T12:02:19Z INFO  steel_front] size diag: window_inner=2560x1600 hud=2560x1600
[2026-08-17T12:02:19Z INFO  steel_front] size diag: window_inner=2560x1600 hud=2560x1600
[2026-08-17T12:02:19Z INFO  steel_front] size diag: window_inner=2560x1600 hud=2560x1600
[2026-08-17T12:02:19Z INFO  steel_front] size diag: window_inner=2560x1600 hud=2560x1600
[2026-08-17T12:02:19Z INFO  steel_front] size diag: window_inner=2560x1600 hud=2560x1600
[2026-08-17T12:02:19Z INFO  steel_front] size diag: window_inner=2560x1600 hud=2560x1600
[2026-08-17T12:02:19Z INFO  steel_front] size diag: window_inner=2560x1600 hud=2560x1600
[2026-08-17T12:02:19Z INFO  steel_front] size diag: window_inner=2560x1600 hud=2560x1600
[2026-08-17T12:02:19Z INFO  steel_front] size diag: window_inner=2560x1600 hud=2560x1600
[2026-08-17T12:02:19Z INFO  steel_front] size diag: window_inner=2560x1600 hud=2560x1600
[2026-08-17T12:02:19Z INFO  steel_front] size diag: window_inner=2560x1600 hud=2560x1600
[2026-08-17T12:02:19Z INFO  steel_front::engine::renderer] visible=65536/65536 near=65536 far=0 fps=376.4 frame_us=2036 cull_us=0 terrain_us=0 wait_fence_us=2178 acquire_us=1 record_us=51 submit_us=47 present_us=255 terrain_lod=high blend=0.000 quality=中画质 marker=62 npc=42
[2026-08-17T12:02:19Z INFO  steel_front::engine::game] game: wave=1 enemies=6 enemy_hp=100 hp=0/100 score=0 phys_us=3 ai_us=0 audio_us=13 net_us=0
[2026-08-17T12:02:19Z INFO  steel_front] cam: yaw=0.0 pitch=0.0 dist=3.4 mode=FirstPerson cycle_us=2499 update_us=31 render_us=2468
[2026-08-17T12:02:20Z INFO  steel_front::engine::renderer] visible=65536/65536 near=65536 far=0 fps=375.7 frame_us=2566 cull_us=1 terrain_us=0 wait_fence_us=2301 acquire_us=2 record_us=52 submit_us=43 present_us=248 terrain_lod=high blend=0.000 quality=中画质 marker=55 npc=42
[2026-08-17T12:02:20Z INFO  steel_front::engine::game] game: wave=1 enemies=6 enemy_hp=100 hp=0/100 score=0 phys_us=3 ai_us=1 audio_us=23 net_us=0
[2026-08-17T12:02:20Z INFO  steel_front] cam: yaw=0.0 pitch=0.0 dist=3.4 mode=FirstPerson cycle_us=2622 update_us=27 render_us=2594
[2026-08-17T12:02:21Z INFO  steel_front::engine::renderer] visible=65536/65536 near=65536 far=0 fps=375.5 frame_us=2444 cull_us=0 terrain_us=0 wait_fence_us=1940 acquire_us=1 record_us=36 submit_us=33 present_us=198 terrain_lod=high blend=0.000 quality=中画质 marker=62 npc=42
[2026-08-17T12:02:21Z INFO  steel_front::engine::game] game: wave=1 enemies=6 enemy_hp=100 hp=0/100 score=0 phys_us=2 ai_us=0 audio_us=25 net_us=0
[2026-08-17T12:02:21Z INFO  steel_front] cam: yaw=0.0 pitch=0.0 dist=3.4 mode=FirstPerson cycle_us=2629 update_us=34 render_us=2595
[2026-08-17T12:02:22Z INFO  steel_front::engine::renderer] visible=65536/65536 near=65536 far=0 fps=374.0 frame_us=2414 cull_us=0 terrain_us=0 wait_fence_us=1987 acquire_us=1 record_us=40 submit_us=40 present_us=212 terrain_lod=high blend=0.000 quality=中画质 marker=56 npc=42
[2026-08-17T12:02:22Z INFO  steel_front::engine::game] game: wave=1 enemies=6 enemy_hp=100 hp=0/100 score=0 phys_us=2 ai_us=0 audio_us=31 net_us=0
[2026-08-17T12:02:22Z INFO  steel_front] cam: yaw=0.0 pitch=0.0 dist=3.4 mode=FirstPerson cycle_us=2444 update_us=36 render_us=2407
[2026-08-17T12:02:23Z INFO  steel_front::engine::renderer] visible=65536/65536 near=65536 far=0 fps=369.4 frame_us=2259 cull_us=0 terrain_us=0 wait_fence_us=1876 acquire_us=1 record_us=37 submit_us=35 present_us=251 terrain_lod=high blend=0.000 quality=中画质 marker=62 npc=42
[2026-08-17T12:02:23Z INFO  steel_front::engine::game] game: wave=1 enemies=6 enemy_hp=100 hp=0/100 score=0 phys_us=4 ai_us=1 audio_us=18 net_us=0
[2026-08-17T12:02:23Z INFO  steel_front] cam: yaw=0.0 pitch=0.0 dist=3.4 mode=FirstPerson cycle_us=2824 update_us=38 render_us=2786
[2026-08-17T12:02:24Z INFO  steel_front] size diag: window_inner=2560x1600 hud=2560x1600
[2026-08-17T12:02:24Z INFO  steel_front] size diag: window_inner=2560x1600 hud=2560x1600
[2026-08-17T12:02:24Z INFO  steel_front] size diag: window_inner=2560x1600 hud=2560x1600
[2026-08-17T12:02:24Z INFO  steel_front] size diag: window_inner=2560x1600 hud=2560x1600
[2026-08-17T12:02:24Z INFO  steel_front] size diag: window_inner=2560x1600 hud=2560x1600
[2026-08-17T12:02:24Z INFO  steel_front] size diag: window_inner=2560x1600 hud=2560x1600
[2026-08-17T12:02:24Z INFO  steel_front] size diag: window_inner=2560x1600 hud=2560x1600
[2026-08-17T12:02:24Z INFO  steel_front] size diag: window_inner=2560x1600 hud=2560x1600
[2026-08-17T12:02:24Z INFO  steel_front] size diag: window_inner=2560x1600 hud=2560x1600
[2026-08-17T12:02:24Z INFO  steel_front] size diag: window_inner=2560x1600 hud=2560x1600
[2026-08-17T12:02:24Z INFO  steel_front] size diag: window_inner=2560x1600 hud=2560x1600
[2026-08-17T12:02:24Z INFO  steel_front] size diag: window_inner=2560x1600 hud=2560x1600
[2026-08-17T12:02:24Z INFO  steel_front] size diag: window_inner=2560x1600 hud=2560x1600
[2026-08-17T12:02:24Z INFO  steel_front] size diag: window_inner=2560x1600 hud=2560x1600
[2026-08-17T12:02:24Z INFO  steel_front] size diag: window_inner=2560x1600 hud=2560x1600
[2026-08-17T12:02:24Z INFO  steel_front] size diag: window_inner=2560x1600 hud=2560x1600
[2026-08-17T12:02:24Z INFO  steel_front] size diag: window_inner=2560x1600 hud=2560x1600
[2026-08-17T12:02:24Z INFO  steel_front] size diag: window_inner=2560x1600 hud=2560x1600
[2026-08-17T12:02:24Z INFO  steel_front] size diag: window_inner=2560x1600 hud=2560x1600
[2026-08-17T12:02:24Z INFO  steel_front::engine::renderer] visible=65536/65536 near=65536 far=0 fps=371.2 frame_us=2290 cull_us=0 terrain_us=0 wait_fence_us=2282 acquire_us=1 record_us=35 submit_us=29 present_us=282 terrain_lod=high blend=0.000 quality=中画质 marker=58 npc=42
[2026-08-17T12:02:24Z INFO  steel_front::engine::game] game: wave=1 enemies=6 enemy_hp=100 hp=0/100 score=0 phys_us=1 ai_us=0 audio_us=13 net_us=0
[2026-08-17T12:02:24Z INFO  steel_front] cam: yaw=0.0 pitch=0.0 dist=3.4 mode=FirstPerson cycle_us=2595 update_us=27 render_us=2567
[2026-08-17T12:02:25Z INFO  steel_front::engine::renderer] visible=65536/65536 near=65536 far=0 fps=374.2 frame_us=2850 cull_us=0 terrain_us=0 wait_fence_us=2086 acquire_us=0 record_us=23 submit_us=57 present_us=127 terrain_lod=high blend=0.000 quality=中画质 marker=62 npc=42
[2026-08-17T12:02:25Z INFO  steel_front::engine::game] game: wave=1 enemies=6 enemy_hp=100 hp=0/100 score=0 phys_us=2 ai_us=0 audio_us=34 net_us=0
[2026-08-17T12:02:25Z INFO  steel_front] cam: yaw=0.0 pitch=0.0 dist=3.4 mode=FirstPerson cycle_us=2624 update_us=42 render_us=2582
[2026-08-17T12:02:26Z INFO  steel_front::engine::renderer] visible=65536/65536 near=65536 far=0 fps=377.4 frame_us=2415 cull_us=0 terrain_us=0 wait_fence_us=2174 acquire_us=1 record_us=24 submit_us=23 present_us=119 terrain_lod=high blend=0.000 quality=中画质 marker=60 npc=42
[2026-08-17T12:02:26Z INFO  steel_front::engine::game] game: wave=1 enemies=6 enemy_hp=100 hp=0/100 score=0 phys_us=4 ai_us=0 audio_us=16 net_us=0
[2026-08-17T12:02:26Z INFO  steel_front] cam: yaw=0.0 pitch=0.0 dist=3.4 mode=FirstPerson cycle_us=2265 update_us=37 render_us=2228
[2026-08-17T12:02:27Z INFO  steel_front::engine::renderer] visible=65536/65536 near=65536 far=0 fps=373.9 frame_us=2612 cull_us=0 terrain_us=0 wait_fence_us=2077 acquire_us=1 record_us=138 submit_us=53 present_us=180 terrain_lod=high blend=0.000 quality=中画质 marker=62 npc=42
[2026-08-17T12:02:27Z INFO  steel_front::engine::game] game: wave=1 enemies=6 enemy_hp=100 hp=0/100 score=0 phys_us=2 ai_us=0 audio_us=12 net_us=0
[2026-08-17T12:02:27Z INFO  steel_front] cam: yaw=0.0 pitch=0.0 dist=3.4 mode=FirstPerson cycle_us=2866 update_us=21 render_us=2844
[2026-08-17T12:02:28Z INFO  steel_front::engine::renderer] visible=65536/65536 near=65536 far=0 fps=374.8 frame_us=2833 cull_us=1 terrain_us=0 wait_fence_us=2266 acquire_us=1 record_us=70 submit_us=65 present_us=222 terrain_lod=high blend=0.000 quality=中画质 marker=61 npc=42
[2026-08-17T12:02:28Z INFO  steel_front::engine::game] game: wave=1 enemies=6 enemy_hp=100 hp=0/100 score=0 phys_us=3 ai_us=0 audio_us=16 net_us=0
[2026-08-17T12:02:28Z INFO  steel_front] cam: yaw=0.0 pitch=0.0 dist=3.4 mode=FirstPerson cycle_us=2504 update_us=38 render_us=2465
[2026-08-17T12:02:29Z INFO  steel_front] size diag: window_inner=2560x1600 hud=2560x1600
[2026-08-17T12:02:29Z INFO  steel_front] size diag: window_inner=2560x1600 hud=2560x1600
[2026-08-17T12:02:29Z INFO  steel_front] size diag: window_inner=2560x1600 hud=2560x1600
[2026-08-17T12:02:29Z INFO  steel_front] size diag: window_inner=2560x1600 hud=2560x1600
[2026-08-17T12:02:29Z INFO  steel_front] size diag: window_inner=2560x1600 hud=2560x1600
[2026-08-17T12:02:29Z INFO  steel_front] size diag: window_inner=2560x1600 hud=2560x1600
[2026-08-17T12:02:29Z INFO  steel_front] size diag: window_inner=2560x1600 hud=2560x1600
[2026-08-17T12:02:29Z INFO  steel_front] size diag: window_inner=2560x1600 hud=2560x1600
[2026-08-17T12:02:29Z INFO  steel_front] size diag: window_inner=2560x1600 hud=2560x1600
[2026-08-17T12:02:29Z INFO  steel_front] size diag: window_inner=2560x1600 hud=2560x1600
[2026-08-17T12:02:29Z INFO  steel_front] size diag: window_inner=2560x1600 hud=2560x1600
[2026-08-17T12:02:29Z INFO  steel_front] size diag: window_inner=2560x1600 hud=2560x1600
[2026-08-17T12:02:29Z INFO  steel_front] size diag: window_inner=2560x1600 hud=2560x1600
[2026-08-17T12:02:29Z INFO  steel_front] size diag: window_inner=2560x1600 hud=2560x1600
[2026-08-17T12:02:29Z INFO  steel_front] size diag: window_inner=2560x1600 hud=2560x1600
[2026-08-17T12:02:29Z INFO  steel_front] size diag: window_inner=2560x1600 hud=2560x1600
[2026-08-17T12:02:29Z INFO  steel_front] size diag: window_inner=2560x1600 hud=2560x1600
[2026-08-17T12:02:29Z INFO  steel_front] size diag: window_inner=2560x1600 hud=2560x1600
[2026-08-17T12:02:29Z INFO  steel_front] size diag: window_inner=2560x1600 hud=2560x1600
[2026-08-17T12:02:29Z INFO  steel_front::engine::renderer] visible=65536/65536 near=65536 far=0 fps=375.0 frame_us=2596 cull_us=0 terrain_us=0 wait_fence_us=2104 acquire_us=1 record_us=158 submit_us=56 present_us=218 terrain_lod=high blend=0.000 quality=中画质 marker=62 npc=42
[2026-08-17T12:02:29Z INFO  steel_front::engine::game] game: wave=1 enemies=6 enemy_hp=100 hp=0/100 score=0 phys_us=1 ai_us=0 audio_us=23 net_us=0
[2026-08-17T12:02:29Z INFO  steel_front] cam: yaw=0.0 pitch=0.0 dist=3.4 mode=FirstPerson cycle_us=2474 update_us=21 render_us=2453
[2026-08-17T12:02:30Z INFO  steel_front::engine::renderer] visible=65536/65536 near=65536 far=0 fps=373.4 frame_us=2606 cull_us=1 terrain_us=0 wait_fence_us=2161 acquire_us=1 record_us=27 submit_us=25 present_us=132 terrain_lod=high blend=0.000 quality=中画质 marker=62 npc=42
[2026-08-17T12:02:30Z INFO  steel_front::engine::game] game: wave=1 enemies=6 enemy_hp=100 hp=0/100 score=0 phys_us=2 ai_us=0 audio_us=29 net_us=0
[2026-08-17T12:02:30Z INFO  steel_front] cam: yaw=0.0 pitch=0.0 dist=3.4 mode=FirstPerson cycle_us=2504 update_us=26 render_us=2478
[2026-08-17T12:02:31Z INFO  steel_front::engine::renderer] visible=65536/65536 near=65536 far=0 fps=370.3 frame_us=2059 cull_us=1 terrain_us=0 wait_fence_us=2317 acquire_us=1 record_us=30 submit_us=35 present_us=169 terrain_lod=high blend=0.000 quality=中画质 marker=62 npc=42
[2026-08-17T12:02:31Z INFO  steel_front::engine::game] game: wave=1 enemies=6 enemy_hp=100 hp=0/100 score=0 phys_us=3 ai_us=0 audio_us=14 net_us=0
[2026-08-17T12:02:31Z INFO  steel_front] cam: yaw=0.0 pitch=0.0 dist=3.4 mode=FirstPerson cycle_us=2339 update_us=44 render_us=2294
[2026-08-17T12:02:32Z INFO  steel_front::engine::renderer] visible=65536/65536 near=65536 far=0 fps=374.6 frame_us=2410 cull_us=0 terrain_us=0 wait_fence_us=2277 acquire_us=1 record_us=45 submit_us=70 present_us=193 terrain_lod=high blend=0.000 quality=中画质 marker=62 npc=42
[2026-08-17T12:02:32Z INFO  steel_front::engine::game] game: wave=1 enemies=6 enemy_hp=100 hp=0/100 score=0 phys_us=1 ai_us=0 audio_us=17 net_us=0
[2026-08-17T12:02:32Z INFO  steel_front] cam: yaw=0.0 pitch=0.0 dist=3.4 mode=FirstPerson cycle_us=2711 update_us=35 render_us=2675
[2026-08-17T12:02:33Z INFO  steel_front::engine::renderer] visible=65536/65536 near=65536 far=0 fps=376.7 frame_us=2589 cull_us=0 terrain_us=0 wait_fence_us=1916 acquire_us=0 record_us=46 submit_us=76 present_us=202 terrain_lod=high blend=0.000 quality=中画质 marker=62 npc=42
[2026-08-17T12:02:33Z INFO  steel_front::engine::game] game: wave=1 enemies=6 enemy_hp=100 hp=0/100 score=0 phys_us=1 ai_us=0 audio_us=24 net_us=0
[2026-08-17T12:02:33Z INFO  steel_front] cam: yaw=0.0 pitch=0.0 dist=3.4 mode=FirstPerson cycle_us=3072 update_us=20 render_us=3052
[2026-08-17T12:02:34Z INFO  steel_front] size diag: window_inner=2560x1600 hud=2560x1600
[2026-08-17T12:02:34Z INFO  steel_front] size diag: window_inner=2560x1600 hud=2560x1600
[2026-08-17T12:02:34Z INFO  steel_front] size diag: window_inner=2560x1600 hud=2560x1600
[2026-08-17T12:02:34Z INFO  steel_front] size diag: window_inner=2560x1600 hud=2560x1600
[2026-08-17T12:02:34Z INFO  steel_front] size diag: window_inner=2560x1600 hud=2560x1600
[2026-08-17T12:02:34Z INFO  steel_front] size diag: window_inner=2560x1600 hud=2560x1600
[2026-08-17T12:02:34Z INFO  steel_front] size diag: window_inner=2560x1600 hud=2560x1600
[2026-08-17T12:02:34Z INFO  steel_front] size diag: window_inner=2560x1600 hud=2560x1600
[2026-08-17T12:02:34Z INFO  steel_front] size diag: window_inner=2560x1600 hud=2560x1600
[2026-08-17T12:02:34Z INFO  steel_front] size diag: window_inner=2560x1600 hud=2560x1600
[2026-08-17T12:02:34Z INFO  steel_front] size diag: window_inner=2560x1600 hud=2560x1600
[2026-08-17T12:02:34Z INFO  steel_front] size diag: window_inner=2560x1600 hud=2560x1600
[2026-08-17T12:02:34Z INFO  steel_front] size diag: window_inner=2560x1600 hud=2560x1600
[2026-08-17T12:02:34Z INFO  steel_front] size diag: window_inner=2560x1600 hud=2560x1600
[2026-08-17T12:02:34Z INFO  steel_front] size diag: window_inner=2560x1600 hud=2560x1600
[2026-08-17T12:02:34Z INFO  steel_front] size diag: window_inner=2560x1600 hud=2560x1600
[2026-08-17T12:02:34Z INFO  steel_front] size diag: window_inner=2560x1600 hud=2560x1600
[2026-08-17T12:02:34Z INFO  steel_front] size diag: window_inner=2560x1600 hud=2560x1600
[2026-08-17T12:02:34Z INFO  steel_front] size diag: window_inner=2560x1600 hud=2560x1600
[2026-08-17T12:02:34Z INFO  steel_front::engine::renderer] visible=65536/65536 near=65536 far=0 fps=376.8 frame_us=2500 cull_us=0 terrain_us=0 wait_fence_us=2104 acquire_us=1 record_us=25 submit_us=32 present_us=232 terrain_lod=high blend=0.000 quality=中画质 marker=62 npc=42
[2026-08-17T12:02:34Z INFO  steel_front::engine::game] game: wave=1 enemies=6 enemy_hp=100 hp=0/100 score=0 phys_us=2 ai_us=0 audio_us=23 net_us=0
[2026-08-17T12:02:34Z INFO  steel_front] cam: yaw=0.0 pitch=0.0 dist=3.4 mode=FirstPerson cycle_us=2617 update_us=53 render_us=2564
[2026-08-17T12:02:35Z INFO  steel_front::engine::renderer] visible=65536/65536 near=65536 far=0 fps=372.8 frame_us=2301 cull_us=0 terrain_us=0 wait_fence_us=2152 acquire_us=1 record_us=22 submit_us=34 present_us=167 terrain_lod=high blend=0.000 quality=中画质 marker=62 npc=42
[2026-08-17T12:02:35Z INFO  steel_front::engine::game] game: wave=1 enemies=6 enemy_hp=100 hp=0/100 score=0 phys_us=2 ai_us=0 audio_us=23 net_us=0
[2026-08-17T12:02:35Z INFO  steel_front] cam: yaw=0.0 pitch=0.0 dist=3.4 mode=FirstPerson cycle_us=2867 update_us=34 render_us=2833
[2026-08-17T12:02:36Z INFO  steel_front::engine::renderer] visible=65536/65536 near=65536 far=0 fps=374.6 frame_us=2528 cull_us=0 terrain_us=0 wait_fence_us=1798 acquire_us=1 record_us=46 submit_us=39 present_us=236 terrain_lod=high blend=0.000 quality=中画质 marker=62 npc=42
[2026-08-17T12:02:36Z INFO  steel_front::engine::game] game: wave=1 enemies=6 enemy_hp=100 hp=0/100 score=0 phys_us=2 ai_us=0 audio_us=28 net_us=0
[2026-08-17T12:02:36Z INFO  steel_front] cam: yaw=0.0 pitch=0.0 dist=3.4 mode=FirstPerson cycle_us=2959 update_us=32 render_us=2926
[2026-08-17T12:02:37Z INFO  steel_front::engine::renderer] visible=65536/65536 near=65536 far=0 fps=374.2 frame_us=2390 cull_us=0 terrain_us=0 wait_fence_us=2346 acquire_us=1 record_us=50 submit_us=35 present_us=305 terrain_lod=high blend=0.000 quality=中画质 marker=62 npc=42
[2026-08-17T12:02:37Z INFO  steel_front::engine::game] game: wave=1 enemies=6 enemy_hp=100 hp=0/100 score=0 phys_us=1 ai_us=0 audio_us=24 net_us=0
[2026-08-17T12:02:37Z INFO  steel_front] cam: yaw=0.0 pitch=0.0 dist=3.4 mode=FirstPerson cycle_us=2791 update_us=34 render_us=2757
[2026-08-17T12:02:38Z INFO  steel_front::engine::renderer] visible=65536/65536 near=65536 far=0 fps=377.2 frame_us=2401 cull_us=0 terrain_us=0 wait_fence_us=2179 acquire_us=1 record_us=20 submit_us=17 present_us=125 terrain_lod=high blend=0.000 quality=中画质 marker=62 npc=42
[2026-08-17T12:02:38Z INFO  steel_front::engine::game] game: wave=1 enemies=6 enemy_hp=100 hp=0/100 score=0 phys_us=2 ai_us=0 audio_us=26 net_us=0
[2026-08-17T12:02:38Z INFO  steel_front] cam: yaw=0.0 pitch=0.0 dist=3.4 mode=FirstPerson cycle_us=2350 update_us=32 render_us=2318
[2026-08-17T12:02:39Z INFO  steel_front] size diag: window_inner=2560x1600 hud=2560x1600
[2026-08-17T12:02:39Z INFO  steel_front] size diag: window_inner=2560x1600 hud=2560x1600
[2026-08-17T12:02:39Z INFO  steel_front] size diag: window_inner=2560x1600 hud=2560x1600
[2026-08-17T12:02:39Z INFO  steel_front] size diag: window_inner=2560x1600 hud=2560x1600
[2026-08-17T12:02:39Z INFO  steel_front] size diag: window_inner=2560x1600 hud=2560x1600
[2026-08-17T12:02:39Z INFO  steel_front] size diag: window_inner=2560x1600 hud=2560x1600
[2026-08-17T12:02:39Z INFO  steel_front] size diag: window_inner=2560x1600 hud=2560x1600
[2026-08-17T12:02:39Z INFO  steel_front] size diag: window_inner=2560x1600 hud=2560x1600
[2026-08-17T12:02:39Z INFO  steel_front] size diag: window_inner=2560x1600 hud=2560x1600
[2026-08-17T12:02:39Z INFO  steel_front] size diag: window_inner=2560x1600 hud=2560x1600
[2026-08-17T12:02:39Z INFO  steel_front] size diag: window_inner=2560x1600 hud=2560x1600
[2026-08-17T12:02:39Z INFO  steel_front] size diag: window_inner=2560x1600 hud=2560x1600
[2026-08-17T12:02:39Z INFO  steel_front] size diag: window_inner=2560x1600 hud=2560x1600
[2026-08-17T12:02:39Z INFO  steel_front] size diag: window_inner=2560x1600 hud=2560x1600
[2026-08-17T12:02:39Z INFO  steel_front] size diag: window_inner=2560x1600 hud=2560x1600
[2026-08-17T12:02:39Z INFO  steel_front] size diag: window_inner=2560x1600 hud=2560x1600
[2026-08-17T12:02:39Z INFO  steel_front] size diag: window_inner=2560x1600 hud=2560x1600
[2026-08-17T12:02:39Z INFO  steel_front] size diag: window_inner=2560x1600 hud=2560x1600
[2026-08-17T12:02:39Z INFO  steel_front] size diag: window_inner=2560x1600 hud=2560x1600
[2026-08-17T12:02:39Z INFO  steel_front::engine::renderer] visible=65536/65536 near=65536 far=0 fps=375.0 frame_us=2721 cull_us=1 terrain_us=0 wait_fence_us=2346 acquire_us=2 record_us=37 submit_us=38 present_us=283 terrain_lod=high blend=0.000 quality=中画质 marker=62 npc=42
[2026-08-17T12:02:39Z INFO  steel_front::engine::game] game: wave=1 enemies=6 enemy_hp=100 hp=0/100 score=0 phys_us=3 ai_us=0 audio_us=22 net_us=0
[2026-08-17T12:02:39Z INFO  steel_front] cam: yaw=0.0 pitch=0.0 dist=3.4 mode=FirstPerson cycle_us=2758 update_us=41 render_us=2716
[2026-08-17T12:02:40Z INFO  steel_front::engine::renderer] visible=65536/65536 near=65536 far=0 fps=377.7 frame_us=2377 cull_us=0 terrain_us=0 wait_fence_us=2287 acquire_us=1 record_us=33 submit_us=28 present_us=235 terrain_lod=high blend=0.000 quality=中画质 marker=62 npc=42
[2026-08-17T12:02:40Z INFO  steel_front::engine::game] game: wave=1 enemies=6 enemy_hp=100 hp=0/100 score=0 phys_us=2 ai_us=0 audio_us=14 net_us=0
[2026-08-17T12:02:40Z INFO  steel_front] cam: yaw=0.0 pitch=0.0 dist=3.4 mode=FirstPerson cycle_us=2887 update_us=29 render_us=2857
[2026-08-17T12:02:41Z INFO  steel_front::engine::renderer] visible=65536/65536 near=65536 far=0 fps=376.8 frame_us=2657 cull_us=0 terrain_us=0 wait_fence_us=1952 acquire_us=1 record_us=38 submit_us=33 present_us=206 terrain_lod=high blend=0.000 quality=中画质 marker=61 npc=42
[2026-08-17T12:02:41Z INFO  steel_front::engine::game] game: wave=1 enemies=6 enemy_hp=100 hp=0/100 score=0 phys_us=4 ai_us=0 audio_us=30 net_us=0
[2026-08-17T12:02:41Z INFO  steel_front] cam: yaw=0.0 pitch=0.0 dist=3.4 mode=FirstPerson cycle_us=2631 update_us=20 render_us=2610
[2026-08-17T12:02:42Z INFO  steel_front::engine::renderer] visible=65536/65536 near=65536 far=0 fps=376.0 frame_us=2317 cull_us=0 terrain_us=0 wait_fence_us=1956 acquire_us=1 record_us=37 submit_us=41 present_us=205 terrain_lod=high blend=0.000 quality=中画质 marker=62 npc=42
[2026-08-17T12:02:42Z INFO  steel_front::engine::game] game: wave=1 enemies=6 enemy_hp=100 hp=0/100 score=0 phys_us=1 ai_us=0 audio_us=26 net_us=0
[2026-08-17T12:02:42Z INFO  steel_front] cam: yaw=0.0 pitch=0.0 dist=3.4 mode=FirstPerson cycle_us=2449 update_us=17 render_us=2431
[2026-08-17T12:02:43Z INFO  steel_front::engine::renderer] visible=65536/65536 near=65536 far=0 fps=374.9 frame_us=3193 cull_us=0 terrain_us=0 wait_fence_us=1913 acquire_us=1 record_us=41 submit_us=34 present_us=216 terrain_lod=high blend=0.000 quality=中画质 marker=61 npc=42
[2026-08-17T12:02:43Z INFO  steel_front::engine::game] game: wave=1 enemies=6 enemy_hp=100 hp=0/100 score=0 phys_us=5 ai_us=0 audio_us=13 net_us=0
[2026-08-17T12:02:43Z INFO  steel_front] cam: yaw=0.0 pitch=0.0 dist=3.4 mode=FirstPerson cycle_us=2830 update_us=32 render_us=2798
[2026-08-17T12:02:44Z INFO  steel_front] size diag: window_inner=2560x1600 hud=2560x1600
[2026-08-17T12:02:44Z INFO  steel_front] size diag: window_inner=2560x1600 hud=2560x1600
[2026-08-17T12:02:44Z INFO  steel_front] size diag: window_inner=2560x1600 hud=2560x1600
[2026-08-17T12:02:44Z INFO  steel_front] size diag: window_inner=2560x1600 hud=2560x1600
[2026-08-17T12:02:44Z INFO  steel_front] size diag: window_inner=2560x1600 hud=2560x1600
[2026-08-17T12:02:44Z INFO  steel_front] size diag: window_inner=2560x1600 hud=2560x1600
[2026-08-17T12:02:44Z INFO  steel_front] size diag: window_inner=2560x1600 hud=2560x1600
[2026-08-17T12:02:44Z INFO  steel_front] size diag: window_inner=2560x1600 hud=2560x1600
[2026-08-17T12:02:44Z INFO  steel_front] size diag: window_inner=2560x1600 hud=2560x1600
[2026-08-17T12:02:44Z INFO  steel_front] size diag: window_inner=2560x1600 hud=2560x1600
[2026-08-17T12:02:44Z INFO  steel_front] size diag: window_inner=2560x1600 hud=2560x1600
[2026-08-17T12:02:44Z INFO  steel_front] size diag: window_inner=2560x1600 hud=2560x1600
[2026-08-17T12:02:44Z INFO  steel_front] size diag: window_inner=2560x1600 hud=2560x1600
[2026-08-17T12:02:44Z INFO  steel_front] size diag: window_inner=2560x1600 hud=2560x1600
[2026-08-17T12:02:44Z INFO  steel_front] size diag: window_inner=2560x1600 hud=2560x1600
[2026-08-17T12:02:44Z INFO  steel_front] size diag: window_inner=2560x1600 hud=2560x1600
[2026-08-17T12:02:44Z INFO  steel_front] size diag: window_inner=2560x1600 hud=2560x1600
[2026-08-17T12:02:44Z INFO  steel_front] size diag: window_inner=2560x1600 hud=2560x1600
[2026-08-17T12:02:44Z INFO  steel_front] size diag: window_inner=2560x1600 hud=2560x1600
[2026-08-17T12:02:44Z INFO  steel_front::engine::renderer] visible=65536/65536 near=65536 far=0 fps=374.2 frame_us=2670 cull_us=0 terrain_us=0 wait_fence_us=2447 acquire_us=1 record_us=23 submit_us=23 present_us=168 terrain_lod=high blend=0.000 quality=中画质 marker=62 npc=42
[2026-08-17T12:02:44Z INFO  steel_front::engine::game] game: wave=1 enemies=6 enemy_hp=100 hp=0/100 score=0 phys_us=2 ai_us=0 audio_us=25 net_us=0
[2026-08-17T12:02:44Z INFO  steel_front] cam: yaw=0.0 pitch=0.0 dist=3.4 mode=FirstPerson cycle_us=2905 update_us=19 render_us=2885
[2026-08-17T12:02:45Z INFO  steel_front::engine::renderer] visible=65536/65536 near=65536 far=0 fps=374.6 frame_us=2436 cull_us=0 terrain_us=0 wait_fence_us=1963 acquire_us=1 record_us=24 submit_us=35 present_us=175 terrain_lod=high blend=0.000 quality=中画质 marker=62 npc=42
[2026-08-17T12:02:45Z INFO  steel_front::engine::game] game: wave=1 enemies=6 enemy_hp=100 hp=0/100 score=0 phys_us=1 ai_us=0 audio_us=26 net_us=0
[2026-08-17T12:02:45Z INFO  steel_front] cam: yaw=0.0 pitch=0.0 dist=3.4 mode=FirstPerson cycle_us=2472 update_us=38 render_us=2433
[2026-08-17T12:02:46Z INFO  steel_front::engine::renderer] visible=65536/65536 near=65536 far=0 fps=374.5 frame_us=2701 cull_us=0 terrain_us=0 wait_fence_us=2091 acquire_us=0 record_us=53 submit_us=48 present_us=258 terrain_lod=high blend=0.000 quality=中画质 marker=62 npc=42
[2026-08-17T12:02:46Z INFO  steel_front::engine::game] game: wave=1 enemies=6 enemy_hp=100 hp=0/100 score=0 phys_us=2 ai_us=0 audio_us=28 net_us=0
[2026-08-17T12:02:46Z INFO  steel_front] cam: yaw=0.0 pitch=0.0 dist=3.4 mode=FirstPerson cycle_us=2346 update_us=36 render_us=2310
[2026-08-17T12:02:47Z INFO  steel_front::engine::renderer] visible=65536/65536 near=65536 far=0 fps=375.2 frame_us=2489 cull_us=0 terrain_us=0 wait_fence_us=1899 acquire_us=1 record_us=37 submit_us=32 present_us=295 terrain_lod=high blend=0.000 quality=中画质 marker=62 npc=42
[2026-08-17T12:02:47Z INFO  steel_front::engine::game] game: wave=1 enemies=6 enemy_hp=100 hp=0/100 score=0 phys_us=2 ai_us=0 audio_us=26 net_us=0
[2026-08-17T12:02:47Z INFO  steel_front] cam: yaw=0.0 pitch=0.0 dist=3.4 mode=FirstPerson cycle_us=2912 update_us=42 render_us=2869
[2026-08-17T12:02:48Z INFO  steel_front::engine::renderer] visible=65536/65536 near=65536 far=0 fps=376.6 frame_us=2523 cull_us=0 terrain_us=0 wait_fence_us=1943 acquire_us=1 record_us=35 submit_us=37 present_us=196 terrain_lod=high blend=0.000 quality=中画质 marker=62 npc=42
[2026-08-17T12:02:48Z INFO  steel_front::engine::game] game: wave=1 enemies=6 enemy_hp=100 hp=0/100 score=0 phys_us=2 ai_us=0 audio_us=22 net_us=0
[2026-08-17T12:02:48Z INFO  steel_front] cam: yaw=0.0 pitch=0.0 dist=3.4 mode=FirstPerson cycle_us=3218 update_us=18 render_us=3199
[2026-08-17T12:02:49Z INFO  steel_front] size diag: window_inner=2560x1600 hud=2560x1600
[2026-08-17T12:02:49Z INFO  steel_front] size diag: window_inner=2560x1600 hud=2560x1600
[2026-08-17T12:02:49Z INFO  steel_front] size diag: window_inner=2560x1600 hud=2560x1600
[2026-08-17T12:02:49Z INFO  steel_front] size diag: window_inner=2560x1600 hud=2560x1600
[2026-08-17T12:02:49Z INFO  steel_front] size diag: window_inner=2560x1600 hud=2560x1600
[2026-08-17T12:02:49Z INFO  steel_front] size diag: window_inner=2560x1600 hud=2560x1600
[2026-08-17T12:02:49Z INFO  steel_front] size diag: window_inner=2560x1600 hud=2560x1600
[2026-08-17T12:02:49Z INFO  steel_front] size diag: window_inner=2560x1600 hud=2560x1600
[2026-08-17T12:02:49Z INFO  steel_front] size diag: window_inner=2560x1600 hud=2560x1600
[2026-08-17T12:02:49Z INFO  steel_front] size diag: window_inner=2560x1600 hud=2560x1600
[2026-08-17T12:02:49Z INFO  steel_front] size diag: window_inner=2560x1600 hud=2560x1600
[2026-08-17T12:02:49Z INFO  steel_front] size diag: window_inner=2560x1600 hud=2560x1600
[2026-08-17T12:02:49Z INFO  steel_front] size diag: window_inner=2560x1600 hud=2560x1600
[2026-08-17T12:02:49Z INFO  steel_front] size diag: window_inner=2560x1600 hud=2560x1600
[2026-08-17T12:02:49Z INFO  steel_front] size diag: window_inner=2560x1600 hud=2560x1600
[2026-08-17T12:02:49Z INFO  steel_front] size diag: window_inner=2560x1600 hud=2560x1600
[2026-08-17T12:02:49Z INFO  steel_front] size diag: window_inner=2560x1600 hud=2560x1600
[2026-08-17T12:02:49Z INFO  steel_front] size diag: window_inner=2560x1600 hud=2560x1600
[2026-08-17T12:02:49Z INFO  steel_front::engine::renderer] visible=65536/65536 near=65536 far=0 fps=375.6 frame_us=2897 cull_us=0 terrain_us=0 wait_fence_us=1980 acquire_us=1 record_us=36 submit_us=31 present_us=204 terrain_lod=high blend=0.000 quality=中画质 marker=62 npc=42
[2026-08-17T12:02:49Z INFO  steel_front::engine::game] game: wave=1 enemies=6 enemy_hp=100 hp=0/100 score=0 phys_us=2 ai_us=0 audio_us=18 net_us=0
[2026-08-17T12:02:49Z INFO  steel_front] cam: yaw=0.0 pitch=0.0 dist=3.4 mode=FirstPerson cycle_us=2626 update_us=31 render_us=2594
[2026-08-17T12:02:50Z INFO  steel_front::engine::renderer] visible=65536/65536 near=65536 far=0 fps=376.0 frame_us=2216 cull_us=0 terrain_us=0 wait_fence_us=2337 acquire_us=1 record_us=52 submit_us=44 present_us=306 terrain_lod=high blend=0.000 quality=中画质 marker=61 npc=42
[2026-08-17T12:02:50Z INFO  steel_front::engine::game] game: wave=1 enemies=6 enemy_hp=100 hp=0/100 score=0 phys_us=6 ai_us=0 audio_us=29 net_us=0
[2026-08-17T12:02:50Z INFO  steel_front] cam: yaw=0.0 pitch=0.0 dist=3.4 mode=FirstPerson cycle_us=2535 update_us=30 render_us=2504
[2026-08-17T12:02:51Z INFO  steel_front::engine::renderer] visible=65536/65536 near=65536 far=0 fps=375.3 frame_us=3122 cull_us=1 terrain_us=0 wait_fence_us=1907 acquire_us=1 record_us=38 submit_us=35 present_us=224 terrain_lod=high blend=0.000 quality=中画质 marker=62 npc=42
[2026-08-17T12:02:51Z INFO  steel_front::engine::game] game: wave=1 enemies=6 enemy_hp=100 hp=0/100 score=0 phys_us=2 ai_us=0 audio_us=25 net_us=0
[2026-08-17T12:02:51Z INFO  steel_front] cam: yaw=0.0 pitch=0.0 dist=3.4 mode=FirstPerson cycle_us=2932 update_us=16 render_us=2915
[2026-08-17T12:02:52Z INFO  steel_front::engine::renderer] visible=65536/65536 near=65536 far=0 fps=375.3 frame_us=2518 cull_us=1 terrain_us=0 wait_fence_us=2200 acquire_us=1 record_us=47 submit_us=75 present_us=375 terrain_lod=high blend=0.000 quality=中画质 marker=62 npc=42
[2026-08-17T12:02:52Z INFO  steel_front::engine::game] game: wave=1 enemies=6 enemy_hp=100 hp=0/100 score=0 phys_us=2 ai_us=0 audio_us=28 net_us=0
[2026-08-17T12:02:52Z INFO  steel_front] cam: yaw=0.0 pitch=0.0 dist=3.4 mode=FirstPerson cycle_us=2561 update_us=22 render_us=2539
[2026-08-17T12:02:53Z INFO  steel_front::engine::renderer] visible=65536/65536 near=65536 far=0 fps=373.5 frame_us=2255 cull_us=0 terrain_us=0 wait_fence_us=2211 acquire_us=1 record_us=37 submit_us=34 present_us=277 terrain_lod=high blend=0.000 quality=中画质 marker=62 npc=42
[2026-08-17T12:02:53Z INFO  steel_front::engine::game] game: wave=1 enemies=6 enemy_hp=100 hp=0/100 score=0 phys_us=3 ai_us=0 audio_us=25 net_us=0
[2026-08-17T12:02:53Z INFO  steel_front] cam: yaw=0.0 pitch=0.0 dist=3.4 mode=FirstPerson cycle_us=2500 update_us=42 render_us=2458
[2026-08-17T12:02:54Z INFO  steel_front] size diag: window_inner=2560x1600 hud=2560x1600
[2026-08-17T12:02:54Z INFO  steel_front] size diag: window_inner=2560x1600 hud=2560x1600
[2026-08-17T12:02:54Z INFO  steel_front] size diag: window_inner=2560x1600 hud=2560x1600
[2026-08-17T12:02:54Z INFO  steel_front] size diag: window_inner=2560x1600 hud=2560x1600
[2026-08-17T12:02:54Z INFO  steel_front] size diag: window_inner=2560x1600 hud=2560x1600
[2026-08-17T12:02:54Z INFO  steel_front] size diag: window_inner=2560x1600 hud=2560x1600
[2026-08-17T12:02:54Z INFO  steel_front] size diag: window_inner=2560x1600 hud=2560x1600
[2026-08-17T12:02:54Z INFO  steel_front] size diag: window_inner=2560x1600 hud=2560x1600
[2026-08-17T12:02:54Z INFO  steel_front] size diag: window_inner=2560x1600 hud=2560x1600
[2026-08-17T12:02:54Z INFO  steel_front] size diag: window_inner=2560x1600 hud=2560x1600
[2026-08-17T12:02:54Z INFO  steel_front] size diag: window_inner=2560x1600 hud=2560x1600
[2026-08-17T12:02:54Z INFO  steel_front] size diag: window_inner=2560x1600 hud=2560x1600
[2026-08-17T12:02:54Z INFO  steel_front] size diag: window_inner=2560x1600 hud=2560x1600
[2026-08-17T12:02:54Z INFO  steel_front] size diag: window_inner=2560x1600 hud=2560x1600
[2026-08-17T12:02:54Z INFO  steel_front] size diag: window_inner=2560x1600 hud=2560x1600
[2026-08-17T12:02:54Z INFO  steel_front] size diag: window_inner=2560x1600 hud=2560x1600
[2026-08-17T12:02:54Z INFO  steel_front] size diag: window_inner=2560x1600 hud=2560x1600
[2026-08-17T12:02:54Z INFO  steel_front] size diag: window_inner=2560x1600 hud=2560x1600
[2026-08-17T12:02:54Z INFO  steel_front] size diag: window_inner=2560x1600 hud=2560x1600
[2026-08-17T12:02:54Z INFO  steel_front::engine::renderer] visible=65536/65536 near=65536 far=0 fps=376.9 frame_us=2579 cull_us=0 terrain_us=0 wait_fence_us=1933 acquire_us=1 record_us=35 submit_us=42 present_us=199 terrain_lod=high blend=0.000 quality=中画质 marker=62 npc=42
[2026-08-17T12:02:54Z INFO  steel_front::engine::game] game: wave=1 enemies=6 enemy_hp=100 hp=0/100 score=0 phys_us=2 ai_us=0 audio_us=24 net_us=0
[2026-08-17T12:02:54Z INFO  steel_front] cam: yaw=0.0 pitch=0.0 dist=3.4 mode=FirstPerson cycle_us=3195 update_us=34 render_us=3160
[2026-08-17T12:02:55Z INFO  steel_front::engine::renderer] visible=65536/65536 near=65536 far=0 fps=375.6 frame_us=2496 cull_us=0 terrain_us=0 wait_fence_us=1949 acquire_us=1 record_us=35 submit_us=29 present_us=205 terrain_lod=high blend=0.000 quality=中画质 marker=62 npc=42
[2026-08-17T12:02:55Z INFO  steel_front::engine::game] game: wave=1 enemies=6 enemy_hp=100 hp=0/100 score=0 phys_us=2 ai_us=0 audio_us=24 net_us=0
[2026-08-17T12:02:55Z INFO  steel_front] cam: yaw=0.0 pitch=0.0 dist=3.4 mode=FirstPerson cycle_us=2500 update_us=31 render_us=2469
[2026-08-17T12:02:56Z INFO  steel_front::engine::renderer] visible=65536/65536 near=65536 far=0 fps=376.9 frame_us=2335 cull_us=0 terrain_us=0 wait_fence_us=2318 acquire_us=1 record_us=21 submit_us=20 present_us=388 terrain_lod=high blend=0.000 quality=中画质 marker=62 npc=42
[2026-08-17T12:02:56Z INFO  steel_front::engine::game] game: wave=1 enemies=6 enemy_hp=100 hp=0/100 score=0 phys_us=3 ai_us=0 audio_us=25 net_us=0
[2026-08-17T12:02:56Z INFO  steel_front] cam: yaw=0.0 pitch=0.0 dist=3.4 mode=FirstPerson cycle_us=2757 update_us=21 render_us=2736
[2026-08-17T12:02:57Z INFO  steel_front::engine::renderer] visible=65536/65536 near=65536 far=0 fps=376.8 frame_us=1945 cull_us=56 terrain_us=0 wait_fence_us=2087 acquire_us=1 record_us=49 submit_us=38 present_us=556 terrain_lod=high blend=0.000 quality=中画质 marker=62 npc=42
[2026-08-17T12:02:57Z INFO  steel_front::engine::game] game: wave=1 enemies=6 enemy_hp=100 hp=0/100 score=0 phys_us=3 ai_us=0 audio_us=24 net_us=0
[2026-08-17T12:02:57Z INFO  steel_front] cam: yaw=0.0 pitch=0.0 dist=3.4 mode=FirstPerson cycle_us=2444 update_us=31 render_us=2413
[2026-08-17T12:02:58Z INFO  steel_front::engine::renderer] visible=65536/65536 near=65536 far=0 fps=379.5 frame_us=2534 cull_us=1 terrain_us=0 wait_fence_us=1862 acquire_us=2 record_us=50 submit_us=34 present_us=263 terrain_lod=high blend=0.000 quality=中画质 marker=59 npc=42
[2026-08-17T12:02:58Z INFO  steel_front::engine::game] game: wave=1 enemies=6 enemy_hp=100 hp=0/100 score=0 phys_us=4 ai_us=0 audio_us=35 net_us=0
[2026-08-17T12:02:58Z INFO  steel_front] cam: yaw=0.0 pitch=0.0 dist=3.4 mode=FirstPerson cycle_us=2869 update_us=24 render_us=2845
[2026-08-17T12:02:59Z INFO  steel_front] size diag: window_inner=2560x1600 hud=2560x1600
[2026-08-17T12:02:59Z INFO  steel_front] size diag: window_inner=2560x1600 hud=2560x1600
[2026-08-17T12:02:59Z INFO  steel_front] size diag: window_inner=2560x1600 hud=2560x1600
[2026-08-17T12:02:59Z INFO  steel_front] size diag: window_inner=2560x1600 hud=2560x1600
[2026-08-17T12:02:59Z INFO  steel_front] size diag: window_inner=2560x1600 hud=2560x1600
[2026-08-17T12:02:59Z INFO  steel_front] size diag: window_inner=2560x1600 hud=2560x1600
[2026-08-17T12:02:59Z INFO  steel_front] size diag: window_inner=2560x1600 hud=2560x1600
[2026-08-17T12:02:59Z INFO  steel_front] size diag: window_inner=2560x1600 hud=2560x1600
[2026-08-17T12:02:59Z INFO  steel_front] size diag: window_inner=2560x1600 hud=2560x1600
[2026-08-17T12:02:59Z INFO  steel_front] size diag: window_inner=2560x1600 hud=2560x1600
[2026-08-17T12:02:59Z INFO  steel_front] size diag: window_inner=2560x1600 hud=2560x1600
[2026-08-17T12:02:59Z INFO  steel_front] size diag: window_inner=2560x1600 hud=2560x1600
[2026-08-17T12:02:59Z INFO  steel_front] size diag: window_inner=2560x1600 hud=2560x1600
[2026-08-17T12:02:59Z INFO  steel_front] size diag: window_inner=2560x1600 hud=2560x1600
[2026-08-17T12:02:59Z INFO  steel_front] size diag: window_inner=2560x1600 hud=2560x1600
[2026-08-17T12:02:59Z INFO  steel_front] size diag: window_inner=2560x1600 hud=2560x1600
[2026-08-17T12:02:59Z INFO  steel_front] size diag: window_inner=2560x1600 hud=2560x1600
[2026-08-17T12:02:59Z INFO  steel_front] size diag: window_inner=2560x1600 hud=2560x1600
[2026-08-17T12:02:59Z INFO  steel_front::engine::renderer] visible=65536/65536 near=65536 far=0 fps=357.5 frame_us=2504 cull_us=0 terrain_us=0 wait_fence_us=2193 acquire_us=1 record_us=39 submit_us=26 present_us=196 terrain_lod=high blend=0.000 quality=中画质 marker=61 npc=42
[2026-08-17T12:02:59Z INFO  steel_front::engine::game] game: wave=1 enemies=6 enemy_hp=100 hp=0/100 score=0 phys_us=1 ai_us=0 audio_us=32 net_us=0
[2026-08-17T12:02:59Z INFO  steel_front] cam: yaw=0.0 pitch=0.0 dist=3.4 mode=FirstPerson cycle_us=2418 update_us=36 render_us=2381
[2026-08-17T12:03:00Z INFO  steel_front::engine::renderer] visible=65536/65536 near=65536 far=0 fps=378.2 frame_us=2454 cull_us=0 terrain_us=0 wait_fence_us=2030 acquire_us=1 record_us=40 submit_us=31 present_us=202 terrain_lod=high blend=0.000 quality=中画质 marker=62 npc=42
[2026-08-17T12:03:00Z INFO  steel_front::engine::game] game: wave=1 enemies=6 enemy_hp=100 hp=0/100 score=0 phys_us=2 ai_us=0 audio_us=28 net_us=0
[2026-08-17T12:03:00Z INFO  steel_front] cam: yaw=0.0 pitch=0.0 dist=3.4 mode=FirstPerson cycle_us=2563 update_us=43 render_us=2519
[2026-08-17T12:03:01Z INFO  steel_front::engine::renderer] visible=65536/65536 near=65536 far=0 fps=370.7 frame_us=2689 cull_us=1 terrain_us=0 wait_fence_us=2110 acquire_us=1 record_us=43 submit_us=37 present_us=279 terrain_lod=high blend=0.000 quality=中画质 marker=62 npc=42
[2026-08-17T12:03:01Z INFO  steel_front::engine::game] game: wave=1 enemies=6 enemy_hp=100 hp=0/100 score=0 phys_us=1 ai_us=0 audio_us=26 net_us=0
[2026-08-17T12:03:01Z INFO  steel_front] cam: yaw=0.0 pitch=0.0 dist=3.4 mode=FirstPerson cycle_us=2694 update_us=36 render_us=2658
[2026-08-17T12:03:02Z INFO  steel_front::engine::renderer] visible=65536/65536 near=65536 far=0 fps=373.6 frame_us=2315 cull_us=0 terrain_us=0 wait_fence_us=2258 acquire_us=0 record_us=40 submit_us=32 present_us=202 terrain_lod=high blend=0.000 quality=中画质 marker=62 npc=42
[2026-08-17T12:03:02Z INFO  steel_front::engine::game] game: wave=1 enemies=6 enemy_hp=100 hp=0/100 score=0 phys_us=1 ai_us=0 audio_us=28 net_us=0
[2026-08-17T12:03:02Z INFO  steel_front] cam: yaw=0.0 pitch=0.0 dist=3.4 mode=FirstPerson cycle_us=2852 update_us=19 render_us=2833
[2026-08-17T12:03:03Z INFO  steel_front::engine::renderer] visible=65536/65536 near=65536 far=0 fps=373.5 frame_us=2196 cull_us=0 terrain_us=0 wait_fence_us=2414 acquire_us=1 record_us=55 submit_us=28 present_us=225 terrain_lod=high blend=0.000 quality=中画质 marker=62 npc=42
[2026-08-17T12:03:03Z INFO  steel_front::engine::game] game: wave=1 enemies=6 enemy_hp=100 hp=0/100 score=0 phys_us=1 ai_us=0 audio_us=32 net_us=0
[2026-08-17T12:03:03Z INFO  steel_front] cam: yaw=0.0 pitch=0.0 dist=3.4 mode=FirstPerson cycle_us=2744 update_us=16 render_us=2728
[2026-08-17T12:03:04Z INFO  steel_front] size diag: window_inner=2560x1600 hud=2560x1600
[2026-08-17T12:03:04Z INFO  steel_front] size diag: window_inner=2560x1600 hud=2560x1600
[2026-08-17T12:03:04Z INFO  steel_front] size diag: window_inner=2560x1600 hud=2560x1600
[2026-08-17T12:03:04Z INFO  steel_front] size diag: window_inner=2560x1600 hud=2560x1600
[2026-08-17T12:03:04Z INFO  steel_front] size diag: window_inner=2560x1600 hud=2560x1600
[2026-08-17T12:03:04Z INFO  steel_front] size diag: window_inner=2560x1600 hud=2560x1600
[2026-08-17T12:03:04Z INFO  steel_front] size diag: window_inner=2560x1600 hud=2560x1600
[2026-08-17T12:03:04Z INFO  steel_front] size diag: window_inner=2560x1600 hud=2560x1600
[2026-08-17T12:03:04Z INFO  steel_front] size diag: window_inner=2560x1600 hud=2560x1600
[2026-08-17T12:03:04Z INFO  steel_front] size diag: window_inner=2560x1600 hud=2560x1600
[2026-08-17T12:03:04Z INFO  steel_front] size diag: window_inner=2560x1600 hud=2560x1600
[2026-08-17T12:03:04Z INFO  steel_front] size diag: window_inner=2560x1600 hud=2560x1600
[2026-08-17T12:03:04Z INFO  steel_front] size diag: window_inner=2560x1600 hud=2560x1600
[2026-08-17T12:03:04Z INFO  steel_front] size diag: window_inner=2560x1600 hud=2560x1600
[2026-08-17T12:03:04Z INFO  steel_front] size diag: window_inner=2560x1600 hud=2560x1600
[2026-08-17T12:03:04Z INFO  steel_front] size diag: window_inner=2560x1600 hud=2560x1600
[2026-08-17T12:03:04Z INFO  steel_front] size diag: window_inner=2560x1600 hud=2560x1600
[2026-08-17T12:03:04Z INFO  steel_front] size diag: window_inner=2560x1600 hud=2560x1600
[2026-08-17T12:03:04Z INFO  steel_front] size diag: window_inner=2560x1600 hud=2560x1600
[2026-08-17T12:03:04Z INFO  steel_front::engine::renderer] visible=65536/65536 near=65536 far=0 fps=373.2 frame_us=2720 cull_us=0 terrain_us=0 wait_fence_us=1866 acquire_us=0 record_us=40 submit_us=32 present_us=201 terrain_lod=high blend=0.000 quality=中画质 marker=61 npc=42
[2026-08-17T12:03:04Z INFO  steel_front::engine::game] game: wave=1 enemies=6 enemy_hp=100 hp=0/100 score=0 phys_us=3 ai_us=0 audio_us=24 net_us=0
[2026-08-17T12:03:04Z INFO  steel_front] cam: yaw=0.0 pitch=0.0 dist=3.4 mode=FirstPerson cycle_us=2549 update_us=19 render_us=2529
[2026-08-17T12:03:05Z INFO  steel_front::engine::renderer] visible=65536/65536 near=65536 far=0 fps=376.0 frame_us=2434 cull_us=0 terrain_us=0 wait_fence_us=2390 acquire_us=1 record_us=52 submit_us=67 present_us=357 terrain_lod=high blend=0.000 quality=中画质 marker=62 npc=42
[2026-08-17T12:03:05Z INFO  steel_front::engine::game] game: wave=1 enemies=6 enemy_hp=100 hp=0/100 score=0 phys_us=1 ai_us=0 audio_us=26 net_us=0
[2026-08-17T12:03:05Z INFO  steel_front] cam: yaw=0.0 pitch=0.0 dist=3.4 mode=FirstPerson cycle_us=2670 update_us=36 render_us=2634
[2026-08-17T12:03:06Z INFO  steel_front::engine::renderer] visible=65536/65536 near=65536 far=0 fps=375.5 frame_us=2122 cull_us=0 terrain_us=0 wait_fence_us=1820 acquire_us=1 record_us=115 submit_us=46 present_us=223 terrain_lod=high blend=0.000 quality=中画质 marker=62 npc=42
[2026-08-17T12:03:06Z INFO  steel_front::engine::game] game: wave=1 enemies=6 enemy_hp=100 hp=0/100 score=0 phys_us=2 ai_us=0 audio_us=19 net_us=0
[2026-08-17T12:03:06Z INFO  steel_front] cam: yaw=0.0 pitch=0.0 dist=3.4 mode=FirstPerson cycle_us=2613 update_us=25 render_us=2588
[2026-08-17T12:03:07Z INFO  steel_front::engine::renderer] visible=65536/65536 near=65536 far=0 fps=375.4 frame_us=2162 cull_us=0 terrain_us=0 wait_fence_us=2297 acquire_us=1 record_us=28 submit_us=59 present_us=168 terrain_lod=high blend=0.000 quality=中画质 marker=62 npc=42
[2026-08-17T12:03:07Z INFO  steel_front::engine::game] game: wave=1 enemies=6 enemy_hp=100 hp=0/100 score=0 phys_us=2 ai_us=0 audio_us=27 net_us=0
[2026-08-17T12:03:07Z INFO  steel_front] cam: yaw=0.0 pitch=0.0 dist=3.4 mode=FirstPerson cycle_us=2331 update_us=22 render_us=2308
[2026-08-17T12:03:08Z INFO  steel_front::engine::renderer] visible=65536/65536 near=65536 far=0 fps=376.6 frame_us=2203 cull_us=0 terrain_us=0 wait_fence_us=2221 acquire_us=1 record_us=42 submit_us=29 present_us=239 terrain_lod=high blend=0.000 quality=中画质 marker=62 npc=42
[2026-08-17T12:03:08Z INFO  steel_front::engine::game] game: wave=1 enemies=6 enemy_hp=100 hp=0/100 score=0 phys_us=2 ai_us=0 audio_us=28 net_us=0
[2026-08-17T12:03:08Z INFO  steel_front] cam: yaw=0.0 pitch=0.0 dist=3.4 mode=FirstPerson cycle_us=2854 update_us=16 render_us=2838
[2026-08-17T12:03:09Z INFO  steel_front] size diag: window_inner=2560x1600 hud=2560x1600
[2026-08-17T12:03:09Z INFO  steel_front] size diag: window_inner=2560x1600 hud=2560x1600
[2026-08-17T12:03:09Z INFO  steel_front] size diag: window_inner=2560x1600 hud=2560x1600
[2026-08-17T12:03:09Z INFO  steel_front] size diag: window_inner=2560x1600 hud=2560x1600
[2026-08-17T12:03:09Z INFO  steel_front] size diag: window_inner=2560x1600 hud=2560x1600
[2026-08-17T12:03:09Z INFO  steel_front] size diag: window_inner=2560x1600 hud=2560x1600
[2026-08-17T12:03:09Z INFO  steel_front] size diag: window_inner=2560x1600 hud=2560x1600
[2026-08-17T12:03:09Z INFO  steel_front] size diag: window_inner=2560x1600 hud=2560x1600
[2026-08-17T12:03:09Z INFO  steel_front] size diag: window_inner=2560x1600 hud=2560x1600
[2026-08-17T12:03:09Z INFO  steel_front] size diag: window_inner=2560x1600 hud=2560x1600
[2026-08-17T12:03:09Z INFO  steel_front] size diag: window_inner=2560x1600 hud=2560x1600
[2026-08-17T12:03:09Z INFO  steel_front] size diag: window_inner=2560x1600 hud=2560x1600
[2026-08-17T12:03:09Z INFO  steel_front] size diag: window_inner=2560x1600 hud=2560x1600
[2026-08-17T12:03:09Z INFO  steel_front] size diag: window_inner=2560x1600 hud=2560x1600
[2026-08-17T12:03:09Z INFO  steel_front] size diag: window_inner=2560x1600 hud=2560x1600
[2026-08-17T12:03:09Z INFO  steel_front] size diag: window_inner=2560x1600 hud=2560x1600
[2026-08-17T12:03:09Z INFO  steel_front] size diag: window_inner=2560x1600 hud=2560x1600
[2026-08-17T12:03:09Z INFO  steel_front] size diag: window_inner=2560x1600 hud=2560x1600
[2026-08-17T12:03:09Z INFO  steel_front::engine::renderer] visible=65536/65536 near=65536 far=0 fps=376.8 frame_us=2678 cull_us=1 terrain_us=0 wait_fence_us=2250 acquire_us=1 record_us=45 submit_us=36 present_us=563 terrain_lod=high blend=0.000 quality=中画质 marker=62 npc=42
[2026-08-17T12:03:09Z INFO  steel_front::engine::game] game: wave=1 enemies=6 enemy_hp=100 hp=0/100 score=0 phys_us=1 ai_us=0 audio_us=23 net_us=0
[2026-08-17T12:03:09Z INFO  steel_front] cam: yaw=0.0 pitch=0.0 dist=3.4 mode=FirstPerson cycle_us=2459 update_us=19 render_us=2439
[2026-08-17T12:03:10Z INFO  steel_front::engine::renderer] visible=65536/65536 near=65536 far=0 fps=377.2 frame_us=2786 cull_us=0 terrain_us=0 wait_fence_us=2056 acquire_us=1 record_us=42 submit_us=35 present_us=225 terrain_lod=high blend=0.000 quality=中画质 marker=62 npc=42
[2026-08-17T12:03:10Z INFO  steel_front::engine::game] game: wave=1 enemies=6 enemy_hp=100 hp=0/100 score=0 phys_us=1 ai_us=0 audio_us=25 net_us=0
[2026-08-17T12:03:10Z INFO  steel_front] cam: yaw=0.0 pitch=0.0 dist=3.4 mode=FirstPerson cycle_us=2350 update_us=39 render_us=2310
[2026-08-17T12:03:11Z INFO  steel_front::engine::renderer] visible=65536/65536 near=65536 far=0 fps=373.8 frame_us=2982 cull_us=0 terrain_us=0 wait_fence_us=2066 acquire_us=1 record_us=57 submit_us=41 present_us=236 terrain_lod=high blend=0.000 quality=中画质 marker=61 npc=42
[2026-08-17T12:03:11Z INFO  steel_front::engine::game] game: wave=1 enemies=6 enemy_hp=100 hp=0/100 score=0 phys_us=4 ai_us=1 audio_us=26 net_us=0
[2026-08-17T12:03:11Z INFO  steel_front] cam: yaw=0.0 pitch=0.0 dist=3.4 mode=FirstPerson cycle_us=3173 update_us=40 render_us=3132
[2026-08-17T12:03:12Z INFO  steel_front::engine::renderer] visible=65536/65536 near=65536 far=0 fps=377.0 frame_us=2068 cull_us=0 terrain_us=0 wait_fence_us=2458 acquire_us=1 record_us=24 submit_us=20 present_us=134 terrain_lod=high blend=0.000 quality=中画质 marker=63 npc=42
[2026-08-17T12:03:12Z INFO  steel_front::engine::game] game: wave=1 enemies=6 enemy_hp=100 hp=0/100 score=0 phys_us=2 ai_us=0 audio_us=29 net_us=0
[2026-08-17T12:03:12Z INFO  steel_front] cam: yaw=0.0 pitch=0.0 dist=3.4 mode=FirstPerson cycle_us=2525 update_us=32 render_us=2492
[2026-08-17T12:03:13Z INFO  steel_front::engine::renderer] visible=65536/65536 near=65536 far=0 fps=384.2 frame_us=2690 cull_us=0 terrain_us=0 wait_fence_us=1968 acquire_us=1 record_us=42 submit_us=104 present_us=219 terrain_lod=high blend=0.000 quality=中画质 marker=62 npc=42
[2026-08-17T12:03:13Z INFO  steel_front::engine::game] game: wave=1 enemies=6 enemy_hp=100 hp=0/100 score=0 phys_us=6 ai_us=0 audio_us=25 net_us=0
[2026-08-17T12:03:13Z INFO  steel_front] cam: yaw=0.0 pitch=0.0 dist=3.4 mode=FirstPerson cycle_us=2280 update_us=34 render_us=2246
[2026-08-17T12:03:14Z INFO  steel_front] size diag: window_inner=2560x1600 hud=2560x1600
[2026-08-17T12:03:14Z INFO  steel_front] size diag: window_inner=2560x1600 hud=2560x1600
[2026-08-17T12:03:14Z INFO  steel_front] size diag: window_inner=2560x1600 hud=2560x1600
[2026-08-17T12:03:14Z INFO  steel_front] size diag: window_inner=2560x1600 hud=2560x1600
[2026-08-17T12:03:14Z INFO  steel_front] size diag: window_inner=2560x1600 hud=2560x1600
[2026-08-17T12:03:14Z INFO  steel_front] size diag: window_inner=2560x1600 hud=2560x1600
[2026-08-17T12:03:14Z INFO  steel_front] size diag: window_inner=2560x1600 hud=2560x1600
[2026-08-17T12:03:14Z INFO  steel_front] size diag: window_inner=2560x1600 hud=2560x1600
[2026-08-17T12:03:14Z INFO  steel_front] size diag: window_inner=2560x1600 hud=2560x1600
[2026-08-17T12:03:14Z INFO  steel_front] size diag: window_inner=2560x1600 hud=2560x1600
[2026-08-17T12:03:14Z INFO  steel_front] size diag: window_inner=2560x1600 hud=2560x1600
[2026-08-17T12:03:14Z INFO  steel_front] size diag: window_inner=2560x1600 hud=2560x1600
[2026-08-17T12:03:14Z INFO  steel_front] size diag: window_inner=2560x1600 hud=2560x1600
[2026-08-17T12:03:14Z INFO  steel_front] size diag: window_inner=2560x1600 hud=2560x1600
[2026-08-17T12:03:14Z INFO  steel_front] size diag: window_inner=2560x1600 hud=2560x1600
[2026-08-17T12:03:14Z INFO  steel_front] size diag: window_inner=2560x1600 hud=2560x1600
[2026-08-17T12:03:14Z INFO  steel_front] size diag: window_inner=2560x1600 hud=2560x1600
[2026-08-17T12:03:14Z INFO  steel_front] size diag: window_inner=2560x1600 hud=2560x1600
[2026-08-17T12:03:14Z INFO  steel_front] size diag: window_inner=2560x1600 hud=2560x1600
[2026-08-17T12:03:14Z INFO  steel_front::engine::renderer] visible=65536/65536 near=65536 far=0 fps=383.5 frame_us=2396 cull_us=0 terrain_us=0 wait_fence_us=2140 acquire_us=1 record_us=45 submit_us=40 present_us=267 terrain_lod=high blend=0.000 quality=中画质 marker=62 npc=42
[2026-08-17T12:03:14Z INFO  steel_front::engine::game] game: wave=1 enemies=6 enemy_hp=100 hp=0/100 score=0 phys_us=1 ai_us=0 audio_us=26 net_us=0
[2026-08-17T12:03:14Z INFO  steel_front] cam: yaw=0.0 pitch=0.0 dist=3.4 mode=FirstPerson cycle_us=2780 update_us=33 render_us=2746
[2026-08-17T12:03:15Z INFO  steel_front::engine::renderer] visible=65536/65536 near=65536 far=0 fps=371.7 frame_us=2312 cull_us=0 terrain_us=0 wait_fence_us=2220 acquire_us=1 record_us=39 submit_us=30 present_us=285 terrain_lod=high blend=0.000 quality=中画质 marker=62 npc=42
[2026-08-17T12:03:15Z INFO  steel_front::engine::game] game: wave=1 enemies=6 enemy_hp=100 hp=0/100 score=0 phys_us=2 ai_us=0 audio_us=30 net_us=0
[2026-08-17T12:03:15Z INFO  steel_front] cam: yaw=0.0 pitch=0.0 dist=3.4 mode=FirstPerson cycle_us=2558 update_us=20 render_us=2537
[2026-08-17T12:03:16Z INFO  steel_front::engine::renderer] visible=65536/65536 near=65536 far=0 fps=382.7 frame_us=2524 cull_us=0 terrain_us=0 wait_fence_us=1934 acquire_us=0 record_us=40 submit_us=37 present_us=196 terrain_lod=high blend=0.000 quality=中画质 marker=62 npc=42
[2026-08-17T12:03:16Z INFO  steel_front::engine::game] game: wave=1 enemies=6 enemy_hp=100 hp=0/100 score=0 phys_us=2 ai_us=0 audio_us=26 net_us=0
[2026-08-17T12:03:16Z INFO  steel_front] cam: yaw=0.0 pitch=0.0 dist=3.4 mode=FirstPerson cycle_us=2538 update_us=34 render_us=2503
[2026-08-17T12:03:17Z INFO  steel_front::engine::renderer] visible=65536/65536 near=65536 far=0 fps=381.8 frame_us=2801 cull_us=0 terrain_us=0 wait_fence_us=1907 acquire_us=1 record_us=52 submit_us=40 present_us=366 terrain_lod=high blend=0.000 quality=中画质 marker=61 npc=42
[2026-08-17T12:03:17Z INFO  steel_front::engine::game] game: wave=1 enemies=6 enemy_hp=100 hp=0/100 score=0 phys_us=1 ai_us=0 audio_us=25 net_us=0
[2026-08-17T12:03:17Z INFO  steel_front] cam: yaw=0.0 pitch=0.0 dist=3.4 mode=FirstPerson cycle_us=3032 update_us=35 render_us=2996
[2026-08-17T12:03:18Z INFO  steel_front::engine::renderer] visible=65536/65536 near=65536 far=0 fps=355.2 frame_us=2319 cull_us=0 terrain_us=0 wait_fence_us=2607 acquire_us=1 record_us=32 submit_us=51 present_us=197 terrain_lod=high blend=0.000 quality=中画质 marker=62 npc=42
[2026-08-17T12:03:18Z INFO  steel_front::engine::game] game: wave=1 enemies=6 enemy_hp=100 hp=0/100 score=0 phys_us=1 ai_us=0 audio_us=18 net_us=0
[2026-08-17T12:03:18Z INFO  steel_front] cam: yaw=0.0 pitch=0.0 dist=3.4 mode=FirstPerson cycle_us=3268 update_us=46 render_us=3221
[2026-08-17T12:03:19Z INFO  steel_front] size diag: window_inner=2560x1600 hud=2560x1600
[2026-08-17T12:03:19Z INFO  steel_front] size diag: window_inner=2560x1600 hud=2560x1600
[2026-08-17T12:03:19Z INFO  steel_front] size diag: window_inner=2560x1600 hud=2560x1600
[2026-08-17T12:03:19Z INFO  steel_front] size diag: window_inner=2560x1600 hud=2560x1600
[2026-08-17T12:03:19Z INFO  steel_front] size diag: window_inner=2560x1600 hud=2560x1600
[2026-08-17T12:03:19Z INFO  steel_front] size diag: window_inner=2560x1600 hud=2560x1600
[2026-08-17T12:03:19Z INFO  steel_front] size diag: window_inner=2560x1600 hud=2560x1600
[2026-08-17T12:03:19Z INFO  steel_front] size diag: window_inner=2560x1600 hud=2560x1600
[2026-08-17T12:03:19Z INFO  steel_front] size diag: window_inner=2560x1600 hud=2560x1600
[2026-08-17T12:03:19Z INFO  steel_front] size diag: window_inner=2560x1600 hud=2560x1600
[2026-08-17T12:03:19Z INFO  steel_front] size diag: window_inner=2560x1600 hud=2560x1600
[2026-08-17T12:03:19Z INFO  steel_front] size diag: window_inner=2560x1600 hud=2560x1600
[2026-08-17T12:03:19Z INFO  steel_front] size diag: window_inner=2560x1600 hud=2560x1600
[2026-08-17T12:03:19Z INFO  steel_front] size diag: window_inner=2560x1600 hud=2560x1600
[2026-08-17T12:03:19Z INFO  steel_front] size diag: window_inner=2560x1600 hud=2560x1600
[2026-08-17T12:03:19Z INFO  steel_front] size diag: window_inner=2560x1600 hud=2560x1600
[2026-08-17T12:03:19Z INFO  steel_front] size diag: window_inner=2560x1600 hud=2560x1600
[2026-08-17T12:03:19Z INFO  steel_front] size diag: window_inner=2560x1600 hud=2560x1600
[2026-08-17T12:03:19Z INFO  steel_front::engine::renderer] visible=65536/65536 near=65536 far=0 fps=371.9 frame_us=2486 cull_us=0 terrain_us=0 wait_fence_us=2241 acquire_us=1 record_us=35 submit_us=29 present_us=258 terrain_lod=high blend=0.000 quality=中画质 marker=62 npc=42
[2026-08-17T12:03:19Z INFO  steel_front::engine::game] game: wave=1 enemies=6 enemy_hp=100 hp=0/100 score=0 phys_us=1 ai_us=0 audio_us=32 net_us=0
[2026-08-17T12:03:19Z INFO  steel_front] cam: yaw=0.0 pitch=0.0 dist=3.4 mode=FirstPerson cycle_us=3225 update_us=28 render_us=3196
[2026-08-17T12:03:20Z INFO  steel_front::engine::renderer] visible=65536/65536 near=65536 far=0 fps=375.1 frame_us=2535 cull_us=1 terrain_us=0 wait_fence_us=2017 acquire_us=1 record_us=42 submit_us=37 present_us=209 terrain_lod=high blend=0.000 quality=中画质 marker=61 npc=42
[2026-08-17T12:03:20Z INFO  steel_front::engine::game] game: wave=1 enemies=6 enemy_hp=100 hp=0/100 score=0 phys_us=5 ai_us=0 audio_us=23 net_us=0
[2026-08-17T12:03:20Z INFO  steel_front] cam: yaw=0.0 pitch=0.0 dist=3.4 mode=FirstPerson cycle_us=2485 update_us=23 render_us=2462
[2026-08-17T12:03:21Z INFO  steel_front::engine::renderer] visible=65536/65536 near=65536 far=0 fps=374.0 frame_us=1798 cull_us=0 terrain_us=0 wait_fence_us=2436 acquire_us=1 record_us=30 submit_us=63 present_us=128 terrain_lod=high blend=0.000 quality=中画质 marker=61 npc=42
[2026-08-17T12:03:21Z INFO  steel_front::engine::game] game: wave=1 enemies=6 enemy_hp=100 hp=0/100 score=0 phys_us=1 ai_us=0 audio_us=15 net_us=0
[2026-08-17T12:03:21Z INFO  steel_front] cam: yaw=0.0 pitch=0.0 dist=3.4 mode=FirstPerson cycle_us=2791 update_us=33 render_us=2757
[2026-08-17T12:03:22Z INFO  steel_front::engine::renderer] visible=65536/65536 near=65536 far=0 fps=371.8 frame_us=2196 cull_us=0 terrain_us=0 wait_fence_us=2279 acquire_us=1 record_us=27 submit_us=63 present_us=177 terrain_lod=high blend=0.000 quality=中画质 marker=61 npc=42
[2026-08-17T12:03:22Z INFO  steel_front::engine::game] game: wave=1 enemies=6 enemy_hp=100 hp=0/100 score=0 phys_us=2 ai_us=0 audio_us=15 net_us=0
[2026-08-17T12:03:22Z INFO  steel_front] cam: yaw=0.0 pitch=0.0 dist=3.4 mode=FirstPerson cycle_us=2647 update_us=35 render_us=2612
[2026-08-17T12:03:23Z INFO  steel_front::engine::renderer] visible=65536/65536 near=65536 far=0 fps=375.2 frame_us=2734 cull_us=0 terrain_us=0 wait_fence_us=1975 acquire_us=1 record_us=52 submit_us=46 present_us=202 terrain_lod=high blend=0.000 quality=中画质 marker=60 npc=42
[2026-08-17T12:03:23Z INFO  steel_front::engine::game] game: wave=1 enemies=6 enemy_hp=100 hp=0/100 score=0 phys_us=1 ai_us=0 audio_us=28 net_us=0
[2026-08-17T12:03:23Z INFO  steel_front] cam: yaw=0.0 pitch=0.0 dist=3.4 mode=FirstPerson cycle_us=2640 update_us=38 render_us=2601
[2026-08-17T12:03:24Z INFO  steel_front] size diag: window_inner=2560x1600 hud=2560x1600
[2026-08-17T12:03:24Z INFO  steel_front] size diag: window_inner=2560x1600 hud=2560x1600
[2026-08-17T12:03:24Z INFO  steel_front] size diag: window_inner=2560x1600 hud=2560x1600
[2026-08-17T12:03:24Z INFO  steel_front] size diag: window_inner=2560x1600 hud=2560x1600
[2026-08-17T12:03:24Z INFO  steel_front] size diag: window_inner=2560x1600 hud=2560x1600
[2026-08-17T12:03:24Z INFO  steel_front] size diag: window_inner=2560x1600 hud=2560x1600
[2026-08-17T12:03:24Z INFO  steel_front] size diag: window_inner=2560x1600 hud=2560x1600
[2026-08-17T12:03:24Z INFO  steel_front] size diag: window_inner=2560x1600 hud=2560x1600
[2026-08-17T12:03:24Z INFO  steel_front] size diag: window_inner=2560x1600 hud=2560x1600
[2026-08-17T12:03:24Z INFO  steel_front] size diag: window_inner=2560x1600 hud=2560x1600
[2026-08-17T12:03:24Z INFO  steel_front] size diag: window_inner=2560x1600 hud=2560x1600
[2026-08-17T12:03:24Z INFO  steel_front] size diag: window_inner=2560x1600 hud=2560x1600
[2026-08-17T12:03:24Z INFO  steel_front] size diag: window_inner=2560x1600 hud=2560x1600
[2026-08-17T12:03:24Z INFO  steel_front] size diag: window_inner=2560x1600 hud=2560x1600
[2026-08-17T12:03:24Z INFO  steel_front] size diag: window_inner=2560x1600 hud=2560x1600
[2026-08-17T12:03:24Z INFO  steel_front] size diag: window_inner=2560x1600 hud=2560x1600
[2026-08-17T12:03:24Z INFO  steel_front] size diag: window_inner=2560x1600 hud=2560x1600
[2026-08-17T12:03:24Z INFO  steel_front] size diag: window_inner=2560x1600 hud=2560x1600
[2026-08-17T12:03:24Z INFO  steel_front] size diag: window_inner=2560x1600 hud=2560x1600
[2026-08-17T12:03:24Z INFO  steel_front::engine::renderer] visible=65536/65536 near=65536 far=0 fps=375.9 frame_us=2425 cull_us=0 terrain_us=0 wait_fence_us=2107 acquire_us=1 record_us=30 submit_us=25 present_us=140 terrain_lod=high blend=0.000 quality=中画质 marker=61 npc=42
[2026-08-17T12:03:24Z INFO  steel_front::engine::game] game: wave=1 enemies=6 enemy_hp=100 hp=0/100 score=0 phys_us=2 ai_us=0 audio_us=15 net_us=0
[2026-08-17T12:03:24Z INFO  steel_front] cam: yaw=0.0 pitch=0.0 dist=3.4 mode=FirstPerson cycle_us=3553 update_us=19 render_us=3534
[2026-08-17T12:03:25Z INFO  steel_front::engine::renderer] visible=65536/65536 near=65536 far=0 fps=376.3 frame_us=2216 cull_us=1 terrain_us=0 wait_fence_us=2321 acquire_us=1 record_us=62 submit_us=56 present_us=395 terrain_lod=high blend=0.000 quality=中画质 marker=60 npc=42
[2026-08-17T12:03:25Z INFO  steel_front::engine::game] game: wave=1 enemies=6 enemy_hp=100 hp=0/100 score=0 phys_us=2 ai_us=0 audio_us=13 net_us=0
[2026-08-17T12:03:25Z INFO  steel_front] cam: yaw=0.0 pitch=0.0 dist=3.4 mode=FirstPerson cycle_us=2786 update_us=30 render_us=2756
[2026-08-17T12:03:26Z INFO  steel_front::engine::renderer] visible=65536/65536 near=65536 far=0 fps=375.2 frame_us=2547 cull_us=0 terrain_us=0 wait_fence_us=1918 acquire_us=1 record_us=50 submit_us=56 present_us=206 terrain_lod=high blend=0.000 quality=中画质 marker=61 npc=42
[2026-08-17T12:03:26Z INFO  steel_front::engine::game] game: wave=1 enemies=6 enemy_hp=100 hp=0/100 score=0 phys_us=6 ai_us=0 audio_us=32 net_us=0
[2026-08-17T12:03:26Z INFO  steel_front] cam: yaw=0.0 pitch=0.0 dist=3.4 mode=FirstPerson cycle_us=4009 update_us=30 render_us=3979
[2026-08-17T12:03:27Z INFO  steel_front::engine::renderer] visible=65536/65536 near=65536 far=0 fps=365.1 frame_us=2287 cull_us=0 terrain_us=0 wait_fence_us=2333 acquire_us=0 record_us=36 submit_us=48 present_us=144 terrain_lod=high blend=0.000 quality=中画质 marker=57 npc=42
[2026-08-17T12:03:27Z INFO  steel_front::engine::game] game: wave=1 enemies=6 enemy_hp=100 hp=0/100 score=0 phys_us=1 ai_us=0 audio_us=24 net_us=0
[2026-08-17T12:03:27Z INFO  steel_front] cam: yaw=0.0 pitch=0.0 dist=3.4 mode=FirstPerson cycle_us=3010 update_us=26 render_us=2983
[2026-08-17T12:03:28Z INFO  steel_front::engine::renderer] visible=65536/65536 near=65536 far=0 fps=371.1 frame_us=2417 cull_us=1 terrain_us=0 wait_fence_us=1695 acquire_us=1 record_us=97 submit_us=123 present_us=478 terrain_lod=high blend=0.000 quality=中画质 marker=61 npc=42
[2026-08-17T12:03:28Z INFO  steel_front::engine::game] game: wave=1 enemies=6 enemy_hp=100 hp=0/100 score=0 phys_us=3 ai_us=0 audio_us=15 net_us=0
[2026-08-17T12:03:28Z INFO  steel_front] cam: yaw=0.0 pitch=0.0 dist=3.4 mode=FirstPerson cycle_us=2645 update_us=34 render_us=2611
[2026-08-17T12:03:29Z INFO  steel_front] size diag: window_inner=2560x1600 hud=2560x1600
[2026-08-17T12:03:29Z INFO  steel_front] size diag: window_inner=2560x1600 hud=2560x1600
[2026-08-17T12:03:29Z INFO  steel_front] size diag: window_inner=2560x1600 hud=2560x1600
[2026-08-17T12:03:29Z INFO  steel_front] size diag: window_inner=2560x1600 hud=2560x1600
[2026-08-17T12:03:29Z INFO  steel_front] size diag: window_inner=2560x1600 hud=2560x1600
[2026-08-17T12:03:29Z INFO  steel_front] size diag: window_inner=2560x1600 hud=2560x1600
[2026-08-17T12:03:29Z INFO  steel_front] size diag: window_inner=2560x1600 hud=2560x1600
[2026-08-17T12:03:29Z INFO  steel_front] size diag: window_inner=2560x1600 hud=2560x1600
[2026-08-17T12:03:29Z INFO  steel_front] size diag: window_inner=2560x1600 hud=2560x1600
[2026-08-17T12:03:29Z INFO  steel_front] size diag: window_inner=2560x1600 hud=2560x1600
[2026-08-17T12:03:29Z INFO  steel_front] size diag: window_inner=2560x1600 hud=2560x1600
[2026-08-17T12:03:29Z INFO  steel_front] size diag: window_inner=2560x1600 hud=2560x1600
[2026-08-17T12:03:29Z INFO  steel_front] size diag: window_inner=2560x1600 hud=2560x1600
[2026-08-17T12:03:29Z INFO  steel_front] size diag: window_inner=2560x1600 hud=2560x1600
[2026-08-17T12:03:29Z INFO  steel_front] size diag: window_inner=2560x1600 hud=2560x1600
[2026-08-17T12:03:29Z INFO  steel_front] size diag: window_inner=2560x1600 hud=2560x1600
[2026-08-17T12:03:29Z INFO  steel_front] size diag: window_inner=2560x1600 hud=2560x1600
[2026-08-17T12:03:29Z INFO  steel_front] size diag: window_inner=2560x1600 hud=2560x1600
[2026-08-17T12:03:29Z INFO  steel_front::engine::renderer] visible=65536/65536 near=65536 far=0 fps=369.0 frame_us=2177 cull_us=0 terrain_us=0 wait_fence_us=2333 acquire_us=0 record_us=51 submit_us=56 present_us=201 terrain_lod=high blend=0.000 quality=中画质 marker=55 npc=42
[2026-08-17T12:03:29Z INFO  steel_front::engine::game] game: wave=1 enemies=6 enemy_hp=100 hp=0/100 score=0 phys_us=2 ai_us=0 audio_us=14 net_us=0
[2026-08-17T12:03:29Z INFO  steel_front] cam: yaw=0.0 pitch=0.0 dist=3.4 mode=FirstPerson cycle_us=2736 update_us=32 render_us=2704
[2026-08-17T12:03:30Z INFO  steel_front::engine::renderer] visible=65536/65536 near=65536 far=0 fps=375.7 frame_us=2989 cull_us=0 terrain_us=0 wait_fence_us=1876 acquire_us=0 record_us=158 submit_us=103 present_us=779 terrain_lod=high blend=0.000 quality=中画质 marker=62 npc=42
[2026-08-17T12:03:30Z INFO  steel_front::engine::game] game: wave=1 enemies=6 enemy_hp=100 hp=0/100 score=0 phys_us=2 ai_us=0 audio_us=15 net_us=0
[2026-08-17T12:03:30Z INFO  steel_front] cam: yaw=0.0 pitch=0.0 dist=3.4 mode=FirstPerson cycle_us=3056 update_us=38 render_us=3017
[2026-08-17T12:03:31Z INFO  steel_front::engine::renderer] visible=65536/65536 near=65536 far=0 fps=373.9 frame_us=2732 cull_us=0 terrain_us=0 wait_fence_us=1881 acquire_us=1 record_us=58 submit_us=73 present_us=243 terrain_lod=high blend=0.000 quality=中画质 marker=54 npc=42
[2026-08-17T12:03:31Z INFO  steel_front::engine::game] game: wave=1 enemies=6 enemy_hp=100 hp=0/100 score=0 phys_us=2 ai_us=0 audio_us=28 net_us=0
[2026-08-17T12:03:31Z INFO  steel_front] cam: yaw=0.0 pitch=0.0 dist=3.4 mode=FirstPerson cycle_us=2473 update_us=31 render_us=2441
[2026-08-17T12:03:32Z INFO  steel_front::engine::renderer] visible=65536/65536 near=65536 far=0 fps=375.0 frame_us=2834 cull_us=0 terrain_us=0 wait_fence_us=1885 acquire_us=1 record_us=53 submit_us=76 present_us=233 terrain_lod=high blend=0.000 quality=中画质 marker=62 npc=42
[2026-08-17T12:03:32Z INFO  steel_front::engine::game] game: wave=1 enemies=6 enemy_hp=100 hp=0/100 score=0 phys_us=6 ai_us=0 audio_us=15 net_us=0
[2026-08-17T12:03:32Z INFO  steel_front] cam: yaw=0.0 pitch=0.0 dist=3.4 mode=FirstPerson cycle_us=2896 update_us=19 render_us=2876
[2026-08-17T12:03:33Z INFO  steel_front::engine::renderer] visible=65536/65536 near=65536 far=0 fps=373.6 frame_us=2333 cull_us=0 terrain_us=0 wait_fence_us=1984 acquire_us=0 record_us=64 submit_us=52 present_us=301 terrain_lod=high blend=0.000 quality=中画质 marker=53 npc=42
[2026-08-17T12:03:33Z INFO  steel_front::engine::game] game: wave=1 enemies=6 enemy_hp=100 hp=0/100 score=0 phys_us=1 ai_us=0 audio_us=30 net_us=0
[2026-08-17T12:03:33Z INFO  steel_front] cam: yaw=0.0 pitch=0.0 dist=3.4 mode=FirstPerson cycle_us=3252 update_us=16 render_us=3235
[2026-08-17T12:03:34Z INFO  steel_front] size diag: window_inner=2560x1600 hud=2560x1600
[2026-08-17T12:03:34Z INFO  steel_front] size diag: window_inner=2560x1600 hud=2560x1600
[2026-08-17T12:03:34Z INFO  steel_front] size diag: window_inner=2560x1600 hud=2560x1600
[2026-08-17T12:03:34Z INFO  steel_front] size diag: window_inner=2560x1600 hud=2560x1600
[2026-08-17T12:03:34Z INFO  steel_front] size diag: window_inner=2560x1600 hud=2560x1600
[2026-08-17T12:03:34Z INFO  steel_front] size diag: window_inner=2560x1600 hud=2560x1600
[2026-08-17T12:03:34Z INFO  steel_front] size diag: window_inner=2560x1600 hud=2560x1600
[2026-08-17T12:03:34Z INFO  steel_front] size diag: window_inner=2560x1600 hud=2560x1600
[2026-08-17T12:03:34Z INFO  steel_front] size diag: window_inner=2560x1600 hud=2560x1600
[2026-08-17T12:03:34Z INFO  steel_front] size diag: window_inner=2560x1600 hud=2560x1600
[2026-08-17T12:03:34Z INFO  steel_front] size diag: window_inner=2560x1600 hud=2560x1600
[2026-08-17T12:03:34Z INFO  steel_front] size diag: window_inner=2560x1600 hud=2560x1600
[2026-08-17T12:03:34Z INFO  steel_front] size diag: window_inner=2560x1600 hud=2560x1600
[2026-08-17T12:03:34Z INFO  steel_front] size diag: window_inner=2560x1600 hud=2560x1600
[2026-08-17T12:03:34Z INFO  steel_front] size diag: window_inner=2560x1600 hud=2560x1600
[2026-08-17T12:03:34Z INFO  steel_front] size diag: window_inner=2560x1600 hud=2560x1600
[2026-08-17T12:03:34Z INFO  steel_front] size diag: window_inner=2560x1600 hud=2560x1600
[2026-08-17T12:03:34Z INFO  steel_front] size diag: window_inner=2560x1600 hud=2560x1600
[2026-08-17T12:03:34Z INFO  steel_front] size diag: window_inner=2560x1600 hud=2560x1600
[2026-08-17T12:03:34Z INFO  steel_front::engine::renderer] visible=65536/65536 near=65536 far=0 fps=375.6 frame_us=2128 cull_us=0 terrain_us=0 wait_fence_us=2355 acquire_us=1 record_us=94 submit_us=25 present_us=133 terrain_lod=high blend=0.000 quality=中画质 marker=62 npc=42
[2026-08-17T12:03:34Z INFO  steel_front::engine::game] game: wave=1 enemies=6 enemy_hp=100 hp=0/100 score=0 phys_us=2 ai_us=0 audio_us=23 net_us=0
[2026-08-17T12:03:34Z INFO  steel_front] cam: yaw=0.0 pitch=0.0 dist=3.4 mode=FirstPerson cycle_us=2626 update_us=21 render_us=2604
[2026-08-17T12:03:35Z INFO  steel_front::engine::renderer] visible=65536/65536 near=65536 far=0 fps=376.4 frame_us=2699 cull_us=0 terrain_us=0 wait_fence_us=2043 acquire_us=1 record_us=55 submit_us=49 present_us=233 terrain_lod=high blend=0.000 quality=中画质 marker=52 npc=42
[2026-08-17T12:03:35Z INFO  steel_front::engine::game] game: wave=1 enemies=6 enemy_hp=100 hp=0/100 score=0 phys_us=2 ai_us=0 audio_us=33 net_us=0
[2026-08-17T12:03:35Z INFO  steel_front] cam: yaw=0.0 pitch=0.0 dist=3.4 mode=FirstPerson cycle_us=2733 update_us=30 render_us=2702
[2026-08-17T12:03:36Z INFO  steel_front::engine::renderer] visible=65536/65536 near=65536 far=0 fps=376.4 frame_us=2451 cull_us=0 terrain_us=0 wait_fence_us=2054 acquire_us=1 record_us=34 submit_us=46 present_us=142 terrain_lod=high blend=0.000 quality=中画质 marker=62 npc=42
[2026-08-17T12:03:36Z INFO  steel_front::engine::game] game: wave=1 enemies=6 enemy_hp=100 hp=0/100 score=0 phys_us=2 ai_us=0 audio_us=15 net_us=0
[2026-08-17T12:03:36Z INFO  steel_front] cam: yaw=0.0 pitch=0.0 dist=3.4 mode=FirstPerson cycle_us=2799 update_us=39 render_us=2759
[2026-08-17T12:03:37Z INFO  steel_front::engine::renderer] visible=65536/65536 near=65536 far=0 fps=376.8 frame_us=2344 cull_us=0 terrain_us=0 wait_fence_us=2008 acquire_us=1 record_us=50 submit_us=57 present_us=205 terrain_lod=high blend=0.000 quality=中画质 marker=51 npc=42
[2026-08-17T12:03:37Z INFO  steel_front::engine::game] game: wave=1 enemies=6 enemy_hp=100 hp=0/100 score=0 phys_us=2 ai_us=0 audio_us=20 net_us=0
[2026-08-17T12:03:37Z INFO  steel_front] cam: yaw=0.0 pitch=0.0 dist=3.4 mode=FirstPerson cycle_us=2444 update_us=38 render_us=2406
[2026-08-17T12:03:38Z INFO  steel_front::engine::renderer] visible=65536/65536 near=65536 far=0 fps=377.5 frame_us=2544 cull_us=0 terrain_us=0 wait_fence_us=2151 acquire_us=1 record_us=85 submit_us=110 present_us=441 terrain_lod=high blend=0.000 quality=中画质 marker=62 npc=42
[2026-08-17T12:03:38Z INFO  steel_front::engine::game] game: wave=1 enemies=6 enemy_hp=100 hp=0/100 score=0 phys_us=1 ai_us=0 audio_us=23 net_us=0
[2026-08-17T12:03:38Z INFO  steel_front] cam: yaw=0.0 pitch=0.0 dist=3.4 mode=FirstPerson cycle_us=2843 update_us=16 render_us=2827
[2026-08-17T12:03:39Z INFO  steel_front] size diag: window_inner=2560x1600 hud=2560x1600
[2026-08-17T12:03:39Z INFO  steel_front] size diag: window_inner=2560x1600 hud=2560x1600
[2026-08-17T12:03:39Z INFO  steel_front] size diag: window_inner=2560x1600 hud=2560x1600
[2026-08-17T12:03:39Z INFO  steel_front] size diag: window_inner=2560x1600 hud=2560x1600
[2026-08-17T12:03:39Z INFO  steel_front] size diag: window_inner=2560x1600 hud=2560x1600
[2026-08-17T12:03:39Z INFO  steel_front] size diag: window_inner=2560x1600 hud=2560x1600
[2026-08-17T12:03:39Z INFO  steel_front] size diag: window_inner=2560x1600 hud=2560x1600
[2026-08-17T12:03:39Z INFO  steel_front] size diag: window_inner=2560x1600 hud=2560x1600
[2026-08-17T12:03:39Z INFO  steel_front] size diag: window_inner=2560x1600 hud=2560x1600
[2026-08-17T12:03:39Z INFO  steel_front] size diag: window_inner=2560x1600 hud=2560x1600
[2026-08-17T12:03:39Z INFO  steel_front] size diag: window_inner=2560x1600 hud=2560x1600
[2026-08-17T12:03:39Z INFO  steel_front] size diag: window_inner=2560x1600 hud=2560x1600
[2026-08-17T12:03:39Z INFO  steel_front] size diag: window_inner=2560x1600 hud=2560x1600
[2026-08-17T12:03:39Z INFO  steel_front] size diag: window_inner=2560x1600 hud=2560x1600
[2026-08-17T12:03:39Z INFO  steel_front] size diag: window_inner=2560x1600 hud=2560x1600
[2026-08-17T12:03:39Z INFO  steel_front] size diag: window_inner=2560x1600 hud=2560x1600
[2026-08-17T12:03:39Z INFO  steel_front] size diag: window_inner=2560x1600 hud=2560x1600
[2026-08-17T12:03:39Z INFO  steel_front] size diag: window_inner=2560x1600 hud=2560x1600
[2026-08-17T12:03:39Z INFO  steel_front] size diag: window_inner=2560x1600 hud=2560x1600
[2026-08-17T12:03:39Z INFO  steel_front::engine::renderer] visible=65536/65536 near=65536 far=0 fps=375.4 frame_us=2361 cull_us=0 terrain_us=0 wait_fence_us=1890 acquire_us=1 record_us=43 submit_us=53 present_us=225 terrain_lod=high blend=0.000 quality=中画质 marker=49 npc=42
[2026-08-17T12:03:39Z INFO  steel_front::engine::game] game: wave=1 enemies=6 enemy_hp=100 hp=0/100 score=0 phys_us=2 ai_us=0 audio_us=12 net_us=0
[2026-08-17T12:03:39Z INFO  steel_front] cam: yaw=0.0 pitch=0.0 dist=3.4 mode=FirstPerson cycle_us=2796 update_us=31 render_us=2764
[2026-08-17T12:03:40Z INFO  steel_front::engine::renderer] visible=65536/65536 near=65536 far=0 fps=378.7 frame_us=2473 cull_us=0 terrain_us=0 wait_fence_us=2129 acquire_us=1 record_us=36 submit_us=82 present_us=196 terrain_lod=high blend=0.000 quality=中画质 marker=62 npc=42
[2026-08-17T12:03:40Z INFO  steel_front::engine::game] game: wave=1 enemies=6 enemy_hp=100 hp=0/100 score=0 phys_us=2 ai_us=0 audio_us=26 net_us=0
[2026-08-17T12:03:40Z INFO  steel_front] cam: yaw=0.0 pitch=0.0 dist=3.4 mode=FirstPerson cycle_us=2301 update_us=35 render_us=2265
[2026-08-17T12:03:41Z INFO  steel_front::engine::renderer] visible=65536/65536 near=65536 far=0 fps=376.9 frame_us=2775 cull_us=0 terrain_us=0 wait_fence_us=1927 acquire_us=1 record_us=37 submit_us=41 present_us=217 terrain_lod=high blend=0.000 quality=中画质 marker=48 npc=42
[2026-08-17T12:03:41Z INFO  steel_front::engine::game] game: wave=1 enemies=6 enemy_hp=100 hp=0/100 score=0 phys_us=4 ai_us=0 audio_us=26 net_us=0
[2026-08-17T12:03:41Z INFO  steel_front] cam: yaw=0.0 pitch=0.0 dist=3.4 mode=FirstPerson cycle_us=2493 update_us=30 render_us=2462
[2026-08-17T12:03:42Z INFO  steel_front::engine::renderer] visible=65536/65536 near=65536 far=0 fps=377.0 frame_us=2896 cull_us=0 terrain_us=0 wait_fence_us=2005 acquire_us=1 record_us=39 submit_us=33 present_us=502 terrain_lod=high blend=0.000 quality=中画质 marker=62 npc=42
[2026-08-17T12:03:42Z INFO  steel_front::engine::game] game: wave=1 enemies=6 enemy_hp=100 hp=0/100 score=0 phys_us=2 ai_us=0 audio_us=23 net_us=0
[2026-08-17T12:03:42Z INFO  steel_front] cam: yaw=0.0 pitch=0.0 dist=3.4 mode=FirstPerson cycle_us=2599 update_us=31 render_us=2567
[2026-08-17T12:03:43Z INFO  steel_front::engine::renderer] visible=65536/65536 near=65536 far=0 fps=369.9 frame_us=2645 cull_us=1 terrain_us=0 wait_fence_us=2490 acquire_us=1 record_us=31 submit_us=21 present_us=167 terrain_lod=high blend=0.000 quality=中画质 marker=47 npc=42
[2026-08-17T12:03:43Z INFO  steel_front::engine::game] game: wave=1 enemies=6 enemy_hp=100 hp=0/100 score=0 phys_us=3 ai_us=0 audio_us=38 net_us=0
[2026-08-17T12:03:43Z INFO  steel_front] cam: yaw=0.0 pitch=0.0 dist=3.4 mode=FirstPerson cycle_us=3035 update_us=19 render_us=3015
[2026-08-17T12:03:44Z INFO  steel_front] size diag: window_inner=2560x1600 hud=2560x1600
[2026-08-17T12:03:44Z INFO  steel_front] size diag: window_inner=2560x1600 hud=2560x1600
[2026-08-17T12:03:44Z INFO  steel_front] size diag: window_inner=2560x1600 hud=2560x1600
[2026-08-17T12:03:44Z INFO  steel_front] size diag: window_inner=2560x1600 hud=2560x1600
[2026-08-17T12:03:44Z INFO  steel_front] size diag: window_inner=2560x1600 hud=2560x1600
[2026-08-17T12:03:44Z INFO  steel_front] size diag: window_inner=2560x1600 hud=2560x1600
[2026-08-17T12:03:44Z INFO  steel_front] size diag: window_inner=2560x1600 hud=2560x1600
[2026-08-17T12:03:44Z INFO  steel_front] size diag: window_inner=2560x1600 hud=2560x1600
[2026-08-17T12:03:44Z INFO  steel_front] size diag: window_inner=2560x1600 hud=2560x1600
[2026-08-17T12:03:44Z INFO  steel_front] size diag: window_inner=2560x1600 hud=2560x1600
[2026-08-17T12:03:44Z INFO  steel_front] size diag: window_inner=2560x1600 hud=2560x1600
[2026-08-17T12:03:44Z INFO  steel_front] size diag: window_inner=2560x1600 hud=2560x1600
[2026-08-17T12:03:44Z INFO  steel_front] size diag: window_inner=2560x1600 hud=2560x1600
[2026-08-17T12:03:44Z INFO  steel_front] size diag: window_inner=2560x1600 hud=2560x1600
[2026-08-17T12:03:44Z INFO  steel_front] size diag: window_inner=2560x1600 hud=2560x1600
[2026-08-17T12:03:44Z INFO  steel_front] size diag: window_inner=2560x1600 hud=2560x1600
[2026-08-17T12:03:44Z INFO  steel_front] size diag: window_inner=2560x1600 hud=2560x1600
[2026-08-17T12:03:44Z INFO  steel_front] size diag: window_inner=2560x1600 hud=2560x1600
[2026-08-17T12:03:44Z INFO  steel_front::engine::renderer] visible=65536/65536 near=65536 far=0 fps=371.3 frame_us=2844 cull_us=0 terrain_us=0 wait_fence_us=2287 acquire_us=1 record_us=85 submit_us=34 present_us=343 terrain_lod=high blend=0.000 quality=中画质 marker=62 npc=42
[2026-08-17T12:03:44Z INFO  steel_front::engine::game] game: wave=1 enemies=6 enemy_hp=100 hp=0/100 score=0 phys_us=2 ai_us=0 audio_us=28 net_us=0
[2026-08-17T12:03:44Z INFO  steel_front] cam: yaw=0.0 pitch=0.0 dist=3.4 mode=FirstPerson cycle_us=2638 update_us=22 render_us=2615
[2026-08-17T12:03:45Z INFO  steel_front::engine::renderer] visible=65536/65536 near=65536 far=0 fps=374.9 frame_us=2201 cull_us=0 terrain_us=0 wait_fence_us=2300 acquire_us=1 record_us=47 submit_us=62 present_us=211 terrain_lod=high blend=0.000 quality=中画质 marker=46 npc=42
[2026-08-17T12:03:45Z INFO  steel_front::engine::game] game: wave=1 enemies=6 enemy_hp=100 hp=0/100 score=0 phys_us=2 ai_us=0 audio_us=19 net_us=0
[2026-08-17T12:03:45Z INFO  steel_front] cam: yaw=0.0 pitch=0.0 dist=3.4 mode=FirstPerson cycle_us=2664 update_us=22 render_us=2642
[2026-08-17T12:03:46Z INFO  steel_front::engine::renderer] visible=65536/65536 near=65536 far=0 fps=374.4 frame_us=2923 cull_us=0 terrain_us=0 wait_fence_us=1902 acquire_us=1 record_us=50 submit_us=46 present_us=355 terrain_lod=high blend=0.000 quality=中画质 marker=62 npc=42
[2026-08-17T12:03:46Z INFO  steel_front::engine::game] game: wave=1 enemies=6 enemy_hp=100 hp=0/100 score=0 phys_us=2 ai_us=0 audio_us=31 net_us=0
[2026-08-17T12:03:46Z INFO  steel_front] cam: yaw=0.0 pitch=0.0 dist=3.4 mode=FirstPerson cycle_us=2506 update_us=31 render_us=2474
[2026-08-17T12:03:47Z INFO  steel_front::engine::renderer] visible=65536/65536 near=65536 far=0 fps=375.6 frame_us=2424 cull_us=0 terrain_us=0 wait_fence_us=1834 acquire_us=1 record_us=40 submit_us=38 present_us=245 terrain_lod=high blend=0.000 quality=中画质 marker=44 npc=42
[2026-08-17T12:03:47Z INFO  steel_front::engine::game] game: wave=1 enemies=6 enemy_hp=100 hp=0/100 score=0 phys_us=3 ai_us=0 audio_us=26 net_us=0
[2026-08-17T12:03:47Z INFO  steel_front] cam: yaw=0.0 pitch=0.0 dist=3.4 mode=FirstPerson cycle_us=2832 update_us=39 render_us=2793
[2026-08-17T12:03:48Z INFO  steel_front::engine::renderer] visible=65536/65536 near=65536 far=0 fps=377.0 frame_us=2526 cull_us=0 terrain_us=0 wait_fence_us=2225 acquire_us=1 record_us=36 submit_us=33 present_us=291 terrain_lod=high blend=0.000 quality=中画质 marker=62 npc=42
[2026-08-17T12:03:48Z INFO  steel_front::engine::game] game: wave=1 enemies=6 enemy_hp=100 hp=0/100 score=0 phys_us=2 ai_us=0 audio_us=14 net_us=0
[2026-08-17T12:03:48Z INFO  steel_front] cam: yaw=0.0 pitch=0.0 dist=3.4 mode=FirstPerson cycle_us=2765 update_us=32 render_us=2733
[2026-08-17T12:03:49Z INFO  steel_front] size diag: window_inner=2560x1600 hud=2560x1600
[2026-08-17T12:03:49Z INFO  steel_front] size diag: window_inner=2560x1600 hud=2560x1600
[2026-08-17T12:03:49Z INFO  steel_front] size diag: window_inner=2560x1600 hud=2560x1600
[2026-08-17T12:03:49Z INFO  steel_front] size diag: window_inner=2560x1600 hud=2560x1600
[2026-08-17T12:03:49Z INFO  steel_front] size diag: window_inner=2560x1600 hud=2560x1600
[2026-08-17T12:03:49Z INFO  steel_front] size diag: window_inner=2560x1600 hud=2560x1600
[2026-08-17T12:03:49Z INFO  steel_front] size diag: window_inner=2560x1600 hud=2560x1600
[2026-08-17T12:03:49Z INFO  steel_front] size diag: window_inner=2560x1600 hud=2560x1600
[2026-08-17T12:03:49Z INFO  steel_front] size diag: window_inner=2560x1600 hud=2560x1600
[2026-08-17T12:03:49Z INFO  steel_front] size diag: window_inner=2560x1600 hud=2560x1600
[2026-08-17T12:03:49Z INFO  steel_front] size diag: window_inner=2560x1600 hud=2560x1600
[2026-08-17T12:03:49Z INFO  steel_front] size diag: window_inner=2560x1600 hud=2560x1600
[2026-08-17T12:03:49Z INFO  steel_front] size diag: window_inner=2560x1600 hud=2560x1600
[2026-08-17T12:03:49Z INFO  steel_front] size diag: window_inner=2560x1600 hud=2560x1600
[2026-08-17T12:03:49Z INFO  steel_front] size diag: window_inner=2560x1600 hud=2560x1600
[2026-08-17T12:03:49Z INFO  steel_front] size diag: window_inner=2560x1600 hud=2560x1600
[2026-08-17T12:03:49Z INFO  steel_front] size diag: window_inner=2560x1600 hud=2560x1600
[2026-08-17T12:03:49Z INFO  steel_front] size diag: window_inner=2560x1600 hud=2560x1600
[2026-08-17T12:03:49Z INFO  steel_front] size diag: window_inner=2560x1600 hud=2560x1600
[2026-08-17T12:03:49Z INFO  steel_front::engine::renderer] visible=65536/65536 near=65536 far=0 fps=377.8 frame_us=2244 cull_us=0 terrain_us=0 wait_fence_us=2505 acquire_us=1 record_us=20 submit_us=20 present_us=151 terrain_lod=high blend=0.000 quality=中画质 marker=43 npc=42
[2026-08-17T12:03:49Z INFO  steel_front::engine::game] game: wave=1 enemies=6 enemy_hp=100 hp=0/100 score=0 phys_us=1 ai_us=0 audio_us=29 net_us=0
[2026-08-17T12:03:49Z INFO  steel_front] cam: yaw=0.0 pitch=0.0 dist=3.4 mode=FirstPerson cycle_us=2424 update_us=18 render_us=2405
[2026-08-17T12:03:50Z INFO  steel_front::engine::renderer] visible=65536/65536 near=65536 far=0 fps=375.8 frame_us=2610 cull_us=0 terrain_us=0 wait_fence_us=2086 acquire_us=1 record_us=36 submit_us=120 present_us=208 terrain_lod=high blend=0.000 quality=中画质 marker=62 npc=42
[2026-08-17T12:03:50Z INFO  steel_front::engine::game] game: wave=1 enemies=6 enemy_hp=100 hp=0/100 score=0 phys_us=1 ai_us=0 audio_us=26 net_us=0
[2026-08-17T12:03:50Z INFO  steel_front] cam: yaw=0.0 pitch=0.0 dist=3.4 mode=FirstPerson cycle_us=2777 update_us=43 render_us=2733
[2026-08-17T12:03:51Z INFO  steel_front::engine::renderer] visible=65536/65536 near=65536 far=0 fps=375.1 frame_us=2226 cull_us=0 terrain_us=0 wait_fence_us=2277 acquire_us=1 record_us=36 submit_us=30 present_us=206 terrain_lod=high blend=0.000 quality=中画质 marker=41 npc=42
[2026-08-17T12:03:51Z INFO  steel_front::engine::game] game: wave=1 enemies=6 enemy_hp=100 hp=0/100 score=0 phys_us=2 ai_us=0 audio_us=37 net_us=1
[2026-08-17T12:03:51Z INFO  steel_front] cam: yaw=0.0 pitch=0.0 dist=3.4 mode=FirstPerson cycle_us=3033 update_us=18 render_us=3015
[2026-08-17T12:03:52Z INFO  steel_front::engine::renderer] visible=65536/65536 near=65536 far=0 fps=375.5 frame_us=2790 cull_us=0 terrain_us=0 wait_fence_us=1936 acquire_us=0 record_us=46 submit_us=80 present_us=206 terrain_lod=high blend=0.000 quality=中画质 marker=62 npc=42
[2026-08-17T12:03:52Z INFO  steel_front::engine::game] game: wave=1 enemies=6 enemy_hp=100 hp=0/100 score=0 phys_us=1 ai_us=0 audio_us=22 net_us=0
[2026-08-17T12:03:52Z INFO  steel_front] cam: yaw=0.0 pitch=0.0 dist=3.4 mode=FirstPerson cycle_us=2351 update_us=35 render_us=2315
[2026-08-17T12:03:53Z INFO  steel_front::engine::renderer] visible=65536/65536 near=65536 far=0 fps=376.0 frame_us=2527 cull_us=0 terrain_us=0 wait_fence_us=2246 acquire_us=1 record_us=53 submit_us=46 present_us=213 terrain_lod=high blend=0.000 quality=中画质 marker=40 npc=42
[2026-08-17T12:03:53Z INFO  steel_front::engine::game] game: wave=1 enemies=6 enemy_hp=100 hp=0/100 score=0 phys_us=1 ai_us=0 audio_us=25 net_us=0
[2026-08-17T12:03:53Z INFO  steel_front] cam: yaw=0.0 pitch=0.0 dist=3.4 mode=FirstPerson cycle_us=2589 update_us=32 render_us=2556
[2026-08-17T12:03:54Z INFO  steel_front] size diag: window_inner=2560x1600 hud=2560x1600
[2026-08-17T12:03:54Z INFO  steel_front] size diag: window_inner=2560x1600 hud=2560x1600
[2026-08-17T12:03:54Z INFO  steel_front] size diag: window_inner=2560x1600 hud=2560x1600
[2026-08-17T12:03:54Z INFO  steel_front] size diag: window_inner=2560x1600 hud=2560x1600
[2026-08-17T12:03:54Z INFO  steel_front] size diag: window_inner=2560x1600 hud=2560x1600
[2026-08-17T12:03:54Z INFO  steel_front] size diag: window_inner=2560x1600 hud=2560x1600
[2026-08-17T12:03:54Z INFO  steel_front] size diag: window_inner=2560x1600 hud=2560x1600
[2026-08-17T12:03:54Z INFO  steel_front] size diag: window_inner=2560x1600 hud=2560x1600
[2026-08-17T12:03:54Z INFO  steel_front] size diag: window_inner=2560x1600 hud=2560x1600
[2026-08-17T12:03:54Z INFO  steel_front] size diag: window_inner=2560x1600 hud=2560x1600
[2026-08-17T12:03:54Z INFO  steel_front] size diag: window_inner=2560x1600 hud=2560x1600
[2026-08-17T12:03:54Z INFO  steel_front] size diag: window_inner=2560x1600 hud=2560x1600
[2026-08-17T12:03:54Z INFO  steel_front] size diag: window_inner=2560x1600 hud=2560x1600
[2026-08-17T12:03:54Z INFO  steel_front] size diag: window_inner=2560x1600 hud=2560x1600
[2026-08-17T12:03:54Z INFO  steel_front] size diag: window_inner=2560x1600 hud=2560x1600
[2026-08-17T12:03:54Z INFO  steel_front] size diag: window_inner=2560x1600 hud=2560x1600
[2026-08-17T12:03:54Z INFO  steel_front] size diag: window_inner=2560x1600 hud=2560x1600
[2026-08-17T12:03:54Z INFO  steel_front] size diag: window_inner=2560x1600 hud=2560x1600
[2026-08-17T12:03:54Z INFO  steel_front] size diag: window_inner=2560x1600 hud=2560x1600
[2026-08-17T12:03:54Z INFO  steel_front::engine::renderer] visible=65536/65536 near=65536 far=0 fps=376.6 frame_us=2283 cull_us=0 terrain_us=0 wait_fence_us=2285 acquire_us=0 record_us=29 submit_us=28 present_us=181 terrain_lod=high blend=0.000 quality=中画质 marker=62 npc=42
[2026-08-17T12:03:54Z INFO  steel_front::engine::game] game: wave=1 enemies=6 enemy_hp=100 hp=0/100 score=0 phys_us=1 ai_us=0 audio_us=23 net_us=0
[2026-08-17T12:03:54Z INFO  steel_front] cam: yaw=0.0 pitch=0.0 dist=3.4 mode=FirstPerson cycle_us=2726 update_us=36 render_us=2689
[2026-08-17T12:03:55Z INFO  steel_front::engine::renderer] visible=65536/65536 near=65536 far=0 fps=373.5 frame_us=2395 cull_us=0 terrain_us=0 wait_fence_us=2164 acquire_us=1 record_us=28 submit_us=26 present_us=127 terrain_lod=high blend=0.000 quality=中画质 marker=38 npc=42
[2026-08-17T12:03:55Z INFO  steel_front::engine::game] game: wave=1 enemies=6 enemy_hp=100 hp=0/100 score=0 phys_us=1 ai_us=0 audio_us=26 net_us=0
[2026-08-17T12:03:55Z INFO  steel_front] cam: yaw=0.0 pitch=0.0 dist=3.4 mode=FirstPerson cycle_us=2259 update_us=36 render_us=2222
[2026-08-17T12:03:56Z INFO  steel_front::engine::renderer] visible=65536/65536 near=65536 far=0 fps=374.8 frame_us=2179 cull_us=1 terrain_us=0 wait_fence_us=2138 acquire_us=1 record_us=36 submit_us=77 present_us=186 terrain_lod=high blend=0.000 quality=中画质 marker=61 npc=42
[2026-08-17T12:03:56Z INFO  steel_front::engine::game] game: wave=1 enemies=6 enemy_hp=100 hp=0/100 score=0 phys_us=2 ai_us=0 audio_us=14 net_us=0
[2026-08-17T12:03:56Z INFO  steel_front] cam: yaw=0.0 pitch=0.0 dist=3.4 mode=FirstPerson cycle_us=2478 update_us=43 render_us=2435
[2026-08-17T12:03:57Z INFO  steel_front::engine::renderer] visible=65536/65536 near=65536 far=0 fps=375.9 frame_us=2543 cull_us=0 terrain_us=0 wait_fence_us=2265 acquire_us=1 record_us=32 submit_us=55 present_us=141 terrain_lod=high blend=0.000 quality=中画质 marker=37 npc=42
[2026-08-17T12:03:57Z INFO  steel_front::engine::game] game: wave=1 enemies=6 enemy_hp=100 hp=0/100 score=0 phys_us=1 ai_us=0 audio_us=29 net_us=0
[2026-08-17T12:03:57Z INFO  steel_front] cam: yaw=0.0 pitch=0.0 dist=3.4 mode=FirstPerson cycle_us=2788 update_us=23 render_us=2764
[2026-08-17T12:03:58Z INFO  steel_front::engine::renderer] visible=65536/65536 near=65536 far=0 fps=373.7 frame_us=2384 cull_us=0 terrain_us=0 wait_fence_us=2581 acquire_us=1 record_us=42 submit_us=34 present_us=206 terrain_lod=high blend=0.000 quality=中画质 marker=61 npc=42
[2026-08-17T12:03:58Z INFO  steel_front::engine::game] game: wave=1 enemies=6 enemy_hp=100 hp=0/100 score=0 phys_us=3 ai_us=0 audio_us=18 net_us=0
[2026-08-17T12:03:58Z INFO  steel_front] cam: yaw=0.0 pitch=0.0 dist=3.4 mode=FirstPerson cycle_us=2654 update_us=37 render_us=2616
[2026-08-17T12:03:59Z INFO  steel_front] size diag: window_inner=2560x1600 hud=2560x1600
[2026-08-17T12:03:59Z INFO  steel_front] size diag: window_inner=2560x1600 hud=2560x1600
[2026-08-17T12:03:59Z INFO  steel_front] size diag: window_inner=2560x1600 hud=2560x1600
[2026-08-17T12:03:59Z INFO  steel_front] size diag: window_inner=2560x1600 hud=2560x1600
[2026-08-17T12:03:59Z INFO  steel_front] size diag: window_inner=2560x1600 hud=2560x1600
[2026-08-17T12:03:59Z INFO  steel_front] size diag: window_inner=2560x1600 hud=2560x1600
[2026-08-17T12:03:59Z INFO  steel_front] size diag: window_inner=2560x1600 hud=2560x1600
[2026-08-17T12:03:59Z INFO  steel_front] size diag: window_inner=2560x1600 hud=2560x1600
[2026-08-17T12:03:59Z INFO  steel_front] size diag: window_inner=2560x1600 hud=2560x1600
[2026-08-17T12:03:59Z INFO  steel_front] size diag: window_inner=2560x1600 hud=2560x1600
[2026-08-17T12:03:59Z INFO  steel_front] size diag: window_inner=2560x1600 hud=2560x1600
[2026-08-17T12:03:59Z INFO  steel_front] size diag: window_inner=2560x1600 hud=2560x1600
[2026-08-17T12:03:59Z INFO  steel_front] size diag: window_inner=2560x1600 hud=2560x1600
[2026-08-17T12:03:59Z INFO  steel_front] size diag: window_inner=2560x1600 hud=2560x1600
[2026-08-17T12:03:59Z INFO  steel_front] size diag: window_inner=2560x1600 hud=2560x1600
[2026-08-17T12:03:59Z INFO  steel_front] size diag: window_inner=2560x1600 hud=2560x1600
[2026-08-17T12:03:59Z INFO  steel_front] size diag: window_inner=2560x1600 hud=2560x1600
[2026-08-17T12:03:59Z INFO  steel_front] size diag: window_inner=2560x1600 hud=2560x1600
[2026-08-17T12:03:59Z INFO  steel_front] size diag: window_inner=2560x1600 hud=2560x1600
[2026-08-17T12:03:59Z INFO  steel_front::engine::renderer] visible=65536/65536 near=65536 far=0 fps=369.2 frame_us=2545 cull_us=0 terrain_us=0 wait_fence_us=1952 acquire_us=1 record_us=62 submit_us=56 present_us=346 terrain_lod=high blend=0.000 quality=中画质 marker=36 npc=42
[2026-08-17T12:03:59Z INFO  steel_front::engine::game] game: wave=1 enemies=6 enemy_hp=100 hp=0/100 score=0 phys_us=1 ai_us=0 audio_us=25 net_us=0
[2026-08-17T12:03:59Z INFO  steel_front] cam: yaw=0.0 pitch=0.0 dist=3.4 mode=FirstPerson cycle_us=2585 update_us=27 render_us=2558
[2026-08-17T12:04:00Z INFO  steel_front::engine::renderer] visible=65536/65536 near=65536 far=0 fps=379.9 frame_us=2713 cull_us=0 terrain_us=0 wait_fence_us=2066 acquire_us=1 record_us=53 submit_us=47 present_us=216 terrain_lod=high blend=0.000 quality=中画质 marker=62 npc=42
[2026-08-17T12:04:00Z INFO  steel_front::engine::game] game: wave=1 enemies=6 enemy_hp=100 hp=0/100 score=0 phys_us=1 ai_us=0 audio_us=29 net_us=0
[2026-08-17T12:04:00Z INFO  steel_front] cam: yaw=0.0 pitch=0.0 dist=3.4 mode=FirstPerson cycle_us=2445 update_us=33 render_us=2412
[2026-08-17T12:04:01Z INFO  steel_front::engine::renderer] visible=65536/65536 near=65536 far=0 fps=383.9 frame_us=2567 cull_us=0 terrain_us=0 wait_fence_us=2101 acquire_us=1 record_us=24 submit_us=37 present_us=138 terrain_lod=high blend=0.000 quality=中画质 marker=36 npc=42
[2026-08-17T12:04:01Z INFO  steel_front::engine::game] game: wave=1 enemies=6 enemy_hp=100 hp=0/100 score=0 phys_us=2 ai_us=1 audio_us=15 net_us=0
[2026-08-17T12:04:01Z INFO  steel_front] cam: yaw=0.0 pitch=0.0 dist=3.4 mode=FirstPerson cycle_us=2744 update_us=38 render_us=2706
[2026-08-17T12:04:02Z INFO  steel_front::engine::renderer] visible=65536/65536 near=65536 far=0 fps=381.7 frame_us=2775 cull_us=1 terrain_us=0 wait_fence_us=1814 acquire_us=1 record_us=49 submit_us=182 present_us=287 terrain_lod=high blend=0.000 quality=中画质 marker=62 npc=42
[2026-08-17T12:04:02Z INFO  steel_front::engine::game] game: wave=1 enemies=6 enemy_hp=100 hp=0/100 score=0 phys_us=2 ai_us=0 audio_us=26 net_us=0
[2026-08-17T12:04:02Z INFO  steel_front] cam: yaw=0.0 pitch=0.0 dist=3.4 mode=FirstPerson cycle_us=2414 update_us=24 render_us=2390
[2026-08-17T12:04:03Z INFO  steel_front::engine::renderer] visible=65536/65536 near=65536 far=0 fps=364.8 frame_us=2659 cull_us=0 terrain_us=0 wait_fence_us=2094 acquire_us=1 record_us=24 submit_us=32 present_us=145 terrain_lod=high blend=0.000 quality=中画质 marker=36 npc=42
[2026-08-17T12:04:03Z INFO  steel_front::engine::game] game: wave=1 enemies=6 enemy_hp=100 hp=0/100 score=0 phys_us=1 ai_us=0 audio_us=18 net_us=0
[2026-08-17T12:04:03Z INFO  steel_front] cam: yaw=0.0 pitch=0.0 dist=3.4 mode=FirstPerson cycle_us=2316 update_us=30 render_us=2286
[2026-08-17T12:04:04Z INFO  steel_front] size diag: window_inner=2560x1600 hud=2560x1600
[2026-08-17T12:04:04Z INFO  steel_front] size diag: window_inner=2560x1600 hud=2560x1600
[2026-08-17T12:04:04Z INFO  steel_front] size diag: window_inner=2560x1600 hud=2560x1600
[2026-08-17T12:04:04Z INFO  steel_front] size diag: window_inner=2560x1600 hud=2560x1600
[2026-08-17T12:04:04Z INFO  steel_front] size diag: window_inner=2560x1600 hud=2560x1600
[2026-08-17T12:04:04Z INFO  steel_front] size diag: window_inner=2560x1600 hud=2560x1600
[2026-08-17T12:04:04Z INFO  steel_front] size diag: window_inner=2560x1600 hud=2560x1600
[2026-08-17T12:04:04Z INFO  steel_front] size diag: window_inner=2560x1600 hud=2560x1600
[2026-08-17T12:04:04Z INFO  steel_front] size diag: window_inner=2560x1600 hud=2560x1600
[2026-08-17T12:04:04Z INFO  steel_front] size diag: window_inner=2560x1600 hud=2560x1600
[2026-08-17T12:04:04Z INFO  steel_front] size diag: window_inner=2560x1600 hud=2560x1600
[2026-08-17T12:04:04Z INFO  steel_front] size diag: window_inner=2560x1600 hud=2560x1600
[2026-08-17T12:04:04Z INFO  steel_front] size diag: window_inner=2560x1600 hud=2560x1600
[2026-08-17T12:04:04Z INFO  steel_front] size diag: window_inner=2560x1600 hud=2560x1600
[2026-08-17T12:04:04Z INFO  steel_front] size diag: window_inner=2560x1600 hud=2560x1600
[2026-08-17T12:04:04Z INFO  steel_front] size diag: window_inner=2560x1600 hud=2560x1600
[2026-08-17T12:04:04Z INFO  steel_front] size diag: window_inner=2560x1600 hud=2560x1600
[2026-08-17T12:04:04Z INFO  steel_front] size diag: window_inner=2560x1600 hud=2560x1600
[2026-08-17T12:04:04Z INFO  steel_front] size diag: window_inner=2560x1600 hud=2560x1600
[2026-08-17T12:04:04Z INFO  steel_front::engine::renderer] visible=65536/65536 near=65536 far=0 fps=383.0 frame_us=2337 cull_us=0 terrain_us=0 wait_fence_us=2158 acquire_us=1 record_us=40 submit_us=36 present_us=354 terrain_lod=high blend=0.000 quality=中画质 marker=62 npc=42
[2026-08-17T12:04:04Z INFO  steel_front::engine::game] game: wave=1 enemies=6 enemy_hp=100 hp=0/100 score=0 phys_us=2 ai_us=0 audio_us=30 net_us=0
[2026-08-17T12:04:04Z INFO  steel_front] cam: yaw=0.0 pitch=0.0 dist=3.4 mode=FirstPerson cycle_us=2722 update_us=17 render_us=2705
[2026-08-17T12:04:05Z INFO  steel_front::engine::renderer] visible=65536/65536 near=65536 far=0 fps=384.5 frame_us=2571 cull_us=0 terrain_us=0 wait_fence_us=2059 acquire_us=1 record_us=34 submit_us=93 present_us=198 terrain_lod=high blend=0.000 quality=中画质 marker=36 npc=42
[2026-08-17T12:04:05Z INFO  steel_front::engine::game] game: wave=1 enemies=6 enemy_hp=100 hp=0/100 score=0 phys_us=2 ai_us=0 audio_us=14 net_us=0
[2026-08-17T12:04:05Z INFO  steel_front] cam: yaw=0.0 pitch=0.0 dist=3.4 mode=FirstPerson cycle_us=4167 update_us=46 render_us=4120
[2026-08-17T12:04:06Z INFO  steel_front::engine::renderer] visible=65536/65536 near=65536 far=0 fps=367.3 frame_us=2286 cull_us=0 terrain_us=0 wait_fence_us=2177 acquire_us=1 record_us=36 submit_us=90 present_us=206 terrain_lod=high blend=0.000 quality=中画质 marker=63 npc=42
[2026-08-17T12:04:06Z INFO  steel_front::engine::game] game: wave=1 enemies=6 enemy_hp=100 hp=0/100 score=0 phys_us=2 ai_us=0 audio_us=25 net_us=0
[2026-08-17T12:04:06Z INFO  steel_front] cam: yaw=0.0 pitch=0.0 dist=3.4 mode=FirstPerson cycle_us=2558 update_us=35 render_us=2522
[2026-08-17T12:04:07Z INFO  steel_front::engine::renderer] visible=65536/65536 near=65536 far=0 fps=379.8 frame_us=2543 cull_us=0 terrain_us=0 wait_fence_us=2015 acquire_us=0 record_us=34 submit_us=28 present_us=471 terrain_lod=high blend=0.000 quality=中画质 marker=36 npc=42
[2026-08-17T12:04:07Z INFO  steel_front::engine::game] game: wave=1 enemies=6 enemy_hp=100 hp=0/100 score=0 phys_us=2 ai_us=0 audio_us=14 net_us=0
[2026-08-17T12:04:07Z INFO  steel_front] cam: yaw=0.0 pitch=0.0 dist=3.4 mode=FirstPerson cycle_us=3019 update_us=19 render_us=3000
[2026-08-17T12:04:08Z INFO  steel_front::engine::renderer] visible=65536/65536 near=65536 far=0 fps=377.3 frame_us=2333 cull_us=0 terrain_us=0 wait_fence_us=2165 acquire_us=1 record_us=20 submit_us=46 present_us=118 terrain_lod=high blend=0.000 quality=中画质 marker=62 npc=42
[2026-08-17T12:04:08Z INFO  steel_front::engine::game] game: wave=1 enemies=6 enemy_hp=100 hp=0/100 score=0 phys_us=2 ai_us=0 audio_us=23 net_us=0
[2026-08-17T12:04:08Z INFO  steel_front] cam: yaw=0.0 pitch=0.0 dist=3.4 mode=FirstPerson cycle_us=2764 update_us=21 render_us=2742
[2026-08-17T12:04:09Z INFO  steel_front] size diag: window_inner=2560x1600 hud=2560x1600
[2026-08-17T12:04:09Z INFO  steel_front] size diag: window_inner=2560x1600 hud=2560x1600
[2026-08-17T12:04:09Z INFO  steel_front] size diag: window_inner=2560x1600 hud=2560x1600
[2026-08-17T12:04:09Z INFO  steel_front] size diag: window_inner=2560x1600 hud=2560x1600
[2026-08-17T12:04:09Z INFO  steel_front] size diag: window_inner=2560x1600 hud=2560x1600
[2026-08-17T12:04:09Z INFO  steel_front] size diag: window_inner=2560x1600 hud=2560x1600
[2026-08-17T12:04:09Z INFO  steel_front] size diag: window_inner=2560x1600 hud=2560x1600
[2026-08-17T12:04:09Z INFO  steel_front] size diag: window_inner=2560x1600 hud=2560x1600
[2026-08-17T12:04:09Z INFO  steel_front] size diag: window_inner=2560x1600 hud=2560x1600
[2026-08-17T12:04:09Z INFO  steel_front] size diag: window_inner=2560x1600 hud=2560x1600
[2026-08-17T12:04:09Z INFO  steel_front] size diag: window_inner=2560x1600 hud=2560x1600
[2026-08-17T12:04:09Z INFO  steel_front] size diag: window_inner=2560x1600 hud=2560x1600
[2026-08-17T12:04:09Z INFO  steel_front] size diag: window_inner=2560x1600 hud=2560x1600
[2026-08-17T12:04:09Z INFO  steel_front] size diag: window_inner=2560x1600 hud=2560x1600
[2026-08-17T12:04:09Z INFO  steel_front] size diag: window_inner=2560x1600 hud=2560x1600
[2026-08-17T12:04:09Z INFO  steel_front] size diag: window_inner=2560x1600 hud=2560x1600
[2026-08-17T12:04:09Z INFO  steel_front] size diag: window_inner=2560x1600 hud=2560x1600
[2026-08-17T12:04:09Z INFO  steel_front] size diag: window_inner=2560x1600 hud=2560x1600
[2026-08-17T12:04:09Z INFO  steel_front] size diag: window_inner=2560x1600 hud=2560x1600
[2026-08-17T12:04:09Z INFO  steel_front::engine::renderer] visible=65536/65536 near=65536 far=0 fps=375.7 frame_us=2207 cull_us=0 terrain_us=0 wait_fence_us=2066 acquire_us=1 record_us=33 submit_us=46 present_us=173 terrain_lod=high blend=0.000 quality=中画质 marker=36 npc=42
[2026-08-17T12:04:09Z INFO  steel_front::engine::game] game: wave=1 enemies=6 enemy_hp=100 hp=0/100 score=0 phys_us=3 ai_us=0 audio_us=15 net_us=0
[2026-08-17T12:04:09Z INFO  steel_front] cam: yaw=0.0 pitch=0.0 dist=3.4 mode=FirstPerson cycle_us=2579 update_us=19 render_us=2559
[2026-08-17T12:04:10Z INFO  steel_front::engine::renderer] visible=65536/65536 near=65536 far=0 fps=376.1 frame_us=2097 cull_us=0 terrain_us=0 wait_fence_us=2515 acquire_us=1 record_us=21 submit_us=17 present_us=110 terrain_lod=high blend=0.000 quality=中画质 marker=62 npc=42
[2026-08-17T12:04:10Z INFO  steel_front::engine::game] game: wave=1 enemies=6 enemy_hp=100 hp=0/100 score=0 phys_us=3 ai_us=0 audio_us=14 net_us=0
[2026-08-17T12:04:10Z INFO  steel_front] cam: yaw=0.0 pitch=0.0 dist=3.4 mode=FirstPerson cycle_us=2904 update_us=18 render_us=2885
[2026-08-17T12:04:11Z INFO  steel_front::engine::renderer] visible=65536/65536 near=65536 far=0 fps=373.3 frame_us=2380 cull_us=0 terrain_us=0 wait_fence_us=2067 acquire_us=1 record_us=25 submit_us=48 present_us=194 terrain_lod=high blend=0.000 quality=中画质 marker=36 npc=42
[2026-08-17T12:04:11Z INFO  steel_front::engine::game] game: wave=1 enemies=6 enemy_hp=100 hp=0/100 score=0 phys_us=1 ai_us=0 audio_us=14 net_us=0
[2026-08-17T12:04:11Z INFO  steel_front] cam: yaw=0.0 pitch=0.0 dist=3.4 mode=FirstPerson cycle_us=2450 update_us=33 render_us=2417
[2026-08-17T12:04:12Z INFO  steel_front::engine::renderer] visible=65536/65536 near=65536 far=0 fps=374.7 frame_us=2894 cull_us=0 terrain_us=0 wait_fence_us=1867 acquire_us=0 record_us=51 submit_us=57 present_us=435 terrain_lod=high blend=0.000 quality=中画质 marker=62 npc=42
[2026-08-17T12:04:12Z INFO  steel_front::engine::game] game: wave=1 enemies=6 enemy_hp=100 hp=0/100 score=0 phys_us=2 ai_us=0 audio_us=26 net_us=0
[2026-08-17T12:04:12Z INFO  steel_front] cam: yaw=0.0 pitch=0.0 dist=3.4 mode=FirstPerson cycle_us=2870 update_us=27 render_us=2842
[2026-08-17T12:04:13Z INFO  steel_front::engine::renderer] visible=65536/65536 near=65536 far=0 fps=374.1 frame_us=2330 cull_us=0 terrain_us=0 wait_fence_us=2179 acquire_us=1 record_us=42 submit_us=32 present_us=294 terrain_lod=high blend=0.000 quality=中画质 marker=36 npc=42
[2026-08-17T12:04:13Z INFO  steel_front::engine::game] game: wave=1 enemies=6 enemy_hp=100 hp=0/100 score=0 phys_us=2 ai_us=0 audio_us=46 net_us=0
[2026-08-17T12:04:13Z INFO  steel_front] cam: yaw=0.0 pitch=0.0 dist=3.4 mode=FirstPerson cycle_us=2954 update_us=20 render_us=2933
[2026-08-17T12:04:14Z INFO  steel_front] size diag: window_inner=2560x1600 hud=2560x1600
[2026-08-17T12:04:14Z INFO  steel_front] size diag: window_inner=2560x1600 hud=2560x1600
[2026-08-17T12:04:14Z INFO  steel_front] size diag: window_inner=2560x1600 hud=2560x1600
[2026-08-17T12:04:14Z INFO  steel_front] size diag: window_inner=2560x1600 hud=2560x1600
[2026-08-17T12:04:14Z INFO  steel_front] size diag: window_inner=2560x1600 hud=2560x1600
[2026-08-17T12:04:14Z INFO  steel_front] size diag: window_inner=2560x1600 hud=2560x1600
[2026-08-17T12:04:14Z INFO  steel_front] size diag: window_inner=2560x1600 hud=2560x1600
[2026-08-17T12:04:14Z INFO  steel_front] size diag: window_inner=2560x1600 hud=2560x1600
[2026-08-17T12:04:14Z INFO  steel_front] size diag: window_inner=2560x1600 hud=2560x1600
[2026-08-17T12:04:14Z INFO  steel_front] size diag: window_inner=2560x1600 hud=2560x1600
[2026-08-17T12:04:14Z INFO  steel_front] size diag: window_inner=2560x1600 hud=2560x1600
[2026-08-17T12:04:14Z INFO  steel_front] size diag: window_inner=2560x1600 hud=2560x1600
[2026-08-17T12:04:14Z INFO  steel_front] size diag: window_inner=2560x1600 hud=2560x1600
[2026-08-17T12:04:14Z INFO  steel_front] size diag: window_inner=2560x1600 hud=2560x1600
[2026-08-17T12:04:14Z INFO  steel_front] size diag: window_inner=2560x1600 hud=2560x1600
[2026-08-17T12:04:14Z INFO  steel_front] size diag: window_inner=2560x1600 hud=2560x1600
[2026-08-17T12:04:14Z INFO  steel_front] size diag: window_inner=2560x1600 hud=2560x1600
[2026-08-17T12:04:14Z INFO  steel_front] size diag: window_inner=2560x1600 hud=2560x1600
[2026-08-17T12:04:14Z INFO  steel_front] size diag: window_inner=2560x1600 hud=2560x1600
[2026-08-17T12:04:14Z INFO  steel_front::engine::renderer] visible=65536/65536 near=65536 far=0 fps=374.0 frame_us=2457 cull_us=0 terrain_us=0 wait_fence_us=2298 acquire_us=1 record_us=41 submit_us=30 present_us=292 terrain_lod=high blend=0.000 quality=中画质 marker=62 npc=42
[2026-08-17T12:04:14Z INFO  steel_front::engine::game] game: wave=1 enemies=6 enemy_hp=100 hp=0/100 score=0 phys_us=2 ai_us=0 audio_us=30 net_us=0
[2026-08-17T12:04:14Z INFO  steel_front] cam: yaw=0.0 pitch=0.0 dist=3.4 mode=FirstPerson cycle_us=1977 update_us=55 render_us=1921
[2026-08-17T12:04:15Z INFO  steel_front::engine::renderer] visible=65536/65536 near=65536 far=0 fps=360.1 frame_us=2307 cull_us=0 terrain_us=0 wait_fence_us=1907 acquire_us=1 record_us=58 submit_us=90 present_us=262 terrain_lod=high blend=0.000 quality=中画质 marker=36 npc=42
[2026-08-17T12:04:15Z INFO  steel_front::engine::game] game: wave=1 enemies=6 enemy_hp=100 hp=0/100 score=0 phys_us=2 ai_us=0 audio_us=13 net_us=0
[2026-08-17T12:04:15Z INFO  steel_front] cam: yaw=0.0 pitch=0.0 dist=3.4 mode=FirstPerson cycle_us=2542 update_us=34 render_us=2507
[2026-08-17T12:04:16Z INFO  steel_front::engine::renderer] visible=65536/65536 near=65536 far=0 fps=368.2 frame_us=2675 cull_us=0 terrain_us=0 wait_fence_us=2086 acquire_us=1 record_us=44 submit_us=48 present_us=640 terrain_lod=high blend=0.000 quality=中画质 marker=62 npc=42
[2026-08-17T12:04:16Z INFO  steel_front::engine::game] game: wave=1 enemies=6 enemy_hp=100 hp=0/100 score=0 phys_us=4 ai_us=0 audio_us=19 net_us=0
[2026-08-17T12:04:16Z INFO  steel_front] cam: yaw=0.0 pitch=0.0 dist=3.4 mode=FirstPerson cycle_us=2711 update_us=30 render_us=2681
[2026-08-17T12:04:17Z INFO  steel_front::engine::renderer] visible=65536/65536 near=65536 far=0 fps=368.8 frame_us=2696 cull_us=0 terrain_us=0 wait_fence_us=1899 acquire_us=0 record_us=41 submit_us=44 present_us=231 terrain_lod=high blend=0.000 quality=中画质 marker=36 npc=42
[2026-08-17T12:04:17Z INFO  steel_front::engine::game] game: wave=1 enemies=6 enemy_hp=100 hp=0/100 score=0 phys_us=1 ai_us=0 audio_us=27 net_us=0
[2026-08-17T12:04:17Z INFO  steel_front] cam: yaw=0.0 pitch=0.0 dist=3.4 mode=FirstPerson cycle_us=2846 update_us=41 render_us=2805
[2026-08-17T12:04:18Z INFO  steel_front::engine::renderer] visible=65536/65536 near=65536 far=0 fps=374.8 frame_us=2210 cull_us=0 terrain_us=0 wait_fence_us=1904 acquire_us=1 record_us=46 submit_us=64 present_us=204 terrain_lod=high blend=0.000 quality=中画质 marker=62 npc=42
[2026-08-17T12:04:18Z INFO  steel_front::engine::game] game: wave=1 enemies=6 enemy_hp=100 hp=0/100 score=0 phys_us=1 ai_us=0 audio_us=13 net_us=0
[2026-08-17T12:04:18Z INFO  steel_front] cam: yaw=0.0 pitch=0.0 dist=3.4 mode=FirstPerson cycle_us=2582 update_us=36 render_us=2546
[2026-08-17T12:04:19Z INFO  steel_front] size diag: window_inner=2560x1600 hud=2560x1600
[2026-08-17T12:04:19Z INFO  steel_front] size diag: window_inner=2560x1600 hud=2560x1600
[2026-08-17T12:04:19Z INFO  steel_front] size diag: window_inner=2560x1600 hud=2560x1600
[2026-08-17T12:04:19Z INFO  steel_front] size diag: window_inner=2560x1600 hud=2560x1600
[2026-08-17T12:04:19Z INFO  steel_front] size diag: window_inner=2560x1600 hud=2560x1600
[2026-08-17T12:04:19Z INFO  steel_front] size diag: window_inner=2560x1600 hud=2560x1600
[2026-08-17T12:04:19Z INFO  steel_front] size diag: window_inner=2560x1600 hud=2560x1600
[2026-08-17T12:04:19Z INFO  steel_front] size diag: window_inner=2560x1600 hud=2560x1600
[2026-08-17T12:04:19Z INFO  steel_front] size diag: window_inner=2560x1600 hud=2560x1600
[2026-08-17T12:04:19Z INFO  steel_front] size diag: window_inner=2560x1600 hud=2560x1600
[2026-08-17T12:04:19Z INFO  steel_front] size diag: window_inner=2560x1600 hud=2560x1600
[2026-08-17T12:04:19Z INFO  steel_front] size diag: window_inner=2560x1600 hud=2560x1600
[2026-08-17T12:04:19Z INFO  steel_front] size diag: window_inner=2560x1600 hud=2560x1600
[2026-08-17T12:04:19Z INFO  steel_front] size diag: window_inner=2560x1600 hud=2560x1600
[2026-08-17T12:04:19Z INFO  steel_front] size diag: window_inner=2560x1600 hud=2560x1600
[2026-08-17T12:04:19Z INFO  steel_front] size diag: window_inner=2560x1600 hud=2560x1600
[2026-08-17T12:04:19Z INFO  steel_front] size diag: window_inner=2560x1600 hud=2560x1600
[2026-08-17T12:04:19Z INFO  steel_front] size diag: window_inner=2560x1600 hud=2560x1600
[2026-08-17T12:04:19Z INFO  steel_front] size diag: window_inner=2560x1600 hud=2560x1600
[2026-08-17T12:04:19Z INFO  steel_front::engine::renderer] visible=65536/65536 near=65536 far=0 fps=370.6 frame_us=2164 cull_us=0 terrain_us=0 wait_fence_us=2312 acquire_us=1 record_us=55 submit_us=60 present_us=193 terrain_lod=high blend=0.000 quality=中画质 marker=36 npc=42
[2026-08-17T12:04:19Z INFO  steel_front::engine::game] game: wave=1 enemies=6 enemy_hp=100 hp=0/100 score=0 phys_us=1 ai_us=0 audio_us=33 net_us=0
[2026-08-17T12:04:19Z INFO  steel_front] cam: yaw=0.0 pitch=0.0 dist=3.4 mode=FirstPerson cycle_us=3231 update_us=18 render_us=3213
[2026-08-17T12:04:20Z INFO  steel_front::engine::renderer] visible=65536/65536 near=65536 far=0 fps=374.6 frame_us=1957 cull_us=0 terrain_us=0 wait_fence_us=2430 acquire_us=0 record_us=22 submit_us=39 present_us=140 terrain_lod=high blend=0.000 quality=中画质 marker=62 npc=42
[2026-08-17T12:04:20Z INFO  steel_front::engine::game] game: wave=1 enemies=6 enemy_hp=100 hp=0/100 score=0 phys_us=2 ai_us=0 audio_us=28 net_us=0
[2026-08-17T12:04:20Z INFO  steel_front] cam: yaw=0.0 pitch=0.0 dist=3.4 mode=FirstPerson cycle_us=3014 update_us=36 render_us=2978
[2026-08-17T12:04:21Z INFO  steel_front::engine::renderer] visible=65536/65536 near=65536 far=0 fps=375.6 frame_us=2419 cull_us=0 terrain_us=0 wait_fence_us=2359 acquire_us=1 record_us=39 submit_us=51 present_us=354 terrain_lod=high blend=0.000 quality=中画质 marker=36 npc=42
[2026-08-17T12:04:21Z INFO  steel_front::engine::game] game: wave=1 enemies=6 enemy_hp=100 hp=0/100 score=0 phys_us=1 ai_us=0 audio_us=24 net_us=0
[2026-08-17T12:04:21Z INFO  steel_front] cam: yaw=0.0 pitch=0.0 dist=3.4 mode=FirstPerson cycle_us=2379 update_us=35 render_us=2344
[2026-08-17T12:04:22Z INFO  steel_front::engine::renderer] visible=65536/65536 near=65536 far=0 fps=369.5 frame_us=2692 cull_us=0 terrain_us=0 wait_fence_us=1889 acquire_us=1 record_us=35 submit_us=51 present_us=219 terrain_lod=high blend=0.000 quality=中画质 marker=61 npc=42
[2026-08-17T12:04:22Z INFO  steel_front::engine::game] game: wave=1 enemies=6 enemy_hp=100 hp=0/100 score=0 phys_us=1 ai_us=0 audio_us=26 net_us=0
[2026-08-17T12:04:22Z INFO  steel_front] cam: yaw=0.0 pitch=0.0 dist=3.4 mode=FirstPerson cycle_us=2331 update_us=30 render_us=2301
[2026-08-17T12:04:23Z INFO  steel_front::engine::renderer] visible=65536/65536 near=65536 far=0 fps=369.7 frame_us=2881 cull_us=0 terrain_us=0 wait_fence_us=1729 acquire_us=1 record_us=40 submit_us=51 present_us=353 terrain_lod=high blend=0.000 quality=中画质 marker=36 npc=42
[2026-08-17T12:04:23Z INFO  steel_front::engine::game] game: wave=1 enemies=6 enemy_hp=100 hp=0/100 score=0 phys_us=2 ai_us=0 audio_us=15 net_us=0
[2026-08-17T12:04:24Z INFO  steel_front] cam: yaw=0.0 pitch=0.0 dist=3.4 mode=FirstPerson cycle_us=2824 update_us=34 render_us=2790
[2026-08-17T12:04:24Z INFO  steel_front] size diag: window_inner=2560x1600 hud=2560x1600
[2026-08-17T12:04:24Z INFO  steel_front] size diag: window_inner=2560x1600 hud=2560x1600
[2026-08-17T12:04:24Z INFO  steel_front] size diag: window_inner=2560x1600 hud=2560x1600
[2026-08-17T12:04:24Z INFO  steel_front] size diag: window_inner=2560x1600 hud=2560x1600
[2026-08-17T12:04:24Z INFO  steel_front] size diag: window_inner=2560x1600 hud=2560x1600
[2026-08-17T12:04:24Z INFO  steel_front] size diag: window_inner=2560x1600 hud=2560x1600
[2026-08-17T12:04:24Z INFO  steel_front] size diag: window_inner=2560x1600 hud=2560x1600
[2026-08-17T12:04:24Z INFO  steel_front] size diag: window_inner=2560x1600 hud=2560x1600
[2026-08-17T12:04:24Z INFO  steel_front] size diag: window_inner=2560x1600 hud=2560x1600
[2026-08-17T12:04:24Z INFO  steel_front] size diag: window_inner=2560x1600 hud=2560x1600
[2026-08-17T12:04:24Z INFO  steel_front] size diag: window_inner=2560x1600 hud=2560x1600
[2026-08-17T12:04:24Z INFO  steel_front] size diag: window_inner=2560x1600 hud=2560x1600
[2026-08-17T12:04:24Z INFO  steel_front] size diag: window_inner=2560x1600 hud=2560x1600
[2026-08-17T12:04:24Z INFO  steel_front] size diag: window_inner=2560x1600 hud=2560x1600
[2026-08-17T12:04:24Z INFO  steel_front] size diag: window_inner=2560x1600 hud=2560x1600
[2026-08-17T12:04:24Z INFO  steel_front] size diag: window_inner=2560x1600 hud=2560x1600
[2026-08-17T12:04:24Z INFO  steel_front] size diag: window_inner=2560x1600 hud=2560x1600
[2026-08-17T12:04:24Z INFO  steel_front] size diag: window_inner=2560x1600 hud=2560x1600
[2026-08-17T12:04:24Z INFO  steel_front::engine::renderer] visible=65536/65536 near=65536 far=0 fps=372.5 frame_us=2039 cull_us=0 terrain_us=0 wait_fence_us=2297 acquire_us=1 record_us=35 submit_us=51 present_us=214 terrain_lod=high blend=0.000 quality=中画质 marker=62 npc=42
[2026-08-17T12:04:24Z INFO  steel_front::engine::game] game: wave=1 enemies=6 enemy_hp=100 hp=0/100 score=0 phys_us=2 ai_us=0 audio_us=28 net_us=0
[2026-08-17T12:04:25Z INFO  steel_front] cam: yaw=0.0 pitch=0.0 dist=3.4 mode=FirstPerson cycle_us=3002 update_us=31 render_us=2971
[2026-08-17T12:04:25Z INFO  steel_front::engine::renderer] visible=65536/65536 near=65536 far=0 fps=376.3 frame_us=2394 cull_us=0 terrain_us=0 wait_fence_us=1956 acquire_us=1 record_us=48 submit_us=58 present_us=211 terrain_lod=high blend=0.000 quality=中画质 marker=36 npc=42
[2026-08-17T12:04:25Z INFO  steel_front::engine::game] game: wave=1 enemies=6 enemy_hp=100 hp=0/100 score=0 phys_us=1 ai_us=0 audio_us=18 net_us=0
[2026-08-17T12:04:26Z INFO  steel_front] cam: yaw=0.0 pitch=0.0 dist=3.4 mode=FirstPerson cycle_us=3089 update_us=35 render_us=3054
[2026-08-17T12:04:26Z INFO  steel_front::engine::renderer] visible=65536/65536 near=65536 far=0 fps=374.5 frame_us=2462 cull_us=0 terrain_us=0 wait_fence_us=2669 acquire_us=1 record_us=69 submit_us=58 present_us=234 terrain_lod=high blend=0.000 quality=中画质 marker=61 npc=42
[2026-08-17T12:04:26Z INFO  steel_front::engine::game] game: wave=1 enemies=6 enemy_hp=100 hp=0/100 score=0 phys_us=2 ai_us=0 audio_us=24 net_us=0
[2026-08-17T12:04:27Z INFO  steel_front] cam: yaw=0.0 pitch=0.0 dist=3.4 mode=FirstPerson cycle_us=2791 update_us=18 render_us=2773
[2026-08-17T12:04:27Z INFO  steel_front::engine::renderer] visible=65536/65536 near=65536 far=0 fps=375.2 frame_us=1740 cull_us=0 terrain_us=0 wait_fence_us=2090 acquire_us=0 record_us=40 submit_us=39 present_us=287 terrain_lod=high blend=0.000 quality=中画质 marker=36 npc=42
[2026-08-17T12:04:27Z INFO  steel_front::engine::game] game: wave=1 enemies=6 enemy_hp=100 hp=0/100 score=0 phys_us=2 ai_us=0 audio_us=14 net_us=0
[2026-08-17T12:04:28Z INFO  steel_front] cam: yaw=0.0 pitch=0.0 dist=3.4 mode=FirstPerson cycle_us=2529 update_us=44 render_us=2485
[2026-08-17T12:04:28Z INFO  steel_front::engine::renderer] visible=65536/65536 near=65536 far=0 fps=373.9 frame_us=2746 cull_us=0 terrain_us=0 wait_fence_us=2247 acquire_us=1 record_us=38 submit_us=31 present_us=291 terrain_lod=high blend=0.000 quality=中画质 marker=61 npc=42
[2026-08-17T12:04:28Z INFO  steel_front::engine::game] game: wave=1 enemies=6 enemy_hp=100 hp=0/100 score=0 phys_us=3 ai_us=0 audio_us=33 net_us=0
[2026-08-17T12:04:29Z INFO  steel_front] cam: yaw=0.0 pitch=0.0 dist=3.4 mode=FirstPerson cycle_us=2613 update_us=35 render_us=2578
[2026-08-17T12:04:29Z INFO  steel_front] size diag: window_inner=2560x1600 hud=2560x1600
[2026-08-17T12:04:29Z INFO  steel_front] size diag: window_inner=2560x1600 hud=2560x1600
[2026-08-17T12:04:29Z INFO  steel_front] size diag: window_inner=2560x1600 hud=2560x1600
[2026-08-17T12:04:29Z INFO  steel_front] size diag: window_inner=2560x1600 hud=2560x1600
[2026-08-17T12:04:29Z INFO  steel_front] size diag: window_inner=2560x1600 hud=2560x1600
[2026-08-17T12:04:29Z INFO  steel_front] size diag: window_inner=2560x1600 hud=2560x1600
[2026-08-17T12:04:29Z INFO  steel_front] size diag: window_inner=2560x1600 hud=2560x1600
[2026-08-17T12:04:29Z INFO  steel_front] size diag: window_inner=2560x1600 hud=2560x1600
[2026-08-17T12:04:29Z INFO  steel_front] size diag: window_inner=2560x1600 hud=2560x1600
[2026-08-17T12:04:29Z INFO  steel_front] size diag: window_inner=2560x1600 hud=2560x1600
[2026-08-17T12:04:29Z INFO  steel_front] size diag: window_inner=2560x1600 hud=2560x1600
[2026-08-17T12:04:29Z INFO  steel_front] size diag: window_inner=2560x1600 hud=2560x1600
[2026-08-17T12:04:29Z INFO  steel_front] size diag: window_inner=2560x1600 hud=2560x1600
[2026-08-17T12:04:29Z INFO  steel_front] size diag: window_inner=2560x1600 hud=2560x1600
[2026-08-17T12:04:29Z INFO  steel_front] size diag: window_inner=2560x1600 hud=2560x1600
[2026-08-17T12:04:29Z INFO  steel_front] size diag: window_inner=2560x1600 hud=2560x1600
[2026-08-17T12:04:29Z INFO  steel_front] size diag: window_inner=2560x1600 hud=2560x1600
[2026-08-17T12:04:29Z INFO  steel_front] size diag: window_inner=2560x1600 hud=2560x1600
[2026-08-17T12:04:29Z INFO  steel_front::engine::renderer] visible=65536/65536 near=65536 far=0 fps=374.6 frame_us=2403 cull_us=0 terrain_us=0 wait_fence_us=2116 acquire_us=1 record_us=22 submit_us=22 present_us=155 terrain_lod=high blend=0.000 quality=中画质 marker=36 npc=42
[2026-08-17T12:04:29Z INFO  steel_front::engine::game] game: wave=1 enemies=6 enemy_hp=100 hp=0/100 score=0 phys_us=3 ai_us=0 audio_us=25 net_us=0
[2026-08-17T12:04:30Z INFO  steel_front] cam: yaw=0.0 pitch=0.0 dist=3.4 mode=FirstPerson cycle_us=2418 update_us=30 render_us=2387
[2026-08-17T12:04:30Z INFO  steel_front::engine::renderer] visible=65536/65536 near=65536 far=0 fps=374.5 frame_us=2220 cull_us=2 terrain_us=0 wait_fence_us=1978 acquire_us=3 record_us=45 submit_us=34 present_us=209 terrain_lod=high blend=0.000 quality=中画质 marker=62 npc=42
[2026-08-17T12:04:30Z INFO  steel_front::engine::game] game: wave=1 enemies=6 enemy_hp=100 hp=0/100 score=0 phys_us=2 ai_us=0 audio_us=24 net_us=0
[2026-08-17T12:04:31Z INFO  steel_front] cam: yaw=0.0 pitch=0.0 dist=3.4 mode=FirstPerson cycle_us=2998 update_us=16 render_us=2981
[2026-08-17T12:04:31Z INFO  steel_front::engine::renderer] visible=65536/65536 near=65536 far=0 fps=376.0 frame_us=1842 cull_us=0 terrain_us=0 wait_fence_us=2216 acquire_us=0 record_us=21 submit_us=40 present_us=227 terrain_lod=high blend=0.000 quality=中画质 marker=36 npc=42
[2026-08-17T12:04:31Z INFO  steel_front::engine::game] game: wave=1 enemies=6 enemy_hp=100 hp=0/100 score=0 phys_us=2 ai_us=0 audio_us=24 net_us=0
[2026-08-17T12:04:32Z INFO  steel_front] cam: yaw=0.0 pitch=0.0 dist=3.4 mode=FirstPerson cycle_us=2451 update_us=32 render_us=2418
[2026-08-17T12:04:32Z INFO  steel_front::engine::renderer] visible=65536/65536 near=65536 far=0 fps=377.0 frame_us=2629 cull_us=0 terrain_us=0 wait_fence_us=2223 acquire_us=0 record_us=71 submit_us=58 present_us=267 terrain_lod=high blend=0.000 quality=中画质 marker=62 npc=42
[2026-08-17T12:04:32Z INFO  steel_front::engine::game] game: wave=1 enemies=6 enemy_hp=100 hp=0/100 score=0 phys_us=2 ai_us=0 audio_us=31 net_us=0
[2026-08-17T12:04:33Z INFO  steel_front] cam: yaw=0.0 pitch=0.0 dist=3.4 mode=FirstPerson cycle_us=2722 update_us=34 render_us=2687
[2026-08-17T12:04:33Z INFO  steel_front::engine::renderer] visible=65536/65536 near=65536 far=0 fps=374.2 frame_us=2718 cull_us=0 terrain_us=0 wait_fence_us=2102 acquire_us=1 record_us=45 submit_us=37 present_us=156 terrain_lod=high blend=0.000 quality=中画质 marker=36 npc=42
[2026-08-17T12:04:33Z INFO  steel_front::engine::game] game: wave=1 enemies=6 enemy_hp=100 hp=0/100 score=0 phys_us=1 ai_us=0 audio_us=28 net_us=0
[2026-08-17T12:04:34Z INFO  steel_front] cam: yaw=0.0 pitch=0.0 dist=3.4 mode=FirstPerson cycle_us=2826 update_us=29 render_us=2796
[2026-08-17T12:04:34Z INFO  steel_front] size diag: window_inner=2560x1600 hud=2560x1600
[2026-08-17T12:04:34Z INFO  steel_front] size diag: window_inner=2560x1600 hud=2560x1600
[2026-08-17T12:04:34Z INFO  steel_front] size diag: window_inner=2560x1600 hud=2560x1600
[2026-08-17T12:04:34Z INFO  steel_front] size diag: window_inner=2560x1600 hud=2560x1600
[2026-08-17T12:04:34Z INFO  steel_front] size diag: window_inner=2560x1600 hud=2560x1600
[2026-08-17T12:04:34Z INFO  steel_front] size diag: window_inner=2560x1600 hud=2560x1600
[2026-08-17T12:04:34Z INFO  steel_front] size diag: window_inner=2560x1600 hud=2560x1600
[2026-08-17T12:04:34Z INFO  steel_front] size diag: window_inner=2560x1600 hud=2560x1600
[2026-08-17T12:04:34Z INFO  steel_front] size diag: window_inner=2560x1600 hud=2560x1600
[2026-08-17T12:04:34Z INFO  steel_front] size diag: window_inner=2560x1600 hud=2560x1600
[2026-08-17T12:04:34Z INFO  steel_front] size diag: window_inner=2560x1600 hud=2560x1600
[2026-08-17T12:04:34Z INFO  steel_front] size diag: window_inner=2560x1600 hud=2560x1600
[2026-08-17T12:04:34Z INFO  steel_front] size diag: window_inner=2560x1600 hud=2560x1600
[2026-08-17T12:04:34Z INFO  steel_front] size diag: window_inner=2560x1600 hud=2560x1600
[2026-08-17T12:04:34Z INFO  steel_front] size diag: window_inner=2560x1600 hud=2560x1600
[2026-08-17T12:04:34Z INFO  steel_front] size diag: window_inner=2560x1600 hud=2560x1600
[2026-08-17T12:04:34Z INFO  steel_front] size diag: window_inner=2560x1600 hud=2560x1600
[2026-08-17T12:04:34Z INFO  steel_front] size diag: window_inner=2560x1600 hud=2560x1600
[2026-08-17T12:04:34Z INFO  steel_front] size diag: window_inner=2560x1600 hud=2560x1600
[2026-08-17T12:04:34Z INFO  steel_front::engine::renderer] visible=65536/65536 near=65536 far=0 fps=375.3 frame_us=2322 cull_us=0 terrain_us=0 wait_fence_us=1831 acquire_us=1 record_us=40 submit_us=50 present_us=243 terrain_lod=high blend=0.000 quality=中画质 marker=62 npc=42
[2026-08-17T12:04:34Z INFO  steel_front::engine::game] game: wave=1 enemies=6 enemy_hp=100 hp=0/100 score=0 phys_us=5 ai_us=0 audio_us=16 net_us=0
[2026-08-17T12:04:35Z INFO  steel_front] cam: yaw=0.0 pitch=0.0 dist=3.4 mode=FirstPerson cycle_us=2245 update_us=34 render_us=2211
[2026-08-17T12:04:35Z INFO  steel_front::engine::renderer] visible=65536/65536 near=65536 far=0 fps=374.5 frame_us=2234 cull_us=0 terrain_us=0 wait_fence_us=2310 acquire_us=1 record_us=36 submit_us=31 present_us=287 terrain_lod=high blend=0.000 quality=中画质 marker=36 npc=42
[2026-08-17T12:04:35Z INFO  steel_front::engine::game] game: wave=1 enemies=6 enemy_hp=100 hp=0/100 score=0 phys_us=2 ai_us=0 audio_us=15 net_us=0
[2026-08-17T12:04:36Z INFO  steel_front] cam: yaw=0.0 pitch=0.0 dist=3.4 mode=FirstPerson cycle_us=2973 update_us=20 render_us=2952
[2026-08-17T12:04:36Z INFO  steel_front::engine::renderer] visible=65536/65536 near=65536 far=0 fps=377.2 frame_us=2812 cull_us=0 terrain_us=0 wait_fence_us=2138 acquire_us=1 record_us=22 submit_us=44 present_us=134 terrain_lod=high blend=0.000 quality=中画质 marker=62 npc=42
[2026-08-17T12:04:36Z INFO  steel_front::engine::game] game: wave=1 enemies=6 enemy_hp=100 hp=0/100 score=0 phys_us=2 ai_us=0 audio_us=13 net_us=0
[2026-08-17T12:04:37Z INFO  steel_front] cam: yaw=0.0 pitch=0.0 dist=3.4 mode=FirstPerson cycle_us=2466 update_us=21 render_us=2445
[2026-08-17T12:04:37Z INFO  steel_front::engine::renderer] visible=65536/65536 near=65536 far=0 fps=374.2 frame_us=2684 cull_us=1 terrain_us=0 wait_fence_us=2132 acquire_us=1 record_us=51 submit_us=47 present_us=348 terrain_lod=high blend=0.000 quality=中画质 marker=36 npc=42
[2026-08-17T12:04:37Z INFO  steel_front::engine::game] game: wave=1 enemies=6 enemy_hp=100 hp=0/100 score=0 phys_us=3 ai_us=0 audio_us=35 net_us=1
[2026-08-17T12:04:38Z INFO  steel_front] cam: yaw=0.0 pitch=0.0 dist=3.4 mode=FirstPerson cycle_us=2801 update_us=30 render_us=2770
[2026-08-17T12:04:38Z INFO  steel_front::engine::renderer] visible=65536/65536 near=65536 far=0 fps=375.4 frame_us=2519 cull_us=1 terrain_us=0 wait_fence_us=2042 acquire_us=1 record_us=44 submit_us=42 present_us=198 terrain_lod=high blend=0.000 quality=中画质 marker=62 npc=42
[2026-08-17T12:04:38Z INFO  steel_front::engine::game] game: wave=1 enemies=6 enemy_hp=100 hp=0/100 score=0 phys_us=2 ai_us=0 audio_us=26 net_us=0
[2026-08-17T12:04:39Z INFO  steel_front] cam: yaw=0.0 pitch=0.0 dist=3.4 mode=FirstPerson cycle_us=2543 update_us=34 render_us=2509
[2026-08-17T12:04:39Z INFO  steel_front] size diag: window_inner=2560x1600 hud=2560x1600
[2026-08-17T12:04:39Z INFO  steel_front] size diag: window_inner=2560x1600 hud=2560x1600
[2026-08-17T12:04:39Z INFO  steel_front] size diag: window_inner=2560x1600 hud=2560x1600
[2026-08-17T12:04:39Z INFO  steel_front] size diag: window_inner=2560x1600 hud=2560x1600
[2026-08-17T12:04:39Z INFO  steel_front] size diag: window_inner=2560x1600 hud=2560x1600
[2026-08-17T12:04:39Z INFO  steel_front] size diag: window_inner=2560x1600 hud=2560x1600
[2026-08-17T12:04:39Z INFO  steel_front] size diag: window_inner=2560x1600 hud=2560x1600
[2026-08-17T12:04:39Z INFO  steel_front] size diag: window_inner=2560x1600 hud=2560x1600
[2026-08-17T12:04:39Z INFO  steel_front] size diag: window_inner=2560x1600 hud=2560x1600
[2026-08-17T12:04:39Z INFO  steel_front] size diag: window_inner=2560x1600 hud=2560x1600
[2026-08-17T12:04:39Z INFO  steel_front] size diag: window_inner=2560x1600 hud=2560x1600
[2026-08-17T12:04:39Z INFO  steel_front] size diag: window_inner=2560x1600 hud=2560x1600
[2026-08-17T12:04:39Z INFO  steel_front] size diag: window_inner=2560x1600 hud=2560x1600
[2026-08-17T12:04:39Z INFO  steel_front] size diag: window_inner=2560x1600 hud=2560x1600
[2026-08-17T12:04:39Z INFO  steel_front] size diag: window_inner=2560x1600 hud=2560x1600
[2026-08-17T12:04:39Z INFO  steel_front] size diag: window_inner=2560x1600 hud=2560x1600
[2026-08-17T12:04:39Z INFO  steel_front] size diag: window_inner=2560x1600 hud=2560x1600
[2026-08-17T12:04:39Z INFO  steel_front] size diag: window_inner=2560x1600 hud=2560x1600
[2026-08-17T12:04:39Z INFO  steel_front] size diag: window_inner=2560x1600 hud=2560x1600
[2026-08-17T12:04:39Z INFO  steel_front::engine::renderer] visible=65536/65536 near=65536 far=0 fps=384.1 frame_us=2245 cull_us=0 terrain_us=0 wait_fence_us=2166 acquire_us=1 record_us=60 submit_us=50 present_us=224 terrain_lod=high blend=0.000 quality=中画质 marker=36 npc=42
[2026-08-17T12:04:39Z INFO  steel_front::engine::game] game: wave=1 enemies=6 enemy_hp=100 hp=0/100 score=0 phys_us=2 ai_us=0 audio_us=10 net_us=0
[2026-08-17T12:04:40Z INFO  steel_front] cam: yaw=0.0 pitch=0.0 dist=3.4 mode=FirstPerson cycle_us=2441 update_us=19 render_us=2422
[2026-08-17T12:04:40Z INFO  steel_front::engine::renderer] visible=65536/65536 near=65536 far=0 fps=382.2 frame_us=2742 cull_us=0 terrain_us=0 wait_fence_us=1918 acquire_us=0 record_us=51 submit_us=53 present_us=205 terrain_lod=high blend=0.000 quality=中画质 marker=62 npc=42
[2026-08-17T12:04:40Z INFO  steel_front::engine::game] game: wave=1 enemies=6 enemy_hp=100 hp=0/100 score=0 phys_us=2 ai_us=0 audio_us=18 net_us=0
[2026-08-17T12:04:41Z INFO  steel_front] cam: yaw=0.0 pitch=0.0 dist=3.4 mode=FirstPerson cycle_us=2320 update_us=38 render_us=2281
[2026-08-17T12:04:41Z INFO  steel_front::engine::renderer] visible=65536/65536 near=65536 far=0 fps=371.5 frame_us=2463 cull_us=0 terrain_us=0 wait_fence_us=2136 acquire_us=1 record_us=26 submit_us=31 present_us=152 terrain_lod=high blend=0.000 quality=中画质 marker=36 npc=42
[2026-08-17T12:04:41Z INFO  steel_front::engine::game] game: wave=1 enemies=6 enemy_hp=100 hp=0/100 score=0 phys_us=1 ai_us=0 audio_us=33 net_us=0
[2026-08-17T12:04:42Z INFO  steel_front] cam: yaw=0.0 pitch=0.0 dist=3.4 mode=FirstPerson cycle_us=2755 update_us=32 render_us=2722
[2026-08-17T12:04:42Z INFO  steel_front::engine::renderer] visible=65536/65536 near=65536 far=0 fps=382.9 frame_us=2200 cull_us=0 terrain_us=0 wait_fence_us=2158 acquire_us=0 record_us=19 submit_us=25 present_us=112 terrain_lod=high blend=0.000 quality=中画质 marker=63 npc=42
[2026-08-17T12:04:42Z INFO  steel_front::engine::game] game: wave=1 enemies=6 enemy_hp=100 hp=0/100 score=0 phys_us=2 ai_us=0 audio_us=15 net_us=0
[2026-08-17T12:04:43Z INFO  steel_front] cam: yaw=0.0 pitch=0.0 dist=3.4 mode=FirstPerson cycle_us=2732 update_us=17 render_us=2714
[2026-08-17T12:04:43Z INFO  steel_front::engine::renderer] visible=65536/65536 near=65536 far=0 fps=379.1 frame_us=2100 cull_us=0 terrain_us=0 wait_fence_us=2426 acquire_us=1 record_us=23 submit_us=23 present_us=131 terrain_lod=high blend=0.000 quality=中画质 marker=36 npc=42
[2026-08-17T12:04:43Z INFO  steel_front::engine::game] game: wave=1 enemies=6 enemy_hp=100 hp=0/100 score=0 phys_us=1 ai_us=0 audio_us=13 net_us=0
[2026-08-17T12:04:44Z INFO  steel_front] cam: yaw=0.0 pitch=0.0 dist=3.4 mode=FirstPerson cycle_us=3416 update_us=28 render_us=3388
[2026-08-17T12:04:44Z INFO  steel_front] size diag: window_inner=2560x1600 hud=2560x1600
[2026-08-17T12:04:44Z INFO  steel_front] size diag: window_inner=2560x1600 hud=2560x1600
[2026-08-17T12:04:44Z INFO  steel_front] size diag: window_inner=2560x1600 hud=2560x1600
[2026-08-17T12:04:44Z INFO  steel_front] size diag: window_inner=2560x1600 hud=2560x1600
[2026-08-17T12:04:44Z INFO  steel_front] size diag: window_inner=2560x1600 hud=2560x1600
[2026-08-17T12:04:44Z INFO  steel_front] size diag: window_inner=2560x1600 hud=2560x1600
[2026-08-17T12:04:44Z INFO  steel_front] size diag: window_inner=2560x1600 hud=2560x1600
[2026-08-17T12:04:44Z INFO  steel_front] size diag: window_inner=2560x1600 hud=2560x1600
[2026-08-17T12:04:44Z INFO  steel_front] size diag: window_inner=2560x1600 hud=2560x1600
[2026-08-17T12:04:44Z INFO  steel_front] size diag: window_inner=2560x1600 hud=2560x1600
[2026-08-17T12:04:44Z INFO  steel_front] size diag: window_inner=2560x1600 hud=2560x1600
[2026-08-17T12:04:44Z INFO  steel_front] size diag: window_inner=2560x1600 hud=2560x1600
[2026-08-17T12:04:44Z INFO  steel_front] size diag: window_inner=2560x1600 hud=2560x1600
[2026-08-17T12:04:44Z INFO  steel_front::engine::renderer] visible=65536/65536 near=65536 far=0 fps=353.8 frame_us=2526 cull_us=0 terrain_us=0 wait_fence_us=1866 acquire_us=1 record_us=73 submit_us=38 present_us=246 terrain_lod=high blend=0.000 quality=中画质 marker=62 npc=42
[2026-08-17T12:04:44Z INFO  steel_front::engine::game] game: wave=1 enemies=6 enemy_hp=100 hp=0/100 score=0 phys_us=5 ai_us=0 audio_us=27 net_us=0
[2026-08-17T12:04:45Z INFO  steel_front] cam: yaw=0.0 pitch=0.0 dist=3.4 mode=FirstPerson cycle_us=2459 update_us=31 render_us=2428
[2026-08-17T12:04:45Z INFO  steel_front::engine::renderer] visible=65536/65536 near=65536 far=0 fps=372.4 frame_us=2665 cull_us=0 terrain_us=0 wait_fence_us=2093 acquire_us=0 record_us=23 submit_us=64 present_us=155 terrain_lod=high blend=0.000 quality=中画质 marker=36 npc=42
[2026-08-17T12:04:45Z INFO  steel_front::engine::game] game: wave=1 enemies=6 enemy_hp=100 hp=0/100 score=0 phys_us=1 ai_us=0 audio_us=15 net_us=0
[2026-08-17T12:04:46Z INFO  steel_front] cam: yaw=0.0 pitch=0.0 dist=3.4 mode=FirstPerson cycle_us=2603 update_us=19 render_us=2584
[2026-08-17T12:04:46Z INFO  steel_front::engine::renderer] visible=65536/65536 near=65536 far=0 fps=374.6 frame_us=2404 cull_us=1 terrain_us=0 wait_fence_us=2213 acquire_us=1 record_us=37 submit_us=42 present_us=296 terrain_lod=high blend=0.000 quality=中画质 marker=62 npc=42
[2026-08-17T12:04:46Z INFO  steel_front::engine::game] game: wave=1 enemies=6 enemy_hp=100 hp=0/100 score=0 phys_us=3 ai_us=0 audio_us=15 net_us=0
[2026-08-17T12:04:47Z INFO  steel_front] cam: yaw=0.0 pitch=0.0 dist=3.4 mode=FirstPerson cycle_us=2885 update_us=22 render_us=2862
[2026-08-17T12:04:47Z INFO  steel_front::engine::renderer] visible=65536/65536 near=65536 far=0 fps=382.7 frame_us=2701 cull_us=0 terrain_us=0 wait_fence_us=1942 acquire_us=1 record_us=52 submit_us=86 present_us=229 terrain_lod=high blend=0.000 quality=中画质 marker=36 npc=42
[2026-08-17T12:04:47Z INFO  steel_front::engine::game] game: wave=1 enemies=6 enemy_hp=100 hp=0/100 score=0 phys_us=2 ai_us=0 audio_us=27 net_us=0
[2026-08-17T12:04:48Z INFO  steel_front] cam: yaw=0.0 pitch=0.0 dist=3.4 mode=FirstPerson cycle_us=2407 update_us=20 render_us=2386
[2026-08-17T12:04:48Z INFO  steel_front::engine::renderer] visible=65536/65536 near=65536 far=0 fps=382.7 frame_us=2557 cull_us=0 terrain_us=0 wait_fence_us=1902 acquire_us=1 record_us=33 submit_us=80 present_us=215 terrain_lod=high blend=0.000 quality=中画质 marker=62 npc=42
[2026-08-17T12:04:48Z INFO  steel_front::engine::game] game: wave=1 enemies=6 enemy_hp=100 hp=0/100 score=0 phys_us=1 ai_us=0 audio_us=28 net_us=0
[2026-08-17T12:04:49Z INFO  steel_front] cam: yaw=0.0 pitch=0.0 dist=3.4 mode=FirstPerson cycle_us=2744 update_us=21 render_us=2723
[2026-08-17T12:04:49Z INFO  steel_front] size diag: window_inner=2560x1600 hud=2560x1600
[2026-08-17T12:04:49Z INFO  steel_front] size diag: window_inner=2560x1600 hud=2560x1600
[2026-08-17T12:04:49Z INFO  steel_front] size diag: window_inner=2560x1600 hud=2560x1600
[2026-08-17T12:04:49Z INFO  steel_front] size diag: window_inner=2560x1600 hud=2560x1600
[2026-08-17T12:04:49Z INFO  steel_front] size diag: window_inner=2560x1600 hud=2560x1600
[2026-08-17T12:04:49Z INFO  steel_front] size diag: window_inner=2560x1600 hud=2560x1600
[2026-08-17T12:04:49Z INFO  steel_front] size diag: window_inner=2560x1600 hud=2560x1600
[2026-08-17T12:04:49Z INFO  steel_front] size diag: window_inner=2560x1600 hud=2560x1600
[2026-08-17T12:04:49Z INFO  steel_front] size diag: window_inner=2560x1600 hud=2560x1600
[2026-08-17T12:04:49Z INFO  steel_front] size diag: window_inner=2560x1600 hud=2560x1600
[2026-08-17T12:04:49Z INFO  steel_front] size diag: window_inner=2560x1600 hud=2560x1600
[2026-08-17T12:04:49Z INFO  steel_front] size diag: window_inner=2560x1600 hud=2560x1600
[2026-08-17T12:04:49Z INFO  steel_front] size diag: window_inner=2560x1600 hud=2560x1600
[2026-08-17T12:04:49Z INFO  steel_front] size diag: window_inner=2560x1600 hud=2560x1600
[2026-08-17T12:04:49Z INFO  steel_front] size diag: window_inner=2560x1600 hud=2560x1600
[2026-08-17T12:04:49Z INFO  steel_front] size diag: window_inner=2560x1600 hud=2560x1600
[2026-08-17T12:04:49Z INFO  steel_front::engine::renderer] visible=65536/65536 near=65536 far=0 fps=364.6 frame_us=2191 cull_us=0 terrain_us=0 wait_fence_us=2328 acquire_us=1 record_us=36 submit_us=78 present_us=153 terrain_lod=high blend=0.000 quality=中画质 marker=36 npc=42
[2026-08-17T12:04:49Z INFO  steel_front::engine::game] game: wave=1 enemies=6 enemy_hp=100 hp=0/100 score=0 phys_us=2 ai_us=0 audio_us=16 net_us=0
[2026-08-17T12:04:50Z INFO  steel_front] cam: yaw=0.0 pitch=0.0 dist=3.4 mode=FirstPerson cycle_us=2720 update_us=33 render_us=2687
[2026-08-17T12:04:50Z INFO  steel_front::engine::renderer] visible=65536/65536 near=65536 far=0 fps=381.8 frame_us=2284 cull_us=0 terrain_us=0 wait_fence_us=2190 acquire_us=1 record_us=51 submit_us=49 present_us=265 terrain_lod=high blend=0.000 quality=中画质 marker=62 npc=42
[2026-08-17T12:04:50Z INFO  steel_front::engine::game] game: wave=1 enemies=6 enemy_hp=100 hp=0/100 score=0 phys_us=1 ai_us=0 audio_us=23 net_us=0
[2026-08-17T12:04:51Z INFO  steel_front] cam: yaw=0.0 pitch=0.0 dist=3.4 mode=FirstPerson cycle_us=2509 update_us=20 render_us=2488
[2026-08-17T12:04:51Z INFO  steel_front::engine::renderer] visible=65536/65536 near=65536 far=0 fps=380.9 frame_us=2492 cull_us=0 terrain_us=0 wait_fence_us=2173 acquire_us=1 record_us=54 submit_us=71 present_us=226 terrain_lod=high blend=0.000 quality=中画质 marker=36 npc=42
[2026-08-17T12:04:51Z INFO  steel_front::engine::game] game: wave=1 enemies=6 enemy_hp=100 hp=0/100 score=0 phys_us=1 ai_us=0 audio_us=25 net_us=0
[2026-08-17T12:04:52Z INFO  steel_front] cam: yaw=0.0 pitch=0.0 dist=3.4 mode=FirstPerson cycle_us=2367 update_us=34 render_us=2333
[2026-08-17T12:04:52Z INFO  steel_front::engine::renderer] visible=65536/65536 near=65536 far=0 fps=353.3 frame_us=2608 cull_us=0 terrain_us=0 wait_fence_us=2297 acquire_us=1 record_us=62 submit_us=67 present_us=278 terrain_lod=high blend=0.000 quality=中画质 marker=61 npc=42
[2026-08-17T12:04:52Z INFO  steel_front::engine::game] game: wave=1 enemies=6 enemy_hp=100 hp=0/100 score=0 phys_us=5 ai_us=0 audio_us=31 net_us=0
[2026-08-17T12:04:53Z INFO  steel_front] cam: yaw=0.0 pitch=0.0 dist=3.4 mode=FirstPerson cycle_us=2569 update_us=37 render_us=2531
[2026-08-17T12:04:53Z INFO  steel_front::engine::renderer] visible=65536/65536 near=65536 far=0 fps=369.8 frame_us=2399 cull_us=0 terrain_us=0 wait_fence_us=1907 acquire_us=0 record_us=50 submit_us=43 present_us=205 terrain_lod=high blend=0.000 quality=中画质 marker=36 npc=42
[2026-08-17T12:04:53Z INFO  steel_front::engine::game] game: wave=1 enemies=6 enemy_hp=100 hp=0/100 score=0 phys_us=1 ai_us=0 audio_us=25 net_us=0
[2026-08-17T12:04:54Z INFO  steel_front] cam: yaw=0.0 pitch=0.0 dist=3.4 mode=FirstPerson cycle_us=3037 update_us=16 render_us=3020
[2026-08-17T12:04:54Z INFO  steel_front] size diag: window_inner=2560x1600 hud=2560x1600
[2026-08-17T12:04:54Z INFO  steel_front] size diag: window_inner=2560x1600 hud=2560x1600
[2026-08-17T12:04:54Z INFO  steel_front] size diag: window_inner=2560x1600 hud=2560x1600
[2026-08-17T12:04:54Z INFO  steel_front] size diag: window_inner=2560x1600 hud=2560x1600
[2026-08-17T12:04:54Z INFO  steel_front] size diag: window_inner=2560x1600 hud=2560x1600
[2026-08-17T12:04:54Z INFO  steel_front] size diag: window_inner=2560x1600 hud=2560x1600
[2026-08-17T12:04:54Z INFO  steel_front] size diag: window_inner=2560x1600 hud=2560x1600
[2026-08-17T12:04:54Z INFO  steel_front] size diag: window_inner=2560x1600 hud=2560x1600
[2026-08-17T12:04:54Z INFO  steel_front] size diag: window_inner=2560x1600 hud=2560x1600
[2026-08-17T12:04:54Z INFO  steel_front] size diag: window_inner=2560x1600 hud=2560x1600
[2026-08-17T12:04:54Z INFO  steel_front] size diag: window_inner=2560x1600 hud=2560x1600
[2026-08-17T12:04:54Z INFO  steel_front] size diag: window_inner=2560x1600 hud=2560x1600
[2026-08-17T12:04:54Z INFO  steel_front] size diag: window_inner=2560x1600 hud=2560x1600
[2026-08-17T12:04:54Z INFO  steel_front] size diag: window_inner=2560x1600 hud=2560x1600
[2026-08-17T12:04:54Z INFO  steel_front] size diag: window_inner=2560x1600 hud=2560x1600
[2026-08-17T12:04:54Z INFO  steel_front] size diag: window_inner=2560x1600 hud=2560x1600
[2026-08-17T12:04:54Z INFO  steel_front] size diag: window_inner=2560x1600 hud=2560x1600
[2026-08-17T12:04:54Z INFO  steel_front] size diag: window_inner=2560x1600 hud=2560x1600
[2026-08-17T12:04:54Z INFO  steel_front::engine::game] game: wave=1 enemies=6 enemy_hp=100 hp=0/100 score=0 phys_us=2 ai_us=0 audio_us=24 net_us=0
[2026-08-17T12:04:54Z INFO  steel_front::engine::renderer] visible=65536/65536 near=65536 far=0 fps=368.0 frame_us=2374 cull_us=0 terrain_us=0 wait_fence_us=1623 acquire_us=0 record_us=51 submit_us=61 present_us=336 terrain_lod=high blend=0.000 quality=中画质 marker=62 npc=42
[2026-08-17T12:04:55Z INFO  steel_front] cam: yaw=0.0 pitch=0.0 dist=3.4 mode=FirstPerson cycle_us=2245 update_us=48 render_us=2196
[2026-08-17T12:04:55Z INFO  steel_front::engine::game] game: wave=1 enemies=6 enemy_hp=100 hp=0/100 score=0 phys_us=2 ai_us=0 audio_us=27 net_us=0
[2026-08-17T12:04:55Z INFO  steel_front::engine::renderer] visible=65536/65536 near=65536 far=0 fps=374.9 frame_us=2700 cull_us=0 terrain_us=0 wait_fence_us=1580 acquire_us=1 record_us=66 submit_us=27 present_us=363 terrain_lod=high blend=0.000 quality=中画质 marker=37 npc=42
[2026-08-17T12:04:56Z INFO  steel_front] cam: yaw=0.0 pitch=0.0 dist=3.4 mode=FirstPerson cycle_us=2740 update_us=30 render_us=2709
[2026-08-17T12:04:56Z INFO  steel_front::engine::game] game: wave=1 enemies=6 enemy_hp=100 hp=0/100 score=0 phys_us=2 ai_us=0 audio_us=18 net_us=0
[2026-08-17T12:04:56Z INFO  steel_front::engine::renderer] visible=65536/65536 near=65536 far=0 fps=374.9 frame_us=2419 cull_us=0 terrain_us=0 wait_fence_us=1303 acquire_us=1 record_us=48 submit_us=31 present_us=236 terrain_lod=high blend=0.000 quality=中画质 marker=61 npc=42
[2026-08-17T12:04:57Z INFO  steel_front] cam: yaw=0.0 pitch=0.0 dist=3.4 mode=FirstPerson cycle_us=2279 update_us=38 render_us=2241
[2026-08-17T12:04:57Z INFO  steel_front::engine::game] game: wave=1 enemies=6 enemy_hp=100 hp=0/100 score=0 phys_us=1 ai_us=0 audio_us=28 net_us=0
[2026-08-17T12:04:57Z INFO  steel_front::engine::renderer] visible=65536/65536 near=65536 far=0 fps=377.8 frame_us=2249 cull_us=0 terrain_us=0 wait_fence_us=1909 acquire_us=1 record_us=46 submit_us=58 present_us=215 terrain_lod=high blend=0.000 quality=中画质 marker=38 npc=42
[2026-08-17T12:04:58Z INFO  steel_front] cam: yaw=0.0 pitch=0.0 dist=3.4 mode=FirstPerson cycle_us=2516 update_us=46 render_us=2469
[2026-08-17T12:04:58Z INFO  steel_front::engine::game] game: wave=1 enemies=6 enemy_hp=100 hp=0/100 score=0 phys_us=1 ai_us=0 audio_us=26 net_us=0
[2026-08-17T12:04:58Z INFO  steel_front::engine::renderer] visible=65536/65536 near=65536 far=0 fps=372.0 frame_us=2226 cull_us=0 terrain_us=0 wait_fence_us=2279 acquire_us=1 record_us=34 submit_us=87 present_us=163 terrain_lod=high blend=0.000 quality=中画质 marker=61 npc=42
[2026-08-17T12:04:59Z INFO  steel_front] cam: yaw=0.0 pitch=0.0 dist=3.4 mode=FirstPerson cycle_us=2753 update_us=34 render_us=2719
[2026-08-17T12:04:59Z INFO  steel_front] size diag: window_inner=2560x1600 hud=2560x1600
[2026-08-17T12:04:59Z INFO  steel_front] size diag: window_inner=2560x1600 hud=2560x1600
[2026-08-17T12:04:59Z INFO  steel_front] size diag: window_inner=2560x1600 hud=2560x1600
[2026-08-17T12:04:59Z INFO  steel_front] size diag: window_inner=2560x1600 hud=2560x1600
[2026-08-17T12:04:59Z INFO  steel_front] size diag: window_inner=2560x1600 hud=2560x1600
[2026-08-17T12:04:59Z INFO  steel_front] size diag: window_inner=2560x1600 hud=2560x1600
[2026-08-17T12:04:59Z INFO  steel_front] size diag: window_inner=2560x1600 hud=2560x1600
[2026-08-17T12:04:59Z INFO  steel_front] size diag: window_inner=2560x1600 hud=2560x1600
[2026-08-17T12:04:59Z INFO  steel_front] size diag: window_inner=2560x1600 hud=2560x1600
[2026-08-17T12:04:59Z INFO  steel_front] size diag: window_inner=2560x1600 hud=2560x1600
[2026-08-17T12:04:59Z INFO  steel_front] size diag: window_inner=2560x1600 hud=2560x1600
[2026-08-17T12:04:59Z INFO  steel_front] size diag: window_inner=2560x1600 hud=2560x1600
[2026-08-17T12:04:59Z INFO  steel_front] size diag: window_inner=2560x1600 hud=2560x1600
[2026-08-17T12:04:59Z INFO  steel_front] size diag: window_inner=2560x1600 hud=2560x1600
[2026-08-17T12:04:59Z INFO  steel_front] size diag: window_inner=2560x1600 hud=2560x1600
[2026-08-17T12:04:59Z INFO  steel_front] size diag: window_inner=2560x1600 hud=2560x1600
[2026-08-17T12:04:59Z INFO  steel_front] size diag: window_inner=2560x1600 hud=2560x1600
[2026-08-17T12:04:59Z INFO  steel_front] size diag: window_inner=2560x1600 hud=2560x1600
[2026-08-17T12:04:59Z INFO  steel_front] size diag: window_inner=2560x1600 hud=2560x1600
[2026-08-17T12:04:59Z INFO  steel_front::engine::game] game: wave=1 enemies=6 enemy_hp=100 hp=0/100 score=0 phys_us=1 ai_us=0 audio_us=18 net_us=0
[2026-08-17T12:04:59Z INFO  steel_front::engine::renderer] visible=65536/65536 near=65536 far=0 fps=375.1 frame_us=1737 cull_us=0 terrain_us=0 wait_fence_us=2161 acquire_us=0 record_us=53 submit_us=51 present_us=242 terrain_lod=high blend=0.000 quality=中画质 marker=40 npc=42
[2026-08-17T12:05:00Z INFO  steel_front] cam: yaw=0.0 pitch=0.0 dist=3.4 mode=FirstPerson cycle_us=2456 update_us=19 render_us=2437
[2026-08-17T12:05:00Z INFO  steel_front::engine::game] game: wave=1 enemies=6 enemy_hp=100 hp=0/100 score=0 phys_us=1 ai_us=0 audio_us=14 net_us=0
[2026-08-17T12:05:00Z INFO  steel_front::engine::renderer] visible=65536/65536 near=65536 far=0 fps=374.9 frame_us=1882 cull_us=0 terrain_us=0 wait_fence_us=2389 acquire_us=1 record_us=75 submit_us=26 present_us=134 terrain_lod=high blend=0.000 quality=中画质 marker=61 npc=42
[2026-08-17T12:05:01Z INFO  steel_front] cam: yaw=0.0 pitch=0.0 dist=3.4 mode=FirstPerson cycle_us=3051 update_us=20 render_us=3031
[2026-08-17T12:05:01Z INFO  steel_front::engine::game] game: wave=1 enemies=6 enemy_hp=100 hp=0/100 score=0 phys_us=1 ai_us=0 audio_us=16 net_us=0
[2026-08-17T12:05:01Z INFO  steel_front::engine::renderer] visible=65536/65536 near=65536 far=0 fps=363.2 frame_us=2318 cull_us=0 terrain_us=0 wait_fence_us=1805 acquire_us=1 record_us=51 submit_us=97 present_us=327 terrain_lod=high blend=0.000 quality=中画质 marker=41 npc=42
[2026-08-17T12:05:02Z INFO  steel_front] cam: yaw=0.0 pitch=0.0 dist=3.4 mode=FirstPerson cycle_us=3245 update_us=31 render_us=3214
[2026-08-17T12:05:02Z INFO  steel_front::engine::game] game: wave=1 enemies=6 enemy_hp=100 hp=0/100 score=0 phys_us=2 ai_us=0 audio_us=33 net_us=0
[2026-08-17T12:05:02Z INFO  steel_front::engine::renderer] visible=65536/65536 near=65536 far=0 fps=372.8 frame_us=2206 cull_us=0 terrain_us=0 wait_fence_us=2075 acquire_us=0 record_us=52 submit_us=64 present_us=238 terrain_lod=high blend=0.000 quality=中画质 marker=61 npc=42
[2026-08-17T12:05:03Z INFO  steel_front] cam: yaw=0.0 pitch=0.0 dist=3.4 mode=FirstPerson cycle_us=2549 update_us=19 render_us=2529
[2026-08-17T12:05:03Z INFO  steel_front::engine::game] game: wave=1 enemies=6 enemy_hp=100 hp=0/100 score=0 phys_us=2 ai_us=0 audio_us=19 net_us=0
[2026-08-17T12:05:03Z INFO  steel_front::engine::renderer] visible=65536/65536 near=65536 far=0 fps=363.7 frame_us=2316 cull_us=0 terrain_us=0 wait_fence_us=2062 acquire_us=1 record_us=63 submit_us=51 present_us=229 terrain_lod=high blend=0.000 quality=中画质 marker=41 npc=42
[2026-08-17T12:05:04Z INFO  steel_front] cam: yaw=0.0 pitch=0.0 dist=3.4 mode=FirstPerson cycle_us=2536 update_us=35 render_us=2500
[2026-08-17T12:05:04Z INFO  steel_front] size diag: window_inner=2560x1600 hud=2560x1600
[2026-08-17T12:05:04Z INFO  steel_front] size diag: window_inner=2560x1600 hud=2560x1600
[2026-08-17T12:05:04Z INFO  steel_front] size diag: window_inner=2560x1600 hud=2560x1600
[2026-08-17T12:05:04Z INFO  steel_front] size diag: window_inner=2560x1600 hud=2560x1600
[2026-08-17T12:05:04Z INFO  steel_front] size diag: window_inner=2560x1600 hud=2560x1600
[2026-08-17T12:05:04Z INFO  steel_front] size diag: window_inner=2560x1600 hud=2560x1600
[2026-08-17T12:05:04Z INFO  steel_front] size diag: window_inner=2560x1600 hud=2560x1600
[2026-08-17T12:05:04Z INFO  steel_front] size diag: window_inner=2560x1600 hud=2560x1600
[2026-08-17T12:05:04Z INFO  steel_front] size diag: window_inner=2560x1600 hud=2560x1600
[2026-08-17T12:05:04Z INFO  steel_front] size diag: window_inner=2560x1600 hud=2560x1600
[2026-08-17T12:05:04Z INFO  steel_front] size diag: window_inner=2560x1600 hud=2560x1600
[2026-08-17T12:05:04Z INFO  steel_front] size diag: window_inner=2560x1600 hud=2560x1600
[2026-08-17T12:05:04Z INFO  steel_front] size diag: window_inner=2560x1600 hud=2560x1600
[2026-08-17T12:05:04Z INFO  steel_front] size diag: window_inner=2560x1600 hud=2560x1600
[2026-08-17T12:05:04Z INFO  steel_front] size diag: window_inner=2560x1600 hud=2560x1600
[2026-08-17T12:05:04Z INFO  steel_front] size diag: window_inner=2560x1600 hud=2560x1600
[2026-08-17T12:05:04Z INFO  steel_front] size diag: window_inner=2560x1600 hud=2560x1600
[2026-08-17T12:05:04Z INFO  steel_front] size diag: window_inner=2560x1600 hud=2560x1600
[2026-08-17T12:05:04Z INFO  steel_front::engine::game] game: wave=1 enemies=6 enemy_hp=100 hp=0/100 score=0 phys_us=2 ai_us=0 audio_us=27 net_us=0
[2026-08-17T12:05:04Z INFO  steel_front::engine::renderer] visible=65536/65536 near=65536 far=0 fps=368.9 frame_us=1901 cull_us=0 terrain_us=0 wait_fence_us=1901 acquire_us=1 record_us=53 submit_us=53 present_us=237 terrain_lod=high blend=0.000 quality=中画质 marker=62 npc=42
[2026-08-17T12:05:05Z INFO  steel_front] cam: yaw=0.0 pitch=0.0 dist=3.4 mode=FirstPerson cycle_us=2652 update_us=17 render_us=2634
[2026-08-17T12:05:05Z INFO  steel_front::engine::game] game: wave=1 enemies=6 enemy_hp=100 hp=0/100 score=0 phys_us=4 ai_us=0 audio_us=15 net_us=0
[2026-08-17T12:05:05Z INFO  steel_front::engine::renderer] visible=65536/65536 near=65536 far=0 fps=372.2 frame_us=1679 cull_us=0 terrain_us=0 wait_fence_us=2177 acquire_us=1 record_us=53 submit_us=48 present_us=249 terrain_lod=high blend=0.000 quality=中画质 marker=43 npc=42
[2026-08-17T12:05:06Z INFO  steel_front] cam: yaw=0.0 pitch=0.0 dist=3.4 mode=FirstPerson cycle_us=2655 update_us=32 render_us=2623
[2026-08-17T12:05:06Z INFO  steel_front::engine::game] game: wave=1 enemies=6 enemy_hp=100 hp=0/100 score=0 phys_us=2 ai_us=0 audio_us=14 net_us=0
[2026-08-17T12:05:06Z INFO  steel_front::engine::renderer] visible=65536/65536 near=65536 far=0 fps=373.7 frame_us=1978 cull_us=0 terrain_us=0 wait_fence_us=2116 acquire_us=1 record_us=28 submit_us=31 present_us=172 terrain_lod=high blend=0.000 quality=中画质 marker=62 npc=42
[2026-08-17T12:05:07Z INFO  steel_front] cam: yaw=0.0 pitch=0.0 dist=3.4 mode=FirstPerson cycle_us=2640 update_us=31 render_us=2608
[2026-08-17T12:05:07Z INFO  steel_front::engine::game] game: wave=1 enemies=6 enemy_hp=100 hp=0/100 score=0 phys_us=3 ai_us=0 audio_us=15 net_us=0
[2026-08-17T12:05:07Z INFO  steel_front::engine::renderer] visible=65536/65536 near=65536 far=0 fps=373.0 frame_us=2928 cull_us=1 terrain_us=0 wait_fence_us=1542 acquire_us=1 record_us=47 submit_us=82 present_us=233 terrain_lod=high blend=0.000 quality=中画质 marker=43 npc=42
[2026-08-17T12:05:08Z INFO  steel_front] cam: yaw=0.0 pitch=0.0 dist=3.4 mode=FirstPerson cycle_us=2671 update_us=18 render_us=2652
[2026-08-17T12:05:08Z INFO  steel_front::engine::game] game: wave=1 enemies=6 enemy_hp=100 hp=0/100 score=0 phys_us=2 ai_us=0 audio_us=27 net_us=0
[2026-08-17T12:05:08Z INFO  steel_front::engine::renderer] visible=65536/65536 near=65536 far=0 fps=378.4 frame_us=2546 cull_us=0 terrain_us=0 wait_fence_us=1215 acquire_us=0 record_us=48 submit_us=59 present_us=219 terrain_lod=high blend=0.000 quality=中画质 marker=62 npc=42
[2026-08-17T12:05:09Z INFO  steel_front] cam: yaw=0.0 pitch=0.0 dist=3.4 mode=FirstPerson cycle_us=2315 update_us=34 render_us=2280
[2026-08-17T12:05:09Z INFO  steel_front] size diag: window_inner=2560x1600 hud=2560x1600
[2026-08-17T12:05:09Z INFO  steel_front] size diag: window_inner=2560x1600 hud=2560x1600
[2026-08-17T12:05:09Z INFO  steel_front] size diag: window_inner=2560x1600 hud=2560x1600
[2026-08-17T12:05:09Z INFO  steel_front] size diag: window_inner=2560x1600 hud=2560x1600
[2026-08-17T12:05:09Z INFO  steel_front] size diag: window_inner=2560x1600 hud=2560x1600
[2026-08-17T12:05:09Z INFO  steel_front] size diag: window_inner=2560x1600 hud=2560x1600
[2026-08-17T12:05:09Z INFO  steel_front] size diag: window_inner=2560x1600 hud=2560x1600
[2026-08-17T12:05:09Z INFO  steel_front] size diag: window_inner=2560x1600 hud=2560x1600
[2026-08-17T12:05:09Z INFO  steel_front] size diag: window_inner=2560x1600 hud=2560x1600
[2026-08-17T12:05:09Z INFO  steel_front] size diag: window_inner=2560x1600 hud=2560x1600
[2026-08-17T12:05:09Z INFO  steel_front] size diag: window_inner=2560x1600 hud=2560x1600
[2026-08-17T12:05:09Z INFO  steel_front] size diag: window_inner=2560x1600 hud=2560x1600
[2026-08-17T12:05:09Z INFO  steel_front] size diag: window_inner=2560x1600 hud=2560x1600
[2026-08-17T12:05:09Z INFO  steel_front] size diag: window_inner=2560x1600 hud=2560x1600
[2026-08-17T12:05:09Z INFO  steel_front] size diag: window_inner=2560x1600 hud=2560x1600
[2026-08-17T12:05:09Z INFO  steel_front] size diag: window_inner=2560x1600 hud=2560x1600
[2026-08-17T12:05:09Z INFO  steel_front] size diag: window_inner=2560x1600 hud=2560x1600
[2026-08-17T12:05:09Z INFO  steel_front] size diag: window_inner=2560x1600 hud=2560x1600
[2026-08-17T12:05:09Z INFO  steel_front] size diag: window_inner=2560x1600 hud=2560x1600
[2026-08-17T12:05:09Z INFO  steel_front::engine::game] game: wave=1 enemies=6 enemy_hp=100 hp=0/100 score=0 phys_us=2 ai_us=0 audio_us=30 net_us=0
[2026-08-17T12:05:09Z INFO  steel_front::engine::renderer] visible=65536/65536 near=65536 far=0 fps=372.7 frame_us=2322 cull_us=0 terrain_us=0 wait_fence_us=1223 acquire_us=1 record_us=58 submit_us=43 present_us=218 terrain_lod=high blend=0.000 quality=中画质 marker=44 npc=42
[2026-08-17T12:05:10Z INFO  steel_front] cam: yaw=0.0 pitch=0.0 dist=3.4 mode=FirstPerson cycle_us=3223 update_us=32 render_us=3191
[2026-08-17T12:05:10Z INFO  steel_front::engine::game] game: wave=1 enemies=6 enemy_hp=100 hp=0/100 score=0 phys_us=2 ai_us=0 audio_us=29 net_us=0
[2026-08-17T12:05:10Z INFO  steel_front::engine::renderer] visible=65536/65536 near=65536 far=0 fps=381.8 frame_us=2371 cull_us=0 terrain_us=0 wait_fence_us=1772 acquire_us=1 record_us=49 submit_us=55 present_us=366 terrain_lod=high blend=0.000 quality=中画质 marker=62 npc=42
[2026-08-17T12:05:11Z INFO  steel_front] cam: yaw=0.0 pitch=0.0 dist=3.4 mode=FirstPerson cycle_us=2539 update_us=31 render_us=2507
[2026-08-17T12:05:11Z INFO  steel_front::engine::game] game: wave=1 enemies=6 enemy_hp=100 hp=0/100 score=0 phys_us=1 ai_us=0 audio_us=24 net_us=0
[2026-08-17T12:05:11Z INFO  steel_front::engine::renderer] visible=65536/65536 near=65536 far=0 fps=384.0 frame_us=1806 cull_us=0 terrain_us=0 wait_fence_us=2090 acquire_us=1 record_us=38 submit_us=34 present_us=404 terrain_lod=high blend=0.000 quality=中画质 marker=46 npc=42
[2026-08-17T12:05:12Z INFO  steel_front] cam: yaw=0.0 pitch=0.0 dist=3.4 mode=FirstPerson cycle_us=4125 update_us=39 render_us=4085
[2026-08-17T12:05:12Z INFO  steel_front::engine::game] game: wave=1 enemies=6 enemy_hp=100 hp=0/100 score=0 phys_us=1 ai_us=0 audio_us=24 net_us=0
[2026-08-17T12:05:12Z INFO  steel_front::engine::renderer] visible=65536/65536 near=65536 far=0 fps=367.0 frame_us=1973 cull_us=0 terrain_us=0 wait_fence_us=2258 acquire_us=1 record_us=41 submit_us=38 present_us=315 terrain_lod=high blend=0.000 quality=中画质 marker=62 npc=42
[2026-08-17T12:05:13Z INFO  steel_front] cam: yaw=0.0 pitch=0.0 dist=3.4 mode=FirstPerson cycle_us=2713 update_us=34 render_us=2678
[2026-08-17T12:05:13Z INFO  steel_front::engine::game] game: wave=1 enemies=6 enemy_hp=100 hp=0/100 score=0 phys_us=3 ai_us=0 audio_us=25 net_us=0
[2026-08-17T12:05:13Z INFO  steel_front::engine::renderer] visible=65536/65536 near=65536 far=0 fps=375.7 frame_us=1972 cull_us=0 terrain_us=0 wait_fence_us=1929 acquire_us=1 record_us=38 submit_us=37 present_us=212 terrain_lod=high blend=0.000 quality=中画质 marker=46 npc=42
[2026-08-17T12:05:14Z INFO  steel_front] cam: yaw=0.0 pitch=0.0 dist=3.4 mode=FirstPerson cycle_us=2721 update_us=35 render_us=2686
[2026-08-17T12:05:14Z INFO  steel_front] size diag: window_inner=2560x1600 hud=2560x1600
[2026-08-17T12:05:14Z INFO  steel_front] size diag: window_inner=2560x1600 hud=2560x1600
[2026-08-17T12:05:14Z INFO  steel_front] size diag: window_inner=2560x1600 hud=2560x1600
[2026-08-17T12:05:14Z INFO  steel_front] size diag: window_inner=2560x1600 hud=2560x1600
[2026-08-17T12:05:14Z INFO  steel_front] size diag: window_inner=2560x1600 hud=2560x1600
[2026-08-17T12:05:14Z INFO  steel_front] size diag: window_inner=2560x1600 hud=2560x1600
[2026-08-17T12:05:14Z INFO  steel_front] size diag: window_inner=2560x1600 hud=2560x1600
[2026-08-17T12:05:14Z INFO  steel_front] size diag: window_inner=2560x1600 hud=2560x1600
[2026-08-17T12:05:14Z INFO  steel_front] size diag: window_inner=2560x1600 hud=2560x1600
[2026-08-17T12:05:14Z INFO  steel_front] size diag: window_inner=2560x1600 hud=2560x1600
[2026-08-17T12:05:14Z INFO  steel_front] size diag: window_inner=2560x1600 hud=2560x1600
[2026-08-17T12:05:14Z INFO  steel_front] size diag: window_inner=2560x1600 hud=2560x1600
[2026-08-17T12:05:14Z INFO  steel_front] size diag: window_inner=2560x1600 hud=2560x1600
[2026-08-17T12:05:14Z INFO  steel_front] size diag: window_inner=2560x1600 hud=2560x1600
[2026-08-17T12:05:14Z INFO  steel_front] size diag: window_inner=2560x1600 hud=2560x1600
[2026-08-17T12:05:14Z INFO  steel_front] size diag: window_inner=2560x1600 hud=2560x1600
[2026-08-17T12:05:14Z INFO  steel_front] size diag: window_inner=2560x1600 hud=2560x1600
[2026-08-17T12:05:14Z INFO  steel_front] size diag: window_inner=2560x1600 hud=2560x1600
[2026-08-17T12:05:14Z INFO  steel_front] size diag: window_inner=2560x1600 hud=2560x1600
[2026-08-17T12:05:14Z INFO  steel_front::engine::game] game: wave=1 enemies=6 enemy_hp=100 hp=0/100 score=0 phys_us=2 ai_us=0 audio_us=28 net_us=0
[2026-08-17T12:05:14Z INFO  steel_front::engine::renderer] visible=65536/65536 near=65536 far=0 fps=376.6 frame_us=2322 cull_us=0 terrain_us=0 wait_fence_us=1963 acquire_us=0 record_us=38 submit_us=123 present_us=225 terrain_lod=high blend=0.000 quality=中画质 marker=62 npc=42
[2026-08-17T12:05:15Z INFO  steel_front] cam: yaw=0.0 pitch=0.0 dist=3.4 mode=FirstPerson cycle_us=3023 update_us=15 render_us=3008
[2026-08-17T12:05:15Z INFO  steel_front::engine::game] game: wave=1 enemies=6 enemy_hp=100 hp=0/100 score=0 phys_us=1 ai_us=0 audio_us=24 net_us=0
[2026-08-17T12:05:15Z INFO  steel_front::engine::renderer] visible=65536/65536 near=65536 far=0 fps=375.3 frame_us=1937 cull_us=0 terrain_us=0 wait_fence_us=2232 acquire_us=1 record_us=39 submit_us=34 present_us=211 terrain_lod=high blend=0.000 quality=中画质 marker=47 npc=42
[2026-08-17T12:05:16Z INFO  steel_front] cam: yaw=0.0 pitch=0.0 dist=3.4 mode=FirstPerson cycle_us=2923 update_us=15 render_us=2907
[2026-08-17T12:05:16Z INFO  steel_front::engine::game] game: wave=1 enemies=6 enemy_hp=100 hp=0/100 score=0 phys_us=1 ai_us=0 audio_us=30 net_us=0
[2026-08-17T12:05:16Z INFO  steel_front::engine::renderer] visible=65536/65536 near=65536 far=0 fps=374.7 frame_us=2004 cull_us=1 terrain_us=0 wait_fence_us=2348 acquire_us=1 record_us=66 submit_us=62 present_us=299 terrain_lod=high blend=0.000 quality=中画质 marker=60 npc=42
[2026-08-17T12:05:17Z INFO  steel_front] cam: yaw=0.0 pitch=0.0 dist=3.4 mode=FirstPerson cycle_us=2316 update_us=37 render_us=2278
[2026-08-17T12:05:17Z INFO  steel_front::engine::game] game: wave=1 enemies=6 enemy_hp=100 hp=0/100 score=0 phys_us=3 ai_us=0 audio_us=15 net_us=0
[2026-08-17T12:05:17Z INFO  steel_front::engine::renderer] visible=65536/65536 near=65536 far=0 fps=372.2 frame_us=2593 cull_us=0 terrain_us=0 wait_fence_us=4 acquire_us=1 record_us=122 submit_us=56 present_us=343 terrain_lod=high blend=0.000 quality=中画质 marker=48 npc=42
[2026-08-17T12:05:18Z INFO  steel_front] cam: yaw=0.0 pitch=0.0 dist=3.4 mode=FirstPerson cycle_us=2727 update_us=34 render_us=2693
[2026-08-17T12:05:18Z INFO  steel_front::engine::game] game: wave=1 enemies=6 enemy_hp=100 hp=0/100 score=0 phys_us=2 ai_us=0 audio_us=26 net_us=0
[2026-08-17T12:05:18Z INFO  steel_front::engine::renderer] visible=65536/65536 near=65536 far=0 fps=374.6 frame_us=2484 cull_us=0 terrain_us=0 wait_fence_us=2 acquire_us=0 record_us=37 submit_us=41 present_us=201 terrain_lod=high blend=0.000 quality=中画质 marker=62 npc=42
[2026-08-17T12:05:19Z INFO  steel_front] cam: yaw=0.0 pitch=0.0 dist=3.4 mode=FirstPerson cycle_us=2729 update_us=40 render_us=2689
[2026-08-17T12:05:19Z INFO  steel_front] size diag: window_inner=2560x1600 hud=2560x1600
[2026-08-17T12:05:19Z INFO  steel_front] size diag: window_inner=2560x1600 hud=2560x1600
[2026-08-17T12:05:19Z INFO  steel_front] size diag: window_inner=2560x1600 hud=2560x1600
[2026-08-17T12:05:19Z INFO  steel_front] size diag: window_inner=2560x1600 hud=2560x1600
[2026-08-17T12:05:19Z INFO  steel_front] size diag: window_inner=2560x1600 hud=2560x1600
[2026-08-17T12:05:19Z INFO  steel_front] size diag: window_inner=2560x1600 hud=2560x1600
[2026-08-17T12:05:19Z INFO  steel_front] size diag: window_inner=2560x1600 hud=2560x1600
[2026-08-17T12:05:19Z INFO  steel_front] size diag: window_inner=2560x1600 hud=2560x1600
[2026-08-17T12:05:19Z INFO  steel_front] size diag: window_inner=2560x1600 hud=2560x1600
[2026-08-17T12:05:19Z INFO  steel_front] size diag: window_inner=2560x1600 hud=2560x1600
[2026-08-17T12:05:19Z INFO  steel_front] size diag: window_inner=2560x1600 hud=2560x1600
[2026-08-17T12:05:19Z INFO  steel_front] size diag: window_inner=2560x1600 hud=2560x1600
[2026-08-17T12:05:19Z INFO  steel_front] size diag: window_inner=2560x1600 hud=2560x1600
[2026-08-17T12:05:19Z INFO  steel_front] size diag: window_inner=2560x1600 hud=2560x1600
[2026-08-17T12:05:19Z INFO  steel_front] size diag: window_inner=2560x1600 hud=2560x1600
[2026-08-17T12:05:19Z INFO  steel_front] size diag: window_inner=2560x1600 hud=2560x1600
[2026-08-17T12:05:19Z INFO  steel_front] size diag: window_inner=2560x1600 hud=2560x1600
[2026-08-17T12:05:19Z INFO  steel_front::engine::game] game: wave=1 enemies=6 enemy_hp=100 hp=0/100 score=0 phys_us=2 ai_us=0 audio_us=14 net_us=0
[2026-08-17T12:05:19Z INFO  steel_front::engine::renderer] visible=65536/65536 near=65536 far=0 fps=375.8 frame_us=2507 cull_us=1 terrain_us=0 wait_fence_us=2555 acquire_us=1 record_us=50 submit_us=66 present_us=249 terrain_lod=high blend=0.000 quality=中画质 marker=52 npc=42
[2026-08-17T12:05:20Z INFO  steel_front] cam: yaw=0.0 pitch=0.0 dist=3.4 mode=FirstPerson cycle_us=2729 update_us=42 render_us=2686
[2026-08-17T12:05:20Z INFO  steel_front::engine::game] game: wave=1 enemies=6 enemy_hp=100 hp=0/100 score=0 phys_us=2 ai_us=0 audio_us=25 net_us=0
[2026-08-17T12:05:20Z INFO  steel_front::engine::renderer] visible=65536/65536 near=65536 far=0 fps=374.0 frame_us=2313 cull_us=0 terrain_us=0 wait_fence_us=2313 acquire_us=1 record_us=37 submit_us=35 present_us=339 terrain_lod=high blend=0.000 quality=中画质 marker=61 npc=42
[2026-08-17T12:05:21Z INFO  steel_front] cam: yaw=0.0 pitch=0.0 dist=3.4 mode=FirstPerson cycle_us=4730 update_us=37 render_us=4693
[2026-08-17T12:05:21Z INFO  steel_front::engine::game] game: wave=1 enemies=6 enemy_hp=100 hp=0/100 score=0 phys_us=2 ai_us=0 audio_us=25 net_us=0
[2026-08-17T12:05:21Z INFO  steel_front::engine::renderer] visible=65536/65536 near=65536 far=0 fps=369.4 frame_us=2704 cull_us=0 terrain_us=0 wait_fence_us=1811 acquire_us=1 record_us=46 submit_us=31 present_us=304 terrain_lod=high blend=0.000 quality=中画质 marker=55 npc=42
[2026-08-17T12:05:22Z INFO  steel_front] cam: yaw=0.0 pitch=0.0 dist=3.4 mode=FirstPerson cycle_us=2347 update_us=41 render_us=2306
[2026-08-17T12:05:22Z INFO  steel_front::engine::game] game: wave=1 enemies=6 enemy_hp=100 hp=0/100 score=0 phys_us=3 ai_us=0 audio_us=13 net_us=0
[2026-08-17T12:05:22Z INFO  steel_front::engine::renderer] visible=65536/65536 near=65536 far=0 fps=374.2 frame_us=2278 cull_us=0 terrain_us=0 wait_fence_us=2229 acquire_us=1 record_us=35 submit_us=34 present_us=265 terrain_lod=high blend=0.000 quality=中画质 marker=61 npc=42
[2026-08-17T12:05:23Z INFO  steel_front] cam: yaw=0.0 pitch=0.0 dist=3.4 mode=FirstPerson cycle_us=3085 update_us=36 render_us=3049
[2026-08-17T12:05:23Z INFO  steel_front::engine::game] game: wave=1 enemies=6 enemy_hp=100 hp=0/100 score=0 phys_us=1 ai_us=0 audio_us=14 net_us=0
[2026-08-17T12:05:23Z INFO  steel_front::engine::renderer] visible=65536/65536 near=65536 far=0 fps=368.8 frame_us=2770 cull_us=0 terrain_us=0 wait_fence_us=2310 acquire_us=1 record_us=61 submit_us=55 present_us=298 terrain_lod=high blend=0.000 quality=中画质 marker=60 npc=42
[2026-08-17T12:05:24Z INFO  steel_front] size diag: window_inner=2560x1600 hud=2560x1600
[2026-08-17T12:05:24Z INFO  steel_front] size diag: window_inner=2560x1600 hud=2560x1600
[2026-08-17T12:05:24Z INFO  steel_front] size diag: window_inner=2560x1600 hud=2560x1600
[2026-08-17T12:05:24Z INFO  steel_front] size diag: window_inner=2560x1600 hud=2560x1600
[2026-08-17T12:05:24Z INFO  steel_front] size diag: window_inner=2560x1600 hud=2560x1600
[2026-08-17T12:05:24Z INFO  steel_front] size diag: window_inner=2560x1600 hud=2560x1600
[2026-08-17T12:05:24Z INFO  steel_front] size diag: window_inner=2560x1600 hud=2560x1600
[2026-08-17T12:05:24Z INFO  steel_front] size diag: window_inner=2560x1600 hud=2560x1600
[2026-08-17T12:05:24Z INFO  steel_front] size diag: window_inner=2560x1600 hud=2560x1600
[2026-08-17T12:05:24Z INFO  steel_front] size diag: window_inner=2560x1600 hud=2560x1600
[2026-08-17T12:05:24Z INFO  steel_front] size diag: window_inner=2560x1600 hud=2560x1600
[2026-08-17T12:05:24Z INFO  steel_front] size diag: window_inner=2560x1600 hud=2560x1600
[2026-08-17T12:05:24Z INFO  steel_front] size diag: window_inner=2560x1600 hud=2560x1600
[2026-08-17T12:05:24Z INFO  steel_front] size diag: window_inner=2560x1600 hud=2560x1600
[2026-08-17T12:05:24Z INFO  steel_front] cam: yaw=0.0 pitch=0.0 dist=3.4 mode=FirstPerson cycle_us=2521 update_us=32 render_us=2488
[2026-08-17T12:05:24Z INFO  steel_front] size diag: window_inner=2560x1600 hud=2560x1600
[2026-08-17T12:05:24Z INFO  steel_front] size diag: window_inner=2560x1600 hud=2560x1600
[2026-08-17T12:05:24Z INFO  steel_front] size diag: window_inner=2560x1600 hud=2560x1600
[2026-08-17T12:05:24Z INFO  steel_front] size diag: window_inner=2560x1600 hud=2560x1600
[2026-08-17T12:05:24Z INFO  steel_front] size diag: window_inner=2560x1600 hud=2560x1600
[2026-08-17T12:05:24Z INFO  steel_front::engine::game] game: wave=1 enemies=6 enemy_hp=100 hp=0/100 score=0 phys_us=1 ai_us=0 audio_us=29 net_us=0
[2026-08-17T12:05:24Z INFO  steel_front::engine::renderer] visible=65536/65536 near=65536 far=0 fps=373.1 frame_us=2070 cull_us=0 terrain_us=0 wait_fence_us=2687 acquire_us=0 record_us=92 submit_us=34 present_us=165 terrain_lod=high blend=0.000 quality=中画质 marker=62 npc=42
[2026-08-17T12:05:25Z INFO  steel_front] cam: yaw=0.0 pitch=0.0 dist=3.4 mode=FirstPerson cycle_us=2514 update_us=19 render_us=2494
[2026-08-17T12:05:25Z INFO  steel_front::engine::game] game: wave=1 enemies=6 enemy_hp=100 hp=0/100 score=0 phys_us=1 ai_us=0 audio_us=16 net_us=0
[2026-08-17T12:05:25Z INFO  steel_front::engine::renderer] visible=65536/65536 near=65536 far=0 fps=377.8 frame_us=2256 cull_us=0 terrain_us=0 wait_fence_us=2344 acquire_us=1 record_us=26 submit_us=80 present_us=248 terrain_lod=high blend=0.000 quality=中画质 marker=62 npc=42
[2026-08-17T12:05:26Z INFO  steel_front] cam: yaw=0.0 pitch=0.0 dist=3.4 mode=FirstPerson cycle_us=3112 update_us=32 render_us=3080
[2026-08-17T12:05:26Z INFO  steel_front::engine::game] game: wave=1 enemies=6 enemy_hp=100 hp=0/100 score=0 phys_us=2 ai_us=0 audio_us=23 net_us=0
[2026-08-17T12:05:26Z INFO  steel_front::engine::renderer] visible=65536/65536 near=65536 far=0 fps=373.8 frame_us=2735 cull_us=0 terrain_us=0 wait_fence_us=1753 acquire_us=1 record_us=48 submit_us=72 present_us=355 terrain_lod=high blend=0.000 quality=中画质 marker=62 npc=42
[2026-08-17T12:05:27Z INFO  steel_front] cam: yaw=0.0 pitch=0.0 dist=3.4 mode=FirstPerson cycle_us=2590 update_us=23 render_us=2567
[2026-08-17T12:05:27Z INFO  steel_front::engine::game] game: wave=1 enemies=6 enemy_hp=100 hp=0/100 score=0 phys_us=2 ai_us=0 audio_us=17 net_us=0
[2026-08-17T12:05:27Z INFO  steel_front::engine::renderer] visible=65536/65536 near=65536 far=0 fps=371.8 frame_us=2714 cull_us=0 terrain_us=0 wait_fence_us=2269 acquire_us=1 record_us=31 submit_us=34 present_us=241 terrain_lod=high blend=0.000 quality=中画质 marker=62 npc=42
[2026-08-17T12:05:28Z INFO  steel_front] cam: yaw=0.0 pitch=0.0 dist=3.4 mode=FirstPerson cycle_us=2975 update_us=23 render_us=2951
[2026-08-17T12:05:28Z INFO  steel_front::engine::game] game: wave=1 enemies=6 enemy_hp=100 hp=0/100 score=0 phys_us=2 ai_us=0 audio_us=26 net_us=0
[2026-08-17T12:05:28Z INFO  steel_front::engine::renderer] visible=65536/65536 near=65536 far=0 fps=367.5 frame_us=2757 cull_us=0 terrain_us=0 wait_fence_us=2187 acquire_us=1 record_us=62 submit_us=60 present_us=361 terrain_lod=high blend=0.000 quality=中画质 marker=61 npc=42
[2026-08-17T12:05:29Z INFO  steel_front] size diag: window_inner=2560x1600 hud=2560x1600
[2026-08-17T12:05:29Z INFO  steel_front] size diag: window_inner=2560x1600 hud=2560x1600
[2026-08-17T12:05:29Z INFO  steel_front] size diag: window_inner=2560x1600 hud=2560x1600
[2026-08-17T12:05:29Z INFO  steel_front] size diag: window_inner=2560x1600 hud=2560x1600
[2026-08-17T12:05:29Z INFO  steel_front] size diag: window_inner=2560x1600 hud=2560x1600
[2026-08-17T12:05:29Z INFO  steel_front] size diag: window_inner=2560x1600 hud=2560x1600
[2026-08-17T12:05:29Z INFO  steel_front] size diag: window_inner=2560x1600 hud=2560x1600
[2026-08-17T12:05:29Z INFO  steel_front] size diag: window_inner=2560x1600 hud=2560x1600
[2026-08-17T12:05:29Z INFO  steel_front] size diag: window_inner=2560x1600 hud=2560x1600
[2026-08-17T12:05:29Z INFO  steel_front] size diag: window_inner=2560x1600 hud=2560x1600
[2026-08-17T12:05:29Z INFO  steel_front] size diag: window_inner=2560x1600 hud=2560x1600
[2026-08-17T12:05:29Z INFO  steel_front] size diag: window_inner=2560x1600 hud=2560x1600
[2026-08-17T12:05:29Z INFO  steel_front] size diag: window_inner=2560x1600 hud=2560x1600
[2026-08-17T12:05:29Z INFO  steel_front] size diag: window_inner=2560x1600 hud=2560x1600
[2026-08-17T12:05:29Z INFO  steel_front] size diag: window_inner=2560x1600 hud=2560x1600
[2026-08-17T12:05:29Z INFO  steel_front] size diag: window_inner=2560x1600 hud=2560x1600
[2026-08-17T12:05:29Z INFO  steel_front] size diag: window_inner=2560x1600 hud=2560x1600
[2026-08-17T12:05:29Z INFO  steel_front] cam: yaw=0.0 pitch=0.0 dist=3.4 mode=FirstPerson cycle_us=2706 update_us=19 render_us=2686
[2026-08-17T12:05:29Z INFO  steel_front] size diag: window_inner=2560x1600 hud=2560x1600
[2026-08-17T12:05:29Z INFO  steel_front::engine::game] game: wave=1 enemies=6 enemy_hp=100 hp=0/100 score=0 phys_us=2 ai_us=0 audio_us=29 net_us=0
[2026-08-17T12:05:29Z INFO  steel_front::engine::renderer] visible=65536/65536 near=65536 far=0 fps=373.2 frame_us=2215 cull_us=0 terrain_us=0 wait_fence_us=1978 acquire_us=1 record_us=48 submit_us=45 present_us=223 terrain_lod=high blend=0.000 quality=中画质 marker=61 npc=42
[2026-08-17T12:05:30Z INFO  steel_front] cam: yaw=0.0 pitch=0.0 dist=3.4 mode=FirstPerson cycle_us=2527 update_us=22 render_us=2505
[2026-08-17T12:05:30Z INFO  steel_front::engine::game] game: wave=1 enemies=6 enemy_hp=100 hp=0/100 score=0 phys_us=2 ai_us=0 audio_us=26 net_us=0
[2026-08-17T12:05:30Z INFO  steel_front::engine::renderer] visible=65536/65536 near=65536 far=0 fps=372.7 frame_us=2523 cull_us=1 terrain_us=0 wait_fence_us=2033 acquire_us=1 record_us=60 submit_us=71 present_us=156 terrain_lod=high blend=0.000 quality=中画质 marker=62 npc=42
[2026-08-17T12:05:31Z INFO  steel_front] cam: yaw=0.0 pitch=0.0 dist=3.4 mode=FirstPerson cycle_us=2363 update_us=35 render_us=2328
[2026-08-17T12:05:31Z INFO  steel_front::engine::game] game: wave=1 enemies=6 enemy_hp=100 hp=0/100 score=0 phys_us=3 ai_us=0 audio_us=13 net_us=0
[2026-08-17T12:05:31Z INFO  steel_front::engine::renderer] visible=65536/65536 near=65536 far=0 fps=375.0 frame_us=2222 cull_us=0 terrain_us=0 wait_fence_us=2333 acquire_us=1 record_us=46 submit_us=51 present_us=183 terrain_lod=high blend=0.000 quality=中画质 marker=62 npc=42
[2026-08-17T12:05:32Z INFO  steel_front] cam: yaw=0.0 pitch=0.0 dist=3.4 mode=FirstPerson cycle_us=2391 update_us=38 render_us=2353
[2026-08-17T12:05:32Z INFO  steel_front::engine::game] game: wave=1 enemies=6 enemy_hp=100 hp=0/100 score=0 phys_us=2 ai_us=0 audio_us=27 net_us=0
[2026-08-17T12:05:32Z INFO  steel_front::engine::renderer] visible=65536/65536 near=65536 far=0 fps=376.2 frame_us=2292 cull_us=0 terrain_us=0 wait_fence_us=2268 acquire_us=1 record_us=35 submit_us=29 present_us=238 terrain_lod=high blend=0.000 quality=中画质 marker=62 npc=42
[2026-08-17T12:05:33Z INFO  steel_front] cam: yaw=0.0 pitch=0.0 dist=3.4 mode=FirstPerson cycle_us=2908 update_us=39 render_us=2869
[2026-08-17T12:05:33Z INFO  steel_front::engine::game] game: wave=1 enemies=6 enemy_hp=100 hp=0/100 score=0 phys_us=1 ai_us=0 audio_us=28 net_us=0
[2026-08-17T12:05:33Z INFO  steel_front::engine::renderer] visible=65536/65536 near=65536 far=0 fps=373.5 frame_us=2544 cull_us=1 terrain_us=0 wait_fence_us=1981 acquire_us=1 record_us=40 submit_us=30 present_us=216 terrain_lod=high blend=0.000 quality=中画质 marker=61 npc=42
[2026-08-17T12:05:34Z INFO  steel_front] size diag: window_inner=2560x1600 hud=2560x1600
[2026-08-17T12:05:34Z INFO  steel_front] size diag: window_inner=2560x1600 hud=2560x1600
[2026-08-17T12:05:34Z INFO  steel_front] size diag: window_inner=2560x1600 hud=2560x1600
[2026-08-17T12:05:34Z INFO  steel_front] size diag: window_inner=2560x1600 hud=2560x1600
[2026-08-17T12:05:34Z INFO  steel_front] size diag: window_inner=2560x1600 hud=2560x1600
[2026-08-17T12:05:34Z INFO  steel_front] size diag: window_inner=2560x1600 hud=2560x1600
[2026-08-17T12:05:34Z INFO  steel_front] size diag: window_inner=2560x1600 hud=2560x1600
[2026-08-17T12:05:34Z INFO  steel_front] size diag: window_inner=2560x1600 hud=2560x1600
[2026-08-17T12:05:34Z INFO  steel_front] size diag: window_inner=2560x1600 hud=2560x1600
[2026-08-17T12:05:34Z INFO  steel_front] size diag: window_inner=2560x1600 hud=2560x1600
[2026-08-17T12:05:34Z INFO  steel_front] size diag: window_inner=2560x1600 hud=2560x1600
[2026-08-17T12:05:34Z INFO  steel_front] size diag: window_inner=2560x1600 hud=2560x1600
[2026-08-17T12:05:34Z INFO  steel_front] size diag: window_inner=2560x1600 hud=2560x1600
[2026-08-17T12:05:34Z INFO  steel_front] size diag: window_inner=2560x1600 hud=2560x1600
[2026-08-17T12:05:34Z INFO  steel_front] size diag: window_inner=2560x1600 hud=2560x1600
[2026-08-17T12:05:34Z INFO  steel_front] size diag: window_inner=2560x1600 hud=2560x1600
[2026-08-17T12:05:34Z INFO  steel_front] size diag: window_inner=2560x1600 hud=2560x1600
[2026-08-17T12:05:34Z INFO  steel_front] size diag: window_inner=2560x1600 hud=2560x1600
[2026-08-17T12:05:34Z INFO  steel_front] size diag: window_inner=2560x1600 hud=2560x1600
[2026-08-17T12:05:34Z INFO  steel_front] cam: yaw=0.0 pitch=0.0 dist=3.4 mode=FirstPerson cycle_us=2322 update_us=35 render_us=2286
[2026-08-17T12:05:34Z INFO  steel_front::engine::game] game: wave=1 enemies=6 enemy_hp=100 hp=0/100 score=0 phys_us=2 ai_us=0 audio_us=17 net_us=0
[2026-08-17T12:05:34Z INFO  steel_front::engine::renderer] visible=65536/65536 near=65536 far=0 fps=373.2 frame_us=3123 cull_us=0 terrain_us=0 wait_fence_us=1989 acquire_us=1 record_us=34 submit_us=32 present_us=206 terrain_lod=high blend=0.000 quality=中画质 marker=61 npc=42
[2026-08-17T12:05:35Z INFO  steel_front] cam: yaw=0.0 pitch=0.0 dist=3.4 mode=FirstPerson cycle_us=2427 update_us=20 render_us=2407
[2026-08-17T12:05:35Z INFO  steel_front::engine::game] game: wave=1 enemies=6 enemy_hp=100 hp=0/100 score=0 phys_us=5 ai_us=0 audio_us=26 net_us=0
[2026-08-17T12:05:35Z INFO  steel_front::engine::renderer] visible=65536/65536 near=65536 far=0 fps=375.5 frame_us=2095 cull_us=0 terrain_us=0 wait_fence_us=2470 acquire_us=1 record_us=19 submit_us=17 present_us=166 terrain_lod=high blend=0.000 quality=中画质 marker=62 npc=42
[2026-08-17T12:05:36Z INFO  steel_front] cam: yaw=0.0 pitch=0.0 dist=3.4 mode=FirstPerson cycle_us=2669 update_us=32 render_us=2636
[2026-08-17T12:05:36Z INFO  steel_front::engine::game] game: wave=1 enemies=6 enemy_hp=100 hp=0/100 score=0 phys_us=1 ai_us=0 audio_us=28 net_us=0
[2026-08-17T12:05:36Z INFO  steel_front::engine::renderer] visible=65536/65536 near=65536 far=0 fps=374.6 frame_us=2589 cull_us=0 terrain_us=0 wait_fence_us=2005 acquire_us=1 record_us=38 submit_us=125 present_us=218 terrain_lod=high blend=0.000 quality=中画质 marker=62 npc=42
[2026-08-17T12:05:37Z INFO  steel_front] cam: yaw=0.0 pitch=0.0 dist=3.4 mode=FirstPerson cycle_us=3736 update_us=16 render_us=3719
[2026-08-17T12:05:37Z INFO  steel_front::engine::game] game: wave=1 enemies=6 enemy_hp=100 hp=0/100 score=0 phys_us=1 ai_us=0 audio_us=32 net_us=0
[2026-08-17T12:05:37Z INFO  steel_front::engine::renderer] visible=65536/65536 near=65536 far=0 fps=376.2 frame_us=2351 cull_us=0 terrain_us=0 wait_fence_us=1952 acquire_us=0 record_us=35 submit_us=35 present_us=194 terrain_lod=high blend=0.000 quality=中画质 marker=62 npc=42
[2026-08-17T12:05:38Z INFO  steel_front] cam: yaw=0.0 pitch=0.0 dist=3.4 mode=FirstPerson cycle_us=2421 update_us=25 render_us=2396
[2026-08-17T12:05:38Z INFO  steel_front::engine::game] game: wave=1 enemies=6 enemy_hp=100 hp=0/100 score=0 phys_us=1 ai_us=0 audio_us=27 net_us=0
[2026-08-17T12:05:38Z INFO  steel_front::engine::renderer] visible=65536/65536 near=65536 far=0 fps=375.3 frame_us=2592 cull_us=0 terrain_us=0 wait_fence_us=2459 acquire_us=1 record_us=39 submit_us=37 present_us=364 terrain_lod=high blend=0.000 quality=中画质 marker=62 npc=42
[2026-08-17T12:05:39Z INFO  steel_front] size diag: window_inner=2560x1600 hud=2560x1600
[2026-08-17T12:05:39Z INFO  steel_front] size diag: window_inner=2560x1600 hud=2560x1600
[2026-08-17T12:05:39Z INFO  steel_front] size diag: window_inner=2560x1600 hud=2560x1600
[2026-08-17T12:05:39Z INFO  steel_front] size diag: window_inner=2560x1600 hud=2560x1600
[2026-08-17T12:05:39Z INFO  steel_front] size diag: window_inner=2560x1600 hud=2560x1600
[2026-08-17T12:05:39Z INFO  steel_front] size diag: window_inner=2560x1600 hud=2560x1600
[2026-08-17T12:05:39Z INFO  steel_front] size diag: window_inner=2560x1600 hud=2560x1600
[2026-08-17T12:05:39Z INFO  steel_front] size diag: window_inner=2560x1600 hud=2560x1600
[2026-08-17T12:05:39Z INFO  steel_front] size diag: window_inner=2560x1600 hud=2560x1600
[2026-08-17T12:05:39Z INFO  steel_front] size diag: window_inner=2560x1600 hud=2560x1600
[2026-08-17T12:05:39Z INFO  steel_front] size diag: window_inner=2560x1600 hud=2560x1600
[2026-08-17T12:05:39Z INFO  steel_front] size diag: window_inner=2560x1600 hud=2560x1600
[2026-08-17T12:05:39Z INFO  steel_front] size diag: window_inner=2560x1600 hud=2560x1600
[2026-08-17T12:05:39Z INFO  steel_front] size diag: window_inner=2560x1600 hud=2560x1600
[2026-08-17T12:05:39Z INFO  steel_front] size diag: window_inner=2560x1600 hud=2560x1600
[2026-08-17T12:05:39Z INFO  steel_front] size diag: window_inner=2560x1600 hud=2560x1600
[2026-08-17T12:05:39Z INFO  steel_front] size diag: window_inner=2560x1600 hud=2560x1600
[2026-08-17T12:05:39Z INFO  steel_front] size diag: window_inner=2560x1600 hud=2560x1600
[2026-08-17T12:05:39Z INFO  steel_front] size diag: window_inner=2560x1600 hud=2560x1600
[2026-08-17T12:05:39Z INFO  steel_front] cam: yaw=0.0 pitch=0.0 dist=3.4 mode=FirstPerson cycle_us=2321 update_us=35 render_us=2286
[2026-08-17T12:05:39Z INFO  steel_front::engine::game] game: wave=1 enemies=6 enemy_hp=100 hp=0/100 score=0 phys_us=2 ai_us=0 audio_us=20 net_us=0
[2026-08-17T12:05:39Z INFO  steel_front::engine::renderer] visible=65536/65536 near=65536 far=0 fps=381.6 frame_us=2502 cull_us=0 terrain_us=0 wait_fence_us=1916 acquire_us=1 record_us=38 submit_us=31 present_us=205 terrain_lod=high blend=0.000 quality=中画质 marker=62 npc=42
[2026-08-17T12:05:40Z INFO  steel_front] cam: yaw=0.0 pitch=0.0 dist=3.4 mode=FirstPerson cycle_us=2804 update_us=26 render_us=2777
[2026-08-17T12:05:40Z INFO  steel_front::engine::game] game: wave=1 enemies=6 enemy_hp=100 hp=0/100 score=0 phys_us=1 ai_us=0 audio_us=25 net_us=0
[2026-08-17T12:05:40Z INFO  steel_front::engine::renderer] visible=65536/65536 near=65536 far=0 fps=354.2 frame_us=2903 cull_us=1 terrain_us=0 wait_fence_us=1747 acquire_us=1 record_us=55 submit_us=41 present_us=224 terrain_lod=high blend=0.000 quality=中画质 marker=61 npc=42
[2026-08-17T12:05:41Z INFO  steel_front] cam: yaw=0.0 pitch=0.0 dist=3.4 mode=FirstPerson cycle_us=3128 update_us=21 render_us=3106
[2026-08-17T12:05:41Z INFO  steel_front::engine::game] game: wave=1 enemies=6 enemy_hp=100 hp=0/100 score=0 phys_us=2 ai_us=0 audio_us=11 net_us=0
[2026-08-17T12:05:41Z INFO  steel_front::engine::renderer] visible=65536/65536 near=65536 far=0 fps=372.2 frame_us=2268 cull_us=1 terrain_us=0 wait_fence_us=2804 acquire_us=1 record_us=38 submit_us=26 present_us=241 terrain_lod=high blend=0.000 quality=中画质 marker=62 npc=42
[2026-08-17T12:05:42Z INFO  steel_front] cam: yaw=0.0 pitch=0.0 dist=3.4 mode=FirstPerson cycle_us=2933 update_us=33 render_us=2900
[2026-08-17T12:05:42Z INFO  steel_front::engine::game] game: wave=1 enemies=6 enemy_hp=100 hp=0/100 score=0 phys_us=1 ai_us=0 audio_us=16 net_us=0
[2026-08-17T12:05:42Z INFO  steel_front::engine::renderer] visible=65536/65536 near=65536 far=0 fps=375.0 frame_us=2243 cull_us=1 terrain_us=0 wait_fence_us=2707 acquire_us=1 record_us=21 submit_us=21 present_us=136 terrain_lod=high blend=0.000 quality=中画质 marker=62 npc=42
[2026-08-17T12:05:43Z INFO  steel_front] cam: yaw=0.0 pitch=0.0 dist=3.4 mode=FirstPerson cycle_us=2312 update_us=43 render_us=2269
[2026-08-17T12:05:43Z INFO  steel_front::engine::game] game: wave=1 enemies=6 enemy_hp=100 hp=0/100 score=0 phys_us=2 ai_us=0 audio_us=16 net_us=0
[2026-08-17T12:05:43Z INFO  steel_front::engine::renderer] visible=65536/65536 near=65536 far=0 fps=367.2 frame_us=2835 cull_us=1 terrain_us=0 wait_fence_us=2113 acquire_us=1 record_us=53 submit_us=50 present_us=270 terrain_lod=high blend=0.000 quality=中画质 marker=61 npc=42
[2026-08-17T12:05:44Z INFO  steel_front] size diag: window_inner=2560x1600 hud=2560x1600
[2026-08-17T12:05:44Z INFO  steel_front] size diag: window_inner=2560x1600 hud=2560x1600
[2026-08-17T12:05:44Z INFO  steel_front] size diag: window_inner=2560x1600 hud=2560x1600
[2026-08-17T12:05:44Z INFO  steel_front] size diag: window_inner=2560x1600 hud=2560x1600
[2026-08-17T12:05:44Z INFO  steel_front] size diag: window_inner=2560x1600 hud=2560x1600
[2026-08-17T12:05:44Z INFO  steel_front] size diag: window_inner=2560x1600 hud=2560x1600
[2026-08-17T12:05:44Z INFO  steel_front] size diag: window_inner=2560x1600 hud=2560x1600
[2026-08-17T12:05:44Z INFO  steel_front] size diag: window_inner=2560x1600 hud=2560x1600
[2026-08-17T12:05:44Z INFO  steel_front] size diag: window_inner=2560x1600 hud=2560x1600
[2026-08-17T12:05:44Z INFO  steel_front] size diag: window_inner=2560x1600 hud=2560x1600
[2026-08-17T12:05:44Z INFO  steel_front] size diag: window_inner=2560x1600 hud=2560x1600
[2026-08-17T12:05:44Z INFO  steel_front] size diag: window_inner=2560x1600 hud=2560x1600
[2026-08-17T12:05:44Z INFO  steel_front] size diag: window_inner=2560x1600 hud=2560x1600
[2026-08-17T12:05:44Z INFO  steel_front] size diag: window_inner=2560x1600 hud=2560x1600
[2026-08-17T12:05:44Z INFO  steel_front] size diag: window_inner=2560x1600 hud=2560x1600
[2026-08-17T12:05:44Z INFO  steel_front] size diag: window_inner=2560x1600 hud=2560x1600
[2026-08-17T12:05:44Z INFO  steel_front] size diag: window_inner=2560x1600 hud=2560x1600
[2026-08-17T12:05:44Z INFO  steel_front] size diag: window_inner=2560x1600 hud=2560x1600
[2026-08-17T12:05:44Z INFO  steel_front] size diag: window_inner=2560x1600 hud=2560x1600
[2026-08-17T12:05:44Z INFO  steel_front] cam: yaw=0.0 pitch=0.0 dist=3.4 mode=FirstPerson cycle_us=3163 update_us=22 render_us=3140
[2026-08-17T12:05:44Z INFO  steel_front::engine::game] game: wave=1 enemies=6 enemy_hp=100 hp=0/100 score=0 phys_us=2 ai_us=0 audio_us=24 net_us=0
[2026-08-17T12:05:44Z INFO  steel_front::engine::renderer] visible=65536/65536 near=65536 far=0 fps=370.3 frame_us=2665 cull_us=0 terrain_us=0 wait_fence_us=2008 acquire_us=0 record_us=48 submit_us=41 present_us=446 terrain_lod=high blend=0.000 quality=中画质 marker=62 npc=42
[2026-08-17T12:05:45Z INFO  steel_front] cam: yaw=0.0 pitch=0.0 dist=3.4 mode=FirstPerson cycle_us=2563 update_us=38 render_us=2525
[2026-08-17T12:05:45Z INFO  steel_front::engine::game] game: wave=1 enemies=6 enemy_hp=100 hp=0/100 score=0 phys_us=2 ai_us=0 audio_us=24 net_us=0
[2026-08-17T12:05:45Z INFO  steel_front::engine::renderer] visible=65536/65536 near=65536 far=0 fps=383.9 frame_us=2069 cull_us=0 terrain_us=0 wait_fence_us=2402 acquire_us=1 record_us=23 submit_us=22 present_us=155 terrain_lod=high blend=0.000 quality=中画质 marker=63 npc=42
[2026-08-17T12:05:46Z INFO  steel_front] cam: yaw=0.0 pitch=0.0 dist=3.4 mode=FirstPerson cycle_us=2331 update_us=61 render_us=2269
[2026-08-17T12:05:46Z INFO  steel_front::engine::game] game: wave=1 enemies=6 enemy_hp=100 hp=0/100 score=0 phys_us=2 ai_us=0 audio_us=29 net_us=0
[2026-08-17T12:05:46Z INFO  steel_front::engine::renderer] visible=65536/65536 near=65536 far=0 fps=383.6 frame_us=2612 cull_us=0 terrain_us=0 wait_fence_us=2018 acquire_us=1 record_us=34 submit_us=38 present_us=194 terrain_lod=high blend=0.000 quality=中画质 marker=62 npc=42
[2026-08-17T12:05:47Z INFO  steel_front] cam: yaw=0.0 pitch=0.0 dist=3.4 mode=FirstPerson cycle_us=2465 update_us=33 render_us=2431
[2026-08-17T12:05:47Z INFO  steel_front::engine::game] game: wave=1 enemies=6 enemy_hp=100 hp=0/100 score=0 phys_us=2 ai_us=0 audio_us=33 net_us=0
[2026-08-17T12:05:47Z INFO  steel_front::engine::renderer] visible=65536/65536 near=65536 far=0 fps=371.0 frame_us=2257 cull_us=0 terrain_us=0 wait_fence_us=2260 acquire_us=1 record_us=39 submit_us=28 present_us=233 terrain_lod=high blend=0.000 quality=中画质 marker=62 npc=42
[2026-08-17T12:05:48Z INFO  steel_front] cam: yaw=0.0 pitch=0.0 dist=3.4 mode=FirstPerson cycle_us=2324 update_us=31 render_us=2293
[2026-08-17T12:05:48Z INFO  steel_front::engine::game] game: wave=1 enemies=6 enemy_hp=100 hp=0/100 score=0 phys_us=1 ai_us=0 audio_us=23 net_us=0
[2026-08-17T12:05:48Z INFO  steel_front::engine::renderer] visible=65536/65536 near=65536 far=0 fps=382.8 frame_us=2096 cull_us=0 terrain_us=0 wait_fence_us=2548 acquire_us=1 record_us=19 submit_us=18 present_us=109 terrain_lod=high blend=0.000 quality=中画质 marker=63 npc=42
[2026-08-17T12:05:49Z INFO  steel_front] size diag: window_inner=2560x1600 hud=2560x1600
[2026-08-17T12:05:49Z INFO  steel_front] size diag: window_inner=2560x1600 hud=2560x1600
[2026-08-17T12:05:49Z INFO  steel_front] size diag: window_inner=2560x1600 hud=2560x1600
[2026-08-17T12:05:49Z INFO  steel_front] size diag: window_inner=2560x1600 hud=2560x1600
[2026-08-17T12:05:49Z INFO  steel_front] size diag: window_inner=2560x1600 hud=2560x1600
[2026-08-17T12:05:49Z INFO  steel_front] size diag: window_inner=2560x1600 hud=2560x1600
[2026-08-17T12:05:49Z INFO  steel_front] size diag: window_inner=2560x1600 hud=2560x1600
[2026-08-17T12:05:49Z INFO  steel_front] size diag: window_inner=2560x1600 hud=2560x1600
[2026-08-17T12:05:49Z INFO  steel_front] size diag: window_inner=2560x1600 hud=2560x1600
[2026-08-17T12:05:49Z INFO  steel_front] size diag: window_inner=2560x1600 hud=2560x1600
[2026-08-17T12:05:49Z INFO  steel_front] size diag: window_inner=2560x1600 hud=2560x1600
[2026-08-17T12:05:49Z INFO  steel_front] size diag: window_inner=2560x1600 hud=2560x1600
[2026-08-17T12:05:49Z INFO  steel_front] size diag: window_inner=2560x1600 hud=2560x1600
[2026-08-17T12:05:49Z INFO  steel_front] size diag: window_inner=2560x1600 hud=2560x1600
[2026-08-17T12:05:49Z INFO  steel_front] size diag: window_inner=2560x1600 hud=2560x1600
[2026-08-17T12:05:49Z INFO  steel_front] size diag: window_inner=2560x1600 hud=2560x1600
[2026-08-17T12:05:49Z INFO  steel_front] size diag: window_inner=2560x1600 hud=2560x1600
[2026-08-17T12:05:49Z INFO  steel_front] size diag: window_inner=2560x1600 hud=2560x1600
[2026-08-17T12:05:49Z INFO  steel_front] size diag: window_inner=2560x1600 hud=2560x1600
[2026-08-17T12:05:49Z INFO  steel_front] size diag: window_inner=2560x1600 hud=2560x1600
[2026-08-17T12:05:49Z INFO  steel_front] cam: yaw=0.0 pitch=0.0 dist=3.4 mode=FirstPerson cycle_us=2374 update_us=31 render_us=2342
[2026-08-17T12:05:49Z INFO  steel_front::engine::game] game: wave=1 enemies=6 enemy_hp=100 hp=0/100 score=0 phys_us=1 ai_us=0 audio_us=19 net_us=0
[2026-08-17T12:05:49Z INFO  steel_front::engine::renderer] visible=65536/65536 near=65536 far=0 fps=384.2 frame_us=2717 cull_us=0 terrain_us=0 wait_fence_us=1935 acquire_us=1 record_us=34 submit_us=34 present_us=206 terrain_lod=high blend=0.000 quality=中画质 marker=62 npc=42
[2026-08-17T12:05:50Z INFO  steel_front] cam: yaw=0.0 pitch=0.0 dist=3.4 mode=FirstPerson cycle_us=3080 update_us=44 render_us=3035
[2026-08-17T12:05:50Z INFO  steel_front::engine::game] game: wave=1 enemies=6 enemy_hp=100 hp=0/100 score=0 phys_us=2 ai_us=0 audio_us=26 net_us=0
[2026-08-17T12:05:50Z INFO  steel_front::engine::renderer] visible=65536/65536 near=65536 far=0 fps=356.8 frame_us=3101 cull_us=0 terrain_us=0 wait_fence_us=1953 acquire_us=1 record_us=44 submit_us=40 present_us=348 terrain_lod=high blend=0.000 quality=中画质 marker=62 npc=42
[2026-08-17T12:05:51Z INFO  steel_front] cam: yaw=0.0 pitch=0.0 dist=3.4 mode=FirstPerson cycle_us=3325 update_us=29 render_us=3296
[2026-08-17T12:05:51Z INFO  steel_front::engine::game] game: wave=1 enemies=6 enemy_hp=100 hp=0/100 score=0 phys_us=1 ai_us=0 audio_us=27 net_us=0
[2026-08-17T12:05:51Z INFO  steel_front::engine::renderer] visible=65536/65536 near=65536 far=0 fps=356.7 frame_us=2587 cull_us=0 terrain_us=0 wait_fence_us=2214 acquire_us=1 record_us=44 submit_us=50 present_us=387 terrain_lod=high blend=0.000 quality=中画质 marker=61 npc=42
[2026-08-17T12:05:52Z INFO  steel_front] cam: yaw=0.0 pitch=0.0 dist=3.4 mode=FirstPerson cycle_us=2904 update_us=23 render_us=2881
[2026-08-17T12:05:52Z INFO  steel_front::engine::game] game: wave=1 enemies=6 enemy_hp=100 hp=0/100 score=0 phys_us=1 ai_us=0 audio_us=13 net_us=0
[2026-08-17T12:05:52Z INFO  steel_front::engine::renderer] visible=65536/65536 near=65536 far=0 fps=370.1 frame_us=2562 cull_us=0 terrain_us=0 wait_fence_us=1969 acquire_us=1 record_us=37 submit_us=34 present_us=239 terrain_lod=high blend=0.000 quality=中画质 marker=62 npc=42
[2026-08-17T12:05:53Z INFO  steel_front] cam: yaw=0.0 pitch=0.0 dist=3.4 mode=FirstPerson cycle_us=2947 update_us=34 render_us=2912
[2026-08-17T12:05:53Z INFO  steel_front::engine::game] game: wave=1 enemies=6 enemy_hp=100 hp=0/100 score=0 phys_us=2 ai_us=0 audio_us=15 net_us=0
[2026-08-17T12:05:53Z INFO  steel_front::engine::renderer] visible=65536/65536 near=65536 far=0 fps=372.9 frame_us=2495 cull_us=0 terrain_us=0 wait_fence_us=1947 acquire_us=1 record_us=35 submit_us=36 present_us=196 terrain_lod=high blend=0.000 quality=中画质 marker=62 npc=42
[2026-08-17T12:05:54Z INFO  steel_front] size diag: window_inner=2560x1600 hud=2560x1600
[2026-08-17T12:05:54Z INFO  steel_front] size diag: window_inner=2560x1600 hud=2560x1600
[2026-08-17T12:05:54Z INFO  steel_front] size diag: window_inner=2560x1600 hud=2560x1600
[2026-08-17T12:05:54Z INFO  steel_front] size diag: window_inner=2560x1600 hud=2560x1600
[2026-08-17T12:05:54Z INFO  steel_front] size diag: window_inner=2560x1600 hud=2560x1600
[2026-08-17T12:05:54Z INFO  steel_front] size diag: window_inner=2560x1600 hud=2560x1600
[2026-08-17T12:05:54Z INFO  steel_front] size diag: window_inner=2560x1600 hud=2560x1600
[2026-08-17T12:05:54Z INFO  steel_front] size diag: window_inner=2560x1600 hud=2560x1600
[2026-08-17T12:05:54Z INFO  steel_front] size diag: window_inner=2560x1600 hud=2560x1600
[2026-08-17T12:05:54Z INFO  steel_front] size diag: window_inner=2560x1600 hud=2560x1600
[2026-08-17T12:05:54Z INFO  steel_front] size diag: window_inner=2560x1600 hud=2560x1600
[2026-08-17T12:05:54Z INFO  steel_front] size diag: window_inner=2560x1600 hud=2560x1600
[2026-08-17T12:05:54Z INFO  steel_front] size diag: window_inner=2560x1600 hud=2560x1600
[2026-08-17T12:05:54Z INFO  steel_front] size diag: window_inner=2560x1600 hud=2560x1600
[2026-08-17T12:05:54Z INFO  steel_front] size diag: window_inner=2560x1600 hud=2560x1600
[2026-08-17T12:05:54Z INFO  steel_front] size diag: window_inner=2560x1600 hud=2560x1600
[2026-08-17T12:05:54Z INFO  steel_front] size diag: window_inner=2560x1600 hud=2560x1600
[2026-08-17T12:05:54Z INFO  steel_front] size diag: window_inner=2560x1600 hud=2560x1600
[2026-08-17T12:05:54Z INFO  steel_front] cam: yaw=0.0 pitch=0.0 dist=3.4 mode=FirstPerson cycle_us=2435 update_us=34 render_us=2401
[2026-08-17T12:05:54Z INFO  steel_front::engine::game] game: wave=1 enemies=6 enemy_hp=100 hp=0/100 score=0 phys_us=2 ai_us=0 audio_us=25 net_us=0
[2026-08-17T12:05:54Z INFO  steel_front::engine::renderer] visible=65536/65536 near=65536 far=0 fps=372.2 frame_us=2296 cull_us=0 terrain_us=0 wait_fence_us=2276 acquire_us=1 record_us=40 submit_us=29 present_us=210 terrain_lod=high blend=0.000 quality=中画质 marker=62 npc=42
[2026-08-17T12:05:55Z INFO  steel_front] cam: yaw=0.0 pitch=0.0 dist=3.4 mode=FirstPerson cycle_us=2673 update_us=31 render_us=2641
[2026-08-17T12:05:55Z INFO  steel_front::engine::game] game: wave=1 enemies=6 enemy_hp=100 hp=0/100 score=0 phys_us=3 ai_us=0 audio_us=27 net_us=0
[2026-08-17T12:05:55Z INFO  steel_front::engine::renderer] visible=65536/65536 near=65536 far=0 fps=375.5 frame_us=2249 cull_us=0 terrain_us=0 wait_fence_us=2446 acquire_us=1 record_us=39 submit_us=29 present_us=196 terrain_lod=high blend=0.000 quality=中画质 marker=62 npc=42
[2026-08-17T12:05:56Z INFO  steel_front] cam: yaw=0.0 pitch=0.0 dist=3.4 mode=FirstPerson cycle_us=2668 update_us=38 render_us=2629
[2026-08-17T12:05:56Z INFO  steel_front::engine::game] game: wave=1 enemies=6 enemy_hp=100 hp=0/100 score=0 phys_us=2 ai_us=0 audio_us=12 net_us=0
[2026-08-17T12:05:56Z INFO  steel_front::engine::renderer] visible=65536/65536 near=65536 far=0 fps=375.4 frame_us=2727 cull_us=0 terrain_us=0 wait_fence_us=1989 acquire_us=1 record_us=22 submit_us=17 present_us=180 terrain_lod=high blend=0.000 quality=中画质 marker=61 npc=42
[2026-08-17T12:05:57Z INFO  steel_front] cam: yaw=0.0 pitch=0.0 dist=3.4 mode=FirstPerson cycle_us=2934 update_us=39 render_us=2894
[2026-08-17T12:05:57Z INFO  steel_front::engine::game] game: wave=1 enemies=6 enemy_hp=100 hp=0/100 score=0 phys_us=5 ai_us=0 audio_us=21 net_us=0
[2026-08-17T12:05:57Z INFO  steel_front::engine::renderer] visible=65536/65536 near=65536 far=0 fps=370.3 frame_us=2186 cull_us=1 terrain_us=0 wait_fence_us=1965 acquire_us=2 record_us=48 submit_us=43 present_us=365 terrain_lod=high blend=0.000 quality=中画质 marker=61 npc=42
[2026-08-17T12:05:58Z INFO  steel_front] cam: yaw=0.0 pitch=0.0 dist=3.4 mode=FirstPerson cycle_us=2848 update_us=25 render_us=2822
[2026-08-17T12:05:58Z INFO  steel_front::engine::game] game: wave=1 enemies=6 enemy_hp=100 hp=0/100 score=0 phys_us=2 ai_us=0 audio_us=17 net_us=0
[2026-08-17T12:05:58Z INFO  steel_front::engine::renderer] visible=65536/65536 near=65536 far=0 fps=368.9 frame_us=2376 cull_us=0 terrain_us=0 wait_fence_us=2248 acquire_us=1 record_us=40 submit_us=30 present_us=378 terrain_lod=high blend=0.000 quality=中画质 marker=62 npc=42
[2026-08-17T12:05:59Z INFO  steel_front] size diag: window_inner=2560x1600 hud=2560x1600
[2026-08-17T12:05:59Z INFO  steel_front] size diag: window_inner=2560x1600 hud=2560x1600
[2026-08-17T12:05:59Z INFO  steel_front] size diag: window_inner=2560x1600 hud=2560x1600
[2026-08-17T12:05:59Z INFO  steel_front] size diag: window_inner=2560x1600 hud=2560x1600
[2026-08-17T12:05:59Z INFO  steel_front] size diag: window_inner=2560x1600 hud=2560x1600
[2026-08-17T12:05:59Z INFO  steel_front] size diag: window_inner=2560x1600 hud=2560x1600
[2026-08-17T12:05:59Z INFO  steel_front] size diag: window_inner=2560x1600 hud=2560x1600
[2026-08-17T12:05:59Z INFO  steel_front] size diag: window_inner=2560x1600 hud=2560x1600
[2026-08-17T12:05:59Z INFO  steel_front] size diag: window_inner=2560x1600 hud=2560x1600
[2026-08-17T12:05:59Z INFO  steel_front] size diag: window_inner=2560x1600 hud=2560x1600
[2026-08-17T12:05:59Z INFO  steel_front] size diag: window_inner=2560x1600 hud=2560x1600
[2026-08-17T12:05:59Z INFO  steel_front] size diag: window_inner=2560x1600 hud=2560x1600
[2026-08-17T12:05:59Z INFO  steel_front] size diag: window_inner=2560x1600 hud=2560x1600
[2026-08-17T12:05:59Z INFO  steel_front] size diag: window_inner=2560x1600 hud=2560x1600
[2026-08-17T12:05:59Z INFO  steel_front] size diag: window_inner=2560x1600 hud=2560x1600
[2026-08-17T12:05:59Z INFO  steel_front] size diag: window_inner=2560x1600 hud=2560x1600
[2026-08-17T12:05:59Z INFO  steel_front] size diag: window_inner=2560x1600 hud=2560x1600
[2026-08-17T12:05:59Z INFO  steel_front] size diag: window_inner=2560x1600 hud=2560x1600
[2026-08-17T12:05:59Z INFO  steel_front] cam: yaw=0.0 pitch=0.0 dist=3.4 mode=FirstPerson cycle_us=3437 update_us=28 render_us=3408
[2026-08-17T12:05:59Z INFO  steel_front::engine::game] game: wave=1 enemies=6 enemy_hp=100 hp=0/100 score=0 phys_us=2 ai_us=0 audio_us=30 net_us=0
[2026-08-17T12:05:59Z INFO  steel_front::engine::renderer] visible=65536/65536 near=65536 far=0 fps=367.9 frame_us=2174 cull_us=0 terrain_us=0 wait_fence_us=2118 acquire_us=44 record_us=25 submit_us=52 present_us=145 terrain_lod=high blend=0.000 quality=中画质 marker=61 npc=42
[2026-08-17T12:06:00Z INFO  steel_front] cam: yaw=0.0 pitch=0.0 dist=3.4 mode=FirstPerson cycle_us=2615 update_us=21 render_us=2593
[2026-08-17T12:06:00Z INFO  steel_front::engine::game] game: wave=1 enemies=6 enemy_hp=100 hp=0/100 score=0 phys_us=2 ai_us=0 audio_us=30 net_us=0
[2026-08-17T12:06:00Z INFO  steel_front::engine::renderer] visible=65536/65536 near=65536 far=0 fps=373.9 frame_us=2354 cull_us=1 terrain_us=0 wait_fence_us=2115 acquire_us=1 record_us=30 submit_us=41 present_us=143 terrain_lod=high blend=0.000 quality=中画质 marker=61 npc=42
[2026-08-17T12:06:01Z INFO  steel_front] cam: yaw=0.0 pitch=0.0 dist=3.4 mode=FirstPerson cycle_us=2866 update_us=29 render_us=2837
[2026-08-17T12:06:01Z INFO  steel_front::engine::game] game: wave=1 enemies=6 enemy_hp=100 hp=0/100 score=0 phys_us=2 ai_us=0 audio_us=29 net_us=0
[2026-08-17T12:06:01Z INFO  steel_front::engine::renderer] visible=65536/65536 near=65536 far=0 fps=373.7 frame_us=2505 cull_us=0 terrain_us=0 wait_fence_us=1934 acquire_us=1 record_us=40 submit_us=37 present_us=203 terrain_lod=high blend=0.000 quality=中画质 marker=62 npc=42
[2026-08-17T12:06:02Z INFO  steel_front] cam: yaw=0.0 pitch=0.0 dist=3.4 mode=FirstPerson cycle_us=2870 update_us=20 render_us=2849
[2026-08-17T12:06:02Z INFO  steel_front::engine::game] game: wave=1 enemies=6 enemy_hp=100 hp=0/100 score=0 phys_us=3 ai_us=0 audio_us=27 net_us=0
[2026-08-17T12:06:02Z INFO  steel_front::engine::renderer] visible=65536/65536 near=65536 far=0 fps=366.9 frame_us=2507 cull_us=0 terrain_us=0 wait_fence_us=1820 acquire_us=1 record_us=41 submit_us=28 present_us=368 terrain_lod=high blend=0.000 quality=中画质 marker=62 npc=42
[2026-08-17T12:06:03Z INFO  steel_front] cam: yaw=0.0 pitch=0.0 dist=3.4 mode=FirstPerson cycle_us=2480 update_us=41 render_us=2438
[2026-08-17T12:06:03Z INFO  steel_front::engine::game] game: wave=1 enemies=6 enemy_hp=100 hp=0/100 score=0 phys_us=6 ai_us=0 audio_us=14 net_us=0
[2026-08-17T12:06:03Z INFO  steel_front::engine::renderer] visible=65536/65536 near=65536 far=0 fps=373.4 frame_us=2553 cull_us=0 terrain_us=0 wait_fence_us=2058 acquire_us=0 record_us=48 submit_us=66 present_us=229 terrain_lod=high blend=0.000 quality=中画质 marker=61 npc=42
[2026-08-17T12:06:04Z INFO  steel_front] size diag: window_inner=2560x1600 hud=2560x1600
[2026-08-17T12:06:04Z INFO  steel_front] size diag: window_inner=2560x1600 hud=2560x1600
[2026-08-17T12:06:04Z INFO  steel_front] size diag: window_inner=2560x1600 hud=2560x1600
[2026-08-17T12:06:04Z INFO  steel_front] size diag: window_inner=2560x1600 hud=2560x1600
[2026-08-17T12:06:04Z INFO  steel_front] size diag: window_inner=2560x1600 hud=2560x1600
[2026-08-17T12:06:04Z INFO  steel_front] size diag: window_inner=2560x1600 hud=2560x1600
[2026-08-17T12:06:04Z INFO  steel_front] size diag: window_inner=2560x1600 hud=2560x1600
[2026-08-17T12:06:04Z INFO  steel_front] size diag: window_inner=2560x1600 hud=2560x1600
[2026-08-17T12:06:04Z INFO  steel_front] size diag: window_inner=2560x1600 hud=2560x1600
[2026-08-17T12:06:04Z INFO  steel_front] size diag: window_inner=2560x1600 hud=2560x1600
[2026-08-17T12:06:04Z INFO  steel_front] size diag: window_inner=2560x1600 hud=2560x1600
[2026-08-17T12:06:04Z INFO  steel_front] size diag: window_inner=2560x1600 hud=2560x1600
[2026-08-17T12:06:04Z INFO  steel_front] size diag: window_inner=2560x1600 hud=2560x1600
[2026-08-17T12:06:04Z INFO  steel_front] size diag: window_inner=2560x1600 hud=2560x1600
[2026-08-17T12:06:04Z INFO  steel_front] size diag: window_inner=2560x1600 hud=2560x1600
[2026-08-17T12:06:04Z INFO  steel_front] size diag: window_inner=2560x1600 hud=2560x1600
[2026-08-17T12:06:04Z INFO  steel_front] size diag: window_inner=2560x1600 hud=2560x1600
[2026-08-17T12:06:04Z INFO  steel_front] size diag: window_inner=2560x1600 hud=2560x1600
[2026-08-17T12:06:04Z INFO  steel_front] cam: yaw=0.0 pitch=0.0 dist=3.4 mode=FirstPerson cycle_us=2784 update_us=40 render_us=2744
[2026-08-17T12:06:04Z INFO  steel_front::engine::game] game: wave=1 enemies=6 enemy_hp=100 hp=0/100 score=0 phys_us=2 ai_us=0 audio_us=18 net_us=0
[2026-08-17T12:06:04Z INFO  steel_front::engine::renderer] visible=65536/65536 near=65536 far=0 fps=372.5 frame_us=2636 cull_us=0 terrain_us=0 wait_fence_us=2103 acquire_us=0 record_us=32 submit_us=48 present_us=145 terrain_lod=high blend=0.000 quality=中画质 marker=62 npc=42
[2026-08-17T12:06:05Z INFO  steel_front] cam: yaw=0.0 pitch=0.0 dist=3.4 mode=FirstPerson cycle_us=2643 update_us=36 render_us=2606
[2026-08-17T12:06:05Z INFO  steel_front::engine::game] game: wave=1 enemies=6 enemy_hp=100 hp=0/100 score=0 phys_us=2 ai_us=0 audio_us=16 net_us=0
[2026-08-17T12:06:05Z INFO  steel_front::engine::renderer] visible=65536/65536 near=65536 far=0 fps=367.5 frame_us=2238 cull_us=0 terrain_us=0 wait_fence_us=2243 acquire_us=1 record_us=30 submit_us=67 present_us=212 terrain_lod=high blend=0.000 quality=中画质 marker=61 npc=42
[2026-08-17T12:06:06Z INFO  steel_front] cam: yaw=0.0 pitch=0.0 dist=3.4 mode=FirstPerson cycle_us=2929 update_us=26 render_us=2903
[2026-08-17T12:06:06Z INFO  steel_front::engine::game] game: wave=1 enemies=6 enemy_hp=100 hp=0/100 score=0 phys_us=1 ai_us=0 audio_us=13 net_us=0
[2026-08-17T12:06:06Z INFO  steel_front::engine::renderer] visible=65536/65536 near=65536 far=0 fps=373.5 frame_us=2610 cull_us=0 terrain_us=0 wait_fence_us=1817 acquire_us=0 record_us=54 submit_us=61 present_us=304 terrain_lod=high blend=0.000 quality=中画质 marker=62 npc=42
[2026-08-17T12:06:07Z INFO  steel_front] cam: yaw=0.0 pitch=0.0 dist=3.4 mode=FirstPerson cycle_us=2462 update_us=32 render_us=2429
[2026-08-17T12:06:07Z INFO  steel_front::engine::game] game: wave=1 enemies=6 enemy_hp=100 hp=0/100 score=0 phys_us=2 ai_us=0 audio_us=25 net_us=0
[2026-08-17T12:06:07Z INFO  steel_front::engine::renderer] visible=65536/65536 near=65536 far=0 fps=373.6 frame_us=2925 cull_us=0 terrain_us=0 wait_fence_us=1987 acquire_us=0 record_us=77 submit_us=98 present_us=451 terrain_lod=high blend=0.000 quality=中画质 marker=62 npc=42
[2026-08-17T12:06:08Z INFO  steel_front] cam: yaw=0.0 pitch=0.0 dist=3.4 mode=FirstPerson cycle_us=2391 update_us=17 render_us=2374
[2026-08-17T12:06:08Z INFO  steel_front::engine::game] game: wave=1 enemies=6 enemy_hp=100 hp=0/100 score=0 phys_us=1 ai_us=0 audio_us=16 net_us=0
[2026-08-17T12:06:08Z INFO  steel_front::engine::renderer] visible=65536/65536 near=65536 far=0 fps=372.2 frame_us=2302 cull_us=1 terrain_us=0 wait_fence_us=2245 acquire_us=1 record_us=52 submit_us=43 present_us=214 terrain_lod=high blend=0.000 quality=中画质 marker=61 npc=42
[2026-08-17T12:06:09Z INFO  steel_front] size diag: window_inner=2560x1600 hud=2560x1600
[2026-08-17T12:06:09Z INFO  steel_front] size diag: window_inner=2560x1600 hud=2560x1600
[2026-08-17T12:06:09Z INFO  steel_front] size diag: window_inner=2560x1600 hud=2560x1600
[2026-08-17T12:06:09Z INFO  steel_front] size diag: window_inner=2560x1600 hud=2560x1600
[2026-08-17T12:06:09Z INFO  steel_front] size diag: window_inner=2560x1600 hud=2560x1600
[2026-08-17T12:06:09Z INFO  steel_front] size diag: window_inner=2560x1600 hud=2560x1600
[2026-08-17T12:06:09Z INFO  steel_front] size diag: window_inner=2560x1600 hud=2560x1600
[2026-08-17T12:06:09Z INFO  steel_front] size diag: window_inner=2560x1600 hud=2560x1600
[2026-08-17T12:06:09Z INFO  steel_front] size diag: window_inner=2560x1600 hud=2560x1600
[2026-08-17T12:06:09Z INFO  steel_front] size diag: window_inner=2560x1600 hud=2560x1600
[2026-08-17T12:06:09Z INFO  steel_front] size diag: window_inner=2560x1600 hud=2560x1600
[2026-08-17T12:06:09Z INFO  steel_front] size diag: window_inner=2560x1600 hud=2560x1600
[2026-08-17T12:06:09Z INFO  steel_front] size diag: window_inner=2560x1600 hud=2560x1600
[2026-08-17T12:06:09Z INFO  steel_front] size diag: window_inner=2560x1600 hud=2560x1600
[2026-08-17T12:06:09Z INFO  steel_front] size diag: window_inner=2560x1600 hud=2560x1600
[2026-08-17T12:06:09Z INFO  steel_front] size diag: window_inner=2560x1600 hud=2560x1600
[2026-08-17T12:06:09Z INFO  steel_front] size diag: window_inner=2560x1600 hud=2560x1600
[2026-08-17T12:06:09Z INFO  steel_front] size diag: window_inner=2560x1600 hud=2560x1600
[2026-08-17T12:06:09Z INFO  steel_front] size diag: window_inner=2560x1600 hud=2560x1600
[2026-08-17T12:06:09Z INFO  steel_front] cam: yaw=0.0 pitch=0.0 dist=3.4 mode=FirstPerson cycle_us=2563 update_us=29 render_us=2533
[2026-08-17T12:06:09Z INFO  steel_front::engine::game] game: wave=1 enemies=6 enemy_hp=100 hp=0/100 score=0 phys_us=4 ai_us=0 audio_us=18 net_us=0
[2026-08-17T12:06:09Z INFO  steel_front::engine::renderer] visible=65536/65536 near=65536 far=0 fps=375.1 frame_us=2816 cull_us=0 terrain_us=0 wait_fence_us=1943 acquire_us=1 record_us=51 submit_us=79 present_us=211 terrain_lod=high blend=0.000 quality=中画质 marker=61 npc=42
[2026-08-17T12:06:10Z INFO  steel_front] cam: yaw=0.0 pitch=0.0 dist=3.4 mode=FirstPerson cycle_us=2883 update_us=31 render_us=2851
[2026-08-17T12:06:10Z INFO  steel_front::engine::game] game: wave=1 enemies=6 enemy_hp=100 hp=0/100 score=0 phys_us=2 ai_us=0 audio_us=25 net_us=0
[2026-08-17T12:06:10Z INFO  steel_front::engine::renderer] visible=65536/65536 near=65536 far=0 fps=374.2 frame_us=2234 cull_us=0 terrain_us=0 wait_fence_us=2171 acquire_us=1 record_us=31 submit_us=25 present_us=262 terrain_lod=high blend=0.000 quality=中画质 marker=62 npc=42
[2026-08-17T12:06:11Z INFO  steel_front] cam: yaw=0.0 pitch=0.0 dist=3.4 mode=FirstPerson cycle_us=2204 update_us=25 render_us=2178
[2026-08-17T12:06:11Z INFO  steel_front::engine::game] game: wave=1 enemies=6 enemy_hp=100 hp=0/100 score=0 phys_us=1 ai_us=0 audio_us=16 net_us=0
[2026-08-17T12:06:11Z INFO  steel_front::engine::renderer] visible=65536/65536 near=65536 far=0 fps=375.7 frame_us=2286 cull_us=0 terrain_us=0 wait_fence_us=2230 acquire_us=1 record_us=53 submit_us=52 present_us=225 terrain_lod=high blend=0.000 quality=中画质 marker=62 npc=42
[2026-08-17T12:06:12Z INFO  steel_front] cam: yaw=0.0 pitch=0.0 dist=3.4 mode=FirstPerson cycle_us=2523 update_us=26 render_us=2496
[2026-08-17T12:06:12Z INFO  steel_front::engine::game] game: wave=1 enemies=6 enemy_hp=100 hp=0/100 score=0 phys_us=1 ai_us=0 audio_us=10 net_us=0
[2026-08-17T12:06:12Z INFO  steel_front::engine::renderer] visible=65536/65536 near=65536 far=0 fps=375.0 frame_us=2223 cull_us=0 terrain_us=0 wait_fence_us=2234 acquire_us=1 record_us=51 submit_us=54 present_us=222 terrain_lod=high blend=0.000 quality=中画质 marker=62 npc=42
[2026-08-17T12:06:13Z INFO  steel_front] cam: yaw=0.0 pitch=0.0 dist=3.4 mode=FirstPerson cycle_us=2803 update_us=30 render_us=2773
[2026-08-17T12:06:13Z INFO  steel_front::engine::game] game: wave=1 enemies=6 enemy_hp=100 hp=0/100 score=0 phys_us=2 ai_us=0 audio_us=23 net_us=0
[2026-08-17T12:06:13Z INFO  steel_front::engine::renderer] visible=65536/65536 near=65536 far=0 fps=377.1 frame_us=2891 cull_us=0 terrain_us=0 wait_fence_us=1927 acquire_us=1 record_us=66 submit_us=71 present_us=441 terrain_lod=high blend=0.000 quality=中画质 marker=62 npc=42
[2026-08-17T12:06:14Z INFO  steel_front] size diag: window_inner=2560x1600 hud=2560x1600
[2026-08-17T12:06:14Z INFO  steel_front] size diag: window_inner=2560x1600 hud=2560x1600
[2026-08-17T12:06:14Z INFO  steel_front] size diag: window_inner=2560x1600 hud=2560x1600
[2026-08-17T12:06:14Z INFO  steel_front] size diag: window_inner=2560x1600 hud=2560x1600
[2026-08-17T12:06:14Z INFO  steel_front] size diag: window_inner=2560x1600 hud=2560x1600
[2026-08-17T12:06:14Z INFO  steel_front] size diag: window_inner=2560x1600 hud=2560x1600
[2026-08-17T12:06:14Z INFO  steel_front] size diag: window_inner=2560x1600 hud=2560x1600
[2026-08-17T12:06:14Z INFO  steel_front] size diag: window_inner=2560x1600 hud=2560x1600
[2026-08-17T12:06:14Z INFO  steel_front] size diag: window_inner=2560x1600 hud=2560x1600
[2026-08-17T12:06:14Z INFO  steel_front] size diag: window_inner=2560x1600 hud=2560x1600
[2026-08-17T12:06:14Z INFO  steel_front] size diag: window_inner=2560x1600 hud=2560x1600
[2026-08-17T12:06:14Z INFO  steel_front] size diag: window_inner=2560x1600 hud=2560x1600
[2026-08-17T12:06:14Z INFO  steel_front] size diag: window_inner=2560x1600 hud=2560x1600
[2026-08-17T12:06:14Z INFO  steel_front] size diag: window_inner=2560x1600 hud=2560x1600
[2026-08-17T12:06:14Z INFO  steel_front] size diag: window_inner=2560x1600 hud=2560x1600
[2026-08-17T12:06:14Z INFO  steel_front] size diag: window_inner=2560x1600 hud=2560x1600
[2026-08-17T12:06:14Z INFO  steel_front] size diag: window_inner=2560x1600 hud=2560x1600
[2026-08-17T12:06:14Z INFO  steel_front] size diag: window_inner=2560x1600 hud=2560x1600
[2026-08-17T12:06:14Z INFO  steel_front] cam: yaw=0.0 pitch=0.0 dist=3.4 mode=FirstPerson cycle_us=2700 update_us=18 render_us=2682
[2026-08-17T12:06:14Z INFO  steel_front::engine::game] game: wave=1 enemies=6 enemy_hp=100 hp=0/100 score=0 phys_us=3 ai_us=0 audio_us=15 net_us=0
[2026-08-17T12:06:14Z INFO  steel_front::engine::renderer] visible=65536/65536 near=65536 far=0 fps=373.1 frame_us=2336 cull_us=0 terrain_us=0 wait_fence_us=2362 acquire_us=1 record_us=69 submit_us=55 present_us=273 terrain_lod=high blend=0.000 quality=中画质 marker=62 npc=42
[2026-08-17T12:06:15Z INFO  steel_front] cam: yaw=0.0 pitch=0.0 dist=3.4 mode=FirstPerson cycle_us=2282 update_us=26 render_us=2256
[2026-08-17T12:06:15Z INFO  steel_front::engine::game] game: wave=1 enemies=6 enemy_hp=100 hp=0/100 score=0 phys_us=3 ai_us=0 audio_us=34 net_us=0
[2026-08-17T12:06:15Z INFO  steel_front::engine::renderer] visible=65536/65536 near=65536 far=0 fps=378.8 frame_us=2296 cull_us=1 terrain_us=0 wait_fence_us=1914 acquire_us=1 record_us=79 submit_us=70 present_us=309 terrain_lod=high blend=0.000 quality=中画质 marker=62 npc=42
[2026-08-17T12:06:16Z INFO  steel_front] cam: yaw=0.0 pitch=0.0 dist=3.4 mode=FirstPerson cycle_us=2316 update_us=30 render_us=2285
[2026-08-17T12:06:16Z INFO  steel_front::engine::game] game: wave=1 enemies=6 enemy_hp=100 hp=0/100 score=0 phys_us=6 ai_us=0 audio_us=13 net_us=0
[2026-08-17T12:06:16Z INFO  steel_front::engine::renderer] visible=65536/65536 near=65536 far=0 fps=384.0 frame_us=2841 cull_us=0 terrain_us=0 wait_fence_us=1781 acquire_us=1 record_us=49 submit_us=72 present_us=395 terrain_lod=high blend=0.000 quality=中画质 marker=62 npc=42
[2026-08-17T12:06:17Z INFO  steel_front] cam: yaw=0.0 pitch=0.0 dist=3.4 mode=FirstPerson cycle_us=2612 update_us=30 render_us=2581
[2026-08-17T12:06:17Z INFO  steel_front::engine::game] game: wave=1 enemies=6 enemy_hp=100 hp=0/100 score=0 phys_us=2 ai_us=0 audio_us=23 net_us=0
[2026-08-17T12:06:17Z INFO  steel_front::engine::renderer] visible=65536/65536 near=65536 far=0 fps=383.8 frame_us=2622 cull_us=1 terrain_us=0 wait_fence_us=1977 acquire_us=1 record_us=57 submit_us=53 present_us=243 terrain_lod=high blend=0.000 quality=中画质 marker=62 npc=42
[2026-08-17T12:06:18Z INFO  steel_front] cam: yaw=0.0 pitch=0.0 dist=3.4 mode=FirstPerson cycle_us=3486 update_us=37 render_us=3448
[2026-08-17T12:06:18Z INFO  steel_front::engine::game] game: wave=1 enemies=6 enemy_hp=100 hp=0/100 score=0 phys_us=2 ai_us=0 audio_us=22 net_us=0
[2026-08-17T12:06:18Z INFO  steel_front::engine::renderer] visible=65536/65536 near=65536 far=0 fps=370.9 frame_us=2558 cull_us=0 terrain_us=0 wait_fence_us=1941 acquire_us=0 record_us=39 submit_us=33 present_us=197 terrain_lod=high blend=0.000 quality=中画质 marker=62 npc=42
[2026-08-17T12:06:19Z INFO  steel_front] size diag: window_inner=2560x1600 hud=2560x1600
[2026-08-17T12:06:19Z INFO  steel_front] size diag: window_inner=2560x1600 hud=2560x1600
[2026-08-17T12:06:19Z INFO  steel_front] size diag: window_inner=2560x1600 hud=2560x1600
[2026-08-17T12:06:19Z INFO  steel_front] size diag: window_inner=2560x1600 hud=2560x1600
[2026-08-17T12:06:19Z INFO  steel_front] size diag: window_inner=2560x1600 hud=2560x1600
[2026-08-17T12:06:19Z INFO  steel_front] size diag: window_inner=2560x1600 hud=2560x1600
[2026-08-17T12:06:19Z INFO  steel_front] size diag: window_inner=2560x1600 hud=2560x1600
[2026-08-17T12:06:19Z INFO  steel_front] size diag: window_inner=2560x1600 hud=2560x1600
[2026-08-17T12:06:19Z INFO  steel_front] size diag: window_inner=2560x1600 hud=2560x1600
[2026-08-17T12:06:19Z INFO  steel_front] size diag: window_inner=2560x1600 hud=2560x1600
[2026-08-17T12:06:19Z INFO  steel_front] size diag: window_inner=2560x1600 hud=2560x1600
[2026-08-17T12:06:19Z INFO  steel_front] size diag: window_inner=2560x1600 hud=2560x1600
[2026-08-17T12:06:19Z INFO  steel_front] size diag: window_inner=2560x1600 hud=2560x1600
[2026-08-17T12:06:19Z INFO  steel_front] size diag: window_inner=2560x1600 hud=2560x1600
[2026-08-17T12:06:19Z INFO  steel_front] size diag: window_inner=2560x1600 hud=2560x1600
[2026-08-17T12:06:19Z INFO  steel_front] size diag: window_inner=2560x1600 hud=2560x1600
[2026-08-17T12:06:19Z INFO  steel_front] size diag: window_inner=2560x1600 hud=2560x1600
[2026-08-17T12:06:19Z INFO  steel_front] size diag: window_inner=2560x1600 hud=2560x1600
[2026-08-17T12:06:19Z INFO  steel_front] size diag: window_inner=2560x1600 hud=2560x1600
[2026-08-17T12:06:19Z INFO  steel_front] cam: yaw=0.0 pitch=0.0 dist=3.4 mode=FirstPerson cycle_us=2404 update_us=24 render_us=2379
[2026-08-17T12:06:19Z INFO  steel_front::engine::game] game: wave=1 enemies=6 enemy_hp=100 hp=0/100 score=0 phys_us=1 ai_us=0 audio_us=12 net_us=0
[2026-08-17T12:06:19Z INFO  steel_front::engine::renderer] visible=65536/65536 near=65536 far=0 fps=383.4 frame_us=2697 cull_us=0 terrain_us=0 wait_fence_us=1882 acquire_us=0 record_us=52 submit_us=38 present_us=220 terrain_lod=high blend=0.000 quality=中画质 marker=62 npc=42
[2026-08-17T12:06:20Z INFO  steel_front] cam: yaw=0.0 pitch=0.0 dist=3.4 mode=FirstPerson cycle_us=2464 update_us=34 render_us=2430
[2026-08-17T12:06:20Z INFO  steel_front::engine::game] game: wave=1 enemies=6 enemy_hp=100 hp=0/100 score=0 phys_us=3 ai_us=0 audio_us=20 net_us=0
[2026-08-17T12:06:20Z INFO  steel_front::engine::renderer] visible=65536/65536 near=65536 far=0 fps=382.6 frame_us=2309 cull_us=1 terrain_us=0 wait_fence_us=2106 acquire_us=1 record_us=60 submit_us=36 present_us=277 terrain_lod=high blend=0.000 quality=中画质 marker=62 npc=42
[2026-08-17T12:06:21Z INFO  steel_front] cam: yaw=0.0 pitch=0.0 dist=3.4 mode=FirstPerson cycle_us=2714 update_us=24 render_us=2689
[2026-08-17T12:06:21Z INFO  steel_front::engine::game] game: wave=1 enemies=6 enemy_hp=100 hp=0/100 score=0 phys_us=1 ai_us=0 audio_us=26 net_us=0
[2026-08-17T12:06:21Z INFO  steel_front::engine::renderer] visible=65536/65536 near=65536 far=0 fps=336.7 frame_us=2325 cull_us=0 terrain_us=0 wait_fence_us=2266 acquire_us=0 record_us=28 submit_us=23 present_us=314 terrain_lod=high blend=0.000 quality=中画质 marker=62 npc=42
[2026-08-17T12:06:22Z INFO  steel_front] cam: yaw=0.0 pitch=0.0 dist=3.4 mode=FirstPerson cycle_us=2375 update_us=20 render_us=2354
[2026-08-17T12:06:22Z INFO  steel_front::engine::game] game: wave=1 enemies=6 enemy_hp=100 hp=0/100 score=0 phys_us=3 ai_us=0 audio_us=15 net_us=0
[2026-08-17T12:06:22Z INFO  steel_front::engine::renderer] visible=65536/65536 near=65536 far=0 fps=370.5 frame_us=2499 cull_us=0 terrain_us=0 wait_fence_us=1897 acquire_us=0 record_us=44 submit_us=38 present_us=222 terrain_lod=high blend=0.000 quality=中画质 marker=60 npc=42
[2026-08-17T12:06:23Z INFO  steel_front] cam: yaw=0.0 pitch=0.0 dist=3.4 mode=FirstPerson cycle_us=2638 update_us=63 render_us=2574
[2026-08-17T12:06:23Z INFO  steel_front::engine::game] game: wave=1 enemies=6 enemy_hp=100 hp=0/100 score=0 phys_us=2 ai_us=0 audio_us=13 net_us=0
[2026-08-17T12:06:23Z INFO  steel_front::engine::renderer] visible=65536/65536 near=65536 far=0 fps=373.6 frame_us=2818 cull_us=0 terrain_us=0 wait_fence_us=2012 acquire_us=1 record_us=40 submit_us=31 present_us=199 terrain_lod=high blend=0.000 quality=中画质 marker=62 npc=42
[2026-08-17T12:06:24Z INFO  steel_front] size diag: window_inner=2560x1600 hud=2560x1600
[2026-08-17T12:06:24Z INFO  steel_front] size diag: window_inner=2560x1600 hud=2560x1600
[2026-08-17T12:06:24Z INFO  steel_front] size diag: window_inner=2560x1600 hud=2560x1600
[2026-08-17T12:06:24Z INFO  steel_front] size diag: window_inner=2560x1600 hud=2560x1600
[2026-08-17T12:06:24Z INFO  steel_front] size diag: window_inner=2560x1600 hud=2560x1600
[2026-08-17T12:06:24Z INFO  steel_front] size diag: window_inner=2560x1600 hud=2560x1600
[2026-08-17T12:06:24Z INFO  steel_front] size diag: window_inner=2560x1600 hud=2560x1600
[2026-08-17T12:06:24Z INFO  steel_front] size diag: window_inner=2560x1600 hud=2560x1600
[2026-08-17T12:06:24Z INFO  steel_front] size diag: window_inner=2560x1600 hud=2560x1600
[2026-08-17T12:06:24Z INFO  steel_front] size diag: window_inner=2560x1600 hud=2560x1600
[2026-08-17T12:06:24Z INFO  steel_front] size diag: window_inner=2560x1600 hud=2560x1600
[2026-08-17T12:06:24Z INFO  steel_front] size diag: window_inner=2560x1600 hud=2560x1600
[2026-08-17T12:06:24Z INFO  steel_front] size diag: window_inner=2560x1600 hud=2560x1600
[2026-08-17T12:06:24Z INFO  steel_front] size diag: window_inner=2560x1600 hud=2560x1600
[2026-08-17T12:06:24Z INFO  steel_front] size diag: window_inner=2560x1600 hud=2560x1600
[2026-08-17T12:06:24Z INFO  steel_front] size diag: window_inner=2560x1600 hud=2560x1600
[2026-08-17T12:06:24Z INFO  steel_front] size diag: window_inner=2560x1600 hud=2560x1600
[2026-08-17T12:06:24Z INFO  steel_front] size diag: window_inner=2560x1600 hud=2560x1600
[2026-08-17T12:06:24Z INFO  steel_front] size diag: window_inner=2560x1600 hud=2560x1600
[2026-08-17T12:06:24Z INFO  steel_front] cam: yaw=0.0 pitch=0.0 dist=3.4 mode=FirstPerson cycle_us=2702 update_us=32 render_us=2670
[2026-08-17T12:06:24Z INFO  steel_front::engine::game] game: wave=1 enemies=6 enemy_hp=100 hp=0/100 score=0 phys_us=2 ai_us=0 audio_us=26 net_us=0
[2026-08-17T12:06:24Z INFO  steel_front::engine::renderer] visible=65536/65536 near=65536 far=0 fps=371.2 frame_us=2364 cull_us=0 terrain_us=0 wait_fence_us=2447 acquire_us=1 record_us=25 submit_us=22 present_us=281 terrain_lod=high blend=0.000 quality=中画质 marker=59 npc=42
[2026-08-17T12:06:25Z INFO  steel_front] cam: yaw=0.0 pitch=0.0 dist=3.4 mode=FirstPerson cycle_us=2542 update_us=35 render_us=2506
[2026-08-17T12:06:25Z INFO  steel_front::engine::game] game: wave=1 enemies=6 enemy_hp=100 hp=0/100 score=0 phys_us=2 ai_us=0 audio_us=35 net_us=0
[2026-08-17T12:06:25Z INFO  steel_front::engine::renderer] visible=65536/65536 near=65536 far=0 fps=374.8 frame_us=2559 cull_us=0 terrain_us=0 wait_fence_us=2246 acquire_us=1 record_us=24 submit_us=22 present_us=187 terrain_lod=high blend=0.000 quality=中画质 marker=62 npc=42
[2026-08-17T12:06:26Z INFO  steel_front] cam: yaw=0.0 pitch=0.0 dist=3.4 mode=FirstPerson cycle_us=2457 update_us=28 render_us=2429
[2026-08-17T12:06:26Z INFO  steel_front::engine::game] game: wave=1 enemies=6 enemy_hp=100 hp=0/100 score=0 phys_us=2 ai_us=0 audio_us=18 net_us=0
[2026-08-17T12:06:26Z INFO  steel_front::engine::renderer] visible=65536/65536 near=65536 far=0 fps=375.8 frame_us=2549 cull_us=0 terrain_us=0 wait_fence_us=1894 acquire_us=1 record_us=44 submit_us=33 present_us=229 terrain_lod=high blend=0.000 quality=中画质 marker=58 npc=42
[2026-08-17T12:06:27Z INFO  steel_front] cam: yaw=0.0 pitch=0.0 dist=3.4 mode=FirstPerson cycle_us=2962 update_us=19 render_us=2942
[2026-08-17T12:06:27Z INFO  steel_front::engine::game] game: wave=1 enemies=6 enemy_hp=100 hp=0/100 score=0 phys_us=2 ai_us=0 audio_us=21 net_us=0
[2026-08-17T12:06:27Z INFO  steel_front::engine::renderer] visible=65536/65536 near=65536 far=0 fps=376.8 frame_us=2528 cull_us=0 terrain_us=0 wait_fence_us=1962 acquire_us=1 record_us=41 submit_us=31 present_us=199 terrain_lod=high blend=0.000 quality=中画质 marker=62 npc=42
[2026-08-17T12:06:28Z INFO  steel_front] cam: yaw=0.0 pitch=0.0 dist=3.4 mode=FirstPerson cycle_us=2452 update_us=41 render_us=2411
[2026-08-17T12:06:28Z INFO  steel_front::engine::game] game: wave=1 enemies=6 enemy_hp=100 hp=0/100 score=0 phys_us=1 ai_us=0 audio_us=14 net_us=0
[2026-08-17T12:06:28Z INFO  steel_front::engine::renderer] visible=65536/65536 near=65536 far=0 fps=374.9 frame_us=3066 cull_us=0 terrain_us=0 wait_fence_us=1962 acquire_us=1 record_us=45 submit_us=33 present_us=237 terrain_lod=high blend=0.000 quality=中画质 marker=58 npc=42
[2026-08-17T12:06:29Z INFO  steel_front] size diag: window_inner=2560x1600 hud=2560x1600
[2026-08-17T12:06:29Z INFO  steel_front] size diag: window_inner=2560x1600 hud=2560x1600
[2026-08-17T12:06:29Z INFO  steel_front] size diag: window_inner=2560x1600 hud=2560x1600
[2026-08-17T12:06:29Z INFO  steel_front] size diag: window_inner=2560x1600 hud=2560x1600
[2026-08-17T12:06:29Z INFO  steel_front] size diag: window_inner=2560x1600 hud=2560x1600
[2026-08-17T12:06:29Z INFO  steel_front] size diag: window_inner=2560x1600 hud=2560x1600
[2026-08-17T12:06:29Z INFO  steel_front] size diag: window_inner=2560x1600 hud=2560x1600
[2026-08-17T12:06:29Z INFO  steel_front] size diag: window_inner=2560x1600 hud=2560x1600
[2026-08-17T12:06:29Z INFO  steel_front] size diag: window_inner=2560x1600 hud=2560x1600
[2026-08-17T12:06:29Z INFO  steel_front] size diag: window_inner=2560x1600 hud=2560x1600
[2026-08-17T12:06:29Z INFO  steel_front] size diag: window_inner=2560x1600 hud=2560x1600
[2026-08-17T12:06:29Z INFO  steel_front] size diag: window_inner=2560x1600 hud=2560x1600
[2026-08-17T12:06:29Z INFO  steel_front] size diag: window_inner=2560x1600 hud=2560x1600
[2026-08-17T12:06:29Z INFO  steel_front] size diag: window_inner=2560x1600 hud=2560x1600
[2026-08-17T12:06:29Z INFO  steel_front] size diag: window_inner=2560x1600 hud=2560x1600
[2026-08-17T12:06:29Z INFO  steel_front] size diag: window_inner=2560x1600 hud=2560x1600
[2026-08-17T12:06:29Z INFO  steel_front] size diag: window_inner=2560x1600 hud=2560x1600
[2026-08-17T12:06:29Z INFO  steel_front] size diag: window_inner=2560x1600 hud=2560x1600
[2026-08-17T12:06:29Z INFO  steel_front] size diag: window_inner=2560x1600 hud=2560x1600
[2026-08-17T12:06:29Z INFO  steel_front] cam: yaw=0.0 pitch=0.0 dist=3.4 mode=FirstPerson cycle_us=3475 update_us=19 render_us=3456
[2026-08-17T12:06:29Z INFO  steel_front::engine::game] game: wave=1 enemies=6 enemy_hp=100 hp=0/100 score=0 phys_us=7 ai_us=1 audio_us=14 net_us=0
[2026-08-17T12:06:29Z INFO  steel_front::engine::renderer] visible=65536/65536 near=65536 far=0 fps=374.8 frame_us=2366 cull_us=0 terrain_us=0 wait_fence_us=1793 acquire_us=1 record_us=25 submit_us=52 present_us=337 terrain_lod=high blend=0.000 quality=中画质 marker=62 npc=42
[2026-08-17T12:06:30Z INFO  steel_front] cam: yaw=0.0 pitch=0.0 dist=3.4 mode=FirstPerson cycle_us=2383 update_us=35 render_us=2347
[2026-08-17T12:06:30Z INFO  steel_front::engine::game] game: wave=1 enemies=6 enemy_hp=100 hp=0/100 score=0 phys_us=2 ai_us=0 audio_us=26 net_us=0
[2026-08-17T12:06:30Z INFO  steel_front::engine::renderer] visible=65536/65536 near=65536 far=0 fps=365.1 frame_us=2352 cull_us=0 terrain_us=0 wait_fence_us=2342 acquire_us=1 record_us=40 submit_us=35 present_us=234 terrain_lod=high blend=0.000 quality=中画质 marker=56 npc=42
[2026-08-17T12:06:31Z INFO  steel_front] cam: yaw=0.0 pitch=0.0 dist=3.4 mode=FirstPerson cycle_us=2218 update_us=190 render_us=2027
[2026-08-17T12:06:31Z INFO  steel_front::engine::game] game: wave=1 enemies=6 enemy_hp=100 hp=0/100 score=0 phys_us=2 ai_us=0 audio_us=29 net_us=0
[2026-08-17T12:06:31Z INFO  steel_front::engine::renderer] visible=65536/65536 near=65536 far=0 fps=374.5 frame_us=2823 cull_us=0 terrain_us=0 wait_fence_us=2133 acquire_us=1 record_us=44 submit_us=33 present_us=257 terrain_lod=high blend=0.000 quality=中画质 marker=62 npc=42
[2026-08-17T12:06:32Z INFO  steel_front] cam: yaw=0.0 pitch=0.0 dist=3.4 mode=FirstPerson cycle_us=2682 update_us=17 render_us=2664
[2026-08-17T12:06:32Z INFO  steel_front::engine::game] game: wave=1 enemies=6 enemy_hp=100 hp=0/100 score=0 phys_us=2 ai_us=0 audio_us=14 net_us=0
[2026-08-17T12:06:32Z INFO  steel_front::engine::renderer] visible=65536/65536 near=65536 far=0 fps=371.7 frame_us=2202 cull_us=0 terrain_us=0 wait_fence_us=2211 acquire_us=1 record_us=47 submit_us=31 present_us=170 terrain_lod=high blend=0.000 quality=中画质 marker=55 npc=42
[2026-08-17T12:06:33Z INFO  steel_front] cam: yaw=0.0 pitch=0.0 dist=3.4 mode=FirstPerson cycle_us=2483 update_us=24 render_us=2458
[2026-08-17T12:06:33Z INFO  steel_front::engine::game] game: wave=1 enemies=6 enemy_hp=100 hp=0/100 score=0 phys_us=2 ai_us=0 audio_us=24 net_us=0
[2026-08-17T12:06:33Z INFO  steel_front::engine::renderer] visible=65536/65536 near=65536 far=0 fps=375.8 frame_us=2316 cull_us=0 terrain_us=0 wait_fence_us=2188 acquire_us=1 record_us=40 submit_us=29 present_us=201 terrain_lod=high blend=0.000 quality=中画质 marker=62 npc=42
[2026-08-17T12:06:34Z INFO  steel_front] size diag: window_inner=2560x1600 hud=2560x1600
[2026-08-17T12:06:34Z INFO  steel_front] size diag: window_inner=2560x1600 hud=2560x1600
[2026-08-17T12:06:34Z INFO  steel_front] size diag: window_inner=2560x1600 hud=2560x1600
[2026-08-17T12:06:34Z INFO  steel_front] size diag: window_inner=2560x1600 hud=2560x1600
[2026-08-17T12:06:34Z INFO  steel_front] size diag: window_inner=2560x1600 hud=2560x1600
[2026-08-17T12:06:34Z INFO  steel_front] size diag: window_inner=2560x1600 hud=2560x1600
[2026-08-17T12:06:34Z INFO  steel_front] size diag: window_inner=2560x1600 hud=2560x1600
[2026-08-17T12:06:34Z INFO  steel_front] size diag: window_inner=2560x1600 hud=2560x1600
[2026-08-17T12:06:34Z INFO  steel_front] size diag: window_inner=2560x1600 hud=2560x1600
[2026-08-17T12:06:34Z INFO  steel_front] size diag: window_inner=2560x1600 hud=2560x1600
[2026-08-17T12:06:34Z INFO  steel_front] size diag: window_inner=2560x1600 hud=2560x1600
[2026-08-17T12:06:34Z INFO  steel_front] size diag: window_inner=2560x1600 hud=2560x1600
[2026-08-17T12:06:34Z INFO  steel_front] size diag: window_inner=2560x1600 hud=2560x1600
[2026-08-17T12:06:34Z INFO  steel_front] size diag: window_inner=2560x1600 hud=2560x1600
[2026-08-17T12:06:34Z INFO  steel_front] size diag: window_inner=2560x1600 hud=2560x1600
[2026-08-17T12:06:34Z INFO  steel_front] size diag: window_inner=2560x1600 hud=2560x1600
[2026-08-17T12:06:34Z INFO  steel_front] size diag: window_inner=2560x1600 hud=2560x1600
[2026-08-17T12:06:34Z INFO  steel_front] size diag: window_inner=2560x1600 hud=2560x1600
[2026-08-17T12:06:34Z INFO  steel_front] size diag: window_inner=2560x1600 hud=2560x1600
[2026-08-17T12:06:34Z INFO  steel_front] cam: yaw=0.0 pitch=0.0 dist=3.4 mode=FirstPerson cycle_us=2545 update_us=37 render_us=2508
[2026-08-17T12:06:34Z INFO  steel_front::engine::game] game: wave=1 enemies=6 enemy_hp=100 hp=0/100 score=0 phys_us=2 ai_us=0 audio_us=18 net_us=0
[2026-08-17T12:06:34Z INFO  steel_front::engine::renderer] visible=65536/65536 near=65536 far=0 fps=376.2 frame_us=2505 cull_us=0 terrain_us=0 wait_fence_us=1955 acquire_us=1 record_us=42 submit_us=33 present_us=203 terrain_lod=high blend=0.000 quality=中画质 marker=54 npc=42
[2026-08-17T12:06:35Z INFO  steel_front] cam: yaw=0.0 pitch=0.0 dist=3.4 mode=FirstPerson cycle_us=2945 update_us=29 render_us=2915
[2026-08-17T12:06:35Z INFO  steel_front::engine::game] game: wave=1 enemies=6 enemy_hp=100 hp=0/100 score=0 phys_us=2 ai_us=0 audio_us=17 net_us=1
[2026-08-17T12:06:35Z INFO  steel_front::engine::renderer] visible=65536/65536 near=65536 far=0 fps=375.2 frame_us=2279 cull_us=0 terrain_us=0 wait_fence_us=2090 acquire_us=1 record_us=87 submit_us=31 present_us=297 terrain_lod=high blend=0.000 quality=中画质 marker=61 npc=42
[2026-08-17T12:06:36Z INFO  steel_front] cam: yaw=0.0 pitch=0.0 dist=3.4 mode=FirstPerson cycle_us=2369 update_us=34 render_us=2334
[2026-08-17T12:06:36Z INFO  steel_front::engine::game] game: wave=1 enemies=6 enemy_hp=100 hp=0/100 score=0 phys_us=1 ai_us=0 audio_us=15 net_us=0
[2026-08-17T12:06:36Z INFO  steel_front::engine::renderer] visible=65536/65536 near=65536 far=0 fps=375.6 frame_us=2674 cull_us=0 terrain_us=0 wait_fence_us=2119 acquire_us=0 record_us=31 submit_us=33 present_us=160 terrain_lod=high blend=0.000 quality=中画质 marker=52 npc=42
[2026-08-17T12:06:37Z INFO  steel_front] cam: yaw=0.0 pitch=0.0 dist=3.4 mode=FirstPerson cycle_us=2829 update_us=29 render_us=2799
[2026-08-17T12:06:37Z INFO  steel_front::engine::game] game: wave=1 enemies=6 enemy_hp=100 hp=0/100 score=0 phys_us=2 ai_us=0 audio_us=13 net_us=0
[2026-08-17T12:06:37Z INFO  steel_front::engine::renderer] visible=65536/65536 near=65536 far=0 fps=383.5 frame_us=2491 cull_us=0 terrain_us=0 wait_fence_us=1915 acquire_us=1 record_us=52 submit_us=46 present_us=213 terrain_lod=high blend=0.000 quality=中画质 marker=62 npc=42
[2026-08-17T12:06:38Z INFO  steel_front] cam: yaw=0.0 pitch=0.0 dist=3.4 mode=FirstPerson cycle_us=2488 update_us=19 render_us=2469
[2026-08-17T12:06:38Z INFO  steel_front::engine::game] game: wave=1 enemies=6 enemy_hp=100 hp=0/100 score=0 phys_us=2 ai_us=0 audio_us=12 net_us=0
[2026-08-17T12:06:38Z INFO  steel_front::engine::renderer] visible=65536/65536 near=65536 far=0 fps=371.1 frame_us=2487 cull_us=0 terrain_us=0 wait_fence_us=2033 acquire_us=0 record_us=57 submit_us=51 present_us=371 terrain_lod=high blend=0.000 quality=中画质 marker=50 npc=42
[2026-08-17T12:06:39Z INFO  steel_front] size diag: window_inner=2560x1600 hud=2560x1600
[2026-08-17T12:06:39Z INFO  steel_front] size diag: window_inner=2560x1600 hud=2560x1600
[2026-08-17T12:06:39Z INFO  steel_front] size diag: window_inner=2560x1600 hud=2560x1600
[2026-08-17T12:06:39Z INFO  steel_front] size diag: window_inner=2560x1600 hud=2560x1600
[2026-08-17T12:06:39Z INFO  steel_front] size diag: window_inner=2560x1600 hud=2560x1600
[2026-08-17T12:06:39Z INFO  steel_front] size diag: window_inner=2560x1600 hud=2560x1600
[2026-08-17T12:06:39Z INFO  steel_front] size diag: window_inner=2560x1600 hud=2560x1600
[2026-08-17T12:06:39Z INFO  steel_front] size diag: window_inner=2560x1600 hud=2560x1600
[2026-08-17T12:06:39Z INFO  steel_front] size diag: window_inner=2560x1600 hud=2560x1600
[2026-08-17T12:06:39Z INFO  steel_front] size diag: window_inner=2560x1600 hud=2560x1600
[2026-08-17T12:06:39Z INFO  steel_front] size diag: window_inner=2560x1600 hud=2560x1600
[2026-08-17T12:06:39Z INFO  steel_front] size diag: window_inner=2560x1600 hud=2560x1600
[2026-08-17T12:06:39Z INFO  steel_front] size diag: window_inner=2560x1600 hud=2560x1600
[2026-08-17T12:06:39Z INFO  steel_front] size diag: window_inner=2560x1600 hud=2560x1600
[2026-08-17T12:06:39Z INFO  steel_front] size diag: window_inner=2560x1600 hud=2560x1600
[2026-08-17T12:06:39Z INFO  steel_front] size diag: window_inner=2560x1600 hud=2560x1600
[2026-08-17T12:06:39Z INFO  steel_front] size diag: window_inner=2560x1600 hud=2560x1600
[2026-08-17T12:06:39Z INFO  steel_front] size diag: window_inner=2560x1600 hud=2560x1600
[2026-08-17T12:06:39Z INFO  steel_front] size diag: window_inner=2560x1600 hud=2560x1600
[2026-08-17T12:06:39Z INFO  steel_front] cam: yaw=0.0 pitch=0.0 dist=3.4 mode=FirstPerson cycle_us=2747 update_us=30 render_us=2716
[2026-08-17T12:06:39Z INFO  steel_front::engine::game] game: wave=1 enemies=6 enemy_hp=100 hp=0/100 score=0 phys_us=2 ai_us=0 audio_us=17 net_us=0
[2026-08-17T12:06:39Z INFO  steel_front::engine::renderer] visible=65536/65536 near=65536 far=0 fps=381.7 frame_us=2375 cull_us=0 terrain_us=0 wait_fence_us=2338 acquire_us=1 record_us=49 submit_us=50 present_us=269 terrain_lod=high blend=0.000 quality=中画质 marker=62 npc=42
[2026-08-17T12:06:40Z INFO  steel_front] cam: yaw=0.0 pitch=0.0 dist=3.4 mode=FirstPerson cycle_us=2581 update_us=41 render_us=2539
[2026-08-17T12:06:40Z INFO  steel_front::engine::game] game: wave=1 enemies=6 enemy_hp=100 hp=0/100 score=0 phys_us=3 ai_us=0 audio_us=13 net_us=0
[2026-08-17T12:06:40Z INFO  steel_front::engine::renderer] visible=65536/65536 near=65536 far=0 fps=376.7 frame_us=2777 cull_us=0 terrain_us=0 wait_fence_us=2108 acquire_us=1 record_us=53 submit_us=77 present_us=247 terrain_lod=high blend=0.000 quality=中画质 marker=49 npc=42
[2026-08-17T12:06:41Z INFO  steel_front] cam: yaw=0.0 pitch=0.0 dist=3.4 mode=FirstPerson cycle_us=2428 update_us=39 render_us=2388
[2026-08-17T12:06:41Z INFO  steel_front::engine::game] game: wave=1 enemies=6 enemy_hp=100 hp=0/100 score=0 phys_us=2 ai_us=0 audio_us=13 net_us=0
[2026-08-17T12:06:41Z INFO  steel_front::engine::renderer] visible=65536/65536 near=65536 far=0 fps=353.5 frame_us=2216 cull_us=0 terrain_us=0 wait_fence_us=2081 acquire_us=0 record_us=50 submit_us=50 present_us=180 terrain_lod=high blend=0.000 quality=中画质 marker=62 npc=42
[2026-08-17T12:06:42Z INFO  steel_front] cam: yaw=0.0 pitch=0.0 dist=3.4 mode=FirstPerson cycle_us=2447 update_us=32 render_us=2414
[2026-08-17T12:06:42Z INFO  steel_front::engine::game] game: wave=1 enemies=6 enemy_hp=100 hp=0/100 score=0 phys_us=1 ai_us=0 audio_us=26 net_us=0
[2026-08-17T12:06:42Z INFO  steel_front::engine::renderer] visible=65536/65536 near=65536 far=0 fps=370.9 frame_us=2434 cull_us=0 terrain_us=0 wait_fence_us=2251 acquire_us=1 record_us=52 submit_us=48 present_us=207 terrain_lod=high blend=0.000 quality=中画质 marker=49 npc=42
[2026-08-17T12:06:43Z INFO  steel_front] cam: yaw=0.0 pitch=0.0 dist=3.4 mode=FirstPerson cycle_us=3025 update_us=31 render_us=2994
[2026-08-17T12:06:43Z INFO  steel_front::engine::game] game: wave=1 enemies=6 enemy_hp=100 hp=0/100 score=0 phys_us=1 ai_us=0 audio_us=12 net_us=0
[2026-08-17T12:06:43Z INFO  steel_front::engine::renderer] visible=65536/65536 near=65536 far=0 fps=373.9 frame_us=2053 cull_us=0 terrain_us=0 wait_fence_us=2390 acquire_us=1 record_us=36 submit_us=51 present_us=157 terrain_lod=high blend=0.000 quality=中画质 marker=61 npc=42
[2026-08-17T12:06:44Z INFO  steel_front] size diag: window_inner=2560x1600 hud=2560x1600
[2026-08-17T12:06:44Z INFO  steel_front] size diag: window_inner=2560x1600 hud=2560x1600
[2026-08-17T12:06:44Z INFO  steel_front] size diag: window_inner=2560x1600 hud=2560x1600
[2026-08-17T12:06:44Z INFO  steel_front] size diag: window_inner=2560x1600 hud=2560x1600
[2026-08-17T12:06:44Z INFO  steel_front] size diag: window_inner=2560x1600 hud=2560x1600
[2026-08-17T12:06:44Z INFO  steel_front] size diag: window_inner=2560x1600 hud=2560x1600
[2026-08-17T12:06:44Z INFO  steel_front] size diag: window_inner=2560x1600 hud=2560x1600
[2026-08-17T12:06:44Z INFO  steel_front] size diag: window_inner=2560x1600 hud=2560x1600
[2026-08-17T12:06:44Z INFO  steel_front] size diag: window_inner=2560x1600 hud=2560x1600
[2026-08-17T12:06:44Z INFO  steel_front] size diag: window_inner=2560x1600 hud=2560x1600
[2026-08-17T12:06:44Z INFO  steel_front] size diag: window_inner=2560x1600 hud=2560x1600
[2026-08-17T12:06:44Z INFO  steel_front] size diag: window_inner=2560x1600 hud=2560x1600
[2026-08-17T12:06:44Z INFO  steel_front] size diag: window_inner=2560x1600 hud=2560x1600
[2026-08-17T12:06:44Z INFO  steel_front] size diag: window_inner=2560x1600 hud=2560x1600
[2026-08-17T12:06:44Z INFO  steel_front] size diag: window_inner=2560x1600 hud=2560x1600
[2026-08-17T12:06:44Z INFO  steel_front] size diag: window_inner=2560x1600 hud=2560x1600
[2026-08-17T12:06:44Z INFO  steel_front] size diag: window_inner=2560x1600 hud=2560x1600
[2026-08-17T12:06:44Z INFO  steel_front] size diag: window_inner=2560x1600 hud=2560x1600
[2026-08-17T12:06:44Z INFO  steel_front] size diag: window_inner=2560x1600 hud=2560x1600
[2026-08-17T12:06:44Z INFO  steel_front] cam: yaw=0.0 pitch=0.0 dist=3.4 mode=FirstPerson cycle_us=3018 update_us=18 render_us=3000
[2026-08-17T12:06:44Z INFO  steel_front::engine::game] game: wave=1 enemies=6 enemy_hp=100 hp=0/100 score=0 phys_us=2 ai_us=0 audio_us=26 net_us=0
[2026-08-17T12:06:44Z INFO  steel_front::engine::renderer] visible=65536/65536 near=65536 far=0 fps=377.1 frame_us=2574 cull_us=0 terrain_us=0 wait_fence_us=1882 acquire_us=1 record_us=56 submit_us=47 present_us=231 terrain_lod=high blend=0.000 quality=中画质 marker=47 npc=42
[2026-08-17T12:06:45Z INFO  steel_front] cam: yaw=0.0 pitch=0.0 dist=3.4 mode=FirstPerson cycle_us=2929 update_us=21 render_us=2907
[2026-08-17T12:06:45Z INFO  steel_front::engine::game] game: wave=1 enemies=6 enemy_hp=100 hp=0/100 score=0 phys_us=2 ai_us=0 audio_us=14 net_us=0
[2026-08-17T12:06:45Z INFO  steel_front::engine::renderer] visible=65536/65536 near=65536 far=0 fps=376.3 frame_us=2914 cull_us=0 terrain_us=0 wait_fence_us=2007 acquire_us=0 record_us=56 submit_us=71 present_us=918 terrain_lod=high blend=0.000 quality=中画质 marker=62 npc=42
[2026-08-17T12:06:46Z INFO  steel_front] cam: yaw=0.0 pitch=0.0 dist=3.4 mode=FirstPerson cycle_us=2537 update_us=19 render_us=2518
[2026-08-17T12:06:46Z INFO  steel_front::engine::game] game: wave=1 enemies=6 enemy_hp=100 hp=0/100 score=0 phys_us=1 ai_us=0 audio_us=23 net_us=0
[2026-08-17T12:06:46Z INFO  steel_front::engine::renderer] visible=65536/65536 near=65536 far=0 fps=374.5 frame_us=2932 cull_us=1 terrain_us=0 wait_fence_us=1816 acquire_us=1 record_us=68 submit_us=127 present_us=615 terrain_lod=high blend=0.000 quality=中画质 marker=45 npc=42
[2026-08-17T12:06:47Z INFO  steel_front] cam: yaw=0.0 pitch=0.0 dist=3.4 mode=FirstPerson cycle_us=2332 update_us=36 render_us=2295
[2026-08-17T12:06:47Z INFO  steel_front::engine::game] game: wave=1 enemies=6 enemy_hp=100 hp=0/100 score=0 phys_us=1 ai_us=0 audio_us=24 net_us=0
[2026-08-17T12:06:47Z INFO  steel_front::engine::renderer] visible=65536/65536 near=65536 far=0 fps=379.7 frame_us=2600 cull_us=0 terrain_us=0 wait_fence_us=2047 acquire_us=1 record_us=50 submit_us=81 present_us=221 terrain_lod=high blend=0.000 quality=中画质 marker=62 npc=42
[2026-08-17T12:06:48Z INFO  steel_front] cam: yaw=0.0 pitch=0.0 dist=3.4 mode=FirstPerson cycle_us=2400 update_us=35 render_us=2365
[2026-08-17T12:06:48Z INFO  steel_front::engine::game] game: wave=1 enemies=6 enemy_hp=100 hp=0/100 score=0 phys_us=2 ai_us=0 audio_us=15 net_us=0
[2026-08-17T12:06:48Z INFO  steel_front::engine::renderer] visible=65536/65536 near=65536 far=0 fps=383.2 frame_us=2607 cull_us=0 terrain_us=0 wait_fence_us=2013 acquire_us=1 record_us=61 submit_us=51 present_us=231 terrain_lod=high blend=0.000 quality=中画质 marker=44 npc=42
[2026-08-17T12:06:49Z INFO  steel_front] size diag: window_inner=2560x1600 hud=2560x1600
[2026-08-17T12:06:49Z INFO  steel_front] size diag: window_inner=2560x1600 hud=2560x1600
[2026-08-17T12:06:49Z INFO  steel_front] size diag: window_inner=2560x1600 hud=2560x1600
[2026-08-17T12:06:49Z INFO  steel_front] size diag: window_inner=2560x1600 hud=2560x1600
[2026-08-17T12:06:49Z INFO  steel_front] size diag: window_inner=2560x1600 hud=2560x1600
[2026-08-17T12:06:49Z INFO  steel_front] size diag: window_inner=2560x1600 hud=2560x1600
[2026-08-17T12:06:49Z INFO  steel_front] size diag: window_inner=2560x1600 hud=2560x1600
[2026-08-17T12:06:49Z INFO  steel_front] size diag: window_inner=2560x1600 hud=2560x1600
[2026-08-17T12:06:49Z INFO  steel_front] size diag: window_inner=2560x1600 hud=2560x1600
[2026-08-17T12:06:49Z INFO  steel_front] size diag: window_inner=2560x1600 hud=2560x1600
[2026-08-17T12:06:49Z INFO  steel_front] size diag: window_inner=2560x1600 hud=2560x1600
[2026-08-17T12:06:49Z INFO  steel_front] size diag: window_inner=2560x1600 hud=2560x1600
[2026-08-17T12:06:49Z INFO  steel_front] size diag: window_inner=2560x1600 hud=2560x1600
[2026-08-17T12:06:49Z INFO  steel_front] size diag: window_inner=2560x1600 hud=2560x1600
[2026-08-17T12:06:49Z INFO  steel_front] size diag: window_inner=2560x1600 hud=2560x1600
[2026-08-17T12:06:49Z INFO  steel_front] size diag: window_inner=2560x1600 hud=2560x1600
[2026-08-17T12:06:49Z INFO  steel_front] size diag: window_inner=2560x1600 hud=2560x1600
[2026-08-17T12:06:49Z INFO  steel_front] size diag: window_inner=2560x1600 hud=2560x1600
[2026-08-17T12:06:49Z INFO  steel_front] size diag: window_inner=2560x1600 hud=2560x1600
[2026-08-17T12:06:49Z INFO  steel_front] cam: yaw=0.0 pitch=0.0 dist=3.4 mode=FirstPerson cycle_us=2820 update_us=23 render_us=2797
[2026-08-17T12:06:49Z INFO  steel_front::engine::game] game: wave=1 enemies=6 enemy_hp=100 hp=0/100 score=0 phys_us=2 ai_us=0 audio_us=25 net_us=0
[2026-08-17T12:06:49Z INFO  steel_front::engine::renderer] visible=65536/65536 near=65536 far=0 fps=364.5 frame_us=2221 cull_us=0 terrain_us=0 wait_fence_us=2110 acquire_us=1 record_us=52 submit_us=62 present_us=328 terrain_lod=high blend=0.000 quality=中画质 marker=62 npc=42
[2026-08-17T12:06:50Z INFO  steel_front] cam: yaw=0.0 pitch=0.0 dist=3.4 mode=FirstPerson cycle_us=2729 update_us=31 render_us=2698
[2026-08-17T12:06:50Z INFO  steel_front::engine::game] game: wave=1 enemies=6 enemy_hp=100 hp=0/100 score=0 phys_us=2 ai_us=0 audio_us=18 net_us=0
[2026-08-17T12:06:50Z INFO  steel_front::engine::renderer] visible=65536/65536 near=65536 far=0 fps=376.4 frame_us=2639 cull_us=0 terrain_us=0 wait_fence_us=2756 acquire_us=1 record_us=56 submit_us=91 present_us=201 terrain_lod=high blend=0.000 quality=中画质 marker=43 npc=42
[2026-08-17T12:06:51Z INFO  steel_front] cam: yaw=0.0 pitch=0.0 dist=3.4 mode=FirstPerson cycle_us=2560 update_us=27 render_us=2532
[2026-08-17T12:06:51Z INFO  steel_front::engine::game] game: wave=1 enemies=6 enemy_hp=100 hp=0/100 score=0 phys_us=2 ai_us=0 audio_us=32 net_us=0
[2026-08-17T12:06:51Z INFO  steel_front::engine::renderer] visible=65536/65536 near=65536 far=0 fps=379.2 frame_us=2273 cull_us=1 terrain_us=0 wait_fence_us=2141 acquire_us=1 record_us=74 submit_us=49 present_us=241 terrain_lod=high blend=0.000 quality=中画质 marker=62 npc=42
[2026-08-17T12:06:52Z INFO  steel_front] cam: yaw=0.0 pitch=0.0 dist=3.4 mode=FirstPerson cycle_us=2805 update_us=29 render_us=2776
[2026-08-17T12:06:52Z INFO  steel_front::engine::game] game: wave=1 enemies=6 enemy_hp=100 hp=0/100 score=0 phys_us=2 ai_us=0 audio_us=27 net_us=0
[2026-08-17T12:06:52Z INFO  steel_front::engine::renderer] visible=65536/65536 near=65536 far=0 fps=338.8 frame_us=2343 cull_us=0 terrain_us=0 wait_fence_us=2387 acquire_us=1 record_us=50 submit_us=55 present_us=263 terrain_lod=high blend=0.000 quality=中画质 marker=41 npc=42
[2026-08-17T12:06:53Z INFO  steel_front] cam: yaw=0.0 pitch=0.0 dist=3.4 mode=FirstPerson cycle_us=2468 update_us=33 render_us=2435
[2026-08-17T12:06:53Z INFO  steel_front::engine::game] game: wave=1 enemies=6 enemy_hp=100 hp=0/100 score=0 phys_us=7 ai_us=0 audio_us=23 net_us=0
[2026-08-17T12:06:53Z INFO  steel_front::engine::renderer] visible=65536/65536 near=65536 far=0 fps=382.5 frame_us=2819 cull_us=0 terrain_us=0 wait_fence_us=1914 acquire_us=0 record_us=49 submit_us=66 present_us=203 terrain_lod=high blend=0.000 quality=中画质 marker=62 npc=42
[2026-08-17T12:06:54Z INFO  steel_front] size diag: window_inner=2560x1600 hud=2560x1600
[2026-08-17T12:06:54Z INFO  steel_front] size diag: window_inner=2560x1600 hud=2560x1600
[2026-08-17T12:06:54Z INFO  steel_front] size diag: window_inner=2560x1600 hud=2560x1600
[2026-08-17T12:06:54Z INFO  steel_front] size diag: window_inner=2560x1600 hud=2560x1600
[2026-08-17T12:06:54Z INFO  steel_front] size diag: window_inner=2560x1600 hud=2560x1600
[2026-08-17T12:06:54Z INFO  steel_front] size diag: window_inner=2560x1600 hud=2560x1600
[2026-08-17T12:06:54Z INFO  steel_front] size diag: window_inner=2560x1600 hud=2560x1600
[2026-08-17T12:06:54Z INFO  steel_front] size diag: window_inner=2560x1600 hud=2560x1600
[2026-08-17T12:06:54Z INFO  steel_front] size diag: window_inner=2560x1600 hud=2560x1600
[2026-08-17T12:06:54Z INFO  steel_front] size diag: window_inner=2560x1600 hud=2560x1600
[2026-08-17T12:06:54Z INFO  steel_front] size diag: window_inner=2560x1600 hud=2560x1600
[2026-08-17T12:06:54Z INFO  steel_front] size diag: window_inner=2560x1600 hud=2560x1600
[2026-08-17T12:06:54Z INFO  steel_front] size diag: window_inner=2560x1600 hud=2560x1600
[2026-08-17T12:06:54Z INFO  steel_front] size diag: window_inner=2560x1600 hud=2560x1600
[2026-08-17T12:06:54Z INFO  steel_front] size diag: window_inner=2560x1600 hud=2560x1600
[2026-08-17T12:06:54Z INFO  steel_front] size diag: window_inner=2560x1600 hud=2560x1600
[2026-08-17T12:06:54Z INFO  steel_front] size diag: window_inner=2560x1600 hud=2560x1600
[2026-08-17T12:06:54Z INFO  steel_front] size diag: window_inner=2560x1600 hud=2560x1600
[2026-08-17T12:06:54Z INFO  steel_front] size diag: window_inner=2560x1600 hud=2560x1600
[2026-08-17T12:06:54Z INFO  steel_front] cam: yaw=0.0 pitch=0.0 dist=3.4 mode=FirstPerson cycle_us=2436 update_us=19 render_us=2416
[2026-08-17T12:06:54Z INFO  steel_front::engine::game] game: wave=1 enemies=6 enemy_hp=100 hp=0/100 score=0 phys_us=2 ai_us=0 audio_us=27 net_us=0
[2026-08-17T12:06:54Z INFO  steel_front::engine::renderer] visible=65536/65536 near=65536 far=0 fps=383.1 frame_us=2366 cull_us=0 terrain_us=0 wait_fence_us=2258 acquire_us=1 record_us=49 submit_us=42 present_us=205 terrain_lod=high blend=0.000 quality=中画质 marker=39 npc=42
[2026-08-17T12:06:55Z INFO  steel_front] cam: yaw=0.0 pitch=0.0 dist=3.4 mode=FirstPerson cycle_us=2811 update_us=32 render_us=2779
[2026-08-17T12:06:55Z INFO  steel_front::engine::game] game: wave=1 enemies=6 enemy_hp=100 hp=0/100 score=0 phys_us=2 ai_us=0 audio_us=24 net_us=0
[2026-08-17T12:06:55Z INFO  steel_front::engine::renderer] visible=65536/65536 near=65536 far=0 fps=362.6 frame_us=2115 cull_us=0 terrain_us=0 wait_fence_us=2463 acquire_us=1 record_us=26 submit_us=22 present_us=136 terrain_lod=high blend=0.000 quality=中画质 marker=62 npc=42
[2026-08-17T12:06:56Z INFO  steel_front] cam: yaw=0.0 pitch=0.0 dist=3.4 mode=FirstPerson cycle_us=2571 update_us=37 render_us=2533
[2026-08-17T12:06:56Z INFO  steel_front::engine::game] game: wave=1 enemies=6 enemy_hp=100 hp=0/100 score=0 phys_us=2 ai_us=0 audio_us=17 net_us=0
[2026-08-17T12:06:56Z INFO  steel_front::engine::renderer] visible=65536/65536 near=65536 far=0 fps=381.4 frame_us=2590 cull_us=0 terrain_us=0 wait_fence_us=1913 acquire_us=1 record_us=50 submit_us=53 present_us=207 terrain_lod=high blend=0.000 quality=中画质 marker=38 npc=42
[2026-08-17T12:06:57Z INFO  steel_front] cam: yaw=0.0 pitch=0.0 dist=3.4 mode=FirstPerson cycle_us=2499 update_us=33 render_us=2465
[2026-08-17T12:06:57Z INFO  steel_front::engine::game] game: wave=1 enemies=6 enemy_hp=100 hp=0/100 score=0 phys_us=2 ai_us=0 audio_us=32 net_us=0
[2026-08-17T12:06:57Z INFO  steel_front::engine::renderer] visible=65536/65536 near=65536 far=0 fps=376.1 frame_us=2151 cull_us=0 terrain_us=0 wait_fence_us=2381 acquire_us=1 record_us=35 submit_us=63 present_us=148 terrain_lod=high blend=0.000 quality=中画质 marker=62 npc=42
[2026-08-17T12:06:58Z INFO  steel_front] cam: yaw=0.0 pitch=0.0 dist=3.4 mode=FirstPerson cycle_us=2880 update_us=32 render_us=2848
[2026-08-17T12:06:58Z INFO  steel_front::engine::game] game: wave=1 enemies=6 enemy_hp=100 hp=0/100 score=0 phys_us=2 ai_us=0 audio_us=17 net_us=0
[2026-08-17T12:06:58Z INFO  steel_front::engine::renderer] visible=65536/65536 near=65536 far=0 fps=360.4 frame_us=2656 cull_us=0 terrain_us=0 wait_fence_us=1933 acquire_us=1 record_us=55 submit_us=72 present_us=232 terrain_lod=high blend=0.000 quality=中画质 marker=36 npc=42
[2026-08-17T12:06:59Z INFO  steel_front] size diag: window_inner=2560x1600 hud=2560x1600
[2026-08-17T12:06:59Z INFO  steel_front] size diag: window_inner=2560x1600 hud=2560x1600
[2026-08-17T12:06:59Z INFO  steel_front] size diag: window_inner=2560x1600 hud=2560x1600
[2026-08-17T12:06:59Z INFO  steel_front] size diag: window_inner=2560x1600 hud=2560x1600
[2026-08-17T12:06:59Z INFO  steel_front] size diag: window_inner=2560x1600 hud=2560x1600
[2026-08-17T12:06:59Z INFO  steel_front] size diag: window_inner=2560x1600 hud=2560x1600
[2026-08-17T12:06:59Z INFO  steel_front] size diag: window_inner=2560x1600 hud=2560x1600
[2026-08-17T12:06:59Z INFO  steel_front] size diag: window_inner=2560x1600 hud=2560x1600
[2026-08-17T12:06:59Z INFO  steel_front] size diag: window_inner=2560x1600 hud=2560x1600
[2026-08-17T12:06:59Z INFO  steel_front] size diag: window_inner=2560x1600 hud=2560x1600
[2026-08-17T12:06:59Z INFO  steel_front] size diag: window_inner=2560x1600 hud=2560x1600
[2026-08-17T12:06:59Z INFO  steel_front] size diag: window_inner=2560x1600 hud=2560x1600
[2026-08-17T12:06:59Z INFO  steel_front] size diag: window_inner=2560x1600 hud=2560x1600
[2026-08-17T12:06:59Z INFO  steel_front] size diag: window_inner=2560x1600 hud=2560x1600
[2026-08-17T12:06:59Z INFO  steel_front] size diag: window_inner=2560x1600 hud=2560x1600
[2026-08-17T12:06:59Z INFO  steel_front] size diag: window_inner=2560x1600 hud=2560x1600
[2026-08-17T12:06:59Z INFO  steel_front] size diag: window_inner=2560x1600 hud=2560x1600
[2026-08-17T12:06:59Z INFO  steel_front] size diag: window_inner=2560x1600 hud=2560x1600
[2026-08-17T12:06:59Z INFO  steel_front] cam: yaw=0.0 pitch=0.0 dist=3.4 mode=FirstPerson cycle_us=2712 update_us=26 render_us=2686
[2026-08-17T12:06:59Z INFO  steel_front::engine::game] game: wave=1 enemies=6 enemy_hp=100 hp=0/100 score=0 phys_us=2 ai_us=0 audio_us=30 net_us=0
[2026-08-17T12:06:59Z INFO  steel_front::engine::renderer] visible=65536/65536 near=65536 far=0 fps=351.8 frame_us=2864 cull_us=0 terrain_us=0 wait_fence_us=2095 acquire_us=1 record_us=55 submit_us=50 present_us=224 terrain_lod=high blend=0.000 quality=中画质 marker=60 npc=42
[2026-08-17T12:07:00Z INFO  steel_front] cam: yaw=0.0 pitch=0.0 dist=3.4 mode=FirstPerson cycle_us=2926 update_us=20 render_us=2906
[2026-08-17T12:07:00Z INFO  steel_front::engine::game] game: wave=1 enemies=6 enemy_hp=100 hp=0/100 score=0 phys_us=2 ai_us=0 audio_us=16 net_us=0
[2026-08-17T12:07:00Z INFO  steel_front::engine::renderer] visible=65536/65536 near=65536 far=0 fps=370.7 frame_us=2141 cull_us=0 terrain_us=0 wait_fence_us=1968 acquire_us=1 record_us=67 submit_us=65 present_us=242 terrain_lod=high blend=0.000 quality=中画质 marker=36 npc=42
[2026-08-17T12:07:01Z INFO  steel_front] cam: yaw=0.0 pitch=0.0 dist=3.4 mode=FirstPerson cycle_us=2835 update_us=32 render_us=2802
[2026-08-17T12:07:01Z INFO  steel_front::engine::game] game: wave=1 enemies=6 enemy_hp=100 hp=0/100 score=0 phys_us=2 ai_us=0 audio_us=24 net_us=0
[2026-08-17T12:07:01Z INFO  steel_front::engine::renderer] visible=65536/65536 near=65536 far=0 fps=372.6 frame_us=2305 cull_us=0 terrain_us=0 wait_fence_us=2459 acquire_us=1 record_us=36 submit_us=69 present_us=142 terrain_lod=high blend=0.000 quality=中画质 marker=62 npc=42
[2026-08-17T12:07:02Z INFO  steel_front] cam: yaw=0.0 pitch=0.0 dist=3.4 mode=FirstPerson cycle_us=2843 update_us=35 render_us=2807
[2026-08-17T12:07:02Z INFO  steel_front::engine::game] game: wave=1 enemies=6 enemy_hp=100 hp=0/100 score=0 phys_us=2 ai_us=0 audio_us=27 net_us=0
[2026-08-17T12:07:02Z INFO  steel_front::engine::renderer] visible=65536/65536 near=65536 far=0 fps=370.2 frame_us=2328 cull_us=0 terrain_us=0 wait_fence_us=2542 acquire_us=0 record_us=20 submit_us=17 present_us=127 terrain_lod=high blend=0.000 quality=中画质 marker=36 npc=42
[2026-08-17T12:07:03Z INFO  steel_front] cam: yaw=0.0 pitch=0.0 dist=3.4 mode=FirstPerson cycle_us=2507 update_us=23 render_us=2483
[2026-08-17T12:07:03Z INFO  steel_front::engine::game] game: wave=1 enemies=6 enemy_hp=100 hp=0/100 score=0 phys_us=2 ai_us=0 audio_us=26 net_us=0
[2026-08-17T12:07:03Z INFO  steel_front::engine::renderer] visible=65536/65536 near=65536 far=0 fps=374.5 frame_us=2654 cull_us=1 terrain_us=0 wait_fence_us=2391 acquire_us=1 record_us=23 submit_us=49 present_us=137 terrain_lod=high blend=0.000 quality=中画质 marker=62 npc=42
[2026-08-17T12:07:04Z INFO  steel_front] size diag: window_inner=2560x1600 hud=2560x1600
[2026-08-17T12:07:04Z INFO  steel_front] size diag: window_inner=2560x1600 hud=2560x1600
[2026-08-17T12:07:04Z INFO  steel_front] size diag: window_inner=2560x1600 hud=2560x1600
[2026-08-17T12:07:04Z INFO  steel_front] size diag: window_inner=2560x1600 hud=2560x1600
[2026-08-17T12:07:04Z INFO  steel_front] size diag: window_inner=2560x1600 hud=2560x1600
[2026-08-17T12:07:04Z INFO  steel_front] size diag: window_inner=2560x1600 hud=2560x1600
[2026-08-17T12:07:04Z INFO  steel_front] size diag: window_inner=2560x1600 hud=2560x1600
[2026-08-17T12:07:04Z INFO  steel_front] size diag: window_inner=2560x1600 hud=2560x1600
[2026-08-17T12:07:04Z INFO  steel_front] size diag: window_inner=2560x1600 hud=2560x1600
[2026-08-17T12:07:04Z INFO  steel_front] size diag: window_inner=2560x1600 hud=2560x1600
[2026-08-17T12:07:04Z INFO  steel_front] size diag: window_inner=2560x1600 hud=2560x1600
[2026-08-17T12:07:04Z INFO  steel_front] size diag: window_inner=2560x1600 hud=2560x1600
[2026-08-17T12:07:04Z INFO  steel_front] size diag: window_inner=2560x1600 hud=2560x1600
[2026-08-17T12:07:04Z INFO  steel_front] size diag: window_inner=2560x1600 hud=2560x1600
[2026-08-17T12:07:04Z INFO  steel_front] size diag: window_inner=2560x1600 hud=2560x1600
[2026-08-17T12:07:04Z INFO  steel_front] size diag: window_inner=2560x1600 hud=2560x1600
[2026-08-17T12:07:04Z INFO  steel_front] size diag: window_inner=2560x1600 hud=2560x1600
[2026-08-17T12:07:04Z INFO  steel_front] size diag: window_inner=2560x1600 hud=2560x1600
[2026-08-17T12:07:04Z INFO  steel_front] size diag: window_inner=2560x1600 hud=2560x1600
[2026-08-17T12:07:04Z INFO  steel_front] cam: yaw=0.0 pitch=0.0 dist=3.4 mode=FirstPerson cycle_us=2704 update_us=28 render_us=2675
[2026-08-17T12:07:04Z INFO  steel_front::engine::game] game: wave=1 enemies=6 enemy_hp=100 hp=0/100 score=0 phys_us=1 ai_us=0 audio_us=24 net_us=0
[2026-08-17T12:07:04Z INFO  steel_front::engine::renderer] visible=65536/65536 near=65536 far=0 fps=376.0 frame_us=2121 cull_us=0 terrain_us=0 wait_fence_us=2455 acquire_us=1 record_us=42 submit_us=31 present_us=221 terrain_lod=high blend=0.000 quality=中画质 marker=36 npc=42
[2026-08-17T12:07:05Z INFO  steel_front] cam: yaw=0.0 pitch=0.0 dist=3.4 mode=FirstPerson cycle_us=2782 update_us=35 render_us=2746
[2026-08-17T12:07:05Z INFO  steel_front::engine::game] game: wave=1 enemies=6 enemy_hp=100 hp=0/100 score=0 phys_us=2 ai_us=0 audio_us=32 net_us=0
[2026-08-17T12:07:05Z INFO  steel_front::engine::renderer] visible=65536/65536 near=65536 far=0 fps=376.5 frame_us=2803 cull_us=0 terrain_us=0 wait_fence_us=1988 acquire_us=0 record_us=40 submit_us=37 present_us=231 terrain_lod=high blend=0.000 quality=中画质 marker=62 npc=42
[2026-08-17T12:07:06Z INFO  steel_front] cam: yaw=0.0 pitch=0.0 dist=3.4 mode=FirstPerson cycle_us=2777 update_us=31 render_us=2746
[2026-08-17T12:07:06Z INFO  steel_front::engine::game] game: wave=1 enemies=6 enemy_hp=100 hp=0/100 score=0 phys_us=2 ai_us=0 audio_us=25 net_us=0
[2026-08-17T12:07:06Z INFO  steel_front::engine::renderer] visible=65536/65536 near=65536 far=0 fps=374.4 frame_us=2347 cull_us=0 terrain_us=0 wait_fence_us=1931 acquire_us=1 record_us=29 submit_us=43 present_us=225 terrain_lod=high blend=0.000 quality=中画质 marker=36 npc=42
[2026-08-17T12:07:07Z INFO  steel_front] cam: yaw=0.0 pitch=0.0 dist=3.4 mode=FirstPerson cycle_us=3717 update_us=46 render_us=3671
[2026-08-17T12:07:07Z INFO  steel_front::engine::game] game: wave=1 enemies=6 enemy_hp=100 hp=0/100 score=0 phys_us=1 ai_us=0 audio_us=18 net_us=0
[2026-08-17T12:07:07Z INFO  steel_front::engine::renderer] visible=65536/65536 near=65536 far=0 fps=363.7 frame_us=2318 cull_us=0 terrain_us=0 wait_fence_us=2251 acquire_us=1 record_us=24 submit_us=23 present_us=319 terrain_lod=high blend=0.000 quality=中画质 marker=62 npc=42
[2026-08-17T12:07:08Z INFO  steel_front] cam: yaw=0.0 pitch=0.0 dist=3.4 mode=FirstPerson cycle_us=2400 update_us=19 render_us=2380
[2026-08-17T12:07:08Z INFO  steel_front::engine::game] game: wave=1 enemies=6 enemy_hp=100 hp=0/100 score=0 phys_us=2 ai_us=0 audio_us=17 net_us=0
[2026-08-17T12:07:08Z INFO  steel_front::engine::renderer] visible=65536/65536 near=65536 far=0 fps=380.4 frame_us=2585 cull_us=0 terrain_us=0 wait_fence_us=2113 acquire_us=1 record_us=27 submit_us=119 present_us=194 terrain_lod=high blend=0.000 quality=中画质 marker=36 npc=42
[2026-08-17T12:07:09Z INFO  steel_front] size diag: window_inner=2560x1600 hud=2560x1600
[2026-08-17T12:07:09Z INFO  steel_front] size diag: window_inner=2560x1600 hud=2560x1600
[2026-08-17T12:07:09Z INFO  steel_front] size diag: window_inner=2560x1600 hud=2560x1600
[2026-08-17T12:07:09Z INFO  steel_front] size diag: window_inner=2560x1600 hud=2560x1600
[2026-08-17T12:07:09Z INFO  steel_front] size diag: window_inner=2560x1600 hud=2560x1600
[2026-08-17T12:07:09Z INFO  steel_front] size diag: window_inner=2560x1600 hud=2560x1600
[2026-08-17T12:07:09Z INFO  steel_front] size diag: window_inner=2560x1600 hud=2560x1600
[2026-08-17T12:07:09Z INFO  steel_front] size diag: window_inner=2560x1600 hud=2560x1600
[2026-08-17T12:07:09Z INFO  steel_front] size diag: window_inner=2560x1600 hud=2560x1600
[2026-08-17T12:07:09Z INFO  steel_front] size diag: window_inner=2560x1600 hud=2560x1600
[2026-08-17T12:07:09Z INFO  steel_front] size diag: window_inner=2560x1600 hud=2560x1600
[2026-08-17T12:07:09Z INFO  steel_front] size diag: window_inner=2560x1600 hud=2560x1600
[2026-08-17T12:07:09Z INFO  steel_front] size diag: window_inner=2560x1600 hud=2560x1600
[2026-08-17T12:07:09Z INFO  steel_front] size diag: window_inner=2560x1600 hud=2560x1600
[2026-08-17T12:07:09Z INFO  steel_front] size diag: window_inner=2560x1600 hud=2560x1600
[2026-08-17T12:07:09Z INFO  steel_front] size diag: window_inner=2560x1600 hud=2560x1600
[2026-08-17T12:07:09Z INFO  steel_front] size diag: window_inner=2560x1600 hud=2560x1600
[2026-08-17T12:07:09Z INFO  steel_front] size diag: window_inner=2560x1600 hud=2560x1600
[2026-08-17T12:07:09Z INFO  steel_front] size diag: window_inner=2560x1600 hud=2560x1600
[2026-08-17T12:07:09Z INFO  steel_front] cam: yaw=0.0 pitch=0.0 dist=3.4 mode=FirstPerson cycle_us=2890 update_us=17 render_us=2872
[2026-08-17T12:07:09Z INFO  steel_front::engine::game] game: wave=1 enemies=6 enemy_hp=100 hp=0/100 score=0 phys_us=2 ai_us=0 audio_us=25 net_us=0
[2026-08-17T12:07:09Z INFO  steel_front::engine::renderer] visible=65536/65536 near=65536 far=0 fps=380.2 frame_us=2382 cull_us=0 terrain_us=0 wait_fence_us=1968 acquire_us=1 record_us=38 submit_us=29 present_us=193 terrain_lod=high blend=0.000 quality=中画质 marker=62 npc=42
[2026-08-17T12:07:10Z INFO  steel_front] cam: yaw=0.0 pitch=0.0 dist=3.4 mode=FirstPerson cycle_us=2961 update_us=21 render_us=2939
[2026-08-17T12:07:10Z INFO  steel_front::engine::game] game: wave=1 enemies=6 enemy_hp=100 hp=0/100 score=0 phys_us=1 ai_us=0 audio_us=29 net_us=0
[2026-08-17T12:07:10Z INFO  steel_front::engine::renderer] visible=65536/65536 near=65536 far=0 fps=384.3 frame_us=2311 cull_us=0 terrain_us=0 wait_fence_us=2229 acquire_us=1 record_us=39 submit_us=29 present_us=267 terrain_lod=high blend=0.000 quality=中画质 marker=36 npc=42
[2026-08-17T12:07:11Z INFO  steel_front] cam: yaw=0.0 pitch=0.0 dist=3.4 mode=FirstPerson cycle_us=2499 update_us=36 render_us=2462
[2026-08-17T12:07:11Z INFO  steel_front::engine::game] game: wave=1 enemies=6 enemy_hp=100 hp=0/100 score=0 phys_us=2 ai_us=0 audio_us=23 net_us=0
[2026-08-17T12:07:11Z INFO  steel_front::engine::renderer] visible=65536/65536 near=65536 far=0 fps=372.6 frame_us=2441 cull_us=0 terrain_us=0 wait_fence_us=1944 acquire_us=1 record_us=38 submit_us=32 present_us=198 terrain_lod=high blend=0.000 quality=中画质 marker=62 npc=42
[2026-08-17T12:07:12Z INFO  steel_front] cam: yaw=0.0 pitch=0.0 dist=3.4 mode=FirstPerson cycle_us=2280 update_us=46 render_us=2233
[2026-08-17T12:07:12Z INFO  steel_front::engine::game] game: wave=1 enemies=6 enemy_hp=100 hp=0/100 score=0 phys_us=2 ai_us=0 audio_us=24 net_us=0
[2026-08-17T12:07:12Z INFO  steel_front::engine::renderer] visible=65536/65536 near=65536 far=0 fps=383.6 frame_us=2600 cull_us=0 terrain_us=0 wait_fence_us=1954 acquire_us=0 record_us=39 submit_us=35 present_us=196 terrain_lod=high blend=0.000 quality=中画质 marker=36 npc=42
[2026-08-17T12:07:13Z INFO  steel_front] cam: yaw=0.0 pitch=0.0 dist=3.4 mode=FirstPerson cycle_us=2635 update_us=24 render_us=2610
[2026-08-17T12:07:13Z INFO  steel_front::engine::game] game: wave=1 enemies=6 enemy_hp=100 hp=0/100 score=0 phys_us=2 ai_us=0 audio_us=28 net_us=0
[2026-08-17T12:07:13Z INFO  steel_front::engine::renderer] visible=65536/65536 near=65536 far=0 fps=381.8 frame_us=2144 cull_us=0 terrain_us=0 wait_fence_us=2088 acquire_us=1 record_us=26 submit_us=20 present_us=150 terrain_lod=high blend=0.000 quality=中画质 marker=61 npc=42
[2026-08-17T12:07:14Z INFO  steel_front] size diag: window_inner=2560x1600 hud=2560x1600
[2026-08-17T12:07:14Z INFO  steel_front] size diag: window_inner=2560x1600 hud=2560x1600
[2026-08-17T12:07:14Z INFO  steel_front] size diag: window_inner=2560x1600 hud=2560x1600
[2026-08-17T12:07:14Z INFO  steel_front] size diag: window_inner=2560x1600 hud=2560x1600
[2026-08-17T12:07:14Z INFO  steel_front] size diag: window_inner=2560x1600 hud=2560x1600
[2026-08-17T12:07:14Z INFO  steel_front] size diag: window_inner=2560x1600 hud=2560x1600
[2026-08-17T12:07:14Z INFO  steel_front] size diag: window_inner=2560x1600 hud=2560x1600
[2026-08-17T12:07:14Z INFO  steel_front] size diag: window_inner=2560x1600 hud=2560x1600
[2026-08-17T12:07:14Z INFO  steel_front] size diag: window_inner=2560x1600 hud=2560x1600
[2026-08-17T12:07:14Z INFO  steel_front] size diag: window_inner=2560x1600 hud=2560x1600
[2026-08-17T12:07:14Z INFO  steel_front] size diag: window_inner=2560x1600 hud=2560x1600
[2026-08-17T12:07:14Z INFO  steel_front] size diag: window_inner=2560x1600 hud=2560x1600
[2026-08-17T12:07:14Z INFO  steel_front] size diag: window_inner=2560x1600 hud=2560x1600
[2026-08-17T12:07:14Z INFO  steel_front] size diag: window_inner=2560x1600 hud=2560x1600
[2026-08-17T12:07:14Z INFO  steel_front] size diag: window_inner=2560x1600 hud=2560x1600
[2026-08-17T12:07:14Z INFO  steel_front] size diag: window_inner=2560x1600 hud=2560x1600
[2026-08-17T12:07:14Z INFO  steel_front] size diag: window_inner=2560x1600 hud=2560x1600
[2026-08-17T12:07:14Z INFO  steel_front] cam: yaw=0.0 pitch=0.0 dist=3.4 mode=FirstPerson cycle_us=2697 update_us=23 render_us=2673
[2026-08-17T12:07:14Z INFO  steel_front::engine::game] game: wave=1 enemies=6 enemy_hp=100 hp=0/100 score=0 phys_us=4 ai_us=0 audio_us=30 net_us=0
[2026-08-17T12:07:14Z INFO  steel_front::engine::renderer] visible=65536/65536 near=65536 far=0 fps=353.3 frame_us=2367 cull_us=0 terrain_us=0 wait_fence_us=2117 acquire_us=0 record_us=42 submit_us=31 present_us=463 terrain_lod=high blend=0.000 quality=中画质 marker=36 npc=42
[2026-08-17T12:07:15Z INFO  steel_front] cam: yaw=0.0 pitch=0.0 dist=3.4 mode=FirstPerson cycle_us=2620 update_us=35 render_us=2584
[2026-08-17T12:07:15Z INFO  steel_front::engine::game] game: wave=1 enemies=6 enemy_hp=100 hp=0/100 score=0 phys_us=2 ai_us=0 audio_us=23 net_us=0
[2026-08-17T12:07:15Z INFO  steel_front::engine::renderer] visible=65536/65536 near=65536 far=0 fps=368.2 frame_us=3023 cull_us=0 terrain_us=0 wait_fence_us=1813 acquire_us=1 record_us=41 submit_us=35 present_us=414 terrain_lod=high blend=0.000 quality=中画质 marker=62 npc=42
[2026-08-17T12:07:16Z INFO  steel_front] cam: yaw=0.0 pitch=0.0 dist=3.4 mode=FirstPerson cycle_us=3177 update_us=39 render_us=3138
[2026-08-17T12:07:16Z INFO  steel_front::engine::game] game: wave=1 enemies=6 enemy_hp=100 hp=0/100 score=0 phys_us=2 ai_us=0 audio_us=11 net_us=0
[2026-08-17T12:07:16Z INFO  steel_front::engine::renderer] visible=65536/65536 near=65536 far=0 fps=375.0 frame_us=2828 cull_us=0 terrain_us=0 wait_fence_us=2014 acquire_us=1 record_us=24 submit_us=60 present_us=704 terrain_lod=high blend=0.000 quality=中画质 marker=36 npc=42
[2026-08-17T12:07:17Z INFO  steel_front] cam: yaw=0.0 pitch=0.0 dist=3.4 mode=FirstPerson cycle_us=2373 update_us=33 render_us=2339
[2026-08-17T12:07:17Z INFO  steel_front::engine::game] game: wave=1 enemies=6 enemy_hp=100 hp=0/100 score=0 phys_us=2 ai_us=0 audio_us=28 net_us=0
[2026-08-17T12:07:17Z INFO  steel_front::engine::renderer] visible=65536/65536 near=65536 far=0 fps=373.3 frame_us=2755 cull_us=0 terrain_us=0 wait_fence_us=2226 acquire_us=1 record_us=46 submit_us=50 present_us=438 terrain_lod=high blend=0.000 quality=中画质 marker=61 npc=42
[2026-08-17T12:07:18Z INFO  steel_front] cam: yaw=0.0 pitch=0.0 dist=3.4 mode=FirstPerson cycle_us=2655 update_us=32 render_us=2622
[2026-08-17T12:07:18Z INFO  steel_front::engine::game] game: wave=1 enemies=6 enemy_hp=100 hp=0/100 score=0 phys_us=1 ai_us=0 audio_us=27 net_us=0
[2026-08-17T12:07:18Z INFO  steel_front::engine::renderer] visible=65536/65536 near=65536 far=0 fps=375.2 frame_us=1941 cull_us=0 terrain_us=0 wait_fence_us=2182 acquire_us=1 record_us=23 submit_us=21 present_us=251 terrain_lod=high blend=0.000 quality=中画质 marker=36 npc=42
[2026-08-17T12:07:19Z INFO  steel_front] size diag: window_inner=2560x1600 hud=2560x1600
[2026-08-17T12:07:19Z INFO  steel_front] size diag: window_inner=2560x1600 hud=2560x1600
[2026-08-17T12:07:19Z INFO  steel_front] size diag: window_inner=2560x1600 hud=2560x1600
[2026-08-17T12:07:19Z INFO  steel_front] size diag: window_inner=2560x1600 hud=2560x1600
[2026-08-17T12:07:19Z INFO  steel_front] size diag: window_inner=2560x1600 hud=2560x1600
[2026-08-17T12:07:19Z INFO  steel_front] size diag: window_inner=2560x1600 hud=2560x1600
[2026-08-17T12:07:19Z INFO  steel_front] size diag: window_inner=2560x1600 hud=2560x1600
[2026-08-17T12:07:19Z INFO  steel_front] size diag: window_inner=2560x1600 hud=2560x1600
[2026-08-17T12:07:19Z INFO  steel_front] size diag: window_inner=2560x1600 hud=2560x1600
[2026-08-17T12:07:19Z INFO  steel_front] size diag: window_inner=2560x1600 hud=2560x1600
[2026-08-17T12:07:19Z INFO  steel_front] size diag: window_inner=2560x1600 hud=2560x1600
[2026-08-17T12:07:19Z INFO  steel_front] size diag: window_inner=2560x1600 hud=2560x1600
[2026-08-17T12:07:19Z INFO  steel_front] size diag: window_inner=2560x1600 hud=2560x1600
[2026-08-17T12:07:19Z INFO  steel_front] size diag: window_inner=2560x1600 hud=2560x1600
[2026-08-17T12:07:19Z INFO  steel_front] size diag: window_inner=2560x1600 hud=2560x1600
[2026-08-17T12:07:19Z INFO  steel_front] size diag: window_inner=2560x1600 hud=2560x1600
[2026-08-17T12:07:19Z INFO  steel_front] size diag: window_inner=2560x1600 hud=2560x1600
[2026-08-17T12:07:19Z INFO  steel_front] size diag: window_inner=2560x1600 hud=2560x1600
[2026-08-17T12:07:19Z INFO  steel_front] size diag: window_inner=2560x1600 hud=2560x1600
[2026-08-17T12:07:19Z INFO  steel_front] cam: yaw=0.0 pitch=0.0 dist=3.4 mode=FirstPerson cycle_us=2778 update_us=18 render_us=2760
[2026-08-17T12:07:19Z INFO  steel_front::engine::game] game: wave=1 enemies=6 enemy_hp=100 hp=0/100 score=0 phys_us=2 ai_us=0 audio_us=14 net_us=0
[2026-08-17T12:07:19Z INFO  steel_front::engine::renderer] visible=65536/65536 near=65536 far=0 fps=374.4 frame_us=2230 cull_us=1 terrain_us=0 wait_fence_us=2318 acquire_us=1 record_us=27 submit_us=20 present_us=281 terrain_lod=high blend=0.000 quality=中画质 marker=61 npc=42
[2026-08-17T12:07:20Z INFO  steel_front] cam: yaw=0.0 pitch=0.0 dist=3.4 mode=FirstPerson cycle_us=2476 update_us=34 render_us=2441
[2026-08-17T12:07:20Z INFO  steel_front::engine::game] game: wave=1 enemies=6 enemy_hp=100 hp=0/100 score=0 phys_us=3 ai_us=0 audio_us=15 net_us=0
[2026-08-17T12:07:20Z INFO  steel_front::engine::renderer] visible=65536/65536 near=65536 far=0 fps=372.2 frame_us=2637 cull_us=3 terrain_us=0 wait_fence_us=2166 acquire_us=10 record_us=26 submit_us=63 present_us=164 terrain_lod=high blend=0.000 quality=中画质 marker=36 npc=42
[2026-08-17T12:07:21Z INFO  steel_front] cam: yaw=0.0 pitch=0.0 dist=3.4 mode=FirstPerson cycle_us=2853 update_us=38 render_us=2815
[2026-08-17T12:07:21Z INFO  steel_front::engine::game] game: wave=1 enemies=6 enemy_hp=100 hp=0/100 score=0 phys_us=1 ai_us=0 audio_us=15 net_us=0
[2026-08-17T12:07:21Z INFO  steel_front::engine::renderer] visible=65536/65536 near=65536 far=0 fps=381.5 frame_us=2372 cull_us=1 terrain_us=0 wait_fence_us=2067 acquire_us=4 record_us=43 submit_us=30 present_us=230 terrain_lod=high blend=0.000 quality=中画质 marker=62 npc=42
[2026-08-17T12:07:22Z INFO  steel_front] cam: yaw=0.0 pitch=0.0 dist=3.4 mode=FirstPerson cycle_us=2840 update_us=33 render_us=2807
[2026-08-17T12:07:22Z INFO  steel_front::engine::game] game: wave=1 enemies=6 enemy_hp=100 hp=0/100 score=0 phys_us=1 ai_us=0 audio_us=14 net_us=0
[2026-08-17T12:07:22Z INFO  steel_front::engine::renderer] visible=65536/65536 near=65536 far=0 fps=383.5 frame_us=2276 cull_us=0 terrain_us=0 wait_fence_us=2727 acquire_us=1 record_us=24 submit_us=21 present_us=130 terrain_lod=high blend=0.000 quality=中画质 marker=36 npc=42
[2026-08-17T12:07:23Z INFO  steel_front] cam: yaw=0.0 pitch=0.0 dist=3.4 mode=FirstPerson cycle_us=2540 update_us=31 render_us=2509
[2026-08-17T12:07:23Z INFO  steel_front::engine::game] game: wave=1 enemies=6 enemy_hp=100 hp=0/100 score=0 phys_us=1 ai_us=0 audio_us=25 net_us=0
[2026-08-17T12:07:23Z INFO  steel_front::engine::renderer] visible=65536/65536 near=65536 far=0 fps=384.4 frame_us=2493 cull_us=0 terrain_us=0 wait_fence_us=1912 acquire_us=1 record_us=35 submit_us=37 present_us=224 terrain_lod=high blend=0.000 quality=中画质 marker=62 npc=42
[2026-08-17T12:07:24Z INFO  steel_front] size diag: window_inner=2560x1600 hud=2560x1600
[2026-08-17T12:07:24Z INFO  steel_front] size diag: window_inner=2560x1600 hud=2560x1600
[2026-08-17T12:07:24Z INFO  steel_front] size diag: window_inner=2560x1600 hud=2560x1600
[2026-08-17T12:07:24Z INFO  steel_front] size diag: window_inner=2560x1600 hud=2560x1600
[2026-08-17T12:07:24Z INFO  steel_front] size diag: window_inner=2560x1600 hud=2560x1600
[2026-08-17T12:07:24Z INFO  steel_front] size diag: window_inner=2560x1600 hud=2560x1600
[2026-08-17T12:07:24Z INFO  steel_front] size diag: window_inner=2560x1600 hud=2560x1600
[2026-08-17T12:07:24Z INFO  steel_front] size diag: window_inner=2560x1600 hud=2560x1600
[2026-08-17T12:07:24Z INFO  steel_front] size diag: window_inner=2560x1600 hud=2560x1600
[2026-08-17T12:07:24Z INFO  steel_front] size diag: window_inner=2560x1600 hud=2560x1600
[2026-08-17T12:07:24Z INFO  steel_front] size diag: window_inner=2560x1600 hud=2560x1600
[2026-08-17T12:07:24Z INFO  steel_front] size diag: window_inner=2560x1600 hud=2560x1600
[2026-08-17T12:07:24Z INFO  steel_front] size diag: window_inner=2560x1600 hud=2560x1600
[2026-08-17T12:07:24Z INFO  steel_front] size diag: window_inner=2560x1600 hud=2560x1600
[2026-08-17T12:07:24Z INFO  steel_front] size diag: window_inner=2560x1600 hud=2560x1600
[2026-08-17T12:07:24Z INFO  steel_front] size diag: window_inner=2560x1600 hud=2560x1600
[2026-08-17T12:07:24Z INFO  steel_front] size diag: window_inner=2560x1600 hud=2560x1600
[2026-08-17T12:07:24Z INFO  steel_front] size diag: window_inner=2560x1600 hud=2560x1600
[2026-08-17T12:07:24Z INFO  steel_front] size diag: window_inner=2560x1600 hud=2560x1600
[2026-08-17T12:07:24Z INFO  steel_front] cam: yaw=0.0 pitch=0.0 dist=3.4 mode=FirstPerson cycle_us=2507 update_us=33 render_us=2473
[2026-08-17T12:07:24Z INFO  steel_front::engine::game] game: wave=1 enemies=6 enemy_hp=100 hp=0/100 score=0 phys_us=1 ai_us=0 audio_us=28 net_us=0
[2026-08-17T12:07:24Z INFO  steel_front::engine::renderer] visible=65536/65536 near=65536 far=0 fps=366.3 frame_us=2269 cull_us=0 terrain_us=0 wait_fence_us=1895 acquire_us=0 record_us=45 submit_us=33 present_us=246 terrain_lod=high blend=0.000 quality=中画质 marker=36 npc=42
[2026-08-17T12:07:25Z INFO  steel_front] cam: yaw=0.0 pitch=0.0 dist=3.4 mode=FirstPerson cycle_us=2865 update_us=20 render_us=2845
[2026-08-17T12:07:25Z INFO  steel_front::engine::game] game: wave=1 enemies=6 enemy_hp=100 hp=0/100 score=0 phys_us=1 ai_us=0 audio_us=23 net_us=0
[2026-08-17T12:07:25Z INFO  steel_front::engine::renderer] visible=65536/65536 near=65536 far=0 fps=380.6 frame_us=2602 cull_us=0 terrain_us=0 wait_fence_us=2130 acquire_us=1 record_us=60 submit_us=25 present_us=326 terrain_lod=high blend=0.000 quality=中画质 marker=61 npc=42
[2026-08-17T12:07:26Z INFO  steel_front] cam: yaw=0.0 pitch=0.0 dist=3.4 mode=FirstPerson cycle_us=2719 update_us=33 render_us=2686
[2026-08-17T12:07:26Z INFO  steel_front::engine::game] game: wave=1 enemies=6 enemy_hp=100 hp=0/100 score=0 phys_us=2 ai_us=0 audio_us=23 net_us=0
[2026-08-17T12:07:26Z INFO  steel_front::engine::renderer] visible=65536/65536 near=65536 far=0 fps=371.8 frame_us=2705 cull_us=0 terrain_us=0 wait_fence_us=2229 acquire_us=1 record_us=45 submit_us=35 present_us=516 terrain_lod=high blend=0.000 quality=中画质 marker=36 npc=42
[2026-08-17T12:07:27Z INFO  steel_front] cam: yaw=0.0 pitch=0.0 dist=3.4 mode=FirstPerson cycle_us=2585 update_us=23 render_us=2561
[2026-08-17T12:07:27Z INFO  steel_front::engine::game] game: wave=1 enemies=6 enemy_hp=100 hp=0/100 score=0 phys_us=1 ai_us=0 audio_us=26 net_us=0
[2026-08-17T12:07:27Z INFO  steel_front::engine::renderer] visible=65536/65536 near=65536 far=0 fps=350.0 frame_us=3876 cull_us=0 terrain_us=0 wait_fence_us=880 acquire_us=1 record_us=143 submit_us=167 present_us=1178 terrain_lod=high blend=0.000 quality=中画质 marker=59 npc=42
[2026-08-17T12:07:28Z INFO  steel_front] cam: yaw=0.0 pitch=0.0 dist=3.4 mode=FirstPerson cycle_us=2729 update_us=37 render_us=2692
[2026-08-17T12:07:28Z INFO  steel_front::engine::game] game: wave=1 enemies=6 enemy_hp=100 hp=0/100 score=0 phys_us=5 ai_us=1 audio_us=19 net_us=0
[2026-08-17T12:07:28Z INFO  steel_front::engine::renderer] visible=65536/65536 near=65536 far=0 fps=365.8 frame_us=2051 cull_us=0 terrain_us=0 wait_fence_us=2117 acquire_us=1 record_us=41 submit_us=33 present_us=216 terrain_lod=high blend=0.000 quality=中画质 marker=36 npc=42
[2026-08-17T12:07:29Z INFO  steel_front] size diag: window_inner=2560x1600 hud=2560x1600
[2026-08-17T12:07:29Z INFO  steel_front] size diag: window_inner=2560x1600 hud=2560x1600
[2026-08-17T12:07:29Z INFO  steel_front] size diag: window_inner=2560x1600 hud=2560x1600
[2026-08-17T12:07:29Z INFO  steel_front] size diag: window_inner=2560x1600 hud=2560x1600
[2026-08-17T12:07:29Z INFO  steel_front] size diag: window_inner=2560x1600 hud=2560x1600
[2026-08-17T12:07:29Z INFO  steel_front] size diag: window_inner=2560x1600 hud=2560x1600
[2026-08-17T12:07:29Z INFO  steel_front] size diag: window_inner=2560x1600 hud=2560x1600
[2026-08-17T12:07:29Z INFO  steel_front] size diag: window_inner=2560x1600 hud=2560x1600
[2026-08-17T12:07:29Z INFO  steel_front] size diag: window_inner=2560x1600 hud=2560x1600
[2026-08-17T12:07:29Z INFO  steel_front] size diag: window_inner=2560x1600 hud=2560x1600
[2026-08-17T12:07:29Z INFO  steel_front] size diag: window_inner=2560x1600 hud=2560x1600
[2026-08-17T12:07:29Z INFO  steel_front] size diag: window_inner=2560x1600 hud=2560x1600
[2026-08-17T12:07:29Z INFO  steel_front] size diag: window_inner=2560x1600 hud=2560x1600
[2026-08-17T12:07:29Z INFO  steel_front] size diag: window_inner=2560x1600 hud=2560x1600
[2026-08-17T12:07:29Z INFO  steel_front] size diag: window_inner=2560x1600 hud=2560x1600
[2026-08-17T12:07:29Z INFO  steel_front] size diag: window_inner=2560x1600 hud=2560x1600
[2026-08-17T12:07:29Z INFO  steel_front] size diag: window_inner=2560x1600 hud=2560x1600
[2026-08-17T12:07:29Z INFO  steel_front] size diag: window_inner=2560x1600 hud=2560x1600
[2026-08-17T12:07:29Z INFO  steel_front] size diag: window_inner=2560x1600 hud=2560x1600
[2026-08-17T12:07:29Z INFO  steel_front] cam: yaw=0.0 pitch=0.0 dist=3.4 mode=FirstPerson cycle_us=2793 update_us=47 render_us=2746
[2026-08-17T12:07:29Z INFO  steel_front::engine::game] game: wave=1 enemies=6 enemy_hp=100 hp=0/100 score=0 phys_us=2 ai_us=0 audio_us=29 net_us=0
[2026-08-17T12:07:29Z INFO  steel_front::engine::renderer] visible=65536/65536 near=65536 far=0 fps=374.3 frame_us=2405 cull_us=0 terrain_us=0 wait_fence_us=1823 acquire_us=1 record_us=41 submit_us=33 present_us=209 terrain_lod=high blend=0.000 quality=中画质 marker=62 npc=42
[2026-08-17T12:07:30Z INFO  steel_front] cam: yaw=0.0 pitch=0.0 dist=3.4 mode=FirstPerson cycle_us=2943 update_us=36 render_us=2907
[2026-08-17T12:07:30Z INFO  steel_front::engine::game] game: wave=1 enemies=6 enemy_hp=100 hp=0/100 score=0 phys_us=2 ai_us=0 audio_us=14 net_us=0
[2026-08-17T12:07:30Z INFO  steel_front::engine::renderer] visible=65536/65536 near=65536 far=0 fps=372.6 frame_us=2604 cull_us=0 terrain_us=0 wait_fence_us=2331 acquire_us=1 record_us=23 submit_us=22 present_us=322 terrain_lod=high blend=0.000 quality=中画质 marker=36 npc=42
[2026-08-17T12:07:31Z INFO  steel_front] cam: yaw=0.0 pitch=0.0 dist=3.4 mode=FirstPerson cycle_us=2364 update_us=36 render_us=2327
[2026-08-17T12:07:31Z INFO  steel_front::engine::game] game: wave=1 enemies=6 enemy_hp=100 hp=0/100 score=0 phys_us=2 ai_us=0 audio_us=28 net_us=0
[2026-08-17T12:07:31Z INFO  steel_front::engine::renderer] visible=65536/65536 near=65536 far=0 fps=375.1 frame_us=1992 cull_us=0 terrain_us=0 wait_fence_us=2319 acquire_us=1 record_us=25 submit_us=20 present_us=269 terrain_lod=high blend=0.000 quality=中画质 marker=62 npc=42
[2026-08-17T12:07:32Z INFO  steel_front] cam: yaw=0.0 pitch=0.0 dist=3.4 mode=FirstPerson cycle_us=2492 update_us=24 render_us=2468
[2026-08-17T12:07:32Z INFO  steel_front::engine::game] game: wave=1 enemies=6 enemy_hp=100 hp=0/100 score=0 phys_us=2 ai_us=0 audio_us=20 net_us=0
[2026-08-17T12:07:32Z INFO  steel_front::engine::renderer] visible=65536/65536 near=65536 far=0 fps=375.2 frame_us=2520 cull_us=0 terrain_us=0 wait_fence_us=2188 acquire_us=1 record_us=44 submit_us=33 present_us=216 terrain_lod=high blend=0.000 quality=中画质 marker=36 npc=42
[2026-08-17T12:07:33Z INFO  steel_front] cam: yaw=0.0 pitch=0.0 dist=3.4 mode=FirstPerson cycle_us=2645 update_us=31 render_us=2613
[2026-08-17T12:07:33Z INFO  steel_front::engine::game] game: wave=1 enemies=6 enemy_hp=100 hp=0/100 score=0 phys_us=2 ai_us=0 audio_us=11 net_us=0
[2026-08-17T12:07:33Z INFO  steel_front::engine::renderer] visible=65536/65536 near=65536 far=0 fps=374.4 frame_us=2544 cull_us=1 terrain_us=0 wait_fence_us=2158 acquire_us=1 record_us=47 submit_us=40 present_us=247 terrain_lod=high blend=0.000 quality=中画质 marker=62 npc=42
[2026-08-17T12:07:34Z INFO  steel_front] size diag: window_inner=2560x1600 hud=2560x1600
[2026-08-17T12:07:34Z INFO  steel_front] size diag: window_inner=2560x1600 hud=2560x1600
[2026-08-17T12:07:34Z INFO  steel_front] size diag: window_inner=2560x1600 hud=2560x1600
[2026-08-17T12:07:34Z INFO  steel_front] size diag: window_inner=2560x1600 hud=2560x1600
[2026-08-17T12:07:34Z INFO  steel_front] size diag: window_inner=2560x1600 hud=2560x1600
[2026-08-17T12:07:34Z INFO  steel_front] size diag: window_inner=2560x1600 hud=2560x1600
[2026-08-17T12:07:34Z INFO  steel_front] size diag: window_inner=2560x1600 hud=2560x1600
[2026-08-17T12:07:34Z INFO  steel_front] size diag: window_inner=2560x1600 hud=2560x1600
[2026-08-17T12:07:34Z INFO  steel_front] size diag: window_inner=2560x1600 hud=2560x1600
[2026-08-17T12:07:34Z INFO  steel_front] size diag: window_inner=2560x1600 hud=2560x1600
[2026-08-17T12:07:34Z INFO  steel_front] size diag: window_inner=2560x1600 hud=2560x1600
[2026-08-17T12:07:34Z INFO  steel_front] size diag: window_inner=2560x1600 hud=2560x1600
[2026-08-17T12:07:34Z INFO  steel_front] size diag: window_inner=2560x1600 hud=2560x1600
[2026-08-17T12:07:34Z INFO  steel_front] size diag: window_inner=2560x1600 hud=2560x1600
[2026-08-17T12:07:34Z INFO  steel_front] size diag: window_inner=2560x1600 hud=2560x1600
[2026-08-17T12:07:34Z INFO  steel_front] size diag: window_inner=2560x1600 hud=2560x1600
[2026-08-17T12:07:34Z INFO  steel_front] size diag: window_inner=2560x1600 hud=2560x1600
[2026-08-17T12:07:34Z INFO  steel_front] size diag: window_inner=2560x1600 hud=2560x1600
[2026-08-17T12:07:34Z INFO  steel_front] size diag: window_inner=2560x1600 hud=2560x1600
[2026-08-17T12:07:34Z INFO  steel_front] cam: yaw=0.0 pitch=0.0 dist=3.4 mode=FirstPerson cycle_us=3225 update_us=28 render_us=3197
[2026-08-17T12:07:34Z INFO  steel_front::engine::game] game: wave=1 enemies=6 enemy_hp=100 hp=0/100 score=0 phys_us=1 ai_us=0 audio_us=35 net_us=0
[2026-08-17T12:07:34Z INFO  steel_front::engine::renderer] visible=65536/65536 near=65536 far=0 fps=375.3 frame_us=2105 cull_us=0 terrain_us=0 wait_fence_us=2527 acquire_us=1 record_us=41 submit_us=30 present_us=209 terrain_lod=high blend=0.000 quality=中画质 marker=36 npc=42
[2026-08-17T12:07:35Z INFO  steel_front] cam: yaw=0.0 pitch=0.0 dist=3.4 mode=FirstPerson cycle_us=2431 update_us=35 render_us=2396
[2026-08-17T12:07:35Z INFO  steel_front::engine::game] game: wave=1 enemies=6 enemy_hp=100 hp=0/100 score=0 phys_us=1 ai_us=0 audio_us=26 net_us=0
[2026-08-17T12:07:35Z INFO  steel_front::engine::renderer] visible=65536/65536 near=65536 far=0 fps=374.2 frame_us=3104 cull_us=1 terrain_us=0 wait_fence_us=1921 acquire_us=1 record_us=41 submit_us=33 present_us=205 terrain_lod=high blend=0.000 quality=中画质 marker=61 npc=42
[2026-08-17T12:07:36Z INFO  steel_front] cam: yaw=0.0 pitch=0.0 dist=3.4 mode=FirstPerson cycle_us=2499 update_us=30 render_us=2469
[2026-08-17T12:07:36Z INFO  steel_front::engine::game] game: wave=1 enemies=6 enemy_hp=100 hp=0/100 score=0 phys_us=2 ai_us=0 audio_us=16 net_us=0
[2026-08-17T12:07:36Z INFO  steel_front::engine::renderer] visible=65536/65536 near=65536 far=0 fps=368.7 frame_us=2183 cull_us=0 terrain_us=0 wait_fence_us=2242 acquire_us=1 record_us=41 submit_us=31 present_us=224 terrain_lod=high blend=0.000 quality=中画质 marker=36 npc=42
[2026-08-17T12:07:37Z INFO  steel_front] cam: yaw=0.0 pitch=0.0 dist=3.4 mode=FirstPerson cycle_us=2777 update_us=38 render_us=2738
[2026-08-17T12:07:37Z INFO  steel_front::engine::game] game: wave=1 enemies=6 enemy_hp=100 hp=0/100 score=0 phys_us=1 ai_us=0 audio_us=26 net_us=0
[2026-08-17T12:07:37Z INFO  steel_front::engine::renderer] visible=65536/65536 near=65536 far=0 fps=370.8 frame_us=2519 cull_us=0 terrain_us=0 wait_fence_us=2260 acquire_us=1 record_us=47 submit_us=37 present_us=379 terrain_lod=high blend=0.000 quality=中画质 marker=62 npc=42
[2026-08-17T12:07:38Z INFO  steel_front] cam: yaw=0.0 pitch=0.0 dist=3.4 mode=FirstPerson cycle_us=2900 update_us=16 render_us=2884
[2026-08-17T12:07:38Z INFO  steel_front::engine::game] game: wave=1 enemies=6 enemy_hp=100 hp=0/100 score=0 phys_us=2 ai_us=0 audio_us=23 net_us=0
[2026-08-17T12:07:38Z INFO  steel_front::engine::renderer] visible=65536/65536 near=65536 far=0 fps=379.2 frame_us=2451 cull_us=0 terrain_us=0 wait_fence_us=2010 acquire_us=0 record_us=40 submit_us=31 present_us=216 terrain_lod=high blend=0.000 quality=中画质 marker=37 npc=42
[2026-08-17T12:07:39Z INFO  steel_front] size diag: window_inner=2560x1600 hud=2560x1600
[2026-08-17T12:07:39Z INFO  steel_front] size diag: window_inner=2560x1600 hud=2560x1600
[2026-08-17T12:07:39Z INFO  steel_front] size diag: window_inner=2560x1600 hud=2560x1600
[2026-08-17T12:07:39Z INFO  steel_front] size diag: window_inner=2560x1600 hud=2560x1600
[2026-08-17T12:07:39Z INFO  steel_front] size diag: window_inner=2560x1600 hud=2560x1600
[2026-08-17T12:07:39Z INFO  steel_front] size diag: window_inner=2560x1600 hud=2560x1600
[2026-08-17T12:07:39Z INFO  steel_front] size diag: window_inner=2560x1600 hud=2560x1600
[2026-08-17T12:07:39Z INFO  steel_front] size diag: window_inner=2560x1600 hud=2560x1600
[2026-08-17T12:07:39Z INFO  steel_front] size diag: window_inner=2560x1600 hud=2560x1600
[2026-08-17T12:07:39Z INFO  steel_front] size diag: window_inner=2560x1600 hud=2560x1600
[2026-08-17T12:07:39Z INFO  steel_front] size diag: window_inner=2560x1600 hud=2560x1600
[2026-08-17T12:07:39Z INFO  steel_front] size diag: window_inner=2560x1600 hud=2560x1600
[2026-08-17T12:07:39Z INFO  steel_front] size diag: window_inner=2560x1600 hud=2560x1600
[2026-08-17T12:07:39Z INFO  steel_front] size diag: window_inner=2560x1600 hud=2560x1600
[2026-08-17T12:07:39Z INFO  steel_front] size diag: window_inner=2560x1600 hud=2560x1600
[2026-08-17T12:07:39Z INFO  steel_front] size diag: window_inner=2560x1600 hud=2560x1600
[2026-08-17T12:07:39Z INFO  steel_front] size diag: window_inner=2560x1600 hud=2560x1600
[2026-08-17T12:07:39Z INFO  steel_front] size diag: window_inner=2560x1600 hud=2560x1600
[2026-08-17T12:07:39Z INFO  steel_front] cam: yaw=0.0 pitch=0.0 dist=3.4 mode=FirstPerson cycle_us=2391 update_us=40 render_us=2351
[2026-08-17T12:07:39Z INFO  steel_front::engine::game] game: wave=1 enemies=6 enemy_hp=100 hp=0/100 score=0 phys_us=1 ai_us=0 audio_us=23 net_us=0
[2026-08-17T12:07:39Z INFO  steel_front::engine::renderer] visible=65536/65536 near=65536 far=0 fps=371.6 frame_us=2461 cull_us=1 terrain_us=0 wait_fence_us=2262 acquire_us=1 record_us=43 submit_us=31 present_us=213 terrain_lod=high blend=0.000 quality=中画质 marker=60 npc=42
[2026-08-17T12:07:40Z INFO  steel_front] cam: yaw=0.0 pitch=0.0 dist=3.4 mode=FirstPerson cycle_us=2547 update_us=37 render_us=2510
[2026-08-17T12:07:40Z INFO  steel_front::engine::game] game: wave=1 enemies=6 enemy_hp=100 hp=0/100 score=0 phys_us=2 ai_us=0 audio_us=31 net_us=0
[2026-08-17T12:07:40Z INFO  steel_front::engine::renderer] visible=65536/65536 near=65536 far=0 fps=375.2 frame_us=2320 cull_us=0 terrain_us=0 wait_fence_us=2352 acquire_us=1 record_us=25 submit_us=22 present_us=247 terrain_lod=high blend=0.000 quality=中画质 marker=39 npc=42
[2026-08-17T12:07:41Z INFO  steel_front] cam: yaw=0.0 pitch=0.0 dist=3.4 mode=FirstPerson cycle_us=2781 update_us=36 render_us=2745
[2026-08-17T12:07:41Z INFO  steel_front::engine::game] game: wave=1 enemies=6 enemy_hp=100 hp=0/100 score=0 phys_us=2 ai_us=0 audio_us=16 net_us=0
[2026-08-17T12:07:41Z INFO  steel_front::engine::renderer] visible=65536/65536 near=65536 far=0 fps=376.3 frame_us=2671 cull_us=0 terrain_us=0 wait_fence_us=2075 acquire_us=1 record_us=41 submit_us=38 present_us=158 terrain_lod=high blend=0.000 quality=中画质 marker=62 npc=42
[2026-08-17T12:07:42Z INFO  steel_front] cam: yaw=0.0 pitch=0.0 dist=3.4 mode=FirstPerson cycle_us=2897 update_us=18 render_us=2878
[2026-08-17T12:07:42Z INFO  steel_front::engine::game] game: wave=1 enemies=6 enemy_hp=100 hp=0/100 score=0 phys_us=2 ai_us=0 audio_us=30 net_us=0
[2026-08-17T12:07:42Z INFO  steel_front::engine::renderer] visible=65536/65536 near=65536 far=0 fps=382.7 frame_us=2066 cull_us=0 terrain_us=0 wait_fence_us=2578 acquire_us=1 record_us=33 submit_us=43 present_us=147 terrain_lod=high blend=0.000 quality=中画质 marker=40 npc=42
[2026-08-17T12:07:43Z INFO  steel_front] cam: yaw=0.0 pitch=0.0 dist=3.4 mode=FirstPerson cycle_us=2532 update_us=19 render_us=2512
[2026-08-17T12:07:43Z INFO  steel_front::engine::game] game: wave=1 enemies=6 enemy_hp=100 hp=0/100 score=0 phys_us=2 ai_us=0 audio_us=15 net_us=0
[2026-08-17T12:07:43Z INFO  steel_front::engine::renderer] visible=65536/65536 near=65536 far=0 fps=383.7 frame_us=2121 cull_us=0 terrain_us=0 wait_fence_us=2548 acquire_us=1 record_us=31 submit_us=58 present_us=137 terrain_lod=high blend=0.000 quality=中画质 marker=62 npc=42
[2026-08-17T12:07:44Z INFO  steel_front] size diag: window_inner=2560x1600 hud=2560x1600
[2026-08-17T12:07:44Z INFO  steel_front] size diag: window_inner=2560x1600 hud=2560x1600
[2026-08-17T12:07:44Z INFO  steel_front] size diag: window_inner=2560x1600 hud=2560x1600
[2026-08-17T12:07:44Z INFO  steel_front] size diag: window_inner=2560x1600 hud=2560x1600
[2026-08-17T12:07:44Z INFO  steel_front] size diag: window_inner=2560x1600 hud=2560x1600
[2026-08-17T12:07:44Z INFO  steel_front] size diag: window_inner=2560x1600 hud=2560x1600
[2026-08-17T12:07:44Z INFO  steel_front] size diag: window_inner=2560x1600 hud=2560x1600
[2026-08-17T12:07:44Z INFO  steel_front] size diag: window_inner=2560x1600 hud=2560x1600
[2026-08-17T12:07:44Z INFO  steel_front] size diag: window_inner=2560x1600 hud=2560x1600
[2026-08-17T12:07:44Z INFO  steel_front] size diag: window_inner=2560x1600 hud=2560x1600
[2026-08-17T12:07:44Z INFO  steel_front] size diag: window_inner=2560x1600 hud=2560x1600
[2026-08-17T12:07:44Z INFO  steel_front] size diag: window_inner=2560x1600 hud=2560x1600
[2026-08-17T12:07:44Z INFO  steel_front] size diag: window_inner=2560x1600 hud=2560x1600
[2026-08-17T12:07:44Z INFO  steel_front] size diag: window_inner=2560x1600 hud=2560x1600
[2026-08-17T12:07:44Z INFO  steel_front] size diag: window_inner=2560x1600 hud=2560x1600
[2026-08-17T12:07:44Z INFO  steel_front] size diag: window_inner=2560x1600 hud=2560x1600
[2026-08-17T12:07:44Z INFO  steel_front] size diag: window_inner=2560x1600 hud=2560x1600
[2026-08-17T12:07:44Z INFO  steel_front] size diag: window_inner=2560x1600 hud=2560x1600
[2026-08-17T12:07:44Z INFO  steel_front] size diag: window_inner=2560x1600 hud=2560x1600
[2026-08-17T12:07:44Z INFO  steel_front] cam: yaw=0.0 pitch=0.0 dist=3.4 mode=FirstPerson cycle_us=2804 update_us=31 render_us=2772
[2026-08-17T12:07:44Z INFO  steel_front::engine::game] game: wave=1 enemies=6 enemy_hp=100 hp=0/100 score=0 phys_us=2 ai_us=0 audio_us=24 net_us=0
[2026-08-17T12:07:44Z INFO  steel_front::engine::renderer] visible=65536/65536 near=65536 far=0 fps=384.4 frame_us=2325 cull_us=0 terrain_us=0 wait_fence_us=2216 acquire_us=1 record_us=54 submit_us=37 present_us=256 terrain_lod=high blend=0.000 quality=中画质 marker=41 npc=42
[2026-08-17T12:07:45Z INFO  steel_front] cam: yaw=0.0 pitch=0.0 dist=3.4 mode=FirstPerson cycle_us=2613 update_us=34 render_us=2578
[2026-08-17T12:07:45Z INFO  steel_front::engine::game] game: wave=1 enemies=6 enemy_hp=100 hp=0/100 score=0 phys_us=2 ai_us=0 audio_us=12 net_us=0
[2026-08-17T12:07:45Z INFO  steel_front::engine::renderer] visible=65536/65536 near=65536 far=0 fps=371.8 frame_us=2584 cull_us=0 terrain_us=0 wait_fence_us=2018 acquire_us=1 record_us=40 submit_us=30 present_us=216 terrain_lod=high blend=0.000 quality=中画质 marker=61 npc=42
[2026-08-17T12:07:46Z INFO  steel_front] cam: yaw=0.0 pitch=0.0 dist=3.4 mode=FirstPerson cycle_us=2968 update_us=34 render_us=2933
[2026-08-17T12:07:46Z INFO  steel_front::engine::game] game: wave=1 enemies=6 enemy_hp=100 hp=0/100 score=0 phys_us=1 ai_us=0 audio_us=26 net_us=0
[2026-08-17T12:07:46Z INFO  steel_front::engine::renderer] visible=65536/65536 near=65536 far=0 fps=383.4 frame_us=2364 cull_us=0 terrain_us=0 wait_fence_us=1931 acquire_us=0 record_us=40 submit_us=29 present_us=197 terrain_lod=high blend=0.000 quality=中画质 marker=42 npc=42
[2026-08-17T12:07:47Z INFO  steel_front] cam: yaw=0.0 pitch=0.0 dist=3.4 mode=FirstPerson cycle_us=2643 update_us=34 render_us=2608
[2026-08-17T12:07:47Z INFO  steel_front::engine::game] game: wave=1 enemies=6 enemy_hp=100 hp=0/100 score=0 phys_us=2 ai_us=0 audio_us=21 net_us=0
[2026-08-17T12:07:47Z INFO  steel_front::engine::renderer] visible=65536/65536 near=65536 far=0 fps=358.6 frame_us=3981 cull_us=0 terrain_us=0 wait_fence_us=2387 acquire_us=2 record_us=94 submit_us=38 present_us=739 terrain_lod=high blend=0.000 quality=中画质 marker=52 npc=42
[2026-08-17T12:07:48Z INFO  steel_front] cam: yaw=0.0 pitch=0.0 dist=3.4 mode=FirstPerson cycle_us=2585 update_us=33 render_us=2552
[2026-08-17T12:07:48Z INFO  steel_front::engine::game] game: wave=1 enemies=6 enemy_hp=100 hp=0/100 score=0 phys_us=2 ai_us=0 audio_us=49 net_us=0
[2026-08-17T12:07:48Z INFO  steel_front::engine::renderer] visible=65536/65536 near=65536 far=0 fps=362.2 frame_us=2228 cull_us=1 terrain_us=0 wait_fence_us=2047 acquire_us=1 record_us=67 submit_us=25 present_us=164 terrain_lod=high blend=0.000 quality=中画质 marker=44 npc=42
[2026-08-17T12:07:49Z INFO  steel_front] size diag: window_inner=2560x1600 hud=2560x1600
[2026-08-17T12:07:49Z INFO  steel_front] size diag: window_inner=2560x1600 hud=2560x1600
[2026-08-17T12:07:49Z INFO  steel_front] size diag: window_inner=2560x1600 hud=2560x1600
[2026-08-17T12:07:49Z INFO  steel_front] size diag: window_inner=2560x1600 hud=2560x1600
[2026-08-17T12:07:49Z INFO  steel_front] size diag: window_inner=2560x1600 hud=2560x1600
[2026-08-17T12:07:49Z INFO  steel_front] size diag: window_inner=2560x1600 hud=2560x1600
[2026-08-17T12:07:49Z INFO  steel_front] size diag: window_inner=2560x1600 hud=2560x1600
[2026-08-17T12:07:49Z INFO  steel_front] size diag: window_inner=2560x1600 hud=2560x1600
[2026-08-17T12:07:49Z INFO  steel_front] size diag: window_inner=2560x1600 hud=2560x1600
[2026-08-17T12:07:49Z INFO  steel_front] size diag: window_inner=2560x1600 hud=2560x1600
[2026-08-17T12:07:49Z INFO  steel_front] size diag: window_inner=2560x1600 hud=2560x1600
[2026-08-17T12:07:49Z INFO  steel_front] size diag: window_inner=2560x1600 hud=2560x1600
[2026-08-17T12:07:49Z INFO  steel_front] size diag: window_inner=2560x1600 hud=2560x1600
[2026-08-17T12:07:49Z INFO  steel_front] size diag: window_inner=2560x1600 hud=2560x1600
[2026-08-17T12:07:49Z INFO  steel_front] size diag: window_inner=2560x1600 hud=2560x1600
[2026-08-17T12:07:49Z INFO  steel_front] size diag: window_inner=2560x1600 hud=2560x1600
[2026-08-17T12:07:49Z INFO  steel_front] size diag: window_inner=2560x1600 hud=2560x1600
[2026-08-17T12:07:49Z INFO  steel_front] size diag: window_inner=2560x1600 hud=2560x1600
[2026-08-17T12:07:49Z INFO  steel_front] cam: yaw=0.0 pitch=0.0 dist=3.4 mode=FirstPerson cycle_us=2787 update_us=33 render_us=2753
[2026-08-17T12:07:49Z INFO  steel_front::engine::game] game: wave=1 enemies=6 enemy_hp=100 hp=0/100 score=0 phys_us=4 ai_us=0 audio_us=20 net_us=0
[2026-08-17T12:07:49Z INFO  steel_front::engine::renderer] visible=65536/65536 near=65536 far=0 fps=375.3 frame_us=2026 cull_us=0 terrain_us=0 wait_fence_us=2068 acquire_us=1 record_us=38 submit_us=25 present_us=203 terrain_lod=high blend=0.000 quality=中画质 marker=62 npc=42
[2026-08-17T12:07:50Z INFO  steel_front] cam: yaw=0.0 pitch=0.0 dist=3.4 mode=FirstPerson cycle_us=3499 update_us=30 render_us=3469
[2026-08-17T12:07:50Z INFO  steel_front::engine::game] game: wave=1 enemies=6 enemy_hp=100 hp=0/100 score=0 phys_us=2 ai_us=0 audio_us=16 net_us=0
[2026-08-17T12:07:50Z INFO  steel_front::engine::renderer] visible=65536/65536 near=65536 far=0 fps=359.9 frame_us=2694 cull_us=0 terrain_us=0 wait_fence_us=2325 acquire_us=1 record_us=29 submit_us=38 present_us=296 terrain_lod=high blend=0.000 quality=中画质 marker=44 npc=42
[2026-08-17T12:07:51Z INFO  steel_front] cam: yaw=0.0 pitch=0.0 dist=3.4 mode=FirstPerson cycle_us=2501 update_us=22 render_us=2478
[2026-08-17T12:07:51Z INFO  steel_front::engine::game] game: wave=1 enemies=6 enemy_hp=100 hp=0/100 score=0 phys_us=2 ai_us=0 audio_us=28 net_us=0
[2026-08-17T12:07:51Z INFO  steel_front::engine::renderer] visible=65536/65536 near=65536 far=0 fps=366.5 frame_us=2430 cull_us=0 terrain_us=0 wait_fence_us=2129 acquire_us=1 record_us=25 submit_us=57 present_us=131 terrain_lod=high blend=0.000 quality=中画质 marker=62 npc=42
[2026-08-17T12:07:52Z INFO  steel_front] cam: yaw=0.0 pitch=0.0 dist=3.4 mode=FirstPerson cycle_us=2739 update_us=31 render_us=2707
[2026-08-17T12:07:52Z INFO  steel_front::engine::game] game: wave=1 enemies=6 enemy_hp=100 hp=0/100 score=0 phys_us=2 ai_us=0 audio_us=31 net_us=0
[2026-08-17T12:07:52Z INFO  steel_front::engine::renderer] visible=65536/65536 near=65536 far=0 fps=372.2 frame_us=2250 cull_us=0 terrain_us=0 wait_fence_us=1953 acquire_us=0 record_us=39 submit_us=31 present_us=211 terrain_lod=high blend=0.000 quality=中画质 marker=46 npc=42
[2026-08-17T12:07:53Z INFO  steel_front] cam: yaw=0.0 pitch=0.0 dist=3.4 mode=FirstPerson cycle_us=2487 update_us=19 render_us=2467
[2026-08-17T12:07:53Z INFO  steel_front::engine::game] game: wave=1 enemies=6 enemy_hp=100 hp=0/100 score=0 phys_us=2 ai_us=0 audio_us=15 net_us=0
[2026-08-17T12:07:53Z INFO  steel_front::engine::renderer] visible=65536/65536 near=65536 far=0 fps=375.4 frame_us=2318 cull_us=0 terrain_us=0 wait_fence_us=2412 acquire_us=1 record_us=26 submit_us=22 present_us=173 terrain_lod=high blend=0.000 quality=中画质 marker=61 npc=42
[2026-08-17T12:07:54Z INFO  steel_front] size diag: window_inner=2560x1600 hud=2560x1600
[2026-08-17T12:07:54Z INFO  steel_front] size diag: window_inner=2560x1600 hud=2560x1600
[2026-08-17T12:07:54Z INFO  steel_front] size diag: window_inner=2560x1600 hud=2560x1600
[2026-08-17T12:07:54Z INFO  steel_front] size diag: window_inner=2560x1600 hud=2560x1600
[2026-08-17T12:07:54Z INFO  steel_front] size diag: window_inner=2560x1600 hud=2560x1600
[2026-08-17T12:07:54Z INFO  steel_front] size diag: window_inner=2560x1600 hud=2560x1600
[2026-08-17T12:07:54Z INFO  steel_front] size diag: window_inner=2560x1600 hud=2560x1600
[2026-08-17T12:07:54Z INFO  steel_front] size diag: window_inner=2560x1600 hud=2560x1600
[2026-08-17T12:07:54Z INFO  steel_front] size diag: window_inner=2560x1600 hud=2560x1600
[2026-08-17T12:07:54Z INFO  steel_front] size diag: window_inner=2560x1600 hud=2560x1600
[2026-08-17T12:07:54Z INFO  steel_front] size diag: window_inner=2560x1600 hud=2560x1600
[2026-08-17T12:07:54Z INFO  steel_front] size diag: window_inner=2560x1600 hud=2560x1600
[2026-08-17T12:07:54Z INFO  steel_front] size diag: window_inner=2560x1600 hud=2560x1600
[2026-08-17T12:07:54Z INFO  steel_front] size diag: window_inner=2560x1600 hud=2560x1600
[2026-08-17T12:07:54Z INFO  steel_front] size diag: window_inner=2560x1600 hud=2560x1600
[2026-08-17T12:07:54Z INFO  steel_front] size diag: window_inner=2560x1600 hud=2560x1600
[2026-08-17T12:07:54Z INFO  steel_front] size diag: window_inner=2560x1600 hud=2560x1600
[2026-08-17T12:07:54Z INFO  steel_front] size diag: window_inner=2560x1600 hud=2560x1600
[2026-08-17T12:07:54Z INFO  steel_front] size diag: window_inner=2560x1600 hud=2560x1600
[2026-08-17T12:07:54Z INFO  steel_front] cam: yaw=0.0 pitch=0.0 dist=3.4 mode=FirstPerson cycle_us=2853 update_us=26 render_us=2827
[2026-08-17T12:07:54Z INFO  steel_front::engine::game] game: wave=1 enemies=6 enemy_hp=100 hp=0/100 score=0 phys_us=2 ai_us=0 audio_us=14 net_us=0
[2026-08-17T12:07:54Z INFO  steel_front::engine::renderer] visible=65536/65536 near=65536 far=0 fps=374.1 frame_us=3003 cull_us=0 terrain_us=0 wait_fence_us=2147 acquire_us=1 record_us=86 submit_us=35 present_us=216 terrain_lod=high blend=0.000 quality=中画质 marker=48 npc=42
[2026-08-17T12:07:55Z INFO  steel_front] cam: yaw=0.0 pitch=0.0 dist=3.4 mode=FirstPerson cycle_us=2724 update_us=32 render_us=2691
[2026-08-17T12:07:55Z INFO  steel_front::engine::game] game: wave=1 enemies=6 enemy_hp=100 hp=0/100 score=0 phys_us=1 ai_us=0 audio_us=31 net_us=0
[2026-08-17T12:07:55Z INFO  steel_front::engine::renderer] visible=65536/65536 near=65536 far=0 fps=376.0 frame_us=2868 cull_us=0 terrain_us=0 wait_fence_us=1937 acquire_us=1 record_us=84 submit_us=32 present_us=226 terrain_lod=high blend=0.000 quality=中画质 marker=62 npc=42
[2026-08-17T12:07:56Z INFO  steel_front] cam: yaw=0.0 pitch=0.0 dist=3.4 mode=FirstPerson cycle_us=2199 update_us=38 render_us=2160
[2026-08-17T12:07:56Z INFO  steel_front::engine::game] game: wave=1 enemies=6 enemy_hp=100 hp=0/100 score=0 phys_us=1 ai_us=0 audio_us=35 net_us=0
[2026-08-17T12:07:56Z INFO  steel_front::engine::renderer] visible=65536/65536 near=65536 far=0 fps=369.3 frame_us=2650 cull_us=0 terrain_us=0 wait_fence_us=2278 acquire_us=1 record_us=91 submit_us=47 present_us=269 terrain_lod=high blend=0.000 quality=中画质 marker=49 npc=42
[2026-08-17T12:07:57Z INFO  steel_front] cam: yaw=0.0 pitch=0.0 dist=3.4 mode=FirstPerson cycle_us=2767 update_us=20 render_us=2747
[2026-08-17T12:07:57Z INFO  steel_front::engine::game] game: wave=1 enemies=6 enemy_hp=100 hp=0/100 score=0 phys_us=2 ai_us=0 audio_us=15 net_us=0
[2026-08-17T12:07:57Z INFO  steel_front::engine::renderer] visible=65536/65536 near=65536 far=0 fps=362.8 frame_us=2206 cull_us=0 terrain_us=0 wait_fence_us=2476 acquire_us=1 record_us=39 submit_us=29 present_us=195 terrain_lod=high blend=0.000 quality=中画质 marker=62 npc=42
[2026-08-17T12:07:58Z INFO  steel_front] cam: yaw=0.0 pitch=0.0 dist=3.4 mode=FirstPerson cycle_us=2996 update_us=39 render_us=2956
[2026-08-17T12:07:58Z INFO  steel_front::engine::game] game: wave=1 enemies=6 enemy_hp=100 hp=0/100 score=0 phys_us=2 ai_us=0 audio_us=28 net_us=0
[2026-08-17T12:07:58Z INFO  steel_front::engine::renderer] visible=65536/65536 near=65536 far=0 fps=365.3 frame_us=2733 cull_us=1 terrain_us=0 wait_fence_us=1939 acquire_us=1 record_us=59 submit_us=66 present_us=356 terrain_lod=high blend=0.000 quality=中画质 marker=50 npc=42
[2026-08-17T12:07:59Z INFO  steel_front] size diag: window_inner=2560x1600 hud=2560x1600
[2026-08-17T12:07:59Z INFO  steel_front] size diag: window_inner=2560x1600 hud=2560x1600
[2026-08-17T12:07:59Z INFO  steel_front] size diag: window_inner=2560x1600 hud=2560x1600
[2026-08-17T12:07:59Z INFO  steel_front] size diag: window_inner=2560x1600 hud=2560x1600
[2026-08-17T12:07:59Z INFO  steel_front] size diag: window_inner=2560x1600 hud=2560x1600
[2026-08-17T12:07:59Z INFO  steel_front] size diag: window_inner=2560x1600 hud=2560x1600
[2026-08-17T12:07:59Z INFO  steel_front] size diag: window_inner=2560x1600 hud=2560x1600
[2026-08-17T12:07:59Z INFO  steel_front] size diag: window_inner=2560x1600 hud=2560x1600
[2026-08-17T12:07:59Z INFO  steel_front] size diag: window_inner=2560x1600 hud=2560x1600
[2026-08-17T12:07:59Z INFO  steel_front] size diag: window_inner=2560x1600 hud=2560x1600
[2026-08-17T12:07:59Z INFO  steel_front] size diag: window_inner=2560x1600 hud=2560x1600
[2026-08-17T12:07:59Z INFO  steel_front] size diag: window_inner=2560x1600 hud=2560x1600
[2026-08-17T12:07:59Z INFO  steel_front] size diag: window_inner=2560x1600 hud=2560x1600
[2026-08-17T12:07:59Z INFO  steel_front] size diag: window_inner=2560x1600 hud=2560x1600
[2026-08-17T12:07:59Z INFO  steel_front] size diag: window_inner=2560x1600 hud=2560x1600
[2026-08-17T12:07:59Z INFO  steel_front] size diag: window_inner=2560x1600 hud=2560x1600
[2026-08-17T12:07:59Z INFO  steel_front] size diag: window_inner=2560x1600 hud=2560x1600
[2026-08-17T12:07:59Z INFO  steel_front] size diag: window_inner=2560x1600 hud=2560x1600
[2026-08-17T12:07:59Z INFO  steel_front] size diag: window_inner=2560x1600 hud=2560x1600
[2026-08-17T12:07:59Z INFO  steel_front] cam: yaw=0.0 pitch=0.0 dist=3.4 mode=FirstPerson cycle_us=3010 update_us=32 render_us=2978
[2026-08-17T12:07:59Z INFO  steel_front::engine::game] game: wave=1 enemies=6 enemy_hp=100 hp=0/100 score=0 phys_us=1 ai_us=0 audio_us=23 net_us=0
[2026-08-17T12:07:59Z INFO  steel_front::engine::renderer] visible=65536/65536 near=65536 far=0 fps=370.2 frame_us=2885 cull_us=0 terrain_us=0 wait_fence_us=2096 acquire_us=1 record_us=62 submit_us=60 present_us=512 terrain_lod=high blend=0.000 quality=中画质 marker=61 npc=42
[2026-08-17T12:08:00Z INFO  steel_front] cam: yaw=0.0 pitch=0.0 dist=3.4 mode=FirstPerson cycle_us=3039 update_us=25 render_us=3014
[2026-08-17T12:08:00Z INFO  steel_front::engine::game] game: wave=1 enemies=6 enemy_hp=100 hp=0/100 score=0 phys_us=3 ai_us=0 audio_us=81 net_us=0
[2026-08-17T12:08:00Z INFO  steel_front::engine::renderer] visible=65536/65536 near=65536 far=0 fps=374.3 frame_us=2640 cull_us=1 terrain_us=0 wait_fence_us=1971 acquire_us=2 record_us=57 submit_us=62 present_us=278 terrain_lod=high blend=0.000 quality=中画质 marker=52 npc=42
[2026-08-17T12:08:01Z INFO  steel_front] cam: yaw=0.0 pitch=0.0 dist=3.4 mode=FirstPerson cycle_us=2503 update_us=41 render_us=2461
[2026-08-17T12:08:01Z INFO  steel_front::engine::game] game: wave=1 enemies=6 enemy_hp=100 hp=0/100 score=0 phys_us=2 ai_us=0 audio_us=26 net_us=0
[2026-08-17T12:08:01Z INFO  steel_front::engine::renderer] visible=65536/65536 near=65536 far=0 fps=373.9 frame_us=2508 cull_us=0 terrain_us=0 wait_fence_us=1969 acquire_us=1 record_us=27 submit_us=26 present_us=196 terrain_lod=high blend=0.000 quality=中画质 marker=62 npc=42
[2026-08-17T12:08:02Z INFO  steel_front] cam: yaw=0.0 pitch=0.0 dist=3.4 mode=FirstPerson cycle_us=2733 update_us=38 render_us=2695
[2026-08-17T12:08:02Z INFO  steel_front::engine::game] game: wave=1 enemies=6 enemy_hp=100 hp=0/100 score=0 phys_us=1 ai_us=0 audio_us=12 net_us=0
[2026-08-17T12:08:02Z INFO  steel_front::engine::renderer] visible=65536/65536 near=65536 far=0 fps=373.6 frame_us=2273 cull_us=0 terrain_us=0 wait_fence_us=2482 acquire_us=1 record_us=73 submit_us=29 present_us=169 terrain_lod=high blend=0.000 quality=中画质 marker=53 npc=42
[2026-08-17T12:08:03Z INFO  steel_front] cam: yaw=0.0 pitch=0.0 dist=3.4 mode=FirstPerson cycle_us=2697 update_us=30 render_us=2666
[2026-08-17T12:08:03Z INFO  steel_front::engine::game] game: wave=1 enemies=6 enemy_hp=100 hp=0/100 score=0 phys_us=1 ai_us=0 audio_us=13 net_us=0
[2026-08-17T12:08:03Z INFO  steel_front::engine::renderer] visible=65536/65536 near=65536 far=0 fps=373.4 frame_us=2325 cull_us=0 terrain_us=0 wait_fence_us=2482 acquire_us=1 record_us=26 submit_us=21 present_us=314 terrain_lod=high blend=0.000 quality=中画质 marker=61 npc=42
[2026-08-17T12:08:04Z INFO  steel_front] size diag: window_inner=2560x1600 hud=2560x1600
[2026-08-17T12:08:04Z INFO  steel_front] size diag: window_inner=2560x1600 hud=2560x1600
[2026-08-17T12:08:04Z INFO  steel_front] size diag: window_inner=2560x1600 hud=2560x1600
[2026-08-17T12:08:04Z INFO  steel_front] size diag: window_inner=2560x1600 hud=2560x1600
[2026-08-17T12:08:04Z INFO  steel_front] size diag: window_inner=2560x1600 hud=2560x1600
[2026-08-17T12:08:04Z INFO  steel_front] size diag: window_inner=2560x1600 hud=2560x1600
[2026-08-17T12:08:04Z INFO  steel_front] size diag: window_inner=2560x1600 hud=2560x1600
[2026-08-17T12:08:04Z INFO  steel_front] size diag: window_inner=2560x1600 hud=2560x1600
[2026-08-17T12:08:04Z INFO  steel_front] size diag: window_inner=2560x1600 hud=2560x1600
[2026-08-17T12:08:04Z INFO  steel_front] size diag: window_inner=2560x1600 hud=2560x1600
[2026-08-17T12:08:04Z INFO  steel_front] size diag: window_inner=2560x1600 hud=2560x1600
[2026-08-17T12:08:04Z INFO  steel_front] size diag: window_inner=2560x1600 hud=2560x1600
[2026-08-17T12:08:04Z INFO  steel_front] size diag: window_inner=2560x1600 hud=2560x1600
[2026-08-17T12:08:04Z INFO  steel_front] size diag: window_inner=2560x1600 hud=2560x1600
[2026-08-17T12:08:04Z INFO  steel_front] size diag: window_inner=2560x1600 hud=2560x1600
[2026-08-17T12:08:04Z INFO  steel_front] size diag: window_inner=2560x1600 hud=2560x1600
[2026-08-17T12:08:04Z INFO  steel_front] size diag: window_inner=2560x1600 hud=2560x1600
[2026-08-17T12:08:04Z INFO  steel_front] size diag: window_inner=2560x1600 hud=2560x1600
[2026-08-17T12:08:04Z INFO  steel_front] cam: yaw=0.0 pitch=0.0 dist=3.4 mode=FirstPerson cycle_us=2313 update_us=26 render_us=2286
[2026-08-17T12:08:04Z INFO  steel_front::engine::game] game: wave=1 enemies=6 enemy_hp=100 hp=0/100 score=0 phys_us=3 ai_us=0 audio_us=15 net_us=0
[2026-08-17T12:08:04Z INFO  steel_front::engine::renderer] visible=65536/65536 near=65536 far=0 fps=375.4 frame_us=2543 cull_us=1 terrain_us=0 wait_fence_us=2051 acquire_us=2 record_us=40 submit_us=33 present_us=186 terrain_lod=high blend=0.000 quality=中画质 marker=56 npc=42
[2026-08-17T12:08:05Z INFO  steel_front] cam: yaw=0.0 pitch=0.0 dist=3.4 mode=FirstPerson cycle_us=2489 update_us=36 render_us=2452
[2026-08-17T12:08:05Z INFO  steel_front::engine::game] game: wave=1 enemies=6 enemy_hp=100 hp=0/100 score=0 phys_us=2 ai_us=0 audio_us=25 net_us=0
[2026-08-17T12:08:05Z INFO  steel_front::engine::renderer] visible=65536/65536 near=65536 far=0 fps=374.4 frame_us=2212 cull_us=0 terrain_us=0 wait_fence_us=2266 acquire_us=1 record_us=40 submit_us=29 present_us=205 terrain_lod=high blend=0.000 quality=中画质 marker=61 npc=42
[2026-08-17T12:08:06Z INFO  steel_front] cam: yaw=0.0 pitch=0.0 dist=3.4 mode=FirstPerson cycle_us=2645 update_us=21 render_us=2624
[2026-08-17T12:08:06Z INFO  steel_front::engine::game] game: wave=1 enemies=6 enemy_hp=100 hp=0/100 score=0 phys_us=1 ai_us=0 audio_us=23 net_us=0
[2026-08-17T12:08:06Z INFO  steel_front::engine::renderer] visible=65536/65536 near=65536 far=0 fps=373.5 frame_us=2245 cull_us=0 terrain_us=0 wait_fence_us=2169 acquire_us=1 record_us=41 submit_us=30 present_us=321 terrain_lod=high blend=0.000 quality=中画质 marker=56 npc=42
[2026-08-17T12:08:07Z INFO  steel_front] cam: yaw=0.0 pitch=0.0 dist=3.4 mode=FirstPerson cycle_us=2588 update_us=22 render_us=2566
[2026-08-17T12:08:07Z INFO  steel_front::engine::game] game: wave=1 enemies=6 enemy_hp=100 hp=0/100 score=0 phys_us=1 ai_us=0 audio_us=14 net_us=0
[2026-08-17T12:08:07Z INFO  steel_front::engine::renderer] visible=65536/65536 near=65536 far=0 fps=373.9 frame_us=2923 cull_us=0 terrain_us=0 wait_fence_us=2253 acquire_us=1 record_us=42 submit_us=41 present_us=331 terrain_lod=high blend=0.000 quality=中画质 marker=62 npc=42
[2026-08-17T12:08:08Z INFO  steel_front] cam: yaw=0.0 pitch=0.0 dist=3.4 mode=FirstPerson cycle_us=3470 update_us=20 render_us=3449
[2026-08-17T12:08:08Z INFO  steel_front::engine::game] game: wave=1 enemies=6 enemy_hp=100 hp=0/100 score=0 phys_us=2 ai_us=0 audio_us=29 net_us=0
[2026-08-17T12:08:08Z INFO  steel_front::engine::renderer] visible=65536/65536 near=65536 far=0 fps=373.0 frame_us=2217 cull_us=1 terrain_us=0 wait_fence_us=2329 acquire_us=1 record_us=52 submit_us=38 present_us=239 terrain_lod=high blend=0.000 quality=中画质 marker=59 npc=42
[2026-08-17T12:08:09Z INFO  steel_front] size diag: window_inner=2560x1600 hud=2560x1600
[2026-08-17T12:08:09Z INFO  steel_front] size diag: window_inner=2560x1600 hud=2560x1600
[2026-08-17T12:08:09Z INFO  steel_front] size diag: window_inner=2560x1600 hud=2560x1600
[2026-08-17T12:08:09Z INFO  steel_front] size diag: window_inner=2560x1600 hud=2560x1600
[2026-08-17T12:08:09Z INFO  steel_front] size diag: window_inner=2560x1600 hud=2560x1600
[2026-08-17T12:08:09Z INFO  steel_front] size diag: window_inner=2560x1600 hud=2560x1600
[2026-08-17T12:08:09Z INFO  steel_front] size diag: window_inner=2560x1600 hud=2560x1600
[2026-08-17T12:08:09Z INFO  steel_front] size diag: window_inner=2560x1600 hud=2560x1600
[2026-08-17T12:08:09Z INFO  steel_front] size diag: window_inner=2560x1600 hud=2560x1600
[2026-08-17T12:08:09Z INFO  steel_front] size diag: window_inner=2560x1600 hud=2560x1600
[2026-08-17T12:08:09Z INFO  steel_front] size diag: window_inner=2560x1600 hud=2560x1600
[2026-08-17T12:08:09Z INFO  steel_front] size diag: window_inner=2560x1600 hud=2560x1600
[2026-08-17T12:08:09Z INFO  steel_front] size diag: window_inner=2560x1600 hud=2560x1600
[2026-08-17T12:08:09Z INFO  steel_front] size diag: window_inner=2560x1600 hud=2560x1600
[2026-08-17T12:08:09Z INFO  steel_front] size diag: window_inner=2560x1600 hud=2560x1600
[2026-08-17T12:08:09Z INFO  steel_front] size diag: window_inner=2560x1600 hud=2560x1600
[2026-08-17T12:08:09Z INFO  steel_front] size diag: window_inner=2560x1600 hud=2560x1600
[2026-08-17T12:08:09Z INFO  steel_front] size diag: window_inner=2560x1600 hud=2560x1600
[2026-08-17T12:08:09Z INFO  steel_front] size diag: window_inner=2560x1600 hud=2560x1600
[2026-08-17T12:08:09Z INFO  steel_front] cam: yaw=0.0 pitch=0.0 dist=3.4 mode=FirstPerson cycle_us=2770 update_us=48 render_us=2721
[2026-08-17T12:08:09Z INFO  steel_front::engine::game] game: wave=1 enemies=6 enemy_hp=100 hp=0/100 score=0 phys_us=1 ai_us=0 audio_us=14 net_us=0
[2026-08-17T12:08:09Z INFO  steel_front::engine::renderer] visible=65536/65536 near=65536 far=0 fps=375.2 frame_us=2708 cull_us=0 terrain_us=0 wait_fence_us=1908 acquire_us=0 record_us=44 submit_us=44 present_us=239 terrain_lod=high blend=0.000 quality=中画质 marker=62 npc=42
[2026-08-17T12:08:10Z INFO  steel_front] cam: yaw=0.0 pitch=0.0 dist=3.4 mode=FirstPerson cycle_us=2783 update_us=34 render_us=2749
[2026-08-17T12:08:10Z INFO  steel_front::engine::game] game: wave=1 enemies=6 enemy_hp=100 hp=0/100 score=0 phys_us=1 ai_us=0 audio_us=25 net_us=0
[2026-08-17T12:08:10Z INFO  steel_front::engine::renderer] visible=65536/65536 near=65536 far=0 fps=376.6 frame_us=2591 cull_us=2 terrain_us=0 wait_fence_us=1906 acquire_us=4 record_us=40 submit_us=32 present_us=211 terrain_lod=high blend=0.000 quality=中画质 marker=60 npc=42
[2026-08-17T12:08:11Z INFO  steel_front] cam: yaw=0.0 pitch=0.0 dist=3.4 mode=FirstPerson cycle_us=2294 update_us=30 render_us=2263
[2026-08-17T12:08:11Z INFO  steel_front::engine::game] game: wave=1 enemies=6 enemy_hp=100 hp=0/100 score=0 phys_us=2 ai_us=0 audio_us=28 net_us=0
[2026-08-17T12:08:11Z INFO  steel_front::engine::renderer] visible=65536/65536 near=65536 far=0 fps=375.9 frame_us=2110 cull_us=1 terrain_us=0 wait_fence_us=2648 acquire_us=1 record_us=22 submit_us=18 present_us=124 terrain_lod=high blend=0.000 quality=中画质 marker=62 npc=42
[2026-08-17T12:08:12Z INFO  steel_front] cam: yaw=0.0 pitch=0.0 dist=3.4 mode=FirstPerson cycle_us=2914 update_us=15 render_us=2898
[2026-08-17T12:08:12Z INFO  steel_front::engine::game] game: wave=1 enemies=6 enemy_hp=100 hp=0/100 score=0 phys_us=1 ai_us=0 audio_us=17 net_us=0
[2026-08-17T12:08:12Z INFO  steel_front::engine::renderer] visible=65536/65536 near=65536 far=0 fps=374.2 frame_us=2764 cull_us=0 terrain_us=0 wait_fence_us=2023 acquire_us=1 record_us=42 submit_us=34 present_us=186 terrain_lod=high blend=0.000 quality=中画质 marker=62 npc=42
[2026-08-17T12:08:13Z INFO  steel_front] cam: yaw=0.0 pitch=0.0 dist=3.4 mode=FirstPerson cycle_us=2632 update_us=19 render_us=2613
[2026-08-17T12:08:13Z INFO  steel_front::engine::game] game: wave=1 enemies=6 enemy_hp=100 hp=0/100 score=0 phys_us=2 ai_us=0 audio_us=29 net_us=0
[2026-08-17T12:08:13Z INFO  steel_front::engine::renderer] visible=65536/65536 near=65536 far=0 fps=376.9 frame_us=2631 cull_us=0 terrain_us=0 wait_fence_us=2079 acquire_us=1 record_us=28 submit_us=39 present_us=165 terrain_lod=high blend=0.000 quality=中画质 marker=62 npc=42
[2026-08-17T12:08:14Z INFO  steel_front] size diag: window_inner=2560x1600 hud=2560x1600
[2026-08-17T12:08:14Z INFO  steel_front] size diag: window_inner=2560x1600 hud=2560x1600
[2026-08-17T12:08:14Z INFO  steel_front] size diag: window_inner=2560x1600 hud=2560x1600
[2026-08-17T12:08:14Z INFO  steel_front] size diag: window_inner=2560x1600 hud=2560x1600
[2026-08-17T12:08:14Z INFO  steel_front] size diag: window_inner=2560x1600 hud=2560x1600
[2026-08-17T12:08:14Z INFO  steel_front] size diag: window_inner=2560x1600 hud=2560x1600
[2026-08-17T12:08:14Z INFO  steel_front] size diag: window_inner=2560x1600 hud=2560x1600
[2026-08-17T12:08:14Z INFO  steel_front] size diag: window_inner=2560x1600 hud=2560x1600
[2026-08-17T12:08:14Z INFO  steel_front] size diag: window_inner=2560x1600 hud=2560x1600
[2026-08-17T12:08:14Z INFO  steel_front] size diag: window_inner=2560x1600 hud=2560x1600
[2026-08-17T12:08:14Z INFO  steel_front] size diag: window_inner=2560x1600 hud=2560x1600
[2026-08-17T12:08:14Z INFO  steel_front] size diag: window_inner=2560x1600 hud=2560x1600
[2026-08-17T12:08:14Z INFO  steel_front] size diag: window_inner=2560x1600 hud=2560x1600
[2026-08-17T12:08:14Z INFO  steel_front] size diag: window_inner=2560x1600 hud=2560x1600
[2026-08-17T12:08:14Z INFO  steel_front] size diag: window_inner=2560x1600 hud=2560x1600
[2026-08-17T12:08:14Z INFO  steel_front] size diag: window_inner=2560x1600 hud=2560x1600
[2026-08-17T12:08:14Z INFO  steel_front] size diag: window_inner=2560x1600 hud=2560x1600
[2026-08-17T12:08:14Z INFO  steel_front] size diag: window_inner=2560x1600 hud=2560x1600
[2026-08-17T12:08:14Z INFO  steel_front] size diag: window_inner=2560x1600 hud=2560x1600
[2026-08-17T12:08:14Z INFO  steel_front] cam: yaw=0.0 pitch=0.0 dist=3.4 mode=FirstPerson cycle_us=2611 update_us=33 render_us=2577
[2026-08-17T12:08:14Z INFO  steel_front::engine::game] game: wave=1 enemies=6 enemy_hp=100 hp=0/100 score=0 phys_us=4 ai_us=1 audio_us=28 net_us=0
[2026-08-17T12:08:14Z INFO  steel_front::engine::renderer] visible=65536/65536 near=65536 far=0 fps=378.0 frame_us=2917 cull_us=0 terrain_us=0 wait_fence_us=1809 acquire_us=0 record_us=55 submit_us=37 present_us=260 terrain_lod=high blend=0.000 quality=中画质 marker=62 npc=42
[2026-08-17T12:08:15Z INFO  steel_front] cam: yaw=0.0 pitch=0.0 dist=3.4 mode=FirstPerson cycle_us=2464 update_us=33 render_us=2431
[2026-08-17T12:08:15Z INFO  steel_front::engine::game] game: wave=1 enemies=6 enemy_hp=100 hp=0/100 score=0 phys_us=2 ai_us=0 audio_us=15 net_us=0
[2026-08-17T12:08:15Z INFO  steel_front::engine::renderer] visible=65536/65536 near=65536 far=0 fps=376.4 frame_us=2770 cull_us=0 terrain_us=0 wait_fence_us=2076 acquire_us=1 record_us=46 submit_us=36 present_us=399 terrain_lod=high blend=0.000 quality=中画质 marker=62 npc=42
[2026-08-17T12:08:16Z INFO  steel_front] cam: yaw=0.0 pitch=0.0 dist=3.4 mode=FirstPerson cycle_us=2558 update_us=34 render_us=2523
[2026-08-17T12:08:16Z INFO  steel_front::engine::game] game: wave=1 enemies=6 enemy_hp=100 hp=0/100 score=0 phys_us=3 ai_us=0 audio_us=10 net_us=0
[2026-08-17T12:08:16Z INFO  steel_front::engine::renderer] visible=65536/65536 near=65536 far=0 fps=375.7 frame_us=2308 cull_us=0 terrain_us=0 wait_fence_us=2335 acquire_us=1 record_us=42 submit_us=29 present_us=282 terrain_lod=high blend=0.000 quality=中画质 marker=62 npc=42
[2026-08-17T12:08:17Z INFO  steel_front] cam: yaw=0.0 pitch=0.0 dist=3.4 mode=FirstPerson cycle_us=2431 update_us=34 render_us=2396
[2026-08-17T12:08:17Z INFO  steel_front::engine::game] game: wave=1 enemies=6 enemy_hp=100 hp=0/100 score=0 phys_us=2 ai_us=0 audio_us=13 net_us=0
[2026-08-17T12:08:17Z INFO  steel_front::engine::renderer] visible=65536/65536 near=65536 far=0 fps=376.3 frame_us=2392 cull_us=0 terrain_us=0 wait_fence_us=1882 acquire_us=0 record_us=42 submit_us=32 present_us=226 terrain_lod=high blend=0.000 quality=中画质 marker=62 npc=42
[2026-08-17T12:08:18Z INFO  steel_front] cam: yaw=0.0 pitch=0.0 dist=3.4 mode=FirstPerson cycle_us=2660 update_us=17 render_us=2642
[2026-08-17T12:08:18Z INFO  steel_front::engine::game] game: wave=1 enemies=6 enemy_hp=100 hp=0/100 score=0 phys_us=2 ai_us=0 audio_us=17 net_us=0
[2026-08-17T12:08:18Z INFO  steel_front::engine::renderer] visible=65536/65536 near=65536 far=0 fps=376.0 frame_us=2805 cull_us=0 terrain_us=0 wait_fence_us=2316 acquire_us=0 record_us=47 submit_us=31 present_us=254 terrain_lod=high blend=0.000 quality=中画质 marker=61 npc=42
[2026-08-17T12:08:19Z INFO  steel_front] size diag: window_inner=2560x1600 hud=2560x1600
[2026-08-17T12:08:19Z INFO  steel_front] size diag: window_inner=2560x1600 hud=2560x1600
[2026-08-17T12:08:19Z INFO  steel_front] size diag: window_inner=2560x1600 hud=2560x1600
[2026-08-17T12:08:19Z INFO  steel_front] size diag: window_inner=2560x1600 hud=2560x1600
[2026-08-17T12:08:19Z INFO  steel_front] size diag: window_inner=2560x1600 hud=2560x1600
[2026-08-17T12:08:19Z INFO  steel_front] size diag: window_inner=2560x1600 hud=2560x1600
[2026-08-17T12:08:19Z INFO  steel_front] size diag: window_inner=2560x1600 hud=2560x1600
[2026-08-17T12:08:19Z INFO  steel_front] size diag: window_inner=2560x1600 hud=2560x1600
[2026-08-17T12:08:19Z INFO  steel_front] size diag: window_inner=2560x1600 hud=2560x1600
[2026-08-17T12:08:19Z INFO  steel_front] size diag: window_inner=2560x1600 hud=2560x1600
[2026-08-17T12:08:19Z INFO  steel_front] size diag: window_inner=2560x1600 hud=2560x1600
[2026-08-17T12:08:19Z INFO  steel_front] size diag: window_inner=2560x1600 hud=2560x1600
[2026-08-17T12:08:19Z INFO  steel_front] size diag: window_inner=2560x1600 hud=2560x1600
[2026-08-17T12:08:19Z INFO  steel_front] size diag: window_inner=2560x1600 hud=2560x1600
[2026-08-17T12:08:19Z INFO  steel_front] size diag: window_inner=2560x1600 hud=2560x1600
[2026-08-17T12:08:19Z INFO  steel_front] size diag: window_inner=2560x1600 hud=2560x1600
[2026-08-17T12:08:19Z INFO  steel_front] size diag: window_inner=2560x1600 hud=2560x1600
[2026-08-17T12:08:19Z INFO  steel_front] size diag: window_inner=2560x1600 hud=2560x1600
[2026-08-17T12:08:19Z INFO  steel_front] size diag: window_inner=2560x1600 hud=2560x1600
[2026-08-17T12:08:19Z INFO  steel_front] cam: yaw=0.0 pitch=0.0 dist=3.4 mode=FirstPerson cycle_us=3095 update_us=17 render_us=3077
[2026-08-17T12:08:19Z INFO  steel_front::engine::game] game: wave=1 enemies=6 enemy_hp=100 hp=0/100 score=0 phys_us=2 ai_us=0 audio_us=14 net_us=0
[2026-08-17T12:08:19Z INFO  steel_front::engine::renderer] visible=65536/65536 near=65536 far=0 fps=377.2 frame_us=1821 cull_us=2 terrain_us=0 wait_fence_us=2432 acquire_us=2 record_us=26 submit_us=21 present_us=266 terrain_lod=high blend=0.000 quality=中画质 marker=62 npc=42
[2026-08-17T12:08:20Z INFO  steel_front] cam: yaw=0.0 pitch=0.0 dist=3.4 mode=FirstPerson cycle_us=2645 update_us=18 render_us=2626
[2026-08-17T12:08:20Z INFO  steel_front::engine::game] game: wave=1 enemies=6 enemy_hp=100 hp=0/100 score=0 phys_us=2 ai_us=0 audio_us=27 net_us=0
[2026-08-17T12:08:20Z INFO  steel_front::engine::renderer] visible=65536/65536 near=65536 far=0 fps=375.6 frame_us=2449 cull_us=1 terrain_us=0 wait_fence_us=1956 acquire_us=2 record_us=40 submit_us=28 present_us=199 terrain_lod=high blend=0.000 quality=中画质 marker=62 npc=42
[2026-08-17T12:08:21Z INFO  steel_front] cam: yaw=0.0 pitch=0.0 dist=3.4 mode=FirstPerson cycle_us=2762 update_us=30 render_us=2732
[2026-08-17T12:08:21Z INFO  steel_front::engine::game] game: wave=1 enemies=6 enemy_hp=100 hp=0/100 score=0 phys_us=1 ai_us=0 audio_us=25 net_us=0
[2026-08-17T12:08:21Z INFO  steel_front::engine::renderer] visible=65536/65536 near=65536 far=0 fps=376.4 frame_us=2079 cull_us=0 terrain_us=0 wait_fence_us=2271 acquire_us=1 record_us=40 submit_us=33 present_us=222 terrain_lod=high blend=0.000 quality=中画质 marker=62 npc=42
[2026-08-17T12:08:22Z INFO  steel_front] cam: yaw=0.0 pitch=0.0 dist=3.4 mode=FirstPerson cycle_us=2913 update_us=17 render_us=2895
[2026-08-17T12:08:22Z INFO  steel_front::engine::game] game: wave=1 enemies=6 enemy_hp=100 hp=0/100 score=0 phys_us=1 ai_us=0 audio_us=23 net_us=0
[2026-08-17T12:08:22Z INFO  steel_front::engine::renderer] visible=65536/65536 near=65536 far=0 fps=376.7 frame_us=2125 cull_us=0 terrain_us=0 wait_fence_us=2616 acquire_us=1 record_us=24 submit_us=19 present_us=141 terrain_lod=high blend=0.000 quality=中画质 marker=62 npc=42
[2026-08-17T12:08:23Z INFO  steel_front] cam: yaw=0.0 pitch=0.0 dist=3.4 mode=FirstPerson cycle_us=2814 update_us=21 render_us=2792
[2026-08-17T12:08:23Z INFO  steel_front::engine::game] game: wave=1 enemies=6 enemy_hp=100 hp=0/100 score=0 phys_us=1 ai_us=0 audio_us=11 net_us=0
[2026-08-17T12:08:23Z INFO  steel_front::engine::renderer] visible=65536/65536 near=65536 far=0 fps=375.4 frame_us=2352 cull_us=0 terrain_us=0 wait_fence_us=1918 acquire_us=1 record_us=48 submit_us=41 present_us=254 terrain_lod=high blend=0.000 quality=中画质 marker=62 npc=42
[2026-08-17T12:08:24Z INFO  steel_front] size diag: window_inner=2560x1600 hud=2560x1600
[2026-08-17T12:08:24Z INFO  steel_front] size diag: window_inner=2560x1600 hud=2560x1600
[2026-08-17T12:08:24Z INFO  steel_front] size diag: window_inner=2560x1600 hud=2560x1600
[2026-08-17T12:08:24Z INFO  steel_front] size diag: window_inner=2560x1600 hud=2560x1600
[2026-08-17T12:08:24Z INFO  steel_front] size diag: window_inner=2560x1600 hud=2560x1600
[2026-08-17T12:08:24Z INFO  steel_front] size diag: window_inner=2560x1600 hud=2560x1600
[2026-08-17T12:08:24Z INFO  steel_front] size diag: window_inner=2560x1600 hud=2560x1600
[2026-08-17T12:08:24Z INFO  steel_front] size diag: window_inner=2560x1600 hud=2560x1600
[2026-08-17T12:08:24Z INFO  steel_front] size diag: window_inner=2560x1600 hud=2560x1600
[2026-08-17T12:08:24Z INFO  steel_front] size diag: window_inner=2560x1600 hud=2560x1600
[2026-08-17T12:08:24Z INFO  steel_front] size diag: window_inner=2560x1600 hud=2560x1600
[2026-08-17T12:08:24Z INFO  steel_front] size diag: window_inner=2560x1600 hud=2560x1600
[2026-08-17T12:08:24Z INFO  steel_front] size diag: window_inner=2560x1600 hud=2560x1600
[2026-08-17T12:08:24Z INFO  steel_front] size diag: window_inner=2560x1600 hud=2560x1600
[2026-08-17T12:08:24Z INFO  steel_front] size diag: window_inner=2560x1600 hud=2560x1600
[2026-08-17T12:08:24Z INFO  steel_front] size diag: window_inner=2560x1600 hud=2560x1600
[2026-08-17T12:08:24Z INFO  steel_front] size diag: window_inner=2560x1600 hud=2560x1600
[2026-08-17T12:08:24Z INFO  steel_front] size diag: window_inner=2560x1600 hud=2560x1600
[2026-08-17T12:08:24Z INFO  steel_front] size diag: window_inner=2560x1600 hud=2560x1600
[2026-08-17T12:08:24Z INFO  steel_front] cam: yaw=0.0 pitch=0.0 dist=3.4 mode=FirstPerson cycle_us=2643 update_us=19 render_us=2623
[2026-08-17T12:08:24Z INFO  steel_front::engine::game] game: wave=1 enemies=6 enemy_hp=100 hp=0/100 score=0 phys_us=1 ai_us=0 audio_us=34 net_us=0
[2026-08-17T12:08:24Z INFO  steel_front::engine::renderer] visible=65536/65536 near=65536 far=0 fps=373.7 frame_us=3087 cull_us=0 terrain_us=0 wait_fence_us=1547 acquire_us=1 record_us=49 submit_us=33 present_us=685 terrain_lod=high blend=0.000 quality=中画质 marker=62 npc=42
[2026-08-17T12:08:25Z INFO  steel_front] cam: yaw=0.0 pitch=0.0 dist=3.4 mode=FirstPerson cycle_us=2675 update_us=34 render_us=2640
[2026-08-17T12:08:25Z INFO  steel_front::engine::game] game: wave=1 enemies=6 enemy_hp=100 hp=0/100 score=0 phys_us=2 ai_us=0 audio_us=30 net_us=0
[2026-08-17T12:08:25Z INFO  steel_front::engine::renderer] visible=65536/65536 near=65536 far=0 fps=371.6 frame_us=2386 cull_us=1 terrain_us=0 wait_fence_us=2180 acquire_us=1 record_us=40 submit_us=28 present_us=214 terrain_lod=high blend=0.000 quality=中画质 marker=61 npc=42
[2026-08-17T12:08:26Z INFO  steel_front] cam: yaw=0.0 pitch=0.0 dist=3.4 mode=FirstPerson cycle_us=2714 update_us=31 render_us=2682
[2026-08-17T12:08:26Z INFO  steel_front::engine::game] game: wave=1 enemies=6 enemy_hp=100 hp=0/100 score=0 phys_us=9 ai_us=1 audio_us=83 net_us=0
[2026-08-17T12:08:26Z INFO  steel_front::engine::renderer] visible=65536/65536 near=65536 far=0 fps=372.3 frame_us=2420 cull_us=0 terrain_us=0 wait_fence_us=2126 acquire_us=1 record_us=22 submit_us=36 present_us=124 terrain_lod=high blend=0.000 quality=中画质 marker=62 npc=42
[2026-08-17T12:08:27Z INFO  steel_front] cam: yaw=0.0 pitch=0.0 dist=3.4 mode=FirstPerson cycle_us=2697 update_us=38 render_us=2658
[2026-08-17T12:08:27Z INFO  steel_front::engine::game] game: wave=1 enemies=6 enemy_hp=100 hp=0/100 score=0 phys_us=3 ai_us=0 audio_us=33 net_us=0
[2026-08-17T12:08:27Z INFO  steel_front::engine::renderer] visible=65536/65536 near=65536 far=0 fps=376.4 frame_us=2720 cull_us=1 terrain_us=0 wait_fence_us=1731 acquire_us=1 record_us=50 submit_us=45 present_us=260 terrain_lod=high blend=0.000 quality=中画质 marker=62 npc=42
[2026-08-17T12:08:28Z INFO  steel_front] cam: yaw=0.0 pitch=0.0 dist=3.4 mode=FirstPerson cycle_us=2501 update_us=35 render_us=2466
[2026-08-17T12:08:28Z INFO  steel_front::engine::game] game: wave=1 enemies=6 enemy_hp=100 hp=0/100 score=0 phys_us=5 ai_us=0 audio_us=27 net_us=0
[2026-08-17T12:08:28Z INFO  steel_front::engine::renderer] visible=65536/65536 near=65536 far=0 fps=370.2 frame_us=2741 cull_us=0 terrain_us=0 wait_fence_us=2316 acquire_us=1 record_us=45 submit_us=34 present_us=262 terrain_lod=high blend=0.000 quality=中画质 marker=61 npc=42
[2026-08-17T12:08:29Z INFO  steel_front] size diag: window_inner=2560x1600 hud=2560x1600
[2026-08-17T12:08:29Z INFO  steel_front] size diag: window_inner=2560x1600 hud=2560x1600
[2026-08-17T12:08:29Z INFO  steel_front] size diag: window_inner=2560x1600 hud=2560x1600
[2026-08-17T12:08:29Z INFO  steel_front] size diag: window_inner=2560x1600 hud=2560x1600
[2026-08-17T12:08:29Z INFO  steel_front] size diag: window_inner=2560x1600 hud=2560x1600
[2026-08-17T12:08:29Z INFO  steel_front] size diag: window_inner=2560x1600 hud=2560x1600
[2026-08-17T12:08:29Z INFO  steel_front] size diag: window_inner=2560x1600 hud=2560x1600
[2026-08-17T12:08:29Z INFO  steel_front] size diag: window_inner=2560x1600 hud=2560x1600
[2026-08-17T12:08:29Z INFO  steel_front] size diag: window_inner=2560x1600 hud=2560x1600
[2026-08-17T12:08:29Z INFO  steel_front] size diag: window_inner=2560x1600 hud=2560x1600
[2026-08-17T12:08:29Z INFO  steel_front] size diag: window_inner=2560x1600 hud=2560x1600
[2026-08-17T12:08:29Z INFO  steel_front] size diag: window_inner=2560x1600 hud=2560x1600
[2026-08-17T12:08:29Z INFO  steel_front] size diag: window_inner=2560x1600 hud=2560x1600
[2026-08-17T12:08:29Z INFO  steel_front] size diag: window_inner=2560x1600 hud=2560x1600
[2026-08-17T12:08:29Z INFO  steel_front] size diag: window_inner=2560x1600 hud=2560x1600
[2026-08-17T12:08:29Z INFO  steel_front] size diag: window_inner=2560x1600 hud=2560x1600
[2026-08-17T12:08:29Z INFO  steel_front] size diag: window_inner=2560x1600 hud=2560x1600
[2026-08-17T12:08:29Z INFO  steel_front] size diag: window_inner=2560x1600 hud=2560x1600
[2026-08-17T12:08:29Z INFO  steel_front] size diag: window_inner=2560x1600 hud=2560x1600
[2026-08-17T12:08:29Z INFO  steel_front] cam: yaw=0.0 pitch=0.0 dist=3.4 mode=FirstPerson cycle_us=2699 update_us=31 render_us=2667
[2026-08-17T12:08:29Z INFO  steel_front::engine::game] game: wave=1 enemies=6 enemy_hp=100 hp=0/100 score=0 phys_us=3 ai_us=0 audio_us=12 net_us=0
[2026-08-17T12:08:29Z INFO  steel_front::engine::renderer] visible=65536/65536 near=65536 far=0 fps=368.7 frame_us=2194 cull_us=0 terrain_us=0 wait_fence_us=2833 acquire_us=0 record_us=27 submit_us=22 present_us=176 terrain_lod=high blend=0.000 quality=中画质 marker=62 npc=42
[2026-08-17T12:08:30Z INFO  steel_front] cam: yaw=0.0 pitch=0.0 dist=3.4 mode=FirstPerson cycle_us=2478 update_us=38 render_us=2439
[2026-08-17T12:08:30Z INFO  steel_front::engine::game] game: wave=1 enemies=6 enemy_hp=100 hp=0/100 score=0 phys_us=2 ai_us=0 audio_us=26 net_us=0
[2026-08-17T12:08:30Z INFO  steel_front::engine::renderer] visible=65536/65536 near=65536 far=0 fps=382.7 frame_us=2584 cull_us=0 terrain_us=0 wait_fence_us=1913 acquire_us=1 record_us=44 submit_us=31 present_us=220 terrain_lod=high blend=0.000 quality=中画质 marker=62 npc=42
[2026-08-17T12:08:31Z INFO  steel_front] cam: yaw=0.0 pitch=0.0 dist=3.4 mode=FirstPerson cycle_us=2457 update_us=33 render_us=2423
[2026-08-17T12:08:31Z INFO  steel_front::engine::game] game: wave=1 enemies=6 enemy_hp=100 hp=0/100 score=0 phys_us=1 ai_us=0 audio_us=27 net_us=0
[2026-08-17T12:08:31Z INFO  steel_front::engine::renderer] visible=65536/65536 near=65536 far=0 fps=383.4 frame_us=2546 cull_us=0 terrain_us=0 wait_fence_us=2167 acquire_us=0 record_us=230 submit_us=33 present_us=151 terrain_lod=high blend=0.000 quality=中画质 marker=62 npc=42
[2026-08-17T12:08:32Z INFO  steel_front] cam: yaw=0.0 pitch=0.0 dist=3.4 mode=FirstPerson cycle_us=2301 update_us=30 render_us=2270
[2026-08-17T12:08:32Z INFO  steel_front::engine::game] game: wave=1 enemies=6 enemy_hp=100 hp=0/100 score=0 phys_us=2 ai_us=0 audio_us=27 net_us=0
[2026-08-17T12:08:32Z INFO  steel_front::engine::renderer] visible=65536/65536 near=65536 far=0 fps=384.3 frame_us=2272 cull_us=0 terrain_us=0 wait_fence_us=2313 acquire_us=1 record_us=39 submit_us=29 present_us=273 terrain_lod=high blend=0.000 quality=中画质 marker=62 npc=42
[2026-08-17T12:08:33Z INFO  steel_front] cam: yaw=0.0 pitch=0.0 dist=3.4 mode=FirstPerson cycle_us=3020 update_us=15 render_us=3004
[2026-08-17T12:08:33Z INFO  steel_front::engine::game] game: wave=1 enemies=6 enemy_hp=100 hp=0/100 score=0 phys_us=1 ai_us=0 audio_us=85 net_us=0
[2026-08-17T12:08:33Z INFO  steel_front::engine::renderer] visible=65536/65536 near=65536 far=0 fps=371.6 frame_us=2384 cull_us=0 terrain_us=0 wait_fence_us=1964 acquire_us=1 record_us=41 submit_us=34 present_us=203 terrain_lod=high blend=0.000 quality=中画质 marker=62 npc=42
[2026-08-17T12:08:34Z INFO  steel_front] size diag: window_inner=2560x1600 hud=2560x1600
[2026-08-17T12:08:34Z INFO  steel_front] size diag: window_inner=2560x1600 hud=2560x1600
[2026-08-17T12:08:34Z INFO  steel_front] size diag: window_inner=2560x1600 hud=2560x1600
[2026-08-17T12:08:34Z INFO  steel_front] size diag: window_inner=2560x1600 hud=2560x1600
[2026-08-17T12:08:34Z INFO  steel_front] size diag: window_inner=2560x1600 hud=2560x1600
[2026-08-17T12:08:34Z INFO  steel_front] size diag: window_inner=2560x1600 hud=2560x1600
[2026-08-17T12:08:34Z INFO  steel_front] size diag: window_inner=2560x1600 hud=2560x1600
[2026-08-17T12:08:34Z INFO  steel_front] size diag: window_inner=2560x1600 hud=2560x1600
[2026-08-17T12:08:34Z INFO  steel_front] size diag: window_inner=2560x1600 hud=2560x1600
[2026-08-17T12:08:34Z INFO  steel_front] size diag: window_inner=2560x1600 hud=2560x1600
[2026-08-17T12:08:34Z INFO  steel_front] size diag: window_inner=2560x1600 hud=2560x1600
[2026-08-17T12:08:34Z INFO  steel_front] size diag: window_inner=2560x1600 hud=2560x1600
[2026-08-17T12:08:34Z INFO  steel_front] size diag: window_inner=2560x1600 hud=2560x1600
[2026-08-17T12:08:34Z INFO  steel_front] size diag: window_inner=2560x1600 hud=2560x1600
[2026-08-17T12:08:34Z INFO  steel_front] size diag: window_inner=2560x1600 hud=2560x1600
[2026-08-17T12:08:34Z INFO  steel_front] size diag: window_inner=2560x1600 hud=2560x1600
[2026-08-17T12:08:34Z INFO  steel_front] size diag: window_inner=2560x1600 hud=2560x1600
[2026-08-17T12:08:34Z INFO  steel_front] size diag: window_inner=2560x1600 hud=2560x1600
[2026-08-17T12:08:34Z INFO  steel_front] size diag: window_inner=2560x1600 hud=2560x1600
[2026-08-17T12:08:34Z INFO  steel_front] cam: yaw=0.0 pitch=0.0 dist=3.4 mode=FirstPerson cycle_us=2708 update_us=19 render_us=2688
[2026-08-17T12:08:34Z INFO  steel_front::engine::game] game: wave=1 enemies=6 enemy_hp=100 hp=0/100 score=0 phys_us=1 ai_us=0 audio_us=25 net_us=0
[2026-08-17T12:08:34Z INFO  steel_front::engine::renderer] visible=65536/65536 near=65536 far=0 fps=383.2 frame_us=2740 cull_us=0 terrain_us=0 wait_fence_us=1869 acquire_us=1 record_us=165 submit_us=34 present_us=497 terrain_lod=high blend=0.000 quality=中画质 marker=62 npc=42
[2026-08-17T12:08:35Z INFO  steel_front] cam: yaw=0.0 pitch=0.0 dist=3.4 mode=FirstPerson cycle_us=2487 update_us=17 render_us=2469
[2026-08-17T12:08:35Z INFO  steel_front::engine::game] game: wave=1 enemies=6 enemy_hp=100 hp=0/100 score=0 phys_us=1 ai_us=0 audio_us=18 net_us=0
[2026-08-17T12:08:35Z INFO  steel_front::engine::renderer] visible=65536/65536 near=65536 far=0 fps=363.1 frame_us=4426 cull_us=1 terrain_us=0 wait_fence_us=2767 acquire_us=1 record_us=56 submit_us=48 present_us=607 terrain_lod=high blend=0.000 quality=中画质 marker=53 npc=42
[2026-08-17T12:08:36Z INFO  steel_front] cam: yaw=0.0 pitch=0.0 dist=3.4 mode=FirstPerson cycle_us=2874 update_us=37 render_us=2836
[2026-08-17T12:08:36Z INFO  steel_front::engine::game] game: wave=1 enemies=6 enemy_hp=100 hp=0/100 score=0 phys_us=1 ai_us=0 audio_us=16 net_us=0
[2026-08-17T12:08:36Z INFO  steel_front::engine::renderer] visible=65536/65536 near=65536 far=0 fps=357.9 frame_us=2522 cull_us=1 terrain_us=0 wait_fence_us=2130 acquire_us=1 record_us=26 submit_us=57 present_us=147 terrain_lod=high blend=0.000 quality=中画质 marker=61 npc=42
[2026-08-17T12:08:37Z INFO  steel_front] cam: yaw=0.0 pitch=0.0 dist=3.4 mode=FirstPerson cycle_us=2970 update_us=18 render_us=2951
[2026-08-17T12:08:37Z INFO  steel_front::engine::game] game: wave=1 enemies=6 enemy_hp=100 hp=0/100 score=0 phys_us=1 ai_us=0 audio_us=14 net_us=0
[2026-08-17T12:08:37Z INFO  steel_front::engine::renderer] visible=65536/65536 near=65536 far=0 fps=363.0 frame_us=2318 cull_us=0 terrain_us=0 wait_fence_us=2498 acquire_us=1 record_us=25 submit_us=20 present_us=277 terrain_lod=high blend=0.000 quality=中画质 marker=61 npc=42
[2026-08-17T12:08:38Z INFO  steel_front] cam: yaw=0.0 pitch=0.0 dist=3.4 mode=FirstPerson cycle_us=2769 update_us=20 render_us=2749
[2026-08-17T12:08:38Z INFO  steel_front::engine::game] game: wave=1 enemies=6 enemy_hp=100 hp=0/100 score=0 phys_us=1 ai_us=0 audio_us=26 net_us=0
[2026-08-17T12:08:38Z INFO  steel_front::engine::renderer] visible=65536/65536 near=65536 far=0 fps=373.4 frame_us=2708 cull_us=1 terrain_us=0 wait_fence_us=1955 acquire_us=1 record_us=40 submit_us=32 present_us=204 terrain_lod=high blend=0.000 quality=中画质 marker=62 npc=42
[2026-08-17T12:08:39Z INFO  steel_front] size diag: window_inner=2560x1600 hud=2560x1600
[2026-08-17T12:08:39Z INFO  steel_front] size diag: window_inner=2560x1600 hud=2560x1600
[2026-08-17T12:08:39Z INFO  steel_front] size diag: window_inner=2560x1600 hud=2560x1600
[2026-08-17T12:08:39Z INFO  steel_front] size diag: window_inner=2560x1600 hud=2560x1600
[2026-08-17T12:08:39Z INFO  steel_front] size diag: window_inner=2560x1600 hud=2560x1600
[2026-08-17T12:08:39Z INFO  steel_front] size diag: window_inner=2560x1600 hud=2560x1600
[2026-08-17T12:08:39Z INFO  steel_front] size diag: window_inner=2560x1600 hud=2560x1600
[2026-08-17T12:08:39Z INFO  steel_front] size diag: window_inner=2560x1600 hud=2560x1600
[2026-08-17T12:08:39Z INFO  steel_front] size diag: window_inner=2560x1600 hud=2560x1600
[2026-08-17T12:08:39Z INFO  steel_front] size diag: window_inner=2560x1600 hud=2560x1600
[2026-08-17T12:08:39Z INFO  steel_front] size diag: window_inner=2560x1600 hud=2560x1600
[2026-08-17T12:08:39Z INFO  steel_front] size diag: window_inner=2560x1600 hud=2560x1600
[2026-08-17T12:08:39Z INFO  steel_front] size diag: window_inner=2560x1600 hud=2560x1600
[2026-08-17T12:08:39Z INFO  steel_front] size diag: window_inner=2560x1600 hud=2560x1600
[2026-08-17T12:08:39Z INFO  steel_front] size diag: window_inner=2560x1600 hud=2560x1600
[2026-08-17T12:08:39Z INFO  steel_front] size diag: window_inner=2560x1600 hud=2560x1600
[2026-08-17T12:08:39Z INFO  steel_front] size diag: window_inner=2560x1600 hud=2560x1600
[2026-08-17T12:08:39Z INFO  steel_front] size diag: window_inner=2560x1600 hud=2560x1600
[2026-08-17T12:08:39Z INFO  steel_front] size diag: window_inner=2560x1600 hud=2560x1600
[2026-08-17T12:08:39Z INFO  steel_front] cam: yaw=0.0 pitch=0.0 dist=3.4 mode=FirstPerson cycle_us=2758 update_us=20 render_us=2737
[2026-08-17T12:08:39Z INFO  steel_front::engine::game] game: wave=1 enemies=6 enemy_hp=100 hp=0/100 score=0 phys_us=2 ai_us=0 audio_us=30 net_us=0
[2026-08-17T12:08:39Z INFO  steel_front::engine::renderer] visible=65536/65536 near=65536 far=0 fps=375.3 frame_us=2094 cull_us=0 terrain_us=0 wait_fence_us=2467 acquire_us=1 record_us=22 submit_us=16 present_us=120 terrain_lod=high blend=0.000 quality=中画质 marker=62 npc=42
[2026-08-17T12:08:40Z INFO  steel_front] cam: yaw=0.0 pitch=0.0 dist=3.4 mode=FirstPerson cycle_us=2479 update_us=33 render_us=2445
[2026-08-17T12:08:40Z INFO  steel_front::engine::game] game: wave=1 enemies=6 enemy_hp=100 hp=0/100 score=0 phys_us=2 ai_us=0 audio_us=27 net_us=0
[2026-08-17T12:08:40Z INFO  steel_front::engine::renderer] visible=65536/65536 near=65536 far=0 fps=372.7 frame_us=2500 cull_us=0 terrain_us=0 wait_fence_us=2204 acquire_us=1 record_us=41 submit_us=31 present_us=294 terrain_lod=high blend=0.000 quality=中画质 marker=62 npc=42
[2026-08-17T12:08:41Z INFO  steel_front] cam: yaw=0.0 pitch=0.0 dist=3.4 mode=FirstPerson cycle_us=2710 update_us=45 render_us=2665
[2026-08-17T12:08:41Z INFO  steel_front::engine::game] game: wave=1 enemies=6 enemy_hp=100 hp=0/100 score=0 phys_us=2 ai_us=0 audio_us=15 net_us=0
[2026-08-17T12:08:41Z INFO  steel_front::engine::renderer] visible=65536/65536 near=65536 far=0 fps=374.0 frame_us=2842 cull_us=1 terrain_us=0 wait_fence_us=2018 acquire_us=1 record_us=52 submit_us=58 present_us=260 terrain_lod=high blend=0.000 quality=中画质 marker=62 npc=42
[2026-08-17T12:08:42Z INFO  steel_front] cam: yaw=0.0 pitch=0.0 dist=3.4 mode=FirstPerson cycle_us=3297 update_us=32 render_us=3265
[2026-08-17T12:08:42Z INFO  steel_front::engine::game] game: wave=1 enemies=6 enemy_hp=100 hp=0/100 score=0 phys_us=1 ai_us=0 audio_us=13 net_us=0
[2026-08-17T12:08:42Z INFO  steel_front::engine::renderer] visible=65536/65536 near=65536 far=0 fps=373.7 frame_us=2221 cull_us=0 terrain_us=0 wait_fence_us=1998 acquire_us=1 record_us=29 submit_us=48 present_us=191 terrain_lod=high blend=0.000 quality=中画质 marker=62 npc=42
[2026-08-17T12:08:43Z INFO  steel_front] cam: yaw=0.0 pitch=0.0 dist=3.4 mode=FirstPerson cycle_us=2507 update_us=19 render_us=2488
[2026-08-17T12:08:43Z INFO  steel_front::engine::game] game: wave=1 enemies=6 enemy_hp=100 hp=0/100 score=0 phys_us=1 ai_us=0 audio_us=32 net_us=0
[2026-08-17T12:08:43Z INFO  steel_front::engine::renderer] visible=65536/65536 near=65536 far=0 fps=374.3 frame_us=2395 cull_us=0 terrain_us=0 wait_fence_us=2248 acquire_us=1 record_us=46 submit_us=52 present_us=203 terrain_lod=high blend=0.000 quality=中画质 marker=62 npc=42
[2026-08-17T12:08:44Z INFO  steel_front] size diag: window_inner=2560x1600 hud=2560x1600
[2026-08-17T12:08:44Z INFO  steel_front] size diag: window_inner=2560x1600 hud=2560x1600
[2026-08-17T12:08:44Z INFO  steel_front] size diag: window_inner=2560x1600 hud=2560x1600
[2026-08-17T12:08:44Z INFO  steel_front] size diag: window_inner=2560x1600 hud=2560x1600
[2026-08-17T12:08:44Z INFO  steel_front] size diag: window_inner=2560x1600 hud=2560x1600
[2026-08-17T12:08:44Z INFO  steel_front] size diag: window_inner=2560x1600 hud=2560x1600
[2026-08-17T12:08:44Z INFO  steel_front] size diag: window_inner=2560x1600 hud=2560x1600
[2026-08-17T12:08:44Z INFO  steel_front] size diag: window_inner=2560x1600 hud=2560x1600
[2026-08-17T12:08:44Z INFO  steel_front] size diag: window_inner=2560x1600 hud=2560x1600
[2026-08-17T12:08:44Z INFO  steel_front] size diag: window_inner=2560x1600 hud=2560x1600
[2026-08-17T12:08:44Z INFO  steel_front] size diag: window_inner=2560x1600 hud=2560x1600
[2026-08-17T12:08:44Z INFO  steel_front] size diag: window_inner=2560x1600 hud=2560x1600
[2026-08-17T12:08:44Z INFO  steel_front] size diag: window_inner=2560x1600 hud=2560x1600
[2026-08-17T12:08:44Z INFO  steel_front] size diag: window_inner=2560x1600 hud=2560x1600
[2026-08-17T12:08:44Z INFO  steel_front] size diag: window_inner=2560x1600 hud=2560x1600
[2026-08-17T12:08:44Z INFO  steel_front] size diag: window_inner=2560x1600 hud=2560x1600
[2026-08-17T12:08:44Z INFO  steel_front] size diag: window_inner=2560x1600 hud=2560x1600
[2026-08-17T12:08:44Z INFO  steel_front] size diag: window_inner=2560x1600 hud=2560x1600
[2026-08-17T12:08:44Z INFO  steel_front] size diag: window_inner=2560x1600 hud=2560x1600
[2026-08-17T12:08:44Z INFO  steel_front] cam: yaw=0.0 pitch=0.0 dist=3.4 mode=FirstPerson cycle_us=2759 update_us=40 render_us=2718
[2026-08-17T12:08:44Z INFO  steel_front::engine::game] game: wave=1 enemies=6 enemy_hp=100 hp=0/100 score=0 phys_us=4 ai_us=0 audio_us=16 net_us=0
[2026-08-17T12:08:44Z INFO  steel_front::engine::renderer] visible=65536/65536 near=65536 far=0 fps=371.6 frame_us=2709 cull_us=0 terrain_us=0 wait_fence_us=1929 acquire_us=1 record_us=48 submit_us=62 present_us=208 terrain_lod=high blend=0.000 quality=中画质 marker=61 npc=42
[2026-08-17T12:08:45Z INFO  steel_front] cam: yaw=0.0 pitch=0.0 dist=3.4 mode=FirstPerson cycle_us=2752 update_us=34 render_us=2717
[2026-08-17T12:08:45Z INFO  steel_front::engine::game] game: wave=1 enemies=6 enemy_hp=100 hp=0/100 score=0 phys_us=2 ai_us=0 audio_us=18 net_us=0
[2026-08-17T12:08:45Z INFO  steel_front::engine::renderer] visible=65536/65536 near=65536 far=0 fps=367.0 frame_us=2585 cull_us=0 terrain_us=0 wait_fence_us=2117 acquire_us=1 record_us=46 submit_us=86 present_us=207 terrain_lod=high blend=0.000 quality=中画质 marker=62 npc=42
[2026-08-17T12:08:46Z INFO  steel_front] cam: yaw=0.0 pitch=0.0 dist=3.4 mode=FirstPerson cycle_us=2384 update_us=40 render_us=2343
[2026-08-17T12:08:46Z INFO  steel_front::engine::game] game: wave=1 enemies=6 enemy_hp=100 hp=0/100 score=0 phys_us=2 ai_us=0 audio_us=36 net_us=0
[2026-08-17T12:08:46Z INFO  steel_front::engine::renderer] visible=65536/65536 near=65536 far=0 fps=368.8 frame_us=2662 cull_us=0 terrain_us=0 wait_fence_us=2111 acquire_us=0 record_us=49 submit_us=61 present_us=214 terrain_lod=high blend=0.000 quality=中画质 marker=62 npc=42
[2026-08-17T12:08:47Z INFO  steel_front] cam: yaw=0.0 pitch=0.0 dist=3.4 mode=FirstPerson cycle_us=2804 update_us=33 render_us=2771
[2026-08-17T12:08:47Z INFO  steel_front::engine::game] game: wave=1 enemies=6 enemy_hp=100 hp=0/100 score=0 phys_us=1 ai_us=0 audio_us=13 net_us=0
[2026-08-17T12:08:47Z INFO  steel_front::engine::renderer] visible=65536/65536 near=65536 far=0 fps=374.1 frame_us=2294 cull_us=0 terrain_us=0 wait_fence_us=2161 acquire_us=1 record_us=46 submit_us=40 present_us=206 terrain_lod=high blend=0.000 quality=中画质 marker=61 npc=42
[2026-08-17T12:08:48Z INFO  steel_front] cam: yaw=0.0 pitch=0.0 dist=3.4 mode=FirstPerson cycle_us=2672 update_us=45 render_us=2627
[2026-08-17T12:08:48Z INFO  steel_front::engine::game] game: wave=1 enemies=6 enemy_hp=100 hp=0/100 score=0 phys_us=2 ai_us=0 audio_us=18 net_us=0
[2026-08-17T12:08:48Z INFO  steel_front::engine::renderer] visible=65536/65536 near=65536 far=0 fps=373.7 frame_us=2538 cull_us=1 terrain_us=0 wait_fence_us=2022 acquire_us=1 record_us=26 submit_us=26 present_us=226 terrain_lod=high blend=0.000 quality=中画质 marker=62 npc=42
[2026-08-17T12:08:49Z INFO  steel_front] size diag: window_inner=2560x1600 hud=2560x1600
[2026-08-17T12:08:49Z INFO  steel_front] size diag: window_inner=2560x1600 hud=2560x1600
[2026-08-17T12:08:49Z INFO  steel_front] size diag: window_inner=2560x1600 hud=2560x1600
[2026-08-17T12:08:49Z INFO  steel_front] size diag: window_inner=2560x1600 hud=2560x1600
[2026-08-17T12:08:49Z INFO  steel_front] size diag: window_inner=2560x1600 hud=2560x1600
[2026-08-17T12:08:49Z INFO  steel_front] size diag: window_inner=2560x1600 hud=2560x1600
[2026-08-17T12:08:49Z INFO  steel_front] size diag: window_inner=2560x1600 hud=2560x1600
[2026-08-17T12:08:49Z INFO  steel_front] size diag: window_inner=2560x1600 hud=2560x1600
[2026-08-17T12:08:49Z INFO  steel_front] size diag: window_inner=2560x1600 hud=2560x1600
[2026-08-17T12:08:49Z INFO  steel_front] size diag: window_inner=2560x1600 hud=2560x1600
[2026-08-17T12:08:49Z INFO  steel_front] size diag: window_inner=2560x1600 hud=2560x1600
[2026-08-17T12:08:49Z INFO  steel_front] size diag: window_inner=2560x1600 hud=2560x1600
[2026-08-17T12:08:49Z INFO  steel_front] size diag: window_inner=2560x1600 hud=2560x1600
[2026-08-17T12:08:49Z INFO  steel_front] size diag: window_inner=2560x1600 hud=2560x1600
[2026-08-17T12:08:49Z INFO  steel_front] size diag: window_inner=2560x1600 hud=2560x1600
[2026-08-17T12:08:49Z INFO  steel_front] size diag: window_inner=2560x1600 hud=2560x1600
[2026-08-17T12:08:49Z INFO  steel_front] size diag: window_inner=2560x1600 hud=2560x1600
[2026-08-17T12:08:49Z INFO  steel_front] size diag: window_inner=2560x1600 hud=2560x1600
[2026-08-17T12:08:49Z INFO  steel_front] cam: yaw=0.0 pitch=0.0 dist=3.4 mode=FirstPerson cycle_us=2666 update_us=24 render_us=2641
[2026-08-17T12:08:49Z INFO  steel_front::engine::game] game: wave=1 enemies=6 enemy_hp=100 hp=0/100 score=0 phys_us=5 ai_us=1 audio_us=25 net_us=0
[2026-08-17T12:08:49Z INFO  steel_front::engine::renderer] visible=65536/65536 near=65536 far=0 fps=368.8 frame_us=2569 cull_us=1 terrain_us=0 wait_fence_us=1913 acquire_us=1 record_us=47 submit_us=59 present_us=206 terrain_lod=high blend=0.000 quality=中画质 marker=61 npc=42
[2026-08-17T12:08:50Z INFO  steel_front] cam: yaw=0.0 pitch=0.0 dist=3.4 mode=FirstPerson cycle_us=2964 update_us=17 render_us=2946
[2026-08-17T12:08:50Z INFO  steel_front::engine::game] game: wave=1 enemies=6 enemy_hp=100 hp=0/100 score=0 phys_us=3 ai_us=0 audio_us=14 net_us=0
[2026-08-17T12:08:50Z INFO  steel_front::engine::renderer] visible=65536/65536 near=65536 far=0 fps=373.8 frame_us=2787 cull_us=0 terrain_us=0 wait_fence_us=2090 acquire_us=1 record_us=62 submit_us=56 present_us=256 terrain_lod=high blend=0.000 quality=中画质 marker=62 npc=42
[2026-08-17T12:08:51Z INFO  steel_front] cam: yaw=0.0 pitch=0.0 dist=3.4 mode=FirstPerson cycle_us=2589 update_us=19 render_us=2569
[2026-08-17T12:08:51Z INFO  steel_front::engine::game] game: wave=1 enemies=6 enemy_hp=100 hp=0/100 score=0 phys_us=1 ai_us=0 audio_us=13 net_us=0
[2026-08-17T12:08:51Z INFO  steel_front::engine::renderer] visible=65536/65536 near=65536 far=0 fps=373.5 frame_us=2484 cull_us=0 terrain_us=0 wait_fence_us=2123 acquire_us=1 record_us=53 submit_us=51 present_us=246 terrain_lod=high blend=0.000 quality=中画质 marker=61 npc=42
[2026-08-17T12:08:52Z INFO  steel_front] cam: yaw=0.0 pitch=0.0 dist=3.4 mode=FirstPerson cycle_us=2450 update_us=39 render_us=2411
[2026-08-17T12:08:52Z INFO  steel_front::engine::game] game: wave=1 enemies=6 enemy_hp=100 hp=0/100 score=0 phys_us=1 ai_us=0 audio_us=30 net_us=0
[2026-08-17T12:08:52Z INFO  steel_front::engine::renderer] visible=65536/65536 near=65536 far=0 fps=375.2 frame_us=2462 cull_us=1 terrain_us=0 wait_fence_us=1928 acquire_us=1 record_us=44 submit_us=104 present_us=239 terrain_lod=high blend=0.000 quality=中画质 marker=62 npc=42
[2026-08-17T12:08:53Z INFO  steel_front] cam: yaw=0.0 pitch=0.0 dist=3.4 mode=FirstPerson cycle_us=2795 update_us=41 render_us=2753
[2026-08-17T12:08:53Z INFO  steel_front::engine::game] game: wave=1 enemies=6 enemy_hp=100 hp=0/100 score=0 phys_us=2 ai_us=0 audio_us=16 net_us=0
[2026-08-17T12:08:53Z INFO  steel_front::engine::renderer] visible=65536/65536 near=65536 far=0 fps=378.0 frame_us=2454 cull_us=1 terrain_us=0 wait_fence_us=2297 acquire_us=1 record_us=50 submit_us=46 present_us=237 terrain_lod=high blend=0.000 quality=中画质 marker=62 npc=42
[2026-08-17T12:08:54Z INFO  steel_front] size diag: window_inner=2560x1600 hud=2560x1600
[2026-08-17T12:08:54Z INFO  steel_front] size diag: window_inner=2560x1600 hud=2560x1600
[2026-08-17T12:08:54Z INFO  steel_front] size diag: window_inner=2560x1600 hud=2560x1600
[2026-08-17T12:08:54Z INFO  steel_front] size diag: window_inner=2560x1600 hud=2560x1600
[2026-08-17T12:08:54Z INFO  steel_front] size diag: window_inner=2560x1600 hud=2560x1600
[2026-08-17T12:08:54Z INFO  steel_front] size diag: window_inner=2560x1600 hud=2560x1600
[2026-08-17T12:08:54Z INFO  steel_front] size diag: window_inner=2560x1600 hud=2560x1600
[2026-08-17T12:08:54Z INFO  steel_front] size diag: window_inner=2560x1600 hud=2560x1600
[2026-08-17T12:08:54Z INFO  steel_front] size diag: window_inner=2560x1600 hud=2560x1600
[2026-08-17T12:08:54Z INFO  steel_front] size diag: window_inner=2560x1600 hud=2560x1600
[2026-08-17T12:08:54Z INFO  steel_front] size diag: window_inner=2560x1600 hud=2560x1600
[2026-08-17T12:08:54Z INFO  steel_front] size diag: window_inner=2560x1600 hud=2560x1600
[2026-08-17T12:08:54Z INFO  steel_front] size diag: window_inner=2560x1600 hud=2560x1600
[2026-08-17T12:08:54Z INFO  steel_front] size diag: window_inner=2560x1600 hud=2560x1600
[2026-08-17T12:08:54Z INFO  steel_front] size diag: window_inner=2560x1600 hud=2560x1600
[2026-08-17T12:08:54Z INFO  steel_front] size diag: window_inner=2560x1600 hud=2560x1600
[2026-08-17T12:08:54Z INFO  steel_front] size diag: window_inner=2560x1600 hud=2560x1600
[2026-08-17T12:08:54Z INFO  steel_front] size diag: window_inner=2560x1600 hud=2560x1600
[2026-08-17T12:08:54Z INFO  steel_front] size diag: window_inner=2560x1600 hud=2560x1600
[2026-08-17T12:08:54Z INFO  steel_front] cam: yaw=0.0 pitch=0.0 dist=3.4 mode=FirstPerson cycle_us=2906 update_us=30 render_us=2876
[2026-08-17T12:08:54Z INFO  steel_front::engine::game] game: wave=1 enemies=6 enemy_hp=100 hp=0/100 score=0 phys_us=2 ai_us=0 audio_us=25 net_us=0
[2026-08-17T12:08:54Z INFO  steel_front::engine::renderer] visible=65536/65536 near=65536 far=0 fps=383.7 frame_us=2156 cull_us=0 terrain_us=0 wait_fence_us=2192 acquire_us=0 record_us=46 submit_us=49 present_us=230 terrain_lod=high blend=0.000 quality=中画质 marker=62 npc=42
[2026-08-17T12:08:55Z INFO  steel_front] cam: yaw=0.0 pitch=0.0 dist=3.4 mode=FirstPerson cycle_us=2481 update_us=33 render_us=2447
[2026-08-17T12:08:55Z INFO  steel_front::engine::game] game: wave=1 enemies=6 enemy_hp=100 hp=0/100 score=0 phys_us=2 ai_us=0 audio_us=13 net_us=0
[2026-08-17T12:08:55Z INFO  steel_front::engine::renderer] visible=65536/65536 near=65536 far=0 fps=370.6 frame_us=2372 cull_us=0 terrain_us=0 wait_fence_us=2094 acquire_us=1 record_us=26 submit_us=27 present_us=134 terrain_lod=high blend=0.000 quality=中画质 marker=62 npc=42
[2026-08-17T12:08:56Z INFO  steel_front] cam: yaw=0.0 pitch=0.0 dist=3.4 mode=FirstPerson cycle_us=2320 update_us=30 render_us=2289
[2026-08-17T12:08:56Z INFO  steel_front::engine::game] game: wave=1 enemies=6 enemy_hp=100 hp=0/100 score=0 phys_us=2 ai_us=0 audio_us=18 net_us=0
[2026-08-17T12:08:56Z INFO  steel_front::engine::renderer] visible=65536/65536 near=65536 far=0 fps=381.9 frame_us=2633 cull_us=0 terrain_us=0 wait_fence_us=2170 acquire_us=0 record_us=49 submit_us=86 present_us=223 terrain_lod=high blend=0.000 quality=中画质 marker=62 npc=42
[2026-08-17T12:08:57Z INFO  steel_front] cam: yaw=0.0 pitch=0.0 dist=3.4 mode=FirstPerson cycle_us=2848 update_us=31 render_us=2817
[2026-08-17T12:08:57Z INFO  steel_front::engine::game] game: wave=1 enemies=6 enemy_hp=100 hp=0/100 score=0 phys_us=1 ai_us=0 audio_us=20 net_us=0
[2026-08-17T12:08:57Z INFO  steel_front::engine::renderer] visible=65536/65536 near=65536 far=0 fps=376.8 frame_us=2276 cull_us=0 terrain_us=0 wait_fence_us=2330 acquire_us=1 record_us=55 submit_us=46 present_us=462 terrain_lod=high blend=0.000 quality=中画质 marker=62 npc=42
[2026-08-17T12:08:58Z INFO  steel_front] cam: yaw=0.0 pitch=0.0 dist=3.4 mode=FirstPerson cycle_us=2798 update_us=38 render_us=2759
[2026-08-17T12:08:58Z INFO  steel_front::engine::game] game: wave=1 enemies=6 enemy_hp=100 hp=0/100 score=0 phys_us=4 ai_us=0 audio_us=16 net_us=0
[2026-08-17T12:08:58Z INFO  steel_front::engine::renderer] visible=65536/65536 near=65536 far=0 fps=352.5 frame_us=2663 cull_us=0 terrain_us=0 wait_fence_us=2463 acquire_us=1 record_us=49 submit_us=45 present_us=322 terrain_lod=high blend=0.000 quality=中画质 marker=60 npc=42
[2026-08-17T12:08:59Z INFO  steel_front] size diag: window_inner=2560x1600 hud=2560x1600
[2026-08-17T12:08:59Z INFO  steel_front] size diag: window_inner=2560x1600 hud=2560x1600
[2026-08-17T12:08:59Z INFO  steel_front] size diag: window_inner=2560x1600 hud=2560x1600
[2026-08-17T12:08:59Z INFO  steel_front] size diag: window_inner=2560x1600 hud=2560x1600
[2026-08-17T12:08:59Z INFO  steel_front] size diag: window_inner=2560x1600 hud=2560x1600
[2026-08-17T12:08:59Z INFO  steel_front] size diag: window_inner=2560x1600 hud=2560x1600
[2026-08-17T12:08:59Z INFO  steel_front] size diag: window_inner=2560x1600 hud=2560x1600
[2026-08-17T12:08:59Z INFO  steel_front] size diag: window_inner=2560x1600 hud=2560x1600
[2026-08-17T12:08:59Z INFO  steel_front] size diag: window_inner=2560x1600 hud=2560x1600
[2026-08-17T12:08:59Z INFO  steel_front] size diag: window_inner=2560x1600 hud=2560x1600
[2026-08-17T12:08:59Z INFO  steel_front] size diag: window_inner=2560x1600 hud=2560x1600
[2026-08-17T12:08:59Z INFO  steel_front] size diag: window_inner=2560x1600 hud=2560x1600
[2026-08-17T12:08:59Z INFO  steel_front] size diag: window_inner=2560x1600 hud=2560x1600
[2026-08-17T12:08:59Z INFO  steel_front] size diag: window_inner=2560x1600 hud=2560x1600
[2026-08-17T12:08:59Z INFO  steel_front] size diag: window_inner=2560x1600 hud=2560x1600
[2026-08-17T12:08:59Z INFO  steel_front] size diag: window_inner=2560x1600 hud=2560x1600
[2026-08-17T12:08:59Z INFO  steel_front] size diag: window_inner=2560x1600 hud=2560x1600
[2026-08-17T12:08:59Z INFO  steel_front] size diag: window_inner=2560x1600 hud=2560x1600
[2026-08-17T12:08:59Z INFO  steel_front] size diag: window_inner=2560x1600 hud=2560x1600
[2026-08-17T12:08:59Z INFO  steel_front] cam: yaw=0.0 pitch=0.0 dist=3.4 mode=FirstPerson cycle_us=2608 update_us=36 render_us=2571
[2026-08-17T12:08:59Z INFO  steel_front::engine::game] game: wave=1 enemies=6 enemy_hp=100 hp=0/100 score=0 phys_us=1 ai_us=0 audio_us=17 net_us=0
[2026-08-17T12:08:59Z INFO  steel_front::engine::renderer] visible=65536/65536 near=65536 far=0 fps=364.8 frame_us=2503 cull_us=1 terrain_us=0 wait_fence_us=2080 acquire_us=1 record_us=91 submit_us=32 present_us=157 terrain_lod=high blend=0.000 quality=中画质 marker=61 npc=42
[2026-08-17T12:09:00Z INFO  steel_front] cam: yaw=0.0 pitch=0.0 dist=3.4 mode=FirstPerson cycle_us=2839 update_us=37 render_us=2802
[2026-08-17T12:09:00Z INFO  steel_front::engine::game] game: wave=1 enemies=6 enemy_hp=100 hp=0/100 score=0 phys_us=2 ai_us=0 audio_us=37 net_us=1
[2026-08-17T12:09:00Z INFO  steel_front::engine::renderer] visible=65536/65536 near=65536 far=0 fps=369.8 frame_us=2255 cull_us=0 terrain_us=0 wait_fence_us=1934 acquire_us=1 record_us=55 submit_us=45 present_us=337 terrain_lod=high blend=0.000 quality=中画质 marker=61 npc=42
[2026-08-17T12:09:01Z INFO  steel_front] cam: yaw=0.0 pitch=0.0 dist=3.4 mode=FirstPerson cycle_us=2779 update_us=31 render_us=2747
[2026-08-17T12:09:01Z INFO  steel_front::engine::game] game: wave=1 enemies=6 enemy_hp=100 hp=0/100 score=0 phys_us=1 ai_us=0 audio_us=21 net_us=0
[2026-08-17T12:09:01Z INFO  steel_front::engine::renderer] visible=65536/65536 near=65536 far=0 fps=374.0 frame_us=2358 cull_us=0 terrain_us=0 wait_fence_us=2342 acquire_us=1 record_us=39 submit_us=98 present_us=263 terrain_lod=high blend=0.000 quality=中画质 marker=62 npc=42
[2026-08-17T12:09:02Z INFO  steel_front] cam: yaw=0.0 pitch=0.0 dist=3.4 mode=FirstPerson cycle_us=2318 update_us=35 render_us=2283
[2026-08-17T12:09:02Z INFO  steel_front::engine::game] game: wave=1 enemies=6 enemy_hp=100 hp=0/100 score=0 phys_us=1 ai_us=0 audio_us=25 net_us=0
[2026-08-17T12:09:02Z INFO  steel_front::engine::renderer] visible=65536/65536 near=65536 far=0 fps=375.0 frame_us=2560 cull_us=0 terrain_us=0 wait_fence_us=1872 acquire_us=1 record_us=28 submit_us=80 present_us=125 terrain_lod=high blend=0.000 quality=中画质 marker=62 npc=42
[2026-08-17T12:09:03Z INFO  steel_front] cam: yaw=0.0 pitch=0.0 dist=3.4 mode=FirstPerson cycle_us=2389 update_us=22 render_us=2366
[2026-08-17T12:09:03Z INFO  steel_front::engine::game] game: wave=1 enemies=6 enemy_hp=100 hp=0/100 score=0 phys_us=1 ai_us=0 audio_us=28 net_us=0
[2026-08-17T12:09:03Z INFO  steel_front::engine::renderer] visible=65536/65536 near=65536 far=0 fps=372.5 frame_us=2612 cull_us=0 terrain_us=0 wait_fence_us=1817 acquire_us=0 record_us=47 submit_us=56 present_us=335 terrain_lod=high blend=0.000 quality=中画质 marker=61 npc=42
[2026-08-17T12:09:04Z INFO  steel_front] size diag: window_inner=2560x1600 hud=2560x1600
[2026-08-17T12:09:04Z INFO  steel_front] size diag: window_inner=2560x1600 hud=2560x1600
[2026-08-17T12:09:04Z INFO  steel_front] size diag: window_inner=2560x1600 hud=2560x1600
[2026-08-17T12:09:04Z INFO  steel_front] size diag: window_inner=2560x1600 hud=2560x1600
[2026-08-17T12:09:04Z INFO  steel_front] size diag: window_inner=2560x1600 hud=2560x1600
[2026-08-17T12:09:04Z INFO  steel_front] size diag: window_inner=2560x1600 hud=2560x1600
[2026-08-17T12:09:04Z INFO  steel_front] size diag: window_inner=2560x1600 hud=2560x1600
[2026-08-17T12:09:04Z INFO  steel_front] size diag: window_inner=2560x1600 hud=2560x1600
[2026-08-17T12:09:04Z INFO  steel_front] size diag: window_inner=2560x1600 hud=2560x1600
[2026-08-17T12:09:04Z INFO  steel_front] size diag: window_inner=2560x1600 hud=2560x1600
[2026-08-17T12:09:04Z INFO  steel_front] size diag: window_inner=2560x1600 hud=2560x1600
[2026-08-17T12:09:04Z INFO  steel_front] size diag: window_inner=2560x1600 hud=2560x1600
[2026-08-17T12:09:04Z INFO  steel_front] size diag: window_inner=2560x1600 hud=2560x1600
[2026-08-17T12:09:04Z INFO  steel_front] size diag: window_inner=2560x1600 hud=2560x1600
[2026-08-17T12:09:04Z INFO  steel_front] size diag: window_inner=2560x1600 hud=2560x1600
[2026-08-17T12:09:04Z INFO  steel_front] size diag: window_inner=2560x1600 hud=2560x1600
[2026-08-17T12:09:04Z INFO  steel_front] size diag: window_inner=2560x1600 hud=2560x1600
[2026-08-17T12:09:04Z INFO  steel_front] size diag: window_inner=2560x1600 hud=2560x1600
[2026-08-17T12:09:04Z INFO  steel_front] size diag: window_inner=2560x1600 hud=2560x1600
[2026-08-17T12:09:04Z INFO  steel_front] cam: yaw=0.0 pitch=0.0 dist=3.4 mode=FirstPerson cycle_us=2847 update_us=30 render_us=2817
[2026-08-17T12:09:04Z INFO  steel_front::engine::game] game: wave=1 enemies=6 enemy_hp=100 hp=0/100 score=0 phys_us=2 ai_us=0 audio_us=15 net_us=0
[2026-08-17T12:09:04Z INFO  steel_front::engine::renderer] visible=65536/65536 near=65536 far=0 fps=373.7 frame_us=2594 cull_us=3 terrain_us=0 wait_fence_us=2182 acquire_us=2 record_us=91 submit_us=82 present_us=347 terrain_lod=high blend=0.000 quality=中画质 marker=62 npc=42
[2026-08-17T12:09:05Z INFO  steel_front] cam: yaw=0.0 pitch=0.0 dist=3.4 mode=FirstPerson cycle_us=2800 update_us=20 render_us=2780
[2026-08-17T12:09:05Z INFO  steel_front::engine::game] game: wave=1 enemies=6 enemy_hp=100 hp=0/100 score=0 phys_us=2 ai_us=0 audio_us=28 net_us=0
[2026-08-17T12:09:05Z INFO  steel_front::engine::renderer] visible=65536/65536 near=65536 far=0 fps=374.0 frame_us=2429 cull_us=0 terrain_us=0 wait_fence_us=2206 acquire_us=1 record_us=30 submit_us=30 present_us=268 terrain_lod=high blend=0.000 quality=中画质 marker=62 npc=42
[2026-08-17T12:09:06Z INFO  steel_front] cam: yaw=0.0 pitch=0.0 dist=3.4 mode=FirstPerson cycle_us=2869 update_us=25 render_us=2843
[2026-08-17T12:09:06Z INFO  steel_front::engine::game] game: wave=1 enemies=6 enemy_hp=100 hp=0/100 score=0 phys_us=2 ai_us=0 audio_us=15 net_us=0
[2026-08-17T12:09:06Z INFO  steel_front::engine::renderer] visible=65536/65536 near=65536 far=0 fps=374.6 frame_us=2377 cull_us=0 terrain_us=0 wait_fence_us=1789 acquire_us=1 record_us=46 submit_us=45 present_us=334 terrain_lod=high blend=0.000 quality=中画质 marker=62 npc=42
[2026-08-17T12:09:07Z INFO  steel_front] cam: yaw=0.0 pitch=0.0 dist=3.4 mode=FirstPerson cycle_us=2527 update_us=36 render_us=2491
[2026-08-17T12:09:07Z INFO  steel_front::engine::game] game: wave=1 enemies=6 enemy_hp=100 hp=0/100 score=0 phys_us=2 ai_us=0 audio_us=25 net_us=0
[2026-08-17T12:09:07Z INFO  steel_front::engine::renderer] visible=65536/65536 near=65536 far=0 fps=367.9 frame_us=2106 cull_us=0 terrain_us=0 wait_fence_us=2386 acquire_us=1 record_us=26 submit_us=63 present_us=174 terrain_lod=high blend=0.000 quality=中画质 marker=61 npc=42
[2026-08-17T12:09:08Z INFO  steel_front] cam: yaw=0.0 pitch=0.0 dist=3.4 mode=FirstPerson cycle_us=3150 update_us=19 render_us=3131
[2026-08-17T12:09:08Z INFO  steel_front::engine::game] game: wave=1 enemies=6 enemy_hp=100 hp=0/100 score=0 phys_us=4 ai_us=0 audio_us=20 net_us=0
[2026-08-17T12:09:08Z INFO  steel_front::engine::renderer] visible=65536/65536 near=65536 far=0 fps=367.1 frame_us=2666 cull_us=0 terrain_us=0 wait_fence_us=1946 acquire_us=1 record_us=50 submit_us=79 present_us=306 terrain_lod=high blend=0.000 quality=中画质 marker=62 npc=42
[2026-08-17T12:09:09Z INFO  steel_front] size diag: window_inner=2560x1600 hud=2560x1600
[2026-08-17T12:09:09Z INFO  steel_front] size diag: window_inner=2560x1600 hud=2560x1600
[2026-08-17T12:09:09Z INFO  steel_front] size diag: window_inner=2560x1600 hud=2560x1600
[2026-08-17T12:09:09Z INFO  steel_front] size diag: window_inner=2560x1600 hud=2560x1600
[2026-08-17T12:09:09Z INFO  steel_front] size diag: window_inner=2560x1600 hud=2560x1600
[2026-08-17T12:09:09Z INFO  steel_front] size diag: window_inner=2560x1600 hud=2560x1600
[2026-08-17T12:09:09Z INFO  steel_front] size diag: window_inner=2560x1600 hud=2560x1600
[2026-08-17T12:09:09Z INFO  steel_front] size diag: window_inner=2560x1600 hud=2560x1600
[2026-08-17T12:09:09Z INFO  steel_front] size diag: window_inner=2560x1600 hud=2560x1600
[2026-08-17T12:09:09Z INFO  steel_front] size diag: window_inner=2560x1600 hud=2560x1600
[2026-08-17T12:09:09Z INFO  steel_front] size diag: window_inner=2560x1600 hud=2560x1600
[2026-08-17T12:09:09Z INFO  steel_front] size diag: window_inner=2560x1600 hud=2560x1600
[2026-08-17T12:09:09Z INFO  steel_front] size diag: window_inner=2560x1600 hud=2560x1600
[2026-08-17T12:09:09Z INFO  steel_front] size diag: window_inner=2560x1600 hud=2560x1600
[2026-08-17T12:09:09Z INFO  steel_front] size diag: window_inner=2560x1600 hud=2560x1600
[2026-08-17T12:09:09Z INFO  steel_front] size diag: window_inner=2560x1600 hud=2560x1600
[2026-08-17T12:09:09Z INFO  steel_front] size diag: window_inner=2560x1600 hud=2560x1600
[2026-08-17T12:09:09Z INFO  steel_front] size diag: window_inner=2560x1600 hud=2560x1600
[2026-08-17T12:09:09Z INFO  steel_front] size diag: window_inner=2560x1600 hud=2560x1600
[2026-08-17T12:09:09Z INFO  steel_front] cam: yaw=0.0 pitch=0.0 dist=3.4 mode=FirstPerson cycle_us=2897 update_us=18 render_us=2879
[2026-08-17T12:09:09Z INFO  steel_front::engine::game] game: wave=1 enemies=6 enemy_hp=100 hp=0/100 score=0 phys_us=1 ai_us=0 audio_us=30 net_us=0
[2026-08-17T12:09:09Z INFO  steel_front::engine::renderer] visible=65536/65536 near=65536 far=0 fps=383.5 frame_us=3063 cull_us=1 terrain_us=0 wait_fence_us=1451 acquire_us=1 record_us=143 submit_us=127 present_us=426 terrain_lod=high blend=0.000 quality=中画质 marker=59 npc=42
[2026-08-17T12:09:10Z INFO  steel_front] cam: yaw=0.0 pitch=0.0 dist=3.4 mode=FirstPerson cycle_us=2413 update_us=37 render_us=2375
[2026-08-17T12:09:10Z INFO  steel_front::engine::game] game: wave=1 enemies=6 enemy_hp=100 hp=0/100 score=0 phys_us=3 ai_us=0 audio_us=16 net_us=0
[2026-08-17T12:09:10Z INFO  steel_front::engine::renderer] visible=65536/65536 near=65536 far=0 fps=382.9 frame_us=2400 cull_us=0 terrain_us=0 wait_fence_us=2184 acquire_us=0 record_us=55 submit_us=52 present_us=260 terrain_lod=high blend=0.000 quality=中画质 marker=62 npc=42
[2026-08-17T12:09:11Z INFO  steel_front] cam: yaw=0.0 pitch=0.0 dist=3.4 mode=FirstPerson cycle_us=2842 update_us=33 render_us=2808
[2026-08-17T12:09:11Z INFO  steel_front::engine::game] game: wave=1 enemies=6 enemy_hp=100 hp=0/100 score=0 phys_us=2 ai_us=0 audio_us=16 net_us=0
[2026-08-17T12:09:11Z INFO  steel_front::engine::renderer] visible=65536/65536 near=65536 far=0 fps=383.6 frame_us=2462 cull_us=0 terrain_us=0 wait_fence_us=1952 acquire_us=1 record_us=49 submit_us=80 present_us=213 terrain_lod=high blend=0.000 quality=中画质 marker=58 npc=42
[2026-08-17T12:09:12Z INFO  steel_front] cam: yaw=0.0 pitch=0.0 dist=3.4 mode=FirstPerson cycle_us=2630 update_us=35 render_us=2594
[2026-08-17T12:09:12Z INFO  steel_front::engine::game] game: wave=1 enemies=6 enemy_hp=100 hp=0/100 score=0 phys_us=1 ai_us=0 audio_us=24 net_us=0
[2026-08-17T12:09:12Z INFO  steel_front::engine::renderer] visible=65536/65536 near=65536 far=0 fps=370.7 frame_us=2831 cull_us=0 terrain_us=0 wait_fence_us=1922 acquire_us=0 record_us=47 submit_us=54 present_us=217 terrain_lod=high blend=0.000 quality=中画质 marker=62 npc=42
[2026-08-17T12:09:13Z INFO  steel_front] cam: yaw=0.0 pitch=0.0 dist=3.4 mode=FirstPerson cycle_us=2614 update_us=35 render_us=2578
[2026-08-17T12:09:13Z INFO  steel_front::engine::game] game: wave=1 enemies=6 enemy_hp=100 hp=0/100 score=0 phys_us=2 ai_us=0 audio_us=24 net_us=0
[2026-08-17T12:09:13Z INFO  steel_front::engine::renderer] visible=65536/65536 near=65536 far=0 fps=383.0 frame_us=2113 cull_us=0 terrain_us=0 wait_fence_us=2370 acquire_us=1 record_us=25 submit_us=23 present_us=153 terrain_lod=high blend=0.000 quality=中画质 marker=56 npc=42
[2026-08-17T12:09:14Z INFO  steel_front] size diag: window_inner=2560x1600 hud=2560x1600
[2026-08-17T12:09:14Z INFO  steel_front] size diag: window_inner=2560x1600 hud=2560x1600
[2026-08-17T12:09:14Z INFO  steel_front] size diag: window_inner=2560x1600 hud=2560x1600
[2026-08-17T12:09:14Z INFO  steel_front] size diag: window_inner=2560x1600 hud=2560x1600
[2026-08-17T12:09:14Z INFO  steel_front] size diag: window_inner=2560x1600 hud=2560x1600
[2026-08-17T12:09:14Z INFO  steel_front] size diag: window_inner=2560x1600 hud=2560x1600
[2026-08-17T12:09:14Z INFO  steel_front] size diag: window_inner=2560x1600 hud=2560x1600
[2026-08-17T12:09:14Z INFO  steel_front] size diag: window_inner=2560x1600 hud=2560x1600
[2026-08-17T12:09:14Z INFO  steel_front] size diag: window_inner=2560x1600 hud=2560x1600
[2026-08-17T12:09:14Z INFO  steel_front] size diag: window_inner=2560x1600 hud=2560x1600
[2026-08-17T12:09:14Z INFO  steel_front] size diag: window_inner=2560x1600 hud=2560x1600
[2026-08-17T12:09:14Z INFO  steel_front] size diag: window_inner=2560x1600 hud=2560x1600
[2026-08-17T12:09:14Z INFO  steel_front] size diag: window_inner=2560x1600 hud=2560x1600
[2026-08-17T12:09:14Z INFO  steel_front] size diag: window_inner=2560x1600 hud=2560x1600
[2026-08-17T12:09:14Z INFO  steel_front] size diag: window_inner=2560x1600 hud=2560x1600
[2026-08-17T12:09:14Z INFO  steel_front] size diag: window_inner=2560x1600 hud=2560x1600
[2026-08-17T12:09:14Z INFO  steel_front] size diag: window_inner=2560x1600 hud=2560x1600
[2026-08-17T12:09:14Z INFO  steel_front] size diag: window_inner=2560x1600 hud=2560x1600
[2026-08-17T12:09:14Z INFO  steel_front] size diag: window_inner=2560x1600 hud=2560x1600
[2026-08-17T12:09:14Z INFO  steel_front] cam: yaw=0.0 pitch=0.0 dist=3.4 mode=FirstPerson cycle_us=2741 update_us=35 render_us=2706
[2026-08-17T12:09:14Z INFO  steel_front::engine::game] game: wave=1 enemies=6 enemy_hp=100 hp=0/100 score=0 phys_us=3 ai_us=1 audio_us=19 net_us=0
[2026-08-17T12:09:14Z INFO  steel_front::engine::renderer] visible=65536/65536 near=65536 far=0 fps=365.8 frame_us=3519 cull_us=1 terrain_us=0 wait_fence_us=3458 acquire_us=1 record_us=60 submit_us=62 present_us=291 terrain_lod=high blend=0.000 quality=中画质 marker=54 npc=42
[2026-08-17T12:09:15Z INFO  steel_front] cam: yaw=0.0 pitch=0.0 dist=3.4 mode=FirstPerson cycle_us=2788 update_us=32 render_us=2756
[2026-08-17T12:09:15Z INFO  steel_front::engine::game] game: wave=1 enemies=6 enemy_hp=100 hp=0/100 score=0 phys_us=2 ai_us=0 audio_us=33 net_us=0
[2026-08-17T12:09:15Z INFO  steel_front::engine::renderer] visible=65536/65536 near=65536 far=0 fps=361.6 frame_us=2192 cull_us=1 terrain_us=0 wait_fence_us=2379 acquire_us=2 record_us=26 submit_us=53 present_us=200 terrain_lod=high blend=0.000 quality=中画质 marker=54 npc=42
[2026-08-17T12:09:16Z INFO  steel_front] cam: yaw=0.0 pitch=0.0 dist=3.4 mode=FirstPerson cycle_us=2469 update_us=34 render_us=2434
[2026-08-17T12:09:16Z INFO  steel_front::engine::game] game: wave=1 enemies=6 enemy_hp=100 hp=0/100 score=0 phys_us=1 ai_us=0 audio_us=24 net_us=0
[2026-08-17T12:09:16Z INFO  steel_front::engine::renderer] visible=65536/65536 near=65536 far=0 fps=367.5 frame_us=2576 cull_us=0 terrain_us=0 wait_fence_us=1865 acquire_us=0 record_us=53 submit_us=70 present_us=228 terrain_lod=high blend=0.000 quality=中画质 marker=62 npc=42
[2026-08-17T12:09:17Z INFO  steel_front] cam: yaw=0.0 pitch=0.0 dist=3.4 mode=FirstPerson cycle_us=2547 update_us=19 render_us=2527
[2026-08-17T12:09:17Z INFO  steel_front::engine::game] game: wave=1 enemies=6 enemy_hp=100 hp=0/100 score=0 phys_us=2 ai_us=0 audio_us=13 net_us=0
[2026-08-17T12:09:17Z INFO  steel_front::engine::renderer] visible=65536/65536 near=65536 far=0 fps=371.4 frame_us=2321 cull_us=0 terrain_us=0 wait_fence_us=2129 acquire_us=1 record_us=30 submit_us=35 present_us=141 terrain_lod=high blend=0.000 quality=中画质 marker=52 npc=42
[2026-08-17T12:09:18Z INFO  steel_front] cam: yaw=0.0 pitch=0.0 dist=3.4 mode=FirstPerson cycle_us=2830 update_us=19 render_us=2810
[2026-08-17T12:09:18Z INFO  steel_front::engine::game] game: wave=1 enemies=6 enemy_hp=100 hp=0/100 score=0 phys_us=2 ai_us=0 audio_us=17 net_us=0
[2026-08-17T12:09:18Z INFO  steel_front::engine::renderer] visible=65536/65536 near=65536 far=0 fps=371.7 frame_us=2387 cull_us=0 terrain_us=0 wait_fence_us=2227 acquire_us=1 record_us=48 submit_us=51 present_us=208 terrain_lod=high blend=0.000 quality=中画质 marker=62 npc=42
[2026-08-17T12:09:19Z INFO  steel_front] size diag: window_inner=2560x1600 hud=2560x1600
[2026-08-17T12:09:19Z INFO  steel_front] size diag: window_inner=2560x1600 hud=2560x1600
[2026-08-17T12:09:19Z INFO  steel_front] size diag: window_inner=2560x1600 hud=2560x1600
[2026-08-17T12:09:19Z INFO  steel_front] size diag: window_inner=2560x1600 hud=2560x1600
[2026-08-17T12:09:19Z INFO  steel_front] size diag: window_inner=2560x1600 hud=2560x1600
[2026-08-17T12:09:19Z INFO  steel_front] size diag: window_inner=2560x1600 hud=2560x1600
[2026-08-17T12:09:19Z INFO  steel_front] size diag: window_inner=2560x1600 hud=2560x1600
[2026-08-17T12:09:19Z INFO  steel_front] size diag: window_inner=2560x1600 hud=2560x1600
[2026-08-17T12:09:19Z INFO  steel_front] size diag: window_inner=2560x1600 hud=2560x1600
[2026-08-17T12:09:19Z INFO  steel_front] size diag: window_inner=2560x1600 hud=2560x1600
[2026-08-17T12:09:19Z INFO  steel_front] size diag: window_inner=2560x1600 hud=2560x1600
[2026-08-17T12:09:19Z INFO  steel_front] size diag: window_inner=2560x1600 hud=2560x1600
[2026-08-17T12:09:19Z INFO  steel_front] size diag: window_inner=2560x1600 hud=2560x1600
[2026-08-17T12:09:19Z INFO  steel_front] size diag: window_inner=2560x1600 hud=2560x1600
[2026-08-17T12:09:19Z INFO  steel_front] size diag: window_inner=2560x1600 hud=2560x1600
[2026-08-17T12:09:19Z INFO  steel_front] size diag: window_inner=2560x1600 hud=2560x1600
[2026-08-17T12:09:19Z INFO  steel_front] size diag: window_inner=2560x1600 hud=2560x1600
[2026-08-17T12:09:19Z INFO  steel_front] size diag: window_inner=2560x1600 hud=2560x1600
[2026-08-17T12:09:19Z INFO  steel_front] size diag: window_inner=2560x1600 hud=2560x1600
[2026-08-17T12:09:19Z INFO  steel_front] cam: yaw=0.0 pitch=0.0 dist=3.4 mode=FirstPerson cycle_us=2570 update_us=31 render_us=2539
[2026-08-17T12:09:19Z INFO  steel_front::engine::game] game: wave=1 enemies=6 enemy_hp=100 hp=0/100 score=0 phys_us=2 ai_us=0 audio_us=15 net_us=0
[2026-08-17T12:09:19Z INFO  steel_front::engine::renderer] visible=65536/65536 near=65536 far=0 fps=374.0 frame_us=2419 cull_us=1 terrain_us=0 wait_fence_us=2150 acquire_us=1 record_us=58 submit_us=54 present_us=262 terrain_lod=high blend=0.000 quality=中画质 marker=52 npc=42
[2026-08-17T12:09:20Z INFO  steel_front] cam: yaw=0.0 pitch=0.0 dist=3.4 mode=FirstPerson cycle_us=3167 update_us=18 render_us=3149
[2026-08-17T12:09:20Z INFO  steel_front::engine::game] game: wave=1 enemies=6 enemy_hp=100 hp=0/100 score=0 phys_us=2 ai_us=0 audio_us=27 net_us=0
[2026-08-17T12:09:20Z INFO  steel_front::engine::renderer] visible=65536/65536 near=65536 far=0 fps=373.5 frame_us=2635 cull_us=1 terrain_us=0 wait_fence_us=2468 acquire_us=1 record_us=31 submit_us=38 present_us=312 terrain_lod=high blend=0.000 quality=中画质 marker=62 npc=42
[2026-08-17T12:09:21Z INFO  steel_front] cam: yaw=0.0 pitch=0.0 dist=3.4 mode=FirstPerson cycle_us=3125 update_us=19 render_us=3106
[2026-08-17T12:09:21Z INFO  steel_front::engine::game] game: wave=1 enemies=6 enemy_hp=100 hp=0/100 score=0 phys_us=2 ai_us=0 audio_us=16 net_us=0
[2026-08-17T12:09:21Z INFO  steel_front::engine::renderer] visible=65536/65536 near=65536 far=0 fps=374.2 frame_us=2466 cull_us=0 terrain_us=0 wait_fence_us=1987 acquire_us=1 record_us=53 submit_us=51 present_us=223 terrain_lod=high blend=0.000 quality=中画质 marker=50 npc=42
[2026-08-17T12:09:22Z INFO  steel_front] cam: yaw=0.0 pitch=0.0 dist=3.4 mode=FirstPerson cycle_us=2706 update_us=36 render_us=2669
[2026-08-17T12:09:22Z INFO  steel_front::engine::game] game: wave=1 enemies=6 enemy_hp=100 hp=0/100 score=0 phys_us=5 ai_us=2 audio_us=24 net_us=0
[2026-08-17T12:09:22Z INFO  steel_front::engine::renderer] visible=65536/65536 near=65536 far=0 fps=374.9 frame_us=1940 cull_us=1 terrain_us=0 wait_fence_us=2425 acquire_us=1 record_us=51 submit_us=56 present_us=325 terrain_lod=high blend=0.000 quality=中画质 marker=62 npc=42
[2026-08-17T12:09:23Z INFO  steel_front] cam: yaw=0.0 pitch=0.0 dist=3.4 mode=FirstPerson cycle_us=2148 update_us=26 render_us=2122
[2026-08-17T12:09:23Z INFO  steel_front::engine::game] game: wave=1 enemies=6 enemy_hp=100 hp=0/100 score=0 phys_us=2 ai_us=0 audio_us=19 net_us=0
[2026-08-17T12:09:23Z INFO  steel_front::engine::renderer] visible=65536/65536 near=65536 far=0 fps=370.3 frame_us=2571 cull_us=0 terrain_us=0 wait_fence_us=1922 acquire_us=1 record_us=45 submit_us=81 present_us=202 terrain_lod=high blend=0.000 quality=中画质 marker=49 npc=42
[2026-08-17T12:09:24Z INFO  steel_front] size diag: window_inner=2560x1600 hud=2560x1600
[2026-08-17T12:09:24Z INFO  steel_front] size diag: window_inner=2560x1600 hud=2560x1600
[2026-08-17T12:09:24Z INFO  steel_front] size diag: window_inner=2560x1600 hud=2560x1600
[2026-08-17T12:09:24Z INFO  steel_front] size diag: window_inner=2560x1600 hud=2560x1600
[2026-08-17T12:09:24Z INFO  steel_front] size diag: window_inner=2560x1600 hud=2560x1600
[2026-08-17T12:09:24Z INFO  steel_front] size diag: window_inner=2560x1600 hud=2560x1600
[2026-08-17T12:09:24Z INFO  steel_front] size diag: window_inner=2560x1600 hud=2560x1600
[2026-08-17T12:09:24Z INFO  steel_front] size diag: window_inner=2560x1600 hud=2560x1600
[2026-08-17T12:09:24Z INFO  steel_front] size diag: window_inner=2560x1600 hud=2560x1600
[2026-08-17T12:09:24Z INFO  steel_front] size diag: window_inner=2560x1600 hud=2560x1600
[2026-08-17T12:09:24Z INFO  steel_front] size diag: window_inner=2560x1600 hud=2560x1600
[2026-08-17T12:09:24Z INFO  steel_front] size diag: window_inner=2560x1600 hud=2560x1600
[2026-08-17T12:09:24Z INFO  steel_front] size diag: window_inner=2560x1600 hud=2560x1600
[2026-08-17T12:09:24Z INFO  steel_front] size diag: window_inner=2560x1600 hud=2560x1600
[2026-08-17T12:09:24Z INFO  steel_front] size diag: window_inner=2560x1600 hud=2560x1600
[2026-08-17T12:09:24Z INFO  steel_front] size diag: window_inner=2560x1600 hud=2560x1600
[2026-08-17T12:09:24Z INFO  steel_front] size diag: window_inner=2560x1600 hud=2560x1600
[2026-08-17T12:09:24Z INFO  steel_front] size diag: window_inner=2560x1600 hud=2560x1600
[2026-08-17T12:09:24Z INFO  steel_front] size diag: window_inner=2560x1600 hud=2560x1600
[2026-08-17T12:09:24Z INFO  steel_front] cam: yaw=0.0 pitch=0.0 dist=3.4 mode=FirstPerson cycle_us=3282 update_us=30 render_us=3250
[2026-08-17T12:09:24Z INFO  steel_front::engine::game] game: wave=1 enemies=6 enemy_hp=100 hp=0/100 score=0 phys_us=5 ai_us=0 audio_us=29 net_us=0
[2026-08-17T12:09:24Z INFO  steel_front::engine::renderer] visible=65536/65536 near=65536 far=0 fps=374.8 frame_us=2596 cull_us=0 terrain_us=0 wait_fence_us=2283 acquire_us=1 record_us=31 submit_us=31 present_us=207 terrain_lod=high blend=0.000 quality=中画质 marker=62 npc=42
[2026-08-17T12:09:25Z INFO  steel_front] cam: yaw=0.0 pitch=0.0 dist=3.4 mode=FirstPerson cycle_us=2511 update_us=34 render_us=2476
[2026-08-17T12:09:25Z INFO  steel_front::engine::game] game: wave=1 enemies=6 enemy_hp=100 hp=0/100 score=0 phys_us=2 ai_us=0 audio_us=15 net_us=0
[2026-08-17T12:09:25Z INFO  steel_front::engine::renderer] visible=65536/65536 near=65536 far=0 fps=382.8 frame_us=2545 cull_us=0 terrain_us=0 wait_fence_us=1920 acquire_us=1 record_us=46 submit_us=53 present_us=204 terrain_lod=high blend=0.000 quality=中画质 marker=48 npc=42
[2026-08-17T12:09:26Z INFO  steel_front] cam: yaw=0.0 pitch=0.0 dist=3.4 mode=FirstPerson cycle_us=2454 update_us=33 render_us=2420
[2026-08-17T12:09:26Z INFO  steel_front::engine::game] game: wave=1 enemies=6 enemy_hp=100 hp=0/100 score=0 phys_us=2 ai_us=0 audio_us=24 net_us=0
[2026-08-17T12:09:27Z INFO  steel_front::engine::renderer] visible=65536/65536 near=65536 far=0 fps=379.5 frame_us=2426 cull_us=0 terrain_us=0 wait_fence_us=2251 acquire_us=1 record_us=46 submit_us=55 present_us=205 terrain_lod=high blend=0.000 quality=中画质 marker=62 npc=42
[2026-08-17T12:09:27Z INFO  steel_front] cam: yaw=0.0 pitch=0.0 dist=3.4 mode=FirstPerson cycle_us=2813 update_us=23 render_us=2789
[2026-08-17T12:09:27Z INFO  steel_front::engine::game] game: wave=1 enemies=6 enemy_hp=100 hp=0/100 score=0 phys_us=2 ai_us=0 audio_us=27 net_us=0
[2026-08-17T12:09:28Z INFO  steel_front::engine::renderer] visible=65536/65536 near=65536 far=0 fps=370.3 frame_us=2590 cull_us=0 terrain_us=0 wait_fence_us=1918 acquire_us=1 record_us=45 submit_us=80 present_us=202 terrain_lod=high blend=0.000 quality=中画质 marker=46 npc=42
[2026-08-17T12:09:28Z INFO  steel_front] cam: yaw=0.0 pitch=0.0 dist=3.4 mode=FirstPerson cycle_us=2525 update_us=25 render_us=2500
[2026-08-17T12:09:28Z INFO  steel_front::engine::game] game: wave=1 enemies=6 enemy_hp=100 hp=0/100 score=0 phys_us=3 ai_us=0 audio_us=16 net_us=0
[2026-08-17T12:09:29Z INFO  steel_front::engine::renderer] visible=65536/65536 near=65536 far=0 fps=380.9 frame_us=2551 cull_us=0 terrain_us=0 wait_fence_us=1962 acquire_us=1 record_us=32 submit_us=41 present_us=224 terrain_lod=high blend=0.000 quality=中画质 marker=62 npc=42
[2026-08-17T12:09:29Z INFO  steel_front] size diag: window_inner=2560x1600 hud=2560x1600
[2026-08-17T12:09:29Z INFO  steel_front] size diag: window_inner=2560x1600 hud=2560x1600
[2026-08-17T12:09:29Z INFO  steel_front] size diag: window_inner=2560x1600 hud=2560x1600
[2026-08-17T12:09:29Z INFO  steel_front] size diag: window_inner=2560x1600 hud=2560x1600
[2026-08-17T12:09:29Z INFO  steel_front] size diag: window_inner=2560x1600 hud=2560x1600
[2026-08-17T12:09:29Z INFO  steel_front] size diag: window_inner=2560x1600 hud=2560x1600
[2026-08-17T12:09:29Z INFO  steel_front] size diag: window_inner=2560x1600 hud=2560x1600
[2026-08-17T12:09:29Z INFO  steel_front] size diag: window_inner=2560x1600 hud=2560x1600
[2026-08-17T12:09:29Z INFO  steel_front] size diag: window_inner=2560x1600 hud=2560x1600
[2026-08-17T12:09:29Z INFO  steel_front] size diag: window_inner=2560x1600 hud=2560x1600
[2026-08-17T12:09:29Z INFO  steel_front] size diag: window_inner=2560x1600 hud=2560x1600
[2026-08-17T12:09:29Z INFO  steel_front] size diag: window_inner=2560x1600 hud=2560x1600
[2026-08-17T12:09:29Z INFO  steel_front] size diag: window_inner=2560x1600 hud=2560x1600
[2026-08-17T12:09:29Z INFO  steel_front] size diag: window_inner=2560x1600 hud=2560x1600
[2026-08-17T12:09:29Z INFO  steel_front] size diag: window_inner=2560x1600 hud=2560x1600
[2026-08-17T12:09:29Z INFO  steel_front] size diag: window_inner=2560x1600 hud=2560x1600
[2026-08-17T12:09:29Z INFO  steel_front] size diag: window_inner=2560x1600 hud=2560x1600
[2026-08-17T12:09:29Z INFO  steel_front] size diag: window_inner=2560x1600 hud=2560x1600
[2026-08-17T12:09:29Z INFO  steel_front] size diag: window_inner=2560x1600 hud=2560x1600
[2026-08-17T12:09:29Z INFO  steel_front] cam: yaw=0.0 pitch=0.0 dist=3.4 mode=FirstPerson cycle_us=2281 update_us=37 render_us=2243
[2026-08-17T12:09:29Z INFO  steel_front::engine::game] game: wave=1 enemies=6 enemy_hp=100 hp=0/100 score=0 phys_us=2 ai_us=0 audio_us=18 net_us=0
[2026-08-17T12:09:30Z INFO  steel_front::engine::renderer] visible=65536/65536 near=65536 far=0 fps=374.9 frame_us=2681 cull_us=0 terrain_us=0 wait_fence_us=1968 acquire_us=1 record_us=46 submit_us=61 present_us=205 terrain_lod=high blend=0.000 quality=中画质 marker=46 npc=42
[2026-08-17T12:09:30Z INFO  steel_front] cam: yaw=0.0 pitch=0.0 dist=3.4 mode=FirstPerson cycle_us=3666 update_us=49 render_us=3616
[2026-08-17T12:09:30Z INFO  steel_front::engine::game] game: wave=1 enemies=6 enemy_hp=100 hp=0/100 score=0 phys_us=1 ai_us=0 audio_us=19 net_us=0
[2026-08-17T12:09:31Z INFO  steel_front::engine::renderer] visible=65536/65536 near=65536 far=0 fps=345.6 frame_us=2372 cull_us=1 terrain_us=0 wait_fence_us=1938 acquire_us=1 record_us=45 submit_us=57 present_us=203 terrain_lod=high blend=0.000 quality=中画质 marker=62 npc=42
[2026-08-17T12:09:31Z INFO  steel_front] cam: yaw=0.0 pitch=0.0 dist=3.4 mode=FirstPerson cycle_us=2850 update_us=30 render_us=2820
[2026-08-17T12:09:31Z INFO  steel_front::engine::game] game: wave=1 enemies=6 enemy_hp=100 hp=0/100 score=0 phys_us=3 ai_us=0 audio_us=27 net_us=0
[2026-08-17T12:09:32Z INFO  steel_front::engine::renderer] visible=65536/65536 near=65536 far=0 fps=364.8 frame_us=2233 cull_us=0 terrain_us=0 wait_fence_us=2239 acquire_us=1 record_us=49 submit_us=57 present_us=229 terrain_lod=high blend=0.000 quality=中画质 marker=45 npc=42
[2026-08-17T12:09:32Z INFO  steel_front] cam: yaw=0.0 pitch=0.0 dist=3.4 mode=FirstPerson cycle_us=2575 update_us=36 render_us=2537
[2026-08-17T12:09:32Z INFO  steel_front::engine::game] game: wave=1 enemies=6 enemy_hp=100 hp=0/100 score=0 phys_us=2 ai_us=0 audio_us=17 net_us=0
[2026-08-17T12:09:33Z INFO  steel_front::engine::renderer] visible=65536/65536 near=65536 far=0 fps=373.9 frame_us=1851 cull_us=0 terrain_us=0 wait_fence_us=2367 acquire_us=1 record_us=28 submit_us=63 present_us=203 terrain_lod=high blend=0.000 quality=中画质 marker=62 npc=42
[2026-08-17T12:09:33Z INFO  steel_front] cam: yaw=0.0 pitch=0.0 dist=3.4 mode=FirstPerson cycle_us=2737 update_us=19 render_us=2718
[2026-08-17T12:09:33Z INFO  steel_front::engine::game] game: wave=1 enemies=6 enemy_hp=100 hp=0/100 score=0 phys_us=2 ai_us=0 audio_us=28 net_us=0
[2026-08-17T12:09:34Z INFO  steel_front::engine::renderer] visible=65536/65536 near=65536 far=0 fps=371.3 frame_us=2882 cull_us=0 terrain_us=0 wait_fence_us=2333 acquire_us=1 record_us=31 submit_us=32 present_us=144 terrain_lod=high blend=0.000 quality=中画质 marker=44 npc=42
[2026-08-17T12:09:34Z INFO  steel_front] size diag: window_inner=2560x1600 hud=2560x1600
[2026-08-17T12:09:34Z INFO  steel_front] size diag: window_inner=2560x1600 hud=2560x1600
[2026-08-17T12:09:34Z INFO  steel_front] size diag: window_inner=2560x1600 hud=2560x1600
[2026-08-17T12:09:34Z INFO  steel_front] size diag: window_inner=2560x1600 hud=2560x1600
[2026-08-17T12:09:34Z INFO  steel_front] size diag: window_inner=2560x1600 hud=2560x1600
[2026-08-17T12:09:34Z INFO  steel_front] size diag: window_inner=2560x1600 hud=2560x1600
[2026-08-17T12:09:34Z INFO  steel_front] size diag: window_inner=2560x1600 hud=2560x1600
[2026-08-17T12:09:34Z INFO  steel_front] size diag: window_inner=2560x1600 hud=2560x1600
[2026-08-17T12:09:34Z INFO  steel_front] size diag: window_inner=2560x1600 hud=2560x1600
[2026-08-17T12:09:34Z INFO  steel_front] size diag: window_inner=2560x1600 hud=2560x1600
[2026-08-17T12:09:34Z INFO  steel_front] size diag: window_inner=2560x1600 hud=2560x1600
[2026-08-17T12:09:34Z INFO  steel_front] size diag: window_inner=2560x1600 hud=2560x1600
[2026-08-17T12:09:34Z INFO  steel_front] size diag: window_inner=2560x1600 hud=2560x1600
[2026-08-17T12:09:34Z INFO  steel_front] size diag: window_inner=2560x1600 hud=2560x1600
[2026-08-17T12:09:34Z INFO  steel_front] size diag: window_inner=2560x1600 hud=2560x1600
[2026-08-17T12:09:34Z INFO  steel_front] size diag: window_inner=2560x1600 hud=2560x1600
[2026-08-17T12:09:34Z INFO  steel_front] size diag: window_inner=2560x1600 hud=2560x1600
[2026-08-17T12:09:34Z INFO  steel_front] size diag: window_inner=2560x1600 hud=2560x1600
[2026-08-17T12:09:34Z INFO  steel_front] cam: yaw=0.0 pitch=0.0 dist=3.4 mode=FirstPerson cycle_us=2304 update_us=35 render_us=2268
[2026-08-17T12:09:34Z INFO  steel_front::engine::game] game: wave=1 enemies=6 enemy_hp=100 hp=0/100 score=0 phys_us=2 ai_us=0 audio_us=23 net_us=0
[2026-08-17T12:09:35Z INFO  steel_front::engine::renderer] visible=65536/65536 near=65536 far=0 fps=374.9 frame_us=2830 cull_us=0 terrain_us=0 wait_fence_us=2280 acquire_us=1 record_us=43 submit_us=79 present_us=140 terrain_lod=high blend=0.000 quality=中画质 marker=62 npc=42
[2026-08-17T12:09:35Z INFO  steel_front] cam: yaw=0.0 pitch=0.0 dist=3.4 mode=FirstPerson cycle_us=2653 update_us=19 render_us=2633
[2026-08-17T12:09:35Z INFO  steel_front::engine::game] game: wave=1 enemies=6 enemy_hp=100 hp=0/100 score=0 phys_us=2 ai_us=0 audio_us=24 net_us=0
[2026-08-17T12:09:36Z INFO  steel_front::engine::renderer] visible=65536/65536 near=65536 far=0 fps=373.0 frame_us=2322 cull_us=0 terrain_us=0 wait_fence_us=2115 acquire_us=1 record_us=65 submit_us=31 present_us=157 terrain_lod=high blend=0.000 quality=中画质 marker=44 npc=42
[2026-08-17T12:09:36Z INFO  steel_front] cam: yaw=0.0 pitch=0.0 dist=3.4 mode=FirstPerson cycle_us=2754 update_us=41 render_us=2713
[2026-08-17T12:09:36Z INFO  steel_front::engine::game] game: wave=1 enemies=6 enemy_hp=100 hp=0/100 score=0 phys_us=2 ai_us=0 audio_us=26 net_us=0
[2026-08-17T12:09:37Z INFO  steel_front::engine::renderer] visible=65536/65536 near=65536 far=0 fps=374.3 frame_us=2719 cull_us=0 terrain_us=0 wait_fence_us=2002 acquire_us=1 record_us=55 submit_us=42 present_us=207 terrain_lod=high blend=0.000 quality=中画质 marker=62 npc=42
[2026-08-17T12:09:37Z INFO  steel_front] cam: yaw=0.0 pitch=0.0 dist=3.4 mode=FirstPerson cycle_us=2727 update_us=21 render_us=2705
[2026-08-17T12:09:37Z INFO  steel_front::engine::game] game: wave=1 enemies=6 enemy_hp=100 hp=0/100 score=0 phys_us=2 ai_us=0 audio_us=16 net_us=0
[2026-08-17T12:09:38Z INFO  steel_front::engine::renderer] visible=65536/65536 near=65536 far=0 fps=372.9 frame_us=2470 cull_us=1 terrain_us=0 wait_fence_us=1988 acquire_us=1 record_us=141 submit_us=60 present_us=300 terrain_lod=high blend=0.000 quality=中画质 marker=42 npc=42
[2026-08-17T12:09:38Z INFO  steel_front] cam: yaw=0.0 pitch=0.0 dist=3.4 mode=FirstPerson cycle_us=2460 update_us=25 render_us=2434
[2026-08-17T12:09:38Z INFO  steel_front::engine::game] game: wave=1 enemies=6 enemy_hp=100 hp=0/100 score=0 phys_us=4 ai_us=0 audio_us=42 net_us=0
[2026-08-17T12:09:39Z INFO  steel_front::engine::renderer] visible=65536/65536 near=65536 far=0 fps=376.9 frame_us=3222 cull_us=1 terrain_us=0 wait_fence_us=1871 acquire_us=2 record_us=199 submit_us=146 present_us=904 terrain_lod=high blend=0.000 quality=中画质 marker=62 npc=42
[2026-08-17T12:09:39Z INFO  steel_front] size diag: window_inner=2560x1600 hud=2560x1600
[2026-08-17T12:09:39Z INFO  steel_front] size diag: window_inner=2560x1600 hud=2560x1600
[2026-08-17T12:09:39Z INFO  steel_front] size diag: window_inner=2560x1600 hud=2560x1600
[2026-08-17T12:09:39Z INFO  steel_front] size diag: window_inner=2560x1600 hud=2560x1600
[2026-08-17T12:09:39Z INFO  steel_front] size diag: window_inner=2560x1600 hud=2560x1600
[2026-08-17T12:09:39Z INFO  steel_front] size diag: window_inner=2560x1600 hud=2560x1600
[2026-08-17T12:09:39Z INFO  steel_front] size diag: window_inner=2560x1600 hud=2560x1600
[2026-08-17T12:09:39Z INFO  steel_front] size diag: window_inner=2560x1600 hud=2560x1600
[2026-08-17T12:09:39Z INFO  steel_front] size diag: window_inner=2560x1600 hud=2560x1600
[2026-08-17T12:09:39Z INFO  steel_front] size diag: window_inner=2560x1600 hud=2560x1600
[2026-08-17T12:09:39Z INFO  steel_front] size diag: window_inner=2560x1600 hud=2560x1600
[2026-08-17T12:09:39Z INFO  steel_front] size diag: window_inner=2560x1600 hud=2560x1600
[2026-08-17T12:09:39Z INFO  steel_front] size diag: window_inner=2560x1600 hud=2560x1600
[2026-08-17T12:09:39Z INFO  steel_front] size diag: window_inner=2560x1600 hud=2560x1600
[2026-08-17T12:09:39Z INFO  steel_front] size diag: window_inner=2560x1600 hud=2560x1600
[2026-08-17T12:09:39Z INFO  steel_front] size diag: window_inner=2560x1600 hud=2560x1600
[2026-08-17T12:09:39Z INFO  steel_front] size diag: window_inner=2560x1600 hud=2560x1600
[2026-08-17T12:09:39Z INFO  steel_front] size diag: window_inner=2560x1600 hud=2560x1600
[2026-08-17T12:09:39Z INFO  steel_front] size diag: window_inner=2560x1600 hud=2560x1600
[2026-08-17T12:09:39Z INFO  steel_front] size diag: window_inner=2560x1600 hud=2560x1600
[2026-08-17T12:09:39Z INFO  steel_front] cam: yaw=0.0 pitch=0.0 dist=3.4 mode=FirstPerson cycle_us=2878 update_us=30 render_us=2847
[2026-08-17T12:09:39Z INFO  steel_front::engine::game] game: wave=1 enemies=6 enemy_hp=100 hp=0/100 score=0 phys_us=1 ai_us=0 audio_us=25 net_us=0
[2026-08-17T12:09:40Z INFO  steel_front::engine::renderer] visible=65536/65536 near=65536 far=0 fps=383.0 frame_us=2494 cull_us=0 terrain_us=0 wait_fence_us=2243 acquire_us=0 record_us=45 submit_us=59 present_us=217 terrain_lod=high blend=0.000 quality=中画质 marker=40 npc=42
[2026-08-17T12:09:40Z INFO  steel_front] cam: yaw=0.0 pitch=0.0 dist=3.4 mode=FirstPerson cycle_us=2564 update_us=31 render_us=2532
[2026-08-17T12:09:40Z INFO  steel_front::engine::game] game: wave=1 enemies=6 enemy_hp=100 hp=0/100 score=0 phys_us=3 ai_us=0 audio_us=18 net_us=0
[2026-08-17T12:09:41Z INFO  steel_front::engine::renderer] visible=65536/65536 near=65536 far=0 fps=364.2 frame_us=2578 cull_us=0 terrain_us=0 wait_fence_us=1932 acquire_us=0 record_us=45 submit_us=76 present_us=203 terrain_lod=high blend=0.000 quality=中画质 marker=62 npc=42
[2026-08-17T12:09:41Z INFO  steel_front] cam: yaw=0.0 pitch=0.0 dist=3.4 mode=FirstPerson cycle_us=2462 update_us=34 render_us=2428
[2026-08-17T12:09:41Z INFO  steel_front::engine::game] game: wave=1 enemies=6 enemy_hp=100 hp=0/100 score=0 phys_us=2 ai_us=0 audio_us=25 net_us=0
[2026-08-17T12:09:42Z INFO  steel_front::engine::renderer] visible=65536/65536 near=65536 far=0 fps=381.2 frame_us=2227 cull_us=0 terrain_us=0 wait_fence_us=1958 acquire_us=1 record_us=31 submit_us=53 present_us=267 terrain_lod=high blend=0.000 quality=中画质 marker=38 npc=42
[2026-08-17T12:09:42Z INFO  steel_front] cam: yaw=0.0 pitch=0.0 dist=3.4 mode=FirstPerson cycle_us=2820 update_us=42 render_us=2777
[2026-08-17T12:09:42Z INFO  steel_front::engine::game] game: wave=1 enemies=6 enemy_hp=100 hp=0/100 score=0 phys_us=4 ai_us=0 audio_us=26 net_us=0
[2026-08-17T12:09:43Z INFO  steel_front::engine::renderer] visible=65536/65536 near=65536 far=0 fps=372.4 frame_us=2325 cull_us=0 terrain_us=0 wait_fence_us=2292 acquire_us=1 record_us=54 submit_us=51 present_us=200 terrain_lod=high blend=0.000 quality=中画质 marker=61 npc=42
[2026-08-17T12:09:43Z INFO  steel_front] cam: yaw=0.0 pitch=0.0 dist=3.4 mode=FirstPerson cycle_us=2846 update_us=21 render_us=2825
[2026-08-17T12:09:43Z INFO  steel_front::engine::game] game: wave=1 enemies=6 enemy_hp=100 hp=0/100 score=0 phys_us=2 ai_us=0 audio_us=25 net_us=0
[2026-08-17T12:09:44Z INFO  steel_front::engine::renderer] visible=65536/65536 near=65536 far=0 fps=351.2 frame_us=4017 cull_us=1 terrain_us=0 wait_fence_us=2942 acquire_us=2 record_us=67 submit_us=76 present_us=351 terrain_lod=high blend=0.000 quality=中画质 marker=37 npc=42
[2026-08-17T12:09:44Z INFO  steel_front] size diag: window_inner=2560x1600 hud=2560x1600
[2026-08-17T12:09:44Z INFO  steel_front] size diag: window_inner=2560x1600 hud=2560x1600
[2026-08-17T12:09:44Z INFO  steel_front] size diag: window_inner=2560x1600 hud=2560x1600
[2026-08-17T12:09:44Z INFO  steel_front] size diag: window_inner=2560x1600 hud=2560x1600
[2026-08-17T12:09:44Z INFO  steel_front] size diag: window_inner=2560x1600 hud=2560x1600
[2026-08-17T12:09:44Z INFO  steel_front] size diag: window_inner=2560x1600 hud=2560x1600
[2026-08-17T12:09:44Z INFO  steel_front] size diag: window_inner=2560x1600 hud=2560x1600
[2026-08-17T12:09:44Z INFO  steel_front] size diag: window_inner=2560x1600 hud=2560x1600
[2026-08-17T12:09:44Z INFO  steel_front] size diag: window_inner=2560x1600 hud=2560x1600
[2026-08-17T12:09:44Z INFO  steel_front] size diag: window_inner=2560x1600 hud=2560x1600
[2026-08-17T12:09:44Z INFO  steel_front] size diag: window_inner=2560x1600 hud=2560x1600
[2026-08-17T12:09:44Z INFO  steel_front] size diag: window_inner=2560x1600 hud=2560x1600
[2026-08-17T12:09:44Z INFO  steel_front] size diag: window_inner=2560x1600 hud=2560x1600
[2026-08-17T12:09:44Z INFO  steel_front] size diag: window_inner=2560x1600 hud=2560x1600
[2026-08-17T12:09:44Z INFO  steel_front] size diag: window_inner=2560x1600 hud=2560x1600
[2026-08-17T12:09:44Z INFO  steel_front] size diag: window_inner=2560x1600 hud=2560x1600
[2026-08-17T12:09:44Z INFO  steel_front] size diag: window_inner=2560x1600 hud=2560x1600
[2026-08-17T12:09:44Z INFO  steel_front] size diag: window_inner=2560x1600 hud=2560x1600
[2026-08-17T12:09:44Z INFO  steel_front] cam: yaw=0.0 pitch=0.0 dist=3.4 mode=FirstPerson cycle_us=2825 update_us=32 render_us=2793
[2026-08-17T12:09:44Z INFO  steel_front::engine::game] game: wave=1 enemies=6 enemy_hp=100 hp=0/100 score=0 phys_us=2 ai_us=0 audio_us=26 net_us=0
[2026-08-17T12:09:45Z INFO  steel_front::engine::renderer] visible=65536/65536 near=65536 far=0 fps=364.3 frame_us=2681 cull_us=0 terrain_us=0 wait_fence_us=2057 acquire_us=1 record_us=87 submit_us=98 present_us=582 terrain_lod=high blend=0.000 quality=中画质 marker=61 npc=42
[2026-08-17T12:09:45Z INFO  steel_front] cam: yaw=0.0 pitch=0.0 dist=3.4 mode=FirstPerson cycle_us=2680 update_us=29 render_us=2651
[2026-08-17T12:09:45Z INFO  steel_front::engine::game] game: wave=1 enemies=6 enemy_hp=100 hp=0/100 score=0 phys_us=2 ai_us=0 audio_us=26 net_us=0
[2026-08-17T12:09:46Z INFO  steel_front::engine::renderer] visible=65536/65536 near=65536 far=0 fps=371.5 frame_us=2270 cull_us=0 terrain_us=0 wait_fence_us=2424 acquire_us=1 record_us=23 submit_us=31 present_us=119 terrain_lod=high blend=0.000 quality=中画质 marker=36 npc=42
[2026-08-17T12:09:46Z INFO  steel_front] cam: yaw=0.0 pitch=0.0 dist=3.4 mode=FirstPerson cycle_us=2850 update_us=31 render_us=2819
[2026-08-17T12:09:46Z INFO  steel_front::engine::game] game: wave=1 enemies=6 enemy_hp=100 hp=0/100 score=0 phys_us=3 ai_us=0 audio_us=15 net_us=0
[2026-08-17T12:09:47Z INFO  steel_front::engine::renderer] visible=65536/65536 near=65536 far=0 fps=372.3 frame_us=2181 cull_us=0 terrain_us=0 wait_fence_us=1686 acquire_us=0 record_us=31 submit_us=35 present_us=175 terrain_lod=high blend=0.000 quality=中画质 marker=62 npc=42
[2026-08-17T12:09:47Z INFO  steel_front] cam: yaw=0.0 pitch=0.0 dist=3.4 mode=FirstPerson cycle_us=2353 update_us=33 render_us=2320
[2026-08-17T12:09:47Z INFO  steel_front::engine::game] game: wave=1 enemies=6 enemy_hp=100 hp=0/100 score=0 phys_us=2 ai_us=0 audio_us=14 net_us=0
[2026-08-17T12:09:48Z INFO  steel_front::engine::renderer] visible=65536/65536 near=65536 far=0 fps=373.8 frame_us=2499 cull_us=0 terrain_us=0 wait_fence_us=1961 acquire_us=1 record_us=40 submit_us=29 present_us=198 terrain_lod=high blend=0.000 quality=中画质 marker=36 npc=42
[2026-08-17T12:09:48Z INFO  steel_front] cam: yaw=0.0 pitch=0.0 dist=3.4 mode=FirstPerson cycle_us=3058 update_us=35 render_us=3022
[2026-08-17T12:09:48Z INFO  steel_front::engine::game] game: wave=1 enemies=6 enemy_hp=100 hp=0/100 score=0 phys_us=2 ai_us=0 audio_us=24 net_us=0
[2026-08-17T12:09:49Z INFO  steel_front::engine::renderer] visible=65536/65536 near=65536 far=0 fps=374.2 frame_us=2198 cull_us=0 terrain_us=0 wait_fence_us=2174 acquire_us=0 record_us=43 submit_us=33 present_us=227 terrain_lod=high blend=0.000 quality=中画质 marker=61 npc=42
[2026-08-17T12:09:49Z INFO  steel_front] size diag: window_inner=2560x1600 hud=2560x1600
[2026-08-17T12:09:49Z INFO  steel_front] size diag: window_inner=2560x1600 hud=2560x1600
[2026-08-17T12:09:49Z INFO  steel_front] size diag: window_inner=2560x1600 hud=2560x1600
[2026-08-17T12:09:49Z INFO  steel_front] size diag: window_inner=2560x1600 hud=2560x1600
[2026-08-17T12:09:49Z INFO  steel_front] size diag: window_inner=2560x1600 hud=2560x1600
[2026-08-17T12:09:49Z INFO  steel_front] size diag: window_inner=2560x1600 hud=2560x1600
[2026-08-17T12:09:49Z INFO  steel_front] size diag: window_inner=2560x1600 hud=2560x1600
[2026-08-17T12:09:49Z INFO  steel_front] size diag: window_inner=2560x1600 hud=2560x1600
[2026-08-17T12:09:49Z INFO  steel_front] size diag: window_inner=2560x1600 hud=2560x1600
[2026-08-17T12:09:49Z INFO  steel_front] size diag: window_inner=2560x1600 hud=2560x1600
[2026-08-17T12:09:49Z INFO  steel_front] size diag: window_inner=2560x1600 hud=2560x1600
[2026-08-17T12:09:49Z INFO  steel_front] size diag: window_inner=2560x1600 hud=2560x1600
[2026-08-17T12:09:49Z INFO  steel_front] size diag: window_inner=2560x1600 hud=2560x1600
[2026-08-17T12:09:49Z INFO  steel_front] size diag: window_inner=2560x1600 hud=2560x1600
[2026-08-17T12:09:49Z INFO  steel_front] size diag: window_inner=2560x1600 hud=2560x1600
[2026-08-17T12:09:49Z INFO  steel_front] size diag: window_inner=2560x1600 hud=2560x1600
[2026-08-17T12:09:49Z INFO  steel_front] size diag: window_inner=2560x1600 hud=2560x1600
[2026-08-17T12:09:49Z INFO  steel_front] size diag: window_inner=2560x1600 hud=2560x1600
[2026-08-17T12:09:49Z INFO  steel_front] size diag: window_inner=2560x1600 hud=2560x1600
[2026-08-17T12:09:49Z INFO  steel_front] size diag: window_inner=2560x1600 hud=2560x1600
[2026-08-17T12:09:49Z INFO  steel_front] cam: yaw=0.0 pitch=0.0 dist=3.4 mode=FirstPerson cycle_us=3188 update_us=37 render_us=3150
[2026-08-17T12:09:49Z INFO  steel_front::engine::game] game: wave=1 enemies=6 enemy_hp=100 hp=0/100 score=0 phys_us=2 ai_us=0 audio_us=26 net_us=0
[2026-08-17T12:09:50Z INFO  steel_front::engine::renderer] visible=65536/65536 near=65536 far=0 fps=376.5 frame_us=2809 cull_us=0 terrain_us=0 wait_fence_us=1918 acquire_us=1 record_us=45 submit_us=143 present_us=248 terrain_lod=high blend=0.000 quality=中画质 marker=36 npc=42
[2026-08-17T12:09:50Z INFO  steel_front] cam: yaw=0.0 pitch=0.0 dist=3.4 mode=FirstPerson cycle_us=2413 update_us=37 render_us=2376
[2026-08-17T12:09:50Z INFO  steel_front::engine::game] game: wave=1 enemies=6 enemy_hp=100 hp=0/100 score=0 phys_us=2 ai_us=0 audio_us=23 net_us=0
[2026-08-17T12:09:51Z INFO  steel_front::engine::renderer] visible=65536/65536 near=65536 far=0 fps=374.2 frame_us=2906 cull_us=0 terrain_us=0 wait_fence_us=1754 acquire_us=1 record_us=55 submit_us=20 present_us=485 terrain_lod=high blend=0.000 quality=中画质 marker=61 npc=42
[2026-08-17T12:09:51Z INFO  steel_front] cam: yaw=0.0 pitch=0.0 dist=3.4 mode=FirstPerson cycle_us=2613 update_us=17 render_us=2595
[2026-08-17T12:09:51Z INFO  steel_front::engine::game] game: wave=1 enemies=6 enemy_hp=100 hp=0/100 score=0 phys_us=2 ai_us=0 audio_us=22 net_us=0
[2026-08-17T12:09:52Z INFO  steel_front::engine::renderer] visible=65536/65536 near=65536 far=0 fps=372.6 frame_us=2339 cull_us=0 terrain_us=0 wait_fence_us=2585 acquire_us=1 record_us=69 submit_us=30 present_us=182 terrain_lod=high blend=0.000 quality=中画质 marker=36 npc=42
[2026-08-17T12:09:52Z INFO  steel_front] cam: yaw=0.0 pitch=0.0 dist=3.4 mode=FirstPerson cycle_us=2621 update_us=22 render_us=2598
[2026-08-17T12:09:52Z INFO  steel_front::engine::game] game: wave=1 enemies=6 enemy_hp=100 hp=0/100 score=0 phys_us=5 ai_us=0 audio_us=30 net_us=0
[2026-08-17T12:09:53Z INFO  steel_front::engine::renderer] visible=65536/65536 near=65536 far=0 fps=373.8 frame_us=2225 cull_us=0 terrain_us=0 wait_fence_us=2425 acquire_us=1 record_us=40 submit_us=31 present_us=203 terrain_lod=high blend=0.000 quality=中画质 marker=61 npc=42
[2026-08-17T12:09:53Z INFO  steel_front] cam: yaw=0.0 pitch=0.0 dist=3.4 mode=FirstPerson cycle_us=2389 update_us=48 render_us=2341
[2026-08-17T12:09:53Z INFO  steel_front::engine::game] game: wave=1 enemies=6 enemy_hp=100 hp=0/100 score=0 phys_us=2 ai_us=0 audio_us=25 net_us=0
[2026-08-17T12:09:54Z INFO  steel_front::engine::renderer] visible=65536/65536 near=65536 far=0 fps=367.0 frame_us=2346 cull_us=0 terrain_us=0 wait_fence_us=2354 acquire_us=1 record_us=24 submit_us=20 present_us=168 terrain_lod=high blend=0.000 quality=中画质 marker=36 npc=42
[2026-08-17T12:09:54Z INFO  steel_front] size diag: window_inner=2560x1600 hud=2560x1600
[2026-08-17T12:09:54Z INFO  steel_front] size diag: window_inner=2560x1600 hud=2560x1600
[2026-08-17T12:09:54Z INFO  steel_front] size diag: window_inner=2560x1600 hud=2560x1600
[2026-08-17T12:09:54Z INFO  steel_front] size diag: window_inner=2560x1600 hud=2560x1600
[2026-08-17T12:09:54Z INFO  steel_front] size diag: window_inner=2560x1600 hud=2560x1600
[2026-08-17T12:09:54Z INFO  steel_front] size diag: window_inner=2560x1600 hud=2560x1600
[2026-08-17T12:09:54Z INFO  steel_front] size diag: window_inner=2560x1600 hud=2560x1600
[2026-08-17T12:09:54Z INFO  steel_front] size diag: window_inner=2560x1600 hud=2560x1600
[2026-08-17T12:09:54Z INFO  steel_front] size diag: window_inner=2560x1600 hud=2560x1600
[2026-08-17T12:09:54Z INFO  steel_front] size diag: window_inner=2560x1600 hud=2560x1600
[2026-08-17T12:09:54Z INFO  steel_front] size diag: window_inner=2560x1600 hud=2560x1600
[2026-08-17T12:09:54Z INFO  steel_front] size diag: window_inner=2560x1600 hud=2560x1600
[2026-08-17T12:09:54Z INFO  steel_front] size diag: window_inner=2560x1600 hud=2560x1600
[2026-08-17T12:09:54Z INFO  steel_front] size diag: window_inner=2560x1600 hud=2560x1600
[2026-08-17T12:09:54Z INFO  steel_front] size diag: window_inner=2560x1600 hud=2560x1600
[2026-08-17T12:09:54Z INFO  steel_front] size diag: window_inner=2560x1600 hud=2560x1600
[2026-08-17T12:09:54Z INFO  steel_front] size diag: window_inner=2560x1600 hud=2560x1600
[2026-08-17T12:09:54Z INFO  steel_front] size diag: window_inner=2560x1600 hud=2560x1600
[2026-08-17T12:09:54Z INFO  steel_front] size diag: window_inner=2560x1600 hud=2560x1600
[2026-08-17T12:09:54Z INFO  steel_front] cam: yaw=0.0 pitch=0.0 dist=3.4 mode=FirstPerson cycle_us=2687 update_us=19 render_us=2668
[2026-08-17T12:09:54Z INFO  steel_front::engine::game] game: wave=1 enemies=6 enemy_hp=100 hp=0/100 score=0 phys_us=2 ai_us=0 audio_us=26 net_us=0
[2026-08-17T12:09:55Z INFO  steel_front::engine::renderer] visible=65536/65536 near=65536 far=0 fps=375.2 frame_us=2519 cull_us=0 terrain_us=0 wait_fence_us=1950 acquire_us=0 record_us=43 submit_us=38 present_us=220 terrain_lod=high blend=0.000 quality=中画质 marker=62 npc=42
[2026-08-17T12:09:55Z INFO  steel_front] cam: yaw=0.0 pitch=0.0 dist=3.4 mode=FirstPerson cycle_us=2683 update_us=17 render_us=2665
[2026-08-17T12:09:55Z INFO  steel_front::engine::game] game: wave=1 enemies=6 enemy_hp=100 hp=0/100 score=0 phys_us=2 ai_us=0 audio_us=13 net_us=0
[2026-08-17T12:09:56Z INFO  steel_front::engine::renderer] visible=65536/65536 near=65536 far=0 fps=373.8 frame_us=2328 cull_us=0 terrain_us=0 wait_fence_us=1942 acquire_us=1 record_us=41 submit_us=30 present_us=200 terrain_lod=high blend=0.000 quality=中画质 marker=36 npc=42
[2026-08-17T12:09:56Z INFO  steel_front] cam: yaw=0.0 pitch=0.0 dist=3.4 mode=FirstPerson cycle_us=2677 update_us=37 render_us=2640
[2026-08-17T12:09:56Z INFO  steel_front::engine::game] game: wave=1 enemies=6 enemy_hp=100 hp=0/100 score=0 phys_us=1 ai_us=0 audio_us=31 net_us=0
[2026-08-17T12:09:57Z INFO  steel_front::engine::renderer] visible=65536/65536 near=65536 far=0 fps=372.9 frame_us=2124 cull_us=1 terrain_us=0 wait_fence_us=2466 acquire_us=1 record_us=23 submit_us=17 present_us=125 terrain_lod=high blend=0.000 quality=中画质 marker=62 npc=42
[2026-08-17T12:09:57Z INFO  steel_front] cam: yaw=0.0 pitch=0.0 dist=3.4 mode=FirstPerson cycle_us=2477 update_us=21 render_us=2455
[2026-08-17T12:09:57Z INFO  steel_front::engine::game] game: wave=1 enemies=6 enemy_hp=100 hp=0/100 score=0 phys_us=2 ai_us=0 audio_us=17 net_us=0
[2026-08-17T12:09:58Z INFO  steel_front::engine::renderer] visible=65536/65536 near=65536 far=0 fps=375.2 frame_us=2749 cull_us=0 terrain_us=0 wait_fence_us=2176 acquire_us=1 record_us=65 submit_us=64 present_us=321 terrain_lod=high blend=0.000 quality=中画质 marker=36 npc=42
[2026-08-17T12:09:58Z INFO  steel_front] cam: yaw=0.0 pitch=0.0 dist=3.4 mode=FirstPerson cycle_us=2631 update_us=20 render_us=2610
[2026-08-17T12:09:58Z INFO  steel_front::engine::game] game: wave=1 enemies=6 enemy_hp=100 hp=0/100 score=0 phys_us=2 ai_us=0 audio_us=14 net_us=0
[2026-08-17T12:09:59Z INFO  steel_front::engine::renderer] visible=65536/65536 near=65536 far=0 fps=373.4 frame_us=2241 cull_us=0 terrain_us=0 wait_fence_us=2099 acquire_us=1 record_us=60 submit_us=21 present_us=149 terrain_lod=high blend=0.000 quality=中画质 marker=61 npc=42
[2026-08-17T12:09:59Z INFO  steel_front] size diag: window_inner=2560x1600 hud=2560x1600
[2026-08-17T12:09:59Z INFO  steel_front] size diag: window_inner=2560x1600 hud=2560x1600
[2026-08-17T12:09:59Z INFO  steel_front] size diag: window_inner=2560x1600 hud=2560x1600
[2026-08-17T12:09:59Z INFO  steel_front] size diag: window_inner=2560x1600 hud=2560x1600
[2026-08-17T12:09:59Z INFO  steel_front] size diag: window_inner=2560x1600 hud=2560x1600
[2026-08-17T12:09:59Z INFO  steel_front] size diag: window_inner=2560x1600 hud=2560x1600
[2026-08-17T12:09:59Z INFO  steel_front] size diag: window_inner=2560x1600 hud=2560x1600
[2026-08-17T12:09:59Z INFO  steel_front] size diag: window_inner=2560x1600 hud=2560x1600
[2026-08-17T12:09:59Z INFO  steel_front] size diag: window_inner=2560x1600 hud=2560x1600
[2026-08-17T12:09:59Z INFO  steel_front] size diag: window_inner=2560x1600 hud=2560x1600
[2026-08-17T12:09:59Z INFO  steel_front] size diag: window_inner=2560x1600 hud=2560x1600
[2026-08-17T12:09:59Z INFO  steel_front] size diag: window_inner=2560x1600 hud=2560x1600
[2026-08-17T12:09:59Z INFO  steel_front] size diag: window_inner=2560x1600 hud=2560x1600
[2026-08-17T12:09:59Z INFO  steel_front] size diag: window_inner=2560x1600 hud=2560x1600
[2026-08-17T12:09:59Z INFO  steel_front] size diag: window_inner=2560x1600 hud=2560x1600
[2026-08-17T12:09:59Z INFO  steel_front] size diag: window_inner=2560x1600 hud=2560x1600
[2026-08-17T12:09:59Z INFO  steel_front] size diag: window_inner=2560x1600 hud=2560x1600
[2026-08-17T12:09:59Z INFO  steel_front] size diag: window_inner=2560x1600 hud=2560x1600
[2026-08-17T12:09:59Z INFO  steel_front] cam: yaw=0.0 pitch=0.0 dist=3.4 mode=FirstPerson cycle_us=2990 update_us=17 render_us=2973
[2026-08-17T12:09:59Z INFO  steel_front::engine::game] game: wave=1 enemies=6 enemy_hp=100 hp=0/100 score=0 phys_us=2 ai_us=0 audio_us=26 net_us=0
[2026-08-17T12:10:00Z INFO  steel_front::engine::renderer] visible=65536/65536 near=65536 far=0 fps=376.0 frame_us=2636 cull_us=0 terrain_us=0 wait_fence_us=2086 acquire_us=1 record_us=45 submit_us=39 present_us=352 terrain_lod=high blend=0.000 quality=中画质 marker=36 npc=42
[2026-08-17T12:10:00Z INFO  steel_front] cam: yaw=0.0 pitch=0.0 dist=3.4 mode=FirstPerson cycle_us=2668 update_us=34 render_us=2633
[2026-08-17T12:10:00Z INFO  steel_front::engine::game] game: wave=1 enemies=6 enemy_hp=100 hp=0/100 score=0 phys_us=3 ai_us=0 audio_us=27 net_us=0
[2026-08-17T12:10:01Z INFO  steel_front::engine::renderer] visible=65536/65536 near=65536 far=0 fps=376.7 frame_us=2290 cull_us=0 terrain_us=0 wait_fence_us=2240 acquire_us=1 record_us=13 submit_us=13 present_us=110 terrain_lod=high blend=0.000 quality=中画质 marker=62 npc=42
[2026-08-17T12:10:01Z INFO  steel_front] cam: yaw=0.0 pitch=0.0 dist=3.4 mode=FirstPerson cycle_us=2825 update_us=17 render_us=2808
[2026-08-17T12:10:01Z INFO  steel_front::engine::game] game: wave=1 enemies=6 enemy_hp=100 hp=0/100 score=0 phys_us=1 ai_us=0 audio_us=29 net_us=0
[2026-08-17T12:10:02Z INFO  steel_front::engine::renderer] visible=65536/65536 near=65536 far=0 fps=376.9 frame_us=2500 cull_us=0 terrain_us=0 wait_fence_us=2647 acquire_us=1 record_us=45 submit_us=40 present_us=277 terrain_lod=high blend=0.000 quality=中画质 marker=36 npc=42
[2026-08-17T12:10:02Z INFO  steel_front] cam: yaw=0.0 pitch=0.0 dist=3.4 mode=FirstPerson cycle_us=2906 update_us=16 render_us=2889
[2026-08-17T12:10:02Z INFO  steel_front::engine::game] game: wave=1 enemies=6 enemy_hp=100 hp=0/100 score=0 phys_us=2 ai_us=0 audio_us=14 net_us=0
[2026-08-17T12:10:03Z INFO  steel_front::engine::renderer] visible=65536/65536 near=65536 far=0 fps=376.8 frame_us=2361 cull_us=0 terrain_us=0 wait_fence_us=2198 acquire_us=1 record_us=49 submit_us=31 present_us=292 terrain_lod=high blend=0.000 quality=中画质 marker=61 npc=42
[2026-08-17T12:10:03Z INFO  steel_front] cam: yaw=0.0 pitch=0.0 dist=3.4 mode=FirstPerson cycle_us=2494 update_us=34 render_us=2459
[2026-08-17T12:10:03Z INFO  steel_front::engine::game] game: wave=1 enemies=6 enemy_hp=100 hp=0/100 score=0 phys_us=2 ai_us=0 audio_us=29 net_us=0
[2026-08-17T12:10:04Z INFO  steel_front::engine::renderer] visible=65536/65536 near=65536 far=0 fps=374.6 frame_us=2759 cull_us=0 terrain_us=0 wait_fence_us=1839 acquire_us=1 record_us=48 submit_us=31 present_us=303 terrain_lod=high blend=0.000 quality=中画质 marker=36 npc=42
[2026-08-17T12:10:04Z INFO  steel_front] size diag: window_inner=2560x1600 hud=2560x1600
[2026-08-17T12:10:04Z INFO  steel_front] size diag: window_inner=2560x1600 hud=2560x1600
[2026-08-17T12:10:04Z INFO  steel_front] size diag: window_inner=2560x1600 hud=2560x1600
[2026-08-17T12:10:04Z INFO  steel_front] size diag: window_inner=2560x1600 hud=2560x1600
[2026-08-17T12:10:04Z INFO  steel_front] size diag: window_inner=2560x1600 hud=2560x1600
[2026-08-17T12:10:04Z INFO  steel_front] size diag: window_inner=2560x1600 hud=2560x1600
[2026-08-17T12:10:04Z INFO  steel_front] size diag: window_inner=2560x1600 hud=2560x1600
[2026-08-17T12:10:04Z INFO  steel_front] size diag: window_inner=2560x1600 hud=2560x1600
[2026-08-17T12:10:04Z INFO  steel_front] size diag: window_inner=2560x1600 hud=2560x1600
[2026-08-17T12:10:04Z INFO  steel_front] size diag: window_inner=2560x1600 hud=2560x1600
[2026-08-17T12:10:04Z INFO  steel_front] size diag: window_inner=2560x1600 hud=2560x1600
[2026-08-17T12:10:04Z INFO  steel_front] size diag: window_inner=2560x1600 hud=2560x1600
[2026-08-17T12:10:04Z INFO  steel_front] size diag: window_inner=2560x1600 hud=2560x1600
[2026-08-17T12:10:04Z INFO  steel_front] size diag: window_inner=2560x1600 hud=2560x1600
[2026-08-17T12:10:04Z INFO  steel_front] size diag: window_inner=2560x1600 hud=2560x1600
[2026-08-17T12:10:04Z INFO  steel_front] size diag: window_inner=2560x1600 hud=2560x1600
[2026-08-17T12:10:04Z INFO  steel_front] size diag: window_inner=2560x1600 hud=2560x1600
[2026-08-17T12:10:04Z INFO  steel_front] size diag: window_inner=2560x1600 hud=2560x1600
[2026-08-17T12:10:04Z INFO  steel_front] cam: yaw=0.0 pitch=0.0 dist=3.4 mode=FirstPerson cycle_us=2483 update_us=31 render_us=2451
[2026-08-17T12:10:04Z INFO  steel_front::engine::game] game: wave=1 enemies=6 enemy_hp=100 hp=0/100 score=0 phys_us=2 ai_us=0 audio_us=25 net_us=0
[2026-08-17T12:10:05Z INFO  steel_front::engine::renderer] visible=65536/65536 near=65536 far=0 fps=373.4 frame_us=2205 cull_us=0 terrain_us=0 wait_fence_us=2067 acquire_us=1 record_us=34 submit_us=27 present_us=147 terrain_lod=high blend=0.000 quality=中画质 marker=62 npc=42
[2026-08-17T12:10:05Z INFO  steel_front] cam: yaw=0.0 pitch=0.0 dist=3.4 mode=FirstPerson cycle_us=2988 update_us=23 render_us=2965
[2026-08-17T12:10:05Z INFO  steel_front::engine::game] game: wave=1 enemies=6 enemy_hp=100 hp=0/100 score=0 phys_us=6 ai_us=0 audio_us=30 net_us=0
[2026-08-17T12:10:06Z INFO  steel_front::engine::renderer] visible=65536/65536 near=65536 far=0 fps=383.6 frame_us=2148 cull_us=0 terrain_us=0 wait_fence_us=2342 acquire_us=1 record_us=41 submit_us=30 present_us=167 terrain_lod=high blend=0.000 quality=中画质 marker=36 npc=42
[2026-08-17T12:10:06Z INFO  steel_front] cam: yaw=0.0 pitch=0.0 dist=3.4 mode=FirstPerson cycle_us=2625 update_us=40 render_us=2584
[2026-08-17T12:10:06Z INFO  steel_front::engine::game] game: wave=1 enemies=6 enemy_hp=100 hp=0/100 score=0 phys_us=1 ai_us=0 audio_us=15 net_us=0
[2026-08-17T12:10:07Z INFO  steel_front::engine::renderer] visible=65536/65536 near=65536 far=0 fps=383.4 frame_us=2560 cull_us=0 terrain_us=0 wait_fence_us=1919 acquire_us=0 record_us=39 submit_us=32 present_us=212 terrain_lod=high blend=0.000 quality=中画质 marker=62 npc=42
[2026-08-17T12:10:07Z INFO  steel_front] cam: yaw=0.0 pitch=0.0 dist=3.4 mode=FirstPerson cycle_us=2423 update_us=29 render_us=2394
[2026-08-17T12:10:07Z INFO  steel_front::engine::game] game: wave=1 enemies=6 enemy_hp=100 hp=0/100 score=0 phys_us=2 ai_us=0 audio_us=26 net_us=0
[2026-08-17T12:10:08Z INFO  steel_front::engine::renderer] visible=65536/65536 near=65536 far=0 fps=384.6 frame_us=2762 cull_us=0 terrain_us=0 wait_fence_us=2026 acquire_us=1 record_us=40 submit_us=36 present_us=200 terrain_lod=high blend=0.000 quality=中画质 marker=36 npc=42
[2026-08-17T12:10:08Z INFO  steel_front] cam: yaw=0.0 pitch=0.0 dist=3.4 mode=FirstPerson cycle_us=2664 update_us=15 render_us=2648
[2026-08-17T12:10:08Z INFO  steel_front::engine::game] game: wave=1 enemies=6 enemy_hp=100 hp=0/100 score=0 phys_us=2 ai_us=0 audio_us=15 net_us=0
[2026-08-17T12:10:09Z INFO  steel_front::engine::renderer] visible=65536/65536 near=65536 far=0 fps=369.5 frame_us=2225 cull_us=0 terrain_us=0 wait_fence_us=1937 acquire_us=0 record_us=40 submit_us=30 present_us=205 terrain_lod=high blend=0.000 quality=中画质 marker=62 npc=42
[2026-08-17T12:10:09Z INFO  steel_front] size diag: window_inner=2560x1600 hud=2560x1600
[2026-08-17T12:10:09Z INFO  steel_front] size diag: window_inner=2560x1600 hud=2560x1600
[2026-08-17T12:10:09Z INFO  steel_front] size diag: window_inner=2560x1600 hud=2560x1600
[2026-08-17T12:10:09Z INFO  steel_front] size diag: window_inner=2560x1600 hud=2560x1600
[2026-08-17T12:10:09Z INFO  steel_front] size diag: window_inner=2560x1600 hud=2560x1600
[2026-08-17T12:10:09Z INFO  steel_front] size diag: window_inner=2560x1600 hud=2560x1600
[2026-08-17T12:10:09Z INFO  steel_front] size diag: window_inner=2560x1600 hud=2560x1600
[2026-08-17T12:10:09Z INFO  steel_front] size diag: window_inner=2560x1600 hud=2560x1600
[2026-08-17T12:10:09Z INFO  steel_front] size diag: window_inner=2560x1600 hud=2560x1600
[2026-08-17T12:10:09Z INFO  steel_front] size diag: window_inner=2560x1600 hud=2560x1600
[2026-08-17T12:10:09Z INFO  steel_front] size diag: window_inner=2560x1600 hud=2560x1600
[2026-08-17T12:10:09Z INFO  steel_front] size diag: window_inner=2560x1600 hud=2560x1600
[2026-08-17T12:10:09Z INFO  steel_front] size diag: window_inner=2560x1600 hud=2560x1600
[2026-08-17T12:10:09Z INFO  steel_front] size diag: window_inner=2560x1600 hud=2560x1600
[2026-08-17T12:10:09Z INFO  steel_front] size diag: window_inner=2560x1600 hud=2560x1600
[2026-08-17T12:10:09Z INFO  steel_front] size diag: window_inner=2560x1600 hud=2560x1600
[2026-08-17T12:10:09Z INFO  steel_front] size diag: window_inner=2560x1600 hud=2560x1600
[2026-08-17T12:10:09Z INFO  steel_front] size diag: window_inner=2560x1600 hud=2560x1600
[2026-08-17T12:10:09Z INFO  steel_front] size diag: window_inner=2560x1600 hud=2560x1600
[2026-08-17T12:10:09Z INFO  steel_front] cam: yaw=0.0 pitch=0.0 dist=3.4 mode=FirstPerson cycle_us=2712 update_us=31 render_us=2680
[2026-08-17T12:10:09Z INFO  steel_front::engine::game] game: wave=1 enemies=6 enemy_hp=100 hp=0/100 score=0 phys_us=1 ai_us=0 audio_us=26 net_us=0
[2026-08-17T12:10:10Z INFO  steel_front::engine::renderer] visible=65536/65536 near=65536 far=0 fps=383.0 frame_us=2528 cull_us=0 terrain_us=0 wait_fence_us=2239 acquire_us=0 record_us=40 submit_us=31 present_us=259 terrain_lod=high blend=0.000 quality=中画质 marker=36 npc=42
[2026-08-17T12:10:10Z INFO  steel_front] cam: yaw=0.0 pitch=0.0 dist=3.4 mode=FirstPerson cycle_us=2290 update_us=34 render_us=2256
[2026-08-17T12:10:10Z INFO  steel_front::engine::game] game: wave=1 enemies=6 enemy_hp=100 hp=0/100 score=0 phys_us=2 ai_us=0 audio_us=14 net_us=0
[2026-08-17T12:10:11Z INFO  steel_front::engine::renderer] visible=65536/65536 near=65536 far=0 fps=384.5 frame_us=2492 cull_us=0 terrain_us=0 wait_fence_us=1895 acquire_us=1 record_us=41 submit_us=30 present_us=222 terrain_lod=high blend=0.000 quality=中画质 marker=62 npc=42
[2026-08-17T12:10:11Z INFO  steel_front] cam: yaw=0.0 pitch=0.0 dist=3.4 mode=FirstPerson cycle_us=2483 update_us=37 render_us=2445
[2026-08-17T12:10:11Z INFO  steel_front::engine::game] game: wave=1 enemies=6 enemy_hp=100 hp=0/100 score=0 phys_us=2 ai_us=0 audio_us=15 net_us=0
[2026-08-17T12:10:12Z INFO  steel_front::engine::renderer] visible=65536/65536 near=65536 far=0 fps=363.0 frame_us=2515 cull_us=0 terrain_us=0 wait_fence_us=2313 acquire_us=1 record_us=40 submit_us=36 present_us=218 terrain_lod=high blend=0.000 quality=中画质 marker=36 npc=42
[2026-08-17T12:10:12Z INFO  steel_front] cam: yaw=0.0 pitch=0.0 dist=3.4 mode=FirstPerson cycle_us=2898 update_us=19 render_us=2879
[2026-08-17T12:10:12Z INFO  steel_front::engine::game] game: wave=1 enemies=6 enemy_hp=100 hp=0/100 score=0 phys_us=2 ai_us=0 audio_us=26 net_us=0
[2026-08-17T12:10:13Z INFO  steel_front::engine::renderer] visible=65536/65536 near=65536 far=0 fps=365.7 frame_us=2397 cull_us=0 terrain_us=0 wait_fence_us=2375 acquire_us=1 record_us=43 submit_us=35 present_us=232 terrain_lod=high blend=0.000 quality=中画质 marker=61 npc=42
[2026-08-17T12:10:13Z INFO  steel_front] cam: yaw=0.0 pitch=0.0 dist=3.4 mode=FirstPerson cycle_us=2903 update_us=42 render_us=2860
[2026-08-17T12:10:13Z INFO  steel_front::engine::game] game: wave=1 enemies=6 enemy_hp=100 hp=0/100 score=0 phys_us=1 ai_us=0 audio_us=13 net_us=0
[2026-08-17T12:10:14Z INFO  steel_front::engine::renderer] visible=65536/65536 near=65536 far=0 fps=370.5 frame_us=2985 cull_us=0 terrain_us=0 wait_fence_us=2016 acquire_us=1 record_us=43 submit_us=36 present_us=198 terrain_lod=high blend=0.000 quality=中画质 marker=36 npc=42
[2026-08-17T12:10:14Z INFO  steel_front] size diag: window_inner=2560x1600 hud=2560x1600
[2026-08-17T12:10:14Z INFO  steel_front] size diag: window_inner=2560x1600 hud=2560x1600
[2026-08-17T12:10:14Z INFO  steel_front] size diag: window_inner=2560x1600 hud=2560x1600
[2026-08-17T12:10:14Z INFO  steel_front] size diag: window_inner=2560x1600 hud=2560x1600
[2026-08-17T12:10:14Z INFO  steel_front] size diag: window_inner=2560x1600 hud=2560x1600
[2026-08-17T12:10:14Z INFO  steel_front] size diag: window_inner=2560x1600 hud=2560x1600
[2026-08-17T12:10:14Z INFO  steel_front] size diag: window_inner=2560x1600 hud=2560x1600
[2026-08-17T12:10:14Z INFO  steel_front] size diag: window_inner=2560x1600 hud=2560x1600
[2026-08-17T12:10:14Z INFO  steel_front] size diag: window_inner=2560x1600 hud=2560x1600
[2026-08-17T12:10:14Z INFO  steel_front] size diag: window_inner=2560x1600 hud=2560x1600
[2026-08-17T12:10:14Z INFO  steel_front] size diag: window_inner=2560x1600 hud=2560x1600
[2026-08-17T12:10:14Z INFO  steel_front] size diag: window_inner=2560x1600 hud=2560x1600
[2026-08-17T12:10:14Z INFO  steel_front] size diag: window_inner=2560x1600 hud=2560x1600
[2026-08-17T12:10:14Z INFO  steel_front] size diag: window_inner=2560x1600 hud=2560x1600
[2026-08-17T12:10:14Z INFO  steel_front] size diag: window_inner=2560x1600 hud=2560x1600
[2026-08-17T12:10:14Z INFO  steel_front] size diag: window_inner=2560x1600 hud=2560x1600
[2026-08-17T12:10:14Z INFO  steel_front] size diag: window_inner=2560x1600 hud=2560x1600
[2026-08-17T12:10:14Z INFO  steel_front] size diag: window_inner=2560x1600 hud=2560x1600
[2026-08-17T12:10:14Z INFO  steel_front] cam: yaw=0.0 pitch=0.0 dist=3.4 mode=FirstPerson cycle_us=3118 update_us=33 render_us=3084
[2026-08-17T12:10:14Z INFO  steel_front::engine::game] game: wave=1 enemies=6 enemy_hp=100 hp=0/100 score=0 phys_us=2 ai_us=0 audio_us=31 net_us=0
[2026-08-17T12:10:15Z INFO  steel_front::engine::renderer] visible=65536/65536 near=65536 far=0 fps=375.7 frame_us=2355 cull_us=0 terrain_us=0 wait_fence_us=2039 acquire_us=0 record_us=50 submit_us=40 present_us=261 terrain_lod=high blend=0.000 quality=中画质 marker=62 npc=42
[2026-08-17T12:10:15Z INFO  steel_front] cam: yaw=0.0 pitch=0.0 dist=3.4 mode=FirstPerson cycle_us=2994 update_us=18 render_us=2975
[2026-08-17T12:10:15Z INFO  steel_front::engine::game] game: wave=1 enemies=6 enemy_hp=100 hp=0/100 score=0 phys_us=3 ai_us=0 audio_us=21 net_us=0
[2026-08-17T12:10:16Z INFO  steel_front::engine::renderer] visible=65536/65536 near=65536 far=0 fps=376.5 frame_us=2456 cull_us=1 terrain_us=0 wait_fence_us=2252 acquire_us=1 record_us=30 submit_us=28 present_us=443 terrain_lod=high blend=0.000 quality=中画质 marker=36 npc=42
[2026-08-17T12:10:16Z INFO  steel_front] cam: yaw=0.0 pitch=0.0 dist=3.4 mode=FirstPerson cycle_us=2966 update_us=20 render_us=2945
[2026-08-17T12:10:16Z INFO  steel_front::engine::game] game: wave=1 enemies=6 enemy_hp=100 hp=0/100 score=0 phys_us=2 ai_us=0 audio_us=24 net_us=0
[2026-08-17T12:10:17Z INFO  steel_front::engine::renderer] visible=65536/65536 near=65536 far=0 fps=373.1 frame_us=3079 cull_us=1 terrain_us=0 wait_fence_us=2129 acquire_us=1 record_us=25 submit_us=54 present_us=140 terrain_lod=high blend=0.000 quality=中画质 marker=62 npc=42
[2026-08-17T12:10:17Z INFO  steel_front] cam: yaw=0.0 pitch=0.0 dist=3.4 mode=FirstPerson cycle_us=2862 update_us=33 render_us=2829
[2026-08-17T12:10:17Z INFO  steel_front::engine::game] game: wave=1 enemies=6 enemy_hp=100 hp=0/100 score=0 phys_us=1 ai_us=0 audio_us=16 net_us=0
[2026-08-17T12:10:18Z INFO  steel_front::engine::renderer] visible=65536/65536 near=65536 far=0 fps=375.1 frame_us=2320 cull_us=0 terrain_us=0 wait_fence_us=2585 acquire_us=0 record_us=22 submit_us=17 present_us=137 terrain_lod=high blend=0.000 quality=中画质 marker=36 npc=42
[2026-08-17T12:10:18Z INFO  steel_front] cam: yaw=0.0 pitch=0.0 dist=3.4 mode=FirstPerson cycle_us=2542 update_us=31 render_us=2511
[2026-08-17T12:10:18Z INFO  steel_front::engine::game] game: wave=1 enemies=6 enemy_hp=100 hp=0/100 score=0 phys_us=2 ai_us=0 audio_us=32 net_us=0
[2026-08-17T12:10:19Z INFO  steel_front::engine::renderer] visible=65536/65536 near=65536 far=0 fps=373.9 frame_us=2334 cull_us=0 terrain_us=0 wait_fence_us=2709 acquire_us=1 record_us=24 submit_us=20 present_us=170 terrain_lod=high blend=0.000 quality=中画质 marker=62 npc=42
[2026-08-17T12:10:19Z INFO  steel_front] size diag: window_inner=2560x1600 hud=2560x1600
[2026-08-17T12:10:19Z INFO  steel_front] size diag: window_inner=2560x1600 hud=2560x1600
[2026-08-17T12:10:19Z INFO  steel_front] size diag: window_inner=2560x1600 hud=2560x1600
[2026-08-17T12:10:19Z INFO  steel_front] size diag: window_inner=2560x1600 hud=2560x1600
[2026-08-17T12:10:19Z INFO  steel_front] size diag: window_inner=2560x1600 hud=2560x1600
[2026-08-17T12:10:19Z INFO  steel_front] size diag: window_inner=2560x1600 hud=2560x1600
[2026-08-17T12:10:19Z INFO  steel_front] size diag: window_inner=2560x1600 hud=2560x1600
[2026-08-17T12:10:19Z INFO  steel_front] size diag: window_inner=2560x1600 hud=2560x1600
[2026-08-17T12:10:19Z INFO  steel_front] size diag: window_inner=2560x1600 hud=2560x1600
[2026-08-17T12:10:19Z INFO  steel_front] size diag: window_inner=2560x1600 hud=2560x1600
[2026-08-17T12:10:19Z INFO  steel_front] size diag: window_inner=2560x1600 hud=2560x1600
[2026-08-17T12:10:19Z INFO  steel_front] size diag: window_inner=2560x1600 hud=2560x1600
[2026-08-17T12:10:19Z INFO  steel_front] size diag: window_inner=2560x1600 hud=2560x1600
[2026-08-17T12:10:19Z INFO  steel_front] size diag: window_inner=2560x1600 hud=2560x1600
[2026-08-17T12:10:19Z INFO  steel_front] size diag: window_inner=2560x1600 hud=2560x1600
[2026-08-17T12:10:19Z INFO  steel_front] size diag: window_inner=2560x1600 hud=2560x1600
[2026-08-17T12:10:19Z INFO  steel_front] size diag: window_inner=2560x1600 hud=2560x1600
[2026-08-17T12:10:19Z INFO  steel_front] size diag: window_inner=2560x1600 hud=2560x1600
[2026-08-17T12:10:19Z INFO  steel_front] cam: yaw=0.0 pitch=0.0 dist=3.4 mode=FirstPerson cycle_us=2480 update_us=32 render_us=2447
[2026-08-17T12:10:19Z INFO  steel_front::engine::game] game: wave=1 enemies=6 enemy_hp=100 hp=0/100 score=0 phys_us=1 ai_us=0 audio_us=28 net_us=0
[2026-08-17T12:10:20Z INFO  steel_front::engine::renderer] visible=65536/65536 near=65536 far=0 fps=374.2 frame_us=2748 cull_us=0 terrain_us=0 wait_fence_us=1811 acquire_us=1 record_us=40 submit_us=35 present_us=322 terrain_lod=high blend=0.000 quality=中画质 marker=36 npc=42
[2026-08-17T12:10:20Z INFO  steel_front] cam: yaw=0.0 pitch=0.0 dist=3.4 mode=FirstPerson cycle_us=2774 update_us=44 render_us=2730
[2026-08-17T12:10:20Z INFO  steel_front::engine::game] game: wave=1 enemies=6 enemy_hp=100 hp=0/100 score=0 phys_us=2 ai_us=0 audio_us=15 net_us=0
[2026-08-17T12:10:21Z INFO  steel_front::engine::renderer] visible=65536/65536 near=65536 far=0 fps=373.9 frame_us=2261 cull_us=0 terrain_us=0 wait_fence_us=1986 acquire_us=1 record_us=39 submit_us=32 present_us=197 terrain_lod=high blend=0.000 quality=中画质 marker=61 npc=42
[2026-08-17T12:10:21Z INFO  steel_front] cam: yaw=0.0 pitch=0.0 dist=3.4 mode=FirstPerson cycle_us=3101 update_us=40 render_us=3060
[2026-08-17T12:10:21Z INFO  steel_front::engine::game] game: wave=1 enemies=6 enemy_hp=100 hp=0/100 score=0 phys_us=2 ai_us=0 audio_us=17 net_us=0
[2026-08-17T12:10:22Z INFO  steel_front::engine::renderer] visible=65536/65536 near=65536 far=0 fps=374.1 frame_us=2161 cull_us=0 terrain_us=0 wait_fence_us=2122 acquire_us=1 record_us=46 submit_us=36 present_us=347 terrain_lod=high blend=0.000 quality=中画质 marker=36 npc=42
[2026-08-17T12:10:22Z INFO  steel_front] cam: yaw=0.0 pitch=0.0 dist=3.4 mode=FirstPerson cycle_us=2555 update_us=22 render_us=2532
[2026-08-17T12:10:22Z INFO  steel_front::engine::game] game: wave=1 enemies=6 enemy_hp=100 hp=0/100 score=0 phys_us=2 ai_us=0 audio_us=29 net_us=0
[2026-08-17T12:10:23Z INFO  steel_front::engine::renderer] visible=65536/65536 near=65536 far=0 fps=375.4 frame_us=2727 cull_us=0 terrain_us=0 wait_fence_us=2514 acquire_us=1 record_us=24 submit_us=19 present_us=256 terrain_lod=high blend=0.000 quality=中画质 marker=62 npc=42
[2026-08-17T12:10:23Z INFO  steel_front] cam: yaw=0.0 pitch=0.0 dist=3.4 mode=FirstPerson cycle_us=2995 update_us=19 render_us=2975
[2026-08-17T12:10:23Z INFO  steel_front::engine::game] game: wave=1 enemies=6 enemy_hp=100 hp=0/100 score=0 phys_us=1 ai_us=0 audio_us=30 net_us=0
[2026-08-17T12:10:24Z INFO  steel_front::engine::renderer] visible=65536/65536 near=65536 far=0 fps=375.3 frame_us=2322 cull_us=0 terrain_us=0 wait_fence_us=2301 acquire_us=1 record_us=47 submit_us=43 present_us=241 terrain_lod=high blend=0.000 quality=中画质 marker=36 npc=42
[2026-08-17T12:10:24Z INFO  steel_front] size diag: window_inner=2560x1600 hud=2560x1600
[2026-08-17T12:10:24Z INFO  steel_front] size diag: window_inner=2560x1600 hud=2560x1600
[2026-08-17T12:10:24Z INFO  steel_front] size diag: window_inner=2560x1600 hud=2560x1600
[2026-08-17T12:10:24Z INFO  steel_front] size diag: window_inner=2560x1600 hud=2560x1600
[2026-08-17T12:10:24Z INFO  steel_front] size diag: window_inner=2560x1600 hud=2560x1600
[2026-08-17T12:10:24Z INFO  steel_front] size diag: window_inner=2560x1600 hud=2560x1600
[2026-08-17T12:10:24Z INFO  steel_front] size diag: window_inner=2560x1600 hud=2560x1600
[2026-08-17T12:10:24Z INFO  steel_front] size diag: window_inner=2560x1600 hud=2560x1600
[2026-08-17T12:10:24Z INFO  steel_front] size diag: window_inner=2560x1600 hud=2560x1600
[2026-08-17T12:10:24Z INFO  steel_front] size diag: window_inner=2560x1600 hud=2560x1600
[2026-08-17T12:10:24Z INFO  steel_front] size diag: window_inner=2560x1600 hud=2560x1600
[2026-08-17T12:10:24Z INFO  steel_front] size diag: window_inner=2560x1600 hud=2560x1600
[2026-08-17T12:10:24Z INFO  steel_front] size diag: window_inner=2560x1600 hud=2560x1600
[2026-08-17T12:10:24Z INFO  steel_front] size diag: window_inner=2560x1600 hud=2560x1600
[2026-08-17T12:10:24Z INFO  steel_front] size diag: window_inner=2560x1600 hud=2560x1600
[2026-08-17T12:10:24Z INFO  steel_front] size diag: window_inner=2560x1600 hud=2560x1600
[2026-08-17T12:10:24Z INFO  steel_front] size diag: window_inner=2560x1600 hud=2560x1600
[2026-08-17T12:10:24Z INFO  steel_front] size diag: window_inner=2560x1600 hud=2560x1600
[2026-08-17T12:10:24Z INFO  steel_front] size diag: window_inner=2560x1600 hud=2560x1600
[2026-08-17T12:10:24Z INFO  steel_front] cam: yaw=0.0 pitch=0.0 dist=3.4 mode=FirstPerson cycle_us=3202 update_us=16 render_us=3186
[2026-08-17T12:10:24Z INFO  steel_front::engine::game] game: wave=1 enemies=6 enemy_hp=100 hp=0/100 score=0 phys_us=1 ai_us=0 audio_us=13 net_us=0
[2026-08-17T12:10:25Z INFO  steel_front::engine::renderer] visible=65536/65536 near=65536 far=0 fps=308.6 frame_us=2094 cull_us=0 terrain_us=0 wait_fence_us=2470 acquire_us=0 record_us=21 submit_us=17 present_us=111 terrain_lod=high blend=0.000 quality=中画质 marker=62 npc=42
[2026-08-17T12:10:25Z INFO  steel_front] cam: yaw=0.0 pitch=0.0 dist=3.4 mode=FirstPerson cycle_us=2719 update_us=30 render_us=2688
[2026-08-17T12:10:25Z INFO  steel_front::engine::game] game: wave=1 enemies=6 enemy_hp=100 hp=0/100 score=0 phys_us=2 ai_us=0 audio_us=16 net_us=0
[2026-08-17T12:10:26Z INFO  steel_front::engine::renderer] visible=65536/65536 near=65536 far=0 fps=372.3 frame_us=2576 cull_us=2 terrain_us=0 wait_fence_us=1962 acquire_us=2 record_us=40 submit_us=30 present_us=201 terrain_lod=high blend=0.000 quality=中画质 marker=37 npc=42
[2026-08-17T12:10:26Z INFO  steel_front] cam: yaw=0.0 pitch=0.0 dist=3.4 mode=FirstPerson cycle_us=2922 update_us=19 render_us=2902
[2026-08-17T12:10:26Z INFO  steel_front::engine::game] game: wave=1 enemies=6 enemy_hp=100 hp=0/100 score=0 phys_us=3 ai_us=0 audio_us=29 net_us=1
[2026-08-17T12:10:27Z INFO  steel_front::engine::renderer] visible=65536/65536 near=65536 far=0 fps=373.6 frame_us=2553 cull_us=0 terrain_us=0 wait_fence_us=2012 acquire_us=1 record_us=87 submit_us=34 present_us=216 terrain_lod=high blend=0.000 quality=中画质 marker=62 npc=42
[2026-08-17T12:10:27Z INFO  steel_front] cam: yaw=0.0 pitch=0.0 dist=3.4 mode=FirstPerson cycle_us=2656 update_us=40 render_us=2615
[2026-08-17T12:10:27Z INFO  steel_front::engine::game] game: wave=1 enemies=6 enemy_hp=100 hp=0/100 score=0 phys_us=5 ai_us=0 audio_us=29 net_us=0
[2026-08-17T12:10:28Z INFO  steel_front::engine::renderer] visible=65536/65536 near=65536 far=0 fps=373.4 frame_us=2787 cull_us=0 terrain_us=0 wait_fence_us=1905 acquire_us=1 record_us=83 submit_us=30 present_us=210 terrain_lod=high blend=0.000 quality=中画质 marker=36 npc=42
[2026-08-17T12:10:28Z INFO  steel_front] cam: yaw=0.0 pitch=0.0 dist=3.4 mode=FirstPerson cycle_us=2420 update_us=25 render_us=2395
[2026-08-17T12:10:28Z INFO  steel_front::engine::game] game: wave=1 enemies=6 enemy_hp=100 hp=0/100 score=0 phys_us=1 ai_us=0 audio_us=19 net_us=0
[2026-08-17T12:10:29Z INFO  steel_front::engine::renderer] visible=65536/65536 near=65536 far=0 fps=379.3 frame_us=2353 cull_us=0 terrain_us=0 wait_fence_us=2421 acquire_us=1 record_us=24 submit_us=20 present_us=120 terrain_lod=high blend=0.000 quality=中画质 marker=62 npc=42
[2026-08-17T12:10:29Z INFO  steel_front] size diag: window_inner=2560x1600 hud=2560x1600
[2026-08-17T12:10:29Z INFO  steel_front] size diag: window_inner=2560x1600 hud=2560x1600
[2026-08-17T12:10:29Z INFO  steel_front] size diag: window_inner=2560x1600 hud=2560x1600
[2026-08-17T12:10:29Z INFO  steel_front] size diag: window_inner=2560x1600 hud=2560x1600
[2026-08-17T12:10:29Z INFO  steel_front] size diag: window_inner=2560x1600 hud=2560x1600
[2026-08-17T12:10:29Z INFO  steel_front] size diag: window_inner=2560x1600 hud=2560x1600
[2026-08-17T12:10:29Z INFO  steel_front] size diag: window_inner=2560x1600 hud=2560x1600
[2026-08-17T12:10:29Z INFO  steel_front] size diag: window_inner=2560x1600 hud=2560x1600
[2026-08-17T12:10:29Z INFO  steel_front] size diag: window_inner=2560x1600 hud=2560x1600
[2026-08-17T12:10:29Z INFO  steel_front] size diag: window_inner=2560x1600 hud=2560x1600
[2026-08-17T12:10:29Z INFO  steel_front] size diag: window_inner=2560x1600 hud=2560x1600
[2026-08-17T12:10:29Z INFO  steel_front] size diag: window_inner=2560x1600 hud=2560x1600
[2026-08-17T12:10:29Z INFO  steel_front] size diag: window_inner=2560x1600 hud=2560x1600
[2026-08-17T12:10:29Z INFO  steel_front] size diag: window_inner=2560x1600 hud=2560x1600
[2026-08-17T12:10:29Z INFO  steel_front] size diag: window_inner=2560x1600 hud=2560x1600
[2026-08-17T12:10:29Z INFO  steel_front] size diag: window_inner=2560x1600 hud=2560x1600
[2026-08-17T12:10:29Z INFO  steel_front] size diag: window_inner=2560x1600 hud=2560x1600
[2026-08-17T12:10:29Z INFO  steel_front] size diag: window_inner=2560x1600 hud=2560x1600
[2026-08-17T12:10:29Z INFO  steel_front] size diag: window_inner=2560x1600 hud=2560x1600
[2026-08-17T12:10:29Z INFO  steel_front] cam: yaw=0.0 pitch=0.0 dist=3.4 mode=FirstPerson cycle_us=2543 update_us=36 render_us=2506
[2026-08-17T12:10:29Z INFO  steel_front::engine::game] game: wave=1 enemies=6 enemy_hp=100 hp=0/100 score=0 phys_us=1 ai_us=0 audio_us=24 net_us=0
[2026-08-17T12:10:30Z INFO  steel_front::engine::renderer] visible=65536/65536 near=65536 far=0 fps=383.4 frame_us=2257 cull_us=0 terrain_us=0 wait_fence_us=2356 acquire_us=1 record_us=25 submit_us=22 present_us=172 terrain_lod=high blend=0.000 quality=中画质 marker=36 npc=42
[2026-08-17T12:10:30Z INFO  steel_front] cam: yaw=0.0 pitch=0.0 dist=3.4 mode=FirstPerson cycle_us=2609 update_us=16 render_us=2593
[2026-08-17T12:10:30Z INFO  steel_front::engine::game] game: wave=1 enemies=6 enemy_hp=100 hp=0/100 score=0 phys_us=2 ai_us=0 audio_us=26 net_us=0
[2026-08-17T12:10:31Z INFO  steel_front::engine::renderer] visible=65536/65536 near=65536 far=0 fps=364.8 frame_us=2587 cull_us=0 terrain_us=0 wait_fence_us=1959 acquire_us=1 record_us=39 submit_us=37 present_us=197 terrain_lod=high blend=0.000 quality=中画质 marker=62 npc=42
[2026-08-17T12:10:31Z INFO  steel_front] cam: yaw=0.0 pitch=0.0 dist=3.4 mode=FirstPerson cycle_us=3031 update_us=30 render_us=3001
[2026-08-17T12:10:31Z INFO  steel_front::engine::game] game: wave=1 enemies=6 enemy_hp=100 hp=0/100 score=0 phys_us=1 ai_us=0 audio_us=26 net_us=0
[2026-08-17T12:10:32Z INFO  steel_front::engine::renderer] visible=65536/65536 near=65536 far=0 fps=382.8 frame_us=2761 cull_us=0 terrain_us=0 wait_fence_us=1859 acquire_us=0 record_us=39 submit_us=30 present_us=353 terrain_lod=high blend=0.000 quality=中画质 marker=36 npc=42
[2026-08-17T12:10:32Z INFO  steel_front] cam: yaw=0.0 pitch=0.0 dist=3.4 mode=FirstPerson cycle_us=2598 update_us=33 render_us=2565
[2026-08-17T12:10:33Z INFO  steel_front::engine::game] game: wave=1 enemies=6 enemy_hp=100 hp=0/100 score=0 phys_us=2 ai_us=0 audio_us=28 net_us=0
[2026-08-17T12:10:33Z INFO  steel_front::engine::renderer] visible=65536/65536 near=65536 far=0 fps=378.1 frame_us=2402 cull_us=0 terrain_us=0 wait_fence_us=2262 acquire_us=1 record_us=37 submit_us=35 present_us=226 terrain_lod=high blend=0.000 quality=中画质 marker=62 npc=42
[2026-08-17T12:10:33Z INFO  steel_front] cam: yaw=0.0 pitch=0.0 dist=3.4 mode=FirstPerson cycle_us=2463 update_us=39 render_us=2424
[2026-08-17T12:10:34Z INFO  steel_front::engine::game] game: wave=1 enemies=6 enemy_hp=100 hp=0/100 score=0 phys_us=2 ai_us=0 audio_us=37 net_us=1
[2026-08-17T12:10:34Z INFO  steel_front::engine::renderer] visible=65536/65536 near=65536 far=0 fps=349.4 frame_us=2314 cull_us=0 terrain_us=0 wait_fence_us=2602 acquire_us=1 record_us=28 submit_us=24 present_us=152 terrain_lod=high blend=0.000 quality=中画质 marker=36 npc=42
[2026-08-17T12:10:34Z INFO  steel_front] size diag: window_inner=2560x1600 hud=2560x1600
[2026-08-17T12:10:34Z INFO  steel_front] size diag: window_inner=2560x1600 hud=2560x1600
[2026-08-17T12:10:34Z INFO  steel_front] size diag: window_inner=2560x1600 hud=2560x1600
[2026-08-17T12:10:34Z INFO  steel_front] size diag: window_inner=2560x1600 hud=2560x1600
[2026-08-17T12:10:34Z INFO  steel_front] size diag: window_inner=2560x1600 hud=2560x1600
[2026-08-17T12:10:34Z INFO  steel_front] size diag: window_inner=2560x1600 hud=2560x1600
[2026-08-17T12:10:34Z INFO  steel_front] size diag: window_inner=2560x1600 hud=2560x1600
[2026-08-17T12:10:34Z INFO  steel_front] size diag: window_inner=2560x1600 hud=2560x1600
[2026-08-17T12:10:34Z INFO  steel_front] size diag: window_inner=2560x1600 hud=2560x1600
[2026-08-17T12:10:34Z INFO  steel_front] size diag: window_inner=2560x1600 hud=2560x1600
[2026-08-17T12:10:34Z INFO  steel_front] size diag: window_inner=2560x1600 hud=2560x1600
[2026-08-17T12:10:34Z INFO  steel_front] size diag: window_inner=2560x1600 hud=2560x1600
[2026-08-17T12:10:34Z INFO  steel_front] size diag: window_inner=2560x1600 hud=2560x1600
[2026-08-17T12:10:34Z INFO  steel_front] size diag: window_inner=2560x1600 hud=2560x1600
[2026-08-17T12:10:34Z INFO  steel_front] size diag: window_inner=2560x1600 hud=2560x1600
[2026-08-17T12:10:34Z INFO  steel_front] size diag: window_inner=2560x1600 hud=2560x1600
[2026-08-17T12:10:34Z INFO  steel_front] size diag: window_inner=2560x1600 hud=2560x1600
[2026-08-17T12:10:34Z INFO  steel_front] size diag: window_inner=2560x1600 hud=2560x1600
[2026-08-17T12:10:34Z INFO  steel_front] size diag: window_inner=2560x1600 hud=2560x1600
[2026-08-17T12:10:34Z INFO  steel_front] cam: yaw=0.0 pitch=0.0 dist=3.4 mode=FirstPerson cycle_us=2557 update_us=35 render_us=2522
[2026-08-17T12:10:35Z INFO  steel_front::engine::game] game: wave=1 enemies=6 enemy_hp=100 hp=0/100 score=0 phys_us=1 ai_us=0 audio_us=15 net_us=0
[2026-08-17T12:10:35Z INFO  steel_front::engine::renderer] visible=65536/65536 near=65536 far=0 fps=363.1 frame_us=2214 cull_us=0 terrain_us=0 wait_fence_us=2307 acquire_us=1 record_us=40 submit_us=32 present_us=198 terrain_lod=high blend=0.000 quality=中画质 marker=62 npc=42
[2026-08-17T12:10:35Z INFO  steel_front] cam: yaw=0.0 pitch=0.0 dist=3.4 mode=FirstPerson cycle_us=2810 update_us=16 render_us=2793
[2026-08-17T12:10:36Z INFO  steel_front::engine::game] game: wave=1 enemies=6 enemy_hp=100 hp=0/100 score=0 phys_us=2 ai_us=0 audio_us=24 net_us=0
[2026-08-17T12:10:36Z INFO  steel_front::engine::renderer] visible=65536/65536 near=65536 far=0 fps=374.4 frame_us=2863 cull_us=0 terrain_us=0 wait_fence_us=2315 acquire_us=1 record_us=46 submit_us=34 present_us=297 terrain_lod=high blend=0.000 quality=中画质 marker=36 npc=42
[2026-08-17T12:10:36Z INFO  steel_front] cam: yaw=0.0 pitch=0.0 dist=3.4 mode=FirstPerson cycle_us=2422 update_us=38 render_us=2384
[2026-08-17T12:10:37Z INFO  steel_front::engine::game] game: wave=1 enemies=6 enemy_hp=100 hp=0/100 score=0 phys_us=8 ai_us=0 audio_us=19 net_us=0
[2026-08-17T12:10:37Z INFO  steel_front::engine::renderer] visible=65536/65536 near=65536 far=0 fps=373.4 frame_us=2691 cull_us=0 terrain_us=0 wait_fence_us=2059 acquire_us=1 record_us=85 submit_us=34 present_us=138 terrain_lod=high blend=0.000 quality=中画质 marker=62 npc=42
[2026-08-17T12:10:37Z INFO  steel_front] cam: yaw=0.0 pitch=0.0 dist=3.4 mode=FirstPerson cycle_us=2587 update_us=33 render_us=2553
[2026-08-17T12:10:38Z INFO  steel_front::engine::game] game: wave=1 enemies=6 enemy_hp=100 hp=0/100 score=0 phys_us=7 ai_us=1 audio_us=33 net_us=0
[2026-08-17T12:10:38Z INFO  steel_front::engine::renderer] visible=65536/65536 near=65536 far=0 fps=372.3 frame_us=2306 cull_us=0 terrain_us=0 wait_fence_us=2412 acquire_us=0 record_us=33 submit_us=44 present_us=282 terrain_lod=high blend=0.000 quality=中画质 marker=36 npc=42
[2026-08-17T12:10:38Z INFO  steel_front] cam: yaw=0.0 pitch=0.0 dist=3.4 mode=FirstPerson cycle_us=2757 update_us=32 render_us=2724
[2026-08-17T12:10:39Z INFO  steel_front::engine::game] game: wave=1 enemies=6 enemy_hp=100 hp=0/100 score=0 phys_us=2 ai_us=0 audio_us=27 net_us=0
[2026-08-17T12:10:39Z INFO  steel_front::engine::renderer] visible=65536/65536 near=65536 far=0 fps=374.6 frame_us=2516 cull_us=0 terrain_us=0 wait_fence_us=2227 acquire_us=1 record_us=44 submit_us=36 present_us=294 terrain_lod=high blend=0.000 quality=中画质 marker=62 npc=42
[2026-08-17T12:10:39Z INFO  steel_front] size diag: window_inner=2560x1600 hud=2560x1600
[2026-08-17T12:10:39Z INFO  steel_front] size diag: window_inner=2560x1600 hud=2560x1600
[2026-08-17T12:10:39Z INFO  steel_front] size diag: window_inner=2560x1600 hud=2560x1600
[2026-08-17T12:10:39Z INFO  steel_front] size diag: window_inner=2560x1600 hud=2560x1600
[2026-08-17T12:10:39Z INFO  steel_front] size diag: window_inner=2560x1600 hud=2560x1600
[2026-08-17T12:10:39Z INFO  steel_front] size diag: window_inner=2560x1600 hud=2560x1600
[2026-08-17T12:10:39Z INFO  steel_front] size diag: window_inner=2560x1600 hud=2560x1600
[2026-08-17T12:10:39Z INFO  steel_front] size diag: window_inner=2560x1600 hud=2560x1600
[2026-08-17T12:10:39Z INFO  steel_front] size diag: window_inner=2560x1600 hud=2560x1600
[2026-08-17T12:10:39Z INFO  steel_front] size diag: window_inner=2560x1600 hud=2560x1600
[2026-08-17T12:10:39Z INFO  steel_front] size diag: window_inner=2560x1600 hud=2560x1600
[2026-08-17T12:10:39Z INFO  steel_front] size diag: window_inner=2560x1600 hud=2560x1600
[2026-08-17T12:10:39Z INFO  steel_front] size diag: window_inner=2560x1600 hud=2560x1600
[2026-08-17T12:10:39Z INFO  steel_front] size diag: window_inner=2560x1600 hud=2560x1600
[2026-08-17T12:10:39Z INFO  steel_front] size diag: window_inner=2560x1600 hud=2560x1600
[2026-08-17T12:10:39Z INFO  steel_front] size diag: window_inner=2560x1600 hud=2560x1600
[2026-08-17T12:10:39Z INFO  steel_front] size diag: window_inner=2560x1600 hud=2560x1600
[2026-08-17T12:10:39Z INFO  steel_front] size diag: window_inner=2560x1600 hud=2560x1600
[2026-08-17T12:10:39Z INFO  steel_front] size diag: window_inner=2560x1600 hud=2560x1600
[2026-08-17T12:10:39Z INFO  steel_front] cam: yaw=0.0 pitch=0.0 dist=3.4 mode=FirstPerson cycle_us=2467 update_us=36 render_us=2431
[2026-08-17T12:10:40Z INFO  steel_front::engine::game] game: wave=1 enemies=6 enemy_hp=100 hp=0/100 score=0 phys_us=2 ai_us=0 audio_us=12 net_us=0
[2026-08-17T12:10:40Z INFO  steel_front::engine::renderer] visible=65536/65536 near=65536 far=0 fps=376.0 frame_us=2328 cull_us=0 terrain_us=0 wait_fence_us=2532 acquire_us=1 record_us=21 submit_us=17 present_us=109 terrain_lod=high blend=0.000 quality=中画质 marker=36 npc=42
[2026-08-17T12:10:40Z INFO  steel_front] cam: yaw=0.0 pitch=0.0 dist=3.4 mode=FirstPerson cycle_us=2451 update_us=33 render_us=2417
[2026-08-17T12:10:41Z INFO  steel_front::engine::game] game: wave=1 enemies=6 enemy_hp=100 hp=0/100 score=0 phys_us=2 ai_us=0 audio_us=25 net_us=0
[2026-08-17T12:10:41Z INFO  steel_front::engine::renderer] visible=65536/65536 near=65536 far=0 fps=374.1 frame_us=3065 cull_us=1 terrain_us=0 wait_fence_us=1451 acquire_us=1 record_us=49 submit_us=48 present_us=806 terrain_lod=high blend=0.000 quality=中画质 marker=61 npc=42
[2026-08-17T12:10:41Z INFO  steel_front] cam: yaw=0.0 pitch=0.0 dist=3.4 mode=FirstPerson cycle_us=2514 update_us=35 render_us=2478
[2026-08-17T12:10:42Z INFO  steel_front::engine::game] game: wave=1 enemies=6 enemy_hp=100 hp=0/100 score=0 phys_us=2 ai_us=0 audio_us=17 net_us=0
[2026-08-17T12:10:42Z INFO  steel_front::engine::renderer] visible=65536/65536 near=65536 far=0 fps=376.5 frame_us=2207 cull_us=0 terrain_us=0 wait_fence_us=2226 acquire_us=1 record_us=39 submit_us=30 present_us=220 terrain_lod=high blend=0.000 quality=中画质 marker=36 npc=42
[2026-08-17T12:10:42Z INFO  steel_front] cam: yaw=0.0 pitch=0.0 dist=3.4 mode=FirstPerson cycle_us=2819 update_us=44 render_us=2774
[2026-08-17T12:10:43Z INFO  steel_front::engine::game] game: wave=1 enemies=6 enemy_hp=100 hp=0/100 score=0 phys_us=2 ai_us=0 audio_us=14 net_us=0
[2026-08-17T12:10:43Z INFO  steel_front::engine::renderer] visible=65536/65536 near=65536 far=0 fps=373.4 frame_us=2757 cull_us=0 terrain_us=0 wait_fence_us=2015 acquire_us=0 record_us=40 submit_us=32 present_us=258 terrain_lod=high blend=0.000 quality=中画质 marker=61 npc=42
[2026-08-17T12:10:43Z INFO  steel_front] cam: yaw=0.0 pitch=0.0 dist=3.4 mode=FirstPerson cycle_us=2644 update_us=21 render_us=2623
[2026-08-17T12:10:44Z INFO  steel_front::engine::game] game: wave=1 enemies=6 enemy_hp=100 hp=0/100 score=0 phys_us=6 ai_us=1 audio_us=14 net_us=0
[2026-08-17T12:10:44Z INFO  steel_front::engine::renderer] visible=65536/65536 near=65536 far=0 fps=369.4 frame_us=3048 cull_us=0 terrain_us=0 wait_fence_us=1843 acquire_us=1 record_us=58 submit_us=41 present_us=336 terrain_lod=high blend=0.000 quality=中画质 marker=36 npc=42
[2026-08-17T12:10:44Z INFO  steel_front] size diag: window_inner=2560x1600 hud=2560x1600
[2026-08-17T12:10:44Z INFO  steel_front] size diag: window_inner=2560x1600 hud=2560x1600
[2026-08-17T12:10:44Z INFO  steel_front] size diag: window_inner=2560x1600 hud=2560x1600
[2026-08-17T12:10:44Z INFO  steel_front] size diag: window_inner=2560x1600 hud=2560x1600
[2026-08-17T12:10:44Z INFO  steel_front] size diag: window_inner=2560x1600 hud=2560x1600
[2026-08-17T12:10:44Z INFO  steel_front] size diag: window_inner=2560x1600 hud=2560x1600
[2026-08-17T12:10:44Z INFO  steel_front] size diag: window_inner=2560x1600 hud=2560x1600
[2026-08-17T12:10:44Z INFO  steel_front] size diag: window_inner=2560x1600 hud=2560x1600
[2026-08-17T12:10:44Z INFO  steel_front] size diag: window_inner=2560x1600 hud=2560x1600
[2026-08-17T12:10:44Z INFO  steel_front] size diag: window_inner=2560x1600 hud=2560x1600
[2026-08-17T12:10:44Z INFO  steel_front] size diag: window_inner=2560x1600 hud=2560x1600
[2026-08-17T12:10:44Z INFO  steel_front] size diag: window_inner=2560x1600 hud=2560x1600
[2026-08-17T12:10:44Z INFO  steel_front] size diag: window_inner=2560x1600 hud=2560x1600
[2026-08-17T12:10:44Z INFO  steel_front] size diag: window_inner=2560x1600 hud=2560x1600
[2026-08-17T12:10:44Z INFO  steel_front] size diag: window_inner=2560x1600 hud=2560x1600
[2026-08-17T12:10:44Z INFO  steel_front] size diag: window_inner=2560x1600 hud=2560x1600
[2026-08-17T12:10:44Z INFO  steel_front] size diag: window_inner=2560x1600 hud=2560x1600
[2026-08-17T12:10:44Z INFO  steel_front] size diag: window_inner=2560x1600 hud=2560x1600
[2026-08-17T12:10:44Z INFO  steel_front] cam: yaw=0.0 pitch=0.0 dist=3.4 mode=FirstPerson cycle_us=2788 update_us=20 render_us=2768
[2026-08-17T12:10:45Z INFO  steel_front::engine::game] game: wave=1 enemies=6 enemy_hp=100 hp=0/100 score=0 phys_us=1 ai_us=0 audio_us=25 net_us=0
[2026-08-17T12:10:45Z INFO  steel_front::engine::renderer] visible=65536/65536 near=65536 far=0 fps=374.0 frame_us=2597 cull_us=0 terrain_us=0 wait_fence_us=2078 acquire_us=1 record_us=40 submit_us=30 present_us=565 terrain_lod=high blend=0.000 quality=中画质 marker=62 npc=42
[2026-08-17T12:10:45Z INFO  steel_front] cam: yaw=0.0 pitch=0.0 dist=3.4 mode=FirstPerson cycle_us=2747 update_us=30 render_us=2716
[2026-08-17T12:10:46Z INFO  steel_front::engine::game] game: wave=1 enemies=6 enemy_hp=100 hp=0/100 score=0 phys_us=2 ai_us=0 audio_us=13 net_us=0
[2026-08-17T12:10:46Z INFO  steel_front::engine::renderer] visible=65536/65536 near=65536 far=0 fps=374.0 frame_us=2472 cull_us=0 terrain_us=0 wait_fence_us=2264 acquire_us=1 record_us=29 submit_us=57 present_us=209 terrain_lod=high blend=0.000 quality=中画质 marker=36 npc=42
[2026-08-17T12:10:46Z INFO  steel_front] cam: yaw=0.0 pitch=0.0 dist=3.4 mode=FirstPerson cycle_us=2506 update_us=19 render_us=2487
[2026-08-17T12:10:47Z INFO  steel_front::engine::game] game: wave=1 enemies=6 enemy_hp=100 hp=0/100 score=0 phys_us=2 ai_us=0 audio_us=15 net_us=0
[2026-08-17T12:10:47Z INFO  steel_front::engine::renderer] visible=65536/65536 near=65536 far=0 fps=373.4 frame_us=2523 cull_us=0 terrain_us=0 wait_fence_us=2056 acquire_us=0 record_us=63 submit_us=82 present_us=235 terrain_lod=high blend=0.000 quality=中画质 marker=62 npc=42
[2026-08-17T12:10:47Z INFO  steel_front] cam: yaw=0.0 pitch=0.0 dist=3.4 mode=FirstPerson cycle_us=2877 update_us=17 render_us=2859
[2026-08-17T12:10:48Z INFO  steel_front::engine::game] game: wave=1 enemies=6 enemy_hp=100 hp=0/100 score=0 phys_us=2 ai_us=0 audio_us=32 net_us=0
[2026-08-17T12:10:48Z INFO  steel_front::engine::renderer] visible=65536/65536 near=65536 far=0 fps=376.5 frame_us=2541 cull_us=0 terrain_us=0 wait_fence_us=1886 acquire_us=0 record_us=42 submit_us=40 present_us=225 terrain_lod=high blend=0.000 quality=中画质 marker=36 npc=42
[2026-08-17T12:10:48Z INFO  steel_front] cam: yaw=0.0 pitch=0.0 dist=3.4 mode=FirstPerson cycle_us=2646 update_us=34 render_us=2612
[2026-08-17T12:10:49Z INFO  steel_front::engine::game] game: wave=1 enemies=6 enemy_hp=100 hp=0/100 score=0 phys_us=1 ai_us=0 audio_us=29 net_us=0
[2026-08-17T12:10:49Z INFO  steel_front::engine::renderer] visible=65536/65536 near=65536 far=0 fps=376.5 frame_us=2684 cull_us=0 terrain_us=0 wait_fence_us=1844 acquire_us=1 record_us=35 submit_us=37 present_us=305 terrain_lod=high blend=0.000 quality=中画质 marker=62 npc=42
[2026-08-17T12:10:49Z INFO  steel_front] size diag: window_inner=2560x1600 hud=2560x1600
[2026-08-17T12:10:49Z INFO  steel_front] size diag: window_inner=2560x1600 hud=2560x1600
[2026-08-17T12:10:49Z INFO  steel_front] size diag: window_inner=2560x1600 hud=2560x1600
[2026-08-17T12:10:49Z INFO  steel_front] size diag: window_inner=2560x1600 hud=2560x1600
[2026-08-17T12:10:49Z INFO  steel_front] size diag: window_inner=2560x1600 hud=2560x1600
[2026-08-17T12:10:49Z INFO  steel_front] size diag: window_inner=2560x1600 hud=2560x1600
[2026-08-17T12:10:49Z INFO  steel_front] size diag: window_inner=2560x1600 hud=2560x1600
[2026-08-17T12:10:49Z INFO  steel_front] size diag: window_inner=2560x1600 hud=2560x1600
[2026-08-17T12:10:49Z INFO  steel_front] size diag: window_inner=2560x1600 hud=2560x1600
[2026-08-17T12:10:49Z INFO  steel_front] size diag: window_inner=2560x1600 hud=2560x1600
[2026-08-17T12:10:49Z INFO  steel_front] size diag: window_inner=2560x1600 hud=2560x1600
[2026-08-17T12:10:49Z INFO  steel_front] size diag: window_inner=2560x1600 hud=2560x1600
[2026-08-17T12:10:49Z INFO  steel_front] size diag: window_inner=2560x1600 hud=2560x1600
[2026-08-17T12:10:49Z INFO  steel_front] size diag: window_inner=2560x1600 hud=2560x1600
[2026-08-17T12:10:49Z INFO  steel_front] size diag: window_inner=2560x1600 hud=2560x1600
[2026-08-17T12:10:49Z INFO  steel_front] size diag: window_inner=2560x1600 hud=2560x1600
[2026-08-17T12:10:49Z INFO  steel_front] size diag: window_inner=2560x1600 hud=2560x1600
[2026-08-17T12:10:49Z INFO  steel_front] size diag: window_inner=2560x1600 hud=2560x1600
[2026-08-17T12:10:49Z INFO  steel_front] cam: yaw=0.0 pitch=0.0 dist=3.4 mode=FirstPerson cycle_us=2980 update_us=43 render_us=2936
[2026-08-17T12:10:50Z INFO  steel_front::engine::game] game: wave=1 enemies=6 enemy_hp=100 hp=0/100 score=0 phys_us=3 ai_us=0 audio_us=27 net_us=0
[2026-08-17T12:10:50Z INFO  steel_front::engine::renderer] visible=65536/65536 near=65536 far=0 fps=374.6 frame_us=2287 cull_us=0 terrain_us=0 wait_fence_us=2205 acquire_us=0 record_us=35 submit_us=33 present_us=197 terrain_lod=high blend=0.000 quality=中画质 marker=36 npc=42
[2026-08-17T12:10:50Z INFO  steel_front] cam: yaw=0.0 pitch=0.0 dist=3.4 mode=FirstPerson cycle_us=3048 update_us=18 render_us=3030
[2026-08-17T12:10:51Z INFO  steel_front::engine::game] game: wave=1 enemies=6 enemy_hp=100 hp=0/100 score=0 phys_us=2 ai_us=0 audio_us=25 net_us=0
[2026-08-17T12:10:51Z INFO  steel_front::engine::renderer] visible=65536/65536 near=65536 far=0 fps=374.6 frame_us=3130 cull_us=1 terrain_us=0 wait_fence_us=2064 acquire_us=1 record_us=39 submit_us=33 present_us=454 terrain_lod=high blend=0.000 quality=中画质 marker=62 npc=42
[2026-08-17T12:10:51Z INFO  steel_front] cam: yaw=0.0 pitch=0.0 dist=3.4 mode=FirstPerson cycle_us=2537 update_us=21 render_us=2516
[2026-08-17T12:10:52Z INFO  steel_front::engine::game] game: wave=1 enemies=6 enemy_hp=100 hp=0/100 score=0 phys_us=2 ai_us=0 audio_us=15 net_us=0
[2026-08-17T12:10:52Z INFO  steel_front::engine::renderer] visible=65536/65536 near=65536 far=0 fps=372.5 frame_us=2535 cull_us=0 terrain_us=0 wait_fence_us=1993 acquire_us=1 record_us=36 submit_us=35 present_us=219 terrain_lod=high blend=0.000 quality=中画质 marker=36 npc=42
[2026-08-17T12:10:52Z INFO  steel_front] cam: yaw=0.0 pitch=0.0 dist=3.4 mode=FirstPerson cycle_us=2939 update_us=20 render_us=2919
[2026-08-17T12:10:53Z INFO  steel_front::engine::game] game: wave=1 enemies=6 enemy_hp=100 hp=0/100 score=0 phys_us=3 ai_us=0 audio_us=32 net_us=0
[2026-08-17T12:10:53Z INFO  steel_front::engine::renderer] visible=65536/65536 near=65536 far=0 fps=372.0 frame_us=2569 cull_us=0 terrain_us=0 wait_fence_us=2240 acquire_us=1 record_us=49 submit_us=84 present_us=283 terrain_lod=high blend=0.000 quality=中画质 marker=62 npc=42
[2026-08-17T12:10:53Z INFO  steel_front] cam: yaw=0.0 pitch=0.0 dist=3.4 mode=FirstPerson cycle_us=2811 update_us=26 render_us=2784
[2026-08-17T12:10:54Z INFO  steel_front::engine::game] game: wave=1 enemies=6 enemy_hp=100 hp=0/100 score=0 phys_us=1 ai_us=0 audio_us=34 net_us=0
[2026-08-17T12:10:54Z INFO  steel_front::engine::renderer] visible=65536/65536 near=65536 far=0 fps=374.8 frame_us=2564 cull_us=0 terrain_us=0 wait_fence_us=2225 acquire_us=1 record_us=27 submit_us=32 present_us=247 terrain_lod=high blend=0.000 quality=中画质 marker=36 npc=42
[2026-08-17T12:10:54Z INFO  steel_front] size diag: window_inner=2560x1600 hud=2560x1600
[2026-08-17T12:10:54Z INFO  steel_front] size diag: window_inner=2560x1600 hud=2560x1600
[2026-08-17T12:10:54Z INFO  steel_front] size diag: window_inner=2560x1600 hud=2560x1600
[2026-08-17T12:10:54Z INFO  steel_front] size diag: window_inner=2560x1600 hud=2560x1600
[2026-08-17T12:10:54Z INFO  steel_front] size diag: window_inner=2560x1600 hud=2560x1600
[2026-08-17T12:10:54Z INFO  steel_front] size diag: window_inner=2560x1600 hud=2560x1600
[2026-08-17T12:10:54Z INFO  steel_front] size diag: window_inner=2560x1600 hud=2560x1600
[2026-08-17T12:10:54Z INFO  steel_front] size diag: window_inner=2560x1600 hud=2560x1600
[2026-08-17T12:10:54Z INFO  steel_front] size diag: window_inner=2560x1600 hud=2560x1600
[2026-08-17T12:10:54Z INFO  steel_front] size diag: window_inner=2560x1600 hud=2560x1600
[2026-08-17T12:10:54Z INFO  steel_front] size diag: window_inner=2560x1600 hud=2560x1600
[2026-08-17T12:10:54Z INFO  steel_front] size diag: window_inner=2560x1600 hud=2560x1600
[2026-08-17T12:10:54Z INFO  steel_front] size diag: window_inner=2560x1600 hud=2560x1600
[2026-08-17T12:10:54Z INFO  steel_front] size diag: window_inner=2560x1600 hud=2560x1600
[2026-08-17T12:10:54Z INFO  steel_front] size diag: window_inner=2560x1600 hud=2560x1600
[2026-08-17T12:10:54Z INFO  steel_front] size diag: window_inner=2560x1600 hud=2560x1600
[2026-08-17T12:10:54Z INFO  steel_front] size diag: window_inner=2560x1600 hud=2560x1600
[2026-08-17T12:10:54Z INFO  steel_front] size diag: window_inner=2560x1600 hud=2560x1600
[2026-08-17T12:10:54Z INFO  steel_front] cam: yaw=0.0 pitch=0.0 dist=3.4 mode=FirstPerson cycle_us=2640 update_us=20 render_us=2620
[2026-08-17T12:10:55Z INFO  steel_front::engine::game] game: wave=1 enemies=6 enemy_hp=100 hp=0/100 score=0 phys_us=1 ai_us=0 audio_us=26 net_us=0
[2026-08-17T12:10:55Z INFO  steel_front::engine::renderer] visible=65536/65536 near=65536 far=0 fps=373.1 frame_us=2730 cull_us=0 terrain_us=0 wait_fence_us=2151 acquire_us=0 record_us=82 submit_us=105 present_us=283 terrain_lod=high blend=0.000 quality=中画质 marker=62 npc=42
[2026-08-17T12:10:55Z INFO  steel_front] cam: yaw=0.0 pitch=0.0 dist=3.4 mode=FirstPerson cycle_us=2551 update_us=31 render_us=2520
[2026-08-17T12:10:56Z INFO  steel_front::engine::game] game: wave=1 enemies=6 enemy_hp=100 hp=0/100 score=0 phys_us=2 ai_us=0 audio_us=28 net_us=0
[2026-08-17T12:10:56Z INFO  steel_front::engine::renderer] visible=65536/65536 near=65536 far=0 fps=375.3 frame_us=2672 cull_us=0 terrain_us=0 wait_fence_us=1927 acquire_us=1 record_us=49 submit_us=82 present_us=217 terrain_lod=high blend=0.000 quality=中画质 marker=36 npc=42
[2026-08-17T12:10:56Z INFO  steel_front] cam: yaw=0.0 pitch=0.0 dist=3.4 mode=FirstPerson cycle_us=2645 update_us=39 render_us=2605
[2026-08-17T12:10:57Z INFO  steel_front::engine::game] game: wave=1 enemies=6 enemy_hp=100 hp=0/100 score=0 phys_us=2 ai_us=0 audio_us=35 net_us=0
[2026-08-17T12:10:57Z INFO  steel_front::engine::renderer] visible=65536/65536 near=65536 far=0 fps=376.6 frame_us=2559 cull_us=0 terrain_us=0 wait_fence_us=1931 acquire_us=1 record_us=52 submit_us=61 present_us=220 terrain_lod=high blend=0.000 quality=中画质 marker=62 npc=42
[2026-08-17T12:10:57Z INFO  steel_front] cam: yaw=0.0 pitch=0.0 dist=3.4 mode=FirstPerson cycle_us=2728 update_us=33 render_us=2694
[2026-08-17T12:10:58Z INFO  steel_front::engine::game] game: wave=1 enemies=6 enemy_hp=100 hp=0/100 score=0 phys_us=3 ai_us=0 audio_us=31 net_us=0
[2026-08-17T12:10:58Z INFO  steel_front::engine::renderer] visible=65536/65536 near=65536 far=0 fps=374.2 frame_us=1996 cull_us=0 terrain_us=0 wait_fence_us=1920 acquire_us=2 record_us=73 submit_us=57 present_us=435 terrain_lod=high blend=0.000 quality=中画质 marker=36 npc=42
[2026-08-17T12:10:58Z INFO  steel_front] cam: yaw=0.0 pitch=0.0 dist=3.4 mode=FirstPerson cycle_us=2771 update_us=28 render_us=2742
[2026-08-17T12:10:59Z INFO  steel_front::engine::game] game: wave=1 enemies=6 enemy_hp=100 hp=0/100 score=0 phys_us=2 ai_us=0 audio_us=34 net_us=0
[2026-08-17T12:10:59Z INFO  steel_front::engine::renderer] visible=65536/65536 near=65536 far=0 fps=363.2 frame_us=2884 cull_us=1 terrain_us=0 wait_fence_us=2180 acquire_us=1 record_us=51 submit_us=79 present_us=219 terrain_lod=high blend=0.000 quality=中画质 marker=61 npc=42
[2026-08-17T12:10:59Z INFO  steel_front] size diag: window_inner=2560x1600 hud=2560x1600
[2026-08-17T12:10:59Z INFO  steel_front] size diag: window_inner=2560x1600 hud=2560x1600
[2026-08-17T12:10:59Z INFO  steel_front] size diag: window_inner=2560x1600 hud=2560x1600
[2026-08-17T12:10:59Z INFO  steel_front] size diag: window_inner=2560x1600 hud=2560x1600
[2026-08-17T12:10:59Z INFO  steel_front] size diag: window_inner=2560x1600 hud=2560x1600
[2026-08-17T12:10:59Z INFO  steel_front] size diag: window_inner=2560x1600 hud=2560x1600
[2026-08-17T12:10:59Z INFO  steel_front] size diag: window_inner=2560x1600 hud=2560x1600
[2026-08-17T12:10:59Z INFO  steel_front] size diag: window_inner=2560x1600 hud=2560x1600
[2026-08-17T12:10:59Z INFO  steel_front] size diag: window_inner=2560x1600 hud=2560x1600
[2026-08-17T12:10:59Z INFO  steel_front] size diag: window_inner=2560x1600 hud=2560x1600
[2026-08-17T12:10:59Z INFO  steel_front] size diag: window_inner=2560x1600 hud=2560x1600
[2026-08-17T12:10:59Z INFO  steel_front] size diag: window_inner=2560x1600 hud=2560x1600
[2026-08-17T12:10:59Z INFO  steel_front] size diag: window_inner=2560x1600 hud=2560x1600
[2026-08-17T12:10:59Z INFO  steel_front] size diag: window_inner=2560x1600 hud=2560x1600
[2026-08-17T12:10:59Z INFO  steel_front] size diag: window_inner=2560x1600 hud=2560x1600
[2026-08-17T12:10:59Z INFO  steel_front] size diag: window_inner=2560x1600 hud=2560x1600
[2026-08-17T12:10:59Z INFO  steel_front] size diag: window_inner=2560x1600 hud=2560x1600
[2026-08-17T12:10:59Z INFO  steel_front] size diag: window_inner=2560x1600 hud=2560x1600
[2026-08-17T12:10:59Z INFO  steel_front] cam: yaw=0.0 pitch=0.0 dist=3.4 mode=FirstPerson cycle_us=2361 update_us=36 render_us=2325
[2026-08-17T12:11:00Z INFO  steel_front::engine::game] game: wave=1 enemies=6 enemy_hp=100 hp=0/100 score=0 phys_us=3 ai_us=0 audio_us=15 net_us=0
[2026-08-17T12:11:00Z INFO  steel_front::engine::renderer] visible=65536/65536 near=65536 far=0 fps=367.6 frame_us=3112 cull_us=0 terrain_us=0 wait_fence_us=2218 acquire_us=1 record_us=35 submit_us=79 present_us=329 terrain_lod=high blend=0.000 quality=中画质 marker=36 npc=42
[2026-08-17T12:11:00Z INFO  steel_front] cam: yaw=0.0 pitch=0.0 dist=3.4 mode=FirstPerson cycle_us=2785 update_us=20 render_us=2764
[2026-08-17T12:11:01Z INFO  steel_front::engine::game] game: wave=1 enemies=6 enemy_hp=100 hp=0/100 score=0 phys_us=1 ai_us=0 audio_us=22 net_us=0
[2026-08-17T12:11:01Z INFO  steel_front::engine::renderer] visible=65536/65536 near=65536 far=0 fps=370.7 frame_us=2127 cull_us=0 terrain_us=0 wait_fence_us=2414 acquire_us=1 record_us=29 submit_us=59 present_us=126 terrain_lod=high blend=0.000 quality=中画质 marker=61 npc=42
[2026-08-17T12:11:01Z INFO  steel_front] cam: yaw=0.0 pitch=0.0 dist=3.4 mode=FirstPerson cycle_us=2841 update_us=37 render_us=2803
[2026-08-17T12:11:02Z INFO  steel_front::engine::game] game: wave=1 enemies=6 enemy_hp=100 hp=0/100 score=0 phys_us=3 ai_us=0 audio_us=14 net_us=0
[2026-08-17T12:11:02Z INFO  steel_front::engine::renderer] visible=65536/65536 near=65536 far=0 fps=364.1 frame_us=2600 cull_us=0 terrain_us=0 wait_fence_us=2517 acquire_us=1 record_us=39 submit_us=32 present_us=286 terrain_lod=high blend=0.000 quality=中画质 marker=36 npc=42
[2026-08-17T12:11:02Z INFO  steel_front] cam: yaw=0.0 pitch=0.0 dist=3.4 mode=FirstPerson cycle_us=2564 update_us=18 render_us=2546
[2026-08-17T12:11:03Z INFO  steel_front::engine::game] game: wave=1 enemies=6 enemy_hp=100 hp=0/100 score=0 phys_us=2 ai_us=0 audio_us=26 net_us=0
[2026-08-17T12:11:03Z INFO  steel_front::engine::renderer] visible=65536/65536 near=65536 far=0 fps=373.6 frame_us=2580 cull_us=0 terrain_us=0 wait_fence_us=2012 acquire_us=1 record_us=37 submit_us=35 present_us=205 terrain_lod=high blend=0.000 quality=中画质 marker=62 npc=42
[2026-08-17T12:11:03Z INFO  steel_front] cam: yaw=0.0 pitch=0.0 dist=3.4 mode=FirstPerson cycle_us=2678 update_us=38 render_us=2639
[2026-08-17T12:11:04Z INFO  steel_front::engine::game] game: wave=1 enemies=6 enemy_hp=100 hp=0/100 score=0 phys_us=1 ai_us=0 audio_us=24 net_us=0
[2026-08-17T12:11:04Z INFO  steel_front::engine::renderer] visible=65536/65536 near=65536 far=0 fps=371.0 frame_us=2190 cull_us=0 terrain_us=0 wait_fence_us=2315 acquire_us=1 record_us=49 submit_us=50 present_us=222 terrain_lod=high blend=0.000 quality=中画质 marker=36 npc=42
[2026-08-17T12:11:04Z INFO  steel_front] size diag: window_inner=2560x1600 hud=2560x1600
[2026-08-17T12:11:04Z INFO  steel_front] size diag: window_inner=2560x1600 hud=2560x1600
[2026-08-17T12:11:04Z INFO  steel_front] size diag: window_inner=2560x1600 hud=2560x1600
[2026-08-17T12:11:04Z INFO  steel_front] size diag: window_inner=2560x1600 hud=2560x1600
[2026-08-17T12:11:04Z INFO  steel_front] size diag: window_inner=2560x1600 hud=2560x1600
[2026-08-17T12:11:04Z INFO  steel_front] size diag: window_inner=2560x1600 hud=2560x1600
[2026-08-17T12:11:04Z INFO  steel_front] size diag: window_inner=2560x1600 hud=2560x1600
[2026-08-17T12:11:04Z INFO  steel_front] size diag: window_inner=2560x1600 hud=2560x1600
[2026-08-17T12:11:04Z INFO  steel_front] size diag: window_inner=2560x1600 hud=2560x1600
[2026-08-17T12:11:04Z INFO  steel_front] size diag: window_inner=2560x1600 hud=2560x1600
[2026-08-17T12:11:04Z INFO  steel_front] size diag: window_inner=2560x1600 hud=2560x1600
[2026-08-17T12:11:04Z INFO  steel_front] size diag: window_inner=2560x1600 hud=2560x1600
[2026-08-17T12:11:04Z INFO  steel_front] size diag: window_inner=2560x1600 hud=2560x1600
[2026-08-17T12:11:04Z INFO  steel_front] size diag: window_inner=2560x1600 hud=2560x1600
[2026-08-17T12:11:04Z INFO  steel_front] size diag: window_inner=2560x1600 hud=2560x1600
[2026-08-17T12:11:04Z INFO  steel_front] size diag: window_inner=2560x1600 hud=2560x1600
[2026-08-17T12:11:04Z INFO  steel_front] size diag: window_inner=2560x1600 hud=2560x1600
[2026-08-17T12:11:04Z INFO  steel_front] size diag: window_inner=2560x1600 hud=2560x1600
[2026-08-17T12:11:04Z INFO  steel_front] size diag: window_inner=2560x1600 hud=2560x1600
[2026-08-17T12:11:04Z INFO  steel_front] cam: yaw=0.0 pitch=0.0 dist=3.4 mode=FirstPerson cycle_us=2466 update_us=31 render_us=2434
[2026-08-17T12:11:05Z INFO  steel_front::engine::game] game: wave=1 enemies=6 enemy_hp=100 hp=0/100 score=0 phys_us=3 ai_us=0 audio_us=23 net_us=0
[2026-08-17T12:11:05Z INFO  steel_front::engine::renderer] visible=65536/65536 near=65536 far=0 fps=374.3 frame_us=2694 cull_us=0 terrain_us=0 wait_fence_us=1907 acquire_us=0 record_us=52 submit_us=47 present_us=212 terrain_lod=high blend=0.000 quality=中画质 marker=62 npc=42
[2026-08-17T12:11:05Z INFO  steel_front] cam: yaw=0.0 pitch=0.0 dist=3.4 mode=FirstPerson cycle_us=2730 update_us=33 render_us=2696
[2026-08-17T12:11:06Z INFO  steel_front::engine::game] game: wave=1 enemies=6 enemy_hp=100 hp=0/100 score=0 phys_us=1 ai_us=0 audio_us=30 net_us=0
[2026-08-17T12:11:06Z INFO  steel_front::engine::renderer] visible=65536/65536 near=65536 far=0 fps=375.6 frame_us=2757 cull_us=0 terrain_us=0 wait_fence_us=2411 acquire_us=1 record_us=23 submit_us=50 present_us=159 terrain_lod=high blend=0.000 quality=中画质 marker=36 npc=42
[2026-08-17T12:11:06Z INFO  steel_front] cam: yaw=0.0 pitch=0.0 dist=3.4 mode=FirstPerson cycle_us=3063 update_us=40 render_us=3022
[2026-08-17T12:11:07Z INFO  steel_front::engine::game] game: wave=1 enemies=6 enemy_hp=100 hp=0/100 score=0 phys_us=1 ai_us=0 audio_us=22 net_us=0
[2026-08-17T12:11:07Z INFO  steel_front::engine::renderer] visible=65536/65536 near=65536 far=0 fps=372.3 frame_us=2641 cull_us=4 terrain_us=0 wait_fence_us=1845 acquire_us=1 record_us=57 submit_us=75 present_us=624 terrain_lod=high blend=0.000 quality=中画质 marker=61 npc=42
[2026-08-17T12:11:07Z INFO  steel_front] cam: yaw=0.0 pitch=0.0 dist=3.4 mode=FirstPerson cycle_us=2446 update_us=34 render_us=2412
[2026-08-17T12:11:08Z INFO  steel_front::engine::game] game: wave=1 enemies=6 enemy_hp=100 hp=0/100 score=0 phys_us=1 ai_us=0 audio_us=32 net_us=0
[2026-08-17T12:11:08Z INFO  steel_front::engine::renderer] visible=65536/65536 near=65536 far=0 fps=379.8 frame_us=2240 cull_us=0 terrain_us=0 wait_fence_us=2421 acquire_us=1 record_us=40 submit_us=30 present_us=208 terrain_lod=high blend=0.000 quality=中画质 marker=36 npc=42
[2026-08-17T12:11:08Z INFO  steel_front] cam: yaw=0.0 pitch=0.0 dist=3.4 mode=FirstPerson cycle_us=2613 update_us=37 render_us=2576
[2026-08-17T12:11:09Z INFO  steel_front::engine::game] game: wave=1 enemies=6 enemy_hp=100 hp=0/100 score=0 phys_us=2 ai_us=0 audio_us=25 net_us=0
[2026-08-17T12:11:09Z INFO  steel_front] size diag: window_inner=2560x1600 hud=2560x1600
[2026-08-17T12:11:09Z INFO  steel_front::engine::renderer] visible=65536/65536 near=65536 far=0 fps=383.6 frame_us=2863 cull_us=0 terrain_us=0 wait_fence_us=1485 acquire_us=0 record_us=41 submit_us=34 present_us=206 terrain_lod=high blend=0.000 quality=中画质 marker=62 npc=42
[2026-08-17T12:11:09Z INFO  steel_front] size diag: window_inner=2560x1600 hud=2560x1600
[2026-08-17T12:11:09Z INFO  steel_front] size diag: window_inner=2560x1600 hud=2560x1600
[2026-08-17T12:11:09Z INFO  steel_front] size diag: window_inner=2560x1600 hud=2560x1600
[2026-08-17T12:11:09Z INFO  steel_front] size diag: window_inner=2560x1600 hud=2560x1600
[2026-08-17T12:11:09Z INFO  steel_front] size diag: window_inner=2560x1600 hud=2560x1600
[2026-08-17T12:11:09Z INFO  steel_front] size diag: window_inner=2560x1600 hud=2560x1600
[2026-08-17T12:11:09Z INFO  steel_front] size diag: window_inner=2560x1600 hud=2560x1600
[2026-08-17T12:11:09Z INFO  steel_front] size diag: window_inner=2560x1600 hud=2560x1600
[2026-08-17T12:11:09Z INFO  steel_front] size diag: window_inner=2560x1600 hud=2560x1600
[2026-08-17T12:11:09Z INFO  steel_front] size diag: window_inner=2560x1600 hud=2560x1600
[2026-08-17T12:11:09Z INFO  steel_front] size diag: window_inner=2560x1600 hud=2560x1600
[2026-08-17T12:11:09Z INFO  steel_front] size diag: window_inner=2560x1600 hud=2560x1600
[2026-08-17T12:11:09Z INFO  steel_front] size diag: window_inner=2560x1600 hud=2560x1600
[2026-08-17T12:11:09Z INFO  steel_front] size diag: window_inner=2560x1600 hud=2560x1600
[2026-08-17T12:11:09Z INFO  steel_front] size diag: window_inner=2560x1600 hud=2560x1600
[2026-08-17T12:11:09Z INFO  steel_front] size diag: window_inner=2560x1600 hud=2560x1600
[2026-08-17T12:11:09Z INFO  steel_front] size diag: window_inner=2560x1600 hud=2560x1600
[2026-08-17T12:11:09Z INFO  steel_front] size diag: window_inner=2560x1600 hud=2560x1600
[2026-08-17T12:11:09Z INFO  steel_front] cam: yaw=0.0 pitch=0.0 dist=3.4 mode=FirstPerson cycle_us=2588 update_us=21 render_us=2567
[2026-08-17T12:11:10Z INFO  steel_front::engine::game] game: wave=1 enemies=6 enemy_hp=100 hp=0/100 score=0 phys_us=1 ai_us=0 audio_us=17 net_us=0
[2026-08-17T12:11:10Z INFO  steel_front::engine::renderer] visible=65536/65536 near=65536 far=0 fps=383.5 frame_us=2399 cull_us=0 terrain_us=0 wait_fence_us=1985 acquire_us=1 record_us=43 submit_us=35 present_us=215 terrain_lod=high blend=0.000 quality=中画质 marker=37 npc=42
[2026-08-17T12:11:10Z INFO  steel_front] cam: yaw=0.0 pitch=0.0 dist=3.4 mode=FirstPerson cycle_us=2462 update_us=21 render_us=2440
[2026-08-17T12:11:11Z INFO  steel_front::engine::game] game: wave=1 enemies=6 enemy_hp=100 hp=0/100 score=0 phys_us=2 ai_us=0 audio_us=16 net_us=0
[2026-08-17T12:11:11Z INFO  steel_front::engine::renderer] visible=65536/65536 near=65536 far=0 fps=364.8 frame_us=2903 cull_us=2 terrain_us=0 wait_fence_us=2037 acquire_us=5 record_us=41 submit_us=39 present_us=233 terrain_lod=high blend=0.000 quality=中画质 marker=55 npc=42
[2026-08-17T12:11:11Z INFO  steel_front] cam: yaw=0.0 pitch=0.0 dist=3.4 mode=FirstPerson cycle_us=2571 update_us=20 render_us=2550
[2026-08-17T12:11:12Z INFO  steel_front::engine::game] game: wave=1 enemies=6 enemy_hp=100 hp=0/100 score=0 phys_us=1 ai_us=0 audio_us=23 net_us=0
[2026-08-17T12:11:12Z INFO  steel_front::engine::renderer] visible=65536/65536 near=65536 far=0 fps=382.2 frame_us=2369 cull_us=0 terrain_us=0 wait_fence_us=2548 acquire_us=1 record_us=22 submit_us=18 present_us=117 terrain_lod=high blend=0.000 quality=中画质 marker=39 npc=42
[2026-08-17T12:11:12Z INFO  steel_front] cam: yaw=0.0 pitch=0.0 dist=3.4 mode=FirstPerson cycle_us=2700 update_us=31 render_us=2669
[2026-08-17T12:11:13Z INFO  steel_front::engine::game] game: wave=1 enemies=6 enemy_hp=100 hp=0/100 score=0 phys_us=2 ai_us=0 audio_us=24 net_us=0
[2026-08-17T12:11:13Z INFO  steel_front::engine::renderer] visible=65536/65536 near=65536 far=0 fps=383.7 frame_us=2692 cull_us=0 terrain_us=0 wait_fence_us=2080 acquire_us=0 record_us=40 submit_us=30 present_us=226 terrain_lod=high blend=0.000 quality=中画质 marker=62 npc=42
[2026-08-17T12:11:13Z INFO  steel_front] cam: yaw=0.0 pitch=0.0 dist=3.4 mode=FirstPerson cycle_us=2733 update_us=33 render_us=2700
[2026-08-17T12:11:14Z INFO  steel_front::engine::game] game: wave=1 enemies=6 enemy_hp=100 hp=0/100 score=0 phys_us=1 ai_us=0 audio_us=15 net_us=0
[2026-08-17T12:11:14Z INFO  steel_front] size diag: window_inner=2560x1600 hud=2560x1600
[2026-08-17T12:11:14Z INFO  steel_front] size diag: window_inner=2560x1600 hud=2560x1600
[2026-08-17T12:11:14Z INFO  steel_front] size diag: window_inner=2560x1600 hud=2560x1600
[2026-08-17T12:11:14Z INFO  steel_front] size diag: window_inner=2560x1600 hud=2560x1600
[2026-08-17T12:11:14Z INFO  steel_front::engine::renderer] visible=65536/65536 near=65536 far=0 fps=373.7 frame_us=1775 cull_us=1 terrain_us=0 wait_fence_us=1723 acquire_us=1 record_us=36 submit_us=34 present_us=242 terrain_lod=high blend=0.000 quality=中画质 marker=39 npc=42
[2026-08-17T12:11:14Z INFO  steel_front] size diag: window_inner=2560x1600 hud=2560x1600
[2026-08-17T12:11:14Z INFO  steel_front] size diag: window_inner=2560x1600 hud=2560x1600
[2026-08-17T12:11:14Z INFO  steel_front] size diag: window_inner=2560x1600 hud=2560x1600
[2026-08-17T12:11:14Z INFO  steel_front] size diag: window_inner=2560x1600 hud=2560x1600
[2026-08-17T12:11:14Z INFO  steel_front] size diag: window_inner=2560x1600 hud=2560x1600
[2026-08-17T12:11:14Z INFO  steel_front] size diag: window_inner=2560x1600 hud=2560x1600
[2026-08-17T12:11:14Z INFO  steel_front] size diag: window_inner=2560x1600 hud=2560x1600
[2026-08-17T12:11:14Z INFO  steel_front] size diag: window_inner=2560x1600 hud=2560x1600
[2026-08-17T12:11:14Z INFO  steel_front] size diag: window_inner=2560x1600 hud=2560x1600
[2026-08-17T12:11:14Z INFO  steel_front] size diag: window_inner=2560x1600 hud=2560x1600
[2026-08-17T12:11:14Z INFO  steel_front] size diag: window_inner=2560x1600 hud=2560x1600
[2026-08-17T12:11:14Z INFO  steel_front] size diag: window_inner=2560x1600 hud=2560x1600
[2026-08-17T12:11:14Z INFO  steel_front] size diag: window_inner=2560x1600 hud=2560x1600
[2026-08-17T12:11:14Z INFO  steel_front] size diag: window_inner=2560x1600 hud=2560x1600
[2026-08-17T12:11:14Z INFO  steel_front] cam: yaw=0.0 pitch=0.0 dist=3.4 mode=FirstPerson cycle_us=2926 update_us=19 render_us=2906
[2026-08-17T12:11:15Z INFO  steel_front::engine::game] game: wave=1 enemies=6 enemy_hp=100 hp=0/100 score=0 phys_us=2 ai_us=0 audio_us=28 net_us=0
[2026-08-17T12:11:15Z INFO  steel_front::engine::renderer] visible=65536/65536 near=65536 far=0 fps=347.0 frame_us=2405 cull_us=0 terrain_us=0 wait_fence_us=2086 acquire_us=1 record_us=25 submit_us=21 present_us=431 terrain_lod=high blend=0.000 quality=中画质 marker=62 npc=42
[2026-08-17T12:11:15Z INFO  steel_front] cam: yaw=0.0 pitch=0.0 dist=3.4 mode=FirstPerson cycle_us=2767 update_us=21 render_us=2745
[2026-08-17T12:11:16Z INFO  steel_front::engine::game] game: wave=1 enemies=6 enemy_hp=100 hp=0/100 score=0 phys_us=1 ai_us=0 audio_us=13 net_us=0
[2026-08-17T12:11:16Z INFO  steel_front::engine::renderer] visible=65536/65536 near=65536 far=0 fps=368.2 frame_us=2798 cull_us=0 terrain_us=0 wait_fence_us=2051 acquire_us=2 record_us=91 submit_us=32 present_us=146 terrain_lod=high blend=0.000 quality=中画质 marker=42 npc=42
[2026-08-17T12:11:16Z INFO  steel_front] cam: yaw=0.0 pitch=0.0 dist=3.4 mode=FirstPerson cycle_us=2646 update_us=31 render_us=2615
[2026-08-17T12:11:17Z INFO  steel_front::engine::game] game: wave=1 enemies=6 enemy_hp=100 hp=0/100 score=0 phys_us=2 ai_us=0 audio_us=30 net_us=0
[2026-08-17T12:11:17Z INFO  steel_front::engine::renderer] visible=65536/65536 near=65536 far=0 fps=374.6 frame_us=2093 cull_us=0 terrain_us=0 wait_fence_us=2218 acquire_us=1 record_us=49 submit_us=44 present_us=211 terrain_lod=high blend=0.000 quality=中画质 marker=62 npc=42
[2026-08-17T12:11:18Z INFO  steel_front] cam: yaw=0.0 pitch=0.0 dist=3.4 mode=FirstPerson cycle_us=2306 update_us=36 render_us=2269
[2026-08-17T12:11:18Z INFO  steel_front::engine::game] game: wave=1 enemies=6 enemy_hp=100 hp=0/100 score=0 phys_us=1 ai_us=0 audio_us=31 net_us=0
[2026-08-17T12:11:18Z INFO  steel_front::engine::renderer] visible=65536/65536 near=65536 far=0 fps=375.5 frame_us=2830 cull_us=1 terrain_us=0 wait_fence_us=2027 acquire_us=1 record_us=60 submit_us=93 present_us=258 terrain_lod=high blend=0.000 quality=中画质 marker=43 npc=42
[2026-08-17T12:11:19Z INFO  steel_front] cam: yaw=0.0 pitch=0.0 dist=3.4 mode=FirstPerson cycle_us=2526 update_us=30 render_us=2495
[2026-08-17T12:11:19Z INFO  steel_front::engine::game] game: wave=1 enemies=6 enemy_hp=100 hp=0/100 score=0 phys_us=1 ai_us=0 audio_us=12 net_us=0
[2026-08-17T12:11:19Z INFO  steel_front] size diag: window_inner=2560x1600 hud=2560x1600
[2026-08-17T12:11:19Z INFO  steel_front] size diag: window_inner=2560x1600 hud=2560x1600
[2026-08-17T12:11:19Z INFO  steel_front] size diag: window_inner=2560x1600 hud=2560x1600
[2026-08-17T12:11:19Z INFO  steel_front] size diag: window_inner=2560x1600 hud=2560x1600
[2026-08-17T12:11:19Z INFO  steel_front] size diag: window_inner=2560x1600 hud=2560x1600
[2026-08-17T12:11:19Z INFO  steel_front] size diag: window_inner=2560x1600 hud=2560x1600
[2026-08-17T12:11:19Z INFO  steel_front] size diag: window_inner=2560x1600 hud=2560x1600
[2026-08-17T12:11:19Z INFO  steel_front] size diag: window_inner=2560x1600 hud=2560x1600
[2026-08-17T12:11:19Z INFO  steel_front] size diag: window_inner=2560x1600 hud=2560x1600
[2026-08-17T12:11:19Z INFO  steel_front::engine::renderer] visible=65536/65536 near=65536 far=0 fps=373.5 frame_us=2104 cull_us=1 terrain_us=0 wait_fence_us=1562 acquire_us=1 record_us=111 submit_us=122 present_us=297 terrain_lod=high blend=0.000 quality=中画质 marker=62 npc=42
[2026-08-17T12:11:19Z INFO  steel_front] size diag: window_inner=2560x1600 hud=2560x1600
[2026-08-17T12:11:19Z INFO  steel_front] size diag: window_inner=2560x1600 hud=2560x1600
[2026-08-17T12:11:19Z INFO  steel_front] size diag: window_inner=2560x1600 hud=2560x1600
[2026-08-17T12:11:19Z INFO  steel_front] size diag: window_inner=2560x1600 hud=2560x1600
[2026-08-17T12:11:19Z INFO  steel_front] size diag: window_inner=2560x1600 hud=2560x1600
[2026-08-17T12:11:19Z INFO  steel_front] size diag: window_inner=2560x1600 hud=2560x1600
[2026-08-17T12:11:19Z INFO  steel_front] size diag: window_inner=2560x1600 hud=2560x1600
[2026-08-17T12:11:19Z INFO  steel_front] size diag: window_inner=2560x1600 hud=2560x1600
[2026-08-17T12:11:19Z INFO  steel_front] size diag: window_inner=2560x1600 hud=2560x1600
[2026-08-17T12:11:19Z INFO  steel_front] size diag: window_inner=2560x1600 hud=2560x1600
[2026-08-17T12:11:20Z INFO  steel_front] cam: yaw=0.0 pitch=0.0 dist=3.4 mode=FirstPerson cycle_us=2982 update_us=19 render_us=2962
[2026-08-17T12:11:20Z INFO  steel_front::engine::game] game: wave=1 enemies=6 enemy_hp=100 hp=0/100 score=0 phys_us=2 ai_us=0 audio_us=16 net_us=0
[2026-08-17T12:11:20Z INFO  steel_front::engine::renderer] visible=65536/65536 near=65536 far=0 fps=371.8 frame_us=2517 cull_us=0 terrain_us=0 wait_fence_us=2430 acquire_us=1 record_us=53 submit_us=60 present_us=234 terrain_lod=high blend=0.000 quality=中画质 marker=43 npc=42
[2026-08-17T12:11:21Z INFO  steel_front] cam: yaw=0.0 pitch=0.0 dist=3.4 mode=FirstPerson cycle_us=2949 update_us=19 render_us=2929
[2026-08-17T12:11:21Z INFO  steel_front::engine::game] game: wave=1 enemies=6 enemy_hp=100 hp=0/100 score=0 phys_us=1 ai_us=0 audio_us=27 net_us=0
[2026-08-17T12:11:21Z INFO  steel_front::engine::renderer] visible=65536/65536 near=65536 far=0 fps=373.1 frame_us=2707 cull_us=0 terrain_us=0 wait_fence_us=2037 acquire_us=1 record_us=65 submit_us=72 present_us=248 terrain_lod=high blend=0.000 quality=中画质 marker=62 npc=42
[2026-08-17T12:11:22Z INFO  steel_front] cam: yaw=0.0 pitch=0.0 dist=3.4 mode=FirstPerson cycle_us=2647 update_us=36 render_us=2610
[2026-08-17T12:11:22Z INFO  steel_front::engine::game] game: wave=1 enemies=6 enemy_hp=100 hp=0/100 score=0 phys_us=1 ai_us=0 audio_us=26 net_us=0
[2026-08-17T12:11:22Z INFO  steel_front::engine::renderer] visible=65536/65536 near=65536 far=0 fps=373.6 frame_us=3191 cull_us=0 terrain_us=0 wait_fence_us=1835 acquire_us=1 record_us=60 submit_us=68 present_us=433 terrain_lod=high blend=0.000 quality=中画质 marker=46 npc=42
[2026-08-17T12:11:23Z INFO  steel_front] cam: yaw=0.0 pitch=0.0 dist=3.4 mode=FirstPerson cycle_us=2915 update_us=34 render_us=2881
[2026-08-17T12:11:23Z INFO  steel_front::engine::game] game: wave=1 enemies=6 enemy_hp=100 hp=0/100 score=0 phys_us=2 ai_us=0 audio_us=25 net_us=0
[2026-08-17T12:11:23Z INFO  steel_front::engine::renderer] visible=65536/65536 near=65536 far=0 fps=373.9 frame_us=2432 cull_us=0 terrain_us=0 wait_fence_us=2051 acquire_us=1 record_us=72 submit_us=72 present_us=135 terrain_lod=high blend=0.000 quality=中画质 marker=62 npc=42
[2026-08-17T12:11:24Z INFO  steel_front] cam: yaw=0.0 pitch=0.0 dist=3.4 mode=FirstPerson cycle_us=2597 update_us=34 render_us=2562
[2026-08-17T12:11:24Z INFO  steel_front::engine::game] game: wave=1 enemies=6 enemy_hp=100 hp=0/100 score=0 phys_us=2 ai_us=0 audio_us=23 net_us=0
[2026-08-17T12:11:24Z INFO  steel_front] size diag: window_inner=2560x1600 hud=2560x1600
[2026-08-17T12:11:24Z INFO  steel_front] size diag: window_inner=2560x1600 hud=2560x1600
[2026-08-17T12:11:24Z INFO  steel_front] size diag: window_inner=2560x1600 hud=2560x1600
[2026-08-17T12:11:24Z INFO  steel_front] size diag: window_inner=2560x1600 hud=2560x1600
[2026-08-17T12:11:24Z INFO  steel_front] size diag: window_inner=2560x1600 hud=2560x1600
[2026-08-17T12:11:24Z INFO  steel_front] size diag: window_inner=2560x1600 hud=2560x1600
[2026-08-17T12:11:24Z INFO  steel_front] size diag: window_inner=2560x1600 hud=2560x1600
[2026-08-17T12:11:24Z INFO  steel_front] size diag: window_inner=2560x1600 hud=2560x1600
[2026-08-17T12:11:24Z INFO  steel_front] size diag: window_inner=2560x1600 hud=2560x1600
[2026-08-17T12:11:24Z INFO  steel_front] size diag: window_inner=2560x1600 hud=2560x1600
[2026-08-17T12:11:24Z INFO  steel_front] size diag: window_inner=2560x1600 hud=2560x1600
[2026-08-17T12:11:24Z INFO  steel_front] size diag: window_inner=2560x1600 hud=2560x1600
[2026-08-17T12:11:24Z INFO  steel_front::engine::renderer] visible=65536/65536 near=65536 far=0 fps=364.2 frame_us=2251 cull_us=0 terrain_us=0 wait_fence_us=2108 acquire_us=1 record_us=75 submit_us=114 present_us=295 terrain_lod=high blend=0.000 quality=中画质 marker=47 npc=42
[2026-08-17T12:11:24Z INFO  steel_front] size diag: window_inner=2560x1600 hud=2560x1600
[2026-08-17T12:11:24Z INFO  steel_front] size diag: window_inner=2560x1600 hud=2560x1600
[2026-08-17T12:11:24Z INFO  steel_front] size diag: window_inner=2560x1600 hud=2560x1600
[2026-08-17T12:11:24Z INFO  steel_front] size diag: window_inner=2560x1600 hud=2560x1600
[2026-08-17T12:11:24Z INFO  steel_front] size diag: window_inner=2560x1600 hud=2560x1600
[2026-08-17T12:11:24Z INFO  steel_front] size diag: window_inner=2560x1600 hud=2560x1600
[2026-08-17T12:11:24Z INFO  steel_front] size diag: window_inner=2560x1600 hud=2560x1600
[2026-08-17T12:11:25Z INFO  steel_front] cam: yaw=0.0 pitch=0.0 dist=3.4 mode=FirstPerson cycle_us=2591 update_us=41 render_us=2549
[2026-08-17T12:11:25Z INFO  steel_front::engine::game] game: wave=1 enemies=6 enemy_hp=100 hp=0/100 score=0 phys_us=3 ai_us=0 audio_us=14 net_us=0
[2026-08-17T12:11:25Z INFO  steel_front::engine::renderer] visible=65536/65536 near=65536 far=0 fps=364.9 frame_us=2572 cull_us=1 terrain_us=0 wait_fence_us=1967 acquire_us=1 record_us=51 submit_us=56 present_us=209 terrain_lod=high blend=0.000 quality=中画质 marker=61 npc=42
[2026-08-17T12:11:26Z INFO  steel_front] cam: yaw=0.0 pitch=0.0 dist=3.4 mode=FirstPerson cycle_us=2727 update_us=29 render_us=2697
[2026-08-17T12:11:26Z INFO  steel_front::engine::game] game: wave=1 enemies=6 enemy_hp=100 hp=0/100 score=0 phys_us=1 ai_us=0 audio_us=30 net_us=0
[2026-08-17T12:11:26Z INFO  steel_front::engine::renderer] visible=65536/65536 near=65536 far=0 fps=373.7 frame_us=2585 cull_us=0 terrain_us=0 wait_fence_us=1799 acquire_us=0 record_us=93 submit_us=118 present_us=424 terrain_lod=high blend=0.000 quality=中画质 marker=48 npc=42
[2026-08-17T12:11:27Z INFO  steel_front] cam: yaw=0.0 pitch=0.0 dist=3.4 mode=FirstPerson cycle_us=2464 update_us=26 render_us=2438
[2026-08-17T12:11:27Z INFO  steel_front::engine::game] game: wave=1 enemies=6 enemy_hp=100 hp=0/100 score=0 phys_us=1 ai_us=0 audio_us=28 net_us=0
[2026-08-17T12:11:27Z INFO  steel_front::engine::renderer] visible=65536/65536 near=65536 far=0 fps=372.6 frame_us=2192 cull_us=0 terrain_us=0 wait_fence_us=2318 acquire_us=1 record_us=50 submit_us=50 present_us=201 terrain_lod=high blend=0.000 quality=中画质 marker=62 npc=42
[2026-08-17T12:11:28Z INFO  steel_front] cam: yaw=0.0 pitch=0.0 dist=3.4 mode=FirstPerson cycle_us=2590 update_us=21 render_us=2568
[2026-08-17T12:11:28Z INFO  steel_front::engine::game] game: wave=1 enemies=6 enemy_hp=100 hp=0/100 score=0 phys_us=2 ai_us=0 audio_us=15 net_us=0
[2026-08-17T12:11:28Z INFO  steel_front::engine::renderer] visible=65536/65536 near=65536 far=0 fps=374.9 frame_us=2104 cull_us=1 terrain_us=0 wait_fence_us=2462 acquire_us=1 record_us=93 submit_us=29 present_us=164 terrain_lod=high blend=0.000 quality=中画质 marker=49 npc=42
[2026-08-17T12:11:29Z INFO  steel_front] cam: yaw=0.0 pitch=0.0 dist=3.4 mode=FirstPerson cycle_us=2805 update_us=23 render_us=2781
[2026-08-17T12:11:29Z INFO  steel_front::engine::game] game: wave=1 enemies=6 enemy_hp=100 hp=0/100 score=0 phys_us=1 ai_us=0 audio_us=28 net_us=0
[2026-08-17T12:11:29Z INFO  steel_front] size diag: window_inner=2560x1600 hud=2560x1600
[2026-08-17T12:11:29Z INFO  steel_front] size diag: window_inner=2560x1600 hud=2560x1600
[2026-08-17T12:11:29Z INFO  steel_front] size diag: window_inner=2560x1600 hud=2560x1600
[2026-08-17T12:11:29Z INFO  steel_front] size diag: window_inner=2560x1600 hud=2560x1600
[2026-08-17T12:11:29Z INFO  steel_front] size diag: window_inner=2560x1600 hud=2560x1600
[2026-08-17T12:11:29Z INFO  steel_front] size diag: window_inner=2560x1600 hud=2560x1600
[2026-08-17T12:11:29Z INFO  steel_front] size diag: window_inner=2560x1600 hud=2560x1600
[2026-08-17T12:11:29Z INFO  steel_front] size diag: window_inner=2560x1600 hud=2560x1600
[2026-08-17T12:11:29Z INFO  steel_front] size diag: window_inner=2560x1600 hud=2560x1600
[2026-08-17T12:11:29Z INFO  steel_front] size diag: window_inner=2560x1600 hud=2560x1600
[2026-08-17T12:11:29Z INFO  steel_front] size diag: window_inner=2560x1600 hud=2560x1600
[2026-08-17T12:11:29Z INFO  steel_front] size diag: window_inner=2560x1600 hud=2560x1600
[2026-08-17T12:11:29Z INFO  steel_front] size diag: window_inner=2560x1600 hud=2560x1600
[2026-08-17T12:11:29Z INFO  steel_front] size diag: window_inner=2560x1600 hud=2560x1600
[2026-08-17T12:11:29Z INFO  steel_front] size diag: window_inner=2560x1600 hud=2560x1600
[2026-08-17T12:11:29Z INFO  steel_front::engine::renderer] visible=65536/65536 near=65536 far=0 fps=368.2 frame_us=2548 cull_us=0 terrain_us=0 wait_fence_us=1988 acquire_us=1 record_us=43 submit_us=80 present_us=173 terrain_lod=high blend=0.000 quality=中画质 marker=61 npc=42
[2026-08-17T12:11:29Z INFO  steel_front] size diag: window_inner=2560x1600 hud=2560x1600
[2026-08-17T12:11:29Z INFO  steel_front] size diag: window_inner=2560x1600 hud=2560x1600
[2026-08-17T12:11:29Z INFO  steel_front] size diag: window_inner=2560x1600 hud=2560x1600
[2026-08-17T12:11:29Z INFO  steel_front] size diag: window_inner=2560x1600 hud=2560x1600
[2026-08-17T12:11:30Z INFO  steel_front] cam: yaw=0.0 pitch=0.0 dist=3.4 mode=FirstPerson cycle_us=2295 update_us=38 render_us=2256
[2026-08-17T12:11:30Z INFO  steel_front::engine::game] game: wave=1 enemies=6 enemy_hp=100 hp=0/100 score=0 phys_us=4 ai_us=0 audio_us=25 net_us=0
[2026-08-17T12:11:30Z INFO  steel_front::engine::renderer] visible=65536/65536 near=65536 far=0 fps=380.0 frame_us=2484 cull_us=0 terrain_us=0 wait_fence_us=2365 acquire_us=1 record_us=39 submit_us=61 present_us=155 terrain_lod=high blend=0.000 quality=中画质 marker=51 npc=42
[2026-08-17T12:11:31Z INFO  steel_front] cam: yaw=0.0 pitch=0.0 dist=3.4 mode=FirstPerson cycle_us=2549 update_us=18 render_us=2530
[2026-08-17T12:11:31Z INFO  steel_front::engine::game] game: wave=1 enemies=6 enemy_hp=100 hp=0/100 score=0 phys_us=1 ai_us=0 audio_us=27 net_us=0
[2026-08-17T12:11:31Z INFO  steel_front::engine::renderer] visible=65536/65536 near=65536 far=0 fps=381.2 frame_us=2787 cull_us=0 terrain_us=0 wait_fence_us=1891 acquire_us=0 record_us=153 submit_us=105 present_us=431 terrain_lod=high blend=0.000 quality=中画质 marker=62 npc=42
[2026-08-17T12:11:32Z INFO  steel_front] cam: yaw=0.0 pitch=0.0 dist=3.4 mode=FirstPerson cycle_us=2835 update_us=16 render_us=2819
[2026-08-17T12:11:32Z INFO  steel_front::engine::game] game: wave=1 enemies=6 enemy_hp=100 hp=0/100 score=0 phys_us=2 ai_us=0 audio_us=32 net_us=0
[2026-08-17T12:11:32Z INFO  steel_front::engine::renderer] visible=65536/65536 near=65536 far=0 fps=383.5 frame_us=2475 cull_us=0 terrain_us=0 wait_fence_us=2027 acquire_us=1 record_us=53 submit_us=49 present_us=184 terrain_lod=high blend=0.000 quality=中画质 marker=53 npc=42
[2026-08-17T12:11:33Z INFO  steel_front] cam: yaw=0.0 pitch=0.0 dist=3.4 mode=FirstPerson cycle_us=2473 update_us=18 render_us=2454
[2026-08-17T12:11:33Z INFO  steel_front::engine::game] game: wave=1 enemies=6 enemy_hp=100 hp=0/100 score=0 phys_us=2 ai_us=0 audio_us=25 net_us=0
[2026-08-17T12:11:33Z INFO  steel_front::engine::renderer] visible=65536/65536 near=65536 far=0 fps=371.1 frame_us=2380 cull_us=0 terrain_us=0 wait_fence_us=2375 acquire_us=1 record_us=33 submit_us=45 present_us=143 terrain_lod=high blend=0.000 quality=中画质 marker=62 npc=42
[2026-08-17T12:11:34Z INFO  steel_front] cam: yaw=0.0 pitch=0.0 dist=3.4 mode=FirstPerson cycle_us=2446 update_us=39 render_us=2406
[2026-08-17T12:11:34Z INFO  steel_front::engine::game] game: wave=1 enemies=6 enemy_hp=100 hp=0/100 score=0 phys_us=6 ai_us=0 audio_us=26 net_us=0
[2026-08-17T12:11:34Z INFO  steel_front] size diag: window_inner=2560x1600 hud=2560x1600
[2026-08-17T12:11:34Z INFO  steel_front] size diag: window_inner=2560x1600 hud=2560x1600
[2026-08-17T12:11:34Z INFO  steel_front] size diag: window_inner=2560x1600 hud=2560x1600
[2026-08-17T12:11:34Z INFO  steel_front] size diag: window_inner=2560x1600 hud=2560x1600
[2026-08-17T12:11:34Z INFO  steel_front] size diag: window_inner=2560x1600 hud=2560x1600
[2026-08-17T12:11:34Z INFO  steel_front] size diag: window_inner=2560x1600 hud=2560x1600
[2026-08-17T12:11:34Z INFO  steel_front] size diag: window_inner=2560x1600 hud=2560x1600
[2026-08-17T12:11:34Z INFO  steel_front] size diag: window_inner=2560x1600 hud=2560x1600
[2026-08-17T12:11:34Z INFO  steel_front] size diag: window_inner=2560x1600 hud=2560x1600
[2026-08-17T12:11:34Z INFO  steel_front] size diag: window_inner=2560x1600 hud=2560x1600
[2026-08-17T12:11:34Z INFO  steel_front] size diag: window_inner=2560x1600 hud=2560x1600
[2026-08-17T12:11:34Z INFO  steel_front] size diag: window_inner=2560x1600 hud=2560x1600
[2026-08-17T12:11:34Z INFO  steel_front] size diag: window_inner=2560x1600 hud=2560x1600
[2026-08-17T12:11:34Z INFO  steel_front] size diag: window_inner=2560x1600 hud=2560x1600
[2026-08-17T12:11:34Z INFO  steel_front] size diag: window_inner=2560x1600 hud=2560x1600
[2026-08-17T12:11:34Z INFO  steel_front] size diag: window_inner=2560x1600 hud=2560x1600
[2026-08-17T12:11:34Z INFO  steel_front] size diag: window_inner=2560x1600 hud=2560x1600
[2026-08-17T12:11:34Z INFO  steel_front] size diag: window_inner=2560x1600 hud=2560x1600
[2026-08-17T12:11:34Z INFO  steel_front::engine::renderer] visible=65536/65536 near=65536 far=0 fps=380.8 frame_us=2247 cull_us=1 terrain_us=0 wait_fence_us=1933 acquire_us=1 record_us=136 submit_us=44 present_us=249 terrain_lod=high blend=0.000 quality=中画质 marker=53 npc=42
[2026-08-17T12:11:35Z INFO  steel_front] cam: yaw=0.0 pitch=0.0 dist=3.4 mode=FirstPerson cycle_us=3014 update_us=31 render_us=2982
[2026-08-17T12:11:35Z INFO  steel_front::engine::game] game: wave=1 enemies=6 enemy_hp=100 hp=0/100 score=0 phys_us=1 ai_us=0 audio_us=19 net_us=0
[2026-08-17T12:11:35Z INFO  steel_front::engine::renderer] visible=65536/65536 near=65536 far=0 fps=359.7 frame_us=2739 cull_us=1 terrain_us=0 wait_fence_us=2176 acquire_us=1 record_us=58 submit_us=74 present_us=247 terrain_lod=high blend=0.000 quality=中画质 marker=61 npc=42
[2026-08-17T12:11:36Z INFO  steel_front] cam: yaw=0.0 pitch=0.0 dist=3.4 mode=FirstPerson cycle_us=3845 update_us=42 render_us=3803
[2026-08-17T12:11:36Z INFO  steel_front::engine::game] game: wave=1 enemies=6 enemy_hp=100 hp=0/100 score=0 phys_us=2 ai_us=0 audio_us=51 net_us=0
[2026-08-17T12:11:36Z INFO  steel_front::engine::renderer] visible=65536/65536 near=65536 far=0 fps=350.5 frame_us=1660 cull_us=1 terrain_us=0 wait_fence_us=1800 acquire_us=1 record_us=55 submit_us=62 present_us=268 terrain_lod=high blend=0.000 quality=中画质 marker=55 npc=42
[2026-08-17T12:11:37Z INFO  steel_front] cam: yaw=0.0 pitch=0.0 dist=3.4 mode=FirstPerson cycle_us=2400 update_us=29 render_us=2371
[2026-08-17T12:11:37Z INFO  steel_front::engine::game] game: wave=1 enemies=6 enemy_hp=100 hp=0/100 score=0 phys_us=2 ai_us=0 audio_us=25 net_us=0
[2026-08-17T12:11:37Z INFO  steel_front::engine::renderer] visible=65536/65536 near=65536 far=0 fps=367.5 frame_us=2837 cull_us=0 terrain_us=0 wait_fence_us=2570 acquire_us=1 record_us=57 submit_us=51 present_us=203 terrain_lod=high blend=0.000 quality=中画质 marker=61 npc=42
[2026-08-17T12:11:38Z INFO  steel_front] cam: yaw=0.0 pitch=0.0 dist=3.4 mode=FirstPerson cycle_us=2465 update_us=34 render_us=2430
[2026-08-17T12:11:38Z INFO  steel_front::engine::game] game: wave=1 enemies=6 enemy_hp=100 hp=0/100 score=0 phys_us=2 ai_us=0 audio_us=27 net_us=0
[2026-08-17T12:11:38Z INFO  steel_front::engine::renderer] visible=65536/65536 near=65536 far=0 fps=373.3 frame_us=2536 cull_us=0 terrain_us=0 wait_fence_us=1937 acquire_us=0 record_us=39 submit_us=31 present_us=202 terrain_lod=high blend=0.000 quality=中画质 marker=57 npc=42
[2026-08-17T12:11:39Z INFO  steel_front] cam: yaw=0.0 pitch=0.0 dist=3.4 mode=FirstPerson cycle_us=2726 update_us=31 render_us=2694
[2026-08-17T12:11:39Z INFO  steel_front::engine::game] game: wave=1 enemies=6 enemy_hp=100 hp=0/100 score=0 phys_us=2 ai_us=0 audio_us=27 net_us=0
[2026-08-17T12:11:39Z INFO  steel_front] size diag: window_inner=2560x1600 hud=2560x1600
[2026-08-17T12:11:39Z INFO  steel_front] size diag: window_inner=2560x1600 hud=2560x1600
[2026-08-17T12:11:39Z INFO  steel_front] size diag: window_inner=2560x1600 hud=2560x1600
[2026-08-17T12:11:39Z INFO  steel_front] size diag: window_inner=2560x1600 hud=2560x1600
[2026-08-17T12:11:39Z INFO  steel_front] size diag: window_inner=2560x1600 hud=2560x1600
[2026-08-17T12:11:39Z INFO  steel_front] size diag: window_inner=2560x1600 hud=2560x1600
[2026-08-17T12:11:39Z INFO  steel_front] size diag: window_inner=2560x1600 hud=2560x1600
[2026-08-17T12:11:39Z INFO  steel_front] size diag: window_inner=2560x1600 hud=2560x1600
[2026-08-17T12:11:39Z INFO  steel_front] size diag: window_inner=2560x1600 hud=2560x1600
[2026-08-17T12:11:39Z INFO  steel_front] size diag: window_inner=2560x1600 hud=2560x1600
[2026-08-17T12:11:39Z INFO  steel_front] size diag: window_inner=2560x1600 hud=2560x1600
[2026-08-17T12:11:39Z INFO  steel_front] size diag: window_inner=2560x1600 hud=2560x1600
[2026-08-17T12:11:39Z INFO  steel_front] size diag: window_inner=2560x1600 hud=2560x1600
[2026-08-17T12:11:39Z INFO  steel_front] size diag: window_inner=2560x1600 hud=2560x1600
[2026-08-17T12:11:39Z INFO  steel_front] size diag: window_inner=2560x1600 hud=2560x1600
[2026-08-17T12:11:39Z INFO  steel_front] size diag: window_inner=2560x1600 hud=2560x1600
[2026-08-17T12:11:39Z INFO  steel_front] size diag: window_inner=2560x1600 hud=2560x1600
[2026-08-17T12:11:39Z INFO  steel_front] size diag: window_inner=2560x1600 hud=2560x1600
[2026-08-17T12:11:39Z INFO  steel_front] size diag: window_inner=2560x1600 hud=2560x1600
[2026-08-17T12:11:39Z INFO  steel_front::engine::renderer] visible=65536/65536 near=65536 far=0 fps=374.5 frame_us=2622 cull_us=0 terrain_us=0 wait_fence_us=2085 acquire_us=1 record_us=46 submit_us=40 present_us=272 terrain_lod=high blend=0.000 quality=中画质 marker=62 npc=42
[2026-08-17T12:11:40Z INFO  steel_front] cam: yaw=0.0 pitch=0.0 dist=3.4 mode=FirstPerson cycle_us=2816 update_us=30 render_us=2785
[2026-08-17T12:11:40Z INFO  steel_front::engine::game] game: wave=1 enemies=6 enemy_hp=100 hp=0/100 score=0 phys_us=1 ai_us=0 audio_us=25 net_us=0
[2026-08-17T12:11:40Z INFO  steel_front::engine::renderer] visible=65536/65536 near=65536 far=0 fps=374.1 frame_us=2547 cull_us=0 terrain_us=0 wait_fence_us=2402 acquire_us=1 record_us=24 submit_us=18 present_us=390 terrain_lod=high blend=0.000 quality=中画质 marker=58 npc=42
[2026-08-17T12:11:41Z INFO  steel_front] cam: yaw=0.0 pitch=0.0 dist=3.4 mode=FirstPerson cycle_us=2533 update_us=39 render_us=2494
[2026-08-17T12:11:41Z INFO  steel_front::engine::game] game: wave=1 enemies=6 enemy_hp=100 hp=0/100 score=0 phys_us=1 ai_us=0 audio_us=14 net_us=0
[2026-08-17T12:11:41Z INFO  steel_front::engine::renderer] visible=65536/65536 near=65536 far=0 fps=372.0 frame_us=2909 cull_us=0 terrain_us=0 wait_fence_us=1988 acquire_us=1 record_us=46 submit_us=33 present_us=519 terrain_lod=high blend=0.000 quality=中画质 marker=62 npc=42
[2026-08-17T12:11:42Z INFO  steel_front] cam: yaw=0.0 pitch=0.0 dist=3.4 mode=FirstPerson cycle_us=2696 update_us=33 render_us=2662
[2026-08-17T12:11:42Z INFO  steel_front::engine::game] game: wave=1 enemies=6 enemy_hp=100 hp=0/100 score=0 phys_us=2 ai_us=0 audio_us=12 net_us=0
[2026-08-17T12:11:42Z INFO  steel_front::engine::renderer] visible=65536/65536 near=65536 far=0 fps=373.3 frame_us=2495 cull_us=0 terrain_us=0 wait_fence_us=1963 acquire_us=1 record_us=39 submit_us=31 present_us=196 terrain_lod=high blend=0.000 quality=中画质 marker=61 npc=42
[2026-08-17T12:11:43Z INFO  steel_front] cam: yaw=0.0 pitch=0.0 dist=3.4 mode=FirstPerson cycle_us=2681 update_us=34 render_us=2646
[2026-08-17T12:11:43Z INFO  steel_front::engine::game] game: wave=1 enemies=6 enemy_hp=100 hp=0/100 score=0 phys_us=1 ai_us=0 audio_us=12 net_us=0
[2026-08-17T12:11:43Z INFO  steel_front::engine::renderer] visible=65536/65536 near=65536 far=0 fps=377.7 frame_us=2908 cull_us=1 terrain_us=0 wait_fence_us=2264 acquire_us=1 record_us=24 submit_us=35 present_us=140 terrain_lod=high blend=0.000 quality=中画质 marker=62 npc=42
[2026-08-17T12:11:44Z INFO  steel_front] cam: yaw=0.0 pitch=0.0 dist=3.4 mode=FirstPerson cycle_us=2361 update_us=86 render_us=2275
[2026-08-17T12:11:44Z INFO  steel_front::engine::game] game: wave=1 enemies=6 enemy_hp=100 hp=0/100 score=0 phys_us=2 ai_us=0 audio_us=26 net_us=0
[2026-08-17T12:11:44Z INFO  steel_front] size diag: window_inner=2560x1600 hud=2560x1600
[2026-08-17T12:11:44Z INFO  steel_front] size diag: window_inner=2560x1600 hud=2560x1600
[2026-08-17T12:11:44Z INFO  steel_front] size diag: window_inner=2560x1600 hud=2560x1600
[2026-08-17T12:11:44Z INFO  steel_front] size diag: window_inner=2560x1600 hud=2560x1600
[2026-08-17T12:11:44Z INFO  steel_front] size diag: window_inner=2560x1600 hud=2560x1600
[2026-08-17T12:11:44Z INFO  steel_front] size diag: window_inner=2560x1600 hud=2560x1600
[2026-08-17T12:11:44Z INFO  steel_front] size diag: window_inner=2560x1600 hud=2560x1600
[2026-08-17T12:11:44Z INFO  steel_front] size diag: window_inner=2560x1600 hud=2560x1600
[2026-08-17T12:11:44Z INFO  steel_front] size diag: window_inner=2560x1600 hud=2560x1600
[2026-08-17T12:11:44Z INFO  steel_front] size diag: window_inner=2560x1600 hud=2560x1600
[2026-08-17T12:11:44Z INFO  steel_front] size diag: window_inner=2560x1600 hud=2560x1600
[2026-08-17T12:11:44Z INFO  steel_front] size diag: window_inner=2560x1600 hud=2560x1600
[2026-08-17T12:11:44Z INFO  steel_front] size diag: window_inner=2560x1600 hud=2560x1600
[2026-08-17T12:11:44Z INFO  steel_front] size diag: window_inner=2560x1600 hud=2560x1600
[2026-08-17T12:11:44Z INFO  steel_front] size diag: window_inner=2560x1600 hud=2560x1600
[2026-08-17T12:11:44Z INFO  steel_front] size diag: window_inner=2560x1600 hud=2560x1600
[2026-08-17T12:11:44Z INFO  steel_front] size diag: window_inner=2560x1600 hud=2560x1600
[2026-08-17T12:11:44Z INFO  steel_front] size diag: window_inner=2560x1600 hud=2560x1600
[2026-08-17T12:11:44Z INFO  steel_front] size diag: window_inner=2560x1600 hud=2560x1600
[2026-08-17T12:11:44Z INFO  steel_front::engine::renderer] visible=65536/65536 near=65536 far=0 fps=375.2 frame_us=2150 cull_us=0 terrain_us=0 wait_fence_us=2596 acquire_us=1 record_us=23 submit_us=19 present_us=183 terrain_lod=high blend=0.000 quality=中画质 marker=62 npc=42
[2026-08-17T12:11:45Z INFO  steel_front] cam: yaw=0.0 pitch=0.0 dist=3.4 mode=FirstPerson cycle_us=2824 update_us=31 render_us=2792
[2026-08-17T12:11:45Z INFO  steel_front::engine::game] game: wave=1 enemies=6 enemy_hp=100 hp=0/100 score=0 phys_us=2 ai_us=0 audio_us=37 net_us=0
[2026-08-17T12:11:45Z INFO  steel_front::engine::renderer] visible=65536/65536 near=65536 far=0 fps=363.4 frame_us=3340 cull_us=0 terrain_us=0 wait_fence_us=2372 acquire_us=1 record_us=46 submit_us=39 present_us=257 terrain_lod=high blend=0.000 quality=中画质 marker=54 npc=42
[2026-08-17T12:11:46Z INFO  steel_front] cam: yaw=0.0 pitch=0.0 dist=3.4 mode=FirstPerson cycle_us=3230 update_us=33 render_us=3196
[2026-08-17T12:11:46Z INFO  steel_front::engine::game] game: wave=1 enemies=6 enemy_hp=100 hp=0/100 score=0 phys_us=5 ai_us=0 audio_us=24 net_us=0
[2026-08-17T12:11:46Z INFO  steel_front::engine::renderer] visible=65536/65536 near=65536 far=0 fps=366.1 frame_us=2658 cull_us=0 terrain_us=0 wait_fence_us=2451 acquire_us=1 record_us=19 submit_us=20 present_us=367 terrain_lod=high blend=0.000 quality=中画质 marker=61 npc=42
[2026-08-17T12:11:47Z INFO  steel_front] cam: yaw=0.0 pitch=0.0 dist=3.4 mode=FirstPerson cycle_us=2607 update_us=34 render_us=2572
[2026-08-17T12:11:47Z INFO  steel_front::engine::game] game: wave=1 enemies=6 enemy_hp=100 hp=0/100 score=0 phys_us=2 ai_us=0 audio_us=16 net_us=0
[2026-08-17T12:11:47Z INFO  steel_front::engine::renderer] visible=65536/65536 near=65536 far=0 fps=364.5 frame_us=2400 cull_us=0 terrain_us=0 wait_fence_us=1920 acquire_us=1 record_us=40 submit_us=32 present_us=222 terrain_lod=high blend=0.000 quality=中画质 marker=62 npc=42
[2026-08-17T12:11:48Z INFO  steel_front] cam: yaw=0.0 pitch=0.0 dist=3.4 mode=FirstPerson cycle_us=2531 update_us=32 render_us=2499
[2026-08-17T12:11:48Z INFO  steel_front::engine::game] game: wave=1 enemies=6 enemy_hp=100 hp=0/100 score=0 phys_us=2 ai_us=0 audio_us=25 net_us=0
[2026-08-17T12:11:48Z INFO  steel_front::engine::renderer] visible=65536/65536 near=65536 far=0 fps=370.8 frame_us=2765 cull_us=0 terrain_us=0 wait_fence_us=1937 acquire_us=1 record_us=40 submit_us=34 present_us=205 terrain_lod=high blend=0.000 quality=中画质 marker=61 npc=42
[2026-08-17T12:11:49Z INFO  steel_front] cam: yaw=0.0 pitch=0.0 dist=3.4 mode=FirstPerson cycle_us=2822 update_us=24 render_us=2797
[2026-08-17T12:11:49Z INFO  steel_front::engine::game] game: wave=1 enemies=6 enemy_hp=100 hp=0/100 score=0 phys_us=1 ai_us=0 audio_us=18 net_us=0
[2026-08-17T12:11:49Z INFO  steel_front] size diag: window_inner=2560x1600 hud=2560x1600
[2026-08-17T12:11:49Z INFO  steel_front] size diag: window_inner=2560x1600 hud=2560x1600
[2026-08-17T12:11:49Z INFO  steel_front] size diag: window_inner=2560x1600 hud=2560x1600
[2026-08-17T12:11:49Z INFO  steel_front] size diag: window_inner=2560x1600 hud=2560x1600
[2026-08-17T12:11:49Z INFO  steel_front] size diag: window_inner=2560x1600 hud=2560x1600
[2026-08-17T12:11:49Z INFO  steel_front] size diag: window_inner=2560x1600 hud=2560x1600
[2026-08-17T12:11:49Z INFO  steel_front] size diag: window_inner=2560x1600 hud=2560x1600
[2026-08-17T12:11:49Z INFO  steel_front] size diag: window_inner=2560x1600 hud=2560x1600
[2026-08-17T12:11:49Z INFO  steel_front] size diag: window_inner=2560x1600 hud=2560x1600
[2026-08-17T12:11:49Z INFO  steel_front] size diag: window_inner=2560x1600 hud=2560x1600
[2026-08-17T12:11:49Z INFO  steel_front] size diag: window_inner=2560x1600 hud=2560x1600
[2026-08-17T12:11:49Z INFO  steel_front] size diag: window_inner=2560x1600 hud=2560x1600
[2026-08-17T12:11:49Z INFO  steel_front] size diag: window_inner=2560x1600 hud=2560x1600
[2026-08-17T12:11:49Z INFO  steel_front] size diag: window_inner=2560x1600 hud=2560x1600
[2026-08-17T12:11:49Z INFO  steel_front] size diag: window_inner=2560x1600 hud=2560x1600
[2026-08-17T12:11:49Z INFO  steel_front] size diag: window_inner=2560x1600 hud=2560x1600
[2026-08-17T12:11:49Z INFO  steel_front] size diag: window_inner=2560x1600 hud=2560x1600
[2026-08-17T12:11:49Z INFO  steel_front] size diag: window_inner=2560x1600 hud=2560x1600
[2026-08-17T12:11:49Z INFO  steel_front] size diag: window_inner=2560x1600 hud=2560x1600
[2026-08-17T12:11:49Z INFO  steel_front::engine::renderer] visible=65536/65536 near=65536 far=0 fps=373.8 frame_us=2589 cull_us=0 terrain_us=0 wait_fence_us=2083 acquire_us=1 record_us=48 submit_us=43 present_us=274 terrain_lod=high blend=0.000 quality=中画质 marker=62 npc=42
[2026-08-17T12:11:50Z INFO  steel_front] cam: yaw=0.0 pitch=0.0 dist=3.4 mode=FirstPerson cycle_us=2639 update_us=29 render_us=2609
[2026-08-17T12:11:50Z INFO  steel_front::engine::game] game: wave=1 enemies=6 enemy_hp=100 hp=0/100 score=0 phys_us=2 ai_us=0 audio_us=15 net_us=0
[2026-08-17T12:11:50Z INFO  steel_front::engine::renderer] visible=65536/65536 near=65536 far=0 fps=383.4 frame_us=2283 cull_us=0 terrain_us=0 wait_fence_us=2241 acquire_us=1 record_us=41 submit_us=29 present_us=299 terrain_lod=high blend=0.000 quality=中画质 marker=62 npc=42
[2026-08-17T12:11:51Z INFO  steel_front] cam: yaw=0.0 pitch=0.0 dist=3.4 mode=FirstPerson cycle_us=2450 update_us=34 render_us=2415
[2026-08-17T12:11:51Z INFO  steel_front::engine::game] game: wave=1 enemies=6 enemy_hp=100 hp=0/100 score=0 phys_us=1 ai_us=0 audio_us=29 net_us=0
[2026-08-17T12:11:51Z INFO  steel_front::engine::renderer] visible=65536/65536 near=65536 far=0 fps=383.7 frame_us=2382 cull_us=0 terrain_us=0 wait_fence_us=1959 acquire_us=0 record_us=44 submit_us=120 present_us=236 terrain_lod=high blend=0.000 quality=中画质 marker=62 npc=42
[2026-08-17T12:11:52Z INFO  steel_front] cam: yaw=0.0 pitch=0.0 dist=3.4 mode=FirstPerson cycle_us=2458 update_us=34 render_us=2423
[2026-08-17T12:11:52Z INFO  steel_front::engine::game] game: wave=1 enemies=6 enemy_hp=100 hp=0/100 score=0 phys_us=1 ai_us=0 audio_us=26 net_us=0
[2026-08-17T12:11:52Z INFO  steel_front::engine::renderer] visible=65536/65536 near=65536 far=0 fps=371.7 frame_us=2679 cull_us=0 terrain_us=0 wait_fence_us=1935 acquire_us=0 record_us=40 submit_us=30 present_us=198 terrain_lod=high blend=0.000 quality=中画质 marker=62 npc=42
[2026-08-17T12:11:53Z INFO  steel_front] cam: yaw=0.0 pitch=0.0 dist=3.4 mode=FirstPerson cycle_us=2630 update_us=32 render_us=2598
[2026-08-17T12:11:53Z INFO  steel_front::engine::game] game: wave=1 enemies=6 enemy_hp=100 hp=0/100 score=0 phys_us=2 ai_us=0 audio_us=12 net_us=0
[2026-08-17T12:11:53Z INFO  steel_front::engine::renderer] visible=65536/65536 near=65536 far=0 fps=382.8 frame_us=2204 cull_us=0 terrain_us=0 wait_fence_us=1935 acquire_us=0 record_us=39 submit_us=36 present_us=195 terrain_lod=high blend=0.000 quality=中画质 marker=62 npc=42
[2026-08-17T12:11:54Z INFO  steel_front] cam: yaw=0.0 pitch=0.0 dist=3.4 mode=FirstPerson cycle_us=2706 update_us=31 render_us=2674
[2026-08-17T12:11:54Z INFO  steel_front::engine::game] game: wave=1 enemies=6 enemy_hp=100 hp=0/100 score=0 phys_us=2 ai_us=0 audio_us=11 net_us=0
[2026-08-17T12:11:54Z INFO  steel_front] size diag: window_inner=2560x1600 hud=2560x1600
[2026-08-17T12:11:54Z INFO  steel_front] size diag: window_inner=2560x1600 hud=2560x1600
[2026-08-17T12:11:54Z INFO  steel_front] size diag: window_inner=2560x1600 hud=2560x1600
[2026-08-17T12:11:54Z INFO  steel_front] size diag: window_inner=2560x1600 hud=2560x1600
[2026-08-17T12:11:54Z INFO  steel_front] size diag: window_inner=2560x1600 hud=2560x1600
[2026-08-17T12:11:54Z INFO  steel_front] size diag: window_inner=2560x1600 hud=2560x1600
[2026-08-17T12:11:54Z INFO  steel_front] size diag: window_inner=2560x1600 hud=2560x1600
[2026-08-17T12:11:54Z INFO  steel_front] size diag: window_inner=2560x1600 hud=2560x1600
[2026-08-17T12:11:54Z INFO  steel_front] size diag: window_inner=2560x1600 hud=2560x1600
[2026-08-17T12:11:54Z INFO  steel_front] size diag: window_inner=2560x1600 hud=2560x1600
[2026-08-17T12:11:54Z INFO  steel_front] size diag: window_inner=2560x1600 hud=2560x1600
[2026-08-17T12:11:54Z INFO  steel_front] size diag: window_inner=2560x1600 hud=2560x1600
[2026-08-17T12:11:54Z INFO  steel_front] size diag: window_inner=2560x1600 hud=2560x1600
[2026-08-17T12:11:54Z INFO  steel_front] size diag: window_inner=2560x1600 hud=2560x1600
[2026-08-17T12:11:54Z INFO  steel_front] size diag: window_inner=2560x1600 hud=2560x1600
[2026-08-17T12:11:54Z INFO  steel_front] size diag: window_inner=2560x1600 hud=2560x1600
[2026-08-17T12:11:54Z INFO  steel_front] size diag: window_inner=2560x1600 hud=2560x1600
[2026-08-17T12:11:54Z INFO  steel_front] size diag: window_inner=2560x1600 hud=2560x1600
[2026-08-17T12:11:54Z INFO  steel_front] size diag: window_inner=2560x1600 hud=2560x1600
[2026-08-17T12:11:54Z INFO  steel_front::engine::renderer] visible=65536/65536 near=65536 far=0 fps=383.2 frame_us=2205 cull_us=0 terrain_us=0 wait_fence_us=2327 acquire_us=1 record_us=41 submit_us=30 present_us=246 terrain_lod=high blend=0.000 quality=中画质 marker=61 npc=42
[2026-08-17T12:11:55Z INFO  steel_front] cam: yaw=0.0 pitch=0.0 dist=3.4 mode=FirstPerson cycle_us=2344 update_us=24 render_us=2319
[2026-08-17T12:11:55Z INFO  steel_front::engine::game] game: wave=1 enemies=6 enemy_hp=100 hp=0/100 score=0 phys_us=3 ai_us=0 audio_us=313 net_us=0
[2026-08-17T12:11:55Z INFO  steel_front::engine::renderer] visible=65536/65536 near=65536 far=0 fps=356.2 frame_us=2460 cull_us=0 terrain_us=0 wait_fence_us=2096 acquire_us=1 record_us=25 submit_us=36 present_us=147 terrain_lod=high blend=0.000 quality=中画质 marker=62 npc=42
[2026-08-17T12:11:56Z INFO  steel_front] cam: yaw=0.0 pitch=0.0 dist=3.4 mode=FirstPerson cycle_us=2394 update_us=34 render_us=2359
[2026-08-17T12:11:56Z INFO  steel_front::engine::game] game: wave=1 enemies=6 enemy_hp=100 hp=0/100 score=0 phys_us=2 ai_us=0 audio_us=22 net_us=0
[2026-08-17T12:11:56Z INFO  steel_front::engine::renderer] visible=65536/65536 near=65536 far=0 fps=367.4 frame_us=2337 cull_us=0 terrain_us=0 wait_fence_us=2150 acquire_us=1 record_us=46 submit_us=39 present_us=289 terrain_lod=high blend=0.000 quality=中画质 marker=61 npc=42
[2026-08-17T12:11:57Z INFO  steel_front] cam: yaw=0.0 pitch=0.0 dist=3.4 mode=FirstPerson cycle_us=2506 update_us=21 render_us=2484
[2026-08-17T12:11:57Z INFO  steel_front::engine::game] game: wave=1 enemies=6 enemy_hp=100 hp=0/100 score=0 phys_us=1 ai_us=0 audio_us=14 net_us=0
[2026-08-17T12:11:57Z INFO  steel_front::engine::renderer] visible=65536/65536 near=65536 far=0 fps=374.6 frame_us=2293 cull_us=0 terrain_us=0 wait_fence_us=2247 acquire_us=1 record_us=40 submit_us=31 present_us=268 terrain_lod=high blend=0.000 quality=中画质 marker=62 npc=42
[2026-08-17T12:11:58Z INFO  steel_front] cam: yaw=0.0 pitch=0.0 dist=3.4 mode=FirstPerson cycle_us=3036 update_us=31 render_us=3005
[2026-08-17T12:11:58Z INFO  steel_front::engine::game] game: wave=1 enemies=6 enemy_hp=100 hp=0/100 score=0 phys_us=1 ai_us=0 audio_us=16 net_us=0
[2026-08-17T12:11:58Z INFO  steel_front::engine::renderer] visible=65536/65536 near=65536 far=0 fps=372.5 frame_us=2716 cull_us=2 terrain_us=0 wait_fence_us=1759 acquire_us=1 record_us=129 submit_us=57 present_us=307 terrain_lod=high blend=0.000 quality=中画质 marker=61 npc=42
[2026-08-17T12:11:59Z INFO  steel_front] cam: yaw=0.0 pitch=0.0 dist=3.4 mode=FirstPerson cycle_us=2320 update_us=18 render_us=2301
[2026-08-17T12:11:59Z INFO  steel_front::engine::game] game: wave=1 enemies=6 enemy_hp=100 hp=0/100 score=0 phys_us=2 ai_us=0 audio_us=28 net_us=0
[2026-08-17T12:11:59Z INFO  steel_front] size diag: window_inner=2560x1600 hud=2560x1600
[2026-08-17T12:11:59Z INFO  steel_front] size diag: window_inner=2560x1600 hud=2560x1600
[2026-08-17T12:11:59Z INFO  steel_front] size diag: window_inner=2560x1600 hud=2560x1600
[2026-08-17T12:11:59Z INFO  steel_front] size diag: window_inner=2560x1600 hud=2560x1600
[2026-08-17T12:11:59Z INFO  steel_front] size diag: window_inner=2560x1600 hud=2560x1600
[2026-08-17T12:11:59Z INFO  steel_front] size diag: window_inner=2560x1600 hud=2560x1600
[2026-08-17T12:11:59Z INFO  steel_front] size diag: window_inner=2560x1600 hud=2560x1600
[2026-08-17T12:11:59Z INFO  steel_front] size diag: window_inner=2560x1600 hud=2560x1600
[2026-08-17T12:11:59Z INFO  steel_front] size diag: window_inner=2560x1600 hud=2560x1600
[2026-08-17T12:11:59Z INFO  steel_front] size diag: window_inner=2560x1600 hud=2560x1600
[2026-08-17T12:11:59Z INFO  steel_front] size diag: window_inner=2560x1600 hud=2560x1600
[2026-08-17T12:11:59Z INFO  steel_front] size diag: window_inner=2560x1600 hud=2560x1600
[2026-08-17T12:11:59Z INFO  steel_front] size diag: window_inner=2560x1600 hud=2560x1600
[2026-08-17T12:11:59Z INFO  steel_front] size diag: window_inner=2560x1600 hud=2560x1600
[2026-08-17T12:11:59Z INFO  steel_front] size diag: window_inner=2560x1600 hud=2560x1600
[2026-08-17T12:11:59Z INFO  steel_front] size diag: window_inner=2560x1600 hud=2560x1600
[2026-08-17T12:11:59Z INFO  steel_front] size diag: window_inner=2560x1600 hud=2560x1600
[2026-08-17T12:11:59Z INFO  steel_front] size diag: window_inner=2560x1600 hud=2560x1600
[2026-08-17T12:11:59Z INFO  steel_front::engine::renderer] visible=65536/65536 near=65536 far=0 fps=373.1 frame_us=2060 cull_us=0 terrain_us=0 wait_fence_us=2457 acquire_us=1 record_us=26 submit_us=23 present_us=165 terrain_lod=high blend=0.000 quality=中画质 marker=62 npc=42
[2026-08-17T12:12:00Z INFO  steel_front] cam: yaw=0.0 pitch=0.0 dist=3.4 mode=FirstPerson cycle_us=2435 update_us=18 render_us=2416
[2026-08-17T12:12:00Z INFO  steel_front::engine::game] game: wave=1 enemies=6 enemy_hp=100 hp=0/100 score=0 phys_us=1 ai_us=0 audio_us=24 net_us=0
[2026-08-17T12:12:00Z INFO  steel_front::engine::renderer] visible=65536/65536 near=65536 far=0 fps=376.2 frame_us=2706 cull_us=0 terrain_us=0 wait_fence_us=1947 acquire_us=1 record_us=40 submit_us=35 present_us=202 terrain_lod=high blend=0.000 quality=中画质 marker=62 npc=42
[2026-08-17T12:12:01Z INFO  steel_front] cam: yaw=0.0 pitch=0.0 dist=3.4 mode=FirstPerson cycle_us=2821 update_us=31 render_us=2790
[2026-08-17T12:12:01Z INFO  steel_front::engine::game] game: wave=1 enemies=6 enemy_hp=100 hp=0/100 score=0 phys_us=2 ai_us=0 audio_us=27 net_us=0
[2026-08-17T12:12:01Z INFO  steel_front::engine::renderer] visible=65536/65536 near=65536 far=0 fps=375.3 frame_us=2164 cull_us=0 terrain_us=0 wait_fence_us=2202 acquire_us=0 record_us=52 submit_us=36 present_us=182 terrain_lod=high blend=0.000 quality=中画质 marker=62 npc=42
[2026-08-17T12:12:02Z INFO  steel_front] cam: yaw=0.0 pitch=0.0 dist=3.4 mode=FirstPerson cycle_us=2524 update_us=18 render_us=2506
[2026-08-17T12:12:02Z INFO  steel_front::engine::game] game: wave=1 enemies=6 enemy_hp=100 hp=0/100 score=0 phys_us=2 ai_us=0 audio_us=29 net_us=0
[2026-08-17T12:12:02Z INFO  steel_front::engine::renderer] visible=65536/65536 near=65536 far=0 fps=372.7 frame_us=2946 cull_us=1 terrain_us=0 wait_fence_us=2324 acquire_us=1 record_us=44 submit_us=31 present_us=388 terrain_lod=high blend=0.000 quality=中画质 marker=61 npc=42
[2026-08-17T12:12:03Z INFO  steel_front] cam: yaw=0.0 pitch=0.0 dist=3.4 mode=FirstPerson cycle_us=2830 update_us=41 render_us=2788
[2026-08-17T12:12:03Z INFO  steel_front::engine::game] game: wave=1 enemies=6 enemy_hp=100 hp=0/100 score=0 phys_us=1 ai_us=0 audio_us=23 net_us=0
[2026-08-17T12:12:03Z INFO  steel_front::engine::renderer] visible=65536/65536 near=65536 far=0 fps=368.9 frame_us=2566 cull_us=2 terrain_us=0 wait_fence_us=2430 acquire_us=1 record_us=62 submit_us=79 present_us=371 terrain_lod=high blend=0.000 quality=中画质 marker=61 npc=42
[2026-08-17T12:12:04Z INFO  steel_front] cam: yaw=0.0 pitch=0.0 dist=3.4 mode=FirstPerson cycle_us=3405 update_us=19 render_us=3385
[2026-08-17T12:12:04Z INFO  steel_front::engine::game] game: wave=1 enemies=6 enemy_hp=100 hp=0/100 score=0 phys_us=2 ai_us=0 audio_us=29 net_us=0
[2026-08-17T12:12:04Z INFO  steel_front] size diag: window_inner=2560x1600 hud=2560x1600
[2026-08-17T12:12:04Z INFO  steel_front] size diag: window_inner=2560x1600 hud=2560x1600
[2026-08-17T12:12:04Z INFO  steel_front] size diag: window_inner=2560x1600 hud=2560x1600
[2026-08-17T12:12:04Z INFO  steel_front] size diag: window_inner=2560x1600 hud=2560x1600
[2026-08-17T12:12:04Z INFO  steel_front] size diag: window_inner=2560x1600 hud=2560x1600
[2026-08-17T12:12:04Z INFO  steel_front] size diag: window_inner=2560x1600 hud=2560x1600
[2026-08-17T12:12:04Z INFO  steel_front] size diag: window_inner=2560x1600 hud=2560x1600
[2026-08-17T12:12:04Z INFO  steel_front] size diag: window_inner=2560x1600 hud=2560x1600
[2026-08-17T12:12:04Z INFO  steel_front] size diag: window_inner=2560x1600 hud=2560x1600
[2026-08-17T12:12:04Z INFO  steel_front] size diag: window_inner=2560x1600 hud=2560x1600
[2026-08-17T12:12:04Z INFO  steel_front] size diag: window_inner=2560x1600 hud=2560x1600
[2026-08-17T12:12:04Z INFO  steel_front] size diag: window_inner=2560x1600 hud=2560x1600
[2026-08-17T12:12:04Z INFO  steel_front] size diag: window_inner=2560x1600 hud=2560x1600
[2026-08-17T12:12:04Z INFO  steel_front] size diag: window_inner=2560x1600 hud=2560x1600
[2026-08-17T12:12:04Z INFO  steel_front] size diag: window_inner=2560x1600 hud=2560x1600
[2026-08-17T12:12:04Z INFO  steel_front] size diag: window_inner=2560x1600 hud=2560x1600
[2026-08-17T12:12:04Z INFO  steel_front] size diag: window_inner=2560x1600 hud=2560x1600
[2026-08-17T12:12:04Z INFO  steel_front] size diag: window_inner=2560x1600 hud=2560x1600
[2026-08-17T12:12:04Z INFO  steel_front::engine::renderer] visible=65536/65536 near=65536 far=0 fps=362.5 frame_us=2343 cull_us=0 terrain_us=0 wait_fence_us=1902 acquire_us=1 record_us=50 submit_us=44 present_us=205 terrain_lod=high blend=0.000 quality=中画质 marker=62 npc=42
[2026-08-17T12:12:05Z INFO  steel_front] cam: yaw=0.0 pitch=0.0 dist=3.4 mode=FirstPerson cycle_us=2781 update_us=36 render_us=2745
[2026-08-17T12:12:05Z INFO  steel_front::engine::game] game: wave=1 enemies=6 enemy_hp=100 hp=0/100 score=0 phys_us=1 ai_us=0 audio_us=33 net_us=0
[2026-08-17T12:12:05Z INFO  steel_front::engine::renderer] visible=65536/65536 near=65536 far=0 fps=372.4 frame_us=2240 cull_us=1 terrain_us=0 wait_fence_us=2232 acquire_us=1 record_us=53 submit_us=51 present_us=221 terrain_lod=high blend=0.000 quality=中画质 marker=62 npc=42
[2026-08-17T12:12:06Z INFO  steel_front] cam: yaw=0.0 pitch=0.0 dist=3.4 mode=FirstPerson cycle_us=2718 update_us=20 render_us=2698
[2026-08-17T12:12:06Z INFO  steel_front::engine::game] game: wave=1 enemies=6 enemy_hp=100 hp=0/100 score=0 phys_us=2 ai_us=0 audio_us=27 net_us=0
[2026-08-17T12:12:06Z INFO  steel_front::engine::renderer] visible=65536/65536 near=65536 far=0 fps=371.1 frame_us=2677 cull_us=0 terrain_us=0 wait_fence_us=1951 acquire_us=1 record_us=52 submit_us=51 present_us=216 terrain_lod=high blend=0.000 quality=中画质 marker=62 npc=42
[2026-08-17T12:12:07Z INFO  steel_front] cam: yaw=0.0 pitch=0.0 dist=3.4 mode=FirstPerson cycle_us=2875 update_us=30 render_us=2845
[2026-08-17T12:12:07Z INFO  steel_front::engine::game] game: wave=1 enemies=6 enemy_hp=100 hp=0/100 score=0 phys_us=3 ai_us=0 audio_us=18 net_us=0
[2026-08-17T12:12:07Z INFO  steel_front::engine::renderer] visible=65536/65536 near=65536 far=0 fps=373.8 frame_us=2247 cull_us=0 terrain_us=0 wait_fence_us=1999 acquire_us=1 record_us=49 submit_us=54 present_us=217 terrain_lod=high blend=0.000 quality=中画质 marker=62 npc=42
[2026-08-17T12:12:08Z INFO  steel_front] cam: yaw=0.0 pitch=0.0 dist=3.4 mode=FirstPerson cycle_us=2281 update_us=34 render_us=2247
[2026-08-17T12:12:08Z INFO  steel_front::engine::game] game: wave=1 enemies=6 enemy_hp=100 hp=0/100 score=0 phys_us=3 ai_us=1 audio_us=14 net_us=0
[2026-08-17T12:12:08Z INFO  steel_front::engine::renderer] visible=65536/65536 near=65536 far=0 fps=373.4 frame_us=2528 cull_us=0 terrain_us=0 wait_fence_us=2179 acquire_us=1 record_us=54 submit_us=56 present_us=283 terrain_lod=high blend=0.000 quality=中画质 marker=62 npc=42
[2026-08-17T12:12:09Z INFO  steel_front] cam: yaw=0.0 pitch=0.0 dist=3.4 mode=FirstPerson cycle_us=2765 update_us=30 render_us=2734
[2026-08-17T12:12:09Z INFO  steel_front::engine::game] game: wave=1 enemies=6 enemy_hp=100 hp=0/100 score=0 phys_us=4 ai_us=0 audio_us=23 net_us=0
[2026-08-17T12:12:09Z INFO  steel_front] size diag: window_inner=2560x1600 hud=2560x1600
[2026-08-17T12:12:09Z INFO  steel_front] size diag: window_inner=2560x1600 hud=2560x1600
[2026-08-17T12:12:09Z INFO  steel_front] size diag: window_inner=2560x1600 hud=2560x1600
[2026-08-17T12:12:09Z INFO  steel_front] size diag: window_inner=2560x1600 hud=2560x1600
[2026-08-17T12:12:09Z INFO  steel_front] size diag: window_inner=2560x1600 hud=2560x1600
[2026-08-17T12:12:09Z INFO  steel_front] size diag: window_inner=2560x1600 hud=2560x1600
[2026-08-17T12:12:09Z INFO  steel_front] size diag: window_inner=2560x1600 hud=2560x1600
[2026-08-17T12:12:09Z INFO  steel_front] size diag: window_inner=2560x1600 hud=2560x1600
[2026-08-17T12:12:09Z INFO  steel_front] size diag: window_inner=2560x1600 hud=2560x1600
[2026-08-17T12:12:09Z INFO  steel_front] size diag: window_inner=2560x1600 hud=2560x1600
[2026-08-17T12:12:09Z INFO  steel_front] size diag: window_inner=2560x1600 hud=2560x1600
[2026-08-17T12:12:09Z INFO  steel_front] size diag: window_inner=2560x1600 hud=2560x1600
[2026-08-17T12:12:09Z INFO  steel_front] size diag: window_inner=2560x1600 hud=2560x1600
[2026-08-17T12:12:09Z INFO  steel_front] size diag: window_inner=2560x1600 hud=2560x1600
[2026-08-17T12:12:09Z INFO  steel_front] size diag: window_inner=2560x1600 hud=2560x1600
[2026-08-17T12:12:09Z INFO  steel_front] size diag: window_inner=2560x1600 hud=2560x1600
[2026-08-17T12:12:09Z INFO  steel_front] size diag: window_inner=2560x1600 hud=2560x1600
[2026-08-17T12:12:09Z INFO  steel_front] size diag: window_inner=2560x1600 hud=2560x1600
[2026-08-17T12:12:09Z INFO  steel_front::engine::renderer] visible=65536/65536 near=65536 far=0 fps=373.5 frame_us=2709 cull_us=0 terrain_us=0 wait_fence_us=1901 acquire_us=1 record_us=52 submit_us=51 present_us=228 terrain_lod=high blend=0.000 quality=中画质 marker=61 npc=42
[2026-08-17T12:12:10Z INFO  steel_front] cam: yaw=0.0 pitch=0.0 dist=3.4 mode=FirstPerson cycle_us=2775 update_us=32 render_us=2742
[2026-08-17T12:12:10Z INFO  steel_front::engine::game] game: wave=1 enemies=6 enemy_hp=100 hp=0/100 score=0 phys_us=2 ai_us=0 audio_us=26 net_us=0
[2026-08-17T12:12:10Z INFO  steel_front::engine::renderer] visible=65536/65536 near=65536 far=0 fps=374.3 frame_us=2356 cull_us=0 terrain_us=0 wait_fence_us=1866 acquire_us=1 record_us=52 submit_us=58 present_us=278 terrain_lod=high blend=0.000 quality=中画质 marker=62 npc=42
[2026-08-17T12:12:11Z INFO  steel_front] cam: yaw=0.0 pitch=0.0 dist=3.4 mode=FirstPerson cycle_us=2410 update_us=36 render_us=2373
[2026-08-17T12:12:11Z INFO  steel_front::engine::game] game: wave=1 enemies=6 enemy_hp=100 hp=0/100 score=0 phys_us=2 ai_us=0 audio_us=36 net_us=0
[2026-08-17T12:12:11Z INFO  steel_front::engine::renderer] visible=65536/65536 near=65536 far=0 fps=373.6 frame_us=2365 cull_us=1 terrain_us=0 wait_fence_us=2816 acquire_us=1 record_us=36 submit_us=35 present_us=167 terrain_lod=high blend=0.000 quality=中画质 marker=61 npc=42
[2026-08-17T12:12:12Z INFO  steel_front] cam: yaw=0.0 pitch=0.0 dist=3.4 mode=FirstPerson cycle_us=2462 update_us=17 render_us=2445
[2026-08-17T12:12:12Z INFO  steel_front::engine::game] game: wave=1 enemies=6 enemy_hp=100 hp=0/100 score=0 phys_us=2 ai_us=0 audio_us=23 net_us=0
[2026-08-17T12:12:12Z INFO  steel_front::engine::renderer] visible=65536/65536 near=65536 far=0 fps=373.2 frame_us=2769 cull_us=0 terrain_us=0 wait_fence_us=2038 acquire_us=0 record_us=56 submit_us=79 present_us=221 terrain_lod=high blend=0.000 quality=中画质 marker=62 npc=42
[2026-08-17T12:12:13Z INFO  steel_front] cam: yaw=0.0 pitch=0.0 dist=3.4 mode=FirstPerson cycle_us=3188 update_us=19 render_us=3168
[2026-08-17T12:12:13Z INFO  steel_front::engine::game] game: wave=1 enemies=6 enemy_hp=100 hp=0/100 score=0 phys_us=1 ai_us=0 audio_us=15 net_us=0
[2026-08-17T12:12:13Z INFO  steel_front::engine::renderer] visible=65536/65536 near=65536 far=0 fps=373.0 frame_us=2570 cull_us=0 terrain_us=0 wait_fence_us=1882 acquire_us=1 record_us=51 submit_us=45 present_us=226 terrain_lod=high blend=0.000 quality=中画质 marker=62 npc=42
[2026-08-17T12:12:14Z INFO  steel_front] cam: yaw=0.0 pitch=0.0 dist=3.4 mode=FirstPerson cycle_us=2825 update_us=30 render_us=2795
[2026-08-17T12:12:14Z INFO  steel_front::engine::game] game: wave=1 enemies=6 enemy_hp=100 hp=0/100 score=0 phys_us=5 ai_us=1 audio_us=31 net_us=0
[2026-08-17T12:12:14Z INFO  steel_front] size diag: window_inner=2560x1600 hud=2560x1600
[2026-08-17T12:12:14Z INFO  steel_front] size diag: window_inner=2560x1600 hud=2560x1600
[2026-08-17T12:12:14Z INFO  steel_front] size diag: window_inner=2560x1600 hud=2560x1600
[2026-08-17T12:12:14Z INFO  steel_front] size diag: window_inner=2560x1600 hud=2560x1600
[2026-08-17T12:12:14Z INFO  steel_front] size diag: window_inner=2560x1600 hud=2560x1600
[2026-08-17T12:12:14Z INFO  steel_front] size diag: window_inner=2560x1600 hud=2560x1600
[2026-08-17T12:12:14Z INFO  steel_front] size diag: window_inner=2560x1600 hud=2560x1600
[2026-08-17T12:12:14Z INFO  steel_front] size diag: window_inner=2560x1600 hud=2560x1600
[2026-08-17T12:12:14Z INFO  steel_front] size diag: window_inner=2560x1600 hud=2560x1600
[2026-08-17T12:12:14Z INFO  steel_front] size diag: window_inner=2560x1600 hud=2560x1600
[2026-08-17T12:12:14Z INFO  steel_front] size diag: window_inner=2560x1600 hud=2560x1600
[2026-08-17T12:12:14Z INFO  steel_front] size diag: window_inner=2560x1600 hud=2560x1600
[2026-08-17T12:12:14Z INFO  steel_front] size diag: window_inner=2560x1600 hud=2560x1600
[2026-08-17T12:12:14Z INFO  steel_front] size diag: window_inner=2560x1600 hud=2560x1600
[2026-08-17T12:12:14Z INFO  steel_front] size diag: window_inner=2560x1600 hud=2560x1600
[2026-08-17T12:12:14Z INFO  steel_front] size diag: window_inner=2560x1600 hud=2560x1600
[2026-08-17T12:12:14Z INFO  steel_front] size diag: window_inner=2560x1600 hud=2560x1600
[2026-08-17T12:12:14Z INFO  steel_front] size diag: window_inner=2560x1600 hud=2560x1600
[2026-08-17T12:12:14Z INFO  steel_front] size diag: window_inner=2560x1600 hud=2560x1600
[2026-08-17T12:12:14Z INFO  steel_front::engine::renderer] visible=65536/65536 near=65536 far=0 fps=375.7 frame_us=2232 cull_us=0 terrain_us=0 wait_fence_us=1932 acquire_us=0 record_us=51 submit_us=54 present_us=223 terrain_lod=high blend=0.000 quality=中画质 marker=62 npc=42
[2026-08-17T12:12:15Z INFO  steel_front] cam: yaw=0.0 pitch=0.0 dist=3.4 mode=FirstPerson cycle_us=2669 update_us=35 render_us=2633
[2026-08-17T12:12:15Z INFO  steel_front::engine::game] game: wave=1 enemies=6 enemy_hp=100 hp=0/100 score=0 phys_us=6 ai_us=1 audio_us=13 net_us=0
[2026-08-17T12:12:15Z INFO  steel_front::engine::renderer] visible=65536/65536 near=65536 far=0 fps=374.5 frame_us=2116 cull_us=0 terrain_us=0 wait_fence_us=2444 acquire_us=1 record_us=29 submit_us=58 present_us=123 terrain_lod=high blend=0.000 quality=中画质 marker=62 npc=42
[2026-08-17T12:12:16Z INFO  steel_front] cam: yaw=0.0 pitch=0.0 dist=3.4 mode=FirstPerson cycle_us=2549 update_us=33 render_us=2515
[2026-08-17T12:12:16Z INFO  steel_front::engine::game] game: wave=1 enemies=6 enemy_hp=100 hp=0/100 score=0 phys_us=2 ai_us=0 audio_us=24 net_us=0
[2026-08-17T12:12:16Z INFO  steel_front::engine::renderer] visible=65536/65536 near=65536 far=0 fps=369.6 frame_us=2235 cull_us=0 terrain_us=0 wait_fence_us=2581 acquire_us=1 record_us=39 submit_us=48 present_us=160 terrain_lod=high blend=0.000 quality=中画质 marker=62 npc=42
[2026-08-17T12:12:17Z INFO  steel_front] cam: yaw=0.0 pitch=0.0 dist=3.4 mode=FirstPerson cycle_us=2994 update_us=18 render_us=2976
[2026-08-17T12:12:17Z INFO  steel_front::engine::game] game: wave=1 enemies=6 enemy_hp=100 hp=0/100 score=0 phys_us=2 ai_us=0 audio_us=14 net_us=0
[2026-08-17T12:12:17Z INFO  steel_front::engine::renderer] visible=65536/65536 near=65536 far=0 fps=382.9 frame_us=2569 cull_us=0 terrain_us=0 wait_fence_us=1860 acquire_us=67 record_us=59 submit_us=83 present_us=260 terrain_lod=high blend=0.000 quality=中画质 marker=62 npc=42
[2026-08-17T12:12:18Z INFO  steel_front] cam: yaw=0.0 pitch=0.0 dist=3.4 mode=FirstPerson cycle_us=2471 update_us=39 render_us=2431
[2026-08-17T12:12:18Z INFO  steel_front::engine::game] game: wave=1 enemies=6 enemy_hp=100 hp=0/100 score=0 phys_us=2 ai_us=0 audio_us=18 net_us=0
[2026-08-17T12:12:18Z INFO  steel_front::engine::renderer] visible=65536/65536 near=65536 far=0 fps=382.8 frame_us=2531 cull_us=3 terrain_us=0 wait_fence_us=1831 acquire_us=6 record_us=116 submit_us=51 present_us=255 terrain_lod=high blend=0.000 quality=中画质 marker=62 npc=42
[2026-08-17T12:12:19Z INFO  steel_front] cam: yaw=0.0 pitch=0.0 dist=3.4 mode=FirstPerson cycle_us=2811 update_us=35 render_us=2776
[2026-08-17T12:12:19Z INFO  steel_front::engine::game] game: wave=1 enemies=6 enemy_hp=100 hp=0/100 score=0 phys_us=1 ai_us=0 audio_us=20 net_us=0
[2026-08-17T12:12:19Z INFO  steel_front] size diag: window_inner=2560x1600 hud=2560x1600
[2026-08-17T12:12:19Z INFO  steel_front] size diag: window_inner=2560x1600 hud=2560x1600
[2026-08-17T12:12:19Z INFO  steel_front] size diag: window_inner=2560x1600 hud=2560x1600
[2026-08-17T12:12:19Z INFO  steel_front] size diag: window_inner=2560x1600 hud=2560x1600
[2026-08-17T12:12:19Z INFO  steel_front] size diag: window_inner=2560x1600 hud=2560x1600
[2026-08-17T12:12:19Z INFO  steel_front] size diag: window_inner=2560x1600 hud=2560x1600
[2026-08-17T12:12:19Z INFO  steel_front] size diag: window_inner=2560x1600 hud=2560x1600
[2026-08-17T12:12:19Z INFO  steel_front] size diag: window_inner=2560x1600 hud=2560x1600
[2026-08-17T12:12:19Z INFO  steel_front] size diag: window_inner=2560x1600 hud=2560x1600
[2026-08-17T12:12:19Z INFO  steel_front] size diag: window_inner=2560x1600 hud=2560x1600
[2026-08-17T12:12:19Z INFO  steel_front] size diag: window_inner=2560x1600 hud=2560x1600
[2026-08-17T12:12:19Z INFO  steel_front] size diag: window_inner=2560x1600 hud=2560x1600
[2026-08-17T12:12:19Z INFO  steel_front] size diag: window_inner=2560x1600 hud=2560x1600
[2026-08-17T12:12:19Z INFO  steel_front] size diag: window_inner=2560x1600 hud=2560x1600
[2026-08-17T12:12:19Z INFO  steel_front] size diag: window_inner=2560x1600 hud=2560x1600
[2026-08-17T12:12:19Z INFO  steel_front] size diag: window_inner=2560x1600 hud=2560x1600
[2026-08-17T12:12:19Z INFO  steel_front] size diag: window_inner=2560x1600 hud=2560x1600
[2026-08-17T12:12:19Z INFO  steel_front] size diag: window_inner=2560x1600 hud=2560x1600
[2026-08-17T12:12:19Z INFO  steel_front] size diag: window_inner=2560x1600 hud=2560x1600
[2026-08-17T12:12:19Z INFO  steel_front::engine::renderer] visible=65536/65536 near=65536 far=0 fps=378.0 frame_us=2576 cull_us=0 terrain_us=0 wait_fence_us=1925 acquire_us=1 record_us=50 submit_us=42 present_us=209 terrain_lod=high blend=0.000 quality=中画质 marker=62 npc=42
[2026-08-17T12:12:20Z INFO  steel_front] cam: yaw=0.0 pitch=0.0 dist=3.4 mode=FirstPerson cycle_us=2583 update_us=33 render_us=2549
[2026-08-17T12:12:20Z INFO  steel_front::engine::game] game: wave=1 enemies=6 enemy_hp=100 hp=0/100 score=0 phys_us=1 ai_us=0 audio_us=25 net_us=0
[2026-08-17T12:12:20Z INFO  steel_front::engine::renderer] visible=65536/65536 near=65536 far=0 fps=383.6 frame_us=2139 cull_us=0 terrain_us=0 wait_fence_us=2403 acquire_us=1 record_us=33 submit_us=45 present_us=139 terrain_lod=high blend=0.000 quality=中画质 marker=63 npc=42
[2026-08-17T12:12:21Z INFO  steel_front] cam: yaw=0.0 pitch=0.0 dist=3.4 mode=FirstPerson cycle_us=2319 update_us=30 render_us=2288
[2026-08-17T12:12:21Z INFO  steel_front::engine::game] game: wave=1 enemies=6 enemy_hp=100 hp=0/100 score=0 phys_us=1 ai_us=0 audio_us=15 net_us=0
[2026-08-17T12:12:21Z INFO  steel_front::engine::renderer] visible=65536/65536 near=65536 far=0 fps=370.0 frame_us=2263 cull_us=0 terrain_us=0 wait_fence_us=2259 acquire_us=1 record_us=50 submit_us=42 present_us=206 terrain_lod=high blend=0.000 quality=中画质 marker=62 npc=42
[2026-08-17T12:12:22Z INFO  steel_front] cam: yaw=0.0 pitch=0.0 dist=3.4 mode=FirstPerson cycle_us=2645 update_us=30 render_us=2614
[2026-08-17T12:12:22Z INFO  steel_front::engine::game] game: wave=1 enemies=6 enemy_hp=100 hp=0/100 score=0 phys_us=1 ai_us=0 audio_us=23 net_us=0
[2026-08-17T12:12:22Z INFO  steel_front::engine::renderer] visible=65536/65536 near=65536 far=0 fps=381.9 frame_us=2184 cull_us=0 terrain_us=0 wait_fence_us=2261 acquire_us=1 record_us=26 submit_us=22 present_us=225 terrain_lod=high blend=0.000 quality=中画质 marker=62 npc=42
[2026-08-17T12:12:23Z INFO  steel_front] cam: yaw=0.0 pitch=0.0 dist=3.4 mode=FirstPerson cycle_us=2588 update_us=18 render_us=2569
[2026-08-17T12:12:23Z INFO  steel_front::engine::game] game: wave=1 enemies=6 enemy_hp=100 hp=0/100 score=0 phys_us=1 ai_us=0 audio_us=28 net_us=0
[2026-08-17T12:12:23Z INFO  steel_front::engine::renderer] visible=65536/65536 near=65536 far=0 fps=378.7 frame_us=2646 cull_us=2 terrain_us=0 wait_fence_us=1966 acquire_us=1 record_us=52 submit_us=74 present_us=210 terrain_lod=high blend=0.000 quality=中画质 marker=62 npc=42
[2026-08-17T12:12:24Z INFO  steel_front] cam: yaw=0.0 pitch=0.0 dist=3.4 mode=FirstPerson cycle_us=2543 update_us=20 render_us=2522
[2026-08-17T12:12:24Z INFO  steel_front::engine::game] game: wave=1 enemies=6 enemy_hp=100 hp=0/100 score=0 phys_us=2 ai_us=0 audio_us=28 net_us=0
[2026-08-17T12:12:24Z INFO  steel_front] size diag: window_inner=2560x1600 hud=2560x1600
[2026-08-17T12:12:24Z INFO  steel_front] size diag: window_inner=2560x1600 hud=2560x1600
[2026-08-17T12:12:24Z INFO  steel_front] size diag: window_inner=2560x1600 hud=2560x1600
[2026-08-17T12:12:24Z INFO  steel_front] size diag: window_inner=2560x1600 hud=2560x1600
[2026-08-17T12:12:24Z INFO  steel_front] size diag: window_inner=2560x1600 hud=2560x1600
[2026-08-17T12:12:24Z INFO  steel_front] size diag: window_inner=2560x1600 hud=2560x1600
[2026-08-17T12:12:24Z INFO  steel_front] size diag: window_inner=2560x1600 hud=2560x1600
[2026-08-17T12:12:24Z INFO  steel_front] size diag: window_inner=2560x1600 hud=2560x1600
[2026-08-17T12:12:24Z INFO  steel_front] size diag: window_inner=2560x1600 hud=2560x1600
[2026-08-17T12:12:24Z INFO  steel_front] size diag: window_inner=2560x1600 hud=2560x1600
[2026-08-17T12:12:24Z INFO  steel_front] size diag: window_inner=2560x1600 hud=2560x1600
[2026-08-17T12:12:24Z INFO  steel_front] size diag: window_inner=2560x1600 hud=2560x1600
[2026-08-17T12:12:24Z INFO  steel_front] size diag: window_inner=2560x1600 hud=2560x1600
[2026-08-17T12:12:24Z INFO  steel_front] size diag: window_inner=2560x1600 hud=2560x1600
[2026-08-17T12:12:24Z INFO  steel_front] size diag: window_inner=2560x1600 hud=2560x1600
[2026-08-17T12:12:24Z INFO  steel_front] size diag: window_inner=2560x1600 hud=2560x1600
[2026-08-17T12:12:24Z INFO  steel_front] size diag: window_inner=2560x1600 hud=2560x1600
[2026-08-17T12:12:24Z INFO  steel_front] size diag: window_inner=2560x1600 hud=2560x1600
[2026-08-17T12:12:24Z INFO  steel_front::engine::renderer] visible=65536/65536 near=65536 far=0 fps=351.4 frame_us=2161 cull_us=0 terrain_us=0 wait_fence_us=1924 acquire_us=0 record_us=54 submit_us=43 present_us=212 terrain_lod=high blend=0.000 quality=中画质 marker=62 npc=42
[2026-08-17T12:12:25Z INFO  steel_front] cam: yaw=0.0 pitch=0.0 dist=3.4 mode=FirstPerson cycle_us=2825 update_us=33 render_us=2791
[2026-08-17T12:12:25Z INFO  steel_front::engine::game] game: wave=1 enemies=6 enemy_hp=100 hp=0/100 score=0 phys_us=2 ai_us=0 audio_us=28 net_us=0
[2026-08-17T12:12:25Z INFO  steel_front::engine::renderer] visible=65536/65536 near=65536 far=0 fps=368.2 frame_us=2628 cull_us=0 terrain_us=0 wait_fence_us=2272 acquire_us=1 record_us=64 submit_us=80 present_us=373 terrain_lod=high blend=0.000 quality=中画质 marker=62 npc=42
[2026-08-17T12:12:26Z INFO  steel_front] cam: yaw=0.0 pitch=0.0 dist=3.4 mode=FirstPerson cycle_us=2822 update_us=25 render_us=2797
[2026-08-17T12:12:26Z INFO  steel_front::engine::game] game: wave=1 enemies=6 enemy_hp=100 hp=0/100 score=0 phys_us=3 ai_us=0 audio_us=14 net_us=0
[2026-08-17T12:12:26Z INFO  steel_front::engine::renderer] visible=65536/65536 near=65536 far=0 fps=371.9 frame_us=2591 cull_us=0 terrain_us=0 wait_fence_us=1995 acquire_us=1 record_us=51 submit_us=74 present_us=212 terrain_lod=high blend=0.000 quality=中画质 marker=61 npc=42
[2026-08-17T12:12:27Z INFO  steel_front] cam: yaw=0.0 pitch=0.0 dist=3.4 mode=FirstPerson cycle_us=2547 update_us=38 render_us=2508
[2026-08-17T12:12:27Z INFO  steel_front::engine::game] game: wave=1 enemies=6 enemy_hp=100 hp=0/100 score=0 phys_us=1 ai_us=0 audio_us=14 net_us=0
[2026-08-17T12:12:27Z INFO  steel_front::engine::renderer] visible=65536/65536 near=65536 far=0 fps=374.6 frame_us=2474 cull_us=1 terrain_us=0 wait_fence_us=2060 acquire_us=1 record_us=33 submit_us=68 present_us=161 terrain_lod=high blend=0.000 quality=中画质 marker=61 npc=42
[2026-08-17T12:12:28Z INFO  steel_front] cam: yaw=0.0 pitch=0.0 dist=3.4 mode=FirstPerson cycle_us=2837 update_us=34 render_us=2803
[2026-08-17T12:12:28Z INFO  steel_front::engine::game] game: wave=1 enemies=6 enemy_hp=100 hp=0/100 score=0 phys_us=4 ai_us=0 audio_us=28 net_us=0
[2026-08-17T12:12:28Z INFO  steel_front::engine::renderer] visible=65536/65536 near=65536 far=0 fps=373.2 frame_us=2419 cull_us=0 terrain_us=0 wait_fence_us=2152 acquire_us=1 record_us=91 submit_us=90 present_us=289 terrain_lod=high blend=0.000 quality=中画质 marker=62 npc=42
[2026-08-17T12:12:29Z INFO  steel_front] cam: yaw=0.0 pitch=0.0 dist=3.4 mode=FirstPerson cycle_us=2669 update_us=33 render_us=2636
[2026-08-17T12:12:29Z INFO  steel_front::engine::game] game: wave=1 enemies=6 enemy_hp=100 hp=0/100 score=0 phys_us=2 ai_us=0 audio_us=15 net_us=0
[2026-08-17T12:12:29Z INFO  steel_front] size diag: window_inner=2560x1600 hud=2560x1600
[2026-08-17T12:12:29Z INFO  steel_front] size diag: window_inner=2560x1600 hud=2560x1600
[2026-08-17T12:12:29Z INFO  steel_front] size diag: window_inner=2560x1600 hud=2560x1600
[2026-08-17T12:12:29Z INFO  steel_front] size diag: window_inner=2560x1600 hud=2560x1600
[2026-08-17T12:12:29Z INFO  steel_front] size diag: window_inner=2560x1600 hud=2560x1600
[2026-08-17T12:12:29Z INFO  steel_front] size diag: window_inner=2560x1600 hud=2560x1600
[2026-08-17T12:12:29Z INFO  steel_front] size diag: window_inner=2560x1600 hud=2560x1600
[2026-08-17T12:12:29Z INFO  steel_front] size diag: window_inner=2560x1600 hud=2560x1600
[2026-08-17T12:12:29Z INFO  steel_front] size diag: window_inner=2560x1600 hud=2560x1600
[2026-08-17T12:12:29Z INFO  steel_front] size diag: window_inner=2560x1600 hud=2560x1600
[2026-08-17T12:12:29Z INFO  steel_front] size diag: window_inner=2560x1600 hud=2560x1600
[2026-08-17T12:12:29Z INFO  steel_front] size diag: window_inner=2560x1600 hud=2560x1600
[2026-08-17T12:12:29Z INFO  steel_front] size diag: window_inner=2560x1600 hud=2560x1600
[2026-08-17T12:12:29Z INFO  steel_front] size diag: window_inner=2560x1600 hud=2560x1600
[2026-08-17T12:12:29Z INFO  steel_front] size diag: window_inner=2560x1600 hud=2560x1600
[2026-08-17T12:12:29Z INFO  steel_front] size diag: window_inner=2560x1600 hud=2560x1600
[2026-08-17T12:12:29Z INFO  steel_front] size diag: window_inner=2560x1600 hud=2560x1600
[2026-08-17T12:12:29Z INFO  steel_front] size diag: window_inner=2560x1600 hud=2560x1600
[2026-08-17T12:12:29Z INFO  steel_front] size diag: window_inner=2560x1600 hud=2560x1600
[2026-08-17T12:12:29Z INFO  steel_front::engine::renderer] visible=65536/65536 near=65536 far=0 fps=372.7 frame_us=2217 cull_us=0 terrain_us=0 wait_fence_us=2164 acquire_us=1 record_us=63 submit_us=63 present_us=274 terrain_lod=high blend=0.000 quality=中画质 marker=62 npc=42
[2026-08-17T12:12:30Z INFO  steel_front] cam: yaw=0.0 pitch=0.0 dist=3.4 mode=FirstPerson cycle_us=2505 update_us=18 render_us=2486
[2026-08-17T12:12:30Z INFO  steel_front::engine::game] game: wave=1 enemies=6 enemy_hp=100 hp=0/100 score=0 phys_us=2 ai_us=0 audio_us=30 net_us=0
[2026-08-17T12:12:30Z INFO  steel_front::engine::renderer] visible=65536/65536 near=65536 far=0 fps=374.4 frame_us=2726 cull_us=0 terrain_us=0 wait_fence_us=1877 acquire_us=1 record_us=57 submit_us=44 present_us=215 terrain_lod=high blend=0.000 quality=中画质 marker=62 npc=42
[2026-08-17T12:12:31Z INFO  steel_front] cam: yaw=0.0 pitch=0.0 dist=3.4 mode=FirstPerson cycle_us=3035 update_us=40 render_us=2995
[2026-08-17T12:12:31Z INFO  steel_front::engine::game] game: wave=1 enemies=6 enemy_hp=100 hp=0/100 score=0 phys_us=1 ai_us=0 audio_us=12 net_us=0
[2026-08-17T12:12:31Z INFO  steel_front::engine::renderer] visible=65536/65536 near=65536 far=0 fps=373.6 frame_us=2345 cull_us=0 terrain_us=0 wait_fence_us=2046 acquire_us=1 record_us=84 submit_us=28 present_us=142 terrain_lod=high blend=0.000 quality=中画质 marker=61 npc=42
[2026-08-17T12:12:32Z INFO  steel_front] cam: yaw=0.0 pitch=0.0 dist=3.4 mode=FirstPerson cycle_us=2544 update_us=26 render_us=2517
[2026-08-17T12:12:32Z INFO  steel_front::engine::game] game: wave=1 enemies=6 enemy_hp=100 hp=0/100 score=0 phys_us=5 ai_us=0 audio_us=12 net_us=0
[2026-08-17T12:12:32Z INFO  steel_front::engine::renderer] visible=65536/65536 near=65536 far=0 fps=373.2 frame_us=2245 cull_us=1 terrain_us=0 wait_fence_us=2278 acquire_us=1 record_us=53 submit_us=54 present_us=225 terrain_lod=high blend=0.000 quality=中画质 marker=62 npc=42
[2026-08-17T12:12:33Z INFO  steel_front] cam: yaw=0.0 pitch=0.0 dist=3.4 mode=FirstPerson cycle_us=2815 update_us=36 render_us=2779
[2026-08-17T12:12:33Z INFO  steel_front::engine::game] game: wave=1 enemies=6 enemy_hp=100 hp=0/100 score=0 phys_us=3 ai_us=0 audio_us=16 net_us=0
[2026-08-17T12:12:33Z INFO  steel_front::engine::renderer] visible=65536/65536 near=65536 far=0 fps=368.3 frame_us=3013 cull_us=0 terrain_us=0 wait_fence_us=2062 acquire_us=1 record_us=120 submit_us=48 present_us=230 terrain_lod=high blend=0.000 quality=中画质 marker=62 npc=42
[2026-08-17T12:12:34Z INFO  steel_front] cam: yaw=0.0 pitch=0.0 dist=3.4 mode=FirstPerson cycle_us=3586 update_us=40 render_us=3545
[2026-08-17T12:12:34Z INFO  steel_front::engine::game] game: wave=1 enemies=6 enemy_hp=100 hp=0/100 score=0 phys_us=1 ai_us=0 audio_us=14 net_us=0
[2026-08-17T12:12:34Z INFO  steel_front] size diag: window_inner=2560x1600 hud=2560x1600
[2026-08-17T12:12:34Z INFO  steel_front] size diag: window_inner=2560x1600 hud=2560x1600
[2026-08-17T12:12:34Z INFO  steel_front] size diag: window_inner=2560x1600 hud=2560x1600
[2026-08-17T12:12:34Z INFO  steel_front] size diag: window_inner=2560x1600 hud=2560x1600
[2026-08-17T12:12:34Z INFO  steel_front] size diag: window_inner=2560x1600 hud=2560x1600
[2026-08-17T12:12:34Z INFO  steel_front] size diag: window_inner=2560x1600 hud=2560x1600
[2026-08-17T12:12:34Z INFO  steel_front] size diag: window_inner=2560x1600 hud=2560x1600
[2026-08-17T12:12:34Z INFO  steel_front] size diag: window_inner=2560x1600 hud=2560x1600
[2026-08-17T12:12:34Z INFO  steel_front] size diag: window_inner=2560x1600 hud=2560x1600
[2026-08-17T12:12:34Z INFO  steel_front] size diag: window_inner=2560x1600 hud=2560x1600
[2026-08-17T12:12:34Z INFO  steel_front] size diag: window_inner=2560x1600 hud=2560x1600
[2026-08-17T12:12:34Z INFO  steel_front] size diag: window_inner=2560x1600 hud=2560x1600
[2026-08-17T12:12:34Z INFO  steel_front] size diag: window_inner=2560x1600 hud=2560x1600
[2026-08-17T12:12:34Z INFO  steel_front] size diag: window_inner=2560x1600 hud=2560x1600
[2026-08-17T12:12:34Z INFO  steel_front] size diag: window_inner=2560x1600 hud=2560x1600
[2026-08-17T12:12:34Z INFO  steel_front] size diag: window_inner=2560x1600 hud=2560x1600
[2026-08-17T12:12:34Z INFO  steel_front] size diag: window_inner=2560x1600 hud=2560x1600
[2026-08-17T12:12:34Z INFO  steel_front] size diag: window_inner=2560x1600 hud=2560x1600
[2026-08-17T12:12:34Z INFO  steel_front::engine::renderer] visible=65536/65536 near=65536 far=0 fps=370.9 frame_us=2403 cull_us=0 terrain_us=0 wait_fence_us=1919 acquire_us=0 record_us=51 submit_us=50 present_us=206 terrain_lod=high blend=0.000 quality=中画质 marker=62 npc=42
[2026-08-17T12:12:35Z INFO  steel_front] cam: yaw=0.0 pitch=0.0 dist=3.4 mode=FirstPerson cycle_us=2272 update_us=35 render_us=2237
[2026-08-17T12:12:35Z INFO  steel_front::engine::game] game: wave=1 enemies=6 enemy_hp=100 hp=0/100 score=0 phys_us=2 ai_us=0 audio_us=14 net_us=0
[2026-08-17T12:12:35Z INFO  steel_front::engine::renderer] visible=65536/65536 near=65536 far=0 fps=366.0 frame_us=2323 cull_us=1 terrain_us=0 wait_fence_us=2548 acquire_us=1 record_us=38 submit_us=52 present_us=185 terrain_lod=high blend=0.000 quality=中画质 marker=61 npc=42
[2026-08-17T12:12:36Z INFO  steel_front] cam: yaw=0.0 pitch=0.0 dist=3.4 mode=FirstPerson cycle_us=2378 update_us=35 render_us=2343
[2026-08-17T12:12:36Z INFO  steel_front::engine::game] game: wave=1 enemies=6 enemy_hp=100 hp=0/100 score=0 phys_us=2 ai_us=0 audio_us=15 net_us=0
[2026-08-17T12:12:36Z INFO  steel_front::engine::renderer] visible=65536/65536 near=65536 far=0 fps=372.3 frame_us=2411 cull_us=0 terrain_us=0 wait_fence_us=1844 acquire_us=0 record_us=62 submit_us=51 present_us=232 terrain_lod=high blend=0.000 quality=中画质 marker=61 npc=42
[2026-08-17T12:12:37Z INFO  steel_front] cam: yaw=0.0 pitch=0.0 dist=3.4 mode=FirstPerson cycle_us=2615 update_us=37 render_us=2578
[2026-08-17T12:12:37Z INFO  steel_front::engine::game] game: wave=1 enemies=6 enemy_hp=100 hp=0/100 score=0 phys_us=2 ai_us=0 audio_us=13 net_us=0
[2026-08-17T12:12:37Z INFO  steel_front::engine::renderer] visible=65536/65536 near=65536 far=0 fps=372.5 frame_us=3421 cull_us=1 terrain_us=0 wait_fence_us=1785 acquire_us=1 record_us=262 submit_us=161 present_us=574 terrain_lod=high blend=0.000 quality=中画质 marker=61 npc=42
[2026-08-17T12:12:38Z INFO  steel_front] cam: yaw=0.0 pitch=0.0 dist=3.4 mode=FirstPerson cycle_us=2672 update_us=17 render_us=2654
[2026-08-17T12:12:38Z INFO  steel_front::engine::game] game: wave=1 enemies=6 enemy_hp=100 hp=0/100 score=0 phys_us=7 ai_us=1 audio_us=24 net_us=0
[2026-08-17T12:12:38Z INFO  steel_front::engine::renderer] visible=65536/65536 near=65536 far=0 fps=371.6 frame_us=2413 cull_us=0 terrain_us=0 wait_fence_us=2394 acquire_us=1 record_us=53 submit_us=46 present_us=211 terrain_lod=high blend=0.000 quality=中画质 marker=61 npc=42
[2026-08-17T12:12:39Z INFO  steel_front] cam: yaw=0.0 pitch=0.0 dist=3.4 mode=FirstPerson cycle_us=2522 update_us=20 render_us=2502
[2026-08-17T12:12:39Z INFO  steel_front::engine::game] game: wave=1 enemies=6 enemy_hp=100 hp=0/100 score=0 phys_us=2 ai_us=0 audio_us=22 net_us=0
[2026-08-17T12:12:39Z INFO  steel_front] size diag: window_inner=2560x1600 hud=2560x1600
[2026-08-17T12:12:39Z INFO  steel_front] size diag: window_inner=2560x1600 hud=2560x1600
[2026-08-17T12:12:39Z INFO  steel_front] size diag: window_inner=2560x1600 hud=2560x1600
[2026-08-17T12:12:39Z INFO  steel_front] size diag: window_inner=2560x1600 hud=2560x1600
[2026-08-17T12:12:39Z INFO  steel_front] size diag: window_inner=2560x1600 hud=2560x1600
[2026-08-17T12:12:39Z INFO  steel_front] size diag: window_inner=2560x1600 hud=2560x1600
[2026-08-17T12:12:39Z INFO  steel_front] size diag: window_inner=2560x1600 hud=2560x1600
[2026-08-17T12:12:39Z INFO  steel_front] size diag: window_inner=2560x1600 hud=2560x1600
[2026-08-17T12:12:39Z INFO  steel_front] size diag: window_inner=2560x1600 hud=2560x1600
[2026-08-17T12:12:39Z INFO  steel_front] size diag: window_inner=2560x1600 hud=2560x1600
[2026-08-17T12:12:39Z INFO  steel_front] size diag: window_inner=2560x1600 hud=2560x1600
[2026-08-17T12:12:39Z INFO  steel_front] size diag: window_inner=2560x1600 hud=2560x1600
[2026-08-17T12:12:39Z INFO  steel_front] size diag: window_inner=2560x1600 hud=2560x1600
[2026-08-17T12:12:39Z INFO  steel_front] size diag: window_inner=2560x1600 hud=2560x1600
[2026-08-17T12:12:39Z INFO  steel_front] size diag: window_inner=2560x1600 hud=2560x1600
[2026-08-17T12:12:39Z INFO  steel_front] size diag: window_inner=2560x1600 hud=2560x1600
[2026-08-17T12:12:39Z INFO  steel_front] size diag: window_inner=2560x1600 hud=2560x1600
[2026-08-17T12:12:39Z INFO  steel_front] size diag: window_inner=2560x1600 hud=2560x1600
[2026-08-17T12:12:39Z INFO  steel_front::engine::renderer] visible=65536/65536 near=65536 far=0 fps=374.2 frame_us=2845 cull_us=0 terrain_us=0 wait_fence_us=2124 acquire_us=1 record_us=53 submit_us=45 present_us=223 terrain_lod=high blend=0.000 quality=中画质 marker=60 npc=42
[2026-08-17T12:12:40Z INFO  steel_front] cam: yaw=0.0 pitch=0.0 dist=3.4 mode=FirstPerson cycle_us=2638 update_us=39 render_us=2598
[2026-08-17T12:12:40Z INFO  steel_front::engine::game] game: wave=1 enemies=6 enemy_hp=100 hp=0/100 score=0 phys_us=2 ai_us=0 audio_us=33 net_us=0
[2026-08-17T12:12:40Z INFO  steel_front::engine::renderer] visible=65536/65536 near=65536 far=0 fps=369.8 frame_us=2134 cull_us=1 terrain_us=0 wait_fence_us=2060 acquire_us=1 record_us=89 submit_us=30 present_us=154 terrain_lod=high blend=0.000 quality=中画质 marker=61 npc=42
[2026-08-17T12:12:41Z INFO  steel_front] cam: yaw=0.0 pitch=0.0 dist=3.4 mode=FirstPerson cycle_us=2707 update_us=38 render_us=2668
[2026-08-17T12:12:41Z INFO  steel_front::engine::game] game: wave=1 enemies=6 enemy_hp=100 hp=0/100 score=0 phys_us=2 ai_us=0 audio_us=29 net_us=0
[2026-08-17T12:12:41Z INFO  steel_front::engine::renderer] visible=65536/65536 near=65536 far=0 fps=371.4 frame_us=2227 cull_us=1 terrain_us=0 wait_fence_us=2322 acquire_us=2 record_us=35 submit_us=78 present_us=219 terrain_lod=high blend=0.000 quality=中画质 marker=58 npc=42
[2026-08-17T12:12:42Z INFO  steel_front] cam: yaw=0.0 pitch=0.0 dist=3.4 mode=FirstPerson cycle_us=2788 update_us=43 render_us=2744
[2026-08-17T12:12:42Z INFO  steel_front::engine::game] game: wave=1 enemies=6 enemy_hp=100 hp=0/100 score=0 phys_us=2 ai_us=0 audio_us=31 net_us=0
[2026-08-17T12:12:42Z INFO  steel_front::engine::renderer] visible=65536/65536 near=65536 far=0 fps=375.4 frame_us=2457 cull_us=0 terrain_us=0 wait_fence_us=1984 acquire_us=1 record_us=28 submit_us=37 present_us=166 terrain_lod=high blend=0.000 quality=中画质 marker=62 npc=42
[2026-08-17T12:12:43Z INFO  steel_front] cam: yaw=0.0 pitch=0.0 dist=3.4 mode=FirstPerson cycle_us=2444 update_us=36 render_us=2407
[2026-08-17T12:12:43Z INFO  steel_front::engine::game] game: wave=1 enemies=6 enemy_hp=100 hp=0/100 score=0 phys_us=1 ai_us=0 audio_us=16 net_us=0
[2026-08-17T12:12:43Z INFO  steel_front::engine::renderer] visible=65536/65536 near=65536 far=0 fps=375.3 frame_us=2365 cull_us=1 terrain_us=0 wait_fence_us=2212 acquire_us=1 record_us=44 submit_us=82 present_us=212 terrain_lod=high blend=0.000 quality=中画质 marker=57 npc=42
[2026-08-17T12:12:44Z INFO  steel_front] cam: yaw=0.0 pitch=0.0 dist=3.4 mode=FirstPerson cycle_us=2705 update_us=15 render_us=2689
[2026-08-17T12:12:44Z INFO  steel_front::engine::game] game: wave=1 enemies=6 enemy_hp=100 hp=0/100 score=0 phys_us=1 ai_us=0 audio_us=26 net_us=0
[2026-08-17T12:12:44Z INFO  steel_front] size diag: window_inner=2560x1600 hud=2560x1600
[2026-08-17T12:12:44Z INFO  steel_front] size diag: window_inner=2560x1600 hud=2560x1600
[2026-08-17T12:12:44Z INFO  steel_front] size diag: window_inner=2560x1600 hud=2560x1600
[2026-08-17T12:12:44Z INFO  steel_front] size diag: window_inner=2560x1600 hud=2560x1600
[2026-08-17T12:12:44Z INFO  steel_front] size diag: window_inner=2560x1600 hud=2560x1600
[2026-08-17T12:12:44Z INFO  steel_front] size diag: window_inner=2560x1600 hud=2560x1600
[2026-08-17T12:12:44Z INFO  steel_front] size diag: window_inner=2560x1600 hud=2560x1600
[2026-08-17T12:12:44Z INFO  steel_front] size diag: window_inner=2560x1600 hud=2560x1600
[2026-08-17T12:12:44Z INFO  steel_front] size diag: window_inner=2560x1600 hud=2560x1600
[2026-08-17T12:12:44Z INFO  steel_front] size diag: window_inner=2560x1600 hud=2560x1600
[2026-08-17T12:12:44Z INFO  steel_front] size diag: window_inner=2560x1600 hud=2560x1600
[2026-08-17T12:12:44Z INFO  steel_front] size diag: window_inner=2560x1600 hud=2560x1600
[2026-08-17T12:12:44Z INFO  steel_front] size diag: window_inner=2560x1600 hud=2560x1600
[2026-08-17T12:12:44Z INFO  steel_front] size diag: window_inner=2560x1600 hud=2560x1600
[2026-08-17T12:12:44Z INFO  steel_front] size diag: window_inner=2560x1600 hud=2560x1600
[2026-08-17T12:12:44Z INFO  steel_front] size diag: window_inner=2560x1600 hud=2560x1600
[2026-08-17T12:12:44Z INFO  steel_front] size diag: window_inner=2560x1600 hud=2560x1600
[2026-08-17T12:12:44Z INFO  steel_front] size diag: window_inner=2560x1600 hud=2560x1600
[2026-08-17T12:12:44Z INFO  steel_front] size diag: window_inner=2560x1600 hud=2560x1600
[2026-08-17T12:12:44Z INFO  steel_front::engine::renderer] visible=65536/65536 near=65536 far=0 fps=374.8 frame_us=2875 cull_us=1 terrain_us=0 wait_fence_us=2306 acquire_us=1 record_us=59 submit_us=45 present_us=195 terrain_lod=high blend=0.000 quality=中画质 marker=61 npc=42
[2026-08-17T12:12:45Z INFO  steel_front] cam: yaw=0.0 pitch=0.0 dist=3.4 mode=FirstPerson cycle_us=2476 update_us=18 render_us=2458
[2026-08-17T12:12:45Z INFO  steel_front::engine::game] game: wave=1 enemies=6 enemy_hp=100 hp=0/100 score=0 phys_us=2 ai_us=0 audio_us=27 net_us=0
[2026-08-17T12:12:45Z INFO  steel_front::engine::renderer] visible=65536/65536 near=65536 far=0 fps=373.3 frame_us=2592 cull_us=0 terrain_us=0 wait_fence_us=1919 acquire_us=1 record_us=50 submit_us=78 present_us=206 terrain_lod=high blend=0.000 quality=中画质 marker=55 npc=42
[2026-08-17T12:12:46Z INFO  steel_front] cam: yaw=0.0 pitch=0.0 dist=3.4 mode=FirstPerson cycle_us=2879 update_us=19 render_us=2859
[2026-08-17T12:12:46Z INFO  steel_front::engine::game] game: wave=1 enemies=6 enemy_hp=100 hp=0/100 score=0 phys_us=4 ai_us=0 audio_us=30 net_us=0
[2026-08-17T12:12:46Z INFO  steel_front::engine::renderer] visible=65536/65536 near=65536 far=0 fps=374.7 frame_us=2508 cull_us=0 terrain_us=0 wait_fence_us=1896 acquire_us=0 record_us=51 submit_us=52 present_us=210 terrain_lod=high blend=0.000 quality=中画质 marker=62 npc=42
[2026-08-17T12:12:47Z INFO  steel_front] cam: yaw=0.0 pitch=0.0 dist=3.4 mode=FirstPerson cycle_us=2942 update_us=17 render_us=2925
[2026-08-17T12:12:47Z INFO  steel_front::engine::game] game: wave=1 enemies=6 enemy_hp=100 hp=0/100 score=0 phys_us=5 ai_us=0 audio_us=14 net_us=0
[2026-08-17T12:12:47Z INFO  steel_front::engine::renderer] visible=65536/65536 near=65536 far=0 fps=375.1 frame_us=2370 cull_us=0 terrain_us=0 wait_fence_us=2440 acquire_us=0 record_us=50 submit_us=51 present_us=205 terrain_lod=high blend=0.000 quality=中画质 marker=54 npc=42
[2026-08-17T12:12:48Z INFO  steel_front] cam: yaw=0.0 pitch=0.0 dist=3.4 mode=FirstPerson cycle_us=2734 update_us=31 render_us=2702
[2026-08-17T12:12:48Z INFO  steel_front::engine::game] game: wave=1 enemies=6 enemy_hp=100 hp=0/100 score=0 phys_us=2 ai_us=0 audio_us=12 net_us=0
[2026-08-17T12:12:48Z INFO  steel_front::engine::renderer] visible=65536/65536 near=65536 far=0 fps=375.2 frame_us=2811 cull_us=0 terrain_us=0 wait_fence_us=2002 acquire_us=1 record_us=52 submit_us=43 present_us=184 terrain_lod=high blend=0.000 quality=中画质 marker=62 npc=42
[2026-08-17T12:12:49Z INFO  steel_front] cam: yaw=0.0 pitch=0.0 dist=3.4 mode=FirstPerson cycle_us=2361 update_us=39 render_us=2321
[2026-08-17T12:12:49Z INFO  steel_front::engine::game] game: wave=1 enemies=6 enemy_hp=100 hp=0/100 score=0 phys_us=4 ai_us=0 audio_us=13 net_us=0
[2026-08-17T12:12:49Z INFO  steel_front] size diag: window_inner=2560x1600 hud=2560x1600
[2026-08-17T12:12:49Z INFO  steel_front] size diag: window_inner=2560x1600 hud=2560x1600
[2026-08-17T12:12:49Z INFO  steel_front] size diag: window_inner=2560x1600 hud=2560x1600
[2026-08-17T12:12:49Z INFO  steel_front] size diag: window_inner=2560x1600 hud=2560x1600
[2026-08-17T12:12:49Z INFO  steel_front] size diag: window_inner=2560x1600 hud=2560x1600
[2026-08-17T12:12:49Z INFO  steel_front] size diag: window_inner=2560x1600 hud=2560x1600
[2026-08-17T12:12:49Z INFO  steel_front] size diag: window_inner=2560x1600 hud=2560x1600
[2026-08-17T12:12:49Z INFO  steel_front] size diag: window_inner=2560x1600 hud=2560x1600
[2026-08-17T12:12:49Z INFO  steel_front] size diag: window_inner=2560x1600 hud=2560x1600
[2026-08-17T12:12:49Z INFO  steel_front] size diag: window_inner=2560x1600 hud=2560x1600
[2026-08-17T12:12:49Z INFO  steel_front] size diag: window_inner=2560x1600 hud=2560x1600
[2026-08-17T12:12:49Z INFO  steel_front] size diag: window_inner=2560x1600 hud=2560x1600
[2026-08-17T12:12:49Z INFO  steel_front] size diag: window_inner=2560x1600 hud=2560x1600
[2026-08-17T12:12:49Z INFO  steel_front] size diag: window_inner=2560x1600 hud=2560x1600
[2026-08-17T12:12:49Z INFO  steel_front] size diag: window_inner=2560x1600 hud=2560x1600
[2026-08-17T12:12:49Z INFO  steel_front] size diag: window_inner=2560x1600 hud=2560x1600
[2026-08-17T12:12:49Z INFO  steel_front] size diag: window_inner=2560x1600 hud=2560x1600
[2026-08-17T12:12:49Z INFO  steel_front] size diag: window_inner=2560x1600 hud=2560x1600
[2026-08-17T12:12:49Z INFO  steel_front] size diag: window_inner=2560x1600 hud=2560x1600
[2026-08-17T12:12:49Z INFO  steel_front::engine::renderer] visible=65536/65536 near=65536 far=0 fps=374.6 frame_us=2402 cull_us=0 terrain_us=0 wait_fence_us=2096 acquire_us=1 record_us=79 submit_us=24 present_us=121 terrain_lod=high blend=0.000 quality=中画质 marker=53 npc=42
[2026-08-17T12:12:50Z INFO  steel_front] cam: yaw=0.0 pitch=0.0 dist=3.4 mode=FirstPerson cycle_us=2749 update_us=17 render_us=2732
[2026-08-17T12:12:50Z INFO  steel_front::engine::game] game: wave=1 enemies=6 enemy_hp=100 hp=0/100 score=0 phys_us=1 ai_us=0 audio_us=13 net_us=0
[2026-08-17T12:12:50Z INFO  steel_front::engine::renderer] visible=65536/65536 near=65536 far=0 fps=374.0 frame_us=2239 cull_us=0 terrain_us=0 wait_fence_us=2262 acquire_us=1 record_us=51 submit_us=49 present_us=205 terrain_lod=high blend=0.000 quality=中画质 marker=61 npc=42
[2026-08-17T12:12:51Z INFO  steel_front] cam: yaw=0.0 pitch=0.0 dist=3.4 mode=FirstPerson cycle_us=2326 update_us=31 render_us=2294
[2026-08-17T12:12:51Z INFO  steel_front::engine::game] game: wave=1 enemies=6 enemy_hp=100 hp=0/100 score=0 phys_us=1 ai_us=0 audio_us=28 net_us=0
[2026-08-17T12:12:51Z INFO  steel_front::engine::renderer] visible=65536/65536 near=65536 far=0 fps=374.0 frame_us=2500 cull_us=1 terrain_us=0 wait_fence_us=2765 acquire_us=1 record_us=61 submit_us=55 present_us=247 terrain_lod=high blend=0.000 quality=中画质 marker=51 npc=42
[2026-08-17T12:12:52Z INFO  steel_front] cam: yaw=0.0 pitch=0.0 dist=3.4 mode=FirstPerson cycle_us=2458 update_us=19 render_us=2439
[2026-08-17T12:12:52Z INFO  steel_front::engine::game] game: wave=1 enemies=6 enemy_hp=100 hp=0/100 score=0 phys_us=3 ai_us=0 audio_us=22 net_us=0
[2026-08-17T12:12:52Z INFO  steel_front::engine::renderer] visible=65536/65536 near=65536 far=0 fps=373.5 frame_us=2263 cull_us=5 terrain_us=0 wait_fence_us=2176 acquire_us=6 record_us=43 submit_us=44 present_us=291 terrain_lod=high blend=0.000 quality=中画质 marker=62 npc=42
[2026-08-17T12:12:53Z INFO  steel_front] cam: yaw=0.0 pitch=0.0 dist=3.4 mode=FirstPerson cycle_us=3420 update_us=31 render_us=3389
[2026-08-17T12:12:53Z INFO  steel_front::engine::game] game: wave=1 enemies=6 enemy_hp=100 hp=0/100 score=0 phys_us=1 ai_us=0 audio_us=35 net_us=0
[2026-08-17T12:12:53Z INFO  steel_front::engine::renderer] visible=65536/65536 near=65536 far=0 fps=373.2 frame_us=2854 cull_us=0 terrain_us=0 wait_fence_us=1917 acquire_us=1 record_us=50 submit_us=44 present_us=205 terrain_lod=high blend=0.000 quality=中画质 marker=50 npc=42
[2026-08-17T12:12:54Z INFO  steel_front] cam: yaw=0.0 pitch=0.0 dist=3.4 mode=FirstPerson cycle_us=2506 update_us=20 render_us=2485
[2026-08-17T12:12:54Z INFO  steel_front::engine::game] game: wave=1 enemies=6 enemy_hp=100 hp=0/100 score=0 phys_us=2 ai_us=0 audio_us=26 net_us=0
[2026-08-17T12:12:54Z INFO  steel_front] size diag: window_inner=2560x1600 hud=2560x1600
[2026-08-17T12:12:54Z INFO  steel_front] size diag: window_inner=2560x1600 hud=2560x1600
[2026-08-17T12:12:54Z INFO  steel_front] size diag: window_inner=2560x1600 hud=2560x1600
[2026-08-17T12:12:54Z INFO  steel_front] size diag: window_inner=2560x1600 hud=2560x1600
[2026-08-17T12:12:54Z INFO  steel_front] size diag: window_inner=2560x1600 hud=2560x1600
[2026-08-17T12:12:54Z INFO  steel_front] size diag: window_inner=2560x1600 hud=2560x1600
[2026-08-17T12:12:54Z INFO  steel_front] size diag: window_inner=2560x1600 hud=2560x1600
[2026-08-17T12:12:54Z INFO  steel_front] size diag: window_inner=2560x1600 hud=2560x1600
[2026-08-17T12:12:54Z INFO  steel_front] size diag: window_inner=2560x1600 hud=2560x1600
[2026-08-17T12:12:54Z INFO  steel_front] size diag: window_inner=2560x1600 hud=2560x1600
[2026-08-17T12:12:54Z INFO  steel_front] size diag: window_inner=2560x1600 hud=2560x1600
[2026-08-17T12:12:54Z INFO  steel_front] size diag: window_inner=2560x1600 hud=2560x1600
[2026-08-17T12:12:54Z INFO  steel_front] size diag: window_inner=2560x1600 hud=2560x1600
[2026-08-17T12:12:54Z INFO  steel_front] size diag: window_inner=2560x1600 hud=2560x1600
[2026-08-17T12:12:54Z INFO  steel_front] size diag: window_inner=2560x1600 hud=2560x1600
[2026-08-17T12:12:54Z INFO  steel_front] size diag: window_inner=2560x1600 hud=2560x1600
[2026-08-17T12:12:54Z INFO  steel_front] size diag: window_inner=2560x1600 hud=2560x1600
[2026-08-17T12:12:54Z INFO  steel_front] size diag: window_inner=2560x1600 hud=2560x1600
[2026-08-17T12:12:54Z INFO  steel_front] size diag: window_inner=2560x1600 hud=2560x1600
[2026-08-17T12:12:54Z INFO  steel_front::engine::renderer] visible=65536/65536 near=65536 far=0 fps=374.6 frame_us=2211 cull_us=0 terrain_us=0 wait_fence_us=2234 acquire_us=1 record_us=54 submit_us=43 present_us=227 terrain_lod=high blend=0.000 quality=中画质 marker=62 npc=42
[2026-08-17T12:12:55Z INFO  steel_front] cam: yaw=0.0 pitch=0.0 dist=3.4 mode=FirstPerson cycle_us=2840 update_us=18 render_us=2822
[2026-08-17T12:12:55Z INFO  steel_front::engine::game] game: wave=1 enemies=6 enemy_hp=100 hp=0/100 score=0 phys_us=2 ai_us=0 audio_us=16 net_us=0
[2026-08-17T12:12:55Z INFO  steel_front::engine::renderer] visible=65536/65536 near=65536 far=0 fps=375.1 frame_us=2554 cull_us=0 terrain_us=0 wait_fence_us=2064 acquire_us=1 record_us=49 submit_us=65 present_us=175 terrain_lod=high blend=0.000 quality=中画质 marker=49 npc=42
[2026-08-17T12:12:56Z INFO  steel_front] cam: yaw=0.0 pitch=0.0 dist=3.4 mode=FirstPerson cycle_us=2342 update_us=35 render_us=2307
[2026-08-17T12:12:56Z INFO  steel_front::engine::game] game: wave=1 enemies=6 enemy_hp=100 hp=0/100 score=0 phys_us=2 ai_us=0 audio_us=13 net_us=0
[2026-08-17T12:12:56Z INFO  steel_front::engine::renderer] visible=65536/65536 near=65536 far=0 fps=375.7 frame_us=2853 cull_us=0 terrain_us=0 wait_fence_us=1681 acquire_us=1 record_us=53 submit_us=80 present_us=385 terrain_lod=high blend=0.000 quality=中画质 marker=62 npc=42
[2026-08-17T12:12:57Z INFO  steel_front] cam: yaw=0.0 pitch=0.0 dist=3.4 mode=FirstPerson cycle_us=3009 update_us=33 render_us=2975
[2026-08-17T12:12:57Z INFO  steel_front::engine::game] game: wave=1 enemies=6 enemy_hp=100 hp=0/100 score=0 phys_us=1 ai_us=0 audio_us=30 net_us=0
[2026-08-17T12:12:57Z INFO  steel_front::engine::renderer] visible=65536/65536 near=65536 far=0 fps=374.6 frame_us=2455 cull_us=0 terrain_us=0 wait_fence_us=2230 acquire_us=1 record_us=52 submit_us=45 present_us=223 terrain_lod=high blend=0.000 quality=中画质 marker=48 npc=42
[2026-08-17T12:12:58Z INFO  steel_front] cam: yaw=0.0 pitch=0.0 dist=3.4 mode=FirstPerson cycle_us=2561 update_us=21 render_us=2540
[2026-08-17T12:12:58Z INFO  steel_front::engine::game] game: wave=1 enemies=6 enemy_hp=100 hp=0/100 score=0 phys_us=1 ai_us=0 audio_us=25 net_us=1
[2026-08-17T12:12:58Z INFO  steel_front::engine::renderer] visible=65536/65536 near=65536 far=0 fps=372.8 frame_us=2197 cull_us=0 terrain_us=0 wait_fence_us=2122 acquire_us=1 record_us=56 submit_us=54 present_us=225 terrain_lod=high blend=0.000 quality=中画质 marker=61 npc=42
[2026-08-17T12:12:59Z INFO  steel_front::engine::game] game: wave=1 enemies=6 enemy_hp=100 hp=0/100 score=0 phys_us=2 ai_us=0 audio_us=13 net_us=0
[2026-08-17T12:12:59Z INFO  steel_front] cam: yaw=0.0 pitch=0.0 dist=3.4 mode=FirstPerson cycle_us=2549 update_us=17 render_us=2531
[2026-08-17T12:12:59Z INFO  steel_front] size diag: window_inner=2560x1600 hud=2560x1600
[2026-08-17T12:12:59Z INFO  steel_front] size diag: window_inner=2560x1600 hud=2560x1600
[2026-08-17T12:12:59Z INFO  steel_front] size diag: window_inner=2560x1600 hud=2560x1600
[2026-08-17T12:12:59Z INFO  steel_front] size diag: window_inner=2560x1600 hud=2560x1600
[2026-08-17T12:12:59Z INFO  steel_front] size diag: window_inner=2560x1600 hud=2560x1600
[2026-08-17T12:12:59Z INFO  steel_front] size diag: window_inner=2560x1600 hud=2560x1600
[2026-08-17T12:12:59Z INFO  steel_front] size diag: window_inner=2560x1600 hud=2560x1600
[2026-08-17T12:12:59Z INFO  steel_front] size diag: window_inner=2560x1600 hud=2560x1600
[2026-08-17T12:12:59Z INFO  steel_front] size diag: window_inner=2560x1600 hud=2560x1600
[2026-08-17T12:12:59Z INFO  steel_front] size diag: window_inner=2560x1600 hud=2560x1600
[2026-08-17T12:12:59Z INFO  steel_front] size diag: window_inner=2560x1600 hud=2560x1600
[2026-08-17T12:12:59Z INFO  steel_front] size diag: window_inner=2560x1600 hud=2560x1600
[2026-08-17T12:12:59Z INFO  steel_front] size diag: window_inner=2560x1600 hud=2560x1600
[2026-08-17T12:12:59Z INFO  steel_front] size diag: window_inner=2560x1600 hud=2560x1600
[2026-08-17T12:12:59Z INFO  steel_front] size diag: window_inner=2560x1600 hud=2560x1600
[2026-08-17T12:12:59Z INFO  steel_front] size diag: window_inner=2560x1600 hud=2560x1600
[2026-08-17T12:12:59Z INFO  steel_front] size diag: window_inner=2560x1600 hud=2560x1600
[2026-08-17T12:12:59Z INFO  steel_front] size diag: window_inner=2560x1600 hud=2560x1600
[2026-08-17T12:12:59Z INFO  steel_front::engine::renderer] visible=65536/65536 near=65536 far=0 fps=374.5 frame_us=2646 cull_us=0 terrain_us=0 wait_fence_us=1996 acquire_us=1 record_us=51 submit_us=74 present_us=208 terrain_lod=high blend=0.000 quality=中画质 marker=47 npc=42
[2026-08-17T12:13:00Z INFO  steel_front::engine::game] game: wave=1 enemies=6 enemy_hp=100 hp=0/100 score=0 phys_us=2 ai_us=0 audio_us=12 net_us=0
[2026-08-17T12:13:00Z INFO  steel_front] cam: yaw=0.0 pitch=0.0 dist=3.4 mode=FirstPerson cycle_us=2925 update_us=16 render_us=2908
[2026-08-17T12:13:00Z INFO  steel_front::engine::renderer] visible=65536/65536 near=65536 far=0 fps=374.6 frame_us=2918 cull_us=1 terrain_us=0 wait_fence_us=2307 acquire_us=1 record_us=76 submit_us=65 present_us=344 terrain_lod=high blend=0.000 quality=中画质 marker=61 npc=42
[2026-08-17T12:13:01Z INFO  steel_front::engine::game] game: wave=1 enemies=6 enemy_hp=100 hp=0/100 score=0 phys_us=1 ai_us=0 audio_us=29 net_us=0
[2026-08-17T12:13:01Z INFO  steel_front] cam: yaw=0.0 pitch=0.0 dist=3.4 mode=FirstPerson cycle_us=2705 update_us=36 render_us=2669
[2026-08-17T12:13:01Z INFO  steel_front::engine::renderer] visible=65536/65536 near=65536 far=0 fps=377.0 frame_us=2454 cull_us=0 terrain_us=0 wait_fence_us=2380 acquire_us=1 record_us=49 submit_us=42 present_us=208 terrain_lod=high blend=0.000 quality=中画质 marker=46 npc=42
[2026-08-17T12:13:02Z INFO  steel_front::engine::game] game: wave=1 enemies=6 enemy_hp=100 hp=0/100 score=0 phys_us=2 ai_us=0 audio_us=28 net_us=0
[2026-08-17T12:13:02Z INFO  steel_front] cam: yaw=0.0 pitch=0.0 dist=3.4 mode=FirstPerson cycle_us=2438 update_us=35 render_us=2402
[2026-08-17T12:13:02Z INFO  steel_front::engine::renderer] visible=65536/65536 near=65536 far=0 fps=383.6 frame_us=2594 cull_us=0 terrain_us=0 wait_fence_us=1912 acquire_us=1 record_us=50 submit_us=77 present_us=210 terrain_lod=high blend=0.000 quality=中画质 marker=62 npc=42
[2026-08-17T12:13:03Z INFO  steel_front::engine::game] game: wave=1 enemies=6 enemy_hp=100 hp=0/100 score=0 phys_us=2 ai_us=0 audio_us=15 net_us=0
[2026-08-17T12:13:03Z INFO  steel_front] cam: yaw=0.0 pitch=0.0 dist=3.4 mode=FirstPerson cycle_us=2838 update_us=19 render_us=2818
[2026-08-17T12:13:03Z INFO  steel_front::engine::renderer] visible=65536/65536 near=65536 far=0 fps=370.2 frame_us=2255 cull_us=0 terrain_us=0 wait_fence_us=2133 acquire_us=1 record_us=26 submit_us=59 present_us=116 terrain_lod=high blend=0.000 quality=中画质 marker=43 npc=42
[2026-08-17T12:13:04Z INFO  steel_front::engine::game] game: wave=1 enemies=6 enemy_hp=100 hp=0/100 score=0 phys_us=2 ai_us=0 audio_us=28 net_us=0
[2026-08-17T12:13:04Z INFO  steel_front] cam: yaw=0.0 pitch=0.0 dist=3.4 mode=FirstPerson cycle_us=2448 update_us=35 render_us=2412
[2026-08-17T12:13:04Z INFO  steel_front] size diag: window_inner=2560x1600 hud=2560x1600
[2026-08-17T12:13:04Z INFO  steel_front] size diag: window_inner=2560x1600 hud=2560x1600
[2026-08-17T12:13:04Z INFO  steel_front] size diag: window_inner=2560x1600 hud=2560x1600
[2026-08-17T12:13:04Z INFO  steel_front] size diag: window_inner=2560x1600 hud=2560x1600
[2026-08-17T12:13:04Z INFO  steel_front] size diag: window_inner=2560x1600 hud=2560x1600
[2026-08-17T12:13:04Z INFO  steel_front] size diag: window_inner=2560x1600 hud=2560x1600
[2026-08-17T12:13:04Z INFO  steel_front] size diag: window_inner=2560x1600 hud=2560x1600
[2026-08-17T12:13:04Z INFO  steel_front] size diag: window_inner=2560x1600 hud=2560x1600
[2026-08-17T12:13:04Z INFO  steel_front] size diag: window_inner=2560x1600 hud=2560x1600
[2026-08-17T12:13:04Z INFO  steel_front] size diag: window_inner=2560x1600 hud=2560x1600
[2026-08-17T12:13:04Z INFO  steel_front] size diag: window_inner=2560x1600 hud=2560x1600
[2026-08-17T12:13:04Z INFO  steel_front] size diag: window_inner=2560x1600 hud=2560x1600
[2026-08-17T12:13:04Z INFO  steel_front] size diag: window_inner=2560x1600 hud=2560x1600
[2026-08-17T12:13:04Z INFO  steel_front] size diag: window_inner=2560x1600 hud=2560x1600
[2026-08-17T12:13:04Z INFO  steel_front] size diag: window_inner=2560x1600 hud=2560x1600
[2026-08-17T12:13:04Z INFO  steel_front] size diag: window_inner=2560x1600 hud=2560x1600
[2026-08-17T12:13:04Z INFO  steel_front] size diag: window_inner=2560x1600 hud=2560x1600
[2026-08-17T12:13:04Z INFO  steel_front] size diag: window_inner=2560x1600 hud=2560x1600
[2026-08-17T12:13:04Z INFO  steel_front] size diag: window_inner=2560x1600 hud=2560x1600
[2026-08-17T12:13:04Z INFO  steel_front::engine::renderer] visible=65536/65536 near=65536 far=0 fps=381.3 frame_us=2179 cull_us=0 terrain_us=0 wait_fence_us=2388 acquire_us=1 record_us=26 submit_us=22 present_us=209 terrain_lod=high blend=0.000 quality=中画质 marker=62 npc=42
[2026-08-17T12:13:05Z INFO  steel_front::engine::game] game: wave=1 enemies=6 enemy_hp=100 hp=0/100 score=0 phys_us=1 ai_us=0 audio_us=27 net_us=0
[2026-08-17T12:13:05Z INFO  steel_front] cam: yaw=0.0 pitch=0.0 dist=3.4 mode=FirstPerson cycle_us=2477 update_us=34 render_us=2442
[2026-08-17T12:13:05Z INFO  steel_front::engine::renderer] visible=65536/65536 near=65536 far=0 fps=383.8 frame_us=2655 cull_us=0 terrain_us=0 wait_fence_us=1938 acquire_us=1 record_us=35 submit_us=44 present_us=328 terrain_lod=high blend=0.000 quality=中画质 marker=43 npc=42
[2026-08-17T12:13:06Z INFO  steel_front::engine::game] game: wave=1 enemies=6 enemy_hp=100 hp=0/100 score=0 phys_us=2 ai_us=0 audio_us=26 net_us=0
[2026-08-17T12:13:06Z INFO  steel_front] cam: yaw=0.0 pitch=0.0 dist=3.4 mode=FirstPerson cycle_us=2493 update_us=35 render_us=2457
[2026-08-17T12:13:06Z INFO  steel_front::engine::renderer] visible=65536/65536 near=65536 far=0 fps=364.4 frame_us=2636 cull_us=1 terrain_us=0 wait_fence_us=1775 acquire_us=1 record_us=68 submit_us=54 present_us=255 terrain_lod=high blend=0.000 quality=中画质 marker=62 npc=42
[2026-08-17T12:13:07Z INFO  steel_front::engine::game] game: wave=1 enemies=6 enemy_hp=100 hp=0/100 score=0 phys_us=3 ai_us=0 audio_us=18 net_us=0
[2026-08-17T12:13:07Z INFO  steel_front] cam: yaw=0.0 pitch=0.0 dist=3.4 mode=FirstPerson cycle_us=2790 update_us=25 render_us=2764
[2026-08-17T12:13:07Z INFO  steel_front::engine::renderer] visible=65536/65536 near=65536 far=0 fps=367.6 frame_us=2413 cull_us=0 terrain_us=0 wait_fence_us=2188 acquire_us=1 record_us=59 submit_us=57 present_us=251 terrain_lod=high blend=0.000 quality=中画质 marker=40 npc=42
[2026-08-17T12:13:08Z INFO  steel_front::engine::game] game: wave=1 enemies=6 enemy_hp=100 hp=0/100 score=0 phys_us=2 ai_us=0 audio_us=23 net_us=0
[2026-08-17T12:13:08Z INFO  steel_front] cam: yaw=0.0 pitch=0.0 dist=3.4 mode=FirstPerson cycle_us=2745 update_us=30 render_us=2714
[2026-08-17T12:13:08Z INFO  steel_front::engine::renderer] visible=65536/65536 near=65536 far=0 fps=369.6 frame_us=2639 cull_us=0 terrain_us=0 wait_fence_us=2179 acquire_us=1 record_us=28 submit_us=26 present_us=130 terrain_lod=high blend=0.000 quality=中画质 marker=62 npc=42
[2026-08-17T12:13:09Z INFO  steel_front::engine::game] game: wave=1 enemies=6 enemy_hp=100 hp=0/100 score=0 phys_us=2 ai_us=0 audio_us=28 net_us=0
[2026-08-17T12:13:09Z INFO  steel_front] cam: yaw=0.0 pitch=0.0 dist=3.4 mode=FirstPerson cycle_us=2465 update_us=35 render_us=2429
[2026-08-17T12:13:09Z INFO  steel_front] size diag: window_inner=2560x1600 hud=2560x1600
[2026-08-17T12:13:09Z INFO  steel_front] size diag: window_inner=2560x1600 hud=2560x1600
[2026-08-17T12:13:09Z INFO  steel_front] size diag: window_inner=2560x1600 hud=2560x1600
[2026-08-17T12:13:09Z INFO  steel_front] size diag: window_inner=2560x1600 hud=2560x1600
[2026-08-17T12:13:09Z INFO  steel_front] size diag: window_inner=2560x1600 hud=2560x1600
[2026-08-17T12:13:09Z INFO  steel_front] size diag: window_inner=2560x1600 hud=2560x1600
[2026-08-17T12:13:09Z INFO  steel_front] size diag: window_inner=2560x1600 hud=2560x1600
[2026-08-17T12:13:09Z INFO  steel_front] size diag: window_inner=2560x1600 hud=2560x1600
[2026-08-17T12:13:09Z INFO  steel_front] size diag: window_inner=2560x1600 hud=2560x1600
[2026-08-17T12:13:09Z INFO  steel_front] size diag: window_inner=2560x1600 hud=2560x1600
[2026-08-17T12:13:09Z INFO  steel_front] size diag: window_inner=2560x1600 hud=2560x1600
[2026-08-17T12:13:09Z INFO  steel_front] size diag: window_inner=2560x1600 hud=2560x1600
[2026-08-17T12:13:09Z INFO  steel_front] size diag: window_inner=2560x1600 hud=2560x1600
[2026-08-17T12:13:09Z INFO  steel_front] size diag: window_inner=2560x1600 hud=2560x1600
[2026-08-17T12:13:09Z INFO  steel_front] size diag: window_inner=2560x1600 hud=2560x1600
[2026-08-17T12:13:09Z INFO  steel_front] size diag: window_inner=2560x1600 hud=2560x1600
[2026-08-17T12:13:09Z INFO  steel_front] size diag: window_inner=2560x1600 hud=2560x1600
[2026-08-17T12:13:09Z INFO  steel_front] size diag: window_inner=2560x1600 hud=2560x1600
[2026-08-17T12:13:09Z INFO  steel_front] size diag: window_inner=2560x1600 hud=2560x1600
[2026-08-17T12:13:09Z INFO  steel_front::engine::renderer] visible=65536/65536 near=65536 far=0 fps=383.2 frame_us=2344 cull_us=0 terrain_us=0 wait_fence_us=1912 acquire_us=0 record_us=51 submit_us=61 present_us=226 terrain_lod=high blend=0.000 quality=中画质 marker=39 npc=42
[2026-08-17T12:13:10Z INFO  steel_front::engine::game] game: wave=1 enemies=6 enemy_hp=100 hp=0/100 score=0 phys_us=2 ai_us=0 audio_us=13 net_us=0
[2026-08-17T12:13:10Z INFO  steel_front] cam: yaw=0.0 pitch=0.0 dist=3.4 mode=FirstPerson cycle_us=2592 update_us=17 render_us=2574
[2026-08-17T12:13:10Z INFO  steel_front::engine::renderer] visible=65536/65536 near=65536 far=0 fps=363.1 frame_us=2118 cull_us=0 terrain_us=0 wait_fence_us=2560 acquire_us=1 record_us=29 submit_us=65 present_us=126 terrain_lod=high blend=0.000 quality=中画质 marker=62 npc=42
[2026-08-17T12:13:11Z INFO  steel_front::engine::game] game: wave=1 enemies=6 enemy_hp=100 hp=0/100 score=0 phys_us=2 ai_us=0 audio_us=11 net_us=0
[2026-08-17T12:13:11Z INFO  steel_front] cam: yaw=0.0 pitch=0.0 dist=3.4 mode=FirstPerson cycle_us=2891 update_us=15 render_us=2875
[2026-08-17T12:13:11Z INFO  steel_front::engine::renderer] visible=65536/65536 near=65536 far=0 fps=381.6 frame_us=2824 cull_us=0 terrain_us=0 wait_fence_us=1926 acquire_us=1 record_us=63 submit_us=87 present_us=278 terrain_lod=high blend=0.000 quality=中画质 marker=38 npc=42
[2026-08-17T12:13:12Z INFO  steel_front::engine::game] game: wave=1 enemies=6 enemy_hp=100 hp=0/100 score=0 phys_us=2 ai_us=0 audio_us=15 net_us=0
[2026-08-17T12:13:12Z INFO  steel_front] cam: yaw=0.0 pitch=0.0 dist=3.4 mode=FirstPerson cycle_us=2838 update_us=20 render_us=2818
[2026-08-17T12:13:12Z INFO  steel_front::engine::renderer] visible=65536/65536 near=65536 far=0 fps=378.8 frame_us=2638 cull_us=0 terrain_us=0 wait_fence_us=1875 acquire_us=1 record_us=51 submit_us=56 present_us=323 terrain_lod=high blend=0.000 quality=中画质 marker=61 npc=42
[2026-08-17T12:13:13Z INFO  steel_front::engine::game] game: wave=1 enemies=6 enemy_hp=100 hp=0/100 score=0 phys_us=1 ai_us=0 audio_us=29 net_us=0
[2026-08-17T12:13:13Z INFO  steel_front] cam: yaw=0.0 pitch=0.0 dist=3.4 mode=FirstPerson cycle_us=2429 update_us=36 render_us=2392
[2026-08-17T12:13:13Z INFO  steel_front::engine::renderer] visible=65536/65536 near=65536 far=0 fps=349.0 frame_us=2979 cull_us=0 terrain_us=0 wait_fence_us=1851 acquire_us=1 record_us=64 submit_us=68 present_us=256 terrain_lod=high blend=0.000 quality=中画质 marker=38 npc=42
[2026-08-17T12:13:14Z INFO  steel_front] size diag: window_inner=2560x1600 hud=2560x1600
[2026-08-17T12:13:14Z INFO  steel_front::engine::game] game: wave=1 enemies=6 enemy_hp=100 hp=0/100 score=0 phys_us=1 ai_us=0 audio_us=34 net_us=0
[2026-08-17T12:13:14Z INFO  steel_front] size diag: window_inner=2560x1600 hud=2560x1600
[2026-08-17T12:13:14Z INFO  steel_front] cam: yaw=0.0 pitch=0.0 dist=3.4 mode=FirstPerson cycle_us=3088 update_us=186 render_us=2901
[2026-08-17T12:13:14Z INFO  steel_front] size diag: window_inner=2560x1600 hud=2560x1600
[2026-08-17T12:13:14Z INFO  steel_front] size diag: window_inner=2560x1600 hud=2560x1600
[2026-08-17T12:13:14Z INFO  steel_front] size diag: window_inner=2560x1600 hud=2560x1600
[2026-08-17T12:13:14Z INFO  steel_front] size diag: window_inner=2560x1600 hud=2560x1600
[2026-08-17T12:13:14Z INFO  steel_front] size diag: window_inner=2560x1600 hud=2560x1600
[2026-08-17T12:13:14Z INFO  steel_front] size diag: window_inner=2560x1600 hud=2560x1600
[2026-08-17T12:13:14Z INFO  steel_front] size diag: window_inner=2560x1600 hud=2560x1600
[2026-08-17T12:13:14Z INFO  steel_front] size diag: window_inner=2560x1600 hud=2560x1600
[2026-08-17T12:13:14Z INFO  steel_front] size diag: window_inner=2560x1600 hud=2560x1600
[2026-08-17T12:13:14Z INFO  steel_front] size diag: window_inner=2560x1600 hud=2560x1600
[2026-08-17T12:13:14Z INFO  steel_front] size diag: window_inner=2560x1600 hud=2560x1600
[2026-08-17T12:13:14Z INFO  steel_front] size diag: window_inner=2560x1600 hud=2560x1600
[2026-08-17T12:13:14Z INFO  steel_front] size diag: window_inner=2560x1600 hud=2560x1600
[2026-08-17T12:13:14Z INFO  steel_front] size diag: window_inner=2560x1600 hud=2560x1600
[2026-08-17T12:13:14Z INFO  steel_front] size diag: window_inner=2560x1600 hud=2560x1600
[2026-08-17T12:13:14Z INFO  steel_front] size diag: window_inner=2560x1600 hud=2560x1600
[2026-08-17T12:13:14Z INFO  steel_front::engine::renderer] visible=65536/65536 near=65536 far=0 fps=364.2 frame_us=2332 cull_us=1 terrain_us=0 wait_fence_us=2418 acquire_us=1 record_us=42 submit_us=66 present_us=162 terrain_lod=high blend=0.000 quality=中画质 marker=61 npc=42
[2026-08-17T12:13:15Z INFO  steel_front::engine::game] game: wave=1 enemies=6 enemy_hp=100 hp=0/100 score=0 phys_us=2 ai_us=0 audio_us=12 net_us=0
[2026-08-17T12:13:15Z INFO  steel_front] cam: yaw=0.0 pitch=0.0 dist=3.4 mode=FirstPerson cycle_us=2601 update_us=442 render_us=2159
[2026-08-17T12:13:15Z INFO  steel_front::engine::renderer] visible=65536/65536 near=65536 far=0 fps=374.7 frame_us=2613 cull_us=0 terrain_us=0 wait_fence_us=2000 acquire_us=1 record_us=51 submit_us=80 present_us=212 terrain_lod=high blend=0.000 quality=中画质 marker=36 npc=42
[2026-08-17T12:13:16Z INFO  steel_front::engine::game] game: wave=1 enemies=6 enemy_hp=100 hp=0/100 score=0 phys_us=2 ai_us=0 audio_us=25 net_us=0
[2026-08-17T12:13:16Z INFO  steel_front] cam: yaw=0.0 pitch=0.0 dist=3.4 mode=FirstPerson cycle_us=2654 update_us=546 render_us=2107
[2026-08-17T12:13:16Z INFO  steel_front::engine::renderer] visible=65536/65536 near=65536 far=0 fps=373.3 frame_us=2285 cull_us=0 terrain_us=0 wait_fence_us=1904 acquire_us=0 record_us=54 submit_us=52 present_us=219 terrain_lod=high blend=0.000 quality=中画质 marker=62 npc=42
[2026-08-17T12:13:17Z INFO  steel_front::engine::game] game: wave=1 enemies=6 enemy_hp=100 hp=0/100 score=0 phys_us=2 ai_us=0 audio_us=30 net_us=0
[2026-08-17T12:13:17Z INFO  steel_front] cam: yaw=0.0 pitch=0.0 dist=3.4 mode=FirstPerson cycle_us=2794 update_us=509 render_us=2285
[2026-08-17T12:13:17Z INFO  steel_front::engine::renderer] visible=65536/65536 near=65536 far=0 fps=369.6 frame_us=2296 cull_us=0 terrain_us=0 wait_fence_us=2271 acquire_us=1 record_us=51 submit_us=57 present_us=214 terrain_lod=high blend=0.000 quality=中画质 marker=36 npc=42
[2026-08-17T12:13:18Z INFO  steel_front::engine::game] game: wave=1 enemies=6 enemy_hp=100 hp=0/100 score=0 phys_us=3 ai_us=0 audio_us=32 net_us=0
[2026-08-17T12:13:18Z INFO  steel_front] cam: yaw=0.0 pitch=0.0 dist=3.4 mode=FirstPerson cycle_us=2882 update_us=23 render_us=2859
[2026-08-17T12:13:18Z INFO  steel_front::engine::renderer] visible=65536/65536 near=65536 far=0 fps=376.2 frame_us=2651 cull_us=1 terrain_us=0 wait_fence_us=1860 acquire_us=2 record_us=118 submit_us=42 present_us=218 terrain_lod=high blend=0.000 quality=中画质 marker=62 npc=42
[2026-08-17T12:13:19Z INFO  steel_front] size diag: window_inner=2560x1600 hud=2560x1600
[2026-08-17T12:13:19Z INFO  steel_front] size diag: window_inner=2560x1600 hud=2560x1600
[2026-08-17T12:13:19Z INFO  steel_front] size diag: window_inner=2560x1600 hud=2560x1600
[2026-08-17T12:13:19Z INFO  steel_front] size diag: window_inner=2560x1600 hud=2560x1600
[2026-08-17T12:13:19Z INFO  steel_front::engine::game] game: wave=1 enemies=6 enemy_hp=100 hp=0/100 score=0 phys_us=1 ai_us=0 audio_us=28 net_us=0
[2026-08-17T12:13:19Z INFO  steel_front] size diag: window_inner=2560x1600 hud=2560x1600
[2026-08-17T12:13:19Z INFO  steel_front] size diag: window_inner=2560x1600 hud=2560x1600
[2026-08-17T12:13:19Z INFO  steel_front] cam: yaw=0.0 pitch=0.0 dist=3.4 mode=FirstPerson cycle_us=2276 update_us=39 render_us=2236
[2026-08-17T12:13:19Z INFO  steel_front] size diag: window_inner=2560x1600 hud=2560x1600
[2026-08-17T12:13:19Z INFO  steel_front] size diag: window_inner=2560x1600 hud=2560x1600
[2026-08-17T12:13:19Z INFO  steel_front] size diag: window_inner=2560x1600 hud=2560x1600
[2026-08-17T12:13:19Z INFO  steel_front] size diag: window_inner=2560x1600 hud=2560x1600
[2026-08-17T12:13:19Z INFO  steel_front] size diag: window_inner=2560x1600 hud=2560x1600
[2026-08-17T12:13:19Z INFO  steel_front] size diag: window_inner=2560x1600 hud=2560x1600
[2026-08-17T12:13:19Z INFO  steel_front] size diag: window_inner=2560x1600 hud=2560x1600
[2026-08-17T12:13:19Z INFO  steel_front] size diag: window_inner=2560x1600 hud=2560x1600
[2026-08-17T12:13:19Z INFO  steel_front] size diag: window_inner=2560x1600 hud=2560x1600
[2026-08-17T12:13:19Z INFO  steel_front] size diag: window_inner=2560x1600 hud=2560x1600
[2026-08-17T12:13:19Z INFO  steel_front] size diag: window_inner=2560x1600 hud=2560x1600
[2026-08-17T12:13:19Z INFO  steel_front] size diag: window_inner=2560x1600 hud=2560x1600
[2026-08-17T12:13:19Z INFO  steel_front] size diag: window_inner=2560x1600 hud=2560x1600
[2026-08-17T12:13:19Z INFO  steel_front] size diag: window_inner=2560x1600 hud=2560x1600
[2026-08-17T12:13:19Z INFO  steel_front::engine::renderer] visible=65536/65536 near=65536 far=0 fps=383.6 frame_us=2299 cull_us=0 terrain_us=0 wait_fence_us=2103 acquire_us=1 record_us=54 submit_us=32 present_us=128 terrain_lod=high blend=0.000 quality=中画质 marker=36 npc=42
[2026-08-17T12:13:20Z INFO  steel_front::engine::game] game: wave=1 enemies=6 enemy_hp=100 hp=0/100 score=0 phys_us=1 ai_us=0 audio_us=12 net_us=0
[2026-08-17T12:13:20Z INFO  steel_front] cam: yaw=0.0 pitch=0.0 dist=3.4 mode=FirstPerson cycle_us=2356 update_us=35 render_us=2320
[2026-08-17T12:13:20Z INFO  steel_front::engine::renderer] visible=65536/65536 near=65536 far=0 fps=382.2 frame_us=2131 cull_us=0 terrain_us=0 wait_fence_us=2467 acquire_us=1 record_us=29 submit_us=25 present_us=134 terrain_lod=high blend=0.000 quality=中画质 marker=62 npc=42
[2026-08-17T12:13:21Z INFO  steel_front::engine::game] game: wave=1 enemies=6 enemy_hp=100 hp=0/100 score=0 phys_us=2 ai_us=0 audio_us=28 net_us=0
[2026-08-17T12:13:21Z INFO  steel_front] cam: yaw=0.0 pitch=0.0 dist=3.4 mode=FirstPerson cycle_us=2857 update_us=16 render_us=2841
[2026-08-17T12:13:21Z INFO  steel_front::engine::renderer] visible=65536/65536 near=65536 far=0 fps=383.1 frame_us=3013 cull_us=1 terrain_us=0 wait_fence_us=1275 acquire_us=1 record_us=138 submit_us=122 present_us=490 terrain_lod=high blend=0.000 quality=中画质 marker=36 npc=42
[2026-08-17T12:13:22Z INFO  steel_front::engine::game] game: wave=1 enemies=6 enemy_hp=100 hp=0/100 score=0 phys_us=1 ai_us=0 audio_us=15 net_us=0
[2026-08-17T12:13:22Z INFO  steel_front] cam: yaw=0.0 pitch=0.0 dist=3.4 mode=FirstPerson cycle_us=2894 update_us=33 render_us=2860
[2026-08-17T12:13:22Z INFO  steel_front::engine::renderer] visible=65536/65536 near=65536 far=0 fps=361.1 frame_us=2497 cull_us=0 terrain_us=0 wait_fence_us=2036 acquire_us=1 record_us=56 submit_us=46 present_us=403 terrain_lod=high blend=0.000 quality=中画质 marker=62 npc=42
[2026-08-17T12:13:23Z INFO  steel_front::engine::game] game: wave=1 enemies=6 enemy_hp=100 hp=0/100 score=0 phys_us=4 ai_us=0 audio_us=27 net_us=0
[2026-08-17T12:13:23Z INFO  steel_front] cam: yaw=0.0 pitch=0.0 dist=3.4 mode=FirstPerson cycle_us=2327 update_us=37 render_us=2290
[2026-08-17T12:13:23Z INFO  steel_front::engine::renderer] visible=65536/65536 near=65536 far=0 fps=380.4 frame_us=2761 cull_us=0 terrain_us=0 wait_fence_us=1745 acquire_us=1 record_us=97 submit_us=93 present_us=350 terrain_lod=high blend=0.000 quality=中画质 marker=36 npc=42
[2026-08-17T12:13:24Z INFO  steel_front] size diag: window_inner=2560x1600 hud=2560x1600
[2026-08-17T12:13:24Z INFO  steel_front] size diag: window_inner=2560x1600 hud=2560x1600
[2026-08-17T12:13:24Z INFO  steel_front] size diag: window_inner=2560x1600 hud=2560x1600
[2026-08-17T12:13:24Z INFO  steel_front] size diag: window_inner=2560x1600 hud=2560x1600
[2026-08-17T12:13:24Z INFO  steel_front] size diag: window_inner=2560x1600 hud=2560x1600
[2026-08-17T12:13:24Z INFO  steel_front] size diag: window_inner=2560x1600 hud=2560x1600
[2026-08-17T12:13:24Z INFO  steel_front::engine::game] game: wave=1 enemies=6 enemy_hp=100 hp=0/100 score=0 phys_us=2 ai_us=0 audio_us=30 net_us=0
[2026-08-17T12:13:24Z INFO  steel_front] size diag: window_inner=2560x1600 hud=2560x1600
[2026-08-17T12:13:24Z INFO  steel_front] size diag: window_inner=2560x1600 hud=2560x1600
[2026-08-17T12:13:24Z INFO  steel_front] cam: yaw=0.0 pitch=0.0 dist=3.4 mode=FirstPerson cycle_us=2492 update_us=26 render_us=2465
[2026-08-17T12:13:24Z INFO  steel_front] size diag: window_inner=2560x1600 hud=2560x1600
[2026-08-17T12:13:24Z INFO  steel_front] size diag: window_inner=2560x1600 hud=2560x1600
[2026-08-17T12:13:24Z INFO  steel_front] size diag: window_inner=2560x1600 hud=2560x1600
[2026-08-17T12:13:24Z INFO  steel_front] size diag: window_inner=2560x1600 hud=2560x1600
[2026-08-17T12:13:24Z INFO  steel_front] size diag: window_inner=2560x1600 hud=2560x1600
[2026-08-17T12:13:24Z INFO  steel_front] size diag: window_inner=2560x1600 hud=2560x1600
[2026-08-17T12:13:24Z INFO  steel_front] size diag: window_inner=2560x1600 hud=2560x1600
[2026-08-17T12:13:24Z INFO  steel_front] size diag: window_inner=2560x1600 hud=2560x1600
[2026-08-17T12:13:24Z INFO  steel_front] size diag: window_inner=2560x1600 hud=2560x1600
[2026-08-17T12:13:24Z INFO  steel_front] size diag: window_inner=2560x1600 hud=2560x1600
[2026-08-17T12:13:24Z INFO  steel_front::engine::renderer] visible=65536/65536 near=65536 far=0 fps=356.7 frame_us=2546 cull_us=0 terrain_us=0 wait_fence_us=1793 acquire_us=1 record_us=55 submit_us=58 present_us=227 terrain_lod=high blend=0.000 quality=中画质 marker=61 npc=42
[2026-08-17T12:13:25Z INFO  steel_front::engine::game] game: wave=1 enemies=6 enemy_hp=100 hp=0/100 score=0 phys_us=2 ai_us=0 audio_us=34 net_us=0
[2026-08-17T12:13:25Z INFO  steel_front] cam: yaw=0.0 pitch=0.0 dist=3.4 mode=FirstPerson cycle_us=2738 update_us=32 render_us=2705
[2026-08-17T12:13:25Z INFO  steel_front::engine::renderer] visible=65536/65536 near=65536 far=0 fps=350.3 frame_us=2305 cull_us=0 terrain_us=0 wait_fence_us=2401 acquire_us=1 record_us=39 submit_us=52 present_us=179 terrain_lod=high blend=0.000 quality=中画质 marker=36 npc=42
[2026-08-17T12:13:26Z INFO  steel_front::engine::game] game: wave=1 enemies=6 enemy_hp=100 hp=0/100 score=0 phys_us=1 ai_us=0 audio_us=14 net_us=0
[2026-08-17T12:13:26Z INFO  steel_front] cam: yaw=0.0 pitch=0.0 dist=3.4 mode=FirstPerson cycle_us=2791 update_us=37 render_us=2753
[2026-08-17T12:13:26Z INFO  steel_front::engine::renderer] visible=65536/65536 near=65536 far=0 fps=365.8 frame_us=2303 cull_us=0 terrain_us=0 wait_fence_us=2372 acquire_us=1 record_us=121 submit_us=49 present_us=232 terrain_lod=high blend=0.000 quality=中画质 marker=61 npc=42
[2026-08-17T12:13:27Z INFO  steel_front::engine::game] game: wave=1 enemies=6 enemy_hp=100 hp=0/100 score=0 phys_us=2 ai_us=0 audio_us=26 net_us=0
[2026-08-17T12:13:27Z INFO  steel_front] cam: yaw=0.0 pitch=0.0 dist=3.4 mode=FirstPerson cycle_us=2997 update_us=17 render_us=2979
[2026-08-17T12:13:27Z INFO  steel_front::engine::renderer] visible=65536/65536 near=65536 far=0 fps=358.9 frame_us=2553 cull_us=0 terrain_us=0 wait_fence_us=2041 acquire_us=1 record_us=34 submit_us=30 present_us=236 terrain_lod=high blend=0.000 quality=中画质 marker=36 npc=42
[2026-08-17T12:13:28Z INFO  steel_front::engine::game] game: wave=1 enemies=6 enemy_hp=100 hp=0/100 score=0 phys_us=1 ai_us=0 audio_us=20 net_us=0
[2026-08-17T12:13:28Z INFO  steel_front] cam: yaw=0.0 pitch=0.0 dist=3.4 mode=FirstPerson cycle_us=2643 update_us=33 render_us=2609
[2026-08-17T12:13:28Z INFO  steel_front::engine::renderer] visible=65536/65536 near=65536 far=0 fps=368.4 frame_us=2684 cull_us=0 terrain_us=0 wait_fence_us=1995 acquire_us=0 record_us=61 submit_us=51 present_us=323 terrain_lod=high blend=0.000 quality=中画质 marker=61 npc=42
[2026-08-17T12:13:29Z INFO  steel_front] size diag: window_inner=2560x1600 hud=2560x1600
[2026-08-17T12:13:29Z INFO  steel_front] size diag: window_inner=2560x1600 hud=2560x1600
[2026-08-17T12:13:29Z INFO  steel_front] size diag: window_inner=2560x1600 hud=2560x1600
[2026-08-17T12:13:29Z INFO  steel_front] size diag: window_inner=2560x1600 hud=2560x1600
[2026-08-17T12:13:29Z INFO  steel_front] size diag: window_inner=2560x1600 hud=2560x1600
[2026-08-17T12:13:29Z INFO  steel_front] size diag: window_inner=2560x1600 hud=2560x1600
[2026-08-17T12:13:29Z INFO  steel_front] size diag: window_inner=2560x1600 hud=2560x1600
[2026-08-17T12:13:29Z INFO  steel_front] size diag: window_inner=2560x1600 hud=2560x1600
[2026-08-17T12:13:29Z INFO  steel_front::engine::game] game: wave=1 enemies=6 enemy_hp=100 hp=0/100 score=0 phys_us=2 ai_us=0 audio_us=28 net_us=0
[2026-08-17T12:13:29Z INFO  steel_front] size diag: window_inner=2560x1600 hud=2560x1600
[2026-08-17T12:13:29Z INFO  steel_front] size diag: window_inner=2560x1600 hud=2560x1600
[2026-08-17T12:13:29Z INFO  steel_front] size diag: window_inner=2560x1600 hud=2560x1600
[2026-08-17T12:13:29Z INFO  steel_front] size diag: window_inner=2560x1600 hud=2560x1600
[2026-08-17T12:13:29Z INFO  steel_front] cam: yaw=0.0 pitch=0.0 dist=3.4 mode=FirstPerson cycle_us=2767 update_us=19 render_us=2747
[2026-08-17T12:13:29Z INFO  steel_front] size diag: window_inner=2560x1600 hud=2560x1600
[2026-08-17T12:13:29Z INFO  steel_front] size diag: window_inner=2560x1600 hud=2560x1600
[2026-08-17T12:13:29Z INFO  steel_front] size diag: window_inner=2560x1600 hud=2560x1600
[2026-08-17T12:13:29Z INFO  steel_front] size diag: window_inner=2560x1600 hud=2560x1600
[2026-08-17T12:13:29Z INFO  steel_front] size diag: window_inner=2560x1600 hud=2560x1600
[2026-08-17T12:13:29Z INFO  steel_front] size diag: window_inner=2560x1600 hud=2560x1600
[2026-08-17T12:13:29Z INFO  steel_front::engine::renderer] visible=65536/65536 near=65536 far=0 fps=372.4 frame_us=2229 cull_us=0 terrain_us=0 wait_fence_us=2227 acquire_us=0 record_us=51 submit_us=48 present_us=207 terrain_lod=high blend=0.000 quality=中画质 marker=36 npc=42
[2026-08-17T12:13:30Z INFO  steel_front::engine::game] game: wave=1 enemies=6 enemy_hp=100 hp=0/100 score=0 phys_us=2 ai_us=0 audio_us=23 net_us=0
[2026-08-17T12:13:30Z INFO  steel_front] cam: yaw=0.0 pitch=0.0 dist=3.4 mode=FirstPerson cycle_us=2702 update_us=19 render_us=2682
[2026-08-17T12:13:30Z INFO  steel_front::engine::renderer] visible=65536/65536 near=65536 far=0 fps=371.8 frame_us=2392 cull_us=0 terrain_us=0 wait_fence_us=2162 acquire_us=1 record_us=28 submit_us=25 present_us=121 terrain_lod=high blend=0.000 quality=中画质 marker=62 npc=42
[2026-08-17T12:13:31Z INFO  steel_front::engine::game] game: wave=1 enemies=6 enemy_hp=100 hp=0/100 score=0 phys_us=2 ai_us=0 audio_us=25 net_us=0
[2026-08-17T12:13:31Z INFO  steel_front] cam: yaw=0.0 pitch=0.0 dist=3.4 mode=FirstPerson cycle_us=2997 update_us=16 render_us=2980
[2026-08-17T12:13:31Z INFO  steel_front::engine::renderer] visible=65536/65536 near=65536 far=0 fps=371.9 frame_us=2701 cull_us=1 terrain_us=0 wait_fence_us=2069 acquire_us=1 record_us=109 submit_us=95 present_us=290 terrain_lod=high blend=0.000 quality=中画质 marker=36 npc=42
[2026-08-17T12:13:32Z INFO  steel_front::engine::game] game: wave=1 enemies=6 enemy_hp=100 hp=0/100 score=0 phys_us=2 ai_us=0 audio_us=25 net_us=0
[2026-08-17T12:13:32Z INFO  steel_front] cam: yaw=0.0 pitch=0.0 dist=3.4 mode=FirstPerson cycle_us=2761 update_us=21 render_us=2740
[2026-08-17T12:13:32Z INFO  steel_front::engine::renderer] visible=65536/65536 near=65536 far=0 fps=373.8 frame_us=2555 cull_us=1 terrain_us=0 wait_fence_us=2121 acquire_us=1 record_us=71 submit_us=62 present_us=533 terrain_lod=high blend=0.000 quality=中画质 marker=61 npc=42
[2026-08-17T12:13:33Z INFO  steel_front::engine::game] game: wave=1 enemies=6 enemy_hp=100 hp=0/100 score=0 phys_us=2 ai_us=0 audio_us=32 net_us=0
[2026-08-17T12:13:33Z INFO  steel_front] cam: yaw=0.0 pitch=0.0 dist=3.4 mode=FirstPerson cycle_us=2639 update_us=21 render_us=2617
[2026-08-17T12:13:33Z INFO  steel_front::engine::renderer] visible=65536/65536 near=65536 far=0 fps=368.0 frame_us=2309 cull_us=0 terrain_us=0 wait_fence_us=2189 acquire_us=1 record_us=52 submit_us=51 present_us=270 terrain_lod=high blend=0.000 quality=中画质 marker=36 npc=42
[2026-08-17T12:13:34Z INFO  steel_front] size diag: window_inner=2560x1600 hud=2560x1600
[2026-08-17T12:13:34Z INFO  steel_front] size diag: window_inner=2560x1600 hud=2560x1600
[2026-08-17T12:13:34Z INFO  steel_front] size diag: window_inner=2560x1600 hud=2560x1600
[2026-08-17T12:13:34Z INFO  steel_front] size diag: window_inner=2560x1600 hud=2560x1600
[2026-08-17T12:13:34Z INFO  steel_front] size diag: window_inner=2560x1600 hud=2560x1600
[2026-08-17T12:13:34Z INFO  steel_front] size diag: window_inner=2560x1600 hud=2560x1600
[2026-08-17T12:13:34Z INFO  steel_front] size diag: window_inner=2560x1600 hud=2560x1600
[2026-08-17T12:13:34Z INFO  steel_front] size diag: window_inner=2560x1600 hud=2560x1600
[2026-08-17T12:13:34Z INFO  steel_front] size diag: window_inner=2560x1600 hud=2560x1600
[2026-08-17T12:13:34Z INFO  steel_front] size diag: window_inner=2560x1600 hud=2560x1600
[2026-08-17T12:13:34Z INFO  steel_front] size diag: window_inner=2560x1600 hud=2560x1600
[2026-08-17T12:13:34Z INFO  steel_front::engine::game] game: wave=1 enemies=6 enemy_hp=100 hp=0/100 score=0 phys_us=2 ai_us=1 audio_us=22 net_us=1
[2026-08-17T12:13:34Z INFO  steel_front] size diag: window_inner=2560x1600 hud=2560x1600
[2026-08-17T12:13:34Z INFO  steel_front] size diag: window_inner=2560x1600 hud=2560x1600
[2026-08-17T12:13:34Z INFO  steel_front] size diag: window_inner=2560x1600 hud=2560x1600
[2026-08-17T12:13:34Z INFO  steel_front] size diag: window_inner=2560x1600 hud=2560x1600
[2026-08-17T12:13:34Z INFO  steel_front] size diag: window_inner=2560x1600 hud=2560x1600
[2026-08-17T12:13:34Z INFO  steel_front] cam: yaw=0.0 pitch=0.0 dist=3.4 mode=FirstPerson cycle_us=2744 update_us=31 render_us=2713
[2026-08-17T12:13:34Z INFO  steel_front] size diag: window_inner=2560x1600 hud=2560x1600
[2026-08-17T12:13:34Z INFO  steel_front] size diag: window_inner=2560x1600 hud=2560x1600
[2026-08-17T12:13:34Z INFO  steel_front::engine::renderer] visible=65536/65536 near=65536 far=0 fps=366.2 frame_us=3200 cull_us=1 terrain_us=0 wait_fence_us=1859 acquire_us=1 record_us=71 submit_us=96 present_us=451 terrain_lod=high blend=0.000 quality=中画质 marker=61 npc=42
[2026-08-17T12:13:35Z INFO  steel_front::engine::game] game: wave=1 enemies=6 enemy_hp=100 hp=0/100 score=0 phys_us=1 ai_us=0 audio_us=24 net_us=0
[2026-08-17T12:13:35Z INFO  steel_front] cam: yaw=0.0 pitch=0.0 dist=3.4 mode=FirstPerson cycle_us=2311 update_us=34 render_us=2276
[2026-08-17T12:13:35Z INFO  steel_front::engine::renderer] visible=65536/65536 near=65536 far=0 fps=364.8 frame_us=2664 cull_us=0 terrain_us=0 wait_fence_us=1878 acquire_us=0 record_us=58 submit_us=48 present_us=239 terrain_lod=high blend=0.000 quality=中画质 marker=36 npc=42
[2026-08-17T12:13:36Z INFO  steel_front::engine::game] game: wave=1 enemies=6 enemy_hp=100 hp=0/100 score=0 phys_us=2 ai_us=0 audio_us=13 net_us=0
[2026-08-17T12:13:36Z INFO  steel_front] cam: yaw=0.0 pitch=0.0 dist=3.4 mode=FirstPerson cycle_us=2418 update_us=35 render_us=2383
[2026-08-17T12:13:36Z INFO  steel_front::engine::renderer] visible=65536/65536 near=65536 far=0 fps=365.1 frame_us=2335 cull_us=0 terrain_us=0 wait_fence_us=2210 acquire_us=1 record_us=50 submit_us=50 present_us=214 terrain_lod=high blend=0.000 quality=中画质 marker=62 npc=42
[2026-08-17T12:13:37Z INFO  steel_front::engine::game] game: wave=1 enemies=6 enemy_hp=100 hp=0/100 score=0 phys_us=2 ai_us=0 audio_us=15 net_us=0
[2026-08-17T12:13:37Z INFO  steel_front] cam: yaw=0.0 pitch=0.0 dist=3.4 mode=FirstPerson cycle_us=2520 update_us=19 render_us=2500
[2026-08-17T12:13:37Z INFO  steel_front::engine::renderer] visible=65536/65536 near=65536 far=0 fps=374.7 frame_us=2782 cull_us=0 terrain_us=0 wait_fence_us=1983 acquire_us=1 record_us=59 submit_us=70 present_us=226 terrain_lod=high blend=0.000 quality=中画质 marker=36 npc=42
[2026-08-17T12:13:38Z INFO  steel_front::engine::game] game: wave=1 enemies=6 enemy_hp=100 hp=0/100 score=0 phys_us=1 ai_us=0 audio_us=15 net_us=0
[2026-08-17T12:13:38Z INFO  steel_front] cam: yaw=0.0 pitch=0.0 dist=3.4 mode=FirstPerson cycle_us=2195 update_us=40 render_us=2154
[2026-08-17T12:13:38Z INFO  steel_front::engine::renderer] visible=65536/65536 near=65536 far=0 fps=369.6 frame_us=2765 cull_us=0 terrain_us=0 wait_fence_us=1827 acquire_us=1 record_us=59 submit_us=50 present_us=346 terrain_lod=high blend=0.000 quality=中画质 marker=62 npc=42
[2026-08-17T12:13:39Z INFO  steel_front] size diag: window_inner=2560x1600 hud=2560x1600
[2026-08-17T12:13:39Z INFO  steel_front] size diag: window_inner=2560x1600 hud=2560x1600
[2026-08-17T12:13:39Z INFO  steel_front] size diag: window_inner=2560x1600 hud=2560x1600
[2026-08-17T12:13:39Z INFO  steel_front] size diag: window_inner=2560x1600 hud=2560x1600
[2026-08-17T12:13:39Z INFO  steel_front] size diag: window_inner=2560x1600 hud=2560x1600
[2026-08-17T12:13:39Z INFO  steel_front] size diag: window_inner=2560x1600 hud=2560x1600
[2026-08-17T12:13:39Z INFO  steel_front] size diag: window_inner=2560x1600 hud=2560x1600
[2026-08-17T12:13:39Z INFO  steel_front] size diag: window_inner=2560x1600 hud=2560x1600
[2026-08-17T12:13:39Z INFO  steel_front] size diag: window_inner=2560x1600 hud=2560x1600
[2026-08-17T12:13:39Z INFO  steel_front] size diag: window_inner=2560x1600 hud=2560x1600
[2026-08-17T12:13:39Z INFO  steel_front] size diag: window_inner=2560x1600 hud=2560x1600
[2026-08-17T12:13:39Z INFO  steel_front] size diag: window_inner=2560x1600 hud=2560x1600
[2026-08-17T12:13:39Z INFO  steel_front] size diag: window_inner=2560x1600 hud=2560x1600
[2026-08-17T12:13:39Z INFO  steel_front] size diag: window_inner=2560x1600 hud=2560x1600
[2026-08-17T12:13:39Z INFO  steel_front::engine::game] game: wave=1 enemies=6 enemy_hp=100 hp=0/100 score=0 phys_us=2 ai_us=0 audio_us=30 net_us=0
[2026-08-17T12:13:39Z INFO  steel_front] size diag: window_inner=2560x1600 hud=2560x1600
[2026-08-17T12:13:39Z INFO  steel_front] size diag: window_inner=2560x1600 hud=2560x1600
[2026-08-17T12:13:39Z INFO  steel_front] size diag: window_inner=2560x1600 hud=2560x1600
[2026-08-17T12:13:39Z INFO  steel_front] size diag: window_inner=2560x1600 hud=2560x1600
[2026-08-17T12:13:39Z INFO  steel_front] size diag: window_inner=2560x1600 hud=2560x1600
[2026-08-17T12:13:39Z INFO  steel_front] cam: yaw=0.0 pitch=0.0 dist=3.4 mode=FirstPerson cycle_us=2407 update_us=31 render_us=2375
[2026-08-17T12:13:39Z INFO  steel_front::engine::renderer] visible=65536/65536 near=65536 far=0 fps=371.0 frame_us=2466 cull_us=0 terrain_us=0 wait_fence_us=2484 acquire_us=1 record_us=54 submit_us=54 present_us=221 terrain_lod=high blend=0.000 quality=中画质 marker=36 npc=42
[2026-08-17T12:13:40Z INFO  steel_front::engine::game] game: wave=1 enemies=6 enemy_hp=100 hp=0/100 score=0 phys_us=2 ai_us=0 audio_us=26 net_us=0
[2026-08-17T12:13:40Z INFO  steel_front] cam: yaw=0.0 pitch=0.0 dist=3.4 mode=FirstPerson cycle_us=2634 update_us=34 render_us=2600
[2026-08-17T12:13:40Z INFO  steel_front::engine::renderer] visible=65536/65536 near=65536 far=0 fps=371.0 frame_us=2577 cull_us=1 terrain_us=0 wait_fence_us=2149 acquire_us=1 record_us=71 submit_us=68 present_us=386 terrain_lod=high blend=0.000 quality=中画质 marker=61 npc=42
[2026-08-17T12:13:41Z INFO  steel_front::engine::game] game: wave=1 enemies=6 enemy_hp=100 hp=0/100 score=0 phys_us=3 ai_us=0 audio_us=15 net_us=0
[2026-08-17T12:13:41Z INFO  steel_front] cam: yaw=0.0 pitch=0.0 dist=3.4 mode=FirstPerson cycle_us=2666 update_us=37 render_us=2629
[2026-08-17T12:13:41Z INFO  steel_front::engine::renderer] visible=65536/65536 near=65536 far=0 fps=373.8 frame_us=2702 cull_us=0 terrain_us=0 wait_fence_us=1883 acquire_us=1 record_us=53 submit_us=70 present_us=252 terrain_lod=high blend=0.000 quality=中画质 marker=36 npc=42
[2026-08-17T12:13:42Z INFO  steel_front::engine::game] game: wave=1 enemies=6 enemy_hp=100 hp=0/100 score=0 phys_us=5 ai_us=0 audio_us=13 net_us=0
[2026-08-17T12:13:42Z INFO  steel_front] cam: yaw=0.0 pitch=0.0 dist=3.4 mode=FirstPerson cycle_us=2644 update_us=19 render_us=2625
[2026-08-17T12:13:42Z INFO  steel_front::engine::renderer] visible=65536/65536 near=65536 far=0 fps=376.1 frame_us=2142 cull_us=0 terrain_us=0 wait_fence_us=2320 acquire_us=1 record_us=25 submit_us=22 present_us=204 terrain_lod=high blend=0.000 quality=中画质 marker=62 npc=42
[2026-08-17T12:13:43Z INFO  steel_front::engine::game] game: wave=1 enemies=6 enemy_hp=100 hp=0/100 score=0 phys_us=2 ai_us=0 audio_us=30 net_us=0
[2026-08-17T12:13:43Z INFO  steel_front] cam: yaw=0.0 pitch=0.0 dist=3.4 mode=FirstPerson cycle_us=2915 update_us=31 render_us=2884
[2026-08-17T12:13:43Z INFO  steel_front::engine::renderer] visible=65536/65536 near=65536 far=0 fps=373.4 frame_us=2597 cull_us=0 terrain_us=0 wait_fence_us=1913 acquire_us=1 record_us=51 submit_us=80 present_us=222 terrain_lod=high blend=0.000 quality=中画质 marker=36 npc=42
[2026-08-17T12:13:44Z INFO  steel_front] size diag: window_inner=2560x1600 hud=2560x1600
[2026-08-17T12:13:44Z INFO  steel_front] size diag: window_inner=2560x1600 hud=2560x1600
[2026-08-17T12:13:44Z INFO  steel_front] size diag: window_inner=2560x1600 hud=2560x1600
[2026-08-17T12:13:44Z INFO  steel_front] size diag: window_inner=2560x1600 hud=2560x1600
[2026-08-17T12:13:44Z INFO  steel_front] size diag: window_inner=2560x1600 hud=2560x1600
[2026-08-17T12:13:44Z INFO  steel_front] size diag: window_inner=2560x1600 hud=2560x1600
[2026-08-17T12:13:44Z INFO  steel_front] size diag: window_inner=2560x1600 hud=2560x1600
[2026-08-17T12:13:44Z INFO  steel_front] size diag: window_inner=2560x1600 hud=2560x1600
[2026-08-17T12:13:44Z INFO  steel_front] size diag: window_inner=2560x1600 hud=2560x1600
[2026-08-17T12:13:44Z INFO  steel_front] size diag: window_inner=2560x1600 hud=2560x1600
[2026-08-17T12:13:44Z INFO  steel_front] size diag: window_inner=2560x1600 hud=2560x1600
[2026-08-17T12:13:44Z INFO  steel_front] size diag: window_inner=2560x1600 hud=2560x1600
[2026-08-17T12:13:44Z INFO  steel_front] size diag: window_inner=2560x1600 hud=2560x1600
[2026-08-17T12:13:44Z INFO  steel_front] size diag: window_inner=2560x1600 hud=2560x1600
[2026-08-17T12:13:44Z INFO  steel_front] size diag: window_inner=2560x1600 hud=2560x1600
[2026-08-17T12:13:44Z INFO  steel_front] size diag: window_inner=2560x1600 hud=2560x1600
[2026-08-17T12:13:44Z INFO  steel_front::engine::game] game: wave=1 enemies=6 enemy_hp=100 hp=0/100 score=0 phys_us=2 ai_us=0 audio_us=23 net_us=0
[2026-08-17T12:13:44Z INFO  steel_front] size diag: window_inner=2560x1600 hud=2560x1600
[2026-08-17T12:13:44Z INFO  steel_front] size diag: window_inner=2560x1600 hud=2560x1600
[2026-08-17T12:13:44Z INFO  steel_front] size diag: window_inner=2560x1600 hud=2560x1600
[2026-08-17T12:13:44Z INFO  steel_front] cam: yaw=0.0 pitch=0.0 dist=3.4 mode=FirstPerson cycle_us=2638 update_us=20 render_us=2618
[2026-08-17T12:13:44Z INFO  steel_front::engine::renderer] visible=65536/65536 near=65536 far=0 fps=375.5 frame_us=2909 cull_us=0 terrain_us=0 wait_fence_us=1575 acquire_us=1 record_us=107 submit_us=72 present_us=467 terrain_lod=high blend=0.000 quality=中画质 marker=61 npc=42
[2026-08-17T12:13:45Z INFO  steel_front::engine::game] game: wave=1 enemies=6 enemy_hp=100 hp=0/100 score=0 phys_us=2 ai_us=0 audio_us=28 net_us=0
[2026-08-17T12:13:45Z INFO  steel_front] cam: yaw=0.0 pitch=0.0 dist=3.4 mode=FirstPerson cycle_us=2740 update_us=19 render_us=2721
[2026-08-17T12:13:45Z INFO  steel_front::engine::renderer] visible=65536/65536 near=65536 far=0 fps=373.7 frame_us=2594 cull_us=0 terrain_us=0 wait_fence_us=1928 acquire_us=0 record_us=35 submit_us=38 present_us=218 terrain_lod=high blend=0.000 quality=中画质 marker=36 npc=42
[2026-08-17T12:13:46Z INFO  steel_front::engine::game] game: wave=1 enemies=6 enemy_hp=100 hp=0/100 score=0 phys_us=3 ai_us=0 audio_us=15 net_us=0
[2026-08-17T12:13:46Z INFO  steel_front] cam: yaw=0.0 pitch=0.0 dist=3.4 mode=FirstPerson cycle_us=2330 update_us=39 render_us=2291
[2026-08-17T12:13:46Z INFO  steel_front::engine::renderer] visible=65536/65536 near=65536 far=0 fps=375.9 frame_us=2327 cull_us=0 terrain_us=0 wait_fence_us=1954 acquire_us=1 record_us=35 submit_us=38 present_us=207 terrain_lod=high blend=0.000 quality=中画质 marker=62 npc=42
[2026-08-17T12:13:47Z INFO  steel_front::engine::game] game: wave=1 enemies=6 enemy_hp=100 hp=0/100 score=0 phys_us=2 ai_us=0 audio_us=12 net_us=0
[2026-08-17T12:13:47Z INFO  steel_front] cam: yaw=0.0 pitch=0.0 dist=3.4 mode=FirstPerson cycle_us=2779 update_us=20 render_us=2758
[2026-08-17T12:13:47Z INFO  steel_front::engine::renderer] visible=65536/65536 near=65536 far=0 fps=376.1 frame_us=2397 cull_us=0 terrain_us=0 wait_fence_us=2233 acquire_us=0 record_us=35 submit_us=30 present_us=369 terrain_lod=high blend=0.000 quality=中画质 marker=36 npc=42
[2026-08-17T12:13:48Z INFO  steel_front::engine::game] game: wave=1 enemies=6 enemy_hp=100 hp=0/100 score=0 phys_us=5 ai_us=0 audio_us=22 net_us=2
[2026-08-17T12:13:48Z INFO  steel_front] cam: yaw=0.0 pitch=0.0 dist=3.4 mode=FirstPerson cycle_us=2687 update_us=30 render_us=2656
[2026-08-17T12:13:48Z INFO  steel_front::engine::renderer] visible=65536/65536 near=65536 far=0 fps=375.5 frame_us=2555 cull_us=0 terrain_us=0 wait_fence_us=2004 acquire_us=1 record_us=35 submit_us=36 present_us=196 terrain_lod=high blend=0.000 quality=中画质 marker=62 npc=42
[2026-08-17T12:13:49Z INFO  steel_front] size diag: window_inner=2560x1600 hud=2560x1600
[2026-08-17T12:13:49Z INFO  steel_front] size diag: window_inner=2560x1600 hud=2560x1600
[2026-08-17T12:13:49Z INFO  steel_front] size diag: window_inner=2560x1600 hud=2560x1600
[2026-08-17T12:13:49Z INFO  steel_front] size diag: window_inner=2560x1600 hud=2560x1600
[2026-08-17T12:13:49Z INFO  steel_front] size diag: window_inner=2560x1600 hud=2560x1600
[2026-08-17T12:13:49Z INFO  steel_front] size diag: window_inner=2560x1600 hud=2560x1600
[2026-08-17T12:13:49Z INFO  steel_front] size diag: window_inner=2560x1600 hud=2560x1600
[2026-08-17T12:13:49Z INFO  steel_front] size diag: window_inner=2560x1600 hud=2560x1600
[2026-08-17T12:13:49Z INFO  steel_front] size diag: window_inner=2560x1600 hud=2560x1600
[2026-08-17T12:13:49Z INFO  steel_front] size diag: window_inner=2560x1600 hud=2560x1600
[2026-08-17T12:13:49Z INFO  steel_front] size diag: window_inner=2560x1600 hud=2560x1600
[2026-08-17T12:13:49Z INFO  steel_front] size diag: window_inner=2560x1600 hud=2560x1600
[2026-08-17T12:13:49Z INFO  steel_front] size diag: window_inner=2560x1600 hud=2560x1600
[2026-08-17T12:13:49Z INFO  steel_front] size diag: window_inner=2560x1600 hud=2560x1600
[2026-08-17T12:13:49Z INFO  steel_front] size diag: window_inner=2560x1600 hud=2560x1600
[2026-08-17T12:13:49Z INFO  steel_front] size diag: window_inner=2560x1600 hud=2560x1600
[2026-08-17T12:13:49Z INFO  steel_front] size diag: window_inner=2560x1600 hud=2560x1600
[2026-08-17T12:13:49Z INFO  steel_front] size diag: window_inner=2560x1600 hud=2560x1600
[2026-08-17T12:13:49Z INFO  steel_front::engine::game] game: wave=1 enemies=6 enemy_hp=100 hp=0/100 score=0 phys_us=1 ai_us=0 audio_us=23 net_us=0
[2026-08-17T12:13:49Z INFO  steel_front] size diag: window_inner=2560x1600 hud=2560x1600
[2026-08-17T12:13:49Z INFO  steel_front] cam: yaw=0.0 pitch=0.0 dist=3.4 mode=FirstPerson cycle_us=2386 update_us=35 render_us=2351
[2026-08-17T12:13:49Z INFO  steel_front::engine::renderer] visible=65536/65536 near=65536 far=0 fps=375.1 frame_us=2296 cull_us=0 terrain_us=0 wait_fence_us=2247 acquire_us=1 record_us=46 submit_us=56 present_us=204 terrain_lod=high blend=0.000 quality=中画质 marker=36 npc=42
[2026-08-17T12:13:50Z INFO  steel_front::engine::game] game: wave=1 enemies=6 enemy_hp=100 hp=0/100 score=0 phys_us=4 ai_us=0 audio_us=33 net_us=0
[2026-08-17T12:13:50Z INFO  steel_front] cam: yaw=0.0 pitch=0.0 dist=3.4 mode=FirstPerson cycle_us=2339 update_us=36 render_us=2303
[2026-08-17T12:13:50Z INFO  steel_front::engine::renderer] visible=65536/65536 near=65536 far=0 fps=374.8 frame_us=2489 cull_us=0 terrain_us=0 wait_fence_us=2116 acquire_us=0 record_us=34 submit_us=31 present_us=207 terrain_lod=high blend=0.000 quality=中画质 marker=62 npc=42
[2026-08-17T12:13:51Z INFO  steel_front::engine::game] game: wave=1 enemies=6 enemy_hp=100 hp=0/100 score=0 phys_us=2 ai_us=0 audio_us=12 net_us=0
[2026-08-17T12:13:51Z INFO  steel_front] cam: yaw=0.0 pitch=0.0 dist=3.4 mode=FirstPerson cycle_us=2619 update_us=30 render_us=2588
[2026-08-17T12:13:51Z INFO  steel_front::engine::renderer] visible=65536/65536 near=65536 far=0 fps=375.6 frame_us=2720 cull_us=0 terrain_us=0 wait_fence_us=1979 acquire_us=1 record_us=46 submit_us=64 present_us=219 terrain_lod=high blend=0.000 quality=中画质 marker=36 npc=42
[2026-08-17T12:13:52Z INFO  steel_front::engine::game] game: wave=1 enemies=6 enemy_hp=100 hp=0/100 score=0 phys_us=1 ai_us=0 audio_us=25 net_us=0
[2026-08-17T12:13:52Z INFO  steel_front] cam: yaw=0.0 pitch=0.0 dist=3.4 mode=FirstPerson cycle_us=2895 update_us=17 render_us=2878
[2026-08-17T12:13:52Z INFO  steel_front::engine::renderer] visible=65536/65536 near=65536 far=0 fps=375.1 frame_us=2242 cull_us=0 terrain_us=0 wait_fence_us=2743 acquire_us=1 record_us=32 submit_us=54 present_us=209 terrain_lod=high blend=0.000 quality=中画质 marker=62 npc=42
[2026-08-17T12:13:53Z INFO  steel_front::engine::game] game: wave=1 enemies=6 enemy_hp=100 hp=0/100 score=0 phys_us=2 ai_us=0 audio_us=30 net_us=0
[2026-08-17T12:13:53Z INFO  steel_front] cam: yaw=0.0 pitch=0.0 dist=3.4 mode=FirstPerson cycle_us=2281 update_us=40 render_us=2241
[2026-08-17T12:13:53Z INFO  steel_front::engine::renderer] visible=65536/65536 near=65536 far=0 fps=375.0 frame_us=2613 cull_us=0 terrain_us=0 wait_fence_us=2349 acquire_us=1 record_us=49 submit_us=73 present_us=245 terrain_lod=high blend=0.000 quality=中画质 marker=36 npc=42
[2026-08-17T12:13:54Z INFO  steel_front] size diag: window_inner=2560x1600 hud=2560x1600
[2026-08-17T12:13:54Z INFO  steel_front] size diag: window_inner=2560x1600 hud=2560x1600
[2026-08-17T12:13:54Z INFO  steel_front] size diag: window_inner=2560x1600 hud=2560x1600
[2026-08-17T12:13:54Z INFO  steel_front] size diag: window_inner=2560x1600 hud=2560x1600
[2026-08-17T12:13:54Z INFO  steel_front] size diag: window_inner=2560x1600 hud=2560x1600
[2026-08-17T12:13:54Z INFO  steel_front] size diag: window_inner=2560x1600 hud=2560x1600
[2026-08-17T12:13:54Z INFO  steel_front] size diag: window_inner=2560x1600 hud=2560x1600
[2026-08-17T12:13:54Z INFO  steel_front] size diag: window_inner=2560x1600 hud=2560x1600
[2026-08-17T12:13:54Z INFO  steel_front] size diag: window_inner=2560x1600 hud=2560x1600
[2026-08-17T12:13:54Z INFO  steel_front] size diag: window_inner=2560x1600 hud=2560x1600
[2026-08-17T12:13:54Z INFO  steel_front] size diag: window_inner=2560x1600 hud=2560x1600
[2026-08-17T12:13:54Z INFO  steel_front] size diag: window_inner=2560x1600 hud=2560x1600
[2026-08-17T12:13:54Z INFO  steel_front] size diag: window_inner=2560x1600 hud=2560x1600
[2026-08-17T12:13:54Z INFO  steel_front] size diag: window_inner=2560x1600 hud=2560x1600
[2026-08-17T12:13:54Z INFO  steel_front] size diag: window_inner=2560x1600 hud=2560x1600
[2026-08-17T12:13:54Z INFO  steel_front] size diag: window_inner=2560x1600 hud=2560x1600
[2026-08-17T12:13:54Z INFO  steel_front] size diag: window_inner=2560x1600 hud=2560x1600
[2026-08-17T12:13:54Z INFO  steel_front] size diag: window_inner=2560x1600 hud=2560x1600
[2026-08-17T12:13:54Z INFO  steel_front::engine::game] game: wave=1 enemies=6 enemy_hp=100 hp=0/100 score=0 phys_us=2 ai_us=0 audio_us=25 net_us=0
[2026-08-17T12:13:54Z INFO  steel_front] cam: yaw=0.0 pitch=0.0 dist=3.4 mode=FirstPerson cycle_us=3072 update_us=18 render_us=3053
[2026-08-17T12:13:54Z INFO  steel_front::engine::renderer] visible=65536/65536 near=65536 far=0 fps=372.7 frame_us=2666 cull_us=1 terrain_us=0 wait_fence_us=2064 acquire_us=1 record_us=49 submit_us=65 present_us=537 terrain_lod=high blend=0.000 quality=中画质 marker=62 npc=42
[2026-08-17T12:13:55Z INFO  steel_front::engine::game] game: wave=1 enemies=6 enemy_hp=100 hp=0/100 score=0 phys_us=2 ai_us=0 audio_us=29 net_us=0
[2026-08-17T12:13:55Z INFO  steel_front] cam: yaw=0.0 pitch=0.0 dist=3.4 mode=FirstPerson cycle_us=2668 update_us=21 render_us=2647
[2026-08-17T12:13:55Z INFO  steel_front::engine::renderer] visible=65536/65536 near=65536 far=0 fps=381.3 frame_us=2043 cull_us=0 terrain_us=0 wait_fence_us=2397 acquire_us=1 record_us=30 submit_us=41 present_us=140 terrain_lod=high blend=0.000 quality=中画质 marker=36 npc=42
[2026-08-17T12:13:56Z INFO  steel_front::engine::game] game: wave=1 enemies=6 enemy_hp=100 hp=0/100 score=0 phys_us=3 ai_us=0 audio_us=14 net_us=0
[2026-08-17T12:13:56Z INFO  steel_front] cam: yaw=0.0 pitch=0.0 dist=3.4 mode=FirstPerson cycle_us=2245 update_us=23 render_us=2222
[2026-08-17T12:13:56Z INFO  steel_front::engine::renderer] visible=65536/65536 near=65536 far=0 fps=383.6 frame_us=2648 cull_us=0 terrain_us=0 wait_fence_us=2131 acquire_us=1 record_us=31 submit_us=29 present_us=147 terrain_lod=high blend=0.000 quality=中画质 marker=62 npc=42
[2026-08-17T12:13:57Z INFO  steel_front::engine::game] game: wave=1 enemies=6 enemy_hp=100 hp=0/100 score=0 phys_us=2 ai_us=0 audio_us=14 net_us=0
[2026-08-17T12:13:57Z INFO  steel_front] cam: yaw=0.0 pitch=0.0 dist=3.4 mode=FirstPerson cycle_us=2316 update_us=35 render_us=2280
[2026-08-17T12:13:57Z INFO  steel_front::engine::renderer] visible=65536/65536 near=65536 far=0 fps=383.7 frame_us=2189 cull_us=0 terrain_us=0 wait_fence_us=2149 acquire_us=0 record_us=27 submit_us=24 present_us=127 terrain_lod=high blend=0.000 quality=中画质 marker=36 npc=42
[2026-08-17T12:13:58Z INFO  steel_front::engine::game] game: wave=1 enemies=6 enemy_hp=100 hp=0/100 score=0 phys_us=2 ai_us=0 audio_us=27 net_us=0
[2026-08-17T12:13:58Z INFO  steel_front] cam: yaw=0.0 pitch=0.0 dist=3.4 mode=FirstPerson cycle_us=2531 update_us=38 render_us=2492
[2026-08-17T12:13:58Z INFO  steel_front::engine::renderer] visible=65536/65536 near=65536 far=0 fps=372.1 frame_us=2115 cull_us=0 terrain_us=0 wait_fence_us=2364 acquire_us=1 record_us=24 submit_us=20 present_us=136 terrain_lod=high blend=0.000 quality=中画质 marker=63 npc=42
[2026-08-17T12:13:59Z INFO  steel_front] size diag: window_inner=2560x1600 hud=2560x1600
[2026-08-17T12:13:59Z INFO  steel_front] size diag: window_inner=2560x1600 hud=2560x1600
[2026-08-17T12:13:59Z INFO  steel_front] size diag: window_inner=2560x1600 hud=2560x1600
[2026-08-17T12:13:59Z INFO  steel_front] size diag: window_inner=2560x1600 hud=2560x1600
[2026-08-17T12:13:59Z INFO  steel_front] size diag: window_inner=2560x1600 hud=2560x1600
[2026-08-17T12:13:59Z INFO  steel_front] size diag: window_inner=2560x1600 hud=2560x1600
[2026-08-17T12:13:59Z INFO  steel_front] size diag: window_inner=2560x1600 hud=2560x1600
[2026-08-17T12:13:59Z INFO  steel_front] size diag: window_inner=2560x1600 hud=2560x1600
[2026-08-17T12:13:59Z INFO  steel_front] size diag: window_inner=2560x1600 hud=2560x1600
[2026-08-17T12:13:59Z INFO  steel_front] size diag: window_inner=2560x1600 hud=2560x1600
[2026-08-17T12:13:59Z INFO  steel_front] size diag: window_inner=2560x1600 hud=2560x1600
[2026-08-17T12:13:59Z INFO  steel_front] size diag: window_inner=2560x1600 hud=2560x1600
[2026-08-17T12:13:59Z INFO  steel_front] size diag: window_inner=2560x1600 hud=2560x1600
[2026-08-17T12:13:59Z INFO  steel_front] size diag: window_inner=2560x1600 hud=2560x1600
[2026-08-17T12:13:59Z INFO  steel_front] size diag: window_inner=2560x1600 hud=2560x1600
[2026-08-17T12:13:59Z INFO  steel_front] size diag: window_inner=2560x1600 hud=2560x1600
[2026-08-17T12:13:59Z INFO  steel_front] size diag: window_inner=2560x1600 hud=2560x1600
[2026-08-17T12:13:59Z INFO  steel_front] size diag: window_inner=2560x1600 hud=2560x1600
[2026-08-17T12:13:59Z INFO  steel_front] size diag: window_inner=2560x1600 hud=2560x1600
[2026-08-17T12:13:59Z INFO  steel_front::engine::game] game: wave=1 enemies=6 enemy_hp=100 hp=0/100 score=0 phys_us=2 ai_us=0 audio_us=30 net_us=0
[2026-08-17T12:13:59Z INFO  steel_front] cam: yaw=0.0 pitch=0.0 dist=3.4 mode=FirstPerson cycle_us=2537 update_us=31 render_us=2505
[2026-08-17T12:13:59Z INFO  steel_front::engine::renderer] visible=65536/65536 near=65536 far=0 fps=382.3 frame_us=2107 cull_us=0 terrain_us=0 wait_fence_us=2662 acquire_us=1 record_us=21 submit_us=17 present_us=116 terrain_lod=high blend=0.000 quality=中画质 marker=36 npc=42
[2026-08-17T12:14:00Z INFO  steel_front::engine::game] game: wave=1 enemies=6 enemy_hp=100 hp=0/100 score=0 phys_us=7 ai_us=0 audio_us=25 net_us=0
[2026-08-17T12:14:00Z INFO  steel_front] cam: yaw=0.0 pitch=0.0 dist=3.4 mode=FirstPerson cycle_us=2514 update_us=23 render_us=2490
[2026-08-17T12:14:00Z INFO  steel_front::engine::renderer] visible=65536/65536 near=65536 far=0 fps=383.8 frame_us=2497 cull_us=0 terrain_us=0 wait_fence_us=1950 acquire_us=1 record_us=49 submit_us=57 present_us=204 terrain_lod=high blend=0.000 quality=中画质 marker=62 npc=42
[2026-08-17T12:14:01Z INFO  steel_front::engine::game] game: wave=1 enemies=6 enemy_hp=100 hp=0/100 score=0 phys_us=2 ai_us=0 audio_us=19 net_us=0
[2026-08-17T12:14:01Z INFO  steel_front] cam: yaw=0.0 pitch=0.0 dist=3.4 mode=FirstPerson cycle_us=2528 update_us=43 render_us=2484
[2026-08-17T12:14:01Z INFO  steel_front::engine::renderer] visible=65536/65536 near=65536 far=0 fps=358.3 frame_us=2263 cull_us=0 terrain_us=0 wait_fence_us=2172 acquire_us=1 record_us=43 submit_us=84 present_us=253 terrain_lod=high blend=0.000 quality=中画质 marker=36 npc=42
[2026-08-17T12:14:02Z INFO  steel_front::engine::game] game: wave=1 enemies=6 enemy_hp=100 hp=0/100 score=0 phys_us=2 ai_us=0 audio_us=15 net_us=0
[2026-08-17T12:14:02Z INFO  steel_front] cam: yaw=0.0 pitch=0.0 dist=3.4 mode=FirstPerson cycle_us=3209 update_us=35 render_us=3173
[2026-08-17T12:14:02Z INFO  steel_front::engine::renderer] visible=65536/65536 near=65536 far=0 fps=366.5 frame_us=3302 cull_us=0 terrain_us=0 wait_fence_us=1713 acquire_us=1 record_us=59 submit_us=83 present_us=937 terrain_lod=high blend=0.000 quality=中画质 marker=60 npc=42
[2026-08-17T12:14:03Z INFO  steel_front::engine::game] game: wave=1 enemies=6 enemy_hp=100 hp=0/100 score=0 phys_us=1 ai_us=0 audio_us=14 net_us=0
[2026-08-17T12:14:03Z INFO  steel_front] cam: yaw=0.0 pitch=0.0 dist=3.4 mode=FirstPerson cycle_us=2456 update_us=34 render_us=2421
[2026-08-17T12:14:03Z INFO  steel_front::engine::renderer] visible=65536/65536 near=65536 far=0 fps=367.0 frame_us=2583 cull_us=1 terrain_us=0 wait_fence_us=2319 acquire_us=1 record_us=76 submit_us=99 present_us=267 terrain_lod=high blend=0.000 quality=中画质 marker=37 npc=42
[2026-08-17T12:14:04Z INFO  steel_front] size diag: window_inner=2560x1600 hud=2560x1600
[2026-08-17T12:14:04Z INFO  steel_front] size diag: window_inner=2560x1600 hud=2560x1600
[2026-08-17T12:14:04Z INFO  steel_front] size diag: window_inner=2560x1600 hud=2560x1600
[2026-08-17T12:14:04Z INFO  steel_front] size diag: window_inner=2560x1600 hud=2560x1600
[2026-08-17T12:14:04Z INFO  steel_front] size diag: window_inner=2560x1600 hud=2560x1600
[2026-08-17T12:14:04Z INFO  steel_front] size diag: window_inner=2560x1600 hud=2560x1600
[2026-08-17T12:14:04Z INFO  steel_front] size diag: window_inner=2560x1600 hud=2560x1600
[2026-08-17T12:14:04Z INFO  steel_front] size diag: window_inner=2560x1600 hud=2560x1600
[2026-08-17T12:14:04Z INFO  steel_front] size diag: window_inner=2560x1600 hud=2560x1600
[2026-08-17T12:14:04Z INFO  steel_front] size diag: window_inner=2560x1600 hud=2560x1600
[2026-08-17T12:14:04Z INFO  steel_front] size diag: window_inner=2560x1600 hud=2560x1600
[2026-08-17T12:14:04Z INFO  steel_front] size diag: window_inner=2560x1600 hud=2560x1600
[2026-08-17T12:14:04Z INFO  steel_front] size diag: window_inner=2560x1600 hud=2560x1600
[2026-08-17T12:14:04Z INFO  steel_front] size diag: window_inner=2560x1600 hud=2560x1600
[2026-08-17T12:14:04Z INFO  steel_front] size diag: window_inner=2560x1600 hud=2560x1600
[2026-08-17T12:14:04Z INFO  steel_front] size diag: window_inner=2560x1600 hud=2560x1600
[2026-08-17T12:14:04Z INFO  steel_front] size diag: window_inner=2560x1600 hud=2560x1600
[2026-08-17T12:14:04Z INFO  steel_front] size diag: window_inner=2560x1600 hud=2560x1600
[2026-08-17T12:14:04Z INFO  steel_front] size diag: window_inner=2560x1600 hud=2560x1600
[2026-08-17T12:14:04Z INFO  steel_front::engine::game] game: wave=1 enemies=6 enemy_hp=100 hp=0/100 score=0 phys_us=1 ai_us=0 audio_us=25 net_us=0
[2026-08-17T12:14:04Z INFO  steel_front] cam: yaw=0.0 pitch=0.0 dist=3.4 mode=FirstPerson cycle_us=2575 update_us=36 render_us=2538
[2026-08-17T12:14:04Z INFO  steel_front::engine::renderer] visible=65536/65536 near=65536 far=0 fps=371.9 frame_us=2721 cull_us=0 terrain_us=0 wait_fence_us=2154 acquire_us=0 record_us=59 submit_us=47 present_us=147 terrain_lod=high blend=0.000 quality=中画质 marker=62 npc=42
[2026-08-17T12:14:05Z INFO  steel_front::engine::game] game: wave=1 enemies=6 enemy_hp=100 hp=0/100 score=0 phys_us=2 ai_us=0 audio_us=16 net_us=0
[2026-08-17T12:14:05Z INFO  steel_front] cam: yaw=0.0 pitch=0.0 dist=3.4 mode=FirstPerson cycle_us=2826 update_us=32 render_us=2794
[2026-08-17T12:14:05Z INFO  steel_front::engine::renderer] visible=65536/65536 near=65536 far=0 fps=371.5 frame_us=3481 cull_us=0 terrain_us=0 wait_fence_us=1654 acquire_us=1 record_us=161 submit_us=102 present_us=584 terrain_lod=high blend=0.000 quality=中画质 marker=37 npc=42
[2026-08-17T12:14:06Z INFO  steel_front::engine::game] game: wave=1 enemies=6 enemy_hp=100 hp=0/100 score=0 phys_us=3 ai_us=0 audio_us=23 net_us=0
[2026-08-17T12:14:06Z INFO  steel_front] cam: yaw=0.0 pitch=0.0 dist=3.4 mode=FirstPerson cycle_us=2795 update_us=31 render_us=2763
[2026-08-17T12:14:06Z INFO  steel_front::engine::renderer] visible=65536/65536 near=65536 far=0 fps=370.5 frame_us=2268 cull_us=0 terrain_us=0 wait_fence_us=1909 acquire_us=0 record_us=52 submit_us=50 present_us=212 terrain_lod=high blend=0.000 quality=中画质 marker=61 npc=42
[2026-08-17T12:14:07Z INFO  steel_front::engine::game] game: wave=1 enemies=6 enemy_hp=100 hp=0/100 score=0 phys_us=1 ai_us=0 audio_us=29 net_us=0
[2026-08-17T12:14:07Z INFO  steel_front] cam: yaw=0.0 pitch=0.0 dist=3.4 mode=FirstPerson cycle_us=2364 update_us=38 render_us=2325
[2026-08-17T12:14:07Z INFO  steel_front::engine::renderer] visible=65536/65536 near=65536 far=0 fps=373.3 frame_us=2266 cull_us=0 terrain_us=0 wait_fence_us=2265 acquire_us=1 record_us=50 submit_us=43 present_us=205 terrain_lod=high blend=0.000 quality=中画质 marker=39 npc=42
[2026-08-17T12:14:08Z INFO  steel_front::engine::game] game: wave=1 enemies=6 enemy_hp=100 hp=0/100 score=0 phys_us=2 ai_us=0 audio_us=15 net_us=0
[2026-08-17T12:14:08Z INFO  steel_front] cam: yaw=0.0 pitch=0.0 dist=3.4 mode=FirstPerson cycle_us=2783 update_us=19 render_us=2764
[2026-08-17T12:14:08Z INFO  steel_front::engine::renderer] visible=65536/65536 near=65536 far=0 fps=368.9 frame_us=2373 cull_us=0 terrain_us=0 wait_fence_us=2298 acquire_us=1 record_us=30 submit_us=32 present_us=400 terrain_lod=high blend=0.000 quality=中画质 marker=62 npc=42
[2026-08-17T12:14:09Z INFO  steel_front] size diag: window_inner=2560x1600 hud=2560x1600
[2026-08-17T12:14:09Z INFO  steel_front] size diag: window_inner=2560x1600 hud=2560x1600
[2026-08-17T12:14:09Z INFO  steel_front] size diag: window_inner=2560x1600 hud=2560x1600
[2026-08-17T12:14:09Z INFO  steel_front] size diag: window_inner=2560x1600 hud=2560x1600
[2026-08-17T12:14:09Z INFO  steel_front] size diag: window_inner=2560x1600 hud=2560x1600
[2026-08-17T12:14:09Z INFO  steel_front] size diag: window_inner=2560x1600 hud=2560x1600
[2026-08-17T12:14:09Z INFO  steel_front] size diag: window_inner=2560x1600 hud=2560x1600
[2026-08-17T12:14:09Z INFO  steel_front] size diag: window_inner=2560x1600 hud=2560x1600
[2026-08-17T12:14:09Z INFO  steel_front] size diag: window_inner=2560x1600 hud=2560x1600
[2026-08-17T12:14:09Z INFO  steel_front] size diag: window_inner=2560x1600 hud=2560x1600
[2026-08-17T12:14:09Z INFO  steel_front] size diag: window_inner=2560x1600 hud=2560x1600
[2026-08-17T12:14:09Z INFO  steel_front] size diag: window_inner=2560x1600 hud=2560x1600
[2026-08-17T12:14:09Z INFO  steel_front] size diag: window_inner=2560x1600 hud=2560x1600
[2026-08-17T12:14:09Z INFO  steel_front] size diag: window_inner=2560x1600 hud=2560x1600
[2026-08-17T12:14:09Z INFO  steel_front] size diag: window_inner=2560x1600 hud=2560x1600
[2026-08-17T12:14:09Z INFO  steel_front] size diag: window_inner=2560x1600 hud=2560x1600
[2026-08-17T12:14:09Z INFO  steel_front] size diag: window_inner=2560x1600 hud=2560x1600
[2026-08-17T12:14:09Z INFO  steel_front] size diag: window_inner=2560x1600 hud=2560x1600
[2026-08-17T12:14:09Z INFO  steel_front] size diag: window_inner=2560x1600 hud=2560x1600
[2026-08-17T12:14:09Z INFO  steel_front::engine::game] game: wave=1 enemies=6 enemy_hp=100 hp=0/100 score=0 phys_us=5 ai_us=0 audio_us=14 net_us=0
[2026-08-17T12:14:09Z INFO  steel_front] cam: yaw=0.0 pitch=0.0 dist=3.4 mode=FirstPerson cycle_us=2743 update_us=34 render_us=2708
[2026-08-17T12:14:09Z INFO  steel_front::engine::renderer] visible=65536/65536 near=65536 far=0 fps=374.8 frame_us=2591 cull_us=0 terrain_us=0 wait_fence_us=2046 acquire_us=1 record_us=52 submit_us=79 present_us=225 terrain_lod=high blend=0.000 quality=中画质 marker=40 npc=42
[2026-08-17T12:14:10Z INFO  steel_front::engine::game] game: wave=1 enemies=6 enemy_hp=100 hp=0/100 score=0 phys_us=2 ai_us=0 audio_us=30 net_us=0
[2026-08-17T12:14:10Z INFO  steel_front] cam: yaw=0.0 pitch=0.0 dist=3.4 mode=FirstPerson cycle_us=2462 update_us=19 render_us=2442
[2026-08-17T12:14:10Z INFO  steel_front::engine::renderer] visible=65536/65536 near=65536 far=0 fps=371.2 frame_us=2707 cull_us=0 terrain_us=0 wait_fence_us=2182 acquire_us=1 record_us=69 submit_us=56 present_us=261 terrain_lod=high blend=0.000 quality=中画质 marker=62 npc=42
[2026-08-17T12:14:11Z INFO  steel_front::engine::game] game: wave=1 enemies=6 enemy_hp=100 hp=0/100 score=0 phys_us=1 ai_us=0 audio_us=25 net_us=0
[2026-08-17T12:14:11Z INFO  steel_front] cam: yaw=0.0 pitch=0.0 dist=3.4 mode=FirstPerson cycle_us=2603 update_us=36 render_us=2567
[2026-08-17T12:14:11Z INFO  steel_front::engine::renderer] visible=65536/65536 near=65536 far=0 fps=366.8 frame_us=2545 cull_us=0 terrain_us=0 wait_fence_us=2171 acquire_us=1 record_us=40 submit_us=39 present_us=355 terrain_lod=high blend=0.000 quality=中画质 marker=42 npc=42
[2026-08-17T12:14:12Z INFO  steel_front::engine::game] game: wave=1 enemies=6 enemy_hp=100 hp=0/100 score=0 phys_us=2 ai_us=0 audio_us=23 net_us=0
[2026-08-17T12:14:12Z INFO  steel_front] cam: yaw=0.0 pitch=0.0 dist=3.4 mode=FirstPerson cycle_us=3461 update_us=31 render_us=3429
[2026-08-17T12:14:12Z INFO  steel_front::engine::renderer] visible=65536/65536 near=65536 far=0 fps=369.2 frame_us=2605 cull_us=0 terrain_us=0 wait_fence_us=1947 acquire_us=1 record_us=44 submit_us=31 present_us=269 terrain_lod=high blend=0.000 quality=中画质 marker=61 npc=42
[2026-08-17T12:14:13Z INFO  steel_front::engine::game] game: wave=1 enemies=6 enemy_hp=100 hp=0/100 score=0 phys_us=2 ai_us=0 audio_us=24 net_us=0
[2026-08-17T12:14:13Z INFO  steel_front] cam: yaw=0.0 pitch=0.0 dist=3.4 mode=FirstPerson cycle_us=2783 update_us=18 render_us=2765
[2026-08-17T12:14:13Z INFO  steel_front::engine::renderer] visible=65536/65536 near=65536 far=0 fps=374.9 frame_us=2725 cull_us=0 terrain_us=0 wait_fence_us=2008 acquire_us=0 record_us=40 submit_us=115 present_us=203 terrain_lod=high blend=0.000 quality=中画质 marker=43 npc=42
[2026-08-17T12:14:14Z INFO  steel_front] size diag: window_inner=2560x1600 hud=2560x1600
[2026-08-17T12:14:14Z INFO  steel_front] size diag: window_inner=2560x1600 hud=2560x1600
[2026-08-17T12:14:14Z INFO  steel_front] size diag: window_inner=2560x1600 hud=2560x1600
[2026-08-17T12:14:14Z INFO  steel_front] size diag: window_inner=2560x1600 hud=2560x1600
[2026-08-17T12:14:14Z INFO  steel_front] size diag: window_inner=2560x1600 hud=2560x1600
[2026-08-17T12:14:14Z INFO  steel_front] size diag: window_inner=2560x1600 hud=2560x1600
[2026-08-17T12:14:14Z INFO  steel_front] size diag: window_inner=2560x1600 hud=2560x1600
[2026-08-17T12:14:14Z INFO  steel_front] size diag: window_inner=2560x1600 hud=2560x1600
[2026-08-17T12:14:14Z INFO  steel_front] size diag: window_inner=2560x1600 hud=2560x1600
[2026-08-17T12:14:14Z INFO  steel_front] size diag: window_inner=2560x1600 hud=2560x1600
[2026-08-17T12:14:14Z INFO  steel_front] size diag: window_inner=2560x1600 hud=2560x1600
[2026-08-17T12:14:14Z INFO  steel_front] size diag: window_inner=2560x1600 hud=2560x1600
[2026-08-17T12:14:14Z INFO  steel_front] size diag: window_inner=2560x1600 hud=2560x1600
[2026-08-17T12:14:14Z INFO  steel_front] size diag: window_inner=2560x1600 hud=2560x1600
[2026-08-17T12:14:14Z INFO  steel_front] size diag: window_inner=2560x1600 hud=2560x1600
[2026-08-17T12:14:14Z INFO  steel_front] size diag: window_inner=2560x1600 hud=2560x1600
[2026-08-17T12:14:14Z INFO  steel_front] size diag: window_inner=2560x1600 hud=2560x1600
[2026-08-17T12:14:14Z INFO  steel_front] size diag: window_inner=2560x1600 hud=2560x1600
[2026-08-17T12:14:14Z INFO  steel_front::engine::game] game: wave=1 enemies=6 enemy_hp=100 hp=0/100 score=0 phys_us=2 ai_us=0 audio_us=16 net_us=0
[2026-08-17T12:14:14Z INFO  steel_front] cam: yaw=0.0 pitch=0.0 dist=3.4 mode=FirstPerson cycle_us=3064 update_us=19 render_us=3045
[2026-08-17T12:14:14Z INFO  steel_front::engine::renderer] visible=65536/65536 near=65536 far=0 fps=374.4 frame_us=2206 cull_us=0 terrain_us=0 wait_fence_us=1968 acquire_us=0 record_us=40 submit_us=34 present_us=204 terrain_lod=high blend=0.000 quality=中画质 marker=62 npc=42
[2026-08-17T12:14:15Z INFO  steel_front::engine::game] game: wave=1 enemies=6 enemy_hp=100 hp=0/100 score=0 phys_us=1 ai_us=0 audio_us=29 net_us=0
[2026-08-17T12:14:15Z INFO  steel_front] cam: yaw=0.0 pitch=0.0 dist=3.4 mode=FirstPerson cycle_us=3041 update_us=20 render_us=3021
[2026-08-17T12:14:15Z INFO  steel_front::engine::renderer] visible=65536/65536 near=65536 far=0 fps=376.1 frame_us=2304 cull_us=1 terrain_us=0 wait_fence_us=2752 acquire_us=1 record_us=53 submit_us=47 present_us=262 terrain_lod=high blend=0.000 quality=中画质 marker=45 npc=42
[2026-08-17T12:14:16Z INFO  steel_front::engine::game] game: wave=1 enemies=6 enemy_hp=100 hp=0/100 score=0 phys_us=1 ai_us=0 audio_us=28 net_us=0
[2026-08-17T12:14:16Z INFO  steel_front] cam: yaw=0.0 pitch=0.0 dist=3.4 mode=FirstPerson cycle_us=2485 update_us=34 render_us=2450
[2026-08-17T12:14:16Z INFO  steel_front::engine::renderer] visible=65536/65536 near=65536 far=0 fps=375.3 frame_us=2517 cull_us=0 terrain_us=0 wait_fence_us=1930 acquire_us=1 record_us=40 submit_us=36 present_us=211 terrain_lod=high blend=0.000 quality=中画质 marker=62 npc=42
[2026-08-17T12:14:17Z INFO  steel_front::engine::game] game: wave=1 enemies=6 enemy_hp=100 hp=0/100 score=0 phys_us=2 ai_us=0 audio_us=14 net_us=0
[2026-08-17T12:14:17Z INFO  steel_front] cam: yaw=0.0 pitch=0.0 dist=3.4 mode=FirstPerson cycle_us=2654 update_us=17 render_us=2637
[2026-08-17T12:14:17Z INFO  steel_front::engine::renderer] visible=65536/65536 near=65536 far=0 fps=377.1 frame_us=2340 cull_us=1 terrain_us=0 wait_fence_us=2341 acquire_us=1 record_us=25 submit_us=20 present_us=521 terrain_lod=high blend=0.000 quality=中画质 marker=47 npc=42
[2026-08-17T12:14:18Z INFO  steel_front::engine::game] game: wave=1 enemies=6 enemy_hp=100 hp=0/100 score=0 phys_us=1 ai_us=0 audio_us=26 net_us=0
[2026-08-17T12:14:18Z INFO  steel_front] cam: yaw=0.0 pitch=0.0 dist=3.4 mode=FirstPerson cycle_us=2993 update_us=32 render_us=2960
[2026-08-17T12:14:18Z INFO  steel_front::engine::renderer] visible=65536/65536 near=65536 far=0 fps=376.6 frame_us=1892 cull_us=0 terrain_us=0 wait_fence_us=2111 acquire_us=1 record_us=25 submit_us=37 present_us=131 terrain_lod=high blend=0.000 quality=中画质 marker=61 npc=42
[2026-08-17T12:14:19Z INFO  steel_front] size diag: window_inner=2560x1600 hud=2560x1600
[2026-08-17T12:14:19Z INFO  steel_front] size diag: window_inner=2560x1600 hud=2560x1600
[2026-08-17T12:14:19Z INFO  steel_front] size diag: window_inner=2560x1600 hud=2560x1600
[2026-08-17T12:14:19Z INFO  steel_front] size diag: window_inner=2560x1600 hud=2560x1600
[2026-08-17T12:14:19Z INFO  steel_front] size diag: window_inner=2560x1600 hud=2560x1600
[2026-08-17T12:14:19Z INFO  steel_front] size diag: window_inner=2560x1600 hud=2560x1600
[2026-08-17T12:14:19Z INFO  steel_front] size diag: window_inner=2560x1600 hud=2560x1600
[2026-08-17T12:14:19Z INFO  steel_front] size diag: window_inner=2560x1600 hud=2560x1600
[2026-08-17T12:14:19Z INFO  steel_front] size diag: window_inner=2560x1600 hud=2560x1600
[2026-08-17T12:14:19Z INFO  steel_front] size diag: window_inner=2560x1600 hud=2560x1600
[2026-08-17T12:14:19Z INFO  steel_front] size diag: window_inner=2560x1600 hud=2560x1600
[2026-08-17T12:14:19Z INFO  steel_front] size diag: window_inner=2560x1600 hud=2560x1600
[2026-08-17T12:14:19Z INFO  steel_front] size diag: window_inner=2560x1600 hud=2560x1600
[2026-08-17T12:14:19Z INFO  steel_front] size diag: window_inner=2560x1600 hud=2560x1600
[2026-08-17T12:14:19Z INFO  steel_front] size diag: window_inner=2560x1600 hud=2560x1600
[2026-08-17T12:14:19Z INFO  steel_front] size diag: window_inner=2560x1600 hud=2560x1600
[2026-08-17T12:14:19Z INFO  steel_front] size diag: window_inner=2560x1600 hud=2560x1600
[2026-08-17T12:14:19Z INFO  steel_front] size diag: window_inner=2560x1600 hud=2560x1600
[2026-08-17T12:14:19Z INFO  steel_front::engine::game] game: wave=1 enemies=6 enemy_hp=100 hp=0/100 score=0 phys_us=2 ai_us=0 audio_us=13 net_us=0
[2026-08-17T12:14:19Z INFO  steel_front] cam: yaw=0.0 pitch=0.0 dist=3.4 mode=FirstPerson cycle_us=2533 update_us=39 render_us=2494
[2026-08-17T12:14:19Z INFO  steel_front::engine::renderer] visible=65536/65536 near=65536 far=0 fps=375.8 frame_us=2533 cull_us=0 terrain_us=0 wait_fence_us=2094 acquire_us=1 record_us=27 submit_us=25 present_us=123 terrain_lod=high blend=0.000 quality=中画质 marker=49 npc=42
[2026-08-17T12:14:20Z INFO  steel_front::engine::game] game: wave=1 enemies=6 enemy_hp=100 hp=0/100 score=0 phys_us=2 ai_us=0 audio_us=33 net_us=0
[2026-08-17T12:14:20Z INFO  steel_front] cam: yaw=0.0 pitch=0.0 dist=3.4 mode=FirstPerson cycle_us=2298 update_us=35 render_us=2262
[2026-08-17T12:14:20Z INFO  steel_front::engine::renderer] visible=65536/65536 near=65536 far=0 fps=376.8 frame_us=2590 cull_us=0 terrain_us=0 wait_fence_us=1939 acquire_us=1 record_us=41 submit_us=31 present_us=204 terrain_lod=high blend=0.000 quality=中画质 marker=61 npc=42
[2026-08-17T12:14:21Z INFO  steel_front::engine::game] game: wave=1 enemies=6 enemy_hp=100 hp=0/100 score=0 phys_us=2 ai_us=0 audio_us=27 net_us=0
[2026-08-17T12:14:21Z INFO  steel_front] cam: yaw=0.0 pitch=0.0 dist=3.4 mode=FirstPerson cycle_us=2859 update_us=23 render_us=2836
[2026-08-17T12:14:21Z INFO  steel_front::engine::renderer] visible=65536/65536 near=65536 far=0 fps=375.4 frame_us=2294 cull_us=0 terrain_us=0 wait_fence_us=2250 acquire_us=0 record_us=40 submit_us=33 present_us=202 terrain_lod=high blend=0.000 quality=中画质 marker=49 npc=42
[2026-08-17T12:14:22Z INFO  steel_front::engine::game] game: wave=1 enemies=6 enemy_hp=100 hp=0/100 score=0 phys_us=2 ai_us=0 audio_us=14 net_us=0
[2026-08-17T12:14:22Z INFO  steel_front] cam: yaw=0.0 pitch=0.0 dist=3.4 mode=FirstPerson cycle_us=3231 update_us=19 render_us=3211
[2026-08-17T12:14:22Z INFO  steel_front::engine::renderer] visible=65536/65536 near=65536 far=0 fps=376.4 frame_us=2320 cull_us=0 terrain_us=0 wait_fence_us=1883 acquire_us=1 record_us=40 submit_us=33 present_us=268 terrain_lod=high blend=0.000 quality=中画质 marker=62 npc=42
[2026-08-17T12:14:23Z INFO  steel_front::engine::game] game: wave=1 enemies=6 enemy_hp=100 hp=0/100 score=0 phys_us=2 ai_us=0 audio_us=28 net_us=0
[2026-08-17T12:14:23Z INFO  steel_front] cam: yaw=0.0 pitch=0.0 dist=3.4 mode=FirstPerson cycle_us=3023 update_us=35 render_us=2987
[2026-08-17T12:14:23Z INFO  steel_front::engine::renderer] visible=65536/65536 near=65536 far=0 fps=376.6 frame_us=2500 cull_us=1 terrain_us=0 wait_fence_us=1910 acquire_us=1 record_us=52 submit_us=39 present_us=224 terrain_lod=high blend=0.000 quality=中画质 marker=51 npc=42
[2026-08-17T12:14:24Z INFO  steel_front] size diag: window_inner=2560x1600 hud=2560x1600
[2026-08-17T12:14:24Z INFO  steel_front] size diag: window_inner=2560x1600 hud=2560x1600
[2026-08-17T12:14:24Z INFO  steel_front] size diag: window_inner=2560x1600 hud=2560x1600
[2026-08-17T12:14:24Z INFO  steel_front] size diag: window_inner=2560x1600 hud=2560x1600
[2026-08-17T12:14:24Z INFO  steel_front] size diag: window_inner=2560x1600 hud=2560x1600
[2026-08-17T12:14:24Z INFO  steel_front] size diag: window_inner=2560x1600 hud=2560x1600
[2026-08-17T12:14:24Z INFO  steel_front] size diag: window_inner=2560x1600 hud=2560x1600
[2026-08-17T12:14:24Z INFO  steel_front] size diag: window_inner=2560x1600 hud=2560x1600
[2026-08-17T12:14:24Z INFO  steel_front] size diag: window_inner=2560x1600 hud=2560x1600
[2026-08-17T12:14:24Z INFO  steel_front] size diag: window_inner=2560x1600 hud=2560x1600
[2026-08-17T12:14:24Z INFO  steel_front] size diag: window_inner=2560x1600 hud=2560x1600
[2026-08-17T12:14:24Z INFO  steel_front] size diag: window_inner=2560x1600 hud=2560x1600
[2026-08-17T12:14:24Z INFO  steel_front] size diag: window_inner=2560x1600 hud=2560x1600
[2026-08-17T12:14:24Z INFO  steel_front] size diag: window_inner=2560x1600 hud=2560x1600
[2026-08-17T12:14:24Z INFO  steel_front] size diag: window_inner=2560x1600 hud=2560x1600
[2026-08-17T12:14:24Z INFO  steel_front] size diag: window_inner=2560x1600 hud=2560x1600
[2026-08-17T12:14:24Z INFO  steel_front] size diag: window_inner=2560x1600 hud=2560x1600
[2026-08-17T12:14:24Z INFO  steel_front] size diag: window_inner=2560x1600 hud=2560x1600
[2026-08-17T12:14:24Z INFO  steel_front::engine::game] game: wave=1 enemies=6 enemy_hp=100 hp=0/100 score=0 phys_us=2 ai_us=0 audio_us=32 net_us=0
[2026-08-17T12:14:24Z INFO  steel_front] cam: yaw=0.0 pitch=0.0 dist=3.4 mode=FirstPerson cycle_us=2738 update_us=30 render_us=2707
[2026-08-17T12:14:24Z INFO  steel_front::engine::renderer] visible=65536/65536 near=65536 far=0 fps=372.1 frame_us=2351 cull_us=0 terrain_us=0 wait_fence_us=2157 acquire_us=1 record_us=45 submit_us=35 present_us=323 terrain_lod=high blend=0.000 quality=中画质 marker=61 npc=42
[2026-08-17T12:14:25Z INFO  steel_front::engine::game] game: wave=1 enemies=6 enemy_hp=100 hp=0/100 score=0 phys_us=3 ai_us=0 audio_us=20 net_us=0
[2026-08-17T12:14:25Z INFO  steel_front] cam: yaw=0.0 pitch=0.0 dist=3.4 mode=FirstPerson cycle_us=2794 update_us=18 render_us=2775
[2026-08-17T12:14:25Z INFO  steel_front::engine::renderer] visible=65536/65536 near=65536 far=0 fps=380.1 frame_us=2511 cull_us=0 terrain_us=0 wait_fence_us=1947 acquire_us=0 record_us=40 submit_us=30 present_us=199 terrain_lod=high blend=0.000 quality=中画质 marker=54 npc=42
