[2026-08-17T12:14:27Z INFO  steel_front] ========================================
[2026-08-17T12:14:27Z INFO  steel_front]   钢铁前线 (Steel Front) v0.1.0
[2026-08-17T12:14:27Z INFO  steel_front]   二战FPS游戏引擎 - Rust + Vulkan
[2026-08-17T12:14:27Z INFO  steel_front] ========================================
[2026-08-17T12:14:27Z INFO  steel_front::engine::cpu] cpu: vendor=Amd threads=32 primary=[0, 1, 2, 3, 4, 5, 6, 7, 8, 9, 10, 11, 12, 13, 14, 15] secondary=[16, 17, 18, 19, 20, 21, 22, 23, 24, 25, 26, 27, 28, 29, 30, 31] e_cores=0 avx2=true avx512=true scene_set=[0, 1, 2, 3, 4, 5, 6, 7, 8, 9, 10, 11, 12, 13, 14, 15] ai_set=[16, 17, 18, 19, 20, 21, 22, 23, 24, 25, 26, 27, 28, 29, 30, 31] physical_primary=[0, 1, 2, 3, 4, 5, 6, 7, 8, 9, 10, 11, 12, 13, 14, 15] physical_secondary=[16, 17, 18, 19, 20, 21, 22, 23, 24, 25, 26, 27, 28, 29, 30, 31] smt=[]
[2026-08-17T12:14:27Z INFO  steel_front::engine::cpu] cpu: 非 Linux 平台，跳过线程手工绑定（交给系统调度）
[2026-08-17T12:14:28Z INFO  steel_front::engine::cpu] cpu: ai_pool 创建（8 工作线程，绑定 vCPU [16, 17, 18, 19, 20, 21, 22, 23, 24, 25, 26, 27, 28, 29, 30, 31]）
[2026-08-17T12:14:28Z INFO  steel_front::engine::game] map: level 1 generated: 36 obstacle bodies (wall=20 block=0 barrier=0 tree=3 building=6 ruin=7), 203 grid cells blocked
[2026-08-17T12:14:28Z INFO  steel_front] 窗口创建成功: 2560x1600
[2026-08-17T12:14:28Z INFO  steel_front] winit inner_size: 2560x1600 scale_factor=1.50
[2026-08-17T12:14:28Z WARN  steel_front::engine::renderer] 验证层不可用，将不使用
[2026-08-17T12:14:28Z INFO  steel_front::engine::renderer] 选择物理设备: NVIDIA GeForce RTX 5060 Laptop GPU
[2026-08-17T12:14:28Z INFO  steel_front::engine::gpu_caps] gpu-caps: 设备 NVIDIA GeForce RTX 5060 Laptop GPU 硬件能力探测（WSLg/dzn 视角）
[2026-08-17T12:14:28Z INFO  steel_front::engine::gpu_caps] gpu-caps: 可用 device 扩展 280 个
[2026-08-17T12:14:28Z INFO  steel_front::engine::gpu_caps] gpu-caps: -- 光追扩展 --
[2026-08-17T12:14:28Z INFO  steel_front::engine::gpu_caps] gpu-caps:   VK_KHR_ray_tracing_pipeline = true
[2026-08-17T12:14:28Z INFO  steel_front::engine::gpu_caps] gpu-caps:   VK_KHR_acceleration_structure = true
[2026-08-17T12:14:28Z INFO  steel_front::engine::gpu_caps] gpu-caps:   VK_KHR_ray_query = true
[2026-08-17T12:14:28Z INFO  steel_front::engine::gpu_caps] gpu-caps:   VK_KHR_deferred_host_operations = true
[2026-08-17T12:14:28Z INFO  steel_front::engine::gpu_caps] gpu-caps:   VK_KHR_buffer_device_address = true
[2026-08-17T12:14:28Z INFO  steel_front::engine::gpu_caps] gpu-caps:   VK_KHR_ray_tracing_position_fetch = true
[2026-08-17T12:14:28Z INFO  steel_front::engine::gpu_caps] gpu-caps:   VK_NV_ray_tracing = true
[2026-08-17T12:14:28Z INFO  steel_front::engine::gpu_caps] gpu-caps: -- Tensor Core / 协作矩阵 --
[2026-08-17T12:14:28Z INFO  steel_front::engine::gpu_caps] gpu-caps:   VK_KHR_cooperative_matrix = true
[2026-08-17T12:14:28Z INFO  steel_front::engine::gpu_caps] gpu-caps:   VK_NV_cooperative_matrix = true
[2026-08-17T12:14:28Z INFO  steel_front::engine::gpu_caps] gpu-caps:   VK_NV_compute_shader_derivatives = true
[2026-08-17T12:14:28Z INFO  steel_front::engine::gpu_caps] gpu-caps: -- DLSS / NVIDIA 私有 --
[2026-08-17T12:14:28Z INFO  steel_front::engine::gpu_caps] gpu-caps:   VK_NVX_image_view_handle = true
[2026-08-17T12:14:28Z INFO  steel_front::engine::gpu_caps] gpu-caps:   VK_NVX_binary_import = true
[2026-08-17T12:14:28Z INFO  steel_front::engine::gpu_caps] gpu-caps:   VK_NV_cuda_kernel = true
[2026-08-17T12:14:28Z INFO  steel_front::engine::gpu_caps] gpu-caps:   VK_NV_external_memory = true
[2026-08-17T12:14:28Z INFO  steel_front::engine::gpu_caps] gpu-caps: -- 其它新特性 --
[2026-08-17T12:14:28Z INFO  steel_front::engine::gpu_caps] gpu-caps:   VK_EXT_mesh_shader = true
[2026-08-17T12:14:28Z INFO  steel_front::engine::gpu_caps] gpu-caps:   VK_KHR_shader_object = false
[2026-08-17T12:14:28Z INFO  steel_front::engine::gpu_caps] gpu-caps:   VK_KHR_dynamic_rendering = true
[2026-08-17T12:14:28Z INFO  steel_front::engine::gpu_caps] gpu-caps: RT 特性 ray_tracing_pipeline=true acceleration_structure=true buffer_device_address=true ray_query=true
[2026-08-17T12:14:28Z INFO  steel_front::engine::gpu_caps] gpu-caps: RT 管线属性 shaderGroupHandleSize=32B maxRecursionDepth=31 maxRayDispatchInvocationCount=1073741824
[2026-08-17T12:14:28Z INFO  steel_front::engine::gpu_caps] gpu-caps: 【结论】光追探测 device 创建成功 → RT Core 路径可用（dzn→DXR）
[2026-08-17T12:14:28Z INFO  steel_front::engine::gpu_caps] gpu-caps: CUDA 直通（Tensor Core 可编程访问）=false（libcuda in /usr/lib/wsl/lib）
[2026-08-17T12:14:28Z INFO  steel_front::engine::gpu_caps] gpu-caps: 【结论】Vulkan-DLSS（NVIDIA 私有扩展）=true；可直接接 DLSS SDK
[2026-08-17T12:14:28Z INFO  steel_front::engine::renderer] VK_EXT_mesh_shader 可用：启用可选网格着色器渲染路径
[2026-08-17T12:14:28Z INFO  steel_front::engine::renderer] swapchain diag: current_extent=2560x1600 final=2560x1600
[2026-08-17T12:14:28Z INFO  steel_front::engine::renderer] 交换链初始化完成: 2560x1600, 格式: B8G8R8A8_SRGB, 图像数: 3, present_mode: MAILBOX
[2026-08-17T12:14:28Z INFO  steel_front::engine::renderer] 实例缓冲创建完成: 65536 个实例，stride 80 字节，2 帧双缓冲 HOST_VISIBLE|HOST_COHERENT（每帧压缩上传）
[2026-08-17T12:14:28Z INFO  steel_front::engine::renderer] instances=65536 draw_calls=1
[2026-08-17T12:14:28Z INFO  steel_front::engine::renderer] 深度缓冲创建完成: 3 张 2560x1600 D32_SFLOAT
[2026-08-17T12:14:28Z INFO  steel_front::engine::renderer] Descriptor Set Layout: binding 0 = UBO(view/proj), binding 1 = 贴图, binding 2 = 实例 STORAGE_BUFFER, binding 3 = 采样器
[2026-08-17T12:14:28Z INFO  steel_front::engine::renderer] Descriptor 初始化完成（2 帧）
[2026-08-17T12:14:28Z INFO  steel_front::engine::renderer] 远档 LOD 几何创建完成: 8 顶点 / 12 索引（十字双 quad）
[2026-08-17T12:14:28Z INFO  steel_front::engine::renderer] 地面平铺 quad 几何创建完成: 4 顶点 / 6 索引（无侧壁）
[2026-08-17T12:14:28Z INFO  steel_front::engine::renderer] 球体几何创建完成: 325 顶点 / 1728 索引（爆炸球形扩散）
[2026-08-17T12:14:28Z INFO  steel_front::engine::renderer] 地形 LOD[0] 创建完成: 66049 顶点 / 393216 索引（257×257 网格，间距 2）
[2026-08-17T12:14:28Z INFO  steel_front::engine::renderer] 地形 LOD[1] 创建完成: 16641 顶点 / 98304 索引（129×129 网格，间距 4）
[2026-08-17T12:14:28Z INFO  steel_front::engine::renderer] 地形 LOD[2] 创建完成: 4225 顶点 / 24576 索引（65×65 网格，间距 8）
[2026-08-17T12:14:28Z INFO  steel_front::engine::renderer] 地形 3 级 LOD 全部创建完成（高/中/低）
[2026-08-17T12:14:28Z INFO  steel_front::engine::renderer] 图形管线创建完成
[2026-08-17T12:14:28Z INFO  steel_front::engine::renderer] 网格着色器 maxMeshWorkGroupCount[0] = 4194304（地面场 65536 按此分块）
[2026-08-17T12:14:28Z INFO  steel_front::engine::renderer] 网格着色器管线创建完成（VK_EXT_mesh_shader）
[2026-08-17T12:14:28Z INFO  steel_front::engine::renderer] HUD 覆盖层初始化完成（独立 pipeline，容量 4096 quads）
[2026-08-17T12:14:28Z INFO  steel_front::engine::renderer] 纹理初始化完成: 512x512（10 mip，来源=程序化地面材质）
[2026-08-17T12:14:28Z INFO  steel_front::engine::renderer] 程序化皮肤纹理初始化完成: 512x512（marker=木板墙, npc=迷彩军服, RV3D_SKIN_TEX=off（纯色回退））
[2026-08-17T12:14:28Z INFO  steel_front::engine::renderer] 阴影贴图资源创建完成: 2048x2048 D32_SFLOAT
[2026-08-17T12:14:28Z INFO  steel_front::engine::renderer] 阴影 depth-only 管线创建完成
[2026-08-17T12:14:28Z INFO  steel_front] Vulkan 渲染器初始化成功
[2026-08-17T12:14:28Z INFO  steel_front] settings: 分辨率保持 2560x1600
[2026-08-17T12:14:28Z INFO  steel_front] settings: 应用画质 中画质
[2026-08-17T12:14:28Z INFO  steel_front::engine::renderer] 画质预设已切换: 中画质
[2026-08-17T12:14:28Z INFO  steel_front] 性能日志已创建（logs/perf_*.log）
[2026-08-17T12:14:28Z INFO  steel_front] 窗口大小变化: 1898x1061
[2026-08-17T12:14:28Z INFO  steel_front::engine::renderer] swapchain diag: current_extent=2560x1600 final=2560x1600
[2026-08-17T12:14:28Z INFO  steel_front::engine::renderer] 交换链初始化完成: 2560x1600, 格式: B8G8R8A8_SRGB, 图像数: 3, present_mode: MAILBOX
[2026-08-17T12:14:28Z INFO  steel_front::engine::renderer] 深度缓冲创建完成: 3 张 2560x1600 D32_SFLOAT
[2026-08-17T12:14:28Z INFO  steel_front] 窗口大小变化: 1920x1117
[2026-08-17T12:14:28Z INFO  steel_front::engine::renderer] swapchain diag: current_extent=2560x1600 final=2560x1600
[2026-08-17T12:14:28Z INFO  steel_front::engine::renderer] 交换链初始化完成: 2560x1600, 格式: B8G8R8A8_SRGB, 图像数: 3, present_mode: MAILBOX
[2026-08-17T12:14:28Z INFO  steel_front::engine::renderer] 深度缓冲创建完成: 3 张 2560x1600 D32_SFLOAT
[2026-08-17T12:14:28Z INFO  steel_front] 窗口大小变化: 2560x1600
[2026-08-17T12:14:28Z INFO  steel_front::engine::renderer] swapchain diag: current_extent=2560x1600 final=2560x1600
[2026-08-17T12:14:28Z INFO  steel_front::engine::renderer] 交换链初始化完成: 2560x1600, 格式: B8G8R8A8_SRGB, 图像数: 3, present_mode: MAILBOX
[2026-08-17T12:14:28Z INFO  steel_front::engine::renderer] 深度缓冲创建完成: 3 张 2560x1600 D32_SFLOAT
[2026-08-17T12:14:28Z INFO  steel_front] 窗口大小变化: 2560x1600
[2026-08-17T12:14:28Z INFO  steel_front::engine::renderer] swapchain diag: current_extent=2560x1600 final=2560x1600
[2026-08-17T12:14:28Z INFO  steel_front::engine::renderer] 交换链初始化完成: 2560x1600, 格式: B8G8R8A8_SRGB, 图像数: 3, present_mode: MAILBOX
[2026-08-17T12:14:28Z INFO  steel_front::engine::renderer] 深度缓冲创建完成: 3 张 2560x1600 D32_SFLOAT
[2026-08-17T12:14:29Z INFO  steel_front] cam: yaw=0.0 pitch=0.0 dist=3.4 mode=FirstPerson cycle_us=2482 update_us=28 render_us=2454
[2026-08-17T12:14:29Z INFO  steel_front::engine::renderer] visible=65536/65536 near=65536 far=0 fps=309.8 frame_us=2148 cull_us=0 terrain_us=0 wait_fence_us=1774 acquire_us=1 record_us=36 submit_us=31 present_us=203 terrain_lod=high blend=0.000 quality=中画质 marker=36 npc=56
[2026-08-17T12:14:29Z INFO  steel_front::engine::game] ai: npcs=8 near=8 far=0 idle=0 patrol=0 chase=8 attack=0 tactics=[8, 0, 0, 0, 0, 0, 0, 0]
[2026-08-17T12:14:29Z INFO  steel_front::engine::game] game: wave=1 enemies=8 enemy_hp=100 hp=100/100 score=0 phys_us=0 ai_us=327 audio_us=12 net_us=0
[2026-08-17T12:14:30Z INFO  steel_front] cam: yaw=0.0 pitch=0.0 dist=3.4 mode=FirstPerson cycle_us=2375 update_us=29 render_us=2345
[2026-08-17T12:14:30Z INFO  steel_front::engine::renderer] visible=65536/65536 near=65536 far=0 fps=375.5 frame_us=2504 cull_us=0 terrain_us=0 wait_fence_us=1798 acquire_us=1 record_us=47 submit_us=62 present_us=234 terrain_lod=high blend=0.000 quality=中画质 marker=36 npc=56
[2026-08-17T12:14:30Z INFO  steel_front::engine::game] ai: npcs=8 near=8 far=0 idle=0 patrol=0 chase=8 attack=0 tactics=[8, 0, 0, 0, 0, 0, 0, 0]
[2026-08-17T12:14:30Z INFO  steel_front::engine::game] game: wave=1 enemies=8 enemy_hp=100 hp=100/100 score=0 phys_us=1 ai_us=556 audio_us=10 net_us=0
[2026-08-17T12:14:31Z INFO  steel_front] cam: yaw=0.0 pitch=0.0 dist=3.4 mode=FirstPerson cycle_us=2898 update_us=31 render_us=2866
[2026-08-17T12:14:31Z INFO  steel_front::engine::renderer] visible=65536/65536 near=65536 far=0 fps=375.4 frame_us=2260 cull_us=0 terrain_us=0 wait_fence_us=1749 acquire_us=1 record_us=22 submit_us=35 present_us=225 terrain_lod=high blend=0.000 quality=中画质 marker=36 npc=56
[2026-08-17T12:14:31Z INFO  steel_front::engine::game] ai: npcs=8 near=8 far=0 idle=0 patrol=0 chase=8 attack=0 tactics=[8, 0, 0, 0, 0, 0, 0, 0]
[2026-08-17T12:14:31Z INFO  steel_front::engine::game] game: wave=1 enemies=8 enemy_hp=100 hp=100/100 score=0 phys_us=1 ai_us=414 audio_us=18 net_us=0
[2026-08-17T12:14:32Z INFO  steel_front] cam: yaw=0.0 pitch=0.0 dist=3.4 mode=FirstPerson cycle_us=2288 update_us=36 render_us=2251
[2026-08-17T12:14:32Z INFO  steel_front::engine::renderer] visible=65536/65536 near=65536 far=0 fps=377.0 frame_us=1939 cull_us=0 terrain_us=0 wait_fence_us=2395 acquire_us=1 record_us=20 submit_us=16 present_us=126 terrain_lod=high blend=0.000 quality=中画质 marker=36 npc=56
[2026-08-17T12:14:32Z INFO  steel_front::engine::game] ai: npcs=8 near=8 far=0 idle=0 patrol=0 chase=8 attack=0 tactics=[8, 0, 0, 0, 0, 0, 0, 0]
[2026-08-17T12:14:32Z INFO  steel_front::engine::game] game: wave=1 enemies=8 enemy_hp=100 hp=100/100 score=0 phys_us=1 ai_us=354 audio_us=19 net_us=0
[2026-08-17T12:14:33Z INFO  steel_front] cam: yaw=0.0 pitch=0.0 dist=3.4 mode=FirstPerson cycle_us=2721 update_us=20 render_us=2701
[2026-08-17T12:14:33Z INFO  steel_front::engine::game] npc: #3 stand (3.4, 0.0, 11.5)
[2026-08-17T12:14:33Z INFO  steel_front::engine::renderer] visible=65536/65536 near=65536 far=0 fps=375.7 frame_us=2133 cull_us=0 terrain_us=0 wait_fence_us=2130 acquire_us=1 record_us=36 submit_us=32 present_us=261 terrain_lod=high blend=0.000 quality=中画质 marker=52 npc=56
[2026-08-17T12:14:33Z INFO  steel_front] size diag: window_inner=2560x1600 hud=2560x1600
[2026-08-17T12:14:33Z INFO  steel_front] size diag: window_inner=2560x1600 hud=2560x1600
[2026-08-17T12:14:33Z INFO  steel_front] size diag: window_inner=2560x1600 hud=2560x1600
[2026-08-17T12:14:33Z INFO  steel_front::engine::game] ai: npcs=8 near=8 far=0 idle=0 patrol=0 chase=7 attack=1 tactics=[8, 0, 0, 0, 0, 0, 0, 0]
[2026-08-17T12:14:33Z INFO  steel_front::engine::game] game: wave=1 enemies=8 enemy_hp=100 hp=100/100 score=0 phys_us=1 ai_us=103 audio_us=25 net_us=0
[2026-08-17T12:14:33Z INFO  steel_front] size diag: window_inner=2560x1600 hud=2560x1600
[2026-08-17T12:14:33Z INFO  steel_front] size diag: window_inner=2560x1600 hud=2560x1600
[2026-08-17T12:14:33Z INFO  steel_front] size diag: window_inner=2560x1600 hud=2560x1600
[2026-08-17T12:14:33Z INFO  steel_front] size diag: window_inner=2560x1600 hud=2560x1600
[2026-08-17T12:14:33Z INFO  steel_front] size diag: window_inner=2560x1600 hud=2560x1600
[2026-08-17T12:14:33Z INFO  steel_front] size diag: window_inner=2560x1600 hud=2560x1600
[2026-08-17T12:14:33Z INFO  steel_front] size diag: window_inner=2560x1600 hud=2560x1600
[2026-08-17T12:14:33Z INFO  steel_front] size diag: window_inner=2560x1600 hud=2560x1600
[2026-08-17T12:14:33Z INFO  steel_front] size diag: window_inner=2560x1600 hud=2560x1600
[2026-08-17T12:14:33Z INFO  steel_front] size diag: window_inner=2560x1600 hud=2560x1600
[2026-08-17T12:14:33Z INFO  steel_front] size diag: window_inner=2560x1600 hud=2560x1600
[2026-08-17T12:14:33Z INFO  steel_front] size diag: window_inner=2560x1600 hud=2560x1600
[2026-08-17T12:14:33Z INFO  steel_front] size diag: window_inner=2560x1600 hud=2560x1600
[2026-08-17T12:14:33Z INFO  steel_front] size diag: window_inner=2560x1600 hud=2560x1600
[2026-08-17T12:14:33Z INFO  steel_front] size diag: window_inner=2560x1600 hud=2560x1600
[2026-08-17T12:14:33Z INFO  steel_front] size diag: window_inner=2560x1600 hud=2560x1600
[2026-08-17T12:14:33Z INFO  steel_front::engine::game] npc: #4 stand (4.0, 0.0, -11.3)
[2026-08-17T12:14:34Z INFO  steel_front] cam: yaw=0.0 pitch=0.0 dist=3.4 mode=FirstPerson cycle_us=11526 update_us=32 render_us=11493
[2026-08-17T12:14:34Z INFO  steel_front::engine::renderer] visible=65536/65536 near=65536 far=0 fps=373.6 frame_us=2455 cull_us=0 terrain_us=0 wait_fence_us=1821 acquire_us=0 record_us=36 submit_us=29 present_us=226 terrain_lod=high blend=0.000 quality=中画质 marker=36 npc=56
[2026-08-17T12:14:34Z INFO  steel_front::engine::game] ai: npcs=8 near=8 far=0 idle=0 patrol=0 chase=6 attack=2 tactics=[8, 0, 0, 0, 0, 0, 0, 0]
[2026-08-17T12:14:34Z INFO  steel_front::engine::game] game: wave=1 enemies=8 enemy_hp=100 hp=100/100 score=0 phys_us=1 ai_us=130 audio_us=24 net_us=0
[2026-08-17T12:14:35Z INFO  steel_front::engine::game] npc: #1 stand (-11.4, 0.0, 3.6)
[2026-08-17T12:14:35Z INFO  steel_front] cam: yaw=0.0 pitch=0.0 dist=3.4 mode=FirstPerson cycle_us=3500 update_us=17 render_us=3482
[2026-08-17T12:14:35Z INFO  steel_front::engine::renderer] visible=65536/65536 near=65536 far=0 fps=360.3 frame_us=2351 cull_us=0 terrain_us=0 wait_fence_us=2267 acquire_us=1 record_us=30 submit_us=22 present_us=188 terrain_lod=high blend=0.000 quality=中画质 marker=61 npc=56
[2026-08-17T12:14:35Z INFO  steel_front::engine::game] ai: npcs=8 near=8 far=0 idle=0 patrol=0 chase=5 attack=3 tactics=[8, 0, 0, 0, 0, 0, 0, 0]
[2026-08-17T12:14:35Z INFO  steel_front::engine::game] game: wave=1 enemies=8 enemy_hp=100 hp=100/100 score=0 phys_us=2 ai_us=362 audio_us=10 net_us=0
[2026-08-17T12:14:36Z INFO  steel_front] cam: yaw=0.0 pitch=0.0 dist=3.4 mode=FirstPerson cycle_us=2784 update_us=31 render_us=2753
[2026-08-17T12:14:36Z INFO  steel_front::engine::renderer] visible=65536/65536 near=65536 far=0 fps=369.9 frame_us=2323 cull_us=0 terrain_us=0 wait_fence_us=2043 acquire_us=0 record_us=37 submit_us=31 present_us=354 terrain_lod=high blend=0.000 quality=中画质 marker=54 npc=56
[2026-08-17T12:14:36Z INFO  steel_front::engine::game] ai: npcs=8 near=8 far=0 idle=0 patrol=0 chase=5 attack=3 tactics=[8, 0, 0, 0, 0, 0, 0, 0]
[2026-08-17T12:14:36Z INFO  steel_front::engine::game] game: wave=1 enemies=8 enemy_hp=100 hp=100/100 score=0 phys_us=2 ai_us=401 audio_us=22 net_us=0
[2026-08-17T12:14:37Z INFO  steel_front] cam: yaw=0.0 pitch=0.0 dist=3.4 mode=FirstPerson cycle_us=2507 update_us=32 render_us=2475
[2026-08-17T12:14:37Z INFO  steel_front::engine::renderer] visible=65536/65536 near=65536 far=0 fps=369.6 frame_us=2245 cull_us=0 terrain_us=0 wait_fence_us=2003 acquire_us=1 record_us=21 submit_us=18 present_us=384 terrain_lod=high blend=0.000 quality=中画质 marker=61 npc=56
[2026-08-17T12:14:37Z INFO  steel_front::engine::game] ai: npcs=8 near=8 far=0 idle=0 patrol=0 chase=5 attack=3 tactics=[8, 0, 0, 0, 0, 0, 0, 0]
[2026-08-17T12:14:37Z INFO  steel_front::engine::game] game: wave=1 enemies=8 enemy_hp=100 hp=100/100 score=0 phys_us=1 ai_us=358 audio_us=21 net_us=0
[2026-08-17T12:14:38Z INFO  steel_front] cam: yaw=0.0 pitch=0.0 dist=3.4 mode=FirstPerson cycle_us=2899 update_us=18 render_us=2880
[2026-08-17T12:14:38Z INFO  steel_front::engine::renderer] visible=65536/65536 near=65536 far=0 fps=369.6 frame_us=2333 cull_us=0 terrain_us=0 wait_fence_us=1990 acquire_us=1 record_us=37 submit_us=30 present_us=216 terrain_lod=high blend=0.000 quality=中画质 marker=55 npc=56
[2026-08-17T12:14:38Z INFO  steel_front] size diag: window_inner=2560x1600 hud=2560x1600
[2026-08-17T12:14:38Z INFO  steel_front] size diag: window_inner=2560x1600 hud=2560x1600
[2026-08-17T12:14:38Z INFO  steel_front] size diag: window_inner=2560x1600 hud=2560x1600
[2026-08-17T12:14:38Z INFO  steel_front] size diag: window_inner=2560x1600 hud=2560x1600
[2026-08-17T12:14:38Z INFO  steel_front] size diag: window_inner=2560x1600 hud=2560x1600
[2026-08-17T12:14:38Z INFO  steel_front::engine::game] ai: npcs=8 near=8 far=0 idle=0 patrol=0 chase=5 attack=3 tactics=[8, 0, 0, 0, 0, 0, 0, 0]
[2026-08-17T12:14:38Z INFO  steel_front::engine::game] game: wave=1 enemies=8 enemy_hp=100 hp=100/100 score=0 phys_us=2 ai_us=135 audio_us=13 net_us=0
[2026-08-17T12:14:38Z INFO  steel_front] size diag: window_inner=2560x1600 hud=2560x1600
[2026-08-17T12:14:38Z INFO  steel_front] size diag: window_inner=2560x1600 hud=2560x1600
[2026-08-17T12:14:38Z INFO  steel_front] size diag: window_inner=2560x1600 hud=2560x1600
[2026-08-17T12:14:38Z INFO  steel_front] size diag: window_inner=2560x1600 hud=2560x1600
[2026-08-17T12:14:38Z INFO  steel_front] size diag: window_inner=2560x1600 hud=2560x1600
[2026-08-17T12:14:38Z INFO  steel_front] size diag: window_inner=2560x1600 hud=2560x1600
[2026-08-17T12:14:38Z INFO  steel_front] size diag: window_inner=2560x1600 hud=2560x1600
[2026-08-17T12:14:38Z INFO  steel_front] size diag: window_inner=2560x1600 hud=2560x1600
[2026-08-17T12:14:38Z INFO  steel_front] size diag: window_inner=2560x1600 hud=2560x1600
[2026-08-17T12:14:38Z INFO  steel_front] size diag: window_inner=2560x1600 hud=2560x1600
[2026-08-17T12:14:38Z INFO  steel_front] size diag: window_inner=2560x1600 hud=2560x1600
[2026-08-17T12:14:38Z INFO  steel_front] size diag: window_inner=2560x1600 hud=2560x1600
[2026-08-17T12:14:38Z INFO  steel_front] size diag: window_inner=2560x1600 hud=2560x1600
[2026-08-17T12:14:39Z INFO  steel_front] cam: yaw=0.0 pitch=0.0 dist=3.4 mode=FirstPerson cycle_us=2433 update_us=39 render_us=2393
[2026-08-17T12:14:39Z INFO  steel_front::engine::game] npc: #5 stand (11.8, 0.0, 2.0)
[2026-08-17T12:14:39Z INFO  steel_front::engine::renderer] visible=65536/65536 near=65536 far=0 fps=356.0 frame_us=2017 cull_us=0 terrain_us=0 wait_fence_us=2345 acquire_us=1 record_us=23 submit_us=17 present_us=165 terrain_lod=high blend=0.000 quality=中画质 marker=61 npc=56
[2026-08-17T12:14:39Z INFO  steel_front::engine::game] ai: npcs=8 near=8 far=0 idle=0 patrol=0 chase=4 attack=4 tactics=[8, 0, 0, 0, 0, 0, 0, 0]
[2026-08-17T12:14:39Z INFO  steel_front::engine::game] game: wave=1 enemies=8 enemy_hp=100 hp=100/100 score=0 phys_us=1 ai_us=90 audio_us=28 net_us=0
[2026-08-17T12:14:40Z INFO  steel_front] cam: yaw=0.0 pitch=0.0 dist=3.4 mode=FirstPerson cycle_us=2913 update_us=24 render_us=2888
[2026-08-17T12:14:40Z INFO  steel_front::engine::game] npc: #7 stand (11.5, 0.0, 3.4)
[2026-08-17T12:14:40Z INFO  steel_front::engine::renderer] visible=65536/65536 near=65536 far=0 fps=365.8 frame_us=2160 cull_us=0 terrain_us=0 wait_fence_us=2322 acquire_us=1 record_us=37 submit_us=30 present_us=250 terrain_lod=high blend=0.000 quality=中画质 marker=78 npc=56
[2026-08-17T12:14:40Z INFO  steel_front::engine::game] ai: npcs=8 near=8 far=0 idle=0 patrol=0 chase=3 attack=5 tactics=[8, 0, 0, 0, 0, 0, 0, 0]
[2026-08-17T12:14:40Z INFO  steel_front::engine::game] game: wave=1 enemies=8 enemy_hp=100 hp=100/100 score=0 phys_us=2 ai_us=408 audio_us=24 net_us=0
[2026-08-17T12:14:41Z INFO  steel_front] cam: yaw=0.0 pitch=0.0 dist=3.4 mode=FirstPerson cycle_us=2785 update_us=37 render_us=2748
[2026-08-17T12:14:41Z INFO  steel_front::engine::renderer] visible=65536/65536 near=65536 far=0 fps=369.2 frame_us=2920 cull_us=0 terrain_us=0 wait_fence_us=1965 acquire_us=1 record_us=37 submit_us=30 present_us=248 terrain_lod=high blend=0.000 quality=中画质 marker=82 npc=56
[2026-08-17T12:14:41Z INFO  steel_front::engine::game] ai: npcs=8 near=8 far=0 idle=0 patrol=0 chase=3 attack=5 tactics=[8, 0, 0, 0, 0, 0, 0, 0]
[2026-08-17T12:14:41Z INFO  steel_front::engine::game] game: wave=1 enemies=8 enemy_hp=100 hp=100/100 score=0 phys_us=2 ai_us=244 audio_us=26 net_us=0
[2026-08-17T12:14:41Z INFO  steel_front::engine::game] npc: #2 stand (1.9, 0.0, -11.8)
[2026-08-17T12:14:42Z INFO  steel_front] cam: yaw=0.0 pitch=0.0 dist=3.4 mode=FirstPerson cycle_us=2724 update_us=35 render_us=2689
[2026-08-17T12:14:42Z INFO  steel_front::engine::game] npc: #0 stand (2.9, 0.0, -11.6)
[2026-08-17T12:14:42Z INFO  steel_front::engine::renderer] visible=65536/65536 near=65536 far=0 fps=350.4 frame_us=2308 cull_us=0 terrain_us=0 wait_fence_us=2157 acquire_us=1 record_us=33 submit_us=35 present_us=222 terrain_lod=high blend=0.000 quality=中画质 marker=79 npc=56
[2026-08-17T12:14:42Z INFO  steel_front::engine::game] ai: npcs=8 near=8 far=0 idle=0 patrol=0 chase=1 attack=7 tactics=[8, 0, 0, 0, 0, 0, 0, 0]
[2026-08-17T12:14:42Z INFO  steel_front::engine::game] game: wave=1 enemies=8 enemy_hp=100 hp=100/100 score=0 phys_us=2 ai_us=623 audio_us=45 net_us=0
[2026-08-17T12:14:43Z INFO  steel_front] cam: yaw=0.0 pitch=0.0 dist=3.4 mode=FirstPerson cycle_us=2674 update_us=26 render_us=2647
[2026-08-17T12:14:43Z INFO  steel_front::engine::renderer] visible=65536/65536 near=65536 far=0 fps=333.3 frame_us=2211 cull_us=0 terrain_us=0 wait_fence_us=2806 acquire_us=1 record_us=24 submit_us=19 present_us=166 terrain_lod=high blend=0.000 quality=中画质 marker=84 npc=56
[2026-08-17T12:14:43Z INFO  steel_front] size diag: window_inner=2560x1600 hud=2560x1600
[2026-08-17T12:14:43Z INFO  steel_front] size diag: window_inner=2560x1600 hud=2560x1600
[2026-08-17T12:14:43Z INFO  steel_front] size diag: window_inner=2560x1600 hud=2560x1600
[2026-08-17T12:14:43Z INFO  steel_front] size diag: window_inner=2560x1600 hud=2560x1600
[2026-08-17T12:14:43Z INFO  steel_front] size diag: window_inner=2560x1600 hud=2560x1600
[2026-08-17T12:14:43Z INFO  steel_front] size diag: window_inner=2560x1600 hud=2560x1600
[2026-08-17T12:14:43Z INFO  steel_front] size diag: window_inner=2560x1600 hud=2560x1600
[2026-08-17T12:14:43Z INFO  steel_front] size diag: window_inner=2560x1600 hud=2560x1600
[2026-08-17T12:14:43Z INFO  steel_front::engine::game] ai: npcs=8 near=8 far=0 idle=0 patrol=0 chase=1 attack=7 tactics=[8, 0, 0, 0, 0, 0, 0, 0]
[2026-08-17T12:14:43Z INFO  steel_front::engine::game] game: wave=1 enemies=8 enemy_hp=100 hp=100/100 score=0 phys_us=1 ai_us=154 audio_us=20 net_us=0
[2026-08-17T12:14:43Z INFO  steel_front] size diag: window_inner=2560x1600 hud=2560x1600
[2026-08-17T12:14:43Z INFO  steel_front] size diag: window_inner=2560x1600 hud=2560x1600
[2026-08-17T12:14:43Z INFO  steel_front] size diag: window_inner=2560x1600 hud=2560x1600
[2026-08-17T12:14:43Z INFO  steel_front] size diag: window_inner=2560x1600 hud=2560x1600
[2026-08-17T12:14:43Z INFO  steel_front] size diag: window_inner=2560x1600 hud=2560x1600
[2026-08-17T12:14:43Z INFO  steel_front] size diag: window_inner=2560x1600 hud=2560x1600
[2026-08-17T12:14:43Z INFO  steel_front] size diag: window_inner=2560x1600 hud=2560x1600
[2026-08-17T12:14:43Z INFO  steel_front] size diag: window_inner=2560x1600 hud=2560x1600
[2026-08-17T12:14:43Z INFO  steel_front] size diag: window_inner=2560x1600 hud=2560x1600
[2026-08-17T12:14:44Z INFO  steel_front] cam: yaw=0.0 pitch=0.0 dist=3.4 mode=FirstPerson cycle_us=3214 update_us=26 render_us=3187
[2026-08-17T12:14:44Z INFO  steel_front::engine::renderer] visible=65536/65536 near=65536 far=0 fps=339.8 frame_us=2185 cull_us=1 terrain_us=0 wait_fence_us=1952 acquire_us=1 record_us=44 submit_us=66 present_us=174 terrain_lod=high blend=0.000 quality=中画质 marker=84 npc=56
[2026-08-17T12:14:44Z INFO  steel_front::engine::game] ai: npcs=8 near=8 far=0 idle=0 patrol=0 chase=1 attack=7 tactics=[8, 0, 0, 0, 0, 0, 0, 0]
[2026-08-17T12:14:44Z INFO  steel_front::engine::game] game: wave=1 enemies=8 enemy_hp=100 hp=100/100 score=0 phys_us=1 ai_us=429 audio_us=17 net_us=0
[2026-08-17T12:14:45Z INFO  steel_front] cam: yaw=0.0 pitch=0.0 dist=3.4 mode=FirstPerson cycle_us=2820 update_us=26 render_us=2794
[2026-08-17T12:14:45Z INFO  steel_front::engine::renderer] visible=65536/65536 near=65536 far=0 fps=359.5 frame_us=2214 cull_us=0 terrain_us=0 wait_fence_us=1748 acquire_us=1 record_us=38 submit_us=28 present_us=236 terrain_lod=high blend=0.000 quality=中画质 marker=84 npc=56
[2026-08-17T12:14:45Z INFO  steel_front::engine::game] ai: npcs=8 near=8 far=0 idle=0 patrol=0 chase=1 attack=7 tactics=[8, 0, 0, 0, 0, 0, 0, 0]
[2026-08-17T12:14:45Z INFO  steel_front::engine::game] game: wave=1 enemies=8 enemy_hp=100 hp=100/100 score=0 phys_us=3 ai_us=659 audio_us=17 net_us=0
[2026-08-17T12:14:45Z INFO  steel_front::engine::game] npc: #6 stand (2.1, 0.0, -11.8)
[2026-08-17T12:14:46Z INFO  steel_front] cam: yaw=0.0 pitch=0.0 dist=3.4 mode=FirstPerson cycle_us=3089 update_us=24 render_us=3065
[2026-08-17T12:14:46Z INFO  steel_front::engine::renderer] visible=65536/65536 near=65536 far=0 fps=367.8 frame_us=2144 cull_us=1 terrain_us=0 wait_fence_us=1680 acquire_us=1 record_us=28 submit_us=39 present_us=274 terrain_lod=high blend=0.000 quality=中画质 marker=84 npc=56
[2026-08-17T12:14:46Z INFO  steel_front::engine::game] ai: npcs=8 near=8 far=0 idle=0 patrol=0 chase=0 attack=8 tactics=[8, 0, 0, 0, 0, 0, 0, 0]
[2026-08-17T12:14:46Z INFO  steel_front::engine::game] game: wave=1 enemies=8 enemy_hp=100 hp=100/100 score=0 phys_us=1 ai_us=560 audio_us=28 net_us=0
[2026-08-17T12:14:47Z INFO  steel_front] cam: yaw=0.0 pitch=0.0 dist=3.4 mode=FirstPerson cycle_us=2553 update_us=40 render_us=2512
[2026-08-17T12:14:47Z INFO  steel_front::engine::renderer] visible=65536/65536 near=65536 far=0 fps=365.0 frame_us=2924 cull_us=1 terrain_us=0 wait_fence_us=1980 acquire_us=1 record_us=43 submit_us=67 present_us=345 terrain_lod=high blend=0.000 quality=中画质 marker=84 npc=56
[2026-08-17T12:14:47Z INFO  steel_front::engine::game] ai: npcs=8 near=8 far=0 idle=0 patrol=0 chase=0 attack=8 tactics=[8, 0, 0, 0, 0, 0, 0, 0]
[2026-08-17T12:14:47Z INFO  steel_front::engine::game] game: wave=1 enemies=8 enemy_hp=100 hp=100/100 score=0 phys_us=2 ai_us=364 audio_us=31 net_us=0
[2026-08-17T12:14:48Z INFO  steel_front] cam: yaw=0.0 pitch=0.0 dist=3.4 mode=FirstPerson cycle_us=2412 update_us=28 render_us=2383
[2026-08-17T12:14:48Z INFO  steel_front::engine::renderer] visible=65536/65536 near=65536 far=0 fps=361.8 frame_us=3327 cull_us=0 terrain_us=0 wait_fence_us=3460 acquire_us=1 record_us=41 submit_us=52 present_us=293 terrain_lod=high blend=0.000 quality=中画质 marker=72 npc=56
[2026-08-17T12:14:48Z INFO  steel_front] size diag: window_inner=2560x1600 hud=2560x1600
[2026-08-17T12:14:48Z INFO  steel_front] size diag: window_inner=2560x1600 hud=2560x1600
[2026-08-17T12:14:48Z INFO  steel_front] size diag: window_inner=2560x1600 hud=2560x1600
[2026-08-17T12:14:48Z INFO  steel_front] size diag: window_inner=2560x1600 hud=2560x1600
[2026-08-17T12:14:48Z INFO  steel_front] size diag: window_inner=2560x1600 hud=2560x1600
[2026-08-17T12:14:48Z INFO  steel_front] size diag: window_inner=2560x1600 hud=2560x1600
[2026-08-17T12:14:48Z INFO  steel_front] size diag: window_inner=2560x1600 hud=2560x1600
[2026-08-17T12:14:48Z INFO  steel_front] size diag: window_inner=2560x1600 hud=2560x1600
[2026-08-17T12:14:48Z INFO  steel_front] size diag: window_inner=2560x1600 hud=2560x1600
[2026-08-17T12:14:48Z INFO  steel_front] size diag: window_inner=2560x1600 hud=2560x1600
[2026-08-17T12:14:48Z INFO  steel_front] size diag: window_inner=2560x1600 hud=2560x1600
[2026-08-17T12:14:48Z INFO  steel_front::engine::game] ai: npcs=8 near=8 far=0 idle=0 patrol=0 chase=0 attack=8 tactics=[8, 0, 0, 0, 0, 0, 0, 0]
[2026-08-17T12:14:48Z INFO  steel_front::engine::game] game: wave=1 enemies=8 enemy_hp=100 hp=100/100 score=0 phys_us=2 ai_us=198 audio_us=31 net_us=0
[2026-08-17T12:14:48Z INFO  steel_front] size diag: window_inner=2560x1600 hud=2560x1600
[2026-08-17T12:14:48Z INFO  steel_front] size diag: window_inner=2560x1600 hud=2560x1600
[2026-08-17T12:14:48Z INFO  steel_front] size diag: window_inner=2560x1600 hud=2560x1600
[2026-08-17T12:14:48Z INFO  steel_front] size diag: window_inner=2560x1600 hud=2560x1600
[2026-08-17T12:14:48Z INFO  steel_front] size diag: window_inner=2560x1600 hud=2560x1600
[2026-08-17T12:14:48Z INFO  steel_front] size diag: window_inner=2560x1600 hud=2560x1600
[2026-08-17T12:14:48Z INFO  steel_front] size diag: window_inner=2560x1600 hud=2560x1600
[2026-08-17T12:14:49Z INFO  steel_front] cam: yaw=0.0 pitch=0.0 dist=3.4 mode=FirstPerson cycle_us=2468 update_us=34 render_us=2433
[2026-08-17T12:14:49Z INFO  steel_front::engine::renderer] visible=65536/65536 near=65536 far=0 fps=364.9 frame_us=2445 cull_us=0 terrain_us=0 wait_fence_us=1777 acquire_us=1 record_us=36 submit_us=43 present_us=205 terrain_lod=high blend=0.000 quality=中画质 marker=84 npc=56
[2026-08-17T12:14:49Z INFO  steel_front::engine::game] ai: npcs=8 near=8 far=0 idle=0 patrol=0 chase=0 attack=8 tactics=[8, 0, 0, 0, 0, 0, 0, 0]
[2026-08-17T12:14:49Z INFO  steel_front::engine::game] game: wave=1 enemies=8 enemy_hp=100 hp=100/100 score=0 phys_us=1 ai_us=372 audio_us=14 net_us=0
[2026-08-17T12:14:50Z INFO  steel_front] cam: yaw=0.0 pitch=0.0 dist=3.4 mode=FirstPerson cycle_us=2744 update_us=37 render_us=2707
[2026-08-17T12:14:50Z INFO  steel_front::engine::renderer] visible=65536/65536 near=65536 far=0 fps=369.6 frame_us=2360 cull_us=1 terrain_us=0 wait_fence_us=1725 acquire_us=1 record_us=26 submit_us=30 present_us=239 terrain_lod=high blend=0.000 quality=中画质 marker=84 npc=56
[2026-08-17T12:14:50Z INFO  steel_front::engine::game] ai: npcs=8 near=8 far=0 idle=0 patrol=0 chase=0 attack=8 tactics=[8, 0, 0, 0, 0, 0, 0, 0]
[2026-08-17T12:14:50Z INFO  steel_front::engine::game] game: wave=1 enemies=8 enemy_hp=100 hp=100/100 score=0 phys_us=3 ai_us=576 audio_us=16 net_us=0
[2026-08-17T12:14:51Z INFO  steel_front] cam: yaw=0.0 pitch=0.0 dist=3.4 mode=FirstPerson cycle_us=2862 update_us=25 render_us=2836
[2026-08-17T12:14:51Z INFO  steel_front::engine::renderer] visible=65536/65536 near=65536 far=0 fps=361.0 frame_us=2283 cull_us=0 terrain_us=0 wait_fence_us=1869 acquire_us=0 record_us=37 submit_us=33 present_us=222 terrain_lod=high blend=0.000 quality=中画质 marker=84 npc=56
[2026-08-17T12:14:51Z INFO  steel_front::engine::game] ai: npcs=8 near=8 far=0 idle=0 patrol=0 chase=0 attack=8 tactics=[8, 0, 0, 0, 0, 0, 0, 0]
[2026-08-17T12:14:51Z INFO  steel_front::engine::game] game: wave=1 enemies=8 enemy_hp=100 hp=100/100 score=0 phys_us=1 ai_us=546 audio_us=16 net_us=0
[2026-08-17T12:14:52Z INFO  steel_front] cam: yaw=0.0 pitch=0.0 dist=3.4 mode=FirstPerson cycle_us=3830 update_us=71 render_us=3758
[2026-08-17T12:14:52Z INFO  steel_front::engine::renderer] visible=65536/65536 near=65536 far=0 fps=340.7 frame_us=2000 cull_us=0 terrain_us=0 wait_fence_us=2148 acquire_us=1 record_us=23 submit_us=20 present_us=198 terrain_lod=high blend=0.000 quality=中画质 marker=84 npc=56
[2026-08-17T12:14:52Z INFO  steel_front::engine::game] ai: npcs=8 near=8 far=0 idle=0 patrol=0 chase=0 attack=8 tactics=[8, 0, 0, 0, 0, 0, 0, 0]
[2026-08-17T12:14:52Z INFO  steel_front::engine::game] game: wave=1 enemies=8 enemy_hp=100 hp=100/100 score=0 phys_us=2 ai_us=372 audio_us=31 net_us=0
[2026-08-17T12:14:53Z INFO  steel_front] cam: yaw=0.0 pitch=0.0 dist=3.4 mode=FirstPerson cycle_us=2460 update_us=26 render_us=2434
[2026-08-17T12:14:53Z INFO  steel_front::engine::renderer] visible=65536/65536 near=65536 far=0 fps=355.1 frame_us=2286 cull_us=4 terrain_us=0 wait_fence_us=2027 acquire_us=6 record_us=28 submit_us=38 present_us=164 terrain_lod=high blend=0.000 quality=中画质 marker=84 npc=56
[2026-08-17T12:14:53Z INFO  steel_front] size diag: window_inner=2560x1600 hud=2560x1600
[2026-08-17T12:14:53Z INFO  steel_front] size diag: window_inner=2560x1600 hud=2560x1600
[2026-08-17T12:14:53Z INFO  steel_front] size diag: window_inner=2560x1600 hud=2560x1600
[2026-08-17T12:14:53Z INFO  steel_front] size diag: window_inner=2560x1600 hud=2560x1600
[2026-08-17T12:14:53Z INFO  steel_front] size diag: window_inner=2560x1600 hud=2560x1600
[2026-08-17T12:14:53Z INFO  steel_front] size diag: window_inner=2560x1600 hud=2560x1600
[2026-08-17T12:14:53Z INFO  steel_front] size diag: window_inner=2560x1600 hud=2560x1600
[2026-08-17T12:14:53Z INFO  steel_front] size diag: window_inner=2560x1600 hud=2560x1600
[2026-08-17T12:14:53Z INFO  steel_front] size diag: window_inner=2560x1600 hud=2560x1600
[2026-08-17T12:14:53Z INFO  steel_front] size diag: window_inner=2560x1600 hud=2560x1600
[2026-08-17T12:14:53Z INFO  steel_front] size diag: window_inner=2560x1600 hud=2560x1600
[2026-08-17T12:14:53Z INFO  steel_front] size diag: window_inner=2560x1600 hud=2560x1600
[2026-08-17T12:14:53Z INFO  steel_front] size diag: window_inner=2560x1600 hud=2560x1600
[2026-08-17T12:14:53Z INFO  steel_front] size diag: window_inner=2560x1600 hud=2560x1600
[2026-08-17T12:14:53Z INFO  steel_front] size diag: window_inner=2560x1600 hud=2560x1600
[2026-08-17T12:14:53Z INFO  steel_front] size diag: window_inner=2560x1600 hud=2560x1600
[2026-08-17T12:14:53Z INFO  steel_front::engine::game] ai: npcs=8 near=8 far=0 idle=0 patrol=0 chase=0 attack=8 tactics=[8, 0, 0, 0, 0, 0, 0, 0]
[2026-08-17T12:14:53Z INFO  steel_front::engine::game] game: wave=1 enemies=8 enemy_hp=100 hp=100/100 score=0 phys_us=2 ai_us=182 audio_us=26 net_us=0
[2026-08-17T12:14:53Z INFO  steel_front] size diag: window_inner=2560x1600 hud=2560x1600
[2026-08-17T12:14:53Z INFO  steel_front] size diag: window_inner=2560x1600 hud=2560x1600
[2026-08-17T12:14:54Z INFO  steel_front] cam: yaw=0.0 pitch=0.0 dist=3.4 mode=FirstPerson cycle_us=2983 update_us=20 render_us=2962
[2026-08-17T12:14:54Z INFO  steel_front::engine::renderer] visible=65536/65536 near=65536 far=0 fps=364.1 frame_us=2217 cull_us=0 terrain_us=0 wait_fence_us=2022 acquire_us=0 record_us=45 submit_us=39 present_us=335 terrain_lod=high blend=0.000 quality=中画质 marker=84 npc=56
[2026-08-17T12:14:54Z INFO  steel_front::engine::game] ai: npcs=8 near=8 far=0 idle=0 patrol=0 chase=0 attack=8 tactics=[8, 0, 0, 0, 0, 0, 0, 0]
[2026-08-17T12:14:54Z INFO  steel_front::engine::game] game: wave=1 enemies=8 enemy_hp=100 hp=100/100 score=0 phys_us=2 ai_us=707 audio_us=26 net_us=0
[2026-08-17T12:14:55Z INFO  steel_front] cam: yaw=0.0 pitch=0.0 dist=3.4 mode=FirstPerson cycle_us=2953 update_us=46 render_us=2907
[2026-08-17T12:14:55Z INFO  steel_front::engine::renderer] visible=65536/65536 near=65536 far=0 fps=365.1 frame_us=2082 cull_us=0 terrain_us=0 wait_fence_us=1803 acquire_us=1 record_us=44 submit_us=39 present_us=241 terrain_lod=high blend=0.000 quality=中画质 marker=84 npc=56
[2026-08-17T12:14:55Z INFO  steel_front::engine::game] ai: npcs=8 near=8 far=0 idle=0 patrol=0 chase=0 attack=8 tactics=[8, 0, 0, 0, 0, 0, 0, 0]
[2026-08-17T12:14:55Z INFO  steel_front::engine::game] game: wave=1 enemies=8 enemy_hp=100 hp=100/100 score=0 phys_us=1 ai_us=652 audio_us=14 net_us=0
[2026-08-17T12:14:56Z INFO  steel_front] cam: yaw=0.0 pitch=0.0 dist=3.4 mode=FirstPerson cycle_us=2855 update_us=21 render_us=2834
[2026-08-17T12:14:56Z INFO  steel_front::engine::renderer] visible=65536/65536 near=65536 far=0 fps=361.6 frame_us=2203 cull_us=0 terrain_us=0 wait_fence_us=1850 acquire_us=1 record_us=42 submit_us=29 present_us=274 terrain_lod=high blend=0.000 quality=中画质 marker=84 npc=56
[2026-08-17T12:14:56Z INFO  steel_front::engine::game] ai: npcs=8 near=8 far=0 idle=0 patrol=0 chase=0 attack=8 tactics=[8, 0, 0, 0, 0, 0, 0, 0]
[2026-08-17T12:14:56Z INFO  steel_front::engine::game] game: wave=1 enemies=8 enemy_hp=100 hp=100/100 score=0 phys_us=3 ai_us=473 audio_us=17 net_us=0
[2026-08-17T12:14:57Z INFO  steel_front] cam: yaw=0.0 pitch=0.0 dist=3.4 mode=FirstPerson cycle_us=2994 update_us=24 render_us=2970
[2026-08-17T12:14:57Z INFO  steel_front::engine::renderer] visible=65536/65536 near=65536 far=0 fps=359.4 frame_us=2382 cull_us=0 terrain_us=0 wait_fence_us=1919 acquire_us=1 record_us=41 submit_us=34 present_us=421 terrain_lod=high blend=0.000 quality=中画质 marker=84 npc=56
[2026-08-17T12:14:57Z INFO  steel_front::engine::game] ai: npcs=8 near=8 far=0 idle=0 patrol=0 chase=0 attack=8 tactics=[8, 0, 0, 0, 0, 0, 0, 0]
[2026-08-17T12:14:57Z INFO  steel_front::engine::game] game: wave=1 enemies=8 enemy_hp=100 hp=100/100 score=0 phys_us=2 ai_us=224 audio_us=26 net_us=0
[2026-08-17T12:14:58Z INFO  steel_front] cam: yaw=0.0 pitch=0.0 dist=3.4 mode=FirstPerson cycle_us=2477 update_us=24 render_us=2452
[2026-08-17T12:14:58Z INFO  steel_front::engine::renderer] visible=65536/65536 near=65536 far=0 fps=365.9 frame_us=2627 cull_us=1 terrain_us=0 wait_fence_us=2118 acquire_us=1 record_us=36 submit_us=26 present_us=510 terrain_lod=high blend=0.000 quality=中画质 marker=84 npc=56
[2026-08-17T12:14:58Z INFO  steel_front] size diag: window_inner=2560x1600 hud=2560x1600
[2026-08-17T12:14:58Z INFO  steel_front] size diag: window_inner=2560x1600 hud=2560x1600
[2026-08-17T12:14:58Z INFO  steel_front] size diag: window_inner=2560x1600 hud=2560x1600
[2026-08-17T12:14:58Z INFO  steel_front] size diag: window_inner=2560x1600 hud=2560x1600
[2026-08-17T12:14:58Z INFO  steel_front] size diag: window_inner=2560x1600 hud=2560x1600
[2026-08-17T12:14:58Z INFO  steel_front] size diag: window_inner=2560x1600 hud=2560x1600
[2026-08-17T12:14:58Z INFO  steel_front] size diag: window_inner=2560x1600 hud=2560x1600
[2026-08-17T12:14:58Z INFO  steel_front] size diag: window_inner=2560x1600 hud=2560x1600
[2026-08-17T12:14:58Z INFO  steel_front] size diag: window_inner=2560x1600 hud=2560x1600
[2026-08-17T12:14:58Z INFO  steel_front] size diag: window_inner=2560x1600 hud=2560x1600
[2026-08-17T12:14:58Z INFO  steel_front] size diag: window_inner=2560x1600 hud=2560x1600
[2026-08-17T12:14:58Z INFO  steel_front] size diag: window_inner=2560x1600 hud=2560x1600
[2026-08-17T12:14:58Z INFO  steel_front] size diag: window_inner=2560x1600 hud=2560x1600
[2026-08-17T12:14:58Z INFO  steel_front] size diag: window_inner=2560x1600 hud=2560x1600
[2026-08-17T12:14:58Z INFO  steel_front] size diag: window_inner=2560x1600 hud=2560x1600
[2026-08-17T12:14:58Z INFO  steel_front] size diag: window_inner=2560x1600 hud=2560x1600
[2026-08-17T12:14:58Z INFO  steel_front] size diag: window_inner=2560x1600 hud=2560x1600
[2026-08-17T12:14:58Z INFO  steel_front] size diag: window_inner=2560x1600 hud=2560x1600
[2026-08-17T12:14:58Z INFO  steel_front] size diag: window_inner=2560x1600 hud=2560x1600
[2026-08-17T12:14:58Z INFO  steel_front::engine::game] ai: npcs=8 near=8 far=0 idle=0 patrol=0 chase=0 attack=8 tactics=[8, 0, 0, 0, 0, 0, 0, 0]
[2026-08-17T12:14:58Z INFO  steel_front::engine::game] game: wave=1 enemies=8 enemy_hp=100 hp=100/100 score=0 phys_us=1 ai_us=139 audio_us=16 net_us=0
[2026-08-17T12:14:59Z INFO  steel_front] cam: yaw=0.0 pitch=0.0 dist=3.4 mode=FirstPerson cycle_us=2479 update_us=28 render_us=2450
[2026-08-17T12:14:59Z INFO  steel_front::engine::renderer] visible=65536/65536 near=65536 far=0 fps=363.9 frame_us=2138 cull_us=0 terrain_us=0 wait_fence_us=2053 acquire_us=0 record_us=23 submit_us=31 present_us=118 terrain_lod=high blend=0.000 quality=中画质 marker=84 npc=56
[2026-08-17T12:14:59Z INFO  steel_front::engine::game] ai: npcs=8 near=8 far=0 idle=0 patrol=0 chase=0 attack=8 tactics=[8, 0, 0, 0, 0, 0, 0, 0]
[2026-08-17T12:14:59Z INFO  steel_front::engine::game] game: wave=1 enemies=8 enemy_hp=100 hp=100/100 score=0 phys_us=2 ai_us=457 audio_us=18 net_us=0
[2026-08-17T12:15:00Z INFO  steel_front] cam: yaw=0.0 pitch=0.0 dist=3.4 mode=FirstPerson cycle_us=3434 update_us=25 render_us=3408
[2026-08-17T12:15:00Z INFO  steel_front::engine::renderer] visible=65536/65536 near=65536 far=0 fps=361.7 frame_us=2884 cull_us=0 terrain_us=0 wait_fence_us=1784 acquire_us=1 record_us=57 submit_us=39 present_us=242 terrain_lod=high blend=0.000 quality=中画质 marker=84 npc=56
[2026-08-17T12:15:00Z INFO  steel_front::engine::game] ai: npcs=8 near=8 far=0 idle=0 patrol=0 chase=0 attack=8 tactics=[8, 0, 0, 0, 0, 0, 0, 0]
[2026-08-17T12:15:00Z INFO  steel_front::engine::game] game: wave=1 enemies=8 enemy_hp=100 hp=100/100 score=0 phys_us=2 ai_us=463 audio_us=28 net_us=1
[2026-08-17T12:15:01Z INFO  steel_front] cam: yaw=0.0 pitch=0.0 dist=3.4 mode=FirstPerson cycle_us=2721 update_us=39 render_us=2682
[2026-08-17T12:15:01Z INFO  steel_front::engine::renderer] visible=65536/65536 near=65536 far=0 fps=350.5 frame_us=2407 cull_us=0 terrain_us=0 wait_fence_us=2257 acquire_us=1 record_us=31 submit_us=26 present_us=159 terrain_lod=high blend=0.000 quality=中画质 marker=84 npc=56
[2026-08-17T12:15:01Z INFO  steel_front::engine::game] ai: npcs=8 near=8 far=0 idle=0 patrol=0 chase=0 attack=8 tactics=[8, 0, 0, 0, 0, 0, 0, 0]
[2026-08-17T12:15:01Z INFO  steel_front::engine::game] game: wave=1 enemies=8 enemy_hp=100 hp=100/100 score=0 phys_us=2 ai_us=438 audio_us=27 net_us=0
[2026-08-17T12:15:02Z INFO  steel_front] cam: yaw=0.0 pitch=0.0 dist=3.4 mode=FirstPerson cycle_us=2281 update_us=46 render_us=2235
[2026-08-17T12:15:02Z INFO  steel_front::engine::renderer] visible=65536/65536 near=65536 far=0 fps=361.9 frame_us=2883 cull_us=0 terrain_us=0 wait_fence_us=2022 acquire_us=1 record_us=52 submit_us=58 present_us=285 terrain_lod=high blend=0.000 quality=中画质 marker=84 npc=56
[2026-08-17T12:15:02Z INFO  steel_front::engine::game] ai: npcs=8 near=8 far=0 idle=0 patrol=0 chase=0 attack=8 tactics=[8, 0, 0, 0, 0, 0, 0, 0]
[2026-08-17T12:15:02Z INFO  steel_front::engine::game] game: wave=1 enemies=8 enemy_hp=100 hp=100/100 score=0 phys_us=2 ai_us=438 audio_us=28 net_us=0
[2026-08-17T12:15:03Z INFO  steel_front] cam: yaw=0.0 pitch=0.0 dist=3.4 mode=FirstPerson cycle_us=2490 update_us=20 render_us=2469
[2026-08-17T12:15:03Z INFO  steel_front::engine::renderer] visible=65536/65536 near=65536 far=0 fps=360.5 frame_us=2283 cull_us=0 terrain_us=0 wait_fence_us=1724 acquire_us=0 record_us=55 submit_us=48 present_us=227 terrain_lod=high blend=0.000 quality=中画质 marker=84 npc=56
[2026-08-17T12:15:03Z INFO  steel_front] size diag: window_inner=2560x1600 hud=2560x1600
[2026-08-17T12:15:03Z INFO  steel_front] size diag: window_inner=2560x1600 hud=2560x1600
[2026-08-17T12:15:03Z INFO  steel_front] size diag: window_inner=2560x1600 hud=2560x1600
[2026-08-17T12:15:03Z INFO  steel_front] size diag: window_inner=2560x1600 hud=2560x1600
[2026-08-17T12:15:03Z INFO  steel_front] size diag: window_inner=2560x1600 hud=2560x1600
[2026-08-17T12:15:03Z INFO  steel_front] size diag: window_inner=2560x1600 hud=2560x1600
[2026-08-17T12:15:03Z INFO  steel_front] size diag: window_inner=2560x1600 hud=2560x1600
[2026-08-17T12:15:03Z INFO  steel_front] size diag: window_inner=2560x1600 hud=2560x1600
[2026-08-17T12:15:03Z INFO  steel_front] size diag: window_inner=2560x1600 hud=2560x1600
[2026-08-17T12:15:03Z INFO  steel_front] size diag: window_inner=2560x1600 hud=2560x1600
[2026-08-17T12:15:03Z INFO  steel_front] size diag: window_inner=2560x1600 hud=2560x1600
[2026-08-17T12:15:03Z INFO  steel_front] size diag: window_inner=2560x1600 hud=2560x1600
[2026-08-17T12:15:03Z INFO  steel_front] size diag: window_inner=2560x1600 hud=2560x1600
[2026-08-17T12:15:03Z INFO  steel_front] size diag: window_inner=2560x1600 hud=2560x1600
[2026-08-17T12:15:03Z INFO  steel_front] size diag: window_inner=2560x1600 hud=2560x1600
[2026-08-17T12:15:03Z INFO  steel_front] size diag: window_inner=2560x1600 hud=2560x1600
[2026-08-17T12:15:03Z INFO  steel_front] size diag: window_inner=2560x1600 hud=2560x1600
[2026-08-17T12:15:03Z INFO  steel_front] size diag: window_inner=2560x1600 hud=2560x1600
[2026-08-17T12:15:03Z INFO  steel_front::engine::game] ai: npcs=8 near=8 far=0 idle=0 patrol=0 chase=0 attack=8 tactics=[8, 0, 0, 0, 0, 0, 0, 0]
[2026-08-17T12:15:03Z INFO  steel_front::engine::game] game: wave=1 enemies=8 enemy_hp=100 hp=100/100 score=0 phys_us=1 ai_us=371 audio_us=26 net_us=0
[2026-08-17T12:15:04Z INFO  steel_front] cam: yaw=0.0 pitch=0.0 dist=3.4 mode=FirstPerson cycle_us=2704 update_us=35 render_us=2668
[2026-08-17T12:15:04Z INFO  steel_front::engine::renderer] visible=65536/65536 near=65536 far=0 fps=365.6 frame_us=3065 cull_us=0 terrain_us=0 wait_fence_us=1891 acquire_us=1 record_us=46 submit_us=36 present_us=218 terrain_lod=high blend=0.000 quality=中画质 marker=84 npc=56
[2026-08-17T12:15:04Z INFO  steel_front::engine::game] ai: npcs=8 near=8 far=0 idle=0 patrol=0 chase=0 attack=8 tactics=[8, 0, 0, 0, 0, 0, 0, 0]
[2026-08-17T12:15:04Z INFO  steel_front::engine::game] game: wave=1 enemies=8 enemy_hp=100 hp=100/100 score=0 phys_us=2 ai_us=564 audio_us=16 net_us=0
[2026-08-17T12:15:05Z INFO  steel_front] cam: yaw=0.0 pitch=0.0 dist=3.4 mode=FirstPerson cycle_us=3080 update_us=20 render_us=3060
[2026-08-17T12:15:05Z INFO  steel_front::engine::renderer] visible=65536/65536 near=65536 far=0 fps=366.9 frame_us=2323 cull_us=0 terrain_us=0 wait_fence_us=2385 acquire_us=1 record_us=41 submit_us=32 present_us=253 terrain_lod=high blend=0.000 quality=中画质 marker=84 npc=56
[2026-08-17T12:15:05Z INFO  steel_front::engine::game] ai: npcs=8 near=8 far=0 idle=0 patrol=0 chase=0 attack=8 tactics=[8, 0, 0, 0, 0, 0, 0, 0]
[2026-08-17T12:15:05Z INFO  steel_front::engine::game] game: wave=1 enemies=8 enemy_hp=100 hp=100/100 score=0 phys_us=2 ai_us=577 audio_us=13 net_us=0
[2026-08-17T12:15:06Z INFO  steel_front] cam: yaw=0.0 pitch=0.0 dist=3.4 mode=FirstPerson cycle_us=2904 update_us=20 render_us=2884
[2026-08-17T12:15:06Z INFO  steel_front::engine::renderer] visible=65536/65536 near=65536 far=0 fps=365.5 frame_us=2615 cull_us=1 terrain_us=0 wait_fence_us=1900 acquire_us=1 record_us=56 submit_us=41 present_us=215 terrain_lod=high blend=0.000 quality=中画质 marker=84 npc=56
[2026-08-17T12:15:06Z INFO  steel_front::engine::game] ai: npcs=8 near=8 far=0 idle=0 patrol=0 chase=0 attack=8 tactics=[8, 0, 0, 0, 0, 0, 0, 0]
[2026-08-17T12:15:06Z INFO  steel_front::engine::game] game: wave=1 enemies=8 enemy_hp=100 hp=100/100 score=0 phys_us=4 ai_us=237 audio_us=16 net_us=0
[2026-08-17T12:15:07Z INFO  steel_front] cam: yaw=0.0 pitch=0.0 dist=3.4 mode=FirstPerson cycle_us=2884 update_us=34 render_us=2850
[2026-08-17T12:15:07Z INFO  steel_front::engine::renderer] visible=65536/65536 near=65536 far=0 fps=366.0 frame_us=2219 cull_us=0 terrain_us=0 wait_fence_us=2061 acquire_us=1 record_us=41 submit_us=34 present_us=308 terrain_lod=high blend=0.000 quality=中画质 marker=84 npc=56
[2026-08-17T12:15:07Z INFO  steel_front::engine::game] ai: npcs=8 near=8 far=0 idle=0 patrol=0 chase=0 attack=8 tactics=[8, 0, 0, 0, 0, 0, 0, 0]
[2026-08-17T12:15:07Z INFO  steel_front::engine::game] game: wave=1 enemies=8 enemy_hp=100 hp=100/100 score=0 phys_us=2 ai_us=483 audio_us=24 net_us=0
[2026-08-17T12:15:08Z INFO  steel_front] cam: yaw=0.0 pitch=0.0 dist=3.4 mode=FirstPerson cycle_us=2728 update_us=53 render_us=2675
[2026-08-17T12:15:08Z INFO  steel_front::engine::renderer] visible=65536/65536 near=65536 far=0 fps=365.9 frame_us=2545 cull_us=1 terrain_us=0 wait_fence_us=2097 acquire_us=1 record_us=45 submit_us=34 present_us=524 terrain_lod=high blend=0.000 quality=中画质 marker=84 npc=56
[2026-08-17T12:15:08Z INFO  steel_front] size diag: window_inner=2560x1600 hud=2560x1600
[2026-08-17T12:15:08Z INFO  steel_front] size diag: window_inner=2560x1600 hud=2560x1600
[2026-08-17T12:15:08Z INFO  steel_front] size diag: window_inner=2560x1600 hud=2560x1600
[2026-08-17T12:15:08Z INFO  steel_front] size diag: window_inner=2560x1600 hud=2560x1600
[2026-08-17T12:15:08Z INFO  steel_front] size diag: window_inner=2560x1600 hud=2560x1600
[2026-08-17T12:15:08Z INFO  steel_front] size diag: window_inner=2560x1600 hud=2560x1600
[2026-08-17T12:15:08Z INFO  steel_front] size diag: window_inner=2560x1600 hud=2560x1600
[2026-08-17T12:15:08Z INFO  steel_front] size diag: window_inner=2560x1600 hud=2560x1600
[2026-08-17T12:15:08Z INFO  steel_front] size diag: window_inner=2560x1600 hud=2560x1600
[2026-08-17T12:15:08Z INFO  steel_front] size diag: window_inner=2560x1600 hud=2560x1600
[2026-08-17T12:15:08Z INFO  steel_front] size diag: window_inner=2560x1600 hud=2560x1600
[2026-08-17T12:15:08Z INFO  steel_front] size diag: window_inner=2560x1600 hud=2560x1600
[2026-08-17T12:15:08Z INFO  steel_front] size diag: window_inner=2560x1600 hud=2560x1600
[2026-08-17T12:15:08Z INFO  steel_front] size diag: window_inner=2560x1600 hud=2560x1600
[2026-08-17T12:15:08Z INFO  steel_front] size diag: window_inner=2560x1600 hud=2560x1600
[2026-08-17T12:15:08Z INFO  steel_front] size diag: window_inner=2560x1600 hud=2560x1600
[2026-08-17T12:15:08Z INFO  steel_front] size diag: window_inner=2560x1600 hud=2560x1600
[2026-08-17T12:15:08Z INFO  steel_front] size diag: window_inner=2560x1600 hud=2560x1600
[2026-08-17T12:15:08Z INFO  steel_front::engine::game] ai: npcs=8 near=8 far=0 idle=0 patrol=0 chase=0 attack=8 tactics=[8, 0, 0, 0, 0, 0, 0, 0]
[2026-08-17T12:15:08Z INFO  steel_front::engine::game] game: wave=1 enemies=8 enemy_hp=100 hp=100/100 score=0 phys_us=1 ai_us=334 audio_us=25 net_us=0
[2026-08-17T12:15:09Z INFO  steel_front] cam: yaw=0.0 pitch=0.0 dist=3.4 mode=FirstPerson cycle_us=2510 update_us=42 render_us=2467
[2026-08-17T12:15:09Z INFO  steel_front::engine::renderer] visible=65536/65536 near=65536 far=0 fps=364.4 frame_us=2415 cull_us=0 terrain_us=0 wait_fence_us=1583 acquire_us=1 record_us=42 submit_us=35 present_us=211 terrain_lod=high blend=0.000 quality=中画质 marker=84 npc=56
[2026-08-17T12:15:09Z INFO  steel_front::engine::game] ai: npcs=8 near=8 far=0 idle=0 patrol=0 chase=0 attack=8 tactics=[8, 0, 0, 0, 0, 0, 0, 0]
[2026-08-17T12:15:09Z INFO  steel_front::engine::game] game: wave=1 enemies=8 enemy_hp=100 hp=100/100 score=0 phys_us=3 ai_us=217 audio_us=16 net_us=0
[2026-08-17T12:15:10Z INFO  steel_front] cam: yaw=0.0 pitch=0.0 dist=3.4 mode=FirstPerson cycle_us=2718 update_us=26 render_us=2692
[2026-08-17T12:15:10Z INFO  steel_front::engine::renderer] visible=65536/65536 near=65536 far=0 fps=365.2 frame_us=2330 cull_us=0 terrain_us=0 wait_fence_us=2188 acquire_us=1 record_us=43 submit_us=35 present_us=230 terrain_lod=high blend=0.000 quality=中画质 marker=84 npc=56
[2026-08-17T12:15:10Z INFO  steel_front::engine::game] ai: npcs=8 near=8 far=0 idle=0 patrol=0 chase=0 attack=8 tactics=[8, 0, 0, 0, 0, 0, 0, 0]
[2026-08-17T12:15:10Z INFO  steel_front::engine::game] game: wave=1 enemies=8 enemy_hp=100 hp=100/100 score=0 phys_us=1 ai_us=475 audio_us=18 net_us=0
[2026-08-17T12:15:11Z INFO  steel_front] cam: yaw=0.0 pitch=0.0 dist=3.4 mode=FirstPerson cycle_us=2790 update_us=19 render_us=2770
[2026-08-17T12:15:11Z INFO  steel_front::engine::renderer] visible=65536/65536 near=65536 far=0 fps=366.8 frame_us=2048 cull_us=0 terrain_us=0 wait_fence_us=2194 acquire_us=1 record_us=21 submit_us=18 present_us=187 terrain_lod=high blend=0.000 quality=中画质 marker=84 npc=56
[2026-08-17T12:15:11Z INFO  steel_front::engine::game] ai: npcs=8 near=8 far=0 idle=0 patrol=0 chase=0 attack=8 tactics=[8, 0, 0, 0, 0, 0, 0, 0]
[2026-08-17T12:15:11Z INFO  steel_front::engine::game] game: wave=1 enemies=8 enemy_hp=100 hp=100/100 score=0 phys_us=3 ai_us=440 audio_us=13 net_us=0
[2026-08-17T12:15:12Z INFO  steel_front] cam: yaw=0.0 pitch=0.0 dist=3.4 mode=FirstPerson cycle_us=3060 update_us=19 render_us=3041
[2026-08-17T12:15:12Z INFO  steel_front::engine::renderer] visible=65536/65536 near=65536 far=0 fps=364.6 frame_us=2326 cull_us=0 terrain_us=0 wait_fence_us=1908 acquire_us=1 record_us=42 submit_us=32 present_us=210 terrain_lod=high blend=0.000 quality=中画质 marker=84 npc=56
[2026-08-17T12:15:12Z INFO  steel_front::engine::game] ai: npcs=8 near=8 far=0 idle=0 patrol=0 chase=0 attack=8 tactics=[8, 0, 0, 0, 0, 0, 0, 0]
[2026-08-17T12:15:12Z INFO  steel_front::engine::game] game: wave=1 enemies=8 enemy_hp=100 hp=100/100 score=0 phys_us=1 ai_us=460 audio_us=27 net_us=0
[2026-08-17T12:15:13Z INFO  steel_front] cam: yaw=0.0 pitch=0.0 dist=3.4 mode=FirstPerson cycle_us=2638 update_us=46 render_us=2591
[2026-08-17T12:15:13Z INFO  steel_front::engine::renderer] visible=65536/65536 near=65536 far=0 fps=363.8 frame_us=2259 cull_us=0 terrain_us=0 wait_fence_us=1945 acquire_us=0 record_us=42 submit_us=35 present_us=170 terrain_lod=high blend=0.000 quality=中画质 marker=84 npc=56
[2026-08-17T12:15:13Z INFO  steel_front] size diag: window_inner=2560x1600 hud=2560x1600
[2026-08-17T12:15:13Z INFO  steel_front] size diag: window_inner=2560x1600 hud=2560x1600
[2026-08-17T12:15:13Z INFO  steel_front] size diag: window_inner=2560x1600 hud=2560x1600
[2026-08-17T12:15:13Z INFO  steel_front] size diag: window_inner=2560x1600 hud=2560x1600
[2026-08-17T12:15:13Z INFO  steel_front] size diag: window_inner=2560x1600 hud=2560x1600
[2026-08-17T12:15:13Z INFO  steel_front] size diag: window_inner=2560x1600 hud=2560x1600
[2026-08-17T12:15:13Z INFO  steel_front] size diag: window_inner=2560x1600 hud=2560x1600
[2026-08-17T12:15:13Z INFO  steel_front] size diag: window_inner=2560x1600 hud=2560x1600
[2026-08-17T12:15:13Z INFO  steel_front] size diag: window_inner=2560x1600 hud=2560x1600
[2026-08-17T12:15:13Z INFO  steel_front] size diag: window_inner=2560x1600 hud=2560x1600
[2026-08-17T12:15:13Z INFO  steel_front] size diag: window_inner=2560x1600 hud=2560x1600
[2026-08-17T12:15:13Z INFO  steel_front] size diag: window_inner=2560x1600 hud=2560x1600
[2026-08-17T12:15:13Z INFO  steel_front] size diag: window_inner=2560x1600 hud=2560x1600
[2026-08-17T12:15:13Z INFO  steel_front] size diag: window_inner=2560x1600 hud=2560x1600
[2026-08-17T12:15:13Z INFO  steel_front] size diag: window_inner=2560x1600 hud=2560x1600
[2026-08-17T12:15:13Z INFO  steel_front] size diag: window_inner=2560x1600 hud=2560x1600
[2026-08-17T12:15:13Z INFO  steel_front] size diag: window_inner=2560x1600 hud=2560x1600
[2026-08-17T12:15:13Z INFO  steel_front] size diag: window_inner=2560x1600 hud=2560x1600
[2026-08-17T12:15:13Z INFO  steel_front::engine::game] ai: npcs=8 near=8 far=0 idle=0 patrol=0 chase=0 attack=8 tactics=[8, 0, 0, 0, 0, 0, 0, 0]
[2026-08-17T12:15:13Z INFO  steel_front::engine::game] game: wave=1 enemies=8 enemy_hp=100 hp=100/100 score=0 phys_us=1 ai_us=498 audio_us=24 net_us=0
[2026-08-17T12:15:14Z INFO  steel_front] cam: yaw=0.0 pitch=0.0 dist=3.4 mode=FirstPerson cycle_us=2803 update_us=20 render_us=2783
[2026-08-17T12:15:14Z INFO  steel_front::engine::renderer] visible=65536/65536 near=65536 far=0 fps=365.2 frame_us=2150 cull_us=0 terrain_us=0 wait_fence_us=1984 acquire_us=1 record_us=43 submit_us=38 present_us=324 terrain_lod=high blend=0.000 quality=中画质 marker=84 npc=56
[2026-08-17T12:15:14Z INFO  steel_front::engine::game] ai: npcs=8 near=8 far=0 idle=0 patrol=0 chase=0 attack=8 tactics=[8, 0, 0, 0, 0, 0, 0, 0]
[2026-08-17T12:15:14Z INFO  steel_front::engine::game] game: wave=1 enemies=8 enemy_hp=100 hp=100/100 score=0 phys_us=1 ai_us=460 audio_us=26 net_us=0
[2026-08-17T12:15:15Z INFO  steel_front] cam: yaw=0.0 pitch=0.0 dist=3.4 mode=FirstPerson cycle_us=3239 update_us=42 render_us=3197
[2026-08-17T12:15:15Z INFO  steel_front::engine::renderer] visible=65536/65536 near=65536 far=0 fps=365.8 frame_us=2813 cull_us=0 terrain_us=0 wait_fence_us=1843 acquire_us=1 record_us=48 submit_us=52 present_us=641 terrain_lod=high blend=0.000 quality=中画质 marker=84 npc=56
[2026-08-17T12:15:15Z INFO  steel_front::engine::game] ai: npcs=8 near=8 far=0 idle=0 patrol=0 chase=0 attack=8 tactics=[8, 0, 0, 0, 0, 0, 0, 0]
[2026-08-17T12:15:15Z INFO  steel_front::engine::game] game: wave=1 enemies=8 enemy_hp=100 hp=100/100 score=0 phys_us=2 ai_us=506 audio_us=18 net_us=0
[2026-08-17T12:15:16Z INFO  steel_front] cam: yaw=0.0 pitch=0.0 dist=3.4 mode=FirstPerson cycle_us=2414 update_us=38 render_us=2375
[2026-08-17T12:15:16Z INFO  steel_front::engine::renderer] visible=65536/65536 near=65536 far=0 fps=364.9 frame_us=2078 cull_us=0 terrain_us=0 wait_fence_us=2024 acquire_us=1 record_us=23 submit_us=36 present_us=116 terrain_lod=high blend=0.000 quality=中画质 marker=84 npc=56
[2026-08-17T12:15:16Z INFO  steel_front::engine::game] ai: npcs=8 near=8 far=0 idle=0 patrol=0 chase=0 attack=8 tactics=[8, 0, 0, 0, 0, 0, 0, 0]
[2026-08-17T12:15:16Z INFO  steel_front::engine::game] game: wave=1 enemies=8 enemy_hp=100 hp=100/100 score=0 phys_us=3 ai_us=537 audio_us=26 net_us=0
[2026-08-17T12:15:17Z INFO  steel_front] cam: yaw=0.0 pitch=0.0 dist=3.4 mode=FirstPerson cycle_us=3481 update_us=25 render_us=3455
[2026-08-17T12:15:17Z INFO  steel_front::engine::renderer] visible=65536/65536 near=65536 far=0 fps=366.5 frame_us=2751 cull_us=0 terrain_us=0 wait_fence_us=2048 acquire_us=1 record_us=38 submit_us=34 present_us=207 terrain_lod=high blend=0.000 quality=中画质 marker=84 npc=56
[2026-08-17T12:15:17Z INFO  steel_front::engine::game] ai: npcs=8 near=8 far=0 idle=0 patrol=0 chase=0 attack=8 tactics=[8, 0, 0, 0, 0, 0, 0, 0]
[2026-08-17T12:15:17Z INFO  steel_front::engine::game] game: wave=1 enemies=8 enemy_hp=100 hp=100/100 score=0 phys_us=2 ai_us=234 audio_us=18 net_us=0
[2026-08-17T12:15:18Z INFO  steel_front] cam: yaw=0.0 pitch=0.0 dist=3.4 mode=FirstPerson cycle_us=2888 update_us=37 render_us=2849
[2026-08-17T12:15:18Z INFO  steel_front::engine::renderer] visible=65536/65536 near=65536 far=0 fps=366.4 frame_us=2669 cull_us=1 terrain_us=0 wait_fence_us=1923 acquire_us=1 record_us=50 submit_us=71 present_us=450 terrain_lod=high blend=0.000 quality=中画质 marker=84 npc=56
[2026-08-17T12:15:18Z INFO  steel_front] size diag: window_inner=2560x1600 hud=2560x1600
[2026-08-17T12:15:18Z INFO  steel_front] size diag: window_inner=2560x1600 hud=2560x1600
[2026-08-17T12:15:18Z INFO  steel_front] size diag: window_inner=2560x1600 hud=2560x1600
[2026-08-17T12:15:18Z INFO  steel_front] size diag: window_inner=2560x1600 hud=2560x1600
[2026-08-17T12:15:18Z INFO  steel_front] size diag: window_inner=2560x1600 hud=2560x1600
[2026-08-17T12:15:18Z INFO  steel_front] size diag: window_inner=2560x1600 hud=2560x1600
[2026-08-17T12:15:18Z INFO  steel_front] size diag: window_inner=2560x1600 hud=2560x1600
[2026-08-17T12:15:18Z INFO  steel_front] size diag: window_inner=2560x1600 hud=2560x1600
[2026-08-17T12:15:18Z INFO  steel_front] size diag: window_inner=2560x1600 hud=2560x1600
[2026-08-17T12:15:18Z INFO  steel_front] size diag: window_inner=2560x1600 hud=2560x1600
[2026-08-17T12:15:18Z INFO  steel_front] size diag: window_inner=2560x1600 hud=2560x1600
[2026-08-17T12:15:18Z INFO  steel_front] size diag: window_inner=2560x1600 hud=2560x1600
[2026-08-17T12:15:18Z INFO  steel_front] size diag: window_inner=2560x1600 hud=2560x1600
[2026-08-17T12:15:18Z INFO  steel_front] size diag: window_inner=2560x1600 hud=2560x1600
[2026-08-17T12:15:18Z INFO  steel_front] size diag: window_inner=2560x1600 hud=2560x1600
[2026-08-17T12:15:18Z INFO  steel_front] size diag: window_inner=2560x1600 hud=2560x1600
[2026-08-17T12:15:18Z INFO  steel_front] size diag: window_inner=2560x1600 hud=2560x1600
[2026-08-17T12:15:18Z INFO  steel_front] size diag: window_inner=2560x1600 hud=2560x1600
[2026-08-17T12:15:18Z INFO  steel_front] size diag: window_inner=2560x1600 hud=2560x1600
[2026-08-17T12:15:18Z INFO  steel_front::engine::game] ai: npcs=8 near=8 far=0 idle=0 patrol=0 chase=0 attack=8 tactics=[8, 0, 0, 0, 0, 0, 0, 0]
[2026-08-17T12:15:18Z INFO  steel_front::engine::game] game: wave=1 enemies=8 enemy_hp=100 hp=100/100 score=0 phys_us=2 ai_us=229 audio_us=31 net_us=0
[2026-08-17T12:15:19Z INFO  steel_front] cam: yaw=0.0 pitch=0.0 dist=3.4 mode=FirstPerson cycle_us=2993 update_us=21 render_us=2972
[2026-08-17T12:15:19Z INFO  steel_front::engine::renderer] visible=65536/65536 near=65536 far=0 fps=368.6 frame_us=2338 cull_us=0 terrain_us=0 wait_fence_us=1844 acquire_us=1 record_us=19 submit_us=18 present_us=200 terrain_lod=high blend=0.000 quality=中画质 marker=84 npc=56
[2026-08-17T12:15:19Z INFO  steel_front::engine::game] ai: npcs=8 near=8 far=0 idle=0 patrol=0 chase=0 attack=8 tactics=[8, 0, 0, 0, 0, 0, 0, 0]
[2026-08-17T12:15:19Z INFO  steel_front::engine::game] game: wave=1 enemies=8 enemy_hp=100 hp=100/100 score=0 phys_us=2 ai_us=510 audio_us=18 net_us=0
[2026-08-17T12:15:20Z INFO  steel_front] cam: yaw=0.0 pitch=0.0 dist=3.4 mode=FirstPerson cycle_us=2612 update_us=21 render_us=2590
[2026-08-17T12:15:20Z INFO  steel_front::engine::renderer] visible=65536/65536 near=65536 far=0 fps=367.2 frame_us=2392 cull_us=0 terrain_us=0 wait_fence_us=1836 acquire_us=0 record_us=39 submit_us=33 present_us=217 terrain_lod=high blend=0.000 quality=中画质 marker=84 npc=56
[2026-08-17T12:15:20Z INFO  steel_front::engine::game] ai: npcs=8 near=8 far=0 idle=0 patrol=0 chase=0 attack=8 tactics=[8, 0, 0, 0, 0, 0, 0, 0]
[2026-08-17T12:15:20Z INFO  steel_front::engine::game] game: wave=1 enemies=8 enemy_hp=100 hp=100/100 score=0 phys_us=6 ai_us=746 audio_us=17 net_us=0
[2026-08-17T12:15:21Z INFO  steel_front] cam: yaw=0.0 pitch=0.0 dist=3.4 mode=FirstPerson cycle_us=2496 update_us=38 render_us=2458
[2026-08-17T12:15:21Z INFO  steel_front::engine::renderer] visible=65536/65536 near=65536 far=0 fps=367.8 frame_us=2034 cull_us=0 terrain_us=0 wait_fence_us=2315 acquire_us=1 record_us=38 submit_us=34 present_us=136 terrain_lod=high blend=0.000 quality=中画质 marker=84 npc=56
[2026-08-17T12:15:21Z INFO  steel_front::engine::game] ai: npcs=8 near=8 far=0 idle=0 patrol=0 chase=0 attack=8 tactics=[8, 0, 0, 0, 0, 0, 0, 0]
[2026-08-17T12:15:21Z INFO  steel_front::engine::game] game: wave=1 enemies=8 enemy_hp=100 hp=100/100 score=0 phys_us=1 ai_us=1055 audio_us=17 net_us=0
[2026-08-17T12:15:22Z INFO  steel_front] cam: yaw=0.0 pitch=0.0 dist=3.4 mode=FirstPerson cycle_us=2798 update_us=27 render_us=2771
[2026-08-17T12:15:22Z INFO  steel_front::engine::renderer] visible=65536/65536 near=65536 far=0 fps=364.9 frame_us=2185 cull_us=1 terrain_us=0 wait_fence_us=2441 acquire_us=1 record_us=24 submit_us=32 present_us=127 terrain_lod=high blend=0.000 quality=中画质 marker=84 npc=56
[2026-08-17T12:15:22Z INFO  steel_front::engine::game] ai: npcs=8 near=8 far=0 idle=0 patrol=0 chase=0 attack=8 tactics=[8, 0, 0, 0, 0, 0, 0, 0]
[2026-08-17T12:15:22Z INFO  steel_front::engine::game] game: wave=1 enemies=8 enemy_hp=100 hp=100/100 score=0 phys_us=2 ai_us=1353 audio_us=16 net_us=0
[2026-08-17T12:15:23Z INFO  steel_front] cam: yaw=0.0 pitch=0.0 dist=3.4 mode=FirstPerson cycle_us=2441 update_us=43 render_us=2397
[2026-08-17T12:15:23Z INFO  steel_front::engine::renderer] visible=65536/65536 near=65536 far=0 fps=364.4 frame_us=2682 cull_us=2 terrain_us=0 wait_fence_us=1773 acquire_us=5 record_us=86 submit_us=35 present_us=244 terrain_lod=high blend=0.000 quality=中画质 marker=84 npc=56
[2026-08-17T12:15:23Z INFO  steel_front] size diag: window_inner=2560x1600 hud=2560x1600
[2026-08-17T12:15:23Z INFO  steel_front] size diag: window_inner=2560x1600 hud=2560x1600
[2026-08-17T12:15:23Z INFO  steel_front] size diag: window_inner=2560x1600 hud=2560x1600
[2026-08-17T12:15:23Z INFO  steel_front] size diag: window_inner=2560x1600 hud=2560x1600
[2026-08-17T12:15:23Z INFO  steel_front] size diag: window_inner=2560x1600 hud=2560x1600
[2026-08-17T12:15:23Z INFO  steel_front] size diag: window_inner=2560x1600 hud=2560x1600
[2026-08-17T12:15:23Z INFO  steel_front] size diag: window_inner=2560x1600 hud=2560x1600
[2026-08-17T12:15:23Z INFO  steel_front] size diag: window_inner=2560x1600 hud=2560x1600
[2026-08-17T12:15:23Z INFO  steel_front] size diag: window_inner=2560x1600 hud=2560x1600
[2026-08-17T12:15:23Z INFO  steel_front] size diag: window_inner=2560x1600 hud=2560x1600
[2026-08-17T12:15:23Z INFO  steel_front] size diag: window_inner=2560x1600 hud=2560x1600
[2026-08-17T12:15:23Z INFO  steel_front] size diag: window_inner=2560x1600 hud=2560x1600
[2026-08-17T12:15:23Z INFO  steel_front] size diag: window_inner=2560x1600 hud=2560x1600
[2026-08-17T12:15:23Z INFO  steel_front] size diag: window_inner=2560x1600 hud=2560x1600
[2026-08-17T12:15:23Z INFO  steel_front] size diag: window_inner=2560x1600 hud=2560x1600
[2026-08-17T12:15:23Z INFO  steel_front] size diag: window_inner=2560x1600 hud=2560x1600
[2026-08-17T12:15:23Z INFO  steel_front] size diag: window_inner=2560x1600 hud=2560x1600
[2026-08-17T12:15:23Z INFO  steel_front] size diag: window_inner=2560x1600 hud=2560x1600
[2026-08-17T12:15:23Z INFO  steel_front::engine::game] ai: npcs=8 near=8 far=0 idle=0 patrol=0 chase=0 attack=8 tactics=[8, 0, 0, 0, 0, 0, 0, 0]
[2026-08-17T12:15:23Z INFO  steel_front::engine::game] game: wave=1 enemies=8 enemy_hp=100 hp=100/100 score=0 phys_us=2 ai_us=473 audio_us=27 net_us=0
[2026-08-17T12:15:24Z INFO  steel_front] cam: yaw=0.0 pitch=0.0 dist=3.4 mode=FirstPerson cycle_us=2825 update_us=21 render_us=2804
[2026-08-17T12:15:24Z INFO  steel_front::engine::renderer] visible=65536/65536 near=65536 far=0 fps=366.9 frame_us=2068 cull_us=0 terrain_us=0 wait_fence_us=1813 acquire_us=1 record_us=28 submit_us=36 present_us=205 terrain_lod=high blend=0.000 quality=中画质 marker=84 npc=56
[2026-08-17T12:15:24Z INFO  steel_front::engine::game] ai: npcs=8 near=8 far=0 idle=0 patrol=0 chase=0 attack=8 tactics=[8, 0, 0, 0, 0, 0, 0, 0]
[2026-08-17T12:15:24Z INFO  steel_front::engine::game] game: wave=1 enemies=8 enemy_hp=100 hp=100/100 score=0 phys_us=2 ai_us=608 audio_us=42 net_us=1
[2026-08-17T12:15:25Z INFO  steel_front] cam: yaw=0.0 pitch=0.0 dist=3.4 mode=FirstPerson cycle_us=2637 update_us=43 render_us=2593
[2026-08-17T12:15:25Z INFO  steel_front::engine::renderer] visible=65536/65536 near=65536 far=0 fps=363.8 frame_us=2675 cull_us=0 terrain_us=0 wait_fence_us=1918 acquire_us=0 record_us=59 submit_us=57 present_us=433 terrain_lod=high blend=0.000 quality=中画质 marker=84 npc=56
[2026-08-17T12:15:25Z INFO  steel_front::engine::game] ai: npcs=8 near=8 far=0 idle=0 patrol=0 chase=0 attack=8 tactics=[8, 0, 0, 0, 0, 0, 0, 0]
[2026-08-17T12:15:25Z INFO  steel_front::engine::game] game: wave=1 enemies=8 enemy_hp=100 hp=100/100 score=0 phys_us=1 ai_us=282 audio_us=30 net_us=0
[2026-08-17T12:15:26Z INFO  steel_front] cam: yaw=0.0 pitch=0.0 dist=3.4 mode=FirstPerson cycle_us=2978 update_us=63 render_us=2914
[2026-08-17T12:15:26Z INFO  steel_front::engine::renderer] visible=65536/65536 near=65536 far=0 fps=366.5 frame_us=2397 cull_us=0 terrain_us=0 wait_fence_us=2038 acquire_us=0 record_us=48 submit_us=44 present_us=200 terrain_lod=high blend=0.000 quality=中画质 marker=84 npc=56
[2026-08-17T12:15:26Z INFO  steel_front::engine::game] ai: npcs=8 near=8 far=0 idle=0 patrol=0 chase=0 attack=8 tactics=[8, 0, 0, 0, 0, 0, 0, 0]
[2026-08-17T12:15:26Z INFO  steel_front::engine::game] game: wave=1 enemies=8 enemy_hp=100 hp=100/100 score=0 phys_us=2 ai_us=439 audio_us=14 net_us=0
[2026-08-17T12:15:27Z INFO  steel_front] cam: yaw=0.0 pitch=0.0 dist=3.4 mode=FirstPerson cycle_us=2904 update_us=19 render_us=2885
[2026-08-17T12:15:27Z INFO  steel_front::engine::renderer] visible=65536/65536 near=65536 far=0 fps=367.6 frame_us=2647 cull_us=0 terrain_us=0 wait_fence_us=1776 acquire_us=1 record_us=50 submit_us=64 present_us=217 terrain_lod=high blend=0.000 quality=中画质 marker=84 npc=56
[2026-08-17T12:15:27Z INFO  steel_front::engine::game] ai: npcs=8 near=8 far=0 idle=0 patrol=0 chase=0 attack=8 tactics=[8, 0, 0, 0, 0, 0, 0, 0]
[2026-08-17T12:15:27Z INFO  steel_front::engine::game] game: wave=1 enemies=8 enemy_hp=100 hp=100/100 score=0 phys_us=3 ai_us=434 audio_us=17 net_us=0
[2026-08-17T12:15:28Z INFO  steel_front] cam: yaw=0.0 pitch=0.0 dist=3.4 mode=FirstPerson cycle_us=2613 update_us=25 render_us=2587
[2026-08-17T12:15:28Z INFO  steel_front::engine::renderer] visible=65536/65536 near=65536 far=0 fps=366.5 frame_us=2336 cull_us=0 terrain_us=0 wait_fence_us=1777 acquire_us=0 record_us=48 submit_us=44 present_us=227 terrain_lod=high blend=0.000 quality=中画质 marker=84 npc=56
[2026-08-17T12:15:28Z INFO  steel_front] size diag: window_inner=2560x1600 hud=2560x1600
[2026-08-17T12:15:28Z INFO  steel_front] size diag: window_inner=2560x1600 hud=2560x1600
[2026-08-17T12:15:28Z INFO  steel_front] size diag: window_inner=2560x1600 hud=2560x1600
[2026-08-17T12:15:28Z INFO  steel_front] size diag: window_inner=2560x1600 hud=2560x1600
[2026-08-17T12:15:28Z INFO  steel_front] size diag: window_inner=2560x1600 hud=2560x1600
[2026-08-17T12:15:28Z INFO  steel_front] size diag: window_inner=2560x1600 hud=2560x1600
[2026-08-17T12:15:28Z INFO  steel_front] size diag: window_inner=2560x1600 hud=2560x1600
[2026-08-17T12:15:28Z INFO  steel_front] size diag: window_inner=2560x1600 hud=2560x1600
[2026-08-17T12:15:28Z INFO  steel_front] size diag: window_inner=2560x1600 hud=2560x1600
[2026-08-17T12:15:28Z INFO  steel_front] size diag: window_inner=2560x1600 hud=2560x1600
[2026-08-17T12:15:28Z INFO  steel_front] size diag: window_inner=2560x1600 hud=2560x1600
[2026-08-17T12:15:28Z INFO  steel_front] size diag: window_inner=2560x1600 hud=2560x1600
[2026-08-17T12:15:28Z INFO  steel_front] size diag: window_inner=2560x1600 hud=2560x1600
[2026-08-17T12:15:28Z INFO  steel_front] size diag: window_inner=2560x1600 hud=2560x1600
[2026-08-17T12:15:28Z INFO  steel_front] size diag: window_inner=2560x1600 hud=2560x1600
[2026-08-17T12:15:28Z INFO  steel_front] size diag: window_inner=2560x1600 hud=2560x1600
[2026-08-17T12:15:28Z INFO  steel_front] size diag: window_inner=2560x1600 hud=2560x1600
[2026-08-17T12:15:28Z INFO  steel_front] size diag: window_inner=2560x1600 hud=2560x1600
[2026-08-17T12:15:28Z INFO  steel_front::engine::game] ai: npcs=8 near=8 far=0 idle=0 patrol=0 chase=0 attack=8 tactics=[8, 0, 0, 0, 0, 0, 0, 0]
[2026-08-17T12:15:28Z INFO  steel_front::engine::game] game: wave=1 enemies=8 enemy_hp=100 hp=100/100 score=0 phys_us=1 ai_us=517 audio_us=30 net_us=0
[2026-08-17T12:15:29Z INFO  steel_front] cam: yaw=0.0 pitch=0.0 dist=3.4 mode=FirstPerson cycle_us=3084 update_us=20 render_us=3063
[2026-08-17T12:15:29Z INFO  steel_front::engine::renderer] visible=65536/65536 near=65536 far=0 fps=364.3 frame_us=2194 cull_us=0 terrain_us=0 wait_fence_us=2090 acquire_us=1 record_us=58 submit_us=52 present_us=263 terrain_lod=high blend=0.000 quality=中画质 marker=84 npc=56
[2026-08-17T12:15:29Z INFO  steel_front::engine::game] ai: npcs=8 near=8 far=0 idle=0 patrol=0 chase=0 attack=8 tactics=[8, 0, 0, 0, 0, 0, 0, 0]
[2026-08-17T12:15:29Z INFO  steel_front::engine::game] game: wave=1 enemies=8 enemy_hp=100 hp=100/100 score=0 phys_us=3 ai_us=434 audio_us=18 net_us=0
[2026-08-17T12:15:30Z INFO  steel_front] cam: yaw=0.0 pitch=0.0 dist=3.4 mode=FirstPerson cycle_us=3110 update_us=44 render_us=3065
[2026-08-17T12:15:30Z INFO  steel_front::engine::renderer] visible=65536/65536 near=65536 far=0 fps=363.7 frame_us=2703 cull_us=0 terrain_us=0 wait_fence_us=1757 acquire_us=0 record_us=50 submit_us=61 present_us=219 terrain_lod=high blend=0.000 quality=中画质 marker=84 npc=56
[2026-08-17T12:15:30Z INFO  steel_front::engine::game] ai: npcs=8 near=8 far=0 idle=0 patrol=0 chase=0 attack=8 tactics=[8, 0, 0, 0, 0, 0, 0, 0]
[2026-08-17T12:15:30Z INFO  steel_front::engine::game] game: wave=1 enemies=8 enemy_hp=100 hp=100/100 score=0 phys_us=2 ai_us=584 audio_us=13 net_us=0
[2026-08-17T12:15:31Z INFO  steel_front] cam: yaw=0.0 pitch=0.0 dist=3.4 mode=FirstPerson cycle_us=2393 update_us=40 render_us=2353
[2026-08-17T12:15:31Z INFO  steel_front::engine::renderer] visible=65536/65536 near=65536 far=0 fps=364.4 frame_us=2505 cull_us=1 terrain_us=0 wait_fence_us=2170 acquire_us=1 record_us=70 submit_us=64 present_us=281 terrain_lod=high blend=0.000 quality=中画质 marker=84 npc=56
[2026-08-17T12:15:31Z INFO  steel_front::engine::game] ai: npcs=8 near=8 far=0 idle=0 patrol=0 chase=0 attack=8 tactics=[8, 0, 0, 0, 0, 0, 0, 0]
[2026-08-17T12:15:31Z INFO  steel_front::engine::game] game: wave=1 enemies=8 enemy_hp=100 hp=100/100 score=0 phys_us=2 ai_us=383 audio_us=17 net_us=0
[2026-08-17T12:15:32Z INFO  steel_front] cam: yaw=0.0 pitch=0.0 dist=3.4 mode=FirstPerson cycle_us=2522 update_us=24 render_us=2498
[2026-08-17T12:15:32Z INFO  steel_front::engine::renderer] visible=65536/65536 near=65536 far=0 fps=366.0 frame_us=2235 cull_us=0 terrain_us=0 wait_fence_us=2104 acquire_us=1 record_us=49 submit_us=44 present_us=201 terrain_lod=high blend=0.000 quality=中画质 marker=84 npc=56
[2026-08-17T12:15:32Z INFO  steel_front::engine::game] ai: npcs=8 near=8 far=0 idle=0 patrol=0 chase=0 attack=8 tactics=[8, 0, 0, 0, 0, 0, 0, 0]
[2026-08-17T12:15:32Z INFO  steel_front::engine::game] game: wave=1 enemies=8 enemy_hp=100 hp=100/100 score=0 phys_us=4 ai_us=668 audio_us=18 net_us=0
[2026-08-17T12:15:33Z INFO  steel_front] cam: yaw=0.0 pitch=0.0 dist=3.4 mode=FirstPerson cycle_us=3150 update_us=20 render_us=3130
[2026-08-17T12:15:33Z INFO  steel_front::engine::renderer] visible=65536/65536 near=65536 far=0 fps=363.9 frame_us=2362 cull_us=0 terrain_us=0 wait_fence_us=2078 acquire_us=1 record_us=53 submit_us=47 present_us=229 terrain_lod=high blend=0.000 quality=中画质 marker=84 npc=56
[2026-08-17T12:15:33Z INFO  steel_front] size diag: window_inner=2560x1600 hud=2560x1600
[2026-08-17T12:15:33Z INFO  steel_front] size diag: window_inner=2560x1600 hud=2560x1600
[2026-08-17T12:15:33Z INFO  steel_front] size diag: window_inner=2560x1600 hud=2560x1600
[2026-08-17T12:15:33Z INFO  steel_front] size diag: window_inner=2560x1600 hud=2560x1600
[2026-08-17T12:15:33Z INFO  steel_front] size diag: window_inner=2560x1600 hud=2560x1600
[2026-08-17T12:15:33Z INFO  steel_front] size diag: window_inner=2560x1600 hud=2560x1600
[2026-08-17T12:15:33Z INFO  steel_front] size diag: window_inner=2560x1600 hud=2560x1600
[2026-08-17T12:15:33Z INFO  steel_front] size diag: window_inner=2560x1600 hud=2560x1600
[2026-08-17T12:15:33Z INFO  steel_front] size diag: window_inner=2560x1600 hud=2560x1600
[2026-08-17T12:15:33Z INFO  steel_front] size diag: window_inner=2560x1600 hud=2560x1600
[2026-08-17T12:15:33Z INFO  steel_front] size diag: window_inner=2560x1600 hud=2560x1600
[2026-08-17T12:15:33Z INFO  steel_front] size diag: window_inner=2560x1600 hud=2560x1600
[2026-08-17T12:15:33Z INFO  steel_front] size diag: window_inner=2560x1600 hud=2560x1600
[2026-08-17T12:15:33Z INFO  steel_front] size diag: window_inner=2560x1600 hud=2560x1600
[2026-08-17T12:15:33Z INFO  steel_front] size diag: window_inner=2560x1600 hud=2560x1600
[2026-08-17T12:15:33Z INFO  steel_front] size diag: window_inner=2560x1600 hud=2560x1600
[2026-08-17T12:15:33Z INFO  steel_front] size diag: window_inner=2560x1600 hud=2560x1600
[2026-08-17T12:15:33Z INFO  steel_front] size diag: window_inner=2560x1600 hud=2560x1600
[2026-08-17T12:15:33Z INFO  steel_front::engine::game] ai: npcs=8 near=8 far=0 idle=0 patrol=0 chase=0 attack=8 tactics=[8, 0, 0, 0, 0, 0, 0, 0]
[2026-08-17T12:15:33Z INFO  steel_front::engine::game] game: wave=1 enemies=8 enemy_hp=100 hp=100/100 score=0 phys_us=3 ai_us=493 audio_us=29 net_us=0
[2026-08-17T12:15:34Z INFO  steel_front] cam: yaw=0.0 pitch=0.0 dist=3.4 mode=FirstPerson cycle_us=2427 update_us=43 render_us=2382
[2026-08-17T12:15:34Z INFO  steel_front::engine::renderer] visible=65536/65536 near=65536 far=0 fps=367.5 frame_us=2421 cull_us=0 terrain_us=0 wait_fence_us=2241 acquire_us=0 record_us=20 submit_us=21 present_us=307 terrain_lod=high blend=0.000 quality=中画质 marker=84 npc=56
[2026-08-17T12:15:34Z INFO  steel_front::engine::game] ai: npcs=8 near=8 far=0 idle=0 patrol=0 chase=0 attack=8 tactics=[8, 0, 0, 0, 0, 0, 0, 0]
[2026-08-17T12:15:34Z INFO  steel_front::engine::game] game: wave=1 enemies=8 enemy_hp=100 hp=100/100 score=0 phys_us=3 ai_us=523 audio_us=24 net_us=0
[2026-08-17T12:15:35Z INFO  steel_front] cam: yaw=0.0 pitch=0.0 dist=3.4 mode=FirstPerson cycle_us=2594 update_us=39 render_us=2555
[2026-08-17T12:15:35Z INFO  steel_front::engine::renderer] visible=65536/65536 near=65536 far=0 fps=365.1 frame_us=2408 cull_us=0 terrain_us=0 wait_fence_us=1752 acquire_us=1 record_us=48 submit_us=43 present_us=266 terrain_lod=high blend=0.000 quality=中画质 marker=84 npc=56
[2026-08-17T12:15:35Z INFO  steel_front::engine::game] ai: npcs=8 near=8 far=0 idle=0 patrol=0 chase=0 attack=8 tactics=[8, 0, 0, 0, 0, 0, 0, 0]
[2026-08-17T12:15:35Z INFO  steel_front::engine::game] game: wave=1 enemies=8 enemy_hp=100 hp=100/100 score=0 phys_us=2 ai_us=446 audio_us=15 net_us=0
[2026-08-17T12:15:36Z INFO  steel_front] cam: yaw=0.0 pitch=0.0 dist=3.4 mode=FirstPerson cycle_us=2541 update_us=21 render_us=2519
[2026-08-17T12:15:36Z INFO  steel_front::engine::renderer] visible=65536/65536 near=65536 far=0 fps=366.2 frame_us=1819 cull_us=0 terrain_us=0 wait_fence_us=2164 acquire_us=1 record_us=38 submit_us=34 present_us=221 terrain_lod=high blend=0.000 quality=中画质 marker=84 npc=56
[2026-08-17T12:15:36Z INFO  steel_front::engine::game] ai: npcs=8 near=8 far=0 idle=0 patrol=0 chase=0 attack=8 tactics=[8, 0, 0, 0, 0, 0, 0, 0]
[2026-08-17T12:15:36Z INFO  steel_front::engine::game] game: wave=1 enemies=8 enemy_hp=100 hp=100/100 score=0 phys_us=2 ai_us=445 audio_us=25 net_us=0
[2026-08-17T12:15:37Z INFO  steel_front] cam: yaw=0.0 pitch=0.0 dist=3.4 mode=FirstPerson cycle_us=2978 update_us=18 render_us=2959
[2026-08-17T12:15:37Z INFO  steel_front::engine::renderer] visible=65536/65536 near=65536 far=0 fps=365.7 frame_us=2308 cull_us=0 terrain_us=0 wait_fence_us=1732 acquire_us=1 record_us=26 submit_us=34 present_us=277 terrain_lod=high blend=0.000 quality=中画质 marker=84 npc=56
[2026-08-17T12:15:37Z INFO  steel_front::engine::game] ai: npcs=8 near=8 far=0 idle=0 patrol=0 chase=0 attack=8 tactics=[8, 0, 0, 0, 0, 0, 0, 0]
[2026-08-17T12:15:37Z INFO  steel_front::engine::game] game: wave=1 enemies=8 enemy_hp=100 hp=100/100 score=0 phys_us=9 ai_us=1107 audio_us=14 net_us=0
[2026-08-17T12:15:38Z INFO  steel_front] cam: yaw=0.0 pitch=0.0 dist=3.4 mode=FirstPerson cycle_us=2883 update_us=39 render_us=2843
[2026-08-17T12:15:38Z INFO  steel_front::engine::renderer] visible=65536/65536 near=65536 far=0 fps=367.3 frame_us=2819 cull_us=0 terrain_us=0 wait_fence_us=1844 acquire_us=1 record_us=79 submit_us=34 present_us=233 terrain_lod=high blend=0.000 quality=中画质 marker=84 npc=56
[2026-08-17T12:15:38Z INFO  steel_front] size diag: window_inner=2560x1600 hud=2560x1600
[2026-08-17T12:15:38Z INFO  steel_front] size diag: window_inner=2560x1600 hud=2560x1600
[2026-08-17T12:15:38Z INFO  steel_front] size diag: window_inner=2560x1600 hud=2560x1600
[2026-08-17T12:15:38Z INFO  steel_front] size diag: window_inner=2560x1600 hud=2560x1600
[2026-08-17T12:15:38Z INFO  steel_front] size diag: window_inner=2560x1600 hud=2560x1600
[2026-08-17T12:15:38Z INFO  steel_front] size diag: window_inner=2560x1600 hud=2560x1600
[2026-08-17T12:15:38Z INFO  steel_front] size diag: window_inner=2560x1600 hud=2560x1600
[2026-08-17T12:15:38Z INFO  steel_front] size diag: window_inner=2560x1600 hud=2560x1600
[2026-08-17T12:15:38Z INFO  steel_front] size diag: window_inner=2560x1600 hud=2560x1600
[2026-08-17T12:15:38Z INFO  steel_front] size diag: window_inner=2560x1600 hud=2560x1600
[2026-08-17T12:15:38Z INFO  steel_front] size diag: window_inner=2560x1600 hud=2560x1600
[2026-08-17T12:15:38Z INFO  steel_front] size diag: window_inner=2560x1600 hud=2560x1600
[2026-08-17T12:15:38Z INFO  steel_front] size diag: window_inner=2560x1600 hud=2560x1600
[2026-08-17T12:15:38Z INFO  steel_front] size diag: window_inner=2560x1600 hud=2560x1600
[2026-08-17T12:15:38Z INFO  steel_front] size diag: window_inner=2560x1600 hud=2560x1600
[2026-08-17T12:15:38Z INFO  steel_front] size diag: window_inner=2560x1600 hud=2560x1600
[2026-08-17T12:15:38Z INFO  steel_front] size diag: window_inner=2560x1600 hud=2560x1600
[2026-08-17T12:15:38Z INFO  steel_front] size diag: window_inner=2560x1600 hud=2560x1600
[2026-08-17T12:15:38Z INFO  steel_front::engine::game] ai: npcs=8 near=8 far=0 idle=0 patrol=0 chase=0 attack=8 tactics=[8, 0, 0, 0, 0, 0, 0, 0]
[2026-08-17T12:15:38Z INFO  steel_front::engine::game] game: wave=1 enemies=8 enemy_hp=100 hp=100/100 score=0 phys_us=2 ai_us=406 audio_us=32 net_us=0
[2026-08-17T12:15:39Z INFO  steel_front] cam: yaw=0.0 pitch=0.0 dist=3.4 mode=FirstPerson cycle_us=2518 update_us=43 render_us=2474
[2026-08-17T12:15:39Z INFO  steel_front::engine::renderer] visible=65536/65536 near=65536 far=0 fps=366.4 frame_us=2135 cull_us=0 terrain_us=0 wait_fence_us=2235 acquire_us=1 record_us=49 submit_us=45 present_us=203 terrain_lod=high blend=0.000 quality=中画质 marker=84 npc=56
[2026-08-17T12:15:39Z INFO  steel_front::engine::game] ai: npcs=8 near=8 far=0 idle=0 patrol=0 chase=0 attack=8 tactics=[8, 0, 0, 0, 0, 0, 0, 0]
[2026-08-17T12:15:39Z INFO  steel_front::engine::game] game: wave=1 enemies=8 enemy_hp=100 hp=100/100 score=0 phys_us=1 ai_us=167 audio_us=15 net_us=0
[2026-08-17T12:15:40Z INFO  steel_front] cam: yaw=0.0 pitch=0.0 dist=3.4 mode=FirstPerson cycle_us=3143 update_us=33 render_us=3109
[2026-08-17T12:15:40Z INFO  steel_front::engine::renderer] visible=65536/65536 near=65536 far=0 fps=362.4 frame_us=2448 cull_us=0 terrain_us=0 wait_fence_us=1934 acquire_us=1 record_us=35 submit_us=64 present_us=196 terrain_lod=high blend=0.000 quality=中画质 marker=84 npc=56
[2026-08-17T12:15:40Z INFO  steel_front::engine::game] ai: npcs=8 near=8 far=0 idle=0 patrol=0 chase=0 attack=8 tactics=[8, 0, 0, 0, 0, 0, 0, 0]
[2026-08-17T12:15:40Z INFO  steel_front::engine::game] game: wave=1 enemies=8 enemy_hp=100 hp=100/100 score=0 phys_us=3 ai_us=253 audio_us=19 net_us=0
[2026-08-17T12:15:41Z INFO  steel_front] cam: yaw=0.0 pitch=0.0 dist=3.4 mode=FirstPerson cycle_us=2623 update_us=45 render_us=2577
[2026-08-17T12:15:41Z INFO  steel_front::engine::renderer] visible=65536/65536 near=65536 far=0 fps=373.9 frame_us=2300 cull_us=0 terrain_us=0 wait_fence_us=1873 acquire_us=1 record_us=93 submit_us=54 present_us=166 terrain_lod=high blend=0.000 quality=中画质 marker=84 npc=56
[2026-08-17T12:15:41Z INFO  steel_front::engine::game] ai: npcs=8 near=8 far=0 idle=0 patrol=0 chase=0 attack=8 tactics=[8, 0, 0, 0, 0, 0, 0, 0]
[2026-08-17T12:15:41Z INFO  steel_front::engine::game] game: wave=1 enemies=8 enemy_hp=100 hp=100/100 score=0 phys_us=1 ai_us=389 audio_us=15 net_us=0
[2026-08-17T12:15:42Z INFO  steel_front] cam: yaw=0.0 pitch=0.0 dist=3.4 mode=FirstPerson cycle_us=2627 update_us=20 render_us=2607
[2026-08-17T12:15:42Z INFO  steel_front::engine::renderer] visible=65536/65536 near=65536 far=0 fps=373.9 frame_us=2074 cull_us=0 terrain_us=0 wait_fence_us=2025 acquire_us=0 record_us=32 submit_us=38 present_us=131 terrain_lod=high blend=0.000 quality=中画质 marker=84 npc=56
[2026-08-17T12:15:42Z INFO  steel_front::engine::game] ai: npcs=8 near=8 far=0 idle=0 patrol=0 chase=0 attack=8 tactics=[8, 0, 0, 0, 0, 0, 0, 0]
[2026-08-17T12:15:42Z INFO  steel_front::engine::game] game: wave=1 enemies=8 enemy_hp=100 hp=100/100 score=0 phys_us=1 ai_us=405 audio_us=15 net_us=0
[2026-08-17T12:15:43Z INFO  steel_front] cam: yaw=0.0 pitch=0.0 dist=3.4 mode=FirstPerson cycle_us=2805 update_us=35 render_us=2770
[2026-08-17T12:15:43Z INFO  steel_front] size diag: window_inner=2560x1600 hud=2560x1600
[2026-08-17T12:15:43Z INFO  steel_front] size diag: window_inner=2560x1600 hud=2560x1600
[2026-08-17T12:15:43Z INFO  steel_front::engine::renderer] visible=65536/65536 near=65536 far=0 fps=374.7 frame_us=1660 cull_us=0 terrain_us=0 wait_fence_us=2047 acquire_us=1 record_us=54 submit_us=47 present_us=243 terrain_lod=high blend=0.000 quality=中画质 marker=84 npc=56
[2026-08-17T12:15:43Z INFO  steel_front] size diag: window_inner=2560x1600 hud=2560x1600
[2026-08-17T12:15:43Z INFO  steel_front] size diag: window_inner=2560x1600 hud=2560x1600
[2026-08-17T12:15:43Z INFO  steel_front] size diag: window_inner=2560x1600 hud=2560x1600
[2026-08-17T12:15:43Z INFO  steel_front] size diag: window_inner=2560x1600 hud=2560x1600
[2026-08-17T12:15:43Z INFO  steel_front] size diag: window_inner=2560x1600 hud=2560x1600
[2026-08-17T12:15:43Z INFO  steel_front] size diag: window_inner=2560x1600 hud=2560x1600
[2026-08-17T12:15:43Z INFO  steel_front] size diag: window_inner=2560x1600 hud=2560x1600
[2026-08-17T12:15:43Z INFO  steel_front] size diag: window_inner=2560x1600 hud=2560x1600
[2026-08-17T12:15:43Z INFO  steel_front] size diag: window_inner=2560x1600 hud=2560x1600
[2026-08-17T12:15:43Z INFO  steel_front] size diag: window_inner=2560x1600 hud=2560x1600
[2026-08-17T12:15:43Z INFO  steel_front] size diag: window_inner=2560x1600 hud=2560x1600
[2026-08-17T12:15:43Z INFO  steel_front] size diag: window_inner=2560x1600 hud=2560x1600
[2026-08-17T12:15:43Z INFO  steel_front] size diag: window_inner=2560x1600 hud=2560x1600
[2026-08-17T12:15:43Z INFO  steel_front] size diag: window_inner=2560x1600 hud=2560x1600
[2026-08-17T12:15:43Z INFO  steel_front] size diag: window_inner=2560x1600 hud=2560x1600
[2026-08-17T12:15:43Z INFO  steel_front] size diag: window_inner=2560x1600 hud=2560x1600
[2026-08-17T12:15:43Z INFO  steel_front::engine::game] ai: npcs=8 near=8 far=0 idle=0 patrol=0 chase=0 attack=8 tactics=[8, 0, 0, 0, 0, 0, 0, 0]
[2026-08-17T12:15:43Z INFO  steel_front::engine::game] game: wave=1 enemies=8 enemy_hp=100 hp=100/100 score=0 phys_us=3 ai_us=372 audio_us=26 net_us=0
[2026-08-17T12:15:44Z INFO  steel_front] cam: yaw=0.0 pitch=0.0 dist=3.4 mode=FirstPerson cycle_us=2440 update_us=32 render_us=2408
[2026-08-17T12:15:44Z INFO  steel_front::engine::renderer] visible=65536/65536 near=65536 far=0 fps=360.6 frame_us=1976 cull_us=0 terrain_us=0 wait_fence_us=2236 acquire_us=0 record_us=28 submit_us=24 present_us=155 terrain_lod=high blend=0.000 quality=中画质 marker=84 npc=56
[2026-08-17T12:15:44Z INFO  steel_front::engine::game] ai: npcs=8 near=8 far=0 idle=0 patrol=0 chase=0 attack=8 tactics=[8, 0, 0, 0, 0, 0, 0, 0]
[2026-08-17T12:15:44Z INFO  steel_front::engine::game] game: wave=1 enemies=8 enemy_hp=100 hp=100/100 score=0 phys_us=1 ai_us=364 audio_us=26 net_us=0
[2026-08-17T12:15:45Z INFO  steel_front] cam: yaw=0.0 pitch=0.0 dist=3.4 mode=FirstPerson cycle_us=2588 update_us=42 render_us=2545
[2026-08-17T12:15:45Z INFO  steel_front::engine::renderer] visible=65536/65536 near=65536 far=0 fps=372.4 frame_us=2516 cull_us=0 terrain_us=0 wait_fence_us=1890 acquire_us=1 record_us=52 submit_us=52 present_us=202 terrain_lod=high blend=0.000 quality=中画质 marker=84 npc=56
[2026-08-17T12:15:45Z INFO  steel_front::engine::game] ai: npcs=8 near=8 far=0 idle=0 patrol=0 chase=0 attack=8 tactics=[8, 0, 0, 0, 0, 0, 0, 0]
[2026-08-17T12:15:45Z INFO  steel_front::engine::game] game: wave=1 enemies=8 enemy_hp=100 hp=100/100 score=0 phys_us=2 ai_us=348 audio_us=30 net_us=0
[2026-08-17T12:15:46Z INFO  steel_front] cam: yaw=0.0 pitch=0.0 dist=3.4 mode=FirstPerson cycle_us=2673 update_us=39 render_us=2633
[2026-08-17T12:15:46Z INFO  steel_front::engine::renderer] visible=65536/65536 near=65536 far=0 fps=370.6 frame_us=1887 cull_us=0 terrain_us=0 wait_fence_us=2432 acquire_us=1 record_us=32 submit_us=72 present_us=177 terrain_lod=high blend=0.000 quality=中画质 marker=84 npc=56
[2026-08-17T12:15:46Z INFO  steel_front::engine::game] ai: npcs=8 near=8 far=0 idle=0 patrol=0 chase=0 attack=8 tactics=[8, 0, 0, 0, 0, 0, 0, 0]
[2026-08-17T12:15:46Z INFO  steel_front::engine::game] game: wave=1 enemies=8 enemy_hp=100 hp=100/100 score=0 phys_us=1 ai_us=407 audio_us=17 net_us=0
[2026-08-17T12:15:47Z INFO  steel_front] cam: yaw=0.0 pitch=0.0 dist=3.4 mode=FirstPerson cycle_us=2783 update_us=36 render_us=2746
[2026-08-17T12:15:47Z INFO  steel_front::engine::renderer] visible=65536/65536 near=65536 far=0 fps=343.2 frame_us=2334 cull_us=1 terrain_us=0 wait_fence_us=1732 acquire_us=1 record_us=56 submit_us=49 present_us=218 terrain_lod=high blend=0.000 quality=中画质 marker=84 npc=56
[2026-08-17T12:15:47Z INFO  steel_front::engine::game] ai: npcs=8 near=8 far=0 idle=0 patrol=0 chase=0 attack=8 tactics=[8, 0, 0, 0, 0, 0, 0, 0]
[2026-08-17T12:15:47Z INFO  steel_front::engine::game] game: wave=1 enemies=8 enemy_hp=100 hp=100/100 score=0 phys_us=2 ai_us=238 audio_us=21 net_us=0
[2026-08-17T12:15:48Z INFO  steel_front] cam: yaw=0.0 pitch=0.0 dist=3.4 mode=FirstPerson cycle_us=2786 update_us=44 render_us=2741
[2026-08-17T12:15:48Z INFO  steel_front] size diag: window_inner=2560x1600 hud=2560x1600
[2026-08-17T12:15:48Z INFO  steel_front] size diag: window_inner=2560x1600 hud=2560x1600
[2026-08-17T12:15:48Z INFO  steel_front] size diag: window_inner=2560x1600 hud=2560x1600
[2026-08-17T12:15:48Z INFO  steel_front] size diag: window_inner=2560x1600 hud=2560x1600
[2026-08-17T12:15:48Z INFO  steel_front] size diag: window_inner=2560x1600 hud=2560x1600
[2026-08-17T12:15:48Z INFO  steel_front] size diag: window_inner=2560x1600 hud=2560x1600
[2026-08-17T12:15:48Z INFO  steel_front::engine::renderer] visible=65536/65536 near=65536 far=0 fps=356.3 frame_us=2582 cull_us=1 terrain_us=0 wait_fence_us=2308 acquire_us=1 record_us=39 submit_us=37 present_us=456 terrain_lod=high blend=0.000 quality=中画质 marker=84 npc=56
[2026-08-17T12:15:48Z INFO  steel_front] size diag: window_inner=2560x1600 hud=2560x1600
[2026-08-17T12:15:48Z INFO  steel_front] size diag: window_inner=2560x1600 hud=2560x1600
[2026-08-17T12:15:48Z INFO  steel_front] size diag: window_inner=2560x1600 hud=2560x1600
[2026-08-17T12:15:48Z INFO  steel_front] size diag: window_inner=2560x1600 hud=2560x1600
[2026-08-17T12:15:48Z INFO  steel_front] size diag: window_inner=2560x1600 hud=2560x1600
[2026-08-17T12:15:48Z INFO  steel_front] size diag: window_inner=2560x1600 hud=2560x1600
[2026-08-17T12:15:48Z INFO  steel_front] size diag: window_inner=2560x1600 hud=2560x1600
[2026-08-17T12:15:48Z INFO  steel_front] size diag: window_inner=2560x1600 hud=2560x1600
[2026-08-17T12:15:48Z INFO  steel_front] size diag: window_inner=2560x1600 hud=2560x1600
[2026-08-17T12:15:48Z INFO  steel_front] size diag: window_inner=2560x1600 hud=2560x1600
[2026-08-17T12:15:48Z INFO  steel_front] size diag: window_inner=2560x1600 hud=2560x1600
[2026-08-17T12:15:48Z INFO  steel_front::engine::game] ai: npcs=8 near=8 far=0 idle=0 patrol=0 chase=0 attack=8 tactics=[8, 0, 0, 0, 0, 0, 0, 0]
[2026-08-17T12:15:48Z INFO  steel_front::engine::game] game: wave=1 enemies=8 enemy_hp=100 hp=100/100 score=0 phys_us=2 ai_us=699 audio_us=30 net_us=0
[2026-08-17T12:15:49Z INFO  steel_front] cam: yaw=0.0 pitch=0.0 dist=3.4 mode=FirstPerson cycle_us=2672 update_us=24 render_us=2648
[2026-08-17T12:15:49Z INFO  steel_front::engine::renderer] visible=65536/65536 near=65536 far=0 fps=359.3 frame_us=2123 cull_us=1 terrain_us=0 wait_fence_us=2119 acquire_us=1 record_us=41 submit_us=45 present_us=219 terrain_lod=high blend=0.000 quality=中画质 marker=84 npc=56
[2026-08-17T12:15:49Z INFO  steel_front::engine::game] ai: npcs=8 near=8 far=0 idle=0 patrol=0 chase=0 attack=8 tactics=[8, 0, 0, 0, 0, 0, 0, 0]
[2026-08-17T12:15:49Z INFO  steel_front::engine::game] game: wave=1 enemies=8 enemy_hp=100 hp=100/100 score=0 phys_us=2 ai_us=458 audio_us=13 net_us=0
[2026-08-17T12:15:50Z INFO  steel_front] cam: yaw=0.0 pitch=0.0 dist=3.4 mode=FirstPerson cycle_us=3189 update_us=21 render_us=3168
[2026-08-17T12:15:50Z INFO  steel_front::engine::renderer] visible=65536/65536 near=65536 far=0 fps=355.2 frame_us=2836 cull_us=0 terrain_us=0 wait_fence_us=1618 acquire_us=1 record_us=82 submit_us=82 present_us=620 terrain_lod=high blend=0.000 quality=中画质 marker=84 npc=56
[2026-08-17T12:15:50Z INFO  steel_front::engine::game] ai: npcs=8 near=8 far=0 idle=0 patrol=0 chase=0 attack=8 tactics=[8, 0, 0, 0, 0, 0, 0, 0]
[2026-08-17T12:15:50Z INFO  steel_front::engine::game] game: wave=1 enemies=8 enemy_hp=100 hp=100/100 score=0 phys_us=2 ai_us=443 audio_us=15 net_us=0
[2026-08-17T12:15:51Z INFO  steel_front] cam: yaw=0.0 pitch=0.0 dist=3.4 mode=FirstPerson cycle_us=3003 update_us=22 render_us=2981
[2026-08-17T12:15:51Z INFO  steel_front::engine::renderer] visible=65536/65536 near=65536 far=0 fps=356.2 frame_us=2149 cull_us=0 terrain_us=0 wait_fence_us=1967 acquire_us=1 record_us=42 submit_us=84 present_us=436 terrain_lod=high blend=0.000 quality=中画质 marker=84 npc=56
[2026-08-17T12:15:51Z INFO  steel_front::engine::game] ai: npcs=8 near=8 far=0 idle=0 patrol=0 chase=0 attack=8 tactics=[8, 0, 0, 0, 0, 0, 0, 0]
[2026-08-17T12:15:51Z INFO  steel_front::engine::game] game: wave=1 enemies=8 enemy_hp=100 hp=100/100 score=0 phys_us=3 ai_us=414 audio_us=29 net_us=0
[2026-08-17T12:15:52Z INFO  steel_front] cam: yaw=0.0 pitch=0.0 dist=3.4 mode=FirstPerson cycle_us=2945 update_us=39 render_us=2905
[2026-08-17T12:15:52Z INFO  steel_front::engine::renderer] visible=65536/65536 near=65536 far=0 fps=362.7 frame_us=2572 cull_us=0 terrain_us=0 wait_fence_us=1741 acquire_us=1 record_us=34 submit_us=31 present_us=441 terrain_lod=high blend=0.000 quality=中画质 marker=84 npc=56
[2026-08-17T12:15:52Z INFO  steel_front::engine::game] ai: npcs=8 near=8 far=0 idle=0 patrol=0 chase=0 attack=8 tactics=[8, 0, 0, 0, 0, 0, 0, 0]
[2026-08-17T12:15:52Z INFO  steel_front::engine::game] game: wave=1 enemies=8 enemy_hp=100 hp=100/100 score=0 phys_us=1 ai_us=421 audio_us=24 net_us=0
[2026-08-17T12:15:53Z INFO  steel_front] cam: yaw=0.0 pitch=0.0 dist=3.4 mode=FirstPerson cycle_us=2491 update_us=41 render_us=2450
[2026-08-17T12:15:53Z INFO  steel_front] size diag: window_inner=2560x1600 hud=2560x1600
[2026-08-17T12:15:53Z INFO  steel_front] size diag: window_inner=2560x1600 hud=2560x1600
[2026-08-17T12:15:53Z INFO  steel_front] size diag: window_inner=2560x1600 hud=2560x1600
[2026-08-17T12:15:53Z INFO  steel_front] size diag: window_inner=2560x1600 hud=2560x1600
[2026-08-17T12:15:53Z INFO  steel_front] size diag: window_inner=2560x1600 hud=2560x1600
[2026-08-17T12:15:53Z INFO  steel_front] size diag: window_inner=2560x1600 hud=2560x1600
[2026-08-17T12:15:53Z INFO  steel_front] size diag: window_inner=2560x1600 hud=2560x1600
[2026-08-17T12:15:53Z INFO  steel_front] size diag: window_inner=2560x1600 hud=2560x1600
[2026-08-17T12:15:53Z INFO  steel_front] size diag: window_inner=2560x1600 hud=2560x1600
[2026-08-17T12:15:53Z INFO  steel_front] size diag: window_inner=2560x1600 hud=2560x1600
[2026-08-17T12:15:53Z INFO  steel_front::engine::renderer] visible=65536/65536 near=65536 far=0 fps=363.4 frame_us=1809 cull_us=1 terrain_us=0 wait_fence_us=1739 acquire_us=2 record_us=58 submit_us=57 present_us=268 terrain_lod=high blend=0.000 quality=中画质 marker=84 npc=56
[2026-08-17T12:15:53Z INFO  steel_front] size diag: window_inner=2560x1600 hud=2560x1600
[2026-08-17T12:15:53Z INFO  steel_front] size diag: window_inner=2560x1600 hud=2560x1600
[2026-08-17T12:15:53Z INFO  steel_front] size diag: window_inner=2560x1600 hud=2560x1600
[2026-08-17T12:15:53Z INFO  steel_front] size diag: window_inner=2560x1600 hud=2560x1600
[2026-08-17T12:15:53Z INFO  steel_front] size diag: window_inner=2560x1600 hud=2560x1600
[2026-08-17T12:15:53Z INFO  steel_front] size diag: window_inner=2560x1600 hud=2560x1600
[2026-08-17T12:15:53Z INFO  steel_front] size diag: window_inner=2560x1600 hud=2560x1600
[2026-08-17T12:15:53Z INFO  steel_front] size diag: window_inner=2560x1600 hud=2560x1600
[2026-08-17T12:15:53Z INFO  steel_front::engine::game] ai: npcs=8 near=8 far=0 idle=0 patrol=0 chase=0 attack=8 tactics=[8, 0, 0, 0, 0, 0, 0, 0]
[2026-08-17T12:15:53Z INFO  steel_front::engine::game] game: wave=1 enemies=8 enemy_hp=100 hp=100/100 score=0 phys_us=1 ai_us=413 audio_us=25 net_us=0
[2026-08-17T12:15:54Z INFO  steel_front] cam: yaw=0.0 pitch=0.0 dist=3.4 mode=FirstPerson cycle_us=2478 update_us=37 render_us=2440
[2026-08-17T12:15:54Z INFO  steel_front::engine::renderer] visible=65536/65536 near=65536 far=0 fps=362.7 frame_us=2335 cull_us=0 terrain_us=0 wait_fence_us=2002 acquire_us=1 record_us=67 submit_us=49 present_us=258 terrain_lod=high blend=0.000 quality=中画质 marker=84 npc=56
[2026-08-17T12:15:54Z INFO  steel_front::engine::game] ai: npcs=8 near=8 far=0 idle=0 patrol=0 chase=0 attack=8 tactics=[8, 0, 0, 0, 0, 0, 0, 0]
[2026-08-17T12:15:54Z INFO  steel_front::engine::game] game: wave=1 enemies=8 enemy_hp=100 hp=100/100 score=0 phys_us=1 ai_us=432 audio_us=19 net_us=0
[2026-08-17T12:15:55Z INFO  steel_front] cam: yaw=0.0 pitch=0.0 dist=3.4 mode=FirstPerson cycle_us=2893 update_us=45 render_us=2847
[2026-08-17T12:15:55Z INFO  steel_front::engine::renderer] visible=65536/65536 near=65536 far=0 fps=360.6 frame_us=2063 cull_us=1 terrain_us=0 wait_fence_us=2814 acquire_us=1 record_us=35 submit_us=56 present_us=187 terrain_lod=high blend=0.000 quality=中画质 marker=84 npc=56
[2026-08-17T12:15:55Z INFO  steel_front::engine::game] ai: npcs=8 near=8 far=0 idle=0 patrol=0 chase=0 attack=8 tactics=[8, 0, 0, 0, 0, 0, 0, 0]
[2026-08-17T12:15:55Z INFO  steel_front::engine::game] game: wave=1 enemies=8 enemy_hp=100 hp=100/100 score=0 phys_us=2 ai_us=468 audio_us=28 net_us=0
[2026-08-17T12:15:56Z INFO  steel_front] cam: yaw=0.0 pitch=0.0 dist=3.4 mode=FirstPerson cycle_us=2825 update_us=27 render_us=2798
[2026-08-17T12:15:56Z INFO  steel_front::engine::renderer] visible=65536/65536 near=65536 far=0 fps=361.8 frame_us=2380 cull_us=0 terrain_us=0 wait_fence_us=1676 acquire_us=1 record_us=61 submit_us=72 present_us=267 terrain_lod=high blend=0.000 quality=中画质 marker=84 npc=56
[2026-08-17T12:15:56Z INFO  steel_front::engine::game] ai: npcs=8 near=8 far=0 idle=0 patrol=0 chase=0 attack=8 tactics=[8, 0, 0, 0, 0, 0, 0, 0]
[2026-08-17T12:15:56Z INFO  steel_front::engine::game] game: wave=1 enemies=8 enemy_hp=100 hp=100/100 score=0 phys_us=1 ai_us=412 audio_us=27 net_us=0
[2026-08-17T12:15:57Z INFO  steel_front] cam: yaw=0.0 pitch=0.0 dist=3.4 mode=FirstPerson cycle_us=2503 update_us=38 render_us=2465
[2026-08-17T12:15:57Z INFO  steel_front::engine::renderer] visible=65536/65536 near=65536 far=0 fps=371.6 frame_us=2839 cull_us=2 terrain_us=0 wait_fence_us=1017 acquire_us=1 record_us=148 submit_us=88 present_us=494 terrain_lod=high blend=0.000 quality=中画质 marker=84 npc=56
[2026-08-17T12:15:57Z INFO  steel_front::engine::game] ai: npcs=8 near=8 far=0 idle=0 patrol=0 chase=0 attack=8 tactics=[8, 0, 0, 0, 0, 0, 0, 0]
[2026-08-17T12:15:57Z INFO  steel_front::engine::game] game: wave=1 enemies=8 enemy_hp=100 hp=100/100 score=0 phys_us=5 ai_us=522 audio_us=32 net_us=0
[2026-08-17T12:15:58Z INFO  steel_front] cam: yaw=0.0 pitch=0.0 dist=3.4 mode=FirstPerson cycle_us=2356 update_us=54 render_us=2302
[2026-08-17T12:15:58Z INFO  steel_front] size diag: window_inner=2560x1600 hud=2560x1600
[2026-08-17T12:15:58Z INFO  steel_front] size diag: window_inner=2560x1600 hud=2560x1600
[2026-08-17T12:15:58Z INFO  steel_front] size diag: window_inner=2560x1600 hud=2560x1600
[2026-08-17T12:15:58Z INFO  steel_front] size diag: window_inner=2560x1600 hud=2560x1600
[2026-08-17T12:15:58Z INFO  steel_front] size diag: window_inner=2560x1600 hud=2560x1600
[2026-08-17T12:15:58Z INFO  steel_front] size diag: window_inner=2560x1600 hud=2560x1600
[2026-08-17T12:15:58Z INFO  steel_front] size diag: window_inner=2560x1600 hud=2560x1600
[2026-08-17T12:15:58Z INFO  steel_front] size diag: window_inner=2560x1600 hud=2560x1600
[2026-08-17T12:15:58Z INFO  steel_front] size diag: window_inner=2560x1600 hud=2560x1600
[2026-08-17T12:15:58Z INFO  steel_front] size diag: window_inner=2560x1600 hud=2560x1600
[2026-08-17T12:15:58Z INFO  steel_front] size diag: window_inner=2560x1600 hud=2560x1600
[2026-08-17T12:15:58Z INFO  steel_front] size diag: window_inner=2560x1600 hud=2560x1600
[2026-08-17T12:15:58Z INFO  steel_front] size diag: window_inner=2560x1600 hud=2560x1600
[2026-08-17T12:15:58Z INFO  steel_front::engine::renderer] visible=65536/65536 near=65536 far=0 fps=358.8 frame_us=2144 cull_us=0 terrain_us=0 wait_fence_us=1955 acquire_us=1 record_us=53 submit_us=36 present_us=196 terrain_lod=high blend=0.000 quality=中画质 marker=84 npc=56
[2026-08-17T12:15:58Z INFO  steel_front] size diag: window_inner=2560x1600 hud=2560x1600
[2026-08-17T12:15:58Z INFO  steel_front] size diag: window_inner=2560x1600 hud=2560x1600
[2026-08-17T12:15:58Z INFO  steel_front] size diag: window_inner=2560x1600 hud=2560x1600
[2026-08-17T12:15:58Z INFO  steel_front] size diag: window_inner=2560x1600 hud=2560x1600
[2026-08-17T12:15:58Z INFO  steel_front] size diag: window_inner=2560x1600 hud=2560x1600
[2026-08-17T12:15:58Z INFO  steel_front::engine::game] ai: npcs=8 near=8 far=0 idle=0 patrol=0 chase=0 attack=8 tactics=[8, 0, 0, 0, 0, 0, 0, 0]
[2026-08-17T12:15:58Z INFO  steel_front::engine::game] game: wave=1 enemies=8 enemy_hp=100 hp=100/100 score=0 phys_us=2 ai_us=540 audio_us=34 net_us=0
[2026-08-17T12:15:59Z INFO  steel_front] cam: yaw=0.0 pitch=0.0 dist=3.4 mode=FirstPerson cycle_us=2791 update_us=27 render_us=2764
[2026-08-17T12:15:59Z INFO  steel_front::engine::renderer] visible=65536/65536 near=65536 far=0 fps=363.8 frame_us=2156 cull_us=0 terrain_us=0 wait_fence_us=2127 acquire_us=0 record_us=53 submit_us=55 present_us=294 terrain_lod=high blend=0.000 quality=中画质 marker=84 npc=56
[2026-08-17T12:15:59Z INFO  steel_front::engine::game] ai: npcs=8 near=8 far=0 idle=0 patrol=0 chase=0 attack=8 tactics=[8, 0, 0, 0, 0, 0, 0, 0]
[2026-08-17T12:15:59Z INFO  steel_front::engine::game] game: wave=1 enemies=8 enemy_hp=100 hp=100/100 score=0 phys_us=2 ai_us=481 audio_us=24 net_us=0
[2026-08-17T12:16:00Z INFO  steel_front] cam: yaw=0.0 pitch=0.0 dist=3.4 mode=FirstPerson cycle_us=2692 update_us=23 render_us=2668
[2026-08-17T12:16:00Z INFO  steel_front::engine::renderer] visible=65536/65536 near=65536 far=0 fps=359.4 frame_us=2105 cull_us=1 terrain_us=0 wait_fence_us=2344 acquire_us=1 record_us=93 submit_us=36 present_us=170 terrain_lod=high blend=0.000 quality=中画质 marker=84 npc=56
[2026-08-17T12:16:00Z INFO  steel_front::engine::game] ai: npcs=8 near=8 far=0 idle=0 patrol=0 chase=0 attack=8 tactics=[8, 0, 0, 0, 0, 0, 0, 0]
[2026-08-17T12:16:00Z INFO  steel_front::engine::game] game: wave=1 enemies=8 enemy_hp=100 hp=100/100 score=0 phys_us=1 ai_us=424 audio_us=33 net_us=0
[2026-08-17T12:16:01Z INFO  steel_front] cam: yaw=0.0 pitch=0.0 dist=3.4 mode=FirstPerson cycle_us=2526 update_us=45 render_us=2480
[2026-08-17T12:16:01Z INFO  steel_front::engine::renderer] visible=65536/65536 near=65536 far=0 fps=362.4 frame_us=2654 cull_us=0 terrain_us=0 wait_fence_us=1889 acquire_us=1 record_us=39 submit_us=85 present_us=280 terrain_lod=high blend=0.000 quality=中画质 marker=84 npc=56
[2026-08-17T12:16:01Z INFO  steel_front::engine::game] ai: npcs=8 near=8 far=0 idle=0 patrol=0 chase=0 attack=8 tactics=[8, 0, 0, 0, 0, 0, 0, 0]
[2026-08-17T12:16:01Z INFO  steel_front::engine::game] game: wave=1 enemies=8 enemy_hp=100 hp=100/100 score=0 phys_us=1 ai_us=785 audio_us=34 net_us=0
[2026-08-17T12:16:02Z INFO  steel_front] cam: yaw=0.0 pitch=0.0 dist=3.4 mode=FirstPerson cycle_us=2967 update_us=38 render_us=2928
[2026-08-17T12:16:02Z INFO  steel_front::engine::renderer] visible=65536/65536 near=65536 far=0 fps=362.6 frame_us=2832 cull_us=2 terrain_us=0 wait_fence_us=1753 acquire_us=2 record_us=42 submit_us=35 present_us=269 terrain_lod=high blend=0.000 quality=中画质 marker=84 npc=56
[2026-08-17T12:16:02Z INFO  steel_front::engine::game] ai: npcs=8 near=8 far=0 idle=0 patrol=0 chase=0 attack=8 tactics=[8, 0, 0, 0, 0, 0, 0, 0]
[2026-08-17T12:16:02Z INFO  steel_front::engine::game] game: wave=1 enemies=8 enemy_hp=100 hp=100/100 score=0 phys_us=3 ai_us=547 audio_us=16 net_us=0
[2026-08-17T12:16:03Z INFO  steel_front] cam: yaw=0.0 pitch=0.0 dist=3.4 mode=FirstPerson cycle_us=2481 update_us=22 render_us=2459
[2026-08-17T12:16:03Z INFO  steel_front] size diag: window_inner=2560x1600 hud=2560x1600
[2026-08-17T12:16:03Z INFO  steel_front] size diag: window_inner=2560x1600 hud=2560x1600
[2026-08-17T12:16:03Z INFO  steel_front] size diag: window_inner=2560x1600 hud=2560x1600
[2026-08-17T12:16:03Z INFO  steel_front] size diag: window_inner=2560x1600 hud=2560x1600
[2026-08-17T12:16:03Z INFO  steel_front] size diag: window_inner=2560x1600 hud=2560x1600
[2026-08-17T12:16:03Z INFO  steel_front] size diag: window_inner=2560x1600 hud=2560x1600
[2026-08-17T12:16:03Z INFO  steel_front] size diag: window_inner=2560x1600 hud=2560x1600
[2026-08-17T12:16:03Z INFO  steel_front] size diag: window_inner=2560x1600 hud=2560x1600
[2026-08-17T12:16:03Z INFO  steel_front] size diag: window_inner=2560x1600 hud=2560x1600
[2026-08-17T12:16:03Z INFO  steel_front] size diag: window_inner=2560x1600 hud=2560x1600
[2026-08-17T12:16:03Z INFO  steel_front] size diag: window_inner=2560x1600 hud=2560x1600
[2026-08-17T12:16:03Z INFO  steel_front] size diag: window_inner=2560x1600 hud=2560x1600
[2026-08-17T12:16:03Z INFO  steel_front] size diag: window_inner=2560x1600 hud=2560x1600
[2026-08-17T12:16:03Z INFO  steel_front] size diag: window_inner=2560x1600 hud=2560x1600
[2026-08-17T12:16:03Z INFO  steel_front] size diag: window_inner=2560x1600 hud=2560x1600
[2026-08-17T12:16:03Z INFO  steel_front] size diag: window_inner=2560x1600 hud=2560x1600
[2026-08-17T12:16:03Z INFO  steel_front::engine::renderer] visible=65536/65536 near=65536 far=0 fps=365.1 frame_us=2397 cull_us=1 terrain_us=0 wait_fence_us=1686 acquire_us=1 record_us=135 submit_us=49 present_us=300 terrain_lod=high blend=0.000 quality=中画质 marker=84 npc=56
[2026-08-17T12:16:03Z INFO  steel_front] size diag: window_inner=2560x1600 hud=2560x1600
[2026-08-17T12:16:03Z INFO  steel_front::engine::game] ai: npcs=8 near=8 far=0 idle=0 patrol=0 chase=0 attack=8 tactics=[8, 0, 0, 0, 0, 0, 0, 0]
[2026-08-17T12:16:03Z INFO  steel_front::engine::game] game: wave=1 enemies=8 enemy_hp=100 hp=100/100 score=0 phys_us=1 ai_us=680 audio_us=18 net_us=0
[2026-08-17T12:16:04Z INFO  steel_front] cam: yaw=0.0 pitch=0.0 dist=3.4 mode=FirstPerson cycle_us=2820 update_us=25 render_us=2794
[2026-08-17T12:16:04Z INFO  steel_front::engine::renderer] visible=65536/65536 near=65536 far=0 fps=361.0 frame_us=2474 cull_us=1 terrain_us=0 wait_fence_us=1781 acquire_us=1 record_us=51 submit_us=45 present_us=217 terrain_lod=high blend=0.000 quality=中画质 marker=84 npc=56
[2026-08-17T12:16:04Z INFO  steel_front::engine::game] ai: npcs=8 near=8 far=0 idle=0 patrol=0 chase=0 attack=8 tactics=[8, 0, 0, 0, 0, 0, 0, 0]
[2026-08-17T12:16:04Z INFO  steel_front::engine::game] game: wave=1 enemies=8 enemy_hp=100 hp=100/100 score=0 phys_us=1 ai_us=170 audio_us=26 net_us=0
[2026-08-17T12:16:05Z INFO  steel_front] cam: yaw=0.0 pitch=0.0 dist=3.4 mode=FirstPerson cycle_us=3128 update_us=23 render_us=3105
[2026-08-17T12:16:05Z INFO  steel_front::engine::renderer] visible=65536/65536 near=65536 far=0 fps=364.4 frame_us=2360 cull_us=0 terrain_us=0 wait_fence_us=2067 acquire_us=1 record_us=54 submit_us=57 present_us=237 terrain_lod=high blend=0.000 quality=中画质 marker=84 npc=56
[2026-08-17T12:16:05Z INFO  steel_front::engine::game] ai: npcs=8 near=8 far=0 idle=0 patrol=0 chase=0 attack=8 tactics=[8, 0, 0, 0, 0, 0, 0, 0]
[2026-08-17T12:16:05Z INFO  steel_front::engine::game] game: wave=1 enemies=8 enemy_hp=100 hp=100/100 score=0 phys_us=2 ai_us=411 audio_us=24 net_us=0
[2026-08-17T12:16:06Z INFO  steel_front] cam: yaw=0.0 pitch=0.0 dist=3.4 mode=FirstPerson cycle_us=2541 update_us=39 render_us=2502
[2026-08-17T12:16:06Z INFO  steel_front::engine::renderer] visible=65536/65536 near=65536 far=0 fps=365.1 frame_us=2256 cull_us=0 terrain_us=0 wait_fence_us=2214 acquire_us=1 record_us=32 submit_us=84 present_us=163 terrain_lod=high blend=0.000 quality=中画质 marker=84 npc=56
[2026-08-17T12:16:06Z INFO  steel_front::engine::game] ai: npcs=8 near=8 far=0 idle=0 patrol=0 chase=0 attack=8 tactics=[8, 0, 0, 0, 0, 0, 0, 0]
[2026-08-17T12:16:06Z INFO  steel_front::engine::game] game: wave=1 enemies=8 enemy_hp=100 hp=100/100 score=0 phys_us=1 ai_us=411 audio_us=34 net_us=0
[2026-08-17T12:16:07Z INFO  steel_front] cam: yaw=0.0 pitch=0.0 dist=3.4 mode=FirstPerson cycle_us=2618 update_us=29 render_us=2589
[2026-08-17T12:16:07Z INFO  steel_front::engine::renderer] visible=65536/65536 near=65536 far=0 fps=365.8 frame_us=2592 cull_us=0 terrain_us=0 wait_fence_us=1853 acquire_us=1 record_us=30 submit_us=67 present_us=271 terrain_lod=high blend=0.000 quality=中画质 marker=84 npc=56
[2026-08-17T12:16:07Z INFO  steel_front::engine::game] ai: npcs=8 near=8 far=0 idle=0 patrol=0 chase=0 attack=8 tactics=[8, 0, 0, 0, 0, 0, 0, 0]
[2026-08-17T12:16:07Z INFO  steel_front::engine::game] game: wave=1 enemies=8 enemy_hp=100 hp=100/100 score=0 phys_us=2 ai_us=472 audio_us=31 net_us=0
[2026-08-17T12:16:08Z INFO  steel_front] cam: yaw=0.0 pitch=0.0 dist=3.4 mode=FirstPerson cycle_us=3062 update_us=56 render_us=3005
[2026-08-17T12:16:08Z INFO  steel_front] size diag: window_inner=2560x1600 hud=2560x1600
[2026-08-17T12:16:08Z INFO  steel_front] size diag: window_inner=2560x1600 hud=2560x1600
[2026-08-17T12:16:08Z INFO  steel_front] size diag: window_inner=2560x1600 hud=2560x1600
[2026-08-17T12:16:08Z INFO  steel_front] size diag: window_inner=2560x1600 hud=2560x1600
[2026-08-17T12:16:08Z INFO  steel_front] size diag: window_inner=2560x1600 hud=2560x1600
[2026-08-17T12:16:08Z INFO  steel_front] size diag: window_inner=2560x1600 hud=2560x1600
[2026-08-17T12:16:08Z INFO  steel_front] size diag: window_inner=2560x1600 hud=2560x1600
[2026-08-17T12:16:08Z INFO  steel_front] size diag: window_inner=2560x1600 hud=2560x1600
[2026-08-17T12:16:08Z INFO  steel_front] size diag: window_inner=2560x1600 hud=2560x1600
[2026-08-17T12:16:08Z INFO  steel_front] size diag: window_inner=2560x1600 hud=2560x1600
[2026-08-17T12:16:08Z INFO  steel_front] size diag: window_inner=2560x1600 hud=2560x1600
[2026-08-17T12:16:08Z INFO  steel_front] size diag: window_inner=2560x1600 hud=2560x1600
[2026-08-17T12:16:08Z INFO  steel_front] size diag: window_inner=2560x1600 hud=2560x1600
[2026-08-17T12:16:08Z INFO  steel_front] size diag: window_inner=2560x1600 hud=2560x1600
[2026-08-17T12:16:08Z INFO  steel_front] size diag: window_inner=2560x1600 hud=2560x1600
[2026-08-17T12:16:08Z INFO  steel_front::engine::renderer] visible=65536/65536 near=65536 far=0 fps=359.5 frame_us=2701 cull_us=0 terrain_us=0 wait_fence_us=2080 acquire_us=1 record_us=57 submit_us=59 present_us=229 terrain_lod=high blend=0.000 quality=中画质 marker=80 npc=56
[2026-08-17T12:16:08Z INFO  steel_front::engine::game] ai: npcs=8 near=8 far=0 idle=0 patrol=0 chase=0 attack=8 tactics=[8, 0, 0, 0, 0, 0, 0, 0]
[2026-08-17T12:16:08Z INFO  steel_front::engine::game] game: wave=1 enemies=8 enemy_hp=100 hp=100/100 score=0 phys_us=2 ai_us=429 audio_us=29 net_us=0
[2026-08-17T12:16:09Z INFO  steel_front] cam: yaw=0.0 pitch=0.0 dist=3.4 mode=FirstPerson cycle_us=2945 update_us=45 render_us=2899
[2026-08-17T12:16:09Z INFO  steel_front::engine::renderer] visible=65536/65536 near=65536 far=0 fps=363.1 frame_us=2512 cull_us=0 terrain_us=0 wait_fence_us=1783 acquire_us=0 record_us=52 submit_us=82 present_us=214 terrain_lod=high blend=0.000 quality=中画质 marker=84 npc=56
[2026-08-17T12:16:09Z INFO  steel_front::engine::game] ai: npcs=8 near=8 far=0 idle=0 patrol=0 chase=0 attack=8 tactics=[8, 0, 0, 0, 0, 0, 0, 0]
[2026-08-17T12:16:09Z INFO  steel_front::engine::game] game: wave=1 enemies=8 enemy_hp=100 hp=100/100 score=0 phys_us=1 ai_us=723 audio_us=16 net_us=0
[2026-08-17T12:16:10Z INFO  steel_front] cam: yaw=0.0 pitch=0.0 dist=3.4 mode=FirstPerson cycle_us=2205 update_us=42 render_us=2162
[2026-08-17T12:16:10Z INFO  steel_front::engine::renderer] visible=65536/65536 near=65536 far=0 fps=366.0 frame_us=2065 cull_us=0 terrain_us=0 wait_fence_us=1948 acquire_us=1 record_us=56 submit_us=71 present_us=169 terrain_lod=high blend=0.000 quality=中画质 marker=84 npc=56
[2026-08-17T12:16:10Z INFO  steel_front::engine::game] ai: npcs=8 near=8 far=0 idle=0 patrol=0 chase=0 attack=8 tactics=[8, 0, 0, 0, 0, 0, 0, 0]
[2026-08-17T12:16:10Z INFO  steel_front::engine::game] game: wave=1 enemies=8 enemy_hp=100 hp=100/100 score=0 phys_us=2 ai_us=243 audio_us=19 net_us=0
[2026-08-17T12:16:11Z INFO  steel_front] cam: yaw=0.0 pitch=0.0 dist=3.4 mode=FirstPerson cycle_us=2375 update_us=38 render_us=2336
[2026-08-17T12:16:11Z INFO  steel_front::engine::renderer] visible=65536/65536 near=65536 far=0 fps=364.5 frame_us=2027 cull_us=0 terrain_us=0 wait_fence_us=1993 acquire_us=1 record_us=34 submit_us=50 present_us=140 terrain_lod=high blend=0.000 quality=中画质 marker=84 npc=56
[2026-08-17T12:16:11Z INFO  steel_front::engine::game] ai: npcs=8 near=8 far=0 idle=0 patrol=0 chase=0 attack=8 tactics=[8, 0, 0, 0, 0, 0, 0, 0]
[2026-08-17T12:16:11Z INFO  steel_front::engine::game] game: wave=1 enemies=8 enemy_hp=100 hp=100/100 score=0 phys_us=1 ai_us=155 audio_us=23 net_us=0
[2026-08-17T12:16:12Z INFO  steel_front] cam: yaw=0.0 pitch=0.0 dist=3.4 mode=FirstPerson cycle_us=2720 update_us=44 render_us=2675
[2026-08-17T12:16:12Z INFO  steel_front::engine::renderer] visible=65536/65536 near=65536 far=0 fps=364.0 frame_us=2584 cull_us=0 terrain_us=0 wait_fence_us=2244 acquire_us=1 record_us=57 submit_us=57 present_us=230 terrain_lod=high blend=0.000 quality=中画质 marker=84 npc=56
[2026-08-17T12:16:12Z INFO  steel_front::engine::game] ai: npcs=8 near=8 far=0 idle=0 patrol=0 chase=0 attack=8 tactics=[8, 0, 0, 0, 0, 0, 0, 0]
[2026-08-17T12:16:12Z INFO  steel_front::engine::game] game: wave=1 enemies=8 enemy_hp=100 hp=100/100 score=0 phys_us=3 ai_us=482 audio_us=26 net_us=0
[2026-08-17T12:16:13Z INFO  steel_front] cam: yaw=0.0 pitch=0.0 dist=3.4 mode=FirstPerson cycle_us=2683 update_us=42 render_us=2640
[2026-08-17T12:16:13Z INFO  steel_front] size diag: window_inner=2560x1600 hud=2560x1600
[2026-08-17T12:16:13Z INFO  steel_front] size diag: window_inner=2560x1600 hud=2560x1600
[2026-08-17T12:16:13Z INFO  steel_front] size diag: window_inner=2560x1600 hud=2560x1600
[2026-08-17T12:16:13Z INFO  steel_front] size diag: window_inner=2560x1600 hud=2560x1600
[2026-08-17T12:16:13Z INFO  steel_front] size diag: window_inner=2560x1600 hud=2560x1600
[2026-08-17T12:16:13Z INFO  steel_front] size diag: window_inner=2560x1600 hud=2560x1600
[2026-08-17T12:16:13Z INFO  steel_front] size diag: window_inner=2560x1600 hud=2560x1600
[2026-08-17T12:16:13Z INFO  steel_front] size diag: window_inner=2560x1600 hud=2560x1600
[2026-08-17T12:16:13Z INFO  steel_front] size diag: window_inner=2560x1600 hud=2560x1600
[2026-08-17T12:16:13Z INFO  steel_front] size diag: window_inner=2560x1600 hud=2560x1600
[2026-08-17T12:16:13Z INFO  steel_front] size diag: window_inner=2560x1600 hud=2560x1600
[2026-08-17T12:16:13Z INFO  steel_front] size diag: window_inner=2560x1600 hud=2560x1600
[2026-08-17T12:16:13Z INFO  steel_front] size diag: window_inner=2560x1600 hud=2560x1600
[2026-08-17T12:16:13Z INFO  steel_front] size diag: window_inner=2560x1600 hud=2560x1600
[2026-08-17T12:16:13Z INFO  steel_front] size diag: window_inner=2560x1600 hud=2560x1600
[2026-08-17T12:16:13Z INFO  steel_front] size diag: window_inner=2560x1600 hud=2560x1600
[2026-08-17T12:16:13Z INFO  steel_front] size diag: window_inner=2560x1600 hud=2560x1600
[2026-08-17T12:16:13Z INFO  steel_front] size diag: window_inner=2560x1600 hud=2560x1600
[2026-08-17T12:16:13Z INFO  steel_front::engine::renderer] visible=65536/65536 near=65536 far=0 fps=364.1 frame_us=2700 cull_us=0 terrain_us=0 wait_fence_us=1772 acquire_us=0 record_us=52 submit_us=66 present_us=214 terrain_lod=high blend=0.000 quality=中画质 marker=84 npc=56
[2026-08-17T12:16:13Z INFO  steel_front::engine::game] ai: npcs=8 near=8 far=0 idle=0 patrol=0 chase=0 attack=8 tactics=[8, 0, 0, 0, 0, 0, 0, 0]
[2026-08-17T12:16:13Z INFO  steel_front::engine::game] game: wave=1 enemies=8 enemy_hp=100 hp=100/100 score=0 phys_us=3 ai_us=567 audio_us=32 net_us=0
[2026-08-17T12:16:14Z INFO  steel_front] cam: yaw=0.0 pitch=0.0 dist=3.4 mode=FirstPerson cycle_us=3279 update_us=47 render_us=3231
[2026-08-17T12:16:14Z INFO  steel_front::engine::renderer] visible=65536/65536 near=65536 far=0 fps=364.1 frame_us=2405 cull_us=0 terrain_us=0 wait_fence_us=1762 acquire_us=1 record_us=51 submit_us=53 present_us=260 terrain_lod=high blend=0.000 quality=中画质 marker=84 npc=56
[2026-08-17T12:16:14Z INFO  steel_front::engine::game] ai: npcs=8 near=8 far=0 idle=0 patrol=0 chase=0 attack=8 tactics=[8, 0, 0, 0, 0, 0, 0, 0]
[2026-08-17T12:16:14Z INFO  steel_front::engine::game] game: wave=1 enemies=8 enemy_hp=100 hp=100/100 score=0 phys_us=1 ai_us=551 audio_us=26 net_us=0
[2026-08-17T12:16:15Z INFO  steel_front] cam: yaw=0.0 pitch=0.0 dist=3.4 mode=FirstPerson cycle_us=2443 update_us=39 render_us=2404
[2026-08-17T12:16:15Z INFO  steel_front::engine::renderer] visible=65536/65536 near=65536 far=0 fps=363.9 frame_us=2270 cull_us=0 terrain_us=0 wait_fence_us=2065 acquire_us=0 record_us=53 submit_us=45 present_us=218 terrain_lod=high blend=0.000 quality=中画质 marker=84 npc=56
[2026-08-17T12:16:15Z INFO  steel_front::engine::game] ai: npcs=8 near=8 far=0 idle=0 patrol=0 chase=0 attack=8 tactics=[8, 0, 0, 0, 0, 0, 0, 0]
[2026-08-17T12:16:15Z INFO  steel_front::engine::game] game: wave=1 enemies=8 enemy_hp=100 hp=100/100 score=0 phys_us=1 ai_us=541 audio_us=32 net_us=0
[2026-08-17T12:16:16Z INFO  steel_front] cam: yaw=0.0 pitch=0.0 dist=3.4 mode=FirstPerson cycle_us=2905 update_us=21 render_us=2884
[2026-08-17T12:16:16Z INFO  steel_front::engine::renderer] visible=65536/65536 near=65536 far=0 fps=363.7 frame_us=2055 cull_us=0 terrain_us=0 wait_fence_us=2012 acquire_us=0 record_us=57 submit_us=48 present_us=235 terrain_lod=high blend=0.000 quality=中画质 marker=84 npc=56
[2026-08-17T12:16:16Z INFO  steel_front::engine::game] ai: npcs=8 near=8 far=0 idle=0 patrol=0 chase=0 attack=8 tactics=[8, 0, 0, 0, 0, 0, 0, 0]
[2026-08-17T12:16:16Z INFO  steel_front::engine::game] game: wave=1 enemies=8 enemy_hp=100 hp=100/100 score=0 phys_us=1 ai_us=423 audio_us=16 net_us=0
[2026-08-17T12:16:17Z INFO  steel_front] cam: yaw=0.0 pitch=0.0 dist=3.4 mode=FirstPerson cycle_us=2552 update_us=37 render_us=2515
[2026-08-17T12:16:17Z INFO  steel_front::engine::renderer] visible=65536/65536 near=65536 far=0 fps=364.3 frame_us=2334 cull_us=1 terrain_us=0 wait_fence_us=2067 acquire_us=1 record_us=52 submit_us=77 present_us=189 terrain_lod=high blend=0.000 quality=中画质 marker=84 npc=56
[2026-08-17T12:16:17Z INFO  steel_front::engine::game] ai: npcs=8 near=8 far=0 idle=0 patrol=0 chase=0 attack=8 tactics=[8, 0, 0, 0, 0, 0, 0, 0]
[2026-08-17T12:16:17Z INFO  steel_front::engine::game] game: wave=1 enemies=8 enemy_hp=100 hp=100/100 score=0 phys_us=3 ai_us=705 audio_us=20 net_us=0
[2026-08-17T12:16:18Z INFO  steel_front] cam: yaw=0.0 pitch=0.0 dist=3.4 mode=FirstPerson cycle_us=2833 update_us=37 render_us=2795
[2026-08-17T12:16:18Z INFO  steel_front] size diag: window_inner=2560x1600 hud=2560x1600
[2026-08-17T12:16:18Z INFO  steel_front] size diag: window_inner=2560x1600 hud=2560x1600
[2026-08-17T12:16:18Z INFO  steel_front] size diag: window_inner=2560x1600 hud=2560x1600
[2026-08-17T12:16:18Z INFO  steel_front] size diag: window_inner=2560x1600 hud=2560x1600
[2026-08-17T12:16:18Z INFO  steel_front] size diag: window_inner=2560x1600 hud=2560x1600
[2026-08-17T12:16:18Z INFO  steel_front] size diag: window_inner=2560x1600 hud=2560x1600
[2026-08-17T12:16:18Z INFO  steel_front] size diag: window_inner=2560x1600 hud=2560x1600
[2026-08-17T12:16:18Z INFO  steel_front] size diag: window_inner=2560x1600 hud=2560x1600
[2026-08-17T12:16:18Z INFO  steel_front] size diag: window_inner=2560x1600 hud=2560x1600
[2026-08-17T12:16:18Z INFO  steel_front] size diag: window_inner=2560x1600 hud=2560x1600
[2026-08-17T12:16:18Z INFO  steel_front] size diag: window_inner=2560x1600 hud=2560x1600
[2026-08-17T12:16:18Z INFO  steel_front] size diag: window_inner=2560x1600 hud=2560x1600
[2026-08-17T12:16:18Z INFO  steel_front] size diag: window_inner=2560x1600 hud=2560x1600
[2026-08-17T12:16:18Z INFO  steel_front] size diag: window_inner=2560x1600 hud=2560x1600
[2026-08-17T12:16:18Z INFO  steel_front] size diag: window_inner=2560x1600 hud=2560x1600
[2026-08-17T12:16:18Z INFO  steel_front] size diag: window_inner=2560x1600 hud=2560x1600
[2026-08-17T12:16:18Z INFO  steel_front] size diag: window_inner=2560x1600 hud=2560x1600
[2026-08-17T12:16:18Z INFO  steel_front] size diag: window_inner=2560x1600 hud=2560x1600
[2026-08-17T12:16:18Z INFO  steel_front::engine::renderer] visible=65536/65536 near=65536 far=0 fps=367.4 frame_us=1961 cull_us=1 terrain_us=0 wait_fence_us=2306 acquire_us=1 record_us=32 submit_us=68 present_us=135 terrain_lod=high blend=0.000 quality=中画质 marker=84 npc=56
[2026-08-17T12:16:18Z INFO  steel_front::engine::game] ai: npcs=8 near=8 far=0 idle=0 patrol=0 chase=0 attack=8 tactics=[8, 0, 0, 0, 0, 0, 0, 0]
[2026-08-17T12:16:18Z INFO  steel_front::engine::game] game: wave=1 enemies=8 enemy_hp=100 hp=100/100 score=0 phys_us=1 ai_us=413 audio_us=13 net_us=0
[2026-08-17T12:16:19Z INFO  steel_front] cam: yaw=0.0 pitch=0.0 dist=3.4 mode=FirstPerson cycle_us=3326 update_us=37 render_us=3289
[2026-08-17T12:16:19Z INFO  steel_front::engine::renderer] visible=65536/65536 near=65536 far=0 fps=366.5 frame_us=2116 cull_us=1 terrain_us=0 wait_fence_us=2331 acquire_us=1 record_us=31 submit_us=51 present_us=126 terrain_lod=high blend=0.000 quality=中画质 marker=84 npc=56
[2026-08-17T12:16:19Z INFO  steel_front::engine::game] ai: npcs=8 near=8 far=0 idle=0 patrol=0 chase=0 attack=8 tactics=[8, 0, 0, 0, 0, 0, 0, 0]
[2026-08-17T12:16:19Z INFO  steel_front::engine::game] game: wave=1 enemies=8 enemy_hp=100 hp=100/100 score=0 phys_us=2 ai_us=476 audio_us=13 net_us=0
[2026-08-17T12:16:20Z INFO  steel_front] cam: yaw=0.0 pitch=0.0 dist=3.4 mode=FirstPerson cycle_us=2481 update_us=40 render_us=2440
[2026-08-17T12:16:20Z INFO  steel_front::engine::renderer] visible=65536/65536 near=65536 far=0 fps=364.9 frame_us=1940 cull_us=1 terrain_us=0 wait_fence_us=2684 acquire_us=1 record_us=23 submit_us=21 present_us=161 terrain_lod=high blend=0.000 quality=中画质 marker=84 npc=56
[2026-08-17T12:16:20Z INFO  steel_front::engine::game] ai: npcs=8 near=8 far=0 idle=0 patrol=0 chase=0 attack=8 tactics=[8, 0, 0, 0, 0, 0, 0, 0]
[2026-08-17T12:16:20Z INFO  steel_front::engine::game] game: wave=1 enemies=8 enemy_hp=100 hp=100/100 score=0 phys_us=3 ai_us=433 audio_us=27 net_us=0
[2026-08-17T12:16:21Z INFO  steel_front] cam: yaw=0.0 pitch=0.0 dist=3.4 mode=FirstPerson cycle_us=2465 update_us=27 render_us=2437
[2026-08-17T12:16:21Z INFO  steel_front::engine::renderer] visible=65536/65536 near=65536 far=0 fps=367.2 frame_us=2762 cull_us=0 terrain_us=0 wait_fence_us=1802 acquire_us=1 record_us=60 submit_us=37 present_us=264 terrain_lod=high blend=0.000 quality=中画质 marker=84 npc=56
[2026-08-17T12:16:21Z INFO  steel_front::engine::game] ai: npcs=8 near=8 far=0 idle=0 patrol=0 chase=0 attack=8 tactics=[8, 0, 0, 0, 0, 0, 0, 0]
[2026-08-17T12:16:21Z INFO  steel_front::engine::game] game: wave=1 enemies=8 enemy_hp=100 hp=100/100 score=0 phys_us=2 ai_us=465 audio_us=26 net_us=0
[2026-08-17T12:16:22Z INFO  steel_front] cam: yaw=0.0 pitch=0.0 dist=3.4 mode=FirstPerson cycle_us=2857 update_us=45 render_us=2812
[2026-08-17T12:16:22Z INFO  steel_front::engine::renderer] visible=65536/65536 near=65536 far=0 fps=366.8 frame_us=2252 cull_us=1 terrain_us=0 wait_fence_us=2313 acquire_us=1 record_us=57 submit_us=49 present_us=240 terrain_lod=high blend=0.000 quality=中画质 marker=84 npc=56
[2026-08-17T12:16:22Z INFO  steel_front::engine::game] ai: npcs=8 near=8 far=0 idle=0 patrol=0 chase=0 attack=8 tactics=[8, 0, 0, 0, 0, 0, 0, 0]
[2026-08-17T12:16:22Z INFO  steel_front::engine::game] game: wave=1 enemies=8 enemy_hp=100 hp=100/100 score=0 phys_us=3 ai_us=439 audio_us=20 net_us=0
[2026-08-17T12:16:23Z INFO  steel_front] cam: yaw=0.0 pitch=0.0 dist=3.4 mode=FirstPerson cycle_us=2977 update_us=20 render_us=2957
[2026-08-17T12:16:23Z INFO  steel_front] size diag: window_inner=2560x1600 hud=2560x1600
[2026-08-17T12:16:23Z INFO  steel_front] size diag: window_inner=2560x1600 hud=2560x1600
[2026-08-17T12:16:23Z INFO  steel_front] size diag: window_inner=2560x1600 hud=2560x1600
[2026-08-17T12:16:23Z INFO  steel_front] size diag: window_inner=2560x1600 hud=2560x1600
[2026-08-17T12:16:23Z INFO  steel_front] size diag: window_inner=2560x1600 hud=2560x1600
[2026-08-17T12:16:23Z INFO  steel_front] size diag: window_inner=2560x1600 hud=2560x1600
[2026-08-17T12:16:23Z INFO  steel_front] size diag: window_inner=2560x1600 hud=2560x1600
[2026-08-17T12:16:23Z INFO  steel_front] size diag: window_inner=2560x1600 hud=2560x1600
[2026-08-17T12:16:23Z INFO  steel_front] size diag: window_inner=2560x1600 hud=2560x1600
[2026-08-17T12:16:23Z INFO  steel_front] size diag: window_inner=2560x1600 hud=2560x1600
[2026-08-17T12:16:23Z INFO  steel_front] size diag: window_inner=2560x1600 hud=2560x1600
[2026-08-17T12:16:23Z INFO  steel_front] size diag: window_inner=2560x1600 hud=2560x1600
[2026-08-17T12:16:23Z INFO  steel_front] size diag: window_inner=2560x1600 hud=2560x1600
[2026-08-17T12:16:23Z INFO  steel_front] size diag: window_inner=2560x1600 hud=2560x1600
[2026-08-17T12:16:23Z INFO  steel_front] size diag: window_inner=2560x1600 hud=2560x1600
[2026-08-17T12:16:23Z INFO  steel_front] size diag: window_inner=2560x1600 hud=2560x1600
[2026-08-17T12:16:23Z INFO  steel_front] size diag: window_inner=2560x1600 hud=2560x1600
[2026-08-17T12:16:23Z INFO  steel_front] size diag: window_inner=2560x1600 hud=2560x1600
[2026-08-17T12:16:23Z INFO  steel_front::engine::renderer] visible=65536/65536 near=65536 far=0 fps=364.0 frame_us=2057 cull_us=0 terrain_us=0 wait_fence_us=2199 acquire_us=1 record_us=53 submit_us=46 present_us=219 terrain_lod=high blend=0.000 quality=中画质 marker=84 npc=56
[2026-08-17T12:16:23Z INFO  steel_front::engine::game] ai: npcs=8 near=8 far=0 idle=0 patrol=0 chase=0 attack=8 tactics=[8, 0, 0, 0, 0, 0, 0, 0]
[2026-08-17T12:16:23Z INFO  steel_front::engine::game] game: wave=1 enemies=8 enemy_hp=100 hp=100/100 score=0 phys_us=1 ai_us=433 audio_us=28 net_us=0
[2026-08-17T12:16:24Z INFO  steel_front] cam: yaw=0.0 pitch=0.0 dist=3.4 mode=FirstPerson cycle_us=2507 update_us=24 render_us=2483
[2026-08-17T12:16:24Z INFO  steel_front::engine::renderer] visible=65536/65536 near=65536 far=0 fps=364.2 frame_us=2672 cull_us=0 terrain_us=0 wait_fence_us=1438 acquire_us=1 record_us=53 submit_us=80 present_us=527 terrain_lod=high blend=0.000 quality=中画质 marker=84 npc=56
[2026-08-17T12:16:24Z INFO  steel_front::engine::game] ai: npcs=8 near=8 far=0 idle=0 patrol=0 chase=0 attack=8 tactics=[8, 0, 0, 0, 0, 0, 0, 0]
[2026-08-17T12:16:24Z INFO  steel_front::engine::game] game: wave=1 enemies=8 enemy_hp=100 hp=100/100 score=0 phys_us=1 ai_us=535 audio_us=17 net_us=0
[2026-08-17T12:16:25Z INFO  steel_front] cam: yaw=0.0 pitch=0.0 dist=3.4 mode=FirstPerson cycle_us=2448 update_us=39 render_us=2408
[2026-08-17T12:16:25Z INFO  steel_front::engine::renderer] visible=65536/65536 near=65536 far=0 fps=366.1 frame_us=2107 cull_us=0 terrain_us=0 wait_fence_us=2153 acquire_us=1 record_us=53 submit_us=47 present_us=269 terrain_lod=high blend=0.000 quality=中画质 marker=84 npc=56
[2026-08-17T12:16:25Z INFO  steel_front::engine::game] ai: npcs=8 near=8 far=0 idle=0 patrol=0 chase=0 attack=8 tactics=[8, 0, 0, 0, 0, 0, 0, 0]
[2026-08-17T12:16:25Z INFO  steel_front::engine::game] game: wave=1 enemies=8 enemy_hp=100 hp=100/100 score=0 phys_us=1 ai_us=352 audio_us=12 net_us=0
[2026-08-17T12:16:26Z INFO  steel_front] cam: yaw=0.0 pitch=0.0 dist=3.4 mode=FirstPerson cycle_us=2655 update_us=38 render_us=2617
[2026-08-17T12:16:26Z INFO  steel_front::engine::renderer] visible=65536/65536 near=65536 far=0 fps=366.1 frame_us=2351 cull_us=0 terrain_us=0 wait_fence_us=1751 acquire_us=1 record_us=52 submit_us=53 present_us=217 terrain_lod=high blend=0.000 quality=中画质 marker=84 npc=56
[2026-08-17T12:16:26Z INFO  steel_front::engine::game] ai: npcs=8 near=8 far=0 idle=0 patrol=0 chase=0 attack=8 tactics=[8, 0, 0, 0, 0, 0, 0, 0]
[2026-08-17T12:16:26Z INFO  steel_front::engine::game] game: wave=1 enemies=8 enemy_hp=100 hp=100/100 score=0 phys_us=2 ai_us=492 audio_us=13 net_us=0
[2026-08-17T12:16:27Z INFO  steel_front] cam: yaw=0.0 pitch=0.0 dist=3.4 mode=FirstPerson cycle_us=2427 update_us=29 render_us=2398
[2026-08-17T12:16:27Z INFO  steel_front::engine::renderer] visible=65536/65536 near=65536 far=0 fps=362.0 frame_us=2375 cull_us=0 terrain_us=0 wait_fence_us=1832 acquire_us=1 record_us=54 submit_us=51 present_us=222 terrain_lod=high blend=0.000 quality=中画质 marker=84 npc=56
[2026-08-17T12:16:27Z INFO  steel_front::engine::game] ai: npcs=8 near=8 far=0 idle=0 patrol=0 chase=0 attack=8 tactics=[8, 0, 0, 0, 0, 0, 0, 0]
[2026-08-17T12:16:27Z INFO  steel_front::engine::game] game: wave=1 enemies=8 enemy_hp=100 hp=100/100 score=0 phys_us=2 ai_us=463 audio_us=20 net_us=0
[2026-08-17T12:16:28Z INFO  steel_front] cam: yaw=0.0 pitch=0.0 dist=3.4 mode=FirstPerson cycle_us=3271 update_us=40 render_us=3230
[2026-08-17T12:16:28Z INFO  steel_front] size diag: window_inner=2560x1600 hud=2560x1600
[2026-08-17T12:16:28Z INFO  steel_front] size diag: window_inner=2560x1600 hud=2560x1600
[2026-08-17T12:16:28Z INFO  steel_front] size diag: window_inner=2560x1600 hud=2560x1600
[2026-08-17T12:16:28Z INFO  steel_front] size diag: window_inner=2560x1600 hud=2560x1600
[2026-08-17T12:16:28Z INFO  steel_front] size diag: window_inner=2560x1600 hud=2560x1600
[2026-08-17T12:16:28Z INFO  steel_front] size diag: window_inner=2560x1600 hud=2560x1600
[2026-08-17T12:16:28Z INFO  steel_front] size diag: window_inner=2560x1600 hud=2560x1600
[2026-08-17T12:16:28Z INFO  steel_front] size diag: window_inner=2560x1600 hud=2560x1600
[2026-08-17T12:16:28Z INFO  steel_front] size diag: window_inner=2560x1600 hud=2560x1600
[2026-08-17T12:16:28Z INFO  steel_front] size diag: window_inner=2560x1600 hud=2560x1600
[2026-08-17T12:16:28Z INFO  steel_front] size diag: window_inner=2560x1600 hud=2560x1600
[2026-08-17T12:16:28Z INFO  steel_front] size diag: window_inner=2560x1600 hud=2560x1600
[2026-08-17T12:16:28Z INFO  steel_front] size diag: window_inner=2560x1600 hud=2560x1600
[2026-08-17T12:16:28Z INFO  steel_front] size diag: window_inner=2560x1600 hud=2560x1600
[2026-08-17T12:16:28Z INFO  steel_front] size diag: window_inner=2560x1600 hud=2560x1600
[2026-08-17T12:16:28Z INFO  steel_front] size diag: window_inner=2560x1600 hud=2560x1600
[2026-08-17T12:16:28Z INFO  steel_front] size diag: window_inner=2560x1600 hud=2560x1600
[2026-08-17T12:16:28Z INFO  steel_front::engine::renderer] visible=65536/65536 near=65536 far=0 fps=363.6 frame_us=2166 cull_us=0 terrain_us=0 wait_fence_us=2060 acquire_us=1 record_us=59 submit_us=51 present_us=242 terrain_lod=high blend=0.000 quality=中画质 marker=84 npc=56
[2026-08-17T12:16:28Z INFO  steel_front::engine::game] ai: npcs=8 near=8 far=0 idle=0 patrol=0 chase=0 attack=8 tactics=[8, 0, 0, 0, 0, 0, 0, 0]
[2026-08-17T12:16:28Z INFO  steel_front::engine::game] game: wave=1 enemies=8 enemy_hp=100 hp=100/100 score=0 phys_us=2 ai_us=441 audio_us=15 net_us=0
[2026-08-17T12:16:29Z INFO  steel_front] cam: yaw=0.0 pitch=0.0 dist=3.4 mode=FirstPerson cycle_us=2855 update_us=51 render_us=2803
[2026-08-17T12:16:29Z INFO  steel_front::engine::renderer] visible=65536/65536 near=65536 far=0 fps=366.5 frame_us=1906 cull_us=1 terrain_us=0 wait_fence_us=2418 acquire_us=1 record_us=92 submit_us=32 present_us=172 terrain_lod=high blend=0.000 quality=中画质 marker=84 npc=56
[2026-08-17T12:16:29Z INFO  steel_front::engine::game] ai: npcs=8 near=8 far=0 idle=0 patrol=0 chase=0 attack=8 tactics=[8, 0, 0, 0, 0, 0, 0, 0]
[2026-08-17T12:16:29Z INFO  steel_front::engine::game] game: wave=1 enemies=8 enemy_hp=100 hp=100/100 score=0 phys_us=3 ai_us=447 audio_us=15 net_us=0
[2026-08-17T12:16:30Z INFO  steel_front] cam: yaw=0.0 pitch=0.0 dist=3.4 mode=FirstPerson cycle_us=2334 update_us=40 render_us=2293
[2026-08-17T12:16:30Z INFO  steel_front::engine::renderer] visible=65536/65536 near=65536 far=0 fps=363.0 frame_us=2550 cull_us=1 terrain_us=0 wait_fence_us=1829 acquire_us=1 record_us=53 submit_us=81 present_us=214 terrain_lod=high blend=0.000 quality=中画质 marker=84 npc=56
[2026-08-17T12:16:30Z INFO  steel_front::engine::game] ai: npcs=8 near=8 far=0 idle=0 patrol=0 chase=0 attack=8 tactics=[8, 0, 0, 0, 0, 0, 0, 0]
[2026-08-17T12:16:30Z INFO  steel_front::engine::game] game: wave=1 enemies=8 enemy_hp=100 hp=100/100 score=0 phys_us=1 ai_us=491 audio_us=27 net_us=0
[2026-08-17T12:16:31Z INFO  steel_front] cam: yaw=0.0 pitch=0.0 dist=3.4 mode=FirstPerson cycle_us=3384 update_us=40 render_us=3344
[2026-08-17T12:16:31Z INFO  steel_front::engine::renderer] visible=65536/65536 near=65536 far=0 fps=366.0 frame_us=2030 cull_us=0 terrain_us=0 wait_fence_us=2178 acquire_us=0 record_us=58 submit_us=52 present_us=245 terrain_lod=high blend=0.000 quality=中画质 marker=84 npc=56
[2026-08-17T12:16:31Z INFO  steel_front::engine::game] ai: npcs=8 near=8 far=0 idle=0 patrol=0 chase=0 attack=8 tactics=[8, 0, 0, 0, 0, 0, 0, 0]
[2026-08-17T12:16:31Z INFO  steel_front::engine::game] game: wave=1 enemies=8 enemy_hp=100 hp=100/100 score=0 phys_us=2 ai_us=476 audio_us=27 net_us=0
[2026-08-17T12:16:32Z INFO  steel_front] cam: yaw=0.0 pitch=0.0 dist=3.4 mode=FirstPerson cycle_us=2474 update_us=42 render_us=2432
[2026-08-17T12:16:32Z INFO  steel_front::engine::renderer] visible=65536/65536 near=65536 far=0 fps=360.6 frame_us=1996 cull_us=0 terrain_us=0 wait_fence_us=2052 acquire_us=1 record_us=53 submit_us=60 present_us=272 terrain_lod=high blend=0.000 quality=中画质 marker=84 npc=56
[2026-08-17T12:16:32Z INFO  steel_front::engine::game] ai: npcs=8 near=8 far=0 idle=0 patrol=0 chase=0 attack=8 tactics=[8, 0, 0, 0, 0, 0, 0, 0]
[2026-08-17T12:16:32Z INFO  steel_front::engine::game] game: wave=1 enemies=8 enemy_hp=100 hp=100/100 score=0 phys_us=2 ai_us=449 audio_us=29 net_us=0
[2026-08-17T12:16:33Z INFO  steel_front] cam: yaw=0.0 pitch=0.0 dist=3.4 mode=FirstPerson cycle_us=3262 update_us=33 render_us=3229
[2026-08-17T12:16:33Z INFO  steel_front] size diag: window_inner=2560x1600 hud=2560x1600
[2026-08-17T12:16:33Z INFO  steel_front] size diag: window_inner=2560x1600 hud=2560x1600
[2026-08-17T12:16:33Z INFO  steel_front] size diag: window_inner=2560x1600 hud=2560x1600
[2026-08-17T12:16:33Z INFO  steel_front] size diag: window_inner=2560x1600 hud=2560x1600
[2026-08-17T12:16:33Z INFO  steel_front] size diag: window_inner=2560x1600 hud=2560x1600
[2026-08-17T12:16:33Z INFO  steel_front] size diag: window_inner=2560x1600 hud=2560x1600
[2026-08-17T12:16:33Z INFO  steel_front] size diag: window_inner=2560x1600 hud=2560x1600
[2026-08-17T12:16:33Z INFO  steel_front] size diag: window_inner=2560x1600 hud=2560x1600
[2026-08-17T12:16:33Z INFO  steel_front] size diag: window_inner=2560x1600 hud=2560x1600
[2026-08-17T12:16:33Z INFO  steel_front] size diag: window_inner=2560x1600 hud=2560x1600
[2026-08-17T12:16:33Z INFO  steel_front] size diag: window_inner=2560x1600 hud=2560x1600
[2026-08-17T12:16:33Z INFO  steel_front] size diag: window_inner=2560x1600 hud=2560x1600
[2026-08-17T12:16:33Z INFO  steel_front] size diag: window_inner=2560x1600 hud=2560x1600
[2026-08-17T12:16:33Z INFO  steel_front] size diag: window_inner=2560x1600 hud=2560x1600
[2026-08-17T12:16:33Z INFO  steel_front] size diag: window_inner=2560x1600 hud=2560x1600
[2026-08-17T12:16:33Z INFO  steel_front] size diag: window_inner=2560x1600 hud=2560x1600
[2026-08-17T12:16:33Z INFO  steel_front] size diag: window_inner=2560x1600 hud=2560x1600
[2026-08-17T12:16:33Z INFO  steel_front::engine::renderer] visible=65536/65536 near=65536 far=0 fps=354.4 frame_us=2904 cull_us=0 terrain_us=0 wait_fence_us=1476 acquire_us=0 record_us=159 submit_us=67 present_us=501 terrain_lod=high blend=0.000 quality=中画质 marker=84 npc=56
[2026-08-17T12:16:33Z INFO  steel_front::engine::game] ai: npcs=8 near=8 far=0 idle=0 patrol=0 chase=0 attack=8 tactics=[8, 0, 0, 0, 0, 0, 0, 0]
[2026-08-17T12:16:33Z INFO  steel_front::engine::game] game: wave=1 enemies=8 enemy_hp=100 hp=100/100 score=0 phys_us=2 ai_us=439 audio_us=42 net_us=0
[2026-08-17T12:16:34Z INFO  steel_front] cam: yaw=0.0 pitch=0.0 dist=3.4 mode=FirstPerson cycle_us=2776 update_us=24 render_us=2751
[2026-08-17T12:16:34Z INFO  steel_front::engine::renderer] visible=65536/65536 near=65536 far=0 fps=369.5 frame_us=2032 cull_us=1 terrain_us=0 wait_fence_us=2168 acquire_us=1 record_us=43 submit_us=42 present_us=173 terrain_lod=high blend=0.000 quality=中画质 marker=84 npc=56
[2026-08-17T12:16:34Z INFO  steel_front::engine::game] ai: npcs=8 near=8 far=0 idle=0 patrol=0 chase=0 attack=8 tactics=[8, 0, 0, 0, 0, 0, 0, 0]
[2026-08-17T12:16:34Z INFO  steel_front::engine::game] game: wave=1 enemies=8 enemy_hp=100 hp=100/100 score=0 phys_us=1 ai_us=466 audio_us=29 net_us=0
[2026-08-17T12:16:35Z INFO  steel_front] cam: yaw=0.0 pitch=0.0 dist=3.4 mode=FirstPerson cycle_us=2564 update_us=22 render_us=2542
[2026-08-17T12:16:35Z INFO  steel_front::engine::renderer] visible=65536/65536 near=65536 far=0 fps=374.3 frame_us=2597 cull_us=0 terrain_us=0 wait_fence_us=1808 acquire_us=0 record_us=137 submit_us=52 present_us=228 terrain_lod=high blend=0.000 quality=中画质 marker=84 npc=56
[2026-08-17T12:16:35Z INFO  steel_front::engine::game] ai: npcs=8 near=8 far=0 idle=0 patrol=0 chase=0 attack=8 tactics=[8, 0, 0, 0, 0, 0, 0, 0]
[2026-08-17T12:16:35Z INFO  steel_front::engine::game] game: wave=1 enemies=8 enemy_hp=100 hp=100/100 score=0 phys_us=2 ai_us=545 audio_us=31 net_us=0
[2026-08-17T12:16:36Z INFO  steel_front] cam: yaw=0.0 pitch=0.0 dist=3.4 mode=FirstPerson cycle_us=2390 update_us=23 render_us=2367
[2026-08-17T12:16:36Z INFO  steel_front::engine::renderer] visible=65536/65536 near=65536 far=0 fps=375.2 frame_us=2062 cull_us=0 terrain_us=0 wait_fence_us=1794 acquire_us=0 record_us=51 submit_us=49 present_us=209 terrain_lod=high blend=0.000 quality=中画质 marker=84 npc=56
[2026-08-17T12:16:36Z INFO  steel_front::engine::game] ai: npcs=8 near=8 far=0 idle=0 patrol=0 chase=0 attack=8 tactics=[8, 0, 0, 0, 0, 0, 0, 0]
[2026-08-17T12:16:36Z INFO  steel_front::engine::game] game: wave=1 enemies=8 enemy_hp=100 hp=100/100 score=0 phys_us=2 ai_us=429 audio_us=31 net_us=0
[2026-08-17T12:16:37Z INFO  steel_front] cam: yaw=0.0 pitch=0.0 dist=3.4 mode=FirstPerson cycle_us=2940 update_us=34 render_us=2905
[2026-08-17T12:16:37Z INFO  steel_front::engine::renderer] visible=65536/65536 near=65536 far=0 fps=362.4 frame_us=2104 cull_us=0 terrain_us=0 wait_fence_us=2201 acquire_us=1 record_us=31 submit_us=29 present_us=171 terrain_lod=high blend=0.000 quality=中画质 marker=84 npc=56
[2026-08-17T12:16:37Z INFO  steel_front::engine::game] ai: npcs=8 near=8 far=0 idle=0 patrol=0 chase=0 attack=8 tactics=[8, 0, 0, 0, 0, 0, 0, 0]
[2026-08-17T12:16:37Z INFO  steel_front::engine::game] game: wave=1 enemies=8 enemy_hp=100 hp=100/100 score=0 phys_us=1 ai_us=372 audio_us=14 net_us=0
[2026-08-17T12:16:38Z INFO  steel_front] cam: yaw=0.0 pitch=0.0 dist=3.4 mode=FirstPerson cycle_us=2672 update_us=21 render_us=2650
[2026-08-17T12:16:38Z INFO  steel_front] size diag: window_inner=2560x1600 hud=2560x1600
[2026-08-17T12:16:38Z INFO  steel_front] size diag: window_inner=2560x1600 hud=2560x1600
[2026-08-17T12:16:38Z INFO  steel_front] size diag: window_inner=2560x1600 hud=2560x1600
[2026-08-17T12:16:38Z INFO  steel_front] size diag: window_inner=2560x1600 hud=2560x1600
[2026-08-17T12:16:38Z INFO  steel_front] size diag: window_inner=2560x1600 hud=2560x1600
[2026-08-17T12:16:38Z INFO  steel_front] size diag: window_inner=2560x1600 hud=2560x1600
[2026-08-17T12:16:38Z INFO  steel_front] size diag: window_inner=2560x1600 hud=2560x1600
[2026-08-17T12:16:38Z INFO  steel_front] size diag: window_inner=2560x1600 hud=2560x1600
[2026-08-17T12:16:38Z INFO  steel_front] size diag: window_inner=2560x1600 hud=2560x1600
[2026-08-17T12:16:38Z INFO  steel_front] size diag: window_inner=2560x1600 hud=2560x1600
[2026-08-17T12:16:38Z INFO  steel_front] size diag: window_inner=2560x1600 hud=2560x1600
[2026-08-17T12:16:38Z INFO  steel_front] size diag: window_inner=2560x1600 hud=2560x1600
[2026-08-17T12:16:38Z INFO  steel_front] size diag: window_inner=2560x1600 hud=2560x1600
[2026-08-17T12:16:38Z INFO  steel_front] size diag: window_inner=2560x1600 hud=2560x1600
[2026-08-17T12:16:38Z INFO  steel_front] size diag: window_inner=2560x1600 hud=2560x1600
[2026-08-17T12:16:38Z INFO  steel_front] size diag: window_inner=2560x1600 hud=2560x1600
[2026-08-17T12:16:38Z INFO  steel_front] size diag: window_inner=2560x1600 hud=2560x1600
[2026-08-17T12:16:38Z INFO  steel_front] size diag: window_inner=2560x1600 hud=2560x1600
[2026-08-17T12:16:38Z INFO  steel_front] size diag: window_inner=2560x1600 hud=2560x1600
[2026-08-17T12:16:38Z INFO  steel_front::engine::renderer] visible=65536/65536 near=65536 far=0 fps=372.2 frame_us=2467 cull_us=0 terrain_us=0 wait_fence_us=1672 acquire_us=1 record_us=57 submit_us=51 present_us=231 terrain_lod=high blend=0.000 quality=中画质 marker=84 npc=56
[2026-08-17T12:16:38Z INFO  steel_front::engine::game] ai: npcs=8 near=8 far=0 idle=0 patrol=0 chase=0 attack=8 tactics=[8, 0, 0, 0, 0, 0, 0, 0]
[2026-08-17T12:16:38Z INFO  steel_front::engine::game] game: wave=1 enemies=8 enemy_hp=100 hp=100/100 score=0 phys_us=2 ai_us=377 audio_us=26 net_us=0
[2026-08-17T12:16:39Z INFO  steel_front] cam: yaw=0.0 pitch=0.0 dist=3.4 mode=FirstPerson cycle_us=2839 update_us=20 render_us=2819
[2026-08-17T12:16:39Z INFO  steel_front::engine::renderer] visible=65536/65536 near=65536 far=0 fps=369.1 frame_us=2001 cull_us=1 terrain_us=0 wait_fence_us=2178 acquire_us=1 record_us=54 submit_us=52 present_us=221 terrain_lod=high blend=0.000 quality=中画质 marker=84 npc=56
[2026-08-17T12:16:39Z INFO  steel_front::engine::game] ai: npcs=8 near=8 far=0 idle=0 patrol=0 chase=0 attack=8 tactics=[8, 0, 0, 0, 0, 0, 0, 0]
[2026-08-17T12:16:39Z INFO  steel_front::engine::game] game: wave=1 enemies=8 enemy_hp=100 hp=100/100 score=0 phys_us=2 ai_us=439 audio_us=15 net_us=0
[2026-08-17T12:16:40Z INFO  steel_front] cam: yaw=0.0 pitch=0.0 dist=3.4 mode=FirstPerson cycle_us=3166 update_us=38 render_us=3127
[2026-08-17T12:16:40Z INFO  steel_front::engine::renderer] visible=65536/65536 near=65536 far=0 fps=360.3 frame_us=2465 cull_us=0 terrain_us=0 wait_fence_us=2061 acquire_us=1 record_us=55 submit_us=111 present_us=260 terrain_lod=high blend=0.000 quality=中画质 marker=84 npc=56
[2026-08-17T12:16:40Z INFO  steel_front::engine::game] ai: npcs=8 near=8 far=0 idle=0 patrol=0 chase=0 attack=8 tactics=[8, 0, 0, 0, 0, 0, 0, 0]
[2026-08-17T12:16:40Z INFO  steel_front::engine::game] game: wave=1 enemies=8 enemy_hp=100 hp=100/100 score=0 phys_us=2 ai_us=938 audio_us=55 net_us=0
[2026-08-17T12:16:41Z INFO  steel_front] cam: yaw=0.0 pitch=0.0 dist=3.4 mode=FirstPerson cycle_us=2501 update_us=39 render_us=2462
[2026-08-17T12:16:41Z INFO  steel_front::engine::renderer] visible=65536/65536 near=65536 far=0 fps=341.6 frame_us=2504 cull_us=1 terrain_us=0 wait_fence_us=2087 acquire_us=1 record_us=78 submit_us=58 present_us=293 terrain_lod=high blend=0.000 quality=中画质 marker=84 npc=56
[2026-08-17T12:16:41Z INFO  steel_front::engine::game] ai: npcs=8 near=8 far=0 idle=0 patrol=0 chase=0 attack=8 tactics=[8, 0, 0, 0, 0, 0, 0, 0]
[2026-08-17T12:16:41Z INFO  steel_front::engine::game] game: wave=1 enemies=8 enemy_hp=100 hp=100/100 score=0 phys_us=1 ai_us=567 audio_us=26 net_us=0
[2026-08-17T12:16:42Z INFO  steel_front] cam: yaw=0.0 pitch=0.0 dist=3.4 mode=FirstPerson cycle_us=2524 update_us=40 render_us=2484
[2026-08-17T12:16:42Z INFO  steel_front::engine::renderer] visible=65536/65536 near=65536 far=0 fps=361.2 frame_us=2286 cull_us=0 terrain_us=0 wait_fence_us=1817 acquire_us=1 record_us=47 submit_us=82 present_us=193 terrain_lod=high blend=0.000 quality=中画质 marker=84 npc=56
[2026-08-17T12:16:42Z INFO  steel_front::engine::game] ai: npcs=8 near=8 far=0 idle=0 patrol=0 chase=0 attack=8 tactics=[8, 0, 0, 0, 0, 0, 0, 0]
[2026-08-17T12:16:42Z INFO  steel_front::engine::game] game: wave=1 enemies=8 enemy_hp=100 hp=100/100 score=0 phys_us=1 ai_us=666 audio_us=27 net_us=0
[2026-08-17T12:16:43Z INFO  steel_front] cam: yaw=0.0 pitch=0.0 dist=3.4 mode=FirstPerson cycle_us=2603 update_us=46 render_us=2556
[2026-08-17T12:16:43Z INFO  steel_front] size diag: window_inner=2560x1600 hud=2560x1600
[2026-08-17T12:16:43Z INFO  steel_front] size diag: window_inner=2560x1600 hud=2560x1600
[2026-08-17T12:16:43Z INFO  steel_front] size diag: window_inner=2560x1600 hud=2560x1600
[2026-08-17T12:16:43Z INFO  steel_front] size diag: window_inner=2560x1600 hud=2560x1600
[2026-08-17T12:16:43Z INFO  steel_front] size diag: window_inner=2560x1600 hud=2560x1600
[2026-08-17T12:16:43Z INFO  steel_front] size diag: window_inner=2560x1600 hud=2560x1600
[2026-08-17T12:16:43Z INFO  steel_front] size diag: window_inner=2560x1600 hud=2560x1600
[2026-08-17T12:16:43Z INFO  steel_front] size diag: window_inner=2560x1600 hud=2560x1600
[2026-08-17T12:16:43Z INFO  steel_front] size diag: window_inner=2560x1600 hud=2560x1600
[2026-08-17T12:16:43Z INFO  steel_front] size diag: window_inner=2560x1600 hud=2560x1600
[2026-08-17T12:16:43Z INFO  steel_front] size diag: window_inner=2560x1600 hud=2560x1600
[2026-08-17T12:16:43Z INFO  steel_front] size diag: window_inner=2560x1600 hud=2560x1600
[2026-08-17T12:16:43Z INFO  steel_front] size diag: window_inner=2560x1600 hud=2560x1600
[2026-08-17T12:16:43Z INFO  steel_front] size diag: window_inner=2560x1600 hud=2560x1600
[2026-08-17T12:16:43Z INFO  steel_front] size diag: window_inner=2560x1600 hud=2560x1600
[2026-08-17T12:16:43Z INFO  steel_front] size diag: window_inner=2560x1600 hud=2560x1600
[2026-08-17T12:16:43Z INFO  steel_front] size diag: window_inner=2560x1600 hud=2560x1600
[2026-08-17T12:16:43Z INFO  steel_front] size diag: window_inner=2560x1600 hud=2560x1600
[2026-08-17T12:16:43Z INFO  steel_front::engine::renderer] visible=65536/65536 near=65536 far=0 fps=345.8 frame_us=2576 cull_us=1 terrain_us=0 wait_fence_us=1797 acquire_us=1 record_us=62 submit_us=49 present_us=223 terrain_lod=high blend=0.000 quality=中画质 marker=84 npc=56
[2026-08-17T12:16:43Z INFO  steel_front::engine::game] ai: npcs=8 near=8 far=0 idle=0 patrol=0 chase=0 attack=8 tactics=[8, 0, 0, 0, 0, 0, 0, 0]
[2026-08-17T12:16:43Z INFO  steel_front::engine::game] game: wave=1 enemies=8 enemy_hp=100 hp=100/100 score=0 phys_us=1 ai_us=531 audio_us=17 net_us=0
[2026-08-17T12:16:44Z INFO  steel_front] cam: yaw=0.0 pitch=0.0 dist=3.4 mode=FirstPerson cycle_us=2637 update_us=43 render_us=2594
[2026-08-17T12:16:44Z INFO  steel_front::engine::renderer] visible=65536/65536 near=65536 far=0 fps=351.8 frame_us=2796 cull_us=0 terrain_us=0 wait_fence_us=1691 acquire_us=1 record_us=53 submit_us=48 present_us=273 terrain_lod=high blend=0.000 quality=中画质 marker=84 npc=56
[2026-08-17T12:16:44Z INFO  steel_front::engine::game] ai: npcs=8 near=8 far=0 idle=0 patrol=0 chase=0 attack=8 tactics=[8, 0, 0, 0, 0, 0, 0, 0]
[2026-08-17T12:16:44Z INFO  steel_front::engine::game] game: wave=1 enemies=8 enemy_hp=100 hp=100/100 score=0 phys_us=2 ai_us=574 audio_us=37 net_us=0
[2026-08-17T12:16:45Z INFO  steel_front] cam: yaw=0.0 pitch=0.0 dist=3.4 mode=FirstPerson cycle_us=3218 update_us=29 render_us=3188
[2026-08-17T12:16:45Z INFO  steel_front::engine::renderer] visible=65536/65536 near=65536 far=0 fps=363.9 frame_us=2017 cull_us=1 terrain_us=0 wait_fence_us=2285 acquire_us=2 record_us=53 submit_us=54 present_us=206 terrain_lod=high blend=0.000 quality=中画质 marker=84 npc=56
[2026-08-17T12:16:45Z INFO  steel_front::engine::game] ai: npcs=8 near=8 far=0 idle=0 patrol=0 chase=0 attack=8 tactics=[8, 0, 0, 0, 0, 0, 0, 0]
[2026-08-17T12:16:45Z INFO  steel_front::engine::game] game: wave=1 enemies=8 enemy_hp=100 hp=100/100 score=0 phys_us=2 ai_us=564 audio_us=30 net_us=0
[2026-08-17T12:16:46Z INFO  steel_front] cam: yaw=0.0 pitch=0.0 dist=3.4 mode=FirstPerson cycle_us=2537 update_us=42 render_us=2494
[2026-08-17T12:16:46Z INFO  steel_front::engine::renderer] visible=65536/65536 near=65536 far=0 fps=363.8 frame_us=2192 cull_us=0 terrain_us=0 wait_fence_us=2035 acquire_us=1 record_us=56 submit_us=51 present_us=231 terrain_lod=high blend=0.000 quality=中画质 marker=84 npc=56
[2026-08-17T12:16:46Z INFO  steel_front::engine::game] ai: npcs=8 near=8 far=0 idle=0 patrol=0 chase=0 attack=8 tactics=[8, 0, 0, 0, 0, 0, 0, 0]
[2026-08-17T12:16:46Z INFO  steel_front::engine::game] game: wave=1 enemies=8 enemy_hp=100 hp=100/100 score=0 phys_us=2 ai_us=578 audio_us=15 net_us=0
[2026-08-17T12:16:47Z INFO  steel_front] cam: yaw=0.0 pitch=0.0 dist=3.4 mode=FirstPerson cycle_us=2867 update_us=37 render_us=2830
[2026-08-17T12:16:47Z INFO  steel_front::engine::renderer] visible=65536/65536 near=65536 far=0 fps=364.8 frame_us=2061 cull_us=0 terrain_us=0 wait_fence_us=2340 acquire_us=1 record_us=59 submit_us=50 present_us=215 terrain_lod=high blend=0.000 quality=中画质 marker=84 npc=56
[2026-08-17T12:16:47Z INFO  steel_front::engine::game] ai: npcs=8 near=8 far=0 idle=0 patrol=0 chase=0 attack=8 tactics=[8, 0, 0, 0, 0, 0, 0, 0]
[2026-08-17T12:16:47Z INFO  steel_front::engine::game] game: wave=1 enemies=8 enemy_hp=100 hp=100/100 score=0 phys_us=3 ai_us=428 audio_us=14 net_us=0
[2026-08-17T12:16:48Z INFO  steel_front] cam: yaw=0.0 pitch=0.0 dist=3.4 mode=FirstPerson cycle_us=2578 update_us=41 render_us=2537
[2026-08-17T12:16:48Z INFO  steel_front] size diag: window_inner=2560x1600 hud=2560x1600
[2026-08-17T12:16:48Z INFO  steel_front] size diag: window_inner=2560x1600 hud=2560x1600
[2026-08-17T12:16:48Z INFO  steel_front] size diag: window_inner=2560x1600 hud=2560x1600
[2026-08-17T12:16:48Z INFO  steel_front] size diag: window_inner=2560x1600 hud=2560x1600
[2026-08-17T12:16:48Z INFO  steel_front] size diag: window_inner=2560x1600 hud=2560x1600
[2026-08-17T12:16:48Z INFO  steel_front] size diag: window_inner=2560x1600 hud=2560x1600
[2026-08-17T12:16:48Z INFO  steel_front] size diag: window_inner=2560x1600 hud=2560x1600
[2026-08-17T12:16:48Z INFO  steel_front] size diag: window_inner=2560x1600 hud=2560x1600
[2026-08-17T12:16:48Z INFO  steel_front] size diag: window_inner=2560x1600 hud=2560x1600
[2026-08-17T12:16:48Z INFO  steel_front] size diag: window_inner=2560x1600 hud=2560x1600
[2026-08-17T12:16:48Z INFO  steel_front] size diag: window_inner=2560x1600 hud=2560x1600
[2026-08-17T12:16:48Z INFO  steel_front] size diag: window_inner=2560x1600 hud=2560x1600
[2026-08-17T12:16:48Z INFO  steel_front] size diag: window_inner=2560x1600 hud=2560x1600
[2026-08-17T12:16:48Z INFO  steel_front] size diag: window_inner=2560x1600 hud=2560x1600
[2026-08-17T12:16:48Z INFO  steel_front] size diag: window_inner=2560x1600 hud=2560x1600
[2026-08-17T12:16:48Z INFO  steel_front] size diag: window_inner=2560x1600 hud=2560x1600
[2026-08-17T12:16:48Z INFO  steel_front] size diag: window_inner=2560x1600 hud=2560x1600
[2026-08-17T12:16:48Z INFO  steel_front] size diag: window_inner=2560x1600 hud=2560x1600
[2026-08-17T12:16:48Z INFO  steel_front::engine::renderer] visible=65536/65536 near=65536 far=0 fps=363.5 frame_us=2523 cull_us=0 terrain_us=0 wait_fence_us=1970 acquire_us=1 record_us=86 submit_us=29 present_us=147 terrain_lod=high blend=0.000 quality=中画质 marker=84 npc=56
[2026-08-17T12:16:48Z INFO  steel_front::engine::game] ai: npcs=8 near=8 far=0 idle=0 patrol=0 chase=0 attack=8 tactics=[8, 0, 0, 0, 0, 0, 0, 0]
[2026-08-17T12:16:48Z INFO  steel_front::engine::game] game: wave=1 enemies=8 enemy_hp=100 hp=100/100 score=0 phys_us=2 ai_us=594 audio_us=26 net_us=0
[2026-08-17T12:16:49Z INFO  steel_front] cam: yaw=0.0 pitch=0.0 dist=3.4 mode=FirstPerson cycle_us=3176 update_us=45 render_us=3131
[2026-08-17T12:16:49Z INFO  steel_front::engine::renderer] visible=65536/65536 near=65536 far=0 fps=362.5 frame_us=2253 cull_us=0 terrain_us=0 wait_fence_us=2063 acquire_us=1 record_us=58 submit_us=47 present_us=261 terrain_lod=high blend=0.000 quality=中画质 marker=84 npc=56
[2026-08-17T12:16:49Z INFO  steel_front::engine::game] ai: npcs=8 near=8 far=0 idle=0 patrol=0 chase=0 attack=8 tactics=[8, 0, 0, 0, 0, 0, 0, 0]
[2026-08-17T12:16:49Z INFO  steel_front::engine::game] game: wave=1 enemies=8 enemy_hp=100 hp=100/100 score=0 phys_us=2 ai_us=521 audio_us=22 net_us=0
[2026-08-17T12:16:50Z INFO  steel_front] cam: yaw=0.0 pitch=0.0 dist=3.4 mode=FirstPerson cycle_us=2917 update_us=45 render_us=2872
[2026-08-17T12:16:50Z INFO  steel_front::engine::renderer] visible=65536/65536 near=65536 far=0 fps=352.9 frame_us=1566 cull_us=0 terrain_us=0 wait_fence_us=2306 acquire_us=1 record_us=40 submit_us=34 present_us=231 terrain_lod=high blend=0.000 quality=中画质 marker=84 npc=56
[2026-08-17T12:16:50Z INFO  steel_front::engine::game] ai: npcs=8 near=8 far=0 idle=0 patrol=0 chase=0 attack=8 tactics=[8, 0, 0, 0, 0, 0, 0, 0]
[2026-08-17T12:16:50Z INFO  steel_front::engine::game] game: wave=1 enemies=8 enemy_hp=100 hp=100/100 score=0 phys_us=2 ai_us=495 audio_us=31 net_us=0
[2026-08-17T12:16:51Z INFO  steel_front] cam: yaw=0.0 pitch=0.0 dist=3.4 mode=FirstPerson cycle_us=3628 update_us=25 render_us=3603
[2026-08-17T12:16:51Z INFO  steel_front::engine::renderer] visible=65536/65536 near=65536 far=0 fps=354.9 frame_us=2866 cull_us=1 terrain_us=0 wait_fence_us=2085 acquire_us=1 record_us=41 submit_us=35 present_us=393 terrain_lod=high blend=0.000 quality=中画质 marker=78 npc=56
[2026-08-17T12:16:51Z INFO  steel_front::engine::game] ai: npcs=8 near=8 far=0 idle=0 patrol=0 chase=0 attack=8 tactics=[8, 0, 0, 0, 0, 0, 0, 0]
[2026-08-17T12:16:51Z INFO  steel_front::engine::game] game: wave=1 enemies=8 enemy_hp=100 hp=100/100 score=0 phys_us=2 ai_us=457 audio_us=27 net_us=0
[2026-08-17T12:16:52Z INFO  steel_front] cam: yaw=0.0 pitch=0.0 dist=3.4 mode=FirstPerson cycle_us=2731 update_us=37 render_us=2693
[2026-08-17T12:16:52Z INFO  steel_front::engine::renderer] visible=65536/65536 near=65536 far=0 fps=365.6 frame_us=2504 cull_us=0 terrain_us=0 wait_fence_us=1752 acquire_us=1 record_us=64 submit_us=96 present_us=228 terrain_lod=high blend=0.000 quality=中画质 marker=84 npc=56
[2026-08-17T12:16:52Z INFO  steel_front::engine::game] ai: npcs=8 near=8 far=0 idle=0 patrol=0 chase=0 attack=8 tactics=[8, 0, 0, 0, 0, 0, 0, 0]
[2026-08-17T12:16:52Z INFO  steel_front::engine::game] game: wave=1 enemies=8 enemy_hp=100 hp=100/100 score=0 phys_us=1 ai_us=147 audio_us=38 net_us=0
[2026-08-17T12:16:53Z INFO  steel_front] cam: yaw=0.0 pitch=0.0 dist=3.4 mode=FirstPerson cycle_us=2832 update_us=23 render_us=2809
[2026-08-17T12:16:53Z INFO  steel_front] size diag: window_inner=2560x1600 hud=2560x1600
[2026-08-17T12:16:53Z INFO  steel_front] size diag: window_inner=2560x1600 hud=2560x1600
[2026-08-17T12:16:53Z INFO  steel_front] size diag: window_inner=2560x1600 hud=2560x1600
[2026-08-17T12:16:53Z INFO  steel_front] size diag: window_inner=2560x1600 hud=2560x1600
[2026-08-17T12:16:53Z INFO  steel_front] size diag: window_inner=2560x1600 hud=2560x1600
[2026-08-17T12:16:53Z INFO  steel_front] size diag: window_inner=2560x1600 hud=2560x1600
[2026-08-17T12:16:53Z INFO  steel_front] size diag: window_inner=2560x1600 hud=2560x1600
[2026-08-17T12:16:53Z INFO  steel_front] size diag: window_inner=2560x1600 hud=2560x1600
[2026-08-17T12:16:53Z INFO  steel_front] size diag: window_inner=2560x1600 hud=2560x1600
[2026-08-17T12:16:53Z INFO  steel_front] size diag: window_inner=2560x1600 hud=2560x1600
[2026-08-17T12:16:53Z INFO  steel_front] size diag: window_inner=2560x1600 hud=2560x1600
[2026-08-17T12:16:53Z INFO  steel_front] size diag: window_inner=2560x1600 hud=2560x1600
[2026-08-17T12:16:53Z INFO  steel_front] size diag: window_inner=2560x1600 hud=2560x1600
[2026-08-17T12:16:53Z INFO  steel_front] size diag: window_inner=2560x1600 hud=2560x1600
[2026-08-17T12:16:53Z INFO  steel_front] size diag: window_inner=2560x1600 hud=2560x1600
[2026-08-17T12:16:53Z INFO  steel_front] size diag: window_inner=2560x1600 hud=2560x1600
[2026-08-17T12:16:53Z INFO  steel_front] size diag: window_inner=2560x1600 hud=2560x1600
[2026-08-17T12:16:53Z INFO  steel_front] size diag: window_inner=2560x1600 hud=2560x1600
[2026-08-17T12:16:53Z INFO  steel_front::engine::renderer] visible=65536/65536 near=65536 far=0 fps=364.9 frame_us=2197 cull_us=0 terrain_us=0 wait_fence_us=1795 acquire_us=0 record_us=36 submit_us=49 present_us=200 terrain_lod=high blend=0.000 quality=中画质 marker=84 npc=56
[2026-08-17T12:16:53Z INFO  steel_front::engine::game] ai: npcs=8 near=8 far=0 idle=0 patrol=0 chase=0 attack=8 tactics=[8, 0, 0, 0, 0, 0, 0, 0]
[2026-08-17T12:16:53Z INFO  steel_front::engine::game] game: wave=1 enemies=8 enemy_hp=100 hp=100/100 score=0 phys_us=2 ai_us=428 audio_us=17 net_us=0
[2026-08-17T12:16:54Z INFO  steel_front] cam: yaw=0.0 pitch=0.0 dist=3.4 mode=FirstPerson cycle_us=2891 update_us=40 render_us=2851
[2026-08-17T12:16:54Z INFO  steel_front::engine::renderer] visible=65536/65536 near=65536 far=0 fps=364.1 frame_us=2063 cull_us=1 terrain_us=0 wait_fence_us=2159 acquire_us=1 record_us=40 submit_us=35 present_us=290 terrain_lod=high blend=0.000 quality=中画质 marker=84 npc=56
[2026-08-17T12:16:54Z INFO  steel_front::engine::game] ai: npcs=8 near=8 far=0 idle=0 patrol=0 chase=0 attack=8 tactics=[8, 0, 0, 0, 0, 0, 0, 0]
[2026-08-17T12:16:54Z INFO  steel_front::engine::game] game: wave=1 enemies=8 enemy_hp=100 hp=100/100 score=0 phys_us=3 ai_us=607 audio_us=26 net_us=0
[2026-08-17T12:16:55Z INFO  steel_front] cam: yaw=0.0 pitch=0.0 dist=3.4 mode=FirstPerson cycle_us=2914 update_us=39 render_us=2875
[2026-08-17T12:16:55Z INFO  steel_front::engine::renderer] visible=65536/65536 near=65536 far=0 fps=365.6 frame_us=2345 cull_us=0 terrain_us=0 wait_fence_us=1659 acquire_us=1 record_us=53 submit_us=52 present_us=228 terrain_lod=high blend=0.000 quality=中画质 marker=84 npc=56
[2026-08-17T12:16:55Z INFO  steel_front::engine::game] ai: npcs=8 near=8 far=0 idle=0 patrol=0 chase=0 attack=8 tactics=[8, 0, 0, 0, 0, 0, 0, 0]
[2026-08-17T12:16:55Z INFO  steel_front::engine::game] game: wave=1 enemies=8 enemy_hp=100 hp=100/100 score=0 phys_us=2 ai_us=431 audio_us=12 net_us=0
[2026-08-17T12:16:56Z INFO  steel_front] cam: yaw=0.0 pitch=0.0 dist=3.4 mode=FirstPerson cycle_us=2481 update_us=42 render_us=2439
[2026-08-17T12:16:56Z INFO  steel_front::engine::renderer] visible=65536/65536 near=65536 far=0 fps=358.6 frame_us=2327 cull_us=0 terrain_us=0 wait_fence_us=2116 acquire_us=0 record_us=63 submit_us=58 present_us=296 terrain_lod=high blend=0.000 quality=中画质 marker=84 npc=56
[2026-08-17T12:16:56Z INFO  steel_front::engine::game] ai: npcs=8 near=8 far=0 idle=0 patrol=0 chase=0 attack=8 tactics=[8, 0, 0, 0, 0, 0, 0, 0]
[2026-08-17T12:16:56Z INFO  steel_front::engine::game] game: wave=1 enemies=8 enemy_hp=100 hp=100/100 score=0 phys_us=2 ai_us=552 audio_us=27 net_us=0
[2026-08-17T12:16:57Z INFO  steel_front] cam: yaw=0.0 pitch=0.0 dist=3.4 mode=FirstPerson cycle_us=3082 update_us=47 render_us=3034
[2026-08-17T12:16:57Z INFO  steel_front::engine::renderer] visible=65536/65536 near=65536 far=0 fps=365.2 frame_us=2423 cull_us=0 terrain_us=0 wait_fence_us=2118 acquire_us=1 record_us=30 submit_us=30 present_us=178 terrain_lod=high blend=0.000 quality=中画质 marker=84 npc=56
[2026-08-17T12:16:57Z INFO  steel_front::engine::game] ai: npcs=8 near=8 far=0 idle=0 patrol=0 chase=0 attack=8 tactics=[8, 0, 0, 0, 0, 0, 0, 0]
[2026-08-17T12:16:57Z INFO  steel_front::engine::game] game: wave=1 enemies=8 enemy_hp=100 hp=100/100 score=0 phys_us=2 ai_us=503 audio_us=24 net_us=0
[2026-08-17T12:16:58Z INFO  steel_front] cam: yaw=0.0 pitch=0.0 dist=3.4 mode=FirstPerson cycle_us=2632 update_us=49 render_us=2582
[2026-08-17T12:16:58Z INFO  steel_front] size diag: window_inner=2560x1600 hud=2560x1600
[2026-08-17T12:16:58Z INFO  steel_front] size diag: window_inner=2560x1600 hud=2560x1600
[2026-08-17T12:16:58Z INFO  steel_front] size diag: window_inner=2560x1600 hud=2560x1600
[2026-08-17T12:16:58Z INFO  steel_front] size diag: window_inner=2560x1600 hud=2560x1600
[2026-08-17T12:16:58Z INFO  steel_front] size diag: window_inner=2560x1600 hud=2560x1600
[2026-08-17T12:16:58Z INFO  steel_front] size diag: window_inner=2560x1600 hud=2560x1600
[2026-08-17T12:16:58Z INFO  steel_front] size diag: window_inner=2560x1600 hud=2560x1600
[2026-08-17T12:16:58Z INFO  steel_front] size diag: window_inner=2560x1600 hud=2560x1600
[2026-08-17T12:16:58Z INFO  steel_front] size diag: window_inner=2560x1600 hud=2560x1600
[2026-08-17T12:16:58Z INFO  steel_front] size diag: window_inner=2560x1600 hud=2560x1600
[2026-08-17T12:16:58Z INFO  steel_front] size diag: window_inner=2560x1600 hud=2560x1600
[2026-08-17T12:16:58Z INFO  steel_front] size diag: window_inner=2560x1600 hud=2560x1600
[2026-08-17T12:16:58Z INFO  steel_front] size diag: window_inner=2560x1600 hud=2560x1600
[2026-08-17T12:16:58Z INFO  steel_front] size diag: window_inner=2560x1600 hud=2560x1600
[2026-08-17T12:16:58Z INFO  steel_front] size diag: window_inner=2560x1600 hud=2560x1600
[2026-08-17T12:16:58Z INFO  steel_front] size diag: window_inner=2560x1600 hud=2560x1600
[2026-08-17T12:16:58Z INFO  steel_front] size diag: window_inner=2560x1600 hud=2560x1600
[2026-08-17T12:16:58Z INFO  steel_front] size diag: window_inner=2560x1600 hud=2560x1600
[2026-08-17T12:16:58Z INFO  steel_front::engine::renderer] visible=65536/65536 near=65536 far=0 fps=358.7 frame_us=2255 cull_us=1 terrain_us=0 wait_fence_us=1809 acquire_us=69 record_us=126 submit_us=47 present_us=181 terrain_lod=high blend=0.000 quality=中画质 marker=84 npc=56
[2026-08-17T12:16:58Z INFO  steel_front::engine::game] ai: npcs=8 near=8 far=0 idle=0 patrol=0 chase=0 attack=8 tactics=[8, 0, 0, 0, 0, 0, 0, 0]
[2026-08-17T12:16:58Z INFO  steel_front::engine::game] game: wave=1 enemies=8 enemy_hp=100 hp=100/100 score=0 phys_us=2 ai_us=549 audio_us=18 net_us=0
[2026-08-17T12:16:59Z INFO  steel_front] cam: yaw=0.0 pitch=0.0 dist=3.4 mode=FirstPerson cycle_us=2645 update_us=27 render_us=2617
[2026-08-17T12:16:59Z INFO  steel_front::engine::renderer] visible=65536/65536 near=65536 far=0 fps=366.3 frame_us=2162 cull_us=0 terrain_us=0 wait_fence_us=2073 acquire_us=1 record_us=48 submit_us=58 present_us=223 terrain_lod=high blend=0.000 quality=中画质 marker=84 npc=56
[2026-08-17T12:16:59Z INFO  steel_front::engine::game] ai: npcs=8 near=8 far=0 idle=0 patrol=0 chase=0 attack=8 tactics=[8, 0, 0, 0, 0, 0, 0, 0]
[2026-08-17T12:16:59Z INFO  steel_front::engine::game] game: wave=1 enemies=8 enemy_hp=100 hp=100/100 score=0 phys_us=2 ai_us=891 audio_us=47 net_us=0
[2026-08-17T12:17:00Z INFO  steel_front] cam: yaw=0.0 pitch=0.0 dist=3.4 mode=FirstPerson cycle_us=2789 update_us=21 render_us=2767
[2026-08-17T12:17:00Z INFO  steel_front::engine::renderer] visible=65536/65536 near=65536 far=0 fps=362.2 frame_us=2468 cull_us=0 terrain_us=0 wait_fence_us=1756 acquire_us=1 record_us=48 submit_us=84 present_us=211 terrain_lod=high blend=0.000 quality=中画质 marker=84 npc=56
[2026-08-17T12:17:00Z INFO  steel_front::engine::game] ai: npcs=8 near=8 far=0 idle=0 patrol=0 chase=0 attack=8 tactics=[8, 0, 0, 0, 0, 0, 0, 0]
[2026-08-17T12:17:00Z INFO  steel_front::engine::game] game: wave=1 enemies=8 enemy_hp=100 hp=100/100 score=0 phys_us=2 ai_us=481 audio_us=34 net_us=0
[2026-08-17T12:17:01Z INFO  steel_front] cam: yaw=0.0 pitch=0.0 dist=3.4 mode=FirstPerson cycle_us=2581 update_us=21 render_us=2560
[2026-08-17T12:17:01Z INFO  steel_front::engine::renderer] visible=65536/65536 near=65536 far=0 fps=364.0 frame_us=2241 cull_us=0 terrain_us=0 wait_fence_us=2341 acquire_us=1 record_us=28 submit_us=54 present_us=137 terrain_lod=high blend=0.000 quality=中画质 marker=84 npc=56
[2026-08-17T12:17:01Z INFO  steel_front::engine::game] ai: npcs=8 near=8 far=0 idle=0 patrol=0 chase=0 attack=8 tactics=[8, 0, 0, 0, 0, 0, 0, 0]
[2026-08-17T12:17:01Z INFO  steel_front::engine::game] game: wave=1 enemies=8 enemy_hp=100 hp=100/100 score=0 phys_us=2 ai_us=467 audio_us=25 net_us=0
[2026-08-17T12:17:02Z INFO  steel_front] cam: yaw=0.0 pitch=0.0 dist=3.4 mode=FirstPerson cycle_us=2640 update_us=51 render_us=2589
[2026-08-17T12:17:02Z INFO  steel_front::engine::renderer] visible=65536/65536 near=65536 far=0 fps=363.6 frame_us=2130 cull_us=0 terrain_us=0 wait_fence_us=2403 acquire_us=1 record_us=32 submit_us=80 present_us=167 terrain_lod=high blend=0.000 quality=中画质 marker=84 npc=56
[2026-08-17T12:17:02Z INFO  steel_front::engine::game] ai: npcs=8 near=8 far=0 idle=0 patrol=0 chase=0 attack=8 tactics=[8, 0, 0, 0, 0, 0, 0, 0]
[2026-08-17T12:17:02Z INFO  steel_front::engine::game] game: wave=1 enemies=8 enemy_hp=100 hp=100/100 score=0 phys_us=2 ai_us=424 audio_us=17 net_us=0
[2026-08-17T12:17:03Z INFO  steel_front] cam: yaw=0.0 pitch=0.0 dist=3.4 mode=FirstPerson cycle_us=3029 update_us=24 render_us=3004
[2026-08-17T12:17:03Z INFO  steel_front] size diag: window_inner=2560x1600 hud=2560x1600
[2026-08-17T12:17:03Z INFO  steel_front] size diag: window_inner=2560x1600 hud=2560x1600
[2026-08-17T12:17:03Z INFO  steel_front] size diag: window_inner=2560x1600 hud=2560x1600
[2026-08-17T12:17:03Z INFO  steel_front] size diag: window_inner=2560x1600 hud=2560x1600
[2026-08-17T12:17:03Z INFO  steel_front] size diag: window_inner=2560x1600 hud=2560x1600
[2026-08-17T12:17:03Z INFO  steel_front] size diag: window_inner=2560x1600 hud=2560x1600
[2026-08-17T12:17:03Z INFO  steel_front] size diag: window_inner=2560x1600 hud=2560x1600
[2026-08-17T12:17:03Z INFO  steel_front] size diag: window_inner=2560x1600 hud=2560x1600
[2026-08-17T12:17:03Z INFO  steel_front] size diag: window_inner=2560x1600 hud=2560x1600
[2026-08-17T12:17:03Z INFO  steel_front] size diag: window_inner=2560x1600 hud=2560x1600
[2026-08-17T12:17:03Z INFO  steel_front] size diag: window_inner=2560x1600 hud=2560x1600
[2026-08-17T12:17:03Z INFO  steel_front] size diag: window_inner=2560x1600 hud=2560x1600
[2026-08-17T12:17:03Z INFO  steel_front] size diag: window_inner=2560x1600 hud=2560x1600
[2026-08-17T12:17:03Z INFO  steel_front] size diag: window_inner=2560x1600 hud=2560x1600
[2026-08-17T12:17:03Z INFO  steel_front] size diag: window_inner=2560x1600 hud=2560x1600
[2026-08-17T12:17:03Z INFO  steel_front] size diag: window_inner=2560x1600 hud=2560x1600
[2026-08-17T12:17:03Z INFO  steel_front] size diag: window_inner=2560x1600 hud=2560x1600
[2026-08-17T12:17:03Z INFO  steel_front] size diag: window_inner=2560x1600 hud=2560x1600
[2026-08-17T12:17:03Z INFO  steel_front::engine::renderer] visible=65536/65536 near=65536 far=0 fps=365.7 frame_us=2572 cull_us=0 terrain_us=0 wait_fence_us=1860 acquire_us=1 record_us=48 submit_us=82 present_us=211 terrain_lod=high blend=0.000 quality=中画质 marker=84 npc=56
[2026-08-17T12:17:03Z INFO  steel_front::engine::game] ai: npcs=8 near=8 far=0 idle=0 patrol=0 chase=0 attack=8 tactics=[8, 0, 0, 0, 0, 0, 0, 0]
[2026-08-17T12:17:03Z INFO  steel_front::engine::game] game: wave=1 enemies=8 enemy_hp=100 hp=100/100 score=0 phys_us=4 ai_us=761 audio_us=33 net_us=0
[2026-08-17T12:17:04Z INFO  steel_front] cam: yaw=0.0 pitch=0.0 dist=3.4 mode=FirstPerson cycle_us=2542 update_us=27 render_us=2515
[2026-08-17T12:17:04Z INFO  steel_front::engine::renderer] visible=65536/65536 near=65536 far=0 fps=365.5 frame_us=2311 cull_us=3 terrain_us=0 wait_fence_us=2420 acquire_us=6 record_us=22 submit_us=48 present_us=132 terrain_lod=high blend=0.000 quality=中画质 marker=84 npc=56
[2026-08-17T12:17:04Z INFO  steel_front::engine::game] ai: npcs=8 near=8 far=0 idle=0 patrol=0 chase=0 attack=8 tactics=[8, 0, 0, 0, 0, 0, 0, 0]
[2026-08-17T12:17:04Z INFO  steel_front::engine::game] game: wave=1 enemies=8 enemy_hp=100 hp=100/100 score=0 phys_us=2 ai_us=544 audio_us=34 net_us=0
[2026-08-17T12:17:05Z INFO  steel_front] cam: yaw=0.0 pitch=0.0 dist=3.4 mode=FirstPerson cycle_us=2374 update_us=74 render_us=2299
[2026-08-17T12:17:05Z INFO  steel_front::engine::renderer] visible=65536/65536 near=65536 far=0 fps=366.3 frame_us=2247 cull_us=0 terrain_us=0 wait_fence_us=2027 acquire_us=1 record_us=41 submit_us=41 present_us=334 terrain_lod=high blend=0.000 quality=中画质 marker=84 npc=56
[2026-08-17T12:17:05Z INFO  steel_front::engine::game] ai: npcs=8 near=8 far=0 idle=0 patrol=0 chase=0 attack=8 tactics=[8, 0, 0, 0, 0, 0, 0, 0]
[2026-08-17T12:17:05Z INFO  steel_front::engine::game] game: wave=1 enemies=8 enemy_hp=100 hp=100/100 score=0 phys_us=2 ai_us=384 audio_us=28 net_us=0
[2026-08-17T12:17:06Z INFO  steel_front] cam: yaw=0.0 pitch=0.0 dist=3.4 mode=FirstPerson cycle_us=4195 update_us=29 render_us=4166
[2026-08-17T12:17:06Z INFO  steel_front::engine::renderer] visible=65536/65536 near=65536 far=0 fps=356.7 frame_us=2680 cull_us=1 terrain_us=0 wait_fence_us=2278 acquire_us=1 record_us=44 submit_us=35 present_us=356 terrain_lod=high blend=0.000 quality=中画质 marker=84 npc=56
[2026-08-17T12:17:06Z INFO  steel_front::engine::game] ai: npcs=8 near=8 far=0 idle=0 patrol=0 chase=0 attack=8 tactics=[8, 0, 0, 0, 0, 0, 0, 0]
[2026-08-17T12:17:06Z INFO  steel_front::engine::game] game: wave=1 enemies=8 enemy_hp=100 hp=100/100 score=0 phys_us=1 ai_us=499 audio_us=17 net_us=0
[2026-08-17T12:17:07Z INFO  steel_front] cam: yaw=0.0 pitch=0.0 dist=3.4 mode=FirstPerson cycle_us=3486 update_us=22 render_us=3464
[2026-08-17T12:17:07Z INFO  steel_front::engine::renderer] visible=65536/65536 near=65536 far=0 fps=359.1 frame_us=2075 cull_us=0 terrain_us=0 wait_fence_us=1928 acquire_us=1 record_us=42 submit_us=34 present_us=207 terrain_lod=high blend=0.000 quality=中画质 marker=84 npc=56
[2026-08-17T12:17:07Z INFO  steel_front::engine::game] ai: npcs=8 near=8 far=0 idle=0 patrol=0 chase=0 attack=8 tactics=[8, 0, 0, 0, 0, 0, 0, 0]
[2026-08-17T12:17:07Z INFO  steel_front::engine::game] game: wave=1 enemies=8 enemy_hp=100 hp=100/100 score=0 phys_us=1 ai_us=189 audio_us=13 net_us=0
[2026-08-17T12:17:08Z INFO  steel_front] cam: yaw=0.0 pitch=0.0 dist=3.4 mode=FirstPerson cycle_us=2586 update_us=22 render_us=2563
[2026-08-17T12:17:08Z INFO  steel_front] size diag: window_inner=2560x1600 hud=2560x1600
[2026-08-17T12:17:08Z INFO  steel_front] size diag: window_inner=2560x1600 hud=2560x1600
[2026-08-17T12:17:08Z INFO  steel_front] size diag: window_inner=2560x1600 hud=2560x1600
[2026-08-17T12:17:08Z INFO  steel_front] size diag: window_inner=2560x1600 hud=2560x1600
[2026-08-17T12:17:08Z INFO  steel_front] size diag: window_inner=2560x1600 hud=2560x1600
[2026-08-17T12:17:08Z INFO  steel_front] size diag: window_inner=2560x1600 hud=2560x1600
[2026-08-17T12:17:08Z INFO  steel_front] size diag: window_inner=2560x1600 hud=2560x1600
[2026-08-17T12:17:08Z INFO  steel_front] size diag: window_inner=2560x1600 hud=2560x1600
[2026-08-17T12:17:08Z INFO  steel_front] size diag: window_inner=2560x1600 hud=2560x1600
[2026-08-17T12:17:08Z INFO  steel_front] size diag: window_inner=2560x1600 hud=2560x1600
[2026-08-17T12:17:08Z INFO  steel_front] size diag: window_inner=2560x1600 hud=2560x1600
[2026-08-17T12:17:08Z INFO  steel_front] size diag: window_inner=2560x1600 hud=2560x1600
[2026-08-17T12:17:08Z INFO  steel_front] size diag: window_inner=2560x1600 hud=2560x1600
[2026-08-17T12:17:08Z INFO  steel_front] size diag: window_inner=2560x1600 hud=2560x1600
[2026-08-17T12:17:08Z INFO  steel_front] size diag: window_inner=2560x1600 hud=2560x1600
[2026-08-17T12:17:08Z INFO  steel_front] size diag: window_inner=2560x1600 hud=2560x1600
[2026-08-17T12:17:08Z INFO  steel_front] size diag: window_inner=2560x1600 hud=2560x1600
[2026-08-17T12:17:08Z INFO  steel_front] size diag: window_inner=2560x1600 hud=2560x1600
[2026-08-17T12:17:08Z INFO  steel_front::engine::renderer] visible=65536/65536 near=65536 far=0 fps=373.7 frame_us=1993 cull_us=1 terrain_us=0 wait_fence_us=2298 acquire_us=1 record_us=29 submit_us=33 present_us=141 terrain_lod=high blend=0.000 quality=中画质 marker=84 npc=56
[2026-08-17T12:17:08Z INFO  steel_front::engine::game] ai: npcs=8 near=8 far=0 idle=0 patrol=0 chase=0 attack=8 tactics=[8, 0, 0, 0, 0, 0, 0, 0]
[2026-08-17T12:17:08Z INFO  steel_front::engine::game] game: wave=1 enemies=8 enemy_hp=100 hp=100/100 score=0 phys_us=4 ai_us=359 audio_us=17 net_us=0
[2026-08-17T12:17:09Z INFO  steel_front] cam: yaw=0.0 pitch=0.0 dist=3.4 mode=FirstPerson cycle_us=2664 update_us=23 render_us=2641
[2026-08-17T12:17:09Z INFO  steel_front::engine::renderer] visible=65536/65536 near=65536 far=0 fps=374.1 frame_us=2515 cull_us=1 terrain_us=0 wait_fence_us=2035 acquire_us=1 record_us=24 submit_us=32 present_us=131 terrain_lod=high blend=0.000 quality=中画质 marker=84 npc=56
[2026-08-17T12:17:09Z INFO  steel_front::engine::game] ai: npcs=8 near=8 far=0 idle=0 patrol=0 chase=0 attack=8 tactics=[8, 0, 0, 0, 0, 0, 0, 0]
[2026-08-17T12:17:09Z INFO  steel_front::engine::game] game: wave=1 enemies=8 enemy_hp=100 hp=100/100 score=0 phys_us=1 ai_us=353 audio_us=14 net_us=0
[2026-08-17T12:17:10Z INFO  steel_front] cam: yaw=0.0 pitch=0.0 dist=3.4 mode=FirstPerson cycle_us=2803 update_us=35 render_us=2768
[2026-08-17T12:17:10Z INFO  steel_front::engine::renderer] visible=65536/65536 near=65536 far=0 fps=375.7 frame_us=2530 cull_us=0 terrain_us=0 wait_fence_us=1873 acquire_us=1 record_us=41 submit_us=31 present_us=215 terrain_lod=high blend=0.000 quality=中画质 marker=84 npc=56
[2026-08-17T12:17:10Z INFO  steel_front::engine::game] ai: npcs=8 near=8 far=0 idle=0 patrol=0 chase=0 attack=8 tactics=[8, 0, 0, 0, 0, 0, 0, 0]
[2026-08-17T12:17:10Z INFO  steel_front::engine::game] game: wave=1 enemies=8 enemy_hp=100 hp=100/100 score=0 phys_us=2 ai_us=363 audio_us=14 net_us=0
[2026-08-17T12:17:11Z INFO  steel_front] cam: yaw=0.0 pitch=0.0 dist=3.4 mode=FirstPerson cycle_us=2407 update_us=37 render_us=2369
[2026-08-17T12:17:11Z INFO  steel_front::engine::renderer] visible=65536/65536 near=65536 far=0 fps=362.6 frame_us=2079 cull_us=0 terrain_us=0 wait_fence_us=2066 acquire_us=1 record_us=40 submit_us=31 present_us=205 terrain_lod=high blend=0.000 quality=中画质 marker=84 npc=56
[2026-08-17T12:17:11Z INFO  steel_front::engine::game] ai: npcs=8 near=8 far=0 idle=0 patrol=0 chase=0 attack=8 tactics=[8, 0, 0, 0, 0, 0, 0, 0]
[2026-08-17T12:17:11Z INFO  steel_front::engine::game] game: wave=1 enemies=8 enemy_hp=100 hp=100/100 score=0 phys_us=2 ai_us=393 audio_us=23 net_us=0
[2026-08-17T12:17:12Z INFO  steel_front] cam: yaw=0.0 pitch=0.0 dist=3.4 mode=FirstPerson cycle_us=2555 update_us=38 render_us=2517
[2026-08-17T12:17:12Z INFO  steel_front::engine::renderer] visible=65536/65536 near=65536 far=0 fps=372.7 frame_us=1956 cull_us=0 terrain_us=0 wait_fence_us=2458 acquire_us=1 record_us=22 submit_us=19 present_us=115 terrain_lod=high blend=0.000 quality=中画质 marker=84 npc=56
[2026-08-17T12:17:12Z INFO  steel_front::engine::game] ai: npcs=8 near=8 far=0 idle=0 patrol=0 chase=0 attack=8 tactics=[8, 0, 0, 0, 0, 0, 0, 0]
[2026-08-17T12:17:12Z INFO  steel_front::engine::game] game: wave=1 enemies=8 enemy_hp=100 hp=100/100 score=0 phys_us=2 ai_us=366 audio_us=27 net_us=0
[2026-08-17T12:17:13Z INFO  steel_front] cam: yaw=0.0 pitch=0.0 dist=3.4 mode=FirstPerson cycle_us=2811 update_us=24 render_us=2787
[2026-08-17T12:17:13Z INFO  steel_front] size diag: window_inner=2560x1600 hud=2560x1600
[2026-08-17T12:17:13Z INFO  steel_front] size diag: window_inner=2560x1600 hud=2560x1600
[2026-08-17T12:17:13Z INFO  steel_front] size diag: window_inner=2560x1600 hud=2560x1600
[2026-08-17T12:17:13Z INFO  steel_front] size diag: window_inner=2560x1600 hud=2560x1600
[2026-08-17T12:17:13Z INFO  steel_front] size diag: window_inner=2560x1600 hud=2560x1600
[2026-08-17T12:17:13Z INFO  steel_front] size diag: window_inner=2560x1600 hud=2560x1600
[2026-08-17T12:17:13Z INFO  steel_front] size diag: window_inner=2560x1600 hud=2560x1600
[2026-08-17T12:17:13Z INFO  steel_front] size diag: window_inner=2560x1600 hud=2560x1600
[2026-08-17T12:17:13Z INFO  steel_front] size diag: window_inner=2560x1600 hud=2560x1600
[2026-08-17T12:17:13Z INFO  steel_front] size diag: window_inner=2560x1600 hud=2560x1600
[2026-08-17T12:17:13Z INFO  steel_front] size diag: window_inner=2560x1600 hud=2560x1600
[2026-08-17T12:17:13Z INFO  steel_front] size diag: window_inner=2560x1600 hud=2560x1600
[2026-08-17T12:17:13Z INFO  steel_front] size diag: window_inner=2560x1600 hud=2560x1600
[2026-08-17T12:17:13Z INFO  steel_front] size diag: window_inner=2560x1600 hud=2560x1600
[2026-08-17T12:17:13Z INFO  steel_front] size diag: window_inner=2560x1600 hud=2560x1600
[2026-08-17T12:17:13Z INFO  steel_front] size diag: window_inner=2560x1600 hud=2560x1600
[2026-08-17T12:17:13Z INFO  steel_front] size diag: window_inner=2560x1600 hud=2560x1600
[2026-08-17T12:17:13Z INFO  steel_front] size diag: window_inner=2560x1600 hud=2560x1600
[2026-08-17T12:17:13Z INFO  steel_front::engine::renderer] visible=65536/65536 near=65536 far=0 fps=375.9 frame_us=1979 cull_us=0 terrain_us=0 wait_fence_us=2444 acquire_us=1 record_us=23 submit_us=20 present_us=119 terrain_lod=high blend=0.000 quality=中画质 marker=84 npc=56
[2026-08-17T12:17:13Z INFO  steel_front::engine::game] ai: npcs=8 near=8 far=0 idle=0 patrol=0 chase=0 attack=8 tactics=[8, 0, 0, 0, 0, 0, 0, 0]
[2026-08-17T12:17:13Z INFO  steel_front::engine::game] game: wave=1 enemies=8 enemy_hp=100 hp=100/100 score=0 phys_us=2 ai_us=398 audio_us=33 net_us=0
[2026-08-17T12:17:14Z INFO  steel_front] cam: yaw=0.0 pitch=0.0 dist=3.4 mode=FirstPerson cycle_us=4122 update_us=40 render_us=4081
[2026-08-17T12:17:14Z INFO  steel_front::engine::renderer] visible=65536/65536 near=65536 far=0 fps=358.4 frame_us=2523 cull_us=0 terrain_us=0 wait_fence_us=1792 acquire_us=1 record_us=38 submit_us=50 present_us=209 terrain_lod=high blend=0.000 quality=中画质 marker=84 npc=56
[2026-08-17T12:17:14Z INFO  steel_front::engine::game] ai: npcs=8 near=8 far=0 idle=0 patrol=0 chase=0 attack=8 tactics=[8, 0, 0, 0, 0, 0, 0, 0]
[2026-08-17T12:17:14Z INFO  steel_front::engine::game] game: wave=1 enemies=8 enemy_hp=100 hp=100/100 score=0 phys_us=1 ai_us=436 audio_us=13 net_us=0
[2026-08-17T12:17:15Z INFO  steel_front] cam: yaw=0.0 pitch=0.0 dist=3.4 mode=FirstPerson cycle_us=3056 update_us=47 render_us=3008
[2026-08-17T12:17:15Z INFO  steel_front::engine::renderer] visible=65536/65536 near=65536 far=0 fps=358.4 frame_us=2243 cull_us=1 terrain_us=0 wait_fence_us=1995 acquire_us=1 record_us=40 submit_us=34 present_us=283 terrain_lod=high blend=0.000 quality=中画质 marker=84 npc=56
[2026-08-17T12:17:15Z INFO  steel_front::engine::game] ai: npcs=8 near=8 far=0 idle=0 patrol=0 chase=0 attack=8 tactics=[8, 0, 0, 0, 0, 0, 0, 0]
[2026-08-17T12:17:15Z INFO  steel_front::engine::game] game: wave=1 enemies=8 enemy_hp=100 hp=100/100 score=0 phys_us=1 ai_us=434 audio_us=30 net_us=0
[2026-08-17T12:17:16Z INFO  steel_front] cam: yaw=0.0 pitch=0.0 dist=3.4 mode=FirstPerson cycle_us=2896 update_us=102 render_us=2793
[2026-08-17T12:17:16Z INFO  steel_front::engine::renderer] visible=65536/65536 near=65536 far=0 fps=363.5 frame_us=1958 cull_us=0 terrain_us=0 wait_fence_us=2664 acquire_us=1 record_us=25 submit_us=21 present_us=193 terrain_lod=high blend=0.000 quality=中画质 marker=84 npc=56
[2026-08-17T12:17:16Z INFO  steel_front::engine::game] ai: npcs=8 near=8 far=0 idle=0 patrol=0 chase=0 attack=8 tactics=[8, 0, 0, 0, 0, 0, 0, 0]
[2026-08-17T12:17:16Z INFO  steel_front::engine::game] game: wave=1 enemies=8 enemy_hp=100 hp=100/100 score=0 phys_us=2 ai_us=463 audio_us=27 net_us=0
[2026-08-17T12:17:17Z INFO  steel_front] cam: yaw=0.0 pitch=0.0 dist=3.4 mode=FirstPerson cycle_us=2793 update_us=44 render_us=2748
[2026-08-17T12:17:17Z INFO  steel_front::engine::renderer] visible=65536/65536 near=65536 far=0 fps=363.2 frame_us=2827 cull_us=1 terrain_us=0 wait_fence_us=1944 acquire_us=2 record_us=38 submit_us=40 present_us=209 terrain_lod=high blend=0.000 quality=中画质 marker=84 npc=56
[2026-08-17T12:17:17Z INFO  steel_front::engine::game] ai: npcs=8 near=8 far=0 idle=0 patrol=0 chase=0 attack=8 tactics=[8, 0, 0, 0, 0, 0, 0, 0]
[2026-08-17T12:17:17Z INFO  steel_front::engine::game] game: wave=1 enemies=8 enemy_hp=100 hp=100/100 score=0 phys_us=2 ai_us=469 audio_us=23 net_us=0
[2026-08-17T12:17:18Z INFO  steel_front] cam: yaw=0.0 pitch=0.0 dist=3.4 mode=FirstPerson cycle_us=2994 update_us=24 render_us=2970
[2026-08-17T12:17:18Z INFO  steel_front] size diag: window_inner=2560x1600 hud=2560x1600
[2026-08-17T12:17:18Z INFO  steel_front] size diag: window_inner=2560x1600 hud=2560x1600
[2026-08-17T12:17:18Z INFO  steel_front] size diag: window_inner=2560x1600 hud=2560x1600
[2026-08-17T12:17:18Z INFO  steel_front] size diag: window_inner=2560x1600 hud=2560x1600
[2026-08-17T12:17:18Z INFO  steel_front] size diag: window_inner=2560x1600 hud=2560x1600
[2026-08-17T12:17:18Z INFO  steel_front] size diag: window_inner=2560x1600 hud=2560x1600
[2026-08-17T12:17:18Z INFO  steel_front] size diag: window_inner=2560x1600 hud=2560x1600
[2026-08-17T12:17:18Z INFO  steel_front] size diag: window_inner=2560x1600 hud=2560x1600
[2026-08-17T12:17:18Z INFO  steel_front] size diag: window_inner=2560x1600 hud=2560x1600
[2026-08-17T12:17:18Z INFO  steel_front] size diag: window_inner=2560x1600 hud=2560x1600
[2026-08-17T12:17:18Z INFO  steel_front] size diag: window_inner=2560x1600 hud=2560x1600
[2026-08-17T12:17:18Z INFO  steel_front] size diag: window_inner=2560x1600 hud=2560x1600
[2026-08-17T12:17:18Z INFO  steel_front] size diag: window_inner=2560x1600 hud=2560x1600
[2026-08-17T12:17:18Z INFO  steel_front] size diag: window_inner=2560x1600 hud=2560x1600
[2026-08-17T12:17:18Z INFO  steel_front] size diag: window_inner=2560x1600 hud=2560x1600
[2026-08-17T12:17:18Z INFO  steel_front] size diag: window_inner=2560x1600 hud=2560x1600
[2026-08-17T12:17:18Z INFO  steel_front] size diag: window_inner=2560x1600 hud=2560x1600
[2026-08-17T12:17:18Z INFO  steel_front] size diag: window_inner=2560x1600 hud=2560x1600
[2026-08-17T12:17:18Z INFO  steel_front::engine::renderer] visible=65536/65536 near=65536 far=0 fps=365.6 frame_us=2316 cull_us=0 terrain_us=0 wait_fence_us=2015 acquire_us=1 record_us=42 submit_us=38 present_us=301 terrain_lod=high blend=0.000 quality=中画质 marker=84 npc=56
[2026-08-17T12:17:18Z INFO  steel_front::engine::game] ai: npcs=8 near=8 far=0 idle=0 patrol=0 chase=0 attack=8 tactics=[8, 0, 0, 0, 0, 0, 0, 0]
[2026-08-17T12:17:18Z INFO  steel_front::engine::game] game: wave=1 enemies=8 enemy_hp=100 hp=100/100 score=0 phys_us=3 ai_us=714 audio_us=15 net_us=0
[2026-08-17T12:17:19Z INFO  steel_front] cam: yaw=0.0 pitch=0.0 dist=3.4 mode=FirstPerson cycle_us=2808 update_us=21 render_us=2786
[2026-08-17T12:17:19Z INFO  steel_front::engine::renderer] visible=65536/65536 near=65536 far=0 fps=364.7 frame_us=2407 cull_us=0 terrain_us=0 wait_fence_us=1751 acquire_us=1 record_us=52 submit_us=79 present_us=211 terrain_lod=high blend=0.000 quality=中画质 marker=84 npc=56
[2026-08-17T12:17:19Z INFO  steel_front::engine::game] ai: npcs=8 near=8 far=0 idle=0 patrol=0 chase=0 attack=8 tactics=[8, 0, 0, 0, 0, 0, 0, 0]
[2026-08-17T12:17:19Z INFO  steel_front::engine::game] game: wave=1 enemies=8 enemy_hp=100 hp=100/100 score=0 phys_us=1 ai_us=414 audio_us=16 net_us=0
[2026-08-17T12:17:20Z INFO  steel_front] cam: yaw=0.0 pitch=0.0 dist=3.4 mode=FirstPerson cycle_us=3178 update_us=29 render_us=3148
[2026-08-17T12:17:20Z INFO  steel_front::engine::renderer] visible=65536/65536 near=65536 far=0 fps=364.0 frame_us=2566 cull_us=0 terrain_us=0 wait_fence_us=1916 acquire_us=1 record_us=54 submit_us=49 present_us=216 terrain_lod=high blend=0.000 quality=中画质 marker=84 npc=56
[2026-08-17T12:17:20Z INFO  steel_front::engine::game] ai: npcs=8 near=8 far=0 idle=0 patrol=0 chase=0 attack=8 tactics=[8, 0, 0, 0, 0, 0, 0, 0]
[2026-08-17T12:17:20Z INFO  steel_front::engine::game] game: wave=1 enemies=8 enemy_hp=100 hp=100/100 score=0 phys_us=1 ai_us=477 audio_us=15 net_us=0
[2026-08-17T12:17:21Z INFO  steel_front] cam: yaw=0.0 pitch=0.0 dist=3.4 mode=FirstPerson cycle_us=2494 update_us=23 render_us=2470
[2026-08-17T12:17:21Z INFO  steel_front::engine::renderer] visible=65536/65536 near=65536 far=0 fps=362.2 frame_us=2120 cull_us=1 terrain_us=0 wait_fence_us=2068 acquire_us=1 record_us=56 submit_us=52 present_us=232 terrain_lod=high blend=0.000 quality=中画质 marker=84 npc=56
[2026-08-17T12:17:21Z INFO  steel_front::engine::game] ai: npcs=8 near=8 far=0 idle=0 patrol=0 chase=0 attack=8 tactics=[8, 0, 0, 0, 0, 0, 0, 0]
[2026-08-17T12:17:21Z INFO  steel_front::engine::game] game: wave=1 enemies=8 enemy_hp=100 hp=100/100 score=0 phys_us=2 ai_us=463 audio_us=28 net_us=0
[2026-08-17T12:17:22Z INFO  steel_front] cam: yaw=0.0 pitch=0.0 dist=3.4 mode=FirstPerson cycle_us=2682 update_us=35 render_us=2646
[2026-08-17T12:17:22Z INFO  steel_front::engine::renderer] visible=65536/65536 near=65536 far=0 fps=364.0 frame_us=2659 cull_us=0 terrain_us=0 wait_fence_us=1927 acquire_us=1 record_us=61 submit_us=70 present_us=255 terrain_lod=high blend=0.000 quality=中画质 marker=84 npc=56
[2026-08-17T12:17:22Z INFO  steel_front::engine::game] ai: npcs=8 near=8 far=0 idle=0 patrol=0 chase=0 attack=8 tactics=[8, 0, 0, 0, 0, 0, 0, 0]
[2026-08-17T12:17:22Z INFO  steel_front::engine::game] game: wave=1 enemies=8 enemy_hp=100 hp=100/100 score=0 phys_us=2 ai_us=435 audio_us=25 net_us=0
[2026-08-17T12:17:23Z INFO  steel_front] cam: yaw=0.0 pitch=0.0 dist=3.4 mode=FirstPerson cycle_us=3012 update_us=23 render_us=2988
[2026-08-17T12:17:23Z INFO  steel_front] size diag: window_inner=2560x1600 hud=2560x1600
[2026-08-17T12:17:23Z INFO  steel_front] size diag: window_inner=2560x1600 hud=2560x1600
[2026-08-17T12:17:23Z INFO  steel_front] size diag: window_inner=2560x1600 hud=2560x1600
[2026-08-17T12:17:23Z INFO  steel_front] size diag: window_inner=2560x1600 hud=2560x1600
[2026-08-17T12:17:23Z INFO  steel_front] size diag: window_inner=2560x1600 hud=2560x1600
[2026-08-17T12:17:23Z INFO  steel_front] size diag: window_inner=2560x1600 hud=2560x1600
[2026-08-17T12:17:23Z INFO  steel_front] size diag: window_inner=2560x1600 hud=2560x1600
[2026-08-17T12:17:23Z INFO  steel_front] size diag: window_inner=2560x1600 hud=2560x1600
[2026-08-17T12:17:23Z INFO  steel_front] size diag: window_inner=2560x1600 hud=2560x1600
[2026-08-17T12:17:23Z INFO  steel_front] size diag: window_inner=2560x1600 hud=2560x1600
[2026-08-17T12:17:23Z INFO  steel_front] size diag: window_inner=2560x1600 hud=2560x1600
[2026-08-17T12:17:23Z INFO  steel_front] size diag: window_inner=2560x1600 hud=2560x1600
[2026-08-17T12:17:23Z INFO  steel_front] size diag: window_inner=2560x1600 hud=2560x1600
[2026-08-17T12:17:23Z INFO  steel_front] size diag: window_inner=2560x1600 hud=2560x1600
[2026-08-17T12:17:23Z INFO  steel_front] size diag: window_inner=2560x1600 hud=2560x1600
[2026-08-17T12:17:23Z INFO  steel_front] size diag: window_inner=2560x1600 hud=2560x1600
[2026-08-17T12:17:23Z INFO  steel_front] size diag: window_inner=2560x1600 hud=2560x1600
[2026-08-17T12:17:23Z INFO  steel_front] size diag: window_inner=2560x1600 hud=2560x1600
[2026-08-17T12:17:23Z INFO  steel_front::engine::renderer] visible=65536/65536 near=65536 far=0 fps=354.2 frame_us=2258 cull_us=0 terrain_us=0 wait_fence_us=2097 acquire_us=1 record_us=54 submit_us=51 present_us=215 terrain_lod=high blend=0.000 quality=中画质 marker=84 npc=56
[2026-08-17T12:17:23Z INFO  steel_front::engine::game] ai: npcs=8 near=8 far=0 idle=0 patrol=0 chase=0 attack=8 tactics=[8, 0, 0, 0, 0, 0, 0, 0]
[2026-08-17T12:17:23Z INFO  steel_front::engine::game] game: wave=1 enemies=8 enemy_hp=100 hp=100/100 score=0 phys_us=2 ai_us=476 audio_us=30 net_us=0
[2026-08-17T12:17:24Z INFO  steel_front] cam: yaw=0.0 pitch=0.0 dist=3.4 mode=FirstPerson cycle_us=2397 update_us=38 render_us=2358
[2026-08-17T12:17:24Z INFO  steel_front::engine::renderer] visible=65536/65536 near=65536 far=0 fps=360.5 frame_us=2475 cull_us=0 terrain_us=0 wait_fence_us=2413 acquire_us=0 record_us=55 submit_us=64 present_us=239 terrain_lod=high blend=0.000 quality=中画质 marker=84 npc=56
[2026-08-17T12:17:24Z INFO  steel_front::engine::game] ai: npcs=8 near=8 far=0 idle=0 patrol=0 chase=0 attack=8 tactics=[8, 0, 0, 0, 0, 0, 0, 0]
[2026-08-17T12:17:24Z INFO  steel_front::engine::game] game: wave=1 enemies=8 enemy_hp=100 hp=100/100 score=0 phys_us=2 ai_us=387 audio_us=26 net_us=0
[2026-08-17T12:17:25Z INFO  steel_front] cam: yaw=0.0 pitch=0.0 dist=3.4 mode=FirstPerson cycle_us=2646 update_us=40 render_us=2605
[2026-08-17T12:17:25Z INFO  steel_front::engine::renderer] visible=65536/65536 near=65536 far=0 fps=355.4 frame_us=3163 cull_us=1 terrain_us=0 wait_fence_us=1743 acquire_us=1 record_us=73 submit_us=121 present_us=532 terrain_lod=high blend=0.000 quality=中画质 marker=84 npc=56
[2026-08-17T12:17:25Z INFO  steel_front::engine::game] ai: npcs=8 near=8 far=0 idle=0 patrol=0 chase=0 attack=8 tactics=[8, 0, 0, 0, 0, 0, 0, 0]
[2026-08-17T12:17:25Z INFO  steel_front::engine::game] game: wave=1 enemies=8 enemy_hp=100 hp=100/100 score=0 phys_us=2 ai_us=574 audio_us=15 net_us=0
[2026-08-17T12:17:26Z INFO  steel_front] cam: yaw=0.0 pitch=0.0 dist=3.4 mode=FirstPerson cycle_us=2700 update_us=37 render_us=2663
[2026-08-17T12:17:26Z INFO  steel_front::engine::renderer] visible=65536/65536 near=65536 far=0 fps=362.9 frame_us=2038 cull_us=1 terrain_us=0 wait_fence_us=1834 acquire_us=1 record_us=28 submit_us=23 present_us=202 terrain_lod=high blend=0.000 quality=中画质 marker=84 npc=56
[2026-08-17T12:17:26Z INFO  steel_front::engine::game] ai: npcs=8 near=8 far=0 idle=0 patrol=0 chase=0 attack=8 tactics=[8, 0, 0, 0, 0, 0, 0, 0]
[2026-08-17T12:17:26Z INFO  steel_front::engine::game] game: wave=1 enemies=8 enemy_hp=100 hp=100/100 score=0 phys_us=1 ai_us=388 audio_us=14 net_us=0
[2026-08-17T12:17:27Z INFO  steel_front] cam: yaw=0.0 pitch=0.0 dist=3.4 mode=FirstPerson cycle_us=3034 update_us=27 render_us=3006
[2026-08-17T12:17:27Z INFO  steel_front::engine::renderer] visible=65536/65536 near=65536 far=0 fps=360.0 frame_us=1990 cull_us=1 terrain_us=0 wait_fence_us=2018 acquire_us=2 record_us=55 submit_us=48 present_us=284 terrain_lod=high blend=0.000 quality=中画质 marker=84 npc=56
[2026-08-17T12:17:27Z INFO  steel_front::engine::game] ai: npcs=8 near=8 far=0 idle=0 patrol=0 chase=0 attack=8 tactics=[8, 0, 0, 0, 0, 0, 0, 0]
[2026-08-17T12:17:27Z INFO  steel_front::engine::game] game: wave=1 enemies=8 enemy_hp=100 hp=100/100 score=0 phys_us=4 ai_us=431 audio_us=32 net_us=0
[2026-08-17T12:17:28Z INFO  steel_front] cam: yaw=0.0 pitch=0.0 dist=3.4 mode=FirstPerson cycle_us=2366 update_us=47 render_us=2319
[2026-08-17T12:17:28Z INFO  steel_front] size diag: window_inner=2560x1600 hud=2560x1600
[2026-08-17T12:17:28Z INFO  steel_front] size diag: window_inner=2560x1600 hud=2560x1600
[2026-08-17T12:17:28Z INFO  steel_front] size diag: window_inner=2560x1600 hud=2560x1600
[2026-08-17T12:17:28Z INFO  steel_front] size diag: window_inner=2560x1600 hud=2560x1600
[2026-08-17T12:17:28Z INFO  steel_front] size diag: window_inner=2560x1600 hud=2560x1600
[2026-08-17T12:17:28Z INFO  steel_front] size diag: window_inner=2560x1600 hud=2560x1600
[2026-08-17T12:17:28Z INFO  steel_front] size diag: window_inner=2560x1600 hud=2560x1600
[2026-08-17T12:17:28Z INFO  steel_front] size diag: window_inner=2560x1600 hud=2560x1600
[2026-08-17T12:17:28Z INFO  steel_front] size diag: window_inner=2560x1600 hud=2560x1600
[2026-08-17T12:17:28Z INFO  steel_front] size diag: window_inner=2560x1600 hud=2560x1600
[2026-08-17T12:17:28Z INFO  steel_front] size diag: window_inner=2560x1600 hud=2560x1600
[2026-08-17T12:17:28Z INFO  steel_front] size diag: window_inner=2560x1600 hud=2560x1600
[2026-08-17T12:17:28Z INFO  steel_front] size diag: window_inner=2560x1600 hud=2560x1600
[2026-08-17T12:17:28Z INFO  steel_front] size diag: window_inner=2560x1600 hud=2560x1600
[2026-08-17T12:17:28Z INFO  steel_front] size diag: window_inner=2560x1600 hud=2560x1600
[2026-08-17T12:17:28Z INFO  steel_front] size diag: window_inner=2560x1600 hud=2560x1600
[2026-08-17T12:17:28Z INFO  steel_front] size diag: window_inner=2560x1600 hud=2560x1600
[2026-08-17T12:17:28Z INFO  steel_front::engine::renderer] visible=65536/65536 near=65536 far=0 fps=363.4 frame_us=2549 cull_us=1 terrain_us=0 wait_fence_us=2153 acquire_us=1 record_us=56 submit_us=51 present_us=325 terrain_lod=high blend=0.000 quality=中画质 marker=84 npc=56
[2026-08-17T12:17:28Z INFO  steel_front::engine::game] ai: npcs=8 near=8 far=0 idle=0 patrol=0 chase=0 attack=8 tactics=[8, 0, 0, 0, 0, 0, 0, 0]
[2026-08-17T12:17:28Z INFO  steel_front::engine::game] game: wave=1 enemies=8 enemy_hp=100 hp=100/100 score=0 phys_us=2 ai_us=201 audio_us=18 net_us=0
[2026-08-17T12:17:29Z INFO  steel_front] cam: yaw=0.0 pitch=0.0 dist=3.4 mode=FirstPerson cycle_us=3161 update_us=38 render_us=3122
[2026-08-17T12:17:29Z INFO  steel_front::engine::renderer] visible=65536/65536 near=65536 far=0 fps=362.7 frame_us=2298 cull_us=0 terrain_us=0 wait_fence_us=2005 acquire_us=0 record_us=34 submit_us=33 present_us=169 terrain_lod=high blend=0.000 quality=中画质 marker=84 npc=56
[2026-08-17T12:17:29Z INFO  steel_front::engine::game] ai: npcs=8 near=8 far=0 idle=0 patrol=0 chase=0 attack=8 tactics=[8, 0, 0, 0, 0, 0, 0, 0]
[2026-08-17T12:17:29Z INFO  steel_front::engine::game] game: wave=1 enemies=8 enemy_hp=100 hp=100/100 score=0 phys_us=2 ai_us=712 audio_us=15 net_us=0
[2026-08-17T12:17:30Z INFO  steel_front] cam: yaw=0.0 pitch=0.0 dist=3.4 mode=FirstPerson cycle_us=2747 update_us=34 render_us=2712
[2026-08-17T12:17:30Z INFO  steel_front::engine::renderer] visible=65536/65536 near=65536 far=0 fps=366.1 frame_us=2281 cull_us=1 terrain_us=0 wait_fence_us=1949 acquire_us=1 record_us=58 submit_us=53 present_us=255 terrain_lod=high blend=0.000 quality=中画质 marker=84 npc=56
[2026-08-17T12:17:30Z INFO  steel_front::engine::game] ai: npcs=8 near=8 far=0 idle=0 patrol=0 chase=0 attack=8 tactics=[8, 0, 0, 0, 0, 0, 0, 0]
[2026-08-17T12:17:30Z INFO  steel_front::engine::game] game: wave=1 enemies=8 enemy_hp=100 hp=100/100 score=0 phys_us=1 ai_us=370 audio_us=13 net_us=0
[2026-08-17T12:17:31Z INFO  steel_front] cam: yaw=0.0 pitch=0.0 dist=3.4 mode=FirstPerson cycle_us=2672 update_us=26 render_us=2645
[2026-08-17T12:17:31Z INFO  steel_front::engine::renderer] visible=65536/65536 near=65536 far=0 fps=365.0 frame_us=2632 cull_us=0 terrain_us=0 wait_fence_us=2307 acquire_us=1 record_us=32 submit_us=80 present_us=170 terrain_lod=high blend=0.000 quality=中画质 marker=84 npc=56
[2026-08-17T12:17:31Z INFO  steel_front::engine::game] ai: npcs=8 near=8 far=0 idle=0 patrol=0 chase=0 attack=8 tactics=[8, 0, 0, 0, 0, 0, 0, 0]
[2026-08-17T12:17:32Z INFO  steel_front::engine::game] game: wave=1 enemies=8 enemy_hp=100 hp=100/100 score=0 phys_us=2 ai_us=449 audio_us=31 net_us=0
[2026-08-17T12:17:32Z INFO  steel_front] cam: yaw=0.0 pitch=0.0 dist=3.4 mode=FirstPerson cycle_us=2669 update_us=23 render_us=2645
[2026-08-17T12:17:32Z INFO  steel_front::engine::renderer] visible=65536/65536 near=65536 far=0 fps=366.5 frame_us=2221 cull_us=0 terrain_us=0 wait_fence_us=2228 acquire_us=1 record_us=53 submit_us=45 present_us=211 terrain_lod=high blend=0.000 quality=中画质 marker=84 npc=56
[2026-08-17T12:17:33Z INFO  steel_front::engine::game] ai: npcs=8 near=8 far=0 idle=0 patrol=0 chase=0 attack=8 tactics=[8, 0, 0, 0, 0, 0, 0, 0]
[2026-08-17T12:17:33Z INFO  steel_front::engine::game] game: wave=1 enemies=8 enemy_hp=100 hp=100/100 score=0 phys_us=1 ai_us=403 audio_us=24 net_us=0
[2026-08-17T12:17:33Z INFO  steel_front] cam: yaw=0.0 pitch=0.0 dist=3.4 mode=FirstPerson cycle_us=3123 update_us=38 render_us=3084
[2026-08-17T12:17:33Z INFO  steel_front] size diag: window_inner=2560x1600 hud=2560x1600
[2026-08-17T12:17:33Z INFO  steel_front] size diag: window_inner=2560x1600 hud=2560x1600
[2026-08-17T12:17:33Z INFO  steel_front] size diag: window_inner=2560x1600 hud=2560x1600
[2026-08-17T12:17:33Z INFO  steel_front] size diag: window_inner=2560x1600 hud=2560x1600
[2026-08-17T12:17:33Z INFO  steel_front] size diag: window_inner=2560x1600 hud=2560x1600
[2026-08-17T12:17:33Z INFO  steel_front] size diag: window_inner=2560x1600 hud=2560x1600
[2026-08-17T12:17:33Z INFO  steel_front] size diag: window_inner=2560x1600 hud=2560x1600
[2026-08-17T12:17:33Z INFO  steel_front] size diag: window_inner=2560x1600 hud=2560x1600
[2026-08-17T12:17:33Z INFO  steel_front] size diag: window_inner=2560x1600 hud=2560x1600
[2026-08-17T12:17:33Z INFO  steel_front] size diag: window_inner=2560x1600 hud=2560x1600
[2026-08-17T12:17:33Z INFO  steel_front] size diag: window_inner=2560x1600 hud=2560x1600
[2026-08-17T12:17:33Z INFO  steel_front] size diag: window_inner=2560x1600 hud=2560x1600
[2026-08-17T12:17:33Z INFO  steel_front] size diag: window_inner=2560x1600 hud=2560x1600
[2026-08-17T12:17:33Z INFO  steel_front] size diag: window_inner=2560x1600 hud=2560x1600
[2026-08-17T12:17:33Z INFO  steel_front] size diag: window_inner=2560x1600 hud=2560x1600
[2026-08-17T12:17:33Z INFO  steel_front] size diag: window_inner=2560x1600 hud=2560x1600
[2026-08-17T12:17:33Z INFO  steel_front] size diag: window_inner=2560x1600 hud=2560x1600
[2026-08-17T12:17:33Z INFO  steel_front] size diag: window_inner=2560x1600 hud=2560x1600
[2026-08-17T12:17:33Z INFO  steel_front::engine::renderer] visible=65536/65536 near=65536 far=0 fps=363.4 frame_us=2106 cull_us=0 terrain_us=0 wait_fence_us=2033 acquire_us=0 record_us=53 submit_us=48 present_us=223 terrain_lod=high blend=0.000 quality=中画质 marker=84 npc=56
[2026-08-17T12:17:34Z INFO  steel_front::engine::game] ai: npcs=8 near=8 far=0 idle=0 patrol=0 chase=0 attack=8 tactics=[8, 0, 0, 0, 0, 0, 0, 0]
[2026-08-17T12:17:34Z INFO  steel_front::engine::game] game: wave=1 enemies=8 enemy_hp=100 hp=100/100 score=0 phys_us=2 ai_us=431 audio_us=14 net_us=0
[2026-08-17T12:17:34Z INFO  steel_front] cam: yaw=0.0 pitch=0.0 dist=3.4 mode=FirstPerson cycle_us=2474 update_us=44 render_us=2429
[2026-08-17T12:17:34Z INFO  steel_front::engine::renderer] visible=65536/65536 near=65536 far=0 fps=366.5 frame_us=2640 cull_us=0 terrain_us=0 wait_fence_us=1739 acquire_us=1 record_us=55 submit_us=83 present_us=225 terrain_lod=high blend=0.000 quality=中画质 marker=84 npc=56
[2026-08-17T12:17:35Z INFO  steel_front::engine::game] ai: npcs=8 near=8 far=0 idle=0 patrol=0 chase=0 attack=8 tactics=[8, 0, 0, 0, 0, 0, 0, 0]
[2026-08-17T12:17:35Z INFO  steel_front::engine::game] game: wave=1 enemies=8 enemy_hp=100 hp=100/100 score=0 phys_us=2 ai_us=544 audio_us=19 net_us=0
[2026-08-17T12:17:35Z INFO  steel_front] cam: yaw=0.0 pitch=0.0 dist=3.4 mode=FirstPerson cycle_us=3434 update_us=26 render_us=3408
[2026-08-17T12:17:35Z INFO  steel_front::engine::renderer] visible=65536/65536 near=65536 far=0 fps=365.4 frame_us=2018 cull_us=0 terrain_us=0 wait_fence_us=2099 acquire_us=0 record_us=57 submit_us=49 present_us=203 terrain_lod=high blend=0.000 quality=中画质 marker=84 npc=56
[2026-08-17T12:17:36Z INFO  steel_front::engine::game] ai: npcs=8 near=8 far=0 idle=0 patrol=0 chase=0 attack=8 tactics=[8, 0, 0, 0, 0, 0, 0, 0]
[2026-08-17T12:17:36Z INFO  steel_front::engine::game] game: wave=1 enemies=8 enemy_hp=100 hp=100/100 score=0 phys_us=2 ai_us=505 audio_us=30 net_us=0
[2026-08-17T12:17:36Z INFO  steel_front] cam: yaw=0.0 pitch=0.0 dist=3.4 mode=FirstPerson cycle_us=2831 update_us=22 render_us=2809
[2026-08-17T12:17:36Z INFO  steel_front::engine::renderer] visible=65536/65536 near=65536 far=0 fps=365.5 frame_us=2446 cull_us=1 terrain_us=0 wait_fence_us=1993 acquire_us=1 record_us=54 submit_us=54 present_us=274 terrain_lod=high blend=0.000 quality=中画质 marker=84 npc=56
[2026-08-17T12:17:37Z INFO  steel_front::engine::game] ai: npcs=8 near=8 far=0 idle=0 patrol=0 chase=0 attack=8 tactics=[8, 0, 0, 0, 0, 0, 0, 0]
[2026-08-17T12:17:37Z INFO  steel_front::engine::game] game: wave=1 enemies=8 enemy_hp=100 hp=100/100 score=0 phys_us=2 ai_us=460 audio_us=26 net_us=0
[2026-08-17T12:17:37Z INFO  steel_front] cam: yaw=0.0 pitch=0.0 dist=3.4 mode=FirstPerson cycle_us=2785 update_us=44 render_us=2740
[2026-08-17T12:17:37Z INFO  steel_front::engine::renderer] visible=65536/65536 near=65536 far=0 fps=367.9 frame_us=2129 cull_us=0 terrain_us=0 wait_fence_us=2072 acquire_us=1 record_us=41 submit_us=35 present_us=302 terrain_lod=high blend=0.000 quality=中画质 marker=84 npc=56
[2026-08-17T12:17:38Z INFO  steel_front::engine::game] ai: npcs=8 near=8 far=0 idle=0 patrol=0 chase=0 attack=8 tactics=[8, 0, 0, 0, 0, 0, 0, 0]
[2026-08-17T12:17:38Z INFO  steel_front::engine::game] game: wave=1 enemies=8 enemy_hp=100 hp=100/100 score=0 phys_us=1 ai_us=159 audio_us=26 net_us=0
[2026-08-17T12:17:38Z INFO  steel_front] cam: yaw=0.0 pitch=0.0 dist=3.4 mode=FirstPerson cycle_us=3006 update_us=43 render_us=2962
[2026-08-17T12:17:38Z INFO  steel_front] size diag: window_inner=2560x1600 hud=2560x1600
[2026-08-17T12:17:38Z INFO  steel_front] size diag: window_inner=2560x1600 hud=2560x1600
[2026-08-17T12:17:38Z INFO  steel_front] size diag: window_inner=2560x1600 hud=2560x1600
[2026-08-17T12:17:38Z INFO  steel_front] size diag: window_inner=2560x1600 hud=2560x1600
[2026-08-17T12:17:38Z INFO  steel_front] size diag: window_inner=2560x1600 hud=2560x1600
[2026-08-17T12:17:38Z INFO  steel_front] size diag: window_inner=2560x1600 hud=2560x1600
[2026-08-17T12:17:38Z INFO  steel_front] size diag: window_inner=2560x1600 hud=2560x1600
[2026-08-17T12:17:38Z INFO  steel_front] size diag: window_inner=2560x1600 hud=2560x1600
[2026-08-17T12:17:38Z INFO  steel_front] size diag: window_inner=2560x1600 hud=2560x1600
[2026-08-17T12:17:38Z INFO  steel_front] size diag: window_inner=2560x1600 hud=2560x1600
[2026-08-17T12:17:38Z INFO  steel_front] size diag: window_inner=2560x1600 hud=2560x1600
[2026-08-17T12:17:38Z INFO  steel_front] size diag: window_inner=2560x1600 hud=2560x1600
[2026-08-17T12:17:38Z INFO  steel_front] size diag: window_inner=2560x1600 hud=2560x1600
[2026-08-17T12:17:38Z INFO  steel_front] size diag: window_inner=2560x1600 hud=2560x1600
[2026-08-17T12:17:38Z INFO  steel_front] size diag: window_inner=2560x1600 hud=2560x1600
[2026-08-17T12:17:38Z INFO  steel_front] size diag: window_inner=2560x1600 hud=2560x1600
[2026-08-17T12:17:38Z INFO  steel_front] size diag: window_inner=2560x1600 hud=2560x1600
[2026-08-17T12:17:38Z INFO  steel_front] size diag: window_inner=2560x1600 hud=2560x1600
[2026-08-17T12:17:38Z INFO  steel_front::engine::renderer] visible=65536/65536 near=65536 far=0 fps=363.6 frame_us=2714 cull_us=0 terrain_us=0 wait_fence_us=1917 acquire_us=1 record_us=56 submit_us=69 present_us=271 terrain_lod=high blend=0.000 quality=中画质 marker=84 npc=56
[2026-08-17T12:17:39Z INFO  steel_front::engine::game] ai: npcs=8 near=8 far=0 idle=0 patrol=0 chase=0 attack=8 tactics=[8, 0, 0, 0, 0, 0, 0, 0]
[2026-08-17T12:17:39Z INFO  steel_front::engine::game] game: wave=1 enemies=8 enemy_hp=100 hp=100/100 score=0 phys_us=2 ai_us=435 audio_us=15 net_us=0
[2026-08-17T12:17:39Z INFO  steel_front] cam: yaw=0.0 pitch=0.0 dist=3.4 mode=FirstPerson cycle_us=2585 update_us=20 render_us=2565
[2026-08-17T12:17:39Z INFO  steel_front::engine::renderer] visible=65536/65536 near=65536 far=0 fps=364.8 frame_us=2503 cull_us=0 terrain_us=0 wait_fence_us=1875 acquire_us=1 record_us=55 submit_us=52 present_us=220 terrain_lod=high blend=0.000 quality=中画质 marker=84 npc=56
[2026-08-17T12:17:40Z INFO  steel_front::engine::game] ai: npcs=8 near=8 far=0 idle=0 patrol=0 chase=0 attack=8 tactics=[8, 0, 0, 0, 0, 0, 0, 0]
[2026-08-17T12:17:40Z INFO  steel_front::engine::game] game: wave=1 enemies=8 enemy_hp=100 hp=100/100 score=0 phys_us=1 ai_us=426 audio_us=36 net_us=0
[2026-08-17T12:17:40Z INFO  steel_front] cam: yaw=0.0 pitch=0.0 dist=3.4 mode=FirstPerson cycle_us=2475 update_us=44 render_us=2431
[2026-08-17T12:17:40Z INFO  steel_front::engine::renderer] visible=65536/65536 near=65536 far=0 fps=365.9 frame_us=2023 cull_us=0 terrain_us=0 wait_fence_us=2308 acquire_us=1 record_us=57 submit_us=50 present_us=225 terrain_lod=high blend=0.000 quality=中画质 marker=84 npc=56
[2026-08-17T12:17:41Z INFO  steel_front::engine::game] ai: npcs=8 near=8 far=0 idle=0 patrol=0 chase=0 attack=8 tactics=[8, 0, 0, 0, 0, 0, 0, 0]
[2026-08-17T12:17:41Z INFO  steel_front::engine::game] game: wave=1 enemies=8 enemy_hp=100 hp=100/100 score=0 phys_us=2 ai_us=409 audio_us=24 net_us=0
[2026-08-17T12:17:41Z INFO  steel_front] cam: yaw=0.0 pitch=0.0 dist=3.4 mode=FirstPerson cycle_us=2890 update_us=26 render_us=2863
[2026-08-17T12:17:41Z INFO  steel_front::engine::renderer] visible=65536/65536 near=65536 far=0 fps=364.8 frame_us=2391 cull_us=0 terrain_us=0 wait_fence_us=1742 acquire_us=1 record_us=52 submit_us=78 present_us=213 terrain_lod=high blend=0.000 quality=中画质 marker=84 npc=56
[2026-08-17T12:17:42Z INFO  steel_front::engine::game] ai: npcs=8 near=8 far=0 idle=0 patrol=0 chase=0 attack=8 tactics=[8, 0, 0, 0, 0, 0, 0, 0]
[2026-08-17T12:17:42Z INFO  steel_front::engine::game] game: wave=1 enemies=8 enemy_hp=100 hp=100/100 score=0 phys_us=1 ai_us=412 audio_us=34 net_us=0
[2026-08-17T12:17:42Z INFO  steel_front] cam: yaw=0.0 pitch=0.0 dist=3.4 mode=FirstPerson cycle_us=2777 update_us=23 render_us=2753
[2026-08-17T12:17:42Z INFO  steel_front::engine::renderer] visible=65536/65536 near=65536 far=0 fps=364.7 frame_us=2714 cull_us=0 terrain_us=0 wait_fence_us=1739 acquire_us=0 record_us=57 submit_us=51 present_us=295 terrain_lod=high blend=0.000 quality=中画质 marker=84 npc=56
[2026-08-17T12:17:43Z INFO  steel_front::engine::game] ai: npcs=8 near=8 far=0 idle=0 patrol=0 chase=0 attack=8 tactics=[8, 0, 0, 0, 0, 0, 0, 0]
[2026-08-17T12:17:43Z INFO  steel_front::engine::game] game: wave=1 enemies=8 enemy_hp=100 hp=100/100 score=0 phys_us=1 ai_us=469 audio_us=19 net_us=0
[2026-08-17T12:17:43Z INFO  steel_front] cam: yaw=0.0 pitch=0.0 dist=3.4 mode=FirstPerson cycle_us=2966 update_us=37 render_us=2928
[2026-08-17T12:17:43Z INFO  steel_front] size diag: window_inner=2560x1600 hud=2560x1600
[2026-08-17T12:17:43Z INFO  steel_front] size diag: window_inner=2560x1600 hud=2560x1600
[2026-08-17T12:17:43Z INFO  steel_front] size diag: window_inner=2560x1600 hud=2560x1600
[2026-08-17T12:17:43Z INFO  steel_front] size diag: window_inner=2560x1600 hud=2560x1600
[2026-08-17T12:17:43Z INFO  steel_front] size diag: window_inner=2560x1600 hud=2560x1600
[2026-08-17T12:17:43Z INFO  steel_front] size diag: window_inner=2560x1600 hud=2560x1600
[2026-08-17T12:17:43Z INFO  steel_front] size diag: window_inner=2560x1600 hud=2560x1600
[2026-08-17T12:17:43Z INFO  steel_front] size diag: window_inner=2560x1600 hud=2560x1600
[2026-08-17T12:17:43Z INFO  steel_front] size diag: window_inner=2560x1600 hud=2560x1600
[2026-08-17T12:17:43Z INFO  steel_front] size diag: window_inner=2560x1600 hud=2560x1600
[2026-08-17T12:17:43Z INFO  steel_front] size diag: window_inner=2560x1600 hud=2560x1600
[2026-08-17T12:17:43Z INFO  steel_front] size diag: window_inner=2560x1600 hud=2560x1600
[2026-08-17T12:17:43Z INFO  steel_front] size diag: window_inner=2560x1600 hud=2560x1600
[2026-08-17T12:17:43Z INFO  steel_front] size diag: window_inner=2560x1600 hud=2560x1600
[2026-08-17T12:17:43Z INFO  steel_front] size diag: window_inner=2560x1600 hud=2560x1600
[2026-08-17T12:17:43Z INFO  steel_front] size diag: window_inner=2560x1600 hud=2560x1600
[2026-08-17T12:17:43Z INFO  steel_front] size diag: window_inner=2560x1600 hud=2560x1600
[2026-08-17T12:17:43Z INFO  steel_front] size diag: window_inner=2560x1600 hud=2560x1600
[2026-08-17T12:17:43Z INFO  steel_front::engine::renderer] visible=65536/65536 near=65536 far=0 fps=364.3 frame_us=1835 cull_us=0 terrain_us=0 wait_fence_us=2353 acquire_us=1 record_us=36 submit_us=48 present_us=139 terrain_lod=high blend=0.000 quality=中画质 marker=84 npc=56
[2026-08-17T12:17:44Z INFO  steel_front::engine::game] ai: npcs=8 near=8 far=0 idle=0 patrol=0 chase=0 attack=8 tactics=[8, 0, 0, 0, 0, 0, 0, 0]
[2026-08-17T12:17:44Z INFO  steel_front::engine::game] game: wave=1 enemies=8 enemy_hp=100 hp=100/100 score=0 phys_us=1 ai_us=484 audio_us=13 net_us=0
[2026-08-17T12:17:44Z INFO  steel_front] cam: yaw=0.0 pitch=0.0 dist=3.4 mode=FirstPerson cycle_us=2977 update_us=44 render_us=2933
[2026-08-17T12:17:44Z INFO  steel_front::engine::renderer] visible=65536/65536 near=65536 far=0 fps=364.9 frame_us=2019 cull_us=0 terrain_us=0 wait_fence_us=2131 acquire_us=1 record_us=53 submit_us=63 present_us=258 terrain_lod=high blend=0.000 quality=中画质 marker=84 npc=56
[2026-08-17T12:17:45Z INFO  steel_front::engine::game] ai: npcs=8 near=8 far=0 idle=0 patrol=0 chase=0 attack=8 tactics=[8, 0, 0, 0, 0, 0, 0, 0]
[2026-08-17T12:17:45Z INFO  steel_front::engine::game] game: wave=1 enemies=8 enemy_hp=100 hp=100/100 score=0 phys_us=2 ai_us=376 audio_us=18 net_us=0
[2026-08-17T12:17:45Z INFO  steel_front] cam: yaw=0.0 pitch=0.0 dist=3.4 mode=FirstPerson cycle_us=2808 update_us=35 render_us=2772
[2026-08-17T12:17:45Z INFO  steel_front::engine::renderer] visible=65536/65536 near=65536 far=0 fps=366.4 frame_us=2354 cull_us=0 terrain_us=0 wait_fence_us=1985 acquire_us=1 record_us=31 submit_us=28 present_us=201 terrain_lod=high blend=0.000 quality=中画质 marker=84 npc=56
[2026-08-17T12:17:46Z INFO  steel_front::engine::game] ai: npcs=8 near=8 far=0 idle=0 patrol=0 chase=0 attack=8 tactics=[8, 0, 0, 0, 0, 0, 0, 0]
[2026-08-17T12:17:46Z INFO  steel_front::engine::game] game: wave=1 enemies=8 enemy_hp=100 hp=100/100 score=0 phys_us=5 ai_us=652 audio_us=15 net_us=0
[2026-08-17T12:17:46Z INFO  steel_front] cam: yaw=0.0 pitch=0.0 dist=3.4 mode=FirstPerson cycle_us=2621 update_us=26 render_us=2595
[2026-08-17T12:17:46Z INFO  steel_front::engine::renderer] visible=65536/65536 near=65536 far=0 fps=363.7 frame_us=1875 cull_us=1 terrain_us=0 wait_fence_us=1997 acquire_us=1 record_us=43 submit_us=38 present_us=157 terrain_lod=high blend=0.000 quality=中画质 marker=84 npc=56
[2026-08-17T12:17:47Z INFO  steel_front::engine::game] ai: npcs=8 near=8 far=0 idle=0 patrol=0 chase=0 attack=8 tactics=[8, 0, 0, 0, 0, 0, 0, 0]
[2026-08-17T12:17:47Z INFO  steel_front::engine::game] game: wave=1 enemies=8 enemy_hp=100 hp=100/100 score=0 phys_us=1 ai_us=439 audio_us=15 net_us=0
[2026-08-17T12:17:47Z INFO  steel_front] cam: yaw=0.0 pitch=0.0 dist=3.4 mode=FirstPerson cycle_us=2642 update_us=26 render_us=2616
[2026-08-17T12:17:47Z INFO  steel_front::engine::renderer] visible=65536/65536 near=65536 far=0 fps=370.7 frame_us=2278 cull_us=0 terrain_us=0 wait_fence_us=1936 acquire_us=1 record_us=57 submit_us=47 present_us=357 terrain_lod=high blend=0.000 quality=中画质 marker=84 npc=56
[2026-08-17T12:17:48Z INFO  steel_front::engine::game] ai: npcs=8 near=8 far=0 idle=0 patrol=0 chase=0 attack=8 tactics=[8, 0, 0, 0, 0, 0, 0, 0]
[2026-08-17T12:17:48Z INFO  steel_front::engine::game] game: wave=1 enemies=8 enemy_hp=100 hp=100/100 score=0 phys_us=6 ai_us=400 audio_us=16 net_us=0
[2026-08-17T12:17:48Z INFO  steel_front] cam: yaw=0.0 pitch=0.0 dist=3.4 mode=FirstPerson cycle_us=2645 update_us=24 render_us=2620
[2026-08-17T12:17:48Z INFO  steel_front] size diag: window_inner=2560x1600 hud=2560x1600
[2026-08-17T12:17:48Z INFO  steel_front] size diag: window_inner=2560x1600 hud=2560x1600
[2026-08-17T12:17:48Z INFO  steel_front] size diag: window_inner=2560x1600 hud=2560x1600
[2026-08-17T12:17:48Z INFO  steel_front] size diag: window_inner=2560x1600 hud=2560x1600
[2026-08-17T12:17:48Z INFO  steel_front] size diag: window_inner=2560x1600 hud=2560x1600
[2026-08-17T12:17:48Z INFO  steel_front] size diag: window_inner=2560x1600 hud=2560x1600
[2026-08-17T12:17:48Z INFO  steel_front] size diag: window_inner=2560x1600 hud=2560x1600
[2026-08-17T12:17:48Z INFO  steel_front] size diag: window_inner=2560x1600 hud=2560x1600
[2026-08-17T12:17:48Z INFO  steel_front] size diag: window_inner=2560x1600 hud=2560x1600
[2026-08-17T12:17:48Z INFO  steel_front] size diag: window_inner=2560x1600 hud=2560x1600
[2026-08-17T12:17:48Z INFO  steel_front] size diag: window_inner=2560x1600 hud=2560x1600
[2026-08-17T12:17:48Z INFO  steel_front] size diag: window_inner=2560x1600 hud=2560x1600
[2026-08-17T12:17:48Z INFO  steel_front] size diag: window_inner=2560x1600 hud=2560x1600
[2026-08-17T12:17:48Z INFO  steel_front] size diag: window_inner=2560x1600 hud=2560x1600
[2026-08-17T12:17:48Z INFO  steel_front] size diag: window_inner=2560x1600 hud=2560x1600
[2026-08-17T12:17:48Z INFO  steel_front] size diag: window_inner=2560x1600 hud=2560x1600
[2026-08-17T12:17:48Z INFO  steel_front] size diag: window_inner=2560x1600 hud=2560x1600
[2026-08-17T12:17:48Z INFO  steel_front] size diag: window_inner=2560x1600 hud=2560x1600
[2026-08-17T12:17:48Z INFO  steel_front::engine::renderer] visible=65536/65536 near=65536 far=0 fps=375.5 frame_us=2583 cull_us=0 terrain_us=0 wait_fence_us=1749 acquire_us=1 record_us=54 submit_us=85 present_us=369 terrain_lod=high blend=0.000 quality=中画质 marker=84 npc=56
[2026-08-17T12:17:49Z INFO  steel_front::engine::game] ai: npcs=8 near=8 far=0 idle=0 patrol=0 chase=0 attack=8 tactics=[8, 0, 0, 0, 0, 0, 0, 0]
[2026-08-17T12:17:49Z INFO  steel_front::engine::game] game: wave=1 enemies=8 enemy_hp=100 hp=100/100 score=0 phys_us=2 ai_us=495 audio_us=13 net_us=0
[2026-08-17T12:17:49Z INFO  steel_front] cam: yaw=0.0 pitch=0.0 dist=3.4 mode=FirstPerson cycle_us=2845 update_us=43 render_us=2802
[2026-08-17T12:17:49Z INFO  steel_front::engine::renderer] visible=65536/65536 near=65536 far=0 fps=371.7 frame_us=2155 cull_us=1 terrain_us=0 wait_fence_us=1859 acquire_us=2 record_us=55 submit_us=115 present_us=223 terrain_lod=high blend=0.000 quality=中画质 marker=84 npc=56
[2026-08-17T12:17:50Z INFO  steel_front::engine::game] ai: npcs=8 near=8 far=0 idle=0 patrol=0 chase=0 attack=8 tactics=[8, 0, 0, 0, 0, 0, 0, 0]
[2026-08-17T12:17:50Z INFO  steel_front::engine::game] game: wave=1 enemies=8 enemy_hp=100 hp=100/100 score=0 phys_us=2 ai_us=500 audio_us=33 net_us=0
[2026-08-17T12:17:50Z INFO  steel_front] cam: yaw=0.0 pitch=0.0 dist=3.4 mode=FirstPerson cycle_us=2717 update_us=27 render_us=2690
[2026-08-17T12:17:50Z INFO  steel_front::engine::renderer] visible=65536/65536 near=65536 far=0 fps=375.1 frame_us=2231 cull_us=0 terrain_us=0 wait_fence_us=2112 acquire_us=1 record_us=51 submit_us=52 present_us=210 terrain_lod=high blend=0.000 quality=中画质 marker=84 npc=56
[2026-08-17T12:17:51Z INFO  steel_front::engine::game] ai: npcs=8 near=8 far=0 idle=0 patrol=0 chase=0 attack=8 tactics=[8, 0, 0, 0, 0, 0, 0, 0]
[2026-08-17T12:17:51Z INFO  steel_front::engine::game] game: wave=1 enemies=8 enemy_hp=100 hp=100/100 score=0 phys_us=2 ai_us=433 audio_us=27 net_us=0
[2026-08-17T12:17:51Z INFO  steel_front] cam: yaw=0.0 pitch=0.0 dist=3.4 mode=FirstPerson cycle_us=2584 update_us=28 render_us=2555
[2026-08-17T12:17:51Z INFO  steel_front::engine::renderer] visible=65536/65536 near=65536 far=0 fps=361.1 frame_us=2523 cull_us=0 terrain_us=0 wait_fence_us=2199 acquire_us=0 record_us=30 submit_us=27 present_us=130 terrain_lod=high blend=0.000 quality=中画质 marker=84 npc=56
[2026-08-17T12:17:52Z INFO  steel_front::engine::game] ai: npcs=8 near=8 far=0 idle=0 patrol=0 chase=0 attack=8 tactics=[8, 0, 0, 0, 0, 0, 0, 0]
[2026-08-17T12:17:52Z INFO  steel_front::engine::game] game: wave=1 enemies=8 enemy_hp=100 hp=100/100 score=0 phys_us=1 ai_us=400 audio_us=14 net_us=0
[2026-08-17T12:17:52Z INFO  steel_front] cam: yaw=0.0 pitch=0.0 dist=3.4 mode=FirstPerson cycle_us=4191 update_us=29 render_us=4161
[2026-08-17T12:17:52Z INFO  steel_front::engine::renderer] visible=65536/65536 near=65536 far=0 fps=364.2 frame_us=2161 cull_us=0 terrain_us=0 wait_fence_us=1899 acquire_us=1 record_us=64 submit_us=54 present_us=307 terrain_lod=high blend=0.000 quality=中画质 marker=84 npc=56
[2026-08-17T12:17:53Z INFO  steel_front::engine::game] ai: npcs=8 near=8 far=0 idle=0 patrol=0 chase=0 attack=8 tactics=[8, 0, 0, 0, 0, 0, 0, 0]
[2026-08-17T12:17:53Z INFO  steel_front::engine::game] game: wave=1 enemies=8 enemy_hp=100 hp=100/100 score=0 phys_us=2 ai_us=559 audio_us=28 net_us=0
[2026-08-17T12:17:53Z INFO  steel_front] cam: yaw=0.0 pitch=0.0 dist=3.4 mode=FirstPerson cycle_us=2815 update_us=40 render_us=2774
[2026-08-17T12:17:53Z INFO  steel_front] size diag: window_inner=2560x1600 hud=2560x1600
[2026-08-17T12:17:53Z INFO  steel_front] size diag: window_inner=2560x1600 hud=2560x1600
[2026-08-17T12:17:53Z INFO  steel_front] size diag: window_inner=2560x1600 hud=2560x1600
[2026-08-17T12:17:53Z INFO  steel_front] size diag: window_inner=2560x1600 hud=2560x1600
[2026-08-17T12:17:53Z INFO  steel_front] size diag: window_inner=2560x1600 hud=2560x1600
[2026-08-17T12:17:53Z INFO  steel_front] size diag: window_inner=2560x1600 hud=2560x1600
[2026-08-17T12:17:53Z INFO  steel_front] size diag: window_inner=2560x1600 hud=2560x1600
[2026-08-17T12:17:53Z INFO  steel_front] size diag: window_inner=2560x1600 hud=2560x1600
[2026-08-17T12:17:53Z INFO  steel_front] size diag: window_inner=2560x1600 hud=2560x1600
[2026-08-17T12:17:53Z INFO  steel_front] size diag: window_inner=2560x1600 hud=2560x1600
[2026-08-17T12:17:53Z INFO  steel_front] size diag: window_inner=2560x1600 hud=2560x1600
[2026-08-17T12:17:53Z INFO  steel_front] size diag: window_inner=2560x1600 hud=2560x1600
[2026-08-17T12:17:53Z INFO  steel_front] size diag: window_inner=2560x1600 hud=2560x1600
[2026-08-17T12:17:53Z INFO  steel_front] size diag: window_inner=2560x1600 hud=2560x1600
[2026-08-17T12:17:53Z INFO  steel_front] size diag: window_inner=2560x1600 hud=2560x1600
[2026-08-17T12:17:53Z INFO  steel_front] size diag: window_inner=2560x1600 hud=2560x1600
[2026-08-17T12:17:53Z INFO  steel_front] size diag: window_inner=2560x1600 hud=2560x1600
[2026-08-17T12:17:53Z INFO  steel_front] size diag: window_inner=2560x1600 hud=2560x1600
[2026-08-17T12:17:53Z INFO  steel_front::engine::renderer] visible=65536/65536 near=65536 far=0 fps=364.4 frame_us=2447 cull_us=0 terrain_us=0 wait_fence_us=1874 acquire_us=1 record_us=52 submit_us=82 present_us=214 terrain_lod=high blend=0.000 quality=中画质 marker=84 npc=56
[2026-08-17T12:17:54Z INFO  steel_front::engine::game] ai: npcs=8 near=8 far=0 idle=0 patrol=0 chase=0 attack=8 tactics=[8, 0, 0, 0, 0, 0, 0, 0]
[2026-08-17T12:17:54Z INFO  steel_front::engine::game] game: wave=1 enemies=8 enemy_hp=100 hp=100/100 score=0 phys_us=1 ai_us=437 audio_us=28 net_us=0
[2026-08-17T12:17:54Z INFO  steel_front] cam: yaw=0.0 pitch=0.0 dist=3.4 mode=FirstPerson cycle_us=3060 update_us=21 render_us=3038
[2026-08-17T12:17:54Z INFO  steel_front::engine::renderer] visible=65536/65536 near=65536 far=0 fps=363.5 frame_us=2723 cull_us=0 terrain_us=0 wait_fence_us=2054 acquire_us=1 record_us=55 submit_us=47 present_us=226 terrain_lod=high blend=0.000 quality=中画质 marker=84 npc=56
[2026-08-17T12:17:55Z INFO  steel_front::engine::game] ai: npcs=8 near=8 far=0 idle=0 patrol=0 chase=0 attack=8 tactics=[8, 0, 0, 0, 0, 0, 0, 0]
[2026-08-17T12:17:55Z INFO  steel_front::engine::game] game: wave=1 enemies=8 enemy_hp=100 hp=100/100 score=0 phys_us=3 ai_us=570 audio_us=28 net_us=0
[2026-08-17T12:17:55Z INFO  steel_front] cam: yaw=0.0 pitch=0.0 dist=3.4 mode=FirstPerson cycle_us=3708 update_us=51 render_us=3656
[2026-08-17T12:17:55Z INFO  steel_front::engine::renderer] visible=65536/65536 near=65536 far=0 fps=333.3 frame_us=2264 cull_us=1 terrain_us=0 wait_fence_us=2054 acquire_us=1 record_us=65 submit_us=56 present_us=254 terrain_lod=high blend=0.000 quality=中画质 marker=84 npc=56
[2026-08-17T12:17:56Z INFO  steel_front::engine::game] ai: npcs=8 near=8 far=0 idle=0 patrol=0 chase=0 attack=8 tactics=[8, 0, 0, 0, 0, 0, 0, 0]
[2026-08-17T12:17:56Z INFO  steel_front::engine::game] game: wave=1 enemies=8 enemy_hp=100 hp=100/100 score=0 phys_us=2 ai_us=354 audio_us=17 net_us=0
[2026-08-17T12:17:56Z INFO  steel_front] cam: yaw=0.0 pitch=0.0 dist=3.4 mode=FirstPerson cycle_us=2791 update_us=41 render_us=2749
[2026-08-17T12:17:56Z INFO  steel_front::engine::renderer] visible=65536/65536 near=65536 far=0 fps=347.3 frame_us=2336 cull_us=0 terrain_us=0 wait_fence_us=1817 acquire_us=0 record_us=132 submit_us=56 present_us=269 terrain_lod=high blend=0.000 quality=中画质 marker=84 npc=56
[2026-08-17T12:17:57Z INFO  steel_front::engine::game] ai: npcs=8 near=8 far=0 idle=0 patrol=0 chase=0 attack=8 tactics=[8, 0, 0, 0, 0, 0, 0, 0]
[2026-08-17T12:17:57Z INFO  steel_front::engine::game] game: wave=1 enemies=8 enemy_hp=100 hp=100/100 score=0 phys_us=2 ai_us=605 audio_us=36 net_us=0
[2026-08-17T12:17:57Z INFO  steel_front] cam: yaw=0.0 pitch=0.0 dist=3.4 mode=FirstPerson cycle_us=2906 update_us=32 render_us=2874
[2026-08-17T12:17:57Z INFO  steel_front::engine::renderer] visible=65536/65536 near=65536 far=0 fps=372.6 frame_us=2256 cull_us=1 terrain_us=0 wait_fence_us=1368 acquire_us=1 record_us=120 submit_us=86 present_us=462 terrain_lod=high blend=0.000 quality=中画质 marker=84 npc=56
[2026-08-17T12:17:58Z INFO  steel_front::engine::game] ai: npcs=8 near=8 far=0 idle=0 patrol=0 chase=0 attack=8 tactics=[8, 0, 0, 0, 0, 0, 0, 0]
[2026-08-17T12:17:58Z INFO  steel_front::engine::game] game: wave=1 enemies=8 enemy_hp=100 hp=100/100 score=0 phys_us=6 ai_us=306 audio_us=28 net_us=0
[2026-08-17T12:17:58Z INFO  steel_front] cam: yaw=0.0 pitch=0.0 dist=3.4 mode=FirstPerson cycle_us=2455 update_us=59 render_us=2396
[2026-08-17T12:17:58Z INFO  steel_front] size diag: window_inner=2560x1600 hud=2560x1600
[2026-08-17T12:17:58Z INFO  steel_front] size diag: window_inner=2560x1600 hud=2560x1600
[2026-08-17T12:17:58Z INFO  steel_front] size diag: window_inner=2560x1600 hud=2560x1600
[2026-08-17T12:17:58Z INFO  steel_front] size diag: window_inner=2560x1600 hud=2560x1600
[2026-08-17T12:17:58Z INFO  steel_front] size diag: window_inner=2560x1600 hud=2560x1600
[2026-08-17T12:17:58Z INFO  steel_front] size diag: window_inner=2560x1600 hud=2560x1600
[2026-08-17T12:17:58Z INFO  steel_front] size diag: window_inner=2560x1600 hud=2560x1600
[2026-08-17T12:17:58Z INFO  steel_front] size diag: window_inner=2560x1600 hud=2560x1600
[2026-08-17T12:17:58Z INFO  steel_front] size diag: window_inner=2560x1600 hud=2560x1600
[2026-08-17T12:17:58Z INFO  steel_front] size diag: window_inner=2560x1600 hud=2560x1600
[2026-08-17T12:17:58Z INFO  steel_front] size diag: window_inner=2560x1600 hud=2560x1600
[2026-08-17T12:17:58Z INFO  steel_front] size diag: window_inner=2560x1600 hud=2560x1600
[2026-08-17T12:17:58Z INFO  steel_front] size diag: window_inner=2560x1600 hud=2560x1600
[2026-08-17T12:17:58Z INFO  steel_front] size diag: window_inner=2560x1600 hud=2560x1600
[2026-08-17T12:17:58Z INFO  steel_front] size diag: window_inner=2560x1600 hud=2560x1600
[2026-08-17T12:17:58Z INFO  steel_front] size diag: window_inner=2560x1600 hud=2560x1600
[2026-08-17T12:17:58Z INFO  steel_front] size diag: window_inner=2560x1600 hud=2560x1600
[2026-08-17T12:17:58Z INFO  steel_front] size diag: window_inner=2560x1600 hud=2560x1600
[2026-08-17T12:17:58Z INFO  steel_front::engine::renderer] visible=65536/65536 near=65536 far=0 fps=372.9 frame_us=2280 cull_us=0 terrain_us=0 wait_fence_us=2112 acquire_us=1 record_us=53 submit_us=44 present_us=217 terrain_lod=high blend=0.000 quality=中画质 marker=84 npc=56
[2026-08-17T12:17:59Z INFO  steel_front::engine::game] ai: npcs=8 near=8 far=0 idle=0 patrol=0 chase=0 attack=8 tactics=[8, 0, 0, 0, 0, 0, 0, 0]
[2026-08-17T12:17:59Z INFO  steel_front::engine::game] game: wave=1 enemies=8 enemy_hp=100 hp=100/100 score=0 phys_us=2 ai_us=370 audio_us=28 net_us=0
[2026-08-17T12:17:59Z INFO  steel_front] cam: yaw=0.0 pitch=0.0 dist=3.4 mode=FirstPerson cycle_us=2792 update_us=18 render_us=2773
[2026-08-17T12:17:59Z INFO  steel_front::engine::renderer] visible=65536/65536 near=65536 far=0 fps=374.4 frame_us=2106 cull_us=0 terrain_us=0 wait_fence_us=2007 acquire_us=1 record_us=28 submit_us=69 present_us=227 terrain_lod=high blend=0.000 quality=中画质 marker=84 npc=56
[2026-08-17T12:18:00Z INFO  steel_front::engine::game] ai: npcs=8 near=8 far=0 idle=0 patrol=0 chase=0 attack=8 tactics=[8, 0, 0, 0, 0, 0, 0, 0]
[2026-08-17T12:18:00Z INFO  steel_front::engine::game] game: wave=1 enemies=8 enemy_hp=100 hp=100/100 score=0 phys_us=2 ai_us=418 audio_us=16 net_us=0
[2026-08-17T12:18:00Z INFO  steel_front] cam: yaw=0.0 pitch=0.0 dist=3.4 mode=FirstPerson cycle_us=2635 update_us=27 render_us=2607
[2026-08-17T12:18:01Z INFO  steel_front::engine::renderer] visible=65536/65536 near=65536 far=0 fps=356.3 frame_us=2575 cull_us=0 terrain_us=0 wait_fence_us=1621 acquire_us=0 record_us=59 submit_us=45 present_us=228 terrain_lod=high blend=0.000 quality=中画质 marker=84 npc=56
[2026-08-17T12:18:01Z INFO  steel_front::engine::game] ai: npcs=8 near=8 far=0 idle=0 patrol=0 chase=0 attack=8 tactics=[8, 0, 0, 0, 0, 0, 0, 0]
[2026-08-17T12:18:01Z INFO  steel_front::engine::game] game: wave=1 enemies=8 enemy_hp=100 hp=100/100 score=0 phys_us=1 ai_us=367 audio_us=13 net_us=0
[2026-08-17T12:18:01Z INFO  steel_front] cam: yaw=0.0 pitch=0.0 dist=3.4 mode=FirstPerson cycle_us=2443 update_us=49 render_us=2393
[2026-08-17T12:18:02Z INFO  steel_front::engine::renderer] visible=65536/65536 near=65536 far=0 fps=370.1 frame_us=2066 cull_us=0 terrain_us=0 wait_fence_us=2207 acquire_us=1 record_us=51 submit_us=47 present_us=192 terrain_lod=high blend=0.000 quality=中画质 marker=84 npc=56
[2026-08-17T12:18:02Z INFO  steel_front::engine::game] ai: npcs=8 near=8 far=0 idle=0 patrol=0 chase=0 attack=8 tactics=[8, 0, 0, 0, 0, 0, 0, 0]
[2026-08-17T12:18:02Z INFO  steel_front::engine::game] game: wave=1 enemies=8 enemy_hp=100 hp=100/100 score=0 phys_us=2 ai_us=438 audio_us=22 net_us=0
[2026-08-17T12:18:02Z INFO  steel_front] cam: yaw=0.0 pitch=0.0 dist=3.4 mode=FirstPerson cycle_us=2845 update_us=37 render_us=2808
[2026-08-17T12:18:03Z INFO  steel_front::engine::renderer] visible=65536/65536 near=65536 far=0 fps=360.2 frame_us=2851 cull_us=0 terrain_us=0 wait_fence_us=1630 acquire_us=1 record_us=65 submit_us=48 present_us=233 terrain_lod=high blend=0.000 quality=中画质 marker=84 npc=56
[2026-08-17T12:18:03Z INFO  steel_front::engine::game] ai: npcs=8 near=8 far=0 idle=0 patrol=0 chase=0 attack=8 tactics=[8, 0, 0, 0, 0, 0, 0, 0]
[2026-08-17T12:18:03Z INFO  steel_front::engine::game] game: wave=1 enemies=8 enemy_hp=100 hp=100/100 score=0 phys_us=1 ai_us=481 audio_us=29 net_us=0
[2026-08-17T12:18:03Z INFO  steel_front] cam: yaw=0.0 pitch=0.0 dist=3.4 mode=FirstPerson cycle_us=2567 update_us=25 render_us=2542
[2026-08-17T12:18:03Z INFO  steel_front] size diag: window_inner=2560x1600 hud=2560x1600
[2026-08-17T12:18:03Z INFO  steel_front] size diag: window_inner=2560x1600 hud=2560x1600
[2026-08-17T12:18:03Z INFO  steel_front] size diag: window_inner=2560x1600 hud=2560x1600
[2026-08-17T12:18:03Z INFO  steel_front] size diag: window_inner=2560x1600 hud=2560x1600
[2026-08-17T12:18:03Z INFO  steel_front] size diag: window_inner=2560x1600 hud=2560x1600
[2026-08-17T12:18:03Z INFO  steel_front] size diag: window_inner=2560x1600 hud=2560x1600
[2026-08-17T12:18:03Z INFO  steel_front] size diag: window_inner=2560x1600 hud=2560x1600
[2026-08-17T12:18:03Z INFO  steel_front] size diag: window_inner=2560x1600 hud=2560x1600
[2026-08-17T12:18:03Z INFO  steel_front] size diag: window_inner=2560x1600 hud=2560x1600
[2026-08-17T12:18:03Z INFO  steel_front] size diag: window_inner=2560x1600 hud=2560x1600
[2026-08-17T12:18:03Z INFO  steel_front] size diag: window_inner=2560x1600 hud=2560x1600
[2026-08-17T12:18:03Z INFO  steel_front] size diag: window_inner=2560x1600 hud=2560x1600
[2026-08-17T12:18:03Z INFO  steel_front] size diag: window_inner=2560x1600 hud=2560x1600
[2026-08-17T12:18:03Z INFO  steel_front] size diag: window_inner=2560x1600 hud=2560x1600
[2026-08-17T12:18:03Z INFO  steel_front] size diag: window_inner=2560x1600 hud=2560x1600
[2026-08-17T12:18:03Z INFO  steel_front] size diag: window_inner=2560x1600 hud=2560x1600
[2026-08-17T12:18:04Z INFO  steel_front::engine::renderer] visible=65536/65536 near=65536 far=0 fps=352.1 frame_us=2535 cull_us=2 terrain_us=0 wait_fence_us=2581 acquire_us=1 record_us=65 submit_us=52 present_us=309 terrain_lod=high blend=0.000 quality=中画质 marker=74 npc=56
[2026-08-17T12:18:04Z INFO  steel_front::engine::game] ai: npcs=8 near=8 far=0 idle=0 patrol=0 chase=0 attack=8 tactics=[8, 0, 0, 0, 0, 0, 0, 0]
[2026-08-17T12:18:04Z INFO  steel_front::engine::game] game: wave=1 enemies=8 enemy_hp=100 hp=100/100 score=0 phys_us=2 ai_us=1022 audio_us=31 net_us=0
[2026-08-17T12:18:04Z INFO  steel_front] cam: yaw=0.0 pitch=0.0 dist=3.4 mode=FirstPerson cycle_us=2762 update_us=42 render_us=2719
[2026-08-17T12:18:05Z INFO  steel_front::engine::renderer] visible=65536/65536 near=65536 far=0 fps=329.9 frame_us=2175 cull_us=1 terrain_us=0 wait_fence_us=1413 acquire_us=1 record_us=118 submit_us=101 present_us=472 terrain_lod=high blend=0.000 quality=中画质 marker=84 npc=56
[2026-08-17T12:18:05Z INFO  steel_front::engine::game] ai: npcs=8 near=8 far=0 idle=0 patrol=0 chase=0 attack=8 tactics=[8, 0, 0, 0, 0, 0, 0, 0]
[2026-08-17T12:18:05Z INFO  steel_front::engine::game] game: wave=1 enemies=8 enemy_hp=100 hp=100/100 score=0 phys_us=2 ai_us=713 audio_us=21 net_us=0
[2026-08-17T12:18:05Z INFO  steel_front] cam: yaw=0.0 pitch=0.0 dist=3.4 mode=FirstPerson cycle_us=2976 update_us=29 render_us=2947
[2026-08-17T12:18:06Z INFO  steel_front::engine::renderer] visible=65536/65536 near=65536 far=0 fps=340.2 frame_us=2245 cull_us=0 terrain_us=0 wait_fence_us=2075 acquire_us=1 record_us=52 submit_us=49 present_us=211 terrain_lod=high blend=0.000 quality=中画质 marker=84 npc=56
[2026-08-17T12:18:06Z INFO  steel_front::engine::game] ai: npcs=8 near=8 far=0 idle=0 patrol=0 chase=0 attack=8 tactics=[8, 0, 0, 0, 0, 0, 0, 0]
[2026-08-17T12:18:06Z INFO  steel_front::engine::game] game: wave=1 enemies=8 enemy_hp=100 hp=100/100 score=0 phys_us=3 ai_us=478 audio_us=12 net_us=0
[2026-08-17T12:18:06Z INFO  steel_front] cam: yaw=0.0 pitch=0.0 dist=3.4 mode=FirstPerson cycle_us=2544 update_us=50 render_us=2493
[2026-08-17T12:18:07Z INFO  steel_front::engine::renderer] visible=65536/65536 near=65536 far=0 fps=362.5 frame_us=2226 cull_us=1 terrain_us=0 wait_fence_us=1987 acquire_us=1 record_us=133 submit_us=39 present_us=311 terrain_lod=high blend=0.000 quality=中画质 marker=84 npc=56
[2026-08-17T12:18:07Z INFO  steel_front::engine::game] ai: npcs=8 near=8 far=0 idle=0 patrol=0 chase=0 attack=8 tactics=[8, 0, 0, 0, 0, 0, 0, 0]
[2026-08-17T12:18:07Z INFO  steel_front::engine::game] game: wave=1 enemies=8 enemy_hp=100 hp=100/100 score=0 phys_us=2 ai_us=415 audio_us=13 net_us=0
[2026-08-17T12:18:07Z INFO  steel_front] cam: yaw=0.0 pitch=0.0 dist=3.4 mode=FirstPerson cycle_us=2390 update_us=39 render_us=2350
[2026-08-17T12:18:08Z INFO  steel_front::engine::renderer] visible=65536/65536 near=65536 far=0 fps=363.7 frame_us=2592 cull_us=0 terrain_us=0 wait_fence_us=1849 acquire_us=1 record_us=57 submit_us=71 present_us=230 terrain_lod=high blend=0.000 quality=中画质 marker=84 npc=56
[2026-08-17T12:18:08Z INFO  steel_front::engine::game] ai: npcs=8 near=8 far=0 idle=0 patrol=0 chase=0 attack=8 tactics=[8, 0, 0, 0, 0, 0, 0, 0]
[2026-08-17T12:18:08Z INFO  steel_front::engine::game] game: wave=1 enemies=8 enemy_hp=100 hp=100/100 score=0 phys_us=2 ai_us=508 audio_us=25 net_us=0
[2026-08-17T12:18:08Z INFO  steel_front] cam: yaw=0.0 pitch=0.0 dist=3.4 mode=FirstPerson cycle_us=2214 update_us=24 render_us=2189
[2026-08-17T12:18:08Z INFO  steel_front] size diag: window_inner=2560x1600 hud=2560x1600
[2026-08-17T12:18:08Z INFO  steel_front] size diag: window_inner=2560x1600 hud=2560x1600
[2026-08-17T12:18:08Z INFO  steel_front] size diag: window_inner=2560x1600 hud=2560x1600
[2026-08-17T12:18:08Z INFO  steel_front] size diag: window_inner=2560x1600 hud=2560x1600
[2026-08-17T12:18:08Z INFO  steel_front] size diag: window_inner=2560x1600 hud=2560x1600
[2026-08-17T12:18:08Z INFO  steel_front] size diag: window_inner=2560x1600 hud=2560x1600
[2026-08-17T12:18:08Z INFO  steel_front] size diag: window_inner=2560x1600 hud=2560x1600
[2026-08-17T12:18:08Z INFO  steel_front] size diag: window_inner=2560x1600 hud=2560x1600
[2026-08-17T12:18:08Z INFO  steel_front] size diag: window_inner=2560x1600 hud=2560x1600
[2026-08-17T12:18:08Z INFO  steel_front] size diag: window_inner=2560x1600 hud=2560x1600
[2026-08-17T12:18:08Z INFO  steel_front] size diag: window_inner=2560x1600 hud=2560x1600
[2026-08-17T12:18:08Z INFO  steel_front] size diag: window_inner=2560x1600 hud=2560x1600
[2026-08-17T12:18:08Z INFO  steel_front] size diag: window_inner=2560x1600 hud=2560x1600
[2026-08-17T12:18:08Z INFO  steel_front] size diag: window_inner=2560x1600 hud=2560x1600
[2026-08-17T12:18:08Z INFO  steel_front] size diag: window_inner=2560x1600 hud=2560x1600
[2026-08-17T12:18:08Z INFO  steel_front] size diag: window_inner=2560x1600 hud=2560x1600
[2026-08-17T12:18:08Z INFO  steel_front] size diag: window_inner=2560x1600 hud=2560x1600
[2026-08-17T12:18:08Z INFO  steel_front] size diag: window_inner=2560x1600 hud=2560x1600
[2026-08-17T12:18:09Z INFO  steel_front::engine::renderer] visible=65536/65536 near=65536 far=0 fps=364.8 frame_us=2341 cull_us=0 terrain_us=0 wait_fence_us=1922 acquire_us=1 record_us=55 submit_us=57 present_us=197 terrain_lod=high blend=0.000 quality=中画质 marker=84 npc=56
[2026-08-17T12:18:09Z INFO  steel_front::engine::game] ai: npcs=8 near=8 far=0 idle=0 patrol=0 chase=0 attack=8 tactics=[8, 0, 0, 0, 0, 0, 0, 0]
[2026-08-17T12:18:09Z INFO  steel_front::engine::game] game: wave=1 enemies=8 enemy_hp=100 hp=100/100 score=0 phys_us=2 ai_us=409 audio_us=18 net_us=0
[2026-08-17T12:18:09Z INFO  steel_front] cam: yaw=0.0 pitch=0.0 dist=3.4 mode=FirstPerson cycle_us=2847 update_us=38 render_us=2808
[2026-08-17T12:18:10Z INFO  steel_front::engine::renderer] visible=65536/65536 near=65536 far=0 fps=364.0 frame_us=2383 cull_us=0 terrain_us=0 wait_fence_us=1941 acquire_us=1 record_us=72 submit_us=79 present_us=640 terrain_lod=high blend=0.000 quality=中画质 marker=84 npc=56
[2026-08-17T12:18:10Z INFO  steel_front::engine::game] ai: npcs=8 near=8 far=0 idle=0 patrol=0 chase=0 attack=8 tactics=[8, 0, 0, 0, 0, 0, 0, 0]
[2026-08-17T12:18:10Z INFO  steel_front::engine::game] game: wave=1 enemies=8 enemy_hp=100 hp=100/100 score=0 phys_us=1 ai_us=446 audio_us=15 net_us=0
[2026-08-17T12:18:10Z INFO  steel_front] cam: yaw=0.0 pitch=0.0 dist=3.4 mode=FirstPerson cycle_us=2687 update_us=38 render_us=2649
[2026-08-17T12:18:11Z INFO  steel_front::engine::renderer] visible=65536/65536 near=65536 far=0 fps=365.2 frame_us=2604 cull_us=0 terrain_us=0 wait_fence_us=1770 acquire_us=1 record_us=38 submit_us=37 present_us=269 terrain_lod=high blend=0.000 quality=中画质 marker=84 npc=56
[2026-08-17T12:18:11Z INFO  steel_front::engine::game] ai: npcs=8 near=8 far=0 idle=0 patrol=0 chase=0 attack=8 tactics=[8, 0, 0, 0, 0, 0, 0, 0]
[2026-08-17T12:18:11Z INFO  steel_front::engine::game] game: wave=1 enemies=8 enemy_hp=100 hp=100/100 score=0 phys_us=2 ai_us=532 audio_us=27 net_us=0
[2026-08-17T12:18:11Z INFO  steel_front] cam: yaw=0.0 pitch=0.0 dist=3.4 mode=FirstPerson cycle_us=2915 update_us=50 render_us=2864
[2026-08-17T12:18:12Z INFO  steel_front::engine::renderer] visible=65536/65536 near=65536 far=0 fps=359.3 frame_us=2004 cull_us=0 terrain_us=0 wait_fence_us=2507 acquire_us=1 record_us=56 submit_us=44 present_us=132 terrain_lod=high blend=0.000 quality=中画质 marker=84 npc=56
[2026-08-17T12:18:12Z INFO  steel_front::engine::game] ai: npcs=8 near=8 far=0 idle=0 patrol=0 chase=0 attack=8 tactics=[8, 0, 0, 0, 0, 0, 0, 0]
[2026-08-17T12:18:12Z INFO  steel_front::engine::game] game: wave=1 enemies=8 enemy_hp=100 hp=100/100 score=0 phys_us=7 ai_us=672 audio_us=29 net_us=0
[2026-08-17T12:18:12Z INFO  steel_front] cam: yaw=0.0 pitch=0.0 dist=3.4 mode=FirstPerson cycle_us=2685 update_us=42 render_us=2642
[2026-08-17T12:18:13Z INFO  steel_front::engine::renderer] visible=65536/65536 near=65536 far=0 fps=365.7 frame_us=1954 cull_us=0 terrain_us=0 wait_fence_us=2275 acquire_us=1 record_us=33 submit_us=54 present_us=146 terrain_lod=high blend=0.000 quality=中画质 marker=84 npc=56
[2026-08-17T12:18:13Z INFO  steel_front::engine::game] ai: npcs=8 near=8 far=0 idle=0 patrol=0 chase=0 attack=8 tactics=[8, 0, 0, 0, 0, 0, 0, 0]
[2026-08-17T12:18:13Z INFO  steel_front::engine::game] game: wave=1 enemies=8 enemy_hp=100 hp=100/100 score=0 phys_us=1 ai_us=395 audio_us=17 net_us=0
[2026-08-17T12:18:13Z INFO  steel_front] cam: yaw=0.0 pitch=0.0 dist=3.4 mode=FirstPerson cycle_us=3713 update_us=45 render_us=3667
[2026-08-17T12:18:13Z INFO  steel_front] size diag: window_inner=2560x1600 hud=2560x1600
[2026-08-17T12:18:13Z INFO  steel_front] size diag: window_inner=2560x1600 hud=2560x1600
[2026-08-17T12:18:13Z INFO  steel_front] size diag: window_inner=2560x1600 hud=2560x1600
[2026-08-17T12:18:13Z INFO  steel_front] size diag: window_inner=2560x1600 hud=2560x1600
[2026-08-17T12:18:13Z INFO  steel_front] size diag: window_inner=2560x1600 hud=2560x1600
[2026-08-17T12:18:13Z INFO  steel_front] size diag: window_inner=2560x1600 hud=2560x1600
[2026-08-17T12:18:13Z INFO  steel_front] size diag: window_inner=2560x1600 hud=2560x1600
[2026-08-17T12:18:13Z INFO  steel_front] size diag: window_inner=2560x1600 hud=2560x1600
[2026-08-17T12:18:13Z INFO  steel_front] size diag: window_inner=2560x1600 hud=2560x1600
[2026-08-17T12:18:13Z INFO  steel_front] size diag: window_inner=2560x1600 hud=2560x1600
[2026-08-17T12:18:13Z INFO  steel_front] size diag: window_inner=2560x1600 hud=2560x1600
[2026-08-17T12:18:13Z INFO  steel_front] size diag: window_inner=2560x1600 hud=2560x1600
[2026-08-17T12:18:13Z INFO  steel_front] size diag: window_inner=2560x1600 hud=2560x1600
[2026-08-17T12:18:13Z INFO  steel_front] size diag: window_inner=2560x1600 hud=2560x1600
[2026-08-17T12:18:13Z INFO  steel_front] size diag: window_inner=2560x1600 hud=2560x1600
[2026-08-17T12:18:13Z INFO  steel_front] size diag: window_inner=2560x1600 hud=2560x1600
[2026-08-17T12:18:13Z INFO  steel_front] size diag: window_inner=2560x1600 hud=2560x1600
[2026-08-17T12:18:13Z INFO  steel_front] size diag: window_inner=2560x1600 hud=2560x1600
[2026-08-17T12:18:13Z INFO  steel_front] size diag: window_inner=2560x1600 hud=2560x1600
[2026-08-17T12:18:14Z INFO  steel_front::engine::renderer] visible=65536/65536 near=65536 far=0 fps=365.0 frame_us=2079 cull_us=1 terrain_us=0 wait_fence_us=2245 acquire_us=1 record_us=36 submit_us=62 present_us=174 terrain_lod=high blend=0.000 quality=中画质 marker=84 npc=56
[2026-08-17T12:18:14Z INFO  steel_front::engine::game] ai: npcs=8 near=8 far=0 idle=0 patrol=0 chase=0 attack=8 tactics=[8, 0, 0, 0, 0, 0, 0, 0]
[2026-08-17T12:18:14Z INFO  steel_front::engine::game] game: wave=1 enemies=8 enemy_hp=100 hp=100/100 score=0 phys_us=1 ai_us=527 audio_us=31 net_us=0
[2026-08-17T12:18:14Z INFO  steel_front] cam: yaw=0.0 pitch=0.0 dist=3.4 mode=FirstPerson cycle_us=2787 update_us=21 render_us=2766
[2026-08-17T12:18:15Z INFO  steel_front::engine::renderer] visible=65536/65536 near=65536 far=0 fps=373.8 frame_us=2528 cull_us=0 terrain_us=0 wait_fence_us=2060 acquire_us=1 record_us=28 submit_us=26 present_us=127 terrain_lod=high blend=0.000 quality=中画质 marker=84 npc=56
[2026-08-17T12:18:15Z INFO  steel_front::engine::game] ai: npcs=8 near=8 far=0 idle=0 patrol=0 chase=0 attack=8 tactics=[8, 0, 0, 0, 0, 0, 0, 0]
[2026-08-17T12:18:15Z INFO  steel_front::engine::game] game: wave=1 enemies=8 enemy_hp=100 hp=100/100 score=0 phys_us=1 ai_us=123 audio_us=16 net_us=0
[2026-08-17T12:18:15Z INFO  steel_front] cam: yaw=0.0 pitch=0.0 dist=3.4 mode=FirstPerson cycle_us=2413 update_us=40 render_us=2373
[2026-08-17T12:18:16Z INFO  steel_front::engine::renderer] visible=65536/65536 near=65536 far=0 fps=362.6 frame_us=2904 cull_us=0 terrain_us=0 wait_fence_us=1899 acquire_us=1 record_us=69 submit_us=57 present_us=187 terrain_lod=high blend=0.000 quality=中画质 marker=74 npc=56
[2026-08-17T12:18:16Z INFO  steel_front::engine::game] ai: npcs=8 near=8 far=0 idle=0 patrol=0 chase=0 attack=8 tactics=[8, 0, 0, 0, 0, 0, 0, 0]
[2026-08-17T12:18:16Z INFO  steel_front::engine::game] game: wave=1 enemies=8 enemy_hp=100 hp=100/100 score=0 phys_us=2 ai_us=378 audio_us=26 net_us=0
[2026-08-17T12:18:16Z INFO  steel_front] cam: yaw=0.0 pitch=0.0 dist=3.4 mode=FirstPerson cycle_us=2607 update_us=23 render_us=2584
[2026-08-17T12:18:17Z INFO  steel_front::engine::renderer] visible=65536/65536 near=65536 far=0 fps=372.1 frame_us=2197 cull_us=0 terrain_us=0 wait_fence_us=2075 acquire_us=1 record_us=51 submit_us=53 present_us=210 terrain_lod=high blend=0.000 quality=中画质 marker=84 npc=56
[2026-08-17T12:18:17Z INFO  steel_front::engine::game] ai: npcs=8 near=8 far=0 idle=0 patrol=0 chase=0 attack=8 tactics=[8, 0, 0, 0, 0, 0, 0, 0]
[2026-08-17T12:18:17Z INFO  steel_front::engine::game] game: wave=1 enemies=8 enemy_hp=100 hp=100/100 score=0 phys_us=2 ai_us=389 audio_us=28 net_us=0
[2026-08-17T12:18:17Z INFO  steel_front] cam: yaw=0.0 pitch=0.0 dist=3.4 mode=FirstPerson cycle_us=2654 update_us=21 render_us=2632
[2026-08-17T12:18:18Z INFO  steel_front::engine::renderer] visible=65536/65536 near=65536 far=0 fps=373.8 frame_us=2666 cull_us=0 terrain_us=0 wait_fence_us=1821 acquire_us=1 record_us=51 submit_us=79 present_us=223 terrain_lod=high blend=0.000 quality=中画质 marker=84 npc=56
[2026-08-17T12:18:18Z INFO  steel_front::engine::game] ai: npcs=8 near=8 far=0 idle=0 patrol=0 chase=0 attack=8 tactics=[8, 0, 0, 0, 0, 0, 0, 0]
[2026-08-17T12:18:18Z INFO  steel_front::engine::game] game: wave=1 enemies=8 enemy_hp=100 hp=100/100 score=0 phys_us=2 ai_us=356 audio_us=26 net_us=0
[2026-08-17T12:18:18Z INFO  steel_front] cam: yaw=0.0 pitch=0.0 dist=3.4 mode=FirstPerson cycle_us=2891 update_us=24 render_us=2866
[2026-08-17T12:18:18Z INFO  steel_front] size diag: window_inner=2560x1600 hud=2560x1600
[2026-08-17T12:18:18Z INFO  steel_front] size diag: window_inner=2560x1600 hud=2560x1600
[2026-08-17T12:18:18Z INFO  steel_front] size diag: window_inner=2560x1600 hud=2560x1600
[2026-08-17T12:18:18Z INFO  steel_front] size diag: window_inner=2560x1600 hud=2560x1600
[2026-08-17T12:18:18Z INFO  steel_front] size diag: window_inner=2560x1600 hud=2560x1600
[2026-08-17T12:18:18Z INFO  steel_front] size diag: window_inner=2560x1600 hud=2560x1600
[2026-08-17T12:18:18Z INFO  steel_front] size diag: window_inner=2560x1600 hud=2560x1600
[2026-08-17T12:18:18Z INFO  steel_front] size diag: window_inner=2560x1600 hud=2560x1600
[2026-08-17T12:18:18Z INFO  steel_front] size diag: window_inner=2560x1600 hud=2560x1600
[2026-08-17T12:18:18Z INFO  steel_front] size diag: window_inner=2560x1600 hud=2560x1600
[2026-08-17T12:18:18Z INFO  steel_front] size diag: window_inner=2560x1600 hud=2560x1600
[2026-08-17T12:18:18Z INFO  steel_front] size diag: window_inner=2560x1600 hud=2560x1600
[2026-08-17T12:18:18Z INFO  steel_front] size diag: window_inner=2560x1600 hud=2560x1600
[2026-08-17T12:18:18Z INFO  steel_front] size diag: window_inner=2560x1600 hud=2560x1600
[2026-08-17T12:18:18Z INFO  steel_front] size diag: window_inner=2560x1600 hud=2560x1600
[2026-08-17T12:18:18Z INFO  steel_front] size diag: window_inner=2560x1600 hud=2560x1600
[2026-08-17T12:18:18Z INFO  steel_front] size diag: window_inner=2560x1600 hud=2560x1600
[2026-08-17T12:18:18Z INFO  steel_front] size diag: window_inner=2560x1600 hud=2560x1600
[2026-08-17T12:18:19Z INFO  steel_front::engine::renderer] visible=65536/65536 near=65536 far=0 fps=370.6 frame_us=2448 cull_us=0 terrain_us=0 wait_fence_us=1871 acquire_us=1 record_us=61 submit_us=78 present_us=269 terrain_lod=high blend=0.000 quality=中画质 marker=84 npc=56
[2026-08-17T12:18:19Z INFO  steel_front::engine::game] ai: npcs=8 near=8 far=0 idle=0 patrol=0 chase=0 attack=8 tactics=[8, 0, 0, 0, 0, 0, 0, 0]
[2026-08-17T12:18:19Z INFO  steel_front::engine::game] game: wave=1 enemies=8 enemy_hp=100 hp=100/100 score=0 phys_us=1 ai_us=417 audio_us=25 net_us=0
[2026-08-17T12:18:19Z INFO  steel_front] cam: yaw=0.0 pitch=0.0 dist=3.4 mode=FirstPerson cycle_us=2309 update_us=52 render_us=2256
[2026-08-17T12:18:20Z INFO  steel_front::engine::renderer] visible=65536/65536 near=65536 far=0 fps=341.8 frame_us=2884 cull_us=0 terrain_us=0 wait_fence_us=1778 acquire_us=1 record_us=57 submit_us=45 present_us=225 terrain_lod=high blend=0.000 quality=中画质 marker=84 npc=56
[2026-08-17T12:18:20Z INFO  steel_front::engine::game] ai: npcs=8 near=8 far=0 idle=0 patrol=0 chase=0 attack=8 tactics=[8, 0, 0, 0, 0, 0, 0, 0]
[2026-08-17T12:18:20Z INFO  steel_front::engine::game] game: wave=1 enemies=8 enemy_hp=100 hp=100/100 score=0 phys_us=2 ai_us=535 audio_us=19 net_us=0
[2026-08-17T12:18:20Z INFO  steel_front] cam: yaw=0.0 pitch=0.0 dist=3.4 mode=FirstPerson cycle_us=2975 update_us=29 render_us=2946
[2026-08-17T12:18:21Z INFO  steel_front::engine::renderer] visible=65536/65536 near=65536 far=0 fps=338.8 frame_us=3267 cull_us=0 terrain_us=0 wait_fence_us=2110 acquire_us=1 record_us=83 submit_us=104 present_us=442 terrain_lod=high blend=0.000 quality=中画质 marker=82 npc=56
[2026-08-17T12:18:21Z INFO  steel_front::engine::game] ai: npcs=8 near=8 far=0 idle=0 patrol=0 chase=0 attack=8 tactics=[8, 0, 0, 0, 0, 0, 0, 0]
[2026-08-17T12:18:21Z INFO  steel_front::engine::game] game: wave=1 enemies=8 enemy_hp=100 hp=100/100 score=0 phys_us=1 ai_us=410 audio_us=20 net_us=0
[2026-08-17T12:18:21Z INFO  steel_front] cam: yaw=0.0 pitch=0.0 dist=3.4 mode=FirstPerson cycle_us=2819 update_us=57 render_us=2762
[2026-08-17T12:18:22Z INFO  steel_front::engine::renderer] visible=65536/65536 near=65536 far=0 fps=360.5 frame_us=2233 cull_us=1 terrain_us=0 wait_fence_us=2182 acquire_us=1 record_us=60 submit_us=77 present_us=275 terrain_lod=high blend=0.000 quality=中画质 marker=84 npc=56
[2026-08-17T12:18:22Z INFO  steel_front::engine::game] ai: npcs=8 near=8 far=0 idle=0 patrol=0 chase=0 attack=8 tactics=[8, 0, 0, 0, 0, 0, 0, 0]
[2026-08-17T12:18:22Z INFO  steel_front::engine::game] game: wave=1 enemies=8 enemy_hp=100 hp=100/100 score=0 phys_us=2 ai_us=477 audio_us=27 net_us=0
[2026-08-17T12:18:22Z INFO  steel_front] cam: yaw=0.0 pitch=0.0 dist=3.4 mode=FirstPerson cycle_us=3276 update_us=21 render_us=3255
[2026-08-17T12:18:23Z INFO  steel_front::engine::renderer] visible=65536/65536 near=65536 far=0 fps=362.1 frame_us=2152 cull_us=0 terrain_us=0 wait_fence_us=1970 acquire_us=1 record_us=55 submit_us=47 present_us=312 terrain_lod=high blend=0.000 quality=中画质 marker=84 npc=56
[2026-08-17T12:18:23Z INFO  steel_front::engine::game] ai: npcs=8 near=8 far=0 idle=0 patrol=0 chase=0 attack=8 tactics=[8, 0, 0, 0, 0, 0, 0, 0]
[2026-08-17T12:18:23Z INFO  steel_front::engine::game] game: wave=1 enemies=8 enemy_hp=100 hp=100/100 score=0 phys_us=1 ai_us=404 audio_us=34 net_us=0
[2026-08-17T12:18:23Z INFO  steel_front] cam: yaw=0.0 pitch=0.0 dist=3.4 mode=FirstPerson cycle_us=2443 update_us=44 render_us=2399
[2026-08-17T12:18:23Z INFO  steel_front] size diag: window_inner=2560x1600 hud=2560x1600
[2026-08-17T12:18:23Z INFO  steel_front] size diag: window_inner=2560x1600 hud=2560x1600
[2026-08-17T12:18:23Z INFO  steel_front] size diag: window_inner=2560x1600 hud=2560x1600
[2026-08-17T12:18:23Z INFO  steel_front] size diag: window_inner=2560x1600 hud=2560x1600
[2026-08-17T12:18:23Z INFO  steel_front] size diag: window_inner=2560x1600 hud=2560x1600
[2026-08-17T12:18:23Z INFO  steel_front] size diag: window_inner=2560x1600 hud=2560x1600
[2026-08-17T12:18:23Z INFO  steel_front] size diag: window_inner=2560x1600 hud=2560x1600
[2026-08-17T12:18:23Z INFO  steel_front] size diag: window_inner=2560x1600 hud=2560x1600
[2026-08-17T12:18:23Z INFO  steel_front] size diag: window_inner=2560x1600 hud=2560x1600
[2026-08-17T12:18:23Z INFO  steel_front] size diag: window_inner=2560x1600 hud=2560x1600
[2026-08-17T12:18:23Z INFO  steel_front] size diag: window_inner=2560x1600 hud=2560x1600
[2026-08-17T12:18:23Z INFO  steel_front] size diag: window_inner=2560x1600 hud=2560x1600
[2026-08-17T12:18:23Z INFO  steel_front] size diag: window_inner=2560x1600 hud=2560x1600
[2026-08-17T12:18:23Z INFO  steel_front] size diag: window_inner=2560x1600 hud=2560x1600
[2026-08-17T12:18:23Z INFO  steel_front] size diag: window_inner=2560x1600 hud=2560x1600
[2026-08-17T12:18:23Z INFO  steel_front] size diag: window_inner=2560x1600 hud=2560x1600
[2026-08-17T12:18:23Z INFO  steel_front] size diag: window_inner=2560x1600 hud=2560x1600
[2026-08-17T12:18:23Z INFO  steel_front] size diag: window_inner=2560x1600 hud=2560x1600
[2026-08-17T12:18:24Z INFO  steel_front::engine::renderer] visible=65536/65536 near=65536 far=0 fps=362.8 frame_us=2469 cull_us=1 terrain_us=0 wait_fence_us=2172 acquire_us=1 record_us=56 submit_us=47 present_us=236 terrain_lod=high blend=0.000 quality=中画质 marker=84 npc=56
[2026-08-17T12:18:24Z INFO  steel_front::engine::game] ai: npcs=8 near=8 far=0 idle=0 patrol=0 chase=0 attack=8 tactics=[8, 0, 0, 0, 0, 0, 0, 0]
[2026-08-17T12:18:24Z INFO  steel_front::engine::game] game: wave=1 enemies=8 enemy_hp=100 hp=100/100 score=0 phys_us=2 ai_us=486 audio_us=14 net_us=0
[2026-08-17T12:18:24Z INFO  steel_front] cam: yaw=0.0 pitch=0.0 dist=3.4 mode=FirstPerson cycle_us=2515 update_us=22 render_us=2493
[2026-08-17T12:18:25Z INFO  steel_front::engine::renderer] visible=65536/65536 near=65536 far=0 fps=362.8 frame_us=2316 cull_us=0 terrain_us=0 wait_fence_us=2235 acquire_us=1 record_us=57 submit_us=58 present_us=224 terrain_lod=high blend=0.000 quality=中画质 marker=84 npc=56
[2026-08-17T12:18:25Z INFO  steel_front::engine::game] ai: npcs=8 near=8 far=0 idle=0 patrol=0 chase=0 attack=8 tactics=[8, 0, 0, 0, 0, 0, 0, 0]
[2026-08-17T12:18:25Z INFO  steel_front::engine::game] game: wave=1 enemies=8 enemy_hp=100 hp=100/100 score=0 phys_us=2 ai_us=484 audio_us=28 net_us=0
[2026-08-17T12:18:25Z INFO  steel_front] cam: yaw=0.0 pitch=0.0 dist=3.4 mode=FirstPerson cycle_us=2632 update_us=25 render_us=2607
[2026-08-17T12:18:26Z INFO  steel_front::engine::renderer] visible=65536/65536 near=65536 far=0 fps=365.5 frame_us=2323 cull_us=0 terrain_us=0 wait_fence_us=2024 acquire_us=1 record_us=58 submit_us=80 present_us=205 terrain_lod=high blend=0.000 quality=中画质 marker=84 npc=56
[2026-08-17T12:18:26Z INFO  steel_front::engine::game] ai: npcs=8 near=8 far=0 idle=0 patrol=0 chase=0 attack=8 tactics=[8, 0, 0, 0, 0, 0, 0, 0]
[2026-08-17T12:18:26Z INFO  steel_front::engine::game] game: wave=1 enemies=8 enemy_hp=100 hp=100/100 score=0 phys_us=1 ai_us=447 audio_us=29 net_us=0
[2026-08-17T12:18:26Z INFO  steel_front] cam: yaw=0.0 pitch=0.0 dist=3.4 mode=FirstPerson cycle_us=3045 update_us=25 render_us=3019
[2026-08-17T12:18:27Z INFO  steel_front::engine::renderer] visible=65536/65536 near=65536 far=0 fps=362.1 frame_us=2182 cull_us=1 terrain_us=0 wait_fence_us=2427 acquire_us=1 record_us=133 submit_us=43 present_us=155 terrain_lod=high blend=0.000 quality=中画质 marker=84 npc=56
[2026-08-17T12:18:27Z INFO  steel_front::engine::game] ai: npcs=8 near=8 far=0 idle=0 patrol=0 chase=0 attack=8 tactics=[8, 0, 0, 0, 0, 0, 0, 0]
[2026-08-17T12:18:27Z INFO  steel_front::engine::game] game: wave=1 enemies=8 enemy_hp=100 hp=100/100 score=0 phys_us=1 ai_us=396 audio_us=35 net_us=0
[2026-08-17T12:18:27Z INFO  steel_front] cam: yaw=0.0 pitch=0.0 dist=3.4 mode=FirstPerson cycle_us=2583 update_us=26 render_us=2556
[2026-08-17T12:18:28Z INFO  steel_front::engine::renderer] visible=65536/65536 near=65536 far=0 fps=359.4 frame_us=2635 cull_us=0 terrain_us=0 wait_fence_us=1678 acquire_us=1 record_us=143 submit_us=53 present_us=251 terrain_lod=high blend=0.000 quality=中画质 marker=84 npc=56
[2026-08-17T12:18:28Z INFO  steel_front::engine::game] ai: npcs=8 near=8 far=0 idle=0 patrol=0 chase=0 attack=8 tactics=[8, 0, 0, 0, 0, 0, 0, 0]
[2026-08-17T12:18:28Z INFO  steel_front::engine::game] game: wave=1 enemies=8 enemy_hp=100 hp=100/100 score=0 phys_us=1 ai_us=424 audio_us=37 net_us=0
[2026-08-17T12:18:28Z INFO  steel_front] cam: yaw=0.0 pitch=0.0 dist=3.4 mode=FirstPerson cycle_us=2504 update_us=32 render_us=2472
[2026-08-17T12:18:28Z INFO  steel_front] size diag: window_inner=2560x1600 hud=2560x1600
[2026-08-17T12:18:28Z INFO  steel_front] size diag: window_inner=2560x1600 hud=2560x1600
[2026-08-17T12:18:28Z INFO  steel_front] size diag: window_inner=2560x1600 hud=2560x1600
[2026-08-17T12:18:28Z INFO  steel_front] size diag: window_inner=2560x1600 hud=2560x1600
[2026-08-17T12:18:28Z INFO  steel_front] size diag: window_inner=2560x1600 hud=2560x1600
[2026-08-17T12:18:28Z INFO  steel_front] size diag: window_inner=2560x1600 hud=2560x1600
[2026-08-17T12:18:28Z INFO  steel_front] size diag: window_inner=2560x1600 hud=2560x1600
[2026-08-17T12:18:28Z INFO  steel_front] size diag: window_inner=2560x1600 hud=2560x1600
[2026-08-17T12:18:28Z INFO  steel_front] size diag: window_inner=2560x1600 hud=2560x1600
[2026-08-17T12:18:28Z INFO  steel_front] size diag: window_inner=2560x1600 hud=2560x1600
[2026-08-17T12:18:28Z INFO  steel_front] size diag: window_inner=2560x1600 hud=2560x1600
[2026-08-17T12:18:28Z INFO  steel_front] size diag: window_inner=2560x1600 hud=2560x1600
[2026-08-17T12:18:28Z INFO  steel_front] size diag: window_inner=2560x1600 hud=2560x1600
[2026-08-17T12:18:28Z INFO  steel_front] size diag: window_inner=2560x1600 hud=2560x1600
[2026-08-17T12:18:28Z INFO  steel_front] size diag: window_inner=2560x1600 hud=2560x1600
[2026-08-17T12:18:28Z INFO  steel_front] size diag: window_inner=2560x1600 hud=2560x1600
[2026-08-17T12:18:28Z INFO  steel_front] size diag: window_inner=2560x1600 hud=2560x1600
[2026-08-17T12:18:29Z INFO  steel_front::engine::renderer] visible=65536/65536 near=65536 far=0 fps=352.9 frame_us=2454 cull_us=1 terrain_us=0 wait_fence_us=1719 acquire_us=1 record_us=62 submit_us=81 present_us=239 terrain_lod=high blend=0.000 quality=中画质 marker=84 npc=56
[2026-08-17T12:18:29Z INFO  steel_front::engine::game] ai: npcs=8 near=8 far=0 idle=0 patrol=0 chase=0 attack=8 tactics=[8, 0, 0, 0, 0, 0, 0, 0]
[2026-08-17T12:18:29Z INFO  steel_front::engine::game] game: wave=1 enemies=8 enemy_hp=100 hp=100/100 score=0 phys_us=2 ai_us=497 audio_us=27 net_us=0
[2026-08-17T12:18:29Z INFO  steel_front] cam: yaw=0.0 pitch=0.0 dist=3.4 mode=FirstPerson cycle_us=2997 update_us=46 render_us=2950
[2026-08-17T12:18:30Z INFO  steel_front::engine::renderer] visible=65536/65536 near=65536 far=0 fps=363.7 frame_us=2474 cull_us=0 terrain_us=0 wait_fence_us=1827 acquire_us=1 record_us=53 submit_us=50 present_us=215 terrain_lod=high blend=0.000 quality=中画质 marker=84 npc=56
[2026-08-17T12:18:30Z INFO  steel_front::engine::game] ai: npcs=8 near=8 far=0 idle=0 patrol=0 chase=0 attack=8 tactics=[8, 0, 0, 0, 0, 0, 0, 0]
[2026-08-17T12:18:30Z INFO  steel_front::engine::game] game: wave=1 enemies=8 enemy_hp=100 hp=100/100 score=0 phys_us=1 ai_us=387 audio_us=23 net_us=0
[2026-08-17T12:18:30Z INFO  steel_front] cam: yaw=0.0 pitch=0.0 dist=3.4 mode=FirstPerson cycle_us=2968 update_us=17 render_us=2950
[2026-08-17T12:18:31Z INFO  steel_front::engine::renderer] visible=65536/65536 near=65536 far=0 fps=361.3 frame_us=2029 cull_us=1 terrain_us=0 wait_fence_us=2362 acquire_us=1 record_us=51 submit_us=50 present_us=204 terrain_lod=high blend=0.000 quality=中画质 marker=84 npc=56
[2026-08-17T12:18:31Z INFO  steel_front::engine::game] ai: npcs=8 near=8 far=0 idle=0 patrol=0 chase=0 attack=8 tactics=[8, 0, 0, 0, 0, 0, 0, 0]
[2026-08-17T12:18:31Z INFO  steel_front::engine::game] game: wave=1 enemies=8 enemy_hp=100 hp=100/100 score=0 phys_us=1 ai_us=381 audio_us=26 net_us=0
[2026-08-17T12:18:31Z INFO  steel_front] cam: yaw=0.0 pitch=0.0 dist=3.4 mode=FirstPerson cycle_us=2730 update_us=38 render_us=2691
[2026-08-17T12:18:32Z INFO  steel_front::engine::renderer] visible=65536/65536 near=65536 far=0 fps=363.3 frame_us=2858 cull_us=0 terrain_us=0 wait_fence_us=1731 acquire_us=63 record_us=179 submit_us=52 present_us=235 terrain_lod=high blend=0.000 quality=中画质 marker=84 npc=56
[2026-08-17T12:18:32Z INFO  steel_front::engine::game] ai: npcs=8 near=8 far=0 idle=0 patrol=0 chase=0 attack=8 tactics=[8, 0, 0, 0, 0, 0, 0, 0]
[2026-08-17T12:18:32Z INFO  steel_front::engine::game] game: wave=1 enemies=8 enemy_hp=100 hp=100/100 score=0 phys_us=2 ai_us=422 audio_us=30 net_us=0
[2026-08-17T12:18:32Z INFO  steel_front] cam: yaw=0.0 pitch=0.0 dist=3.4 mode=FirstPerson cycle_us=2745 update_us=41 render_us=2703
[2026-08-17T12:18:33Z INFO  steel_front::engine::renderer] visible=65536/65536 near=65536 far=0 fps=370.4 frame_us=2004 cull_us=1 terrain_us=0 wait_fence_us=1722 acquire_us=1 record_us=82 submit_us=52 present_us=244 terrain_lod=high blend=0.000 quality=中画质 marker=84 npc=56
[2026-08-17T12:18:33Z INFO  steel_front::engine::game] ai: npcs=8 near=8 far=0 idle=0 patrol=0 chase=0 attack=8 tactics=[8, 0, 0, 0, 0, 0, 0, 0]
[2026-08-17T12:18:33Z INFO  steel_front::engine::game] game: wave=1 enemies=8 enemy_hp=100 hp=100/100 score=0 phys_us=2 ai_us=532 audio_us=25 net_us=0
[2026-08-17T12:18:33Z INFO  steel_front] cam: yaw=0.0 pitch=0.0 dist=3.4 mode=FirstPerson cycle_us=2637 update_us=50 render_us=2587
[2026-08-17T12:18:33Z INFO  steel_front] size diag: window_inner=2560x1600 hud=2560x1600
[2026-08-17T12:18:33Z INFO  steel_front] size diag: window_inner=2560x1600 hud=2560x1600
[2026-08-17T12:18:33Z INFO  steel_front] size diag: window_inner=2560x1600 hud=2560x1600
[2026-08-17T12:18:33Z INFO  steel_front] size diag: window_inner=2560x1600 hud=2560x1600
[2026-08-17T12:18:33Z INFO  steel_front] size diag: window_inner=2560x1600 hud=2560x1600
[2026-08-17T12:18:33Z INFO  steel_front] size diag: window_inner=2560x1600 hud=2560x1600
[2026-08-17T12:18:33Z INFO  steel_front] size diag: window_inner=2560x1600 hud=2560x1600
[2026-08-17T12:18:33Z INFO  steel_front] size diag: window_inner=2560x1600 hud=2560x1600
[2026-08-17T12:18:33Z INFO  steel_front] size diag: window_inner=2560x1600 hud=2560x1600
[2026-08-17T12:18:33Z INFO  steel_front] size diag: window_inner=2560x1600 hud=2560x1600
[2026-08-17T12:18:33Z INFO  steel_front] size diag: window_inner=2560x1600 hud=2560x1600
[2026-08-17T12:18:33Z INFO  steel_front] size diag: window_inner=2560x1600 hud=2560x1600
[2026-08-17T12:18:33Z INFO  steel_front] size diag: window_inner=2560x1600 hud=2560x1600
[2026-08-17T12:18:33Z INFO  steel_front] size diag: window_inner=2560x1600 hud=2560x1600
[2026-08-17T12:18:33Z INFO  steel_front] size diag: window_inner=2560x1600 hud=2560x1600
[2026-08-17T12:18:33Z INFO  steel_front] size diag: window_inner=2560x1600 hud=2560x1600
[2026-08-17T12:18:33Z INFO  steel_front] size diag: window_inner=2560x1600 hud=2560x1600
[2026-08-17T12:18:34Z INFO  steel_front::engine::renderer] visible=65536/65536 near=65536 far=0 fps=345.5 frame_us=2166 cull_us=0 terrain_us=0 wait_fence_us=2196 acquire_us=1 record_us=56 submit_us=48 present_us=242 terrain_lod=high blend=0.000 quality=中画质 marker=84 npc=56
[2026-08-17T12:18:34Z INFO  steel_front::engine::game] ai: npcs=8 near=8 far=0 idle=0 patrol=0 chase=0 attack=8 tactics=[8, 0, 0, 0, 0, 0, 0, 0]
[2026-08-17T12:18:34Z INFO  steel_front::engine::game] game: wave=1 enemies=8 enemy_hp=100 hp=100/100 score=0 phys_us=1 ai_us=649 audio_us=26 net_us=0
[2026-08-17T12:18:34Z INFO  steel_front] cam: yaw=0.0 pitch=0.0 dist=3.4 mode=FirstPerson cycle_us=2425 update_us=41 render_us=2383
[2026-08-17T12:18:35Z INFO  steel_front::engine::renderer] visible=65536/65536 near=65536 far=0 fps=360.2 frame_us=2127 cull_us=0 terrain_us=0 wait_fence_us=1879 acquire_us=1 record_us=46 submit_us=42 present_us=181 terrain_lod=high blend=0.000 quality=中画质 marker=84 npc=56
[2026-08-17T12:18:35Z INFO  steel_front::engine::game] ai: npcs=8 near=8 far=0 idle=0 patrol=0 chase=0 attack=8 tactics=[8, 0, 0, 0, 0, 0, 0, 0]
[2026-08-17T12:18:35Z INFO  steel_front::engine::game] game: wave=1 enemies=8 enemy_hp=100 hp=100/100 score=0 phys_us=3 ai_us=406 audio_us=30 net_us=0
[2026-08-17T12:18:35Z INFO  steel_front] cam: yaw=0.0 pitch=0.0 dist=3.4 mode=FirstPerson cycle_us=2824 update_us=22 render_us=2801
[2026-08-17T12:18:36Z INFO  steel_front::engine::renderer] visible=65536/65536 near=65536 far=0 fps=374.4 frame_us=2031 cull_us=1 terrain_us=0 wait_fence_us=1998 acquire_us=2 record_us=41 submit_us=63 present_us=271 terrain_lod=high blend=0.000 quality=中画质 marker=84 npc=56
[2026-08-17T12:18:36Z INFO  steel_front::engine::game] ai: npcs=8 near=8 far=0 idle=0 patrol=0 chase=0 attack=8 tactics=[8, 0, 0, 0, 0, 0, 0, 0]
[2026-08-17T12:18:36Z INFO  steel_front::engine::game] game: wave=1 enemies=8 enemy_hp=100 hp=100/100 score=0 phys_us=3 ai_us=571 audio_us=31 net_us=0
[2026-08-17T12:18:36Z INFO  steel_front] cam: yaw=0.0 pitch=0.0 dist=3.4 mode=FirstPerson cycle_us=3031 update_us=21 render_us=3009
[2026-08-17T12:18:37Z INFO  steel_front::engine::renderer] visible=65536/65536 near=65536 far=0 fps=373.3 frame_us=2492 cull_us=0 terrain_us=0 wait_fence_us=1667 acquire_us=1 record_us=69 submit_us=52 present_us=231 terrain_lod=high blend=0.000 quality=中画质 marker=84 npc=56
[2026-08-17T12:18:37Z INFO  steel_front::engine::game] ai: npcs=8 near=8 far=0 idle=0 patrol=0 chase=0 attack=8 tactics=[8, 0, 0, 0, 0, 0, 0, 0]
[2026-08-17T12:18:37Z INFO  steel_front::engine::game] game: wave=1 enemies=8 enemy_hp=100 hp=100/100 score=0 phys_us=1 ai_us=381 audio_us=14 net_us=0
[2026-08-17T12:18:37Z INFO  steel_front] cam: yaw=0.0 pitch=0.0 dist=3.4 mode=FirstPerson cycle_us=2629 update_us=20 render_us=2609
[2026-08-17T12:18:38Z INFO  steel_front::engine::renderer] visible=65536/65536 near=65536 far=0 fps=374.9 frame_us=2576 cull_us=0 terrain_us=0 wait_fence_us=1914 acquire_us=1 record_us=52 submit_us=93 present_us=222 terrain_lod=high blend=0.000 quality=中画质 marker=84 npc=56
[2026-08-17T12:18:38Z INFO  steel_front::engine::game] ai: npcs=8 near=8 far=0 idle=0 patrol=0 chase=0 attack=8 tactics=[8, 0, 0, 0, 0, 0, 0, 0]
[2026-08-17T12:18:38Z INFO  steel_front::engine::game] game: wave=1 enemies=8 enemy_hp=100 hp=100/100 score=0 phys_us=1 ai_us=352 audio_us=18 net_us=0
[2026-08-17T12:18:38Z INFO  steel_front] cam: yaw=0.0 pitch=0.0 dist=3.4 mode=FirstPerson cycle_us=2543 update_us=36 render_us=2507
[2026-08-17T12:18:38Z INFO  steel_front] size diag: window_inner=2560x1600 hud=2560x1600
[2026-08-17T12:18:38Z INFO  steel_front] size diag: window_inner=2560x1600 hud=2560x1600
[2026-08-17T12:18:38Z INFO  steel_front] size diag: window_inner=2560x1600 hud=2560x1600
[2026-08-17T12:18:38Z INFO  steel_front] size diag: window_inner=2560x1600 hud=2560x1600
[2026-08-17T12:18:38Z INFO  steel_front] size diag: window_inner=2560x1600 hud=2560x1600
[2026-08-17T12:18:38Z INFO  steel_front] size diag: window_inner=2560x1600 hud=2560x1600
[2026-08-17T12:18:38Z INFO  steel_front] size diag: window_inner=2560x1600 hud=2560x1600
[2026-08-17T12:18:38Z INFO  steel_front] size diag: window_inner=2560x1600 hud=2560x1600
[2026-08-17T12:18:38Z INFO  steel_front] size diag: window_inner=2560x1600 hud=2560x1600
[2026-08-17T12:18:38Z INFO  steel_front] size diag: window_inner=2560x1600 hud=2560x1600
[2026-08-17T12:18:38Z INFO  steel_front] size diag: window_inner=2560x1600 hud=2560x1600
[2026-08-17T12:18:38Z INFO  steel_front] size diag: window_inner=2560x1600 hud=2560x1600
[2026-08-17T12:18:38Z INFO  steel_front] size diag: window_inner=2560x1600 hud=2560x1600
[2026-08-17T12:18:38Z INFO  steel_front] size diag: window_inner=2560x1600 hud=2560x1600
[2026-08-17T12:18:38Z INFO  steel_front] size diag: window_inner=2560x1600 hud=2560x1600
[2026-08-17T12:18:38Z INFO  steel_front] size diag: window_inner=2560x1600 hud=2560x1600
[2026-08-17T12:18:38Z INFO  steel_front] size diag: window_inner=2560x1600 hud=2560x1600
[2026-08-17T12:18:38Z INFO  steel_front] size diag: window_inner=2560x1600 hud=2560x1600
[2026-08-17T12:18:38Z INFO  steel_front] size diag: window_inner=2560x1600 hud=2560x1600
[2026-08-17T12:18:39Z INFO  steel_front::engine::renderer] visible=65536/65536 near=65536 far=0 fps=361.4 frame_us=1938 cull_us=0 terrain_us=0 wait_fence_us=2028 acquire_us=0 record_us=28 submit_us=24 present_us=143 terrain_lod=high blend=0.000 quality=中画质 marker=84 npc=56
[2026-08-17T12:18:39Z INFO  steel_front::engine::game] ai: npcs=8 near=8 far=0 idle=0 patrol=0 chase=0 attack=8 tactics=[8, 0, 0, 0, 0, 0, 0, 0]
[2026-08-17T12:18:39Z INFO  steel_front::engine::game] game: wave=1 enemies=8 enemy_hp=100 hp=100/100 score=0 phys_us=1 ai_us=329 audio_us=26 net_us=0
[2026-08-17T12:18:39Z INFO  steel_front] cam: yaw=0.0 pitch=0.0 dist=3.4 mode=FirstPerson cycle_us=2977 update_us=27 render_us=2949
[2026-08-17T12:18:40Z INFO  steel_front::engine::renderer] visible=65536/65536 near=65536 far=0 fps=372.1 frame_us=2502 cull_us=0 terrain_us=0 wait_fence_us=1857 acquire_us=1 record_us=52 submit_us=93 present_us=263 terrain_lod=high blend=0.000 quality=中画质 marker=84 npc=56
[2026-08-17T12:18:40Z INFO  steel_front::engine::game] ai: npcs=8 near=8 far=0 idle=0 patrol=0 chase=0 attack=8 tactics=[8, 0, 0, 0, 0, 0, 0, 0]
[2026-08-17T12:18:40Z INFO  steel_front::engine::game] game: wave=1 enemies=8 enemy_hp=100 hp=100/100 score=0 phys_us=2 ai_us=404 audio_us=24 net_us=0
[2026-08-17T12:18:40Z INFO  steel_front] cam: yaw=0.0 pitch=0.0 dist=3.4 mode=FirstPerson cycle_us=2641 update_us=41 render_us=2599
[2026-08-17T12:18:41Z INFO  steel_front::engine::renderer] visible=65536/65536 near=65536 far=0 fps=374.9 frame_us=2300 cull_us=0 terrain_us=0 wait_fence_us=1856 acquire_us=1 record_us=54 submit_us=82 present_us=221 terrain_lod=high blend=0.000 quality=中画质 marker=84 npc=56
[2026-08-17T12:18:41Z INFO  steel_front::engine::game] ai: npcs=8 near=8 far=0 idle=0 patrol=0 chase=0 attack=8 tactics=[8, 0, 0, 0, 0, 0, 0, 0]
[2026-08-17T12:18:41Z INFO  steel_front::engine::game] game: wave=1 enemies=8 enemy_hp=100 hp=100/100 score=0 phys_us=1 ai_us=319 audio_us=26 net_us=0
[2026-08-17T12:18:41Z INFO  steel_front] cam: yaw=0.0 pitch=0.0 dist=3.4 mode=FirstPerson cycle_us=2977 update_us=19 render_us=2957
[2026-08-17T12:18:42Z INFO  steel_front::engine::renderer] visible=65536/65536 near=65536 far=0 fps=357.6 frame_us=1920 cull_us=0 terrain_us=0 wait_fence_us=1745 acquire_us=0 record_us=52 submit_us=53 present_us=213 terrain_lod=high blend=0.000 quality=中画质 marker=84 npc=56
[2026-08-17T12:18:42Z INFO  steel_front::engine::game] ai: npcs=8 near=8 far=0 idle=0 patrol=0 chase=0 attack=8 tactics=[8, 0, 0, 0, 0, 0, 0, 0]
[2026-08-17T12:18:42Z INFO  steel_front::engine::game] game: wave=1 enemies=8 enemy_hp=100 hp=100/100 score=0 phys_us=1 ai_us=330 audio_us=25 net_us=0
[2026-08-17T12:18:42Z INFO  steel_front] cam: yaw=0.0 pitch=0.0 dist=3.4 mode=FirstPerson cycle_us=2843 update_us=37 render_us=2805
[2026-08-17T12:18:43Z INFO  steel_front::engine::renderer] visible=65536/65536 near=65536 far=0 fps=371.4 frame_us=2154 cull_us=0 terrain_us=0 wait_fence_us=1954 acquire_us=1 record_us=54 submit_us=60 present_us=339 terrain_lod=high blend=0.000 quality=中画质 marker=84 npc=56
[2026-08-17T12:18:43Z INFO  steel_front::engine::game] ai: npcs=8 near=8 far=0 idle=0 patrol=0 chase=0 attack=8 tactics=[8, 0, 0, 0, 0, 0, 0, 0]
[2026-08-17T12:18:43Z INFO  steel_front::engine::game] game: wave=1 enemies=8 enemy_hp=100 hp=100/100 score=0 phys_us=1 ai_us=392 audio_us=16 net_us=0
[2026-08-17T12:18:43Z INFO  steel_front] cam: yaw=0.0 pitch=0.0 dist=3.4 mode=FirstPerson cycle_us=2493 update_us=39 render_us=2454
[2026-08-17T12:18:43Z INFO  steel_front] size diag: window_inner=2560x1600 hud=2560x1600
[2026-08-17T12:18:43Z INFO  steel_front] size diag: window_inner=2560x1600 hud=2560x1600
[2026-08-17T12:18:43Z INFO  steel_front] size diag: window_inner=2560x1600 hud=2560x1600
[2026-08-17T12:18:43Z INFO  steel_front] size diag: window_inner=2560x1600 hud=2560x1600
[2026-08-17T12:18:43Z INFO  steel_front] size diag: window_inner=2560x1600 hud=2560x1600
[2026-08-17T12:18:43Z INFO  steel_front] size diag: window_inner=2560x1600 hud=2560x1600
[2026-08-17T12:18:43Z INFO  steel_front] size diag: window_inner=2560x1600 hud=2560x1600
[2026-08-17T12:18:43Z INFO  steel_front] size diag: window_inner=2560x1600 hud=2560x1600
[2026-08-17T12:18:43Z INFO  steel_front] size diag: window_inner=2560x1600 hud=2560x1600
[2026-08-17T12:18:43Z INFO  steel_front] size diag: window_inner=2560x1600 hud=2560x1600
[2026-08-17T12:18:43Z INFO  steel_front] size diag: window_inner=2560x1600 hud=2560x1600
[2026-08-17T12:18:43Z INFO  steel_front] size diag: window_inner=2560x1600 hud=2560x1600
[2026-08-17T12:18:43Z INFO  steel_front] size diag: window_inner=2560x1600 hud=2560x1600
[2026-08-17T12:18:43Z INFO  steel_front] size diag: window_inner=2560x1600 hud=2560x1600
[2026-08-17T12:18:43Z INFO  steel_front] size diag: window_inner=2560x1600 hud=2560x1600
[2026-08-17T12:18:43Z INFO  steel_front] size diag: window_inner=2560x1600 hud=2560x1600
[2026-08-17T12:18:43Z INFO  steel_front] size diag: window_inner=2560x1600 hud=2560x1600
[2026-08-17T12:18:43Z INFO  steel_front] size diag: window_inner=2560x1600 hud=2560x1600
[2026-08-17T12:18:44Z INFO  steel_front::engine::renderer] visible=65536/65536 near=65536 far=0 fps=370.4 frame_us=2177 cull_us=0 terrain_us=0 wait_fence_us=2067 acquire_us=1 record_us=40 submit_us=39 present_us=289 terrain_lod=high blend=0.000 quality=中画质 marker=84 npc=56
[2026-08-17T12:18:44Z INFO  steel_front::engine::game] ai: npcs=8 near=8 far=0 idle=0 patrol=0 chase=0 attack=8 tactics=[8, 0, 0, 0, 0, 0, 0, 0]
[2026-08-17T12:18:44Z INFO  steel_front::engine::game] game: wave=1 enemies=8 enemy_hp=100 hp=100/100 score=0 phys_us=2 ai_us=379 audio_us=24 net_us=0
[2026-08-17T12:18:44Z INFO  steel_front] cam: yaw=0.0 pitch=0.0 dist=3.4 mode=FirstPerson cycle_us=2872 update_us=37 render_us=2834
[2026-08-17T12:18:45Z INFO  steel_front::engine::renderer] visible=65536/65536 near=65536 far=0 fps=361.2 frame_us=2280 cull_us=0 terrain_us=0 wait_fence_us=2043 acquire_us=1 record_us=24 submit_us=18 present_us=122 terrain_lod=high blend=0.000 quality=中画质 marker=84 npc=56
[2026-08-17T12:18:45Z INFO  steel_front::engine::game] ai: npcs=8 near=8 far=0 idle=0 patrol=0 chase=0 attack=8 tactics=[8, 0, 0, 0, 0, 0, 0, 0]
[2026-08-17T12:18:45Z INFO  steel_front::engine::game] game: wave=1 enemies=8 enemy_hp=100 hp=100/100 score=0 phys_us=3 ai_us=389 audio_us=26 net_us=0
[2026-08-17T12:18:45Z INFO  steel_front] cam: yaw=0.0 pitch=0.0 dist=3.4 mode=FirstPerson cycle_us=3115 update_us=47 render_us=3067
[2026-08-17T12:18:46Z INFO  steel_front::engine::renderer] visible=65536/65536 near=65536 far=0 fps=363.8 frame_us=2838 cull_us=0 terrain_us=0 wait_fence_us=1761 acquire_us=1 record_us=44 submit_us=39 present_us=218 terrain_lod=high blend=0.000 quality=中画质 marker=84 npc=56
[2026-08-17T12:18:46Z INFO  steel_front::engine::game] ai: npcs=8 near=8 far=0 idle=0 patrol=0 chase=0 attack=8 tactics=[8, 0, 0, 0, 0, 0, 0, 0]
[2026-08-17T12:18:46Z INFO  steel_front::engine::game] game: wave=1 enemies=8 enemy_hp=100 hp=100/100 score=0 phys_us=2 ai_us=441 audio_us=21 net_us=0
[2026-08-17T12:18:46Z INFO  steel_front] cam: yaw=0.0 pitch=0.0 dist=3.4 mode=FirstPerson cycle_us=3106 update_us=25 render_us=3080
[2026-08-17T12:18:47Z INFO  steel_front::engine::renderer] visible=65536/65536 near=65536 far=0 fps=362.6 frame_us=2343 cull_us=1 terrain_us=0 wait_fence_us=2031 acquire_us=1 record_us=64 submit_us=48 present_us=335 terrain_lod=high blend=0.000 quality=中画质 marker=84 npc=56
[2026-08-17T12:18:47Z INFO  steel_front::engine::game] ai: npcs=8 near=8 far=0 idle=0 patrol=0 chase=0 attack=8 tactics=[8, 0, 0, 0, 0, 0, 0, 0]
[2026-08-17T12:18:47Z INFO  steel_front::engine::game] game: wave=1 enemies=8 enemy_hp=100 hp=100/100 score=0 phys_us=1 ai_us=359 audio_us=24 net_us=0
[2026-08-17T12:18:47Z INFO  steel_front] cam: yaw=0.0 pitch=0.0 dist=3.4 mode=FirstPerson cycle_us=2454 update_us=37 render_us=2415
[2026-08-17T12:18:48Z INFO  steel_front::engine::renderer] visible=65536/65536 near=65536 far=0 fps=364.8 frame_us=2334 cull_us=0 terrain_us=0 wait_fence_us=2444 acquire_us=1 record_us=50 submit_us=50 present_us=306 terrain_lod=high blend=0.000 quality=中画质 marker=84 npc=56
[2026-08-17T12:18:48Z INFO  steel_front::engine::game] ai: npcs=8 near=8 far=0 idle=0 patrol=0 chase=0 attack=8 tactics=[8, 0, 0, 0, 0, 0, 0, 0]
[2026-08-17T12:18:48Z INFO  steel_front::engine::game] game: wave=1 enemies=8 enemy_hp=100 hp=100/100 score=0 phys_us=2 ai_us=434 audio_us=31 net_us=0
[2026-08-17T12:18:48Z INFO  steel_front] cam: yaw=0.0 pitch=0.0 dist=3.4 mode=FirstPerson cycle_us=2761 update_us=31 render_us=2729
[2026-08-17T12:18:48Z INFO  steel_front] size diag: window_inner=2560x1600 hud=2560x1600
[2026-08-17T12:18:48Z INFO  steel_front] size diag: window_inner=2560x1600 hud=2560x1600
[2026-08-17T12:18:48Z INFO  steel_front] size diag: window_inner=2560x1600 hud=2560x1600
[2026-08-17T12:18:48Z INFO  steel_front] size diag: window_inner=2560x1600 hud=2560x1600
[2026-08-17T12:18:48Z INFO  steel_front] size diag: window_inner=2560x1600 hud=2560x1600
[2026-08-17T12:18:48Z INFO  steel_front] size diag: window_inner=2560x1600 hud=2560x1600
[2026-08-17T12:18:48Z INFO  steel_front] size diag: window_inner=2560x1600 hud=2560x1600
[2026-08-17T12:18:48Z INFO  steel_front] size diag: window_inner=2560x1600 hud=2560x1600
[2026-08-17T12:18:48Z INFO  steel_front] size diag: window_inner=2560x1600 hud=2560x1600
[2026-08-17T12:18:48Z INFO  steel_front] size diag: window_inner=2560x1600 hud=2560x1600
[2026-08-17T12:18:48Z INFO  steel_front] size diag: window_inner=2560x1600 hud=2560x1600
[2026-08-17T12:18:48Z INFO  steel_front] size diag: window_inner=2560x1600 hud=2560x1600
[2026-08-17T12:18:48Z INFO  steel_front] size diag: window_inner=2560x1600 hud=2560x1600
[2026-08-17T12:18:48Z INFO  steel_front] size diag: window_inner=2560x1600 hud=2560x1600
[2026-08-17T12:18:48Z INFO  steel_front] size diag: window_inner=2560x1600 hud=2560x1600
[2026-08-17T12:18:48Z INFO  steel_front] size diag: window_inner=2560x1600 hud=2560x1600
[2026-08-17T12:18:48Z INFO  steel_front] size diag: window_inner=2560x1600 hud=2560x1600
[2026-08-17T12:18:48Z INFO  steel_front] size diag: window_inner=2560x1600 hud=2560x1600
[2026-08-17T12:18:49Z INFO  steel_front::engine::renderer] visible=65536/65536 near=65536 far=0 fps=363.6 frame_us=2918 cull_us=0 terrain_us=0 wait_fence_us=1683 acquire_us=0 record_us=69 submit_us=86 present_us=524 terrain_lod=high blend=0.000 quality=中画质 marker=84 npc=56
[2026-08-17T12:18:49Z INFO  steel_front::engine::game] ai: npcs=8 near=8 far=0 idle=0 patrol=0 chase=0 attack=8 tactics=[8, 0, 0, 0, 0, 0, 0, 0]
[2026-08-17T12:18:49Z INFO  steel_front::engine::game] game: wave=1 enemies=8 enemy_hp=100 hp=100/100 score=0 phys_us=2 ai_us=463 audio_us=36 net_us=0
[2026-08-17T12:18:49Z INFO  steel_front] cam: yaw=0.0 pitch=0.0 dist=3.4 mode=FirstPerson cycle_us=2735 update_us=24 render_us=2711
[2026-08-17T12:18:50Z INFO  steel_front::engine::renderer] visible=65536/65536 near=65536 far=0 fps=366.1 frame_us=2286 cull_us=0 terrain_us=0 wait_fence_us=2105 acquire_us=1 record_us=22 submit_us=18 present_us=211 terrain_lod=high blend=0.000 quality=中画质 marker=84 npc=56
[2026-08-17T12:18:50Z INFO  steel_front::engine::game] ai: npcs=8 near=8 far=0 idle=0 patrol=0 chase=0 attack=8 tactics=[8, 0, 0, 0, 0, 0, 0, 0]
[2026-08-17T12:18:50Z INFO  steel_front::engine::game] game: wave=1 enemies=8 enemy_hp=100 hp=100/100 score=0 phys_us=2 ai_us=452 audio_us=30 net_us=0
[2026-08-17T12:18:50Z INFO  steel_front] cam: yaw=0.0 pitch=0.0 dist=3.4 mode=FirstPerson cycle_us=2538 update_us=42 render_us=2495
[2026-08-17T12:18:51Z INFO  steel_front::engine::renderer] visible=65536/65536 near=65536 far=0 fps=357.5 frame_us=1967 cull_us=0 terrain_us=0 wait_fence_us=2261 acquire_us=1 record_us=45 submit_us=34 present_us=266 terrain_lod=high blend=0.000 quality=中画质 marker=84 npc=56
[2026-08-17T12:18:51Z INFO  steel_front::engine::game] ai: npcs=8 near=8 far=0 idle=0 patrol=0 chase=0 attack=8 tactics=[8, 0, 0, 0, 0, 0, 0, 0]
[2026-08-17T12:18:51Z INFO  steel_front::engine::game] game: wave=1 enemies=8 enemy_hp=100 hp=100/100 score=0 phys_us=1 ai_us=429 audio_us=24 net_us=0
[2026-08-17T12:18:51Z INFO  steel_front] cam: yaw=0.0 pitch=0.0 dist=3.4 mode=FirstPerson cycle_us=2598 update_us=34 render_us=2563
[2026-08-17T12:18:52Z INFO  steel_front::engine::renderer] visible=65536/65536 near=65536 far=0 fps=365.6 frame_us=2679 cull_us=0 terrain_us=0 wait_fence_us=1866 acquire_us=1 record_us=44 submit_us=35 present_us=215 terrain_lod=high blend=0.000 quality=中画质 marker=84 npc=56
[2026-08-17T12:18:52Z INFO  steel_front::engine::game] ai: npcs=8 near=8 far=0 idle=0 patrol=0 chase=0 attack=8 tactics=[8, 0, 0, 0, 0, 0, 0, 0]
[2026-08-17T12:18:52Z INFO  steel_front::engine::game] game: wave=1 enemies=8 enemy_hp=100 hp=100/100 score=0 phys_us=1 ai_us=391 audio_us=28 net_us=0
[2026-08-17T12:18:52Z INFO  steel_front] cam: yaw=0.0 pitch=0.0 dist=3.4 mode=FirstPerson cycle_us=2615 update_us=27 render_us=2587
[2026-08-17T12:18:53Z INFO  steel_front::engine::renderer] visible=65536/65536 near=65536 far=0 fps=358.0 frame_us=1957 cull_us=0 terrain_us=0 wait_fence_us=2427 acquire_us=1 record_us=23 submit_us=19 present_us=118 terrain_lod=high blend=0.000 quality=中画质 marker=84 npc=56
[2026-08-17T12:18:53Z INFO  steel_front::engine::game] ai: npcs=8 near=8 far=0 idle=0 patrol=0 chase=0 attack=8 tactics=[8, 0, 0, 0, 0, 0, 0, 0]
[2026-08-17T12:18:53Z INFO  steel_front::engine::game] game: wave=1 enemies=8 enemy_hp=100 hp=100/100 score=0 phys_us=1 ai_us=368 audio_us=14 net_us=0
[2026-08-17T12:18:53Z INFO  steel_front] cam: yaw=0.0 pitch=0.0 dist=3.4 mode=FirstPerson cycle_us=2492 update_us=38 render_us=2453
[2026-08-17T12:18:53Z INFO  steel_front] size diag: window_inner=2560x1600 hud=2560x1600
[2026-08-17T12:18:53Z INFO  steel_front] size diag: window_inner=2560x1600 hud=2560x1600
[2026-08-17T12:18:53Z INFO  steel_front] size diag: window_inner=2560x1600 hud=2560x1600
[2026-08-17T12:18:53Z INFO  steel_front] size diag: window_inner=2560x1600 hud=2560x1600
[2026-08-17T12:18:53Z INFO  steel_front] size diag: window_inner=2560x1600 hud=2560x1600
[2026-08-17T12:18:53Z INFO  steel_front] size diag: window_inner=2560x1600 hud=2560x1600
[2026-08-17T12:18:53Z INFO  steel_front] size diag: window_inner=2560x1600 hud=2560x1600
[2026-08-17T12:18:53Z INFO  steel_front] size diag: window_inner=2560x1600 hud=2560x1600
[2026-08-17T12:18:53Z INFO  steel_front] size diag: window_inner=2560x1600 hud=2560x1600
[2026-08-17T12:18:53Z INFO  steel_front] size diag: window_inner=2560x1600 hud=2560x1600
[2026-08-17T12:18:53Z INFO  steel_front] size diag: window_inner=2560x1600 hud=2560x1600
[2026-08-17T12:18:53Z INFO  steel_front] size diag: window_inner=2560x1600 hud=2560x1600
[2026-08-17T12:18:53Z INFO  steel_front] size diag: window_inner=2560x1600 hud=2560x1600
[2026-08-17T12:18:53Z INFO  steel_front] size diag: window_inner=2560x1600 hud=2560x1600
[2026-08-17T12:18:53Z INFO  steel_front] size diag: window_inner=2560x1600 hud=2560x1600
[2026-08-17T12:18:53Z INFO  steel_front] size diag: window_inner=2560x1600 hud=2560x1600
[2026-08-17T12:18:53Z INFO  steel_front] size diag: window_inner=2560x1600 hud=2560x1600
[2026-08-17T12:18:54Z INFO  steel_front::engine::renderer] visible=65536/65536 near=65536 far=0 fps=361.6 frame_us=2241 cull_us=2 terrain_us=0 wait_fence_us=1786 acquire_us=4 record_us=43 submit_us=36 present_us=215 terrain_lod=high blend=0.000 quality=中画质 marker=84 npc=56
[2026-08-17T12:18:54Z INFO  steel_front::engine::game] ai: npcs=8 near=8 far=0 idle=0 patrol=0 chase=0 attack=8 tactics=[8, 0, 0, 0, 0, 0, 0, 0]
[2026-08-17T12:18:54Z INFO  steel_front::engine::game] game: wave=1 enemies=8 enemy_hp=100 hp=100/100 score=0 phys_us=1 ai_us=415 audio_us=28 net_us=0
[2026-08-17T12:18:54Z INFO  steel_front] cam: yaw=0.0 pitch=0.0 dist=3.4 mode=FirstPerson cycle_us=2499 update_us=25 render_us=2473
[2026-08-17T12:18:55Z INFO  steel_front::engine::renderer] visible=65536/65536 near=65536 far=0 fps=365.5 frame_us=2704 cull_us=0 terrain_us=0 wait_fence_us=1908 acquire_us=0 record_us=44 submit_us=34 present_us=181 terrain_lod=high blend=0.000 quality=中画质 marker=84 npc=56
[2026-08-17T12:18:55Z INFO  steel_front::engine::game] ai: npcs=8 near=8 far=0 idle=0 patrol=0 chase=0 attack=8 tactics=[8, 0, 0, 0, 0, 0, 0, 0]
[2026-08-17T12:18:55Z INFO  steel_front::engine::game] game: wave=1 enemies=8 enemy_hp=100 hp=100/100 score=0 phys_us=2 ai_us=440 audio_us=32 net_us=0
[2026-08-17T12:18:55Z INFO  steel_front] cam: yaw=0.0 pitch=0.0 dist=3.4 mode=FirstPerson cycle_us=2405 update_us=34 render_us=2371
[2026-08-17T12:18:56Z INFO  steel_front::engine::renderer] visible=65536/65536 near=65536 far=0 fps=366.4 frame_us=2077 cull_us=0 terrain_us=0 wait_fence_us=2139 acquire_us=1 record_us=42 submit_us=33 present_us=222 terrain_lod=high blend=0.000 quality=中画质 marker=84 npc=56
[2026-08-17T12:18:56Z INFO  steel_front::engine::game] ai: npcs=8 near=8 far=0 idle=0 patrol=0 chase=0 attack=8 tactics=[8, 0, 0, 0, 0, 0, 0, 0]
[2026-08-17T12:18:56Z INFO  steel_front::engine::game] game: wave=1 enemies=8 enemy_hp=100 hp=100/100 score=0 phys_us=2 ai_us=410 audio_us=16 net_us=0
[2026-08-17T12:18:56Z INFO  steel_front] cam: yaw=0.0 pitch=0.0 dist=3.4 mode=FirstPerson cycle_us=2871 update_us=53 render_us=2817
[2026-08-17T12:18:57Z INFO  steel_front::engine::renderer] visible=65536/65536 near=65536 far=0 fps=366.1 frame_us=2579 cull_us=1 terrain_us=0 wait_fence_us=1851 acquire_us=1 record_us=53 submit_us=65 present_us=383 terrain_lod=high blend=0.000 quality=中画质 marker=84 npc=56
[2026-08-17T12:18:57Z INFO  steel_front::engine::game] ai: npcs=8 near=8 far=0 idle=0 patrol=0 chase=0 attack=8 tactics=[8, 0, 0, 0, 0, 0, 0, 0]
[2026-08-17T12:18:57Z INFO  steel_front::engine::game] game: wave=1 enemies=8 enemy_hp=100 hp=100/100 score=0 phys_us=1 ai_us=376 audio_us=25 net_us=0
[2026-08-17T12:18:57Z INFO  steel_front] cam: yaw=0.0 pitch=0.0 dist=3.4 mode=FirstPerson cycle_us=2790 update_us=44 render_us=2745
[2026-08-17T12:18:58Z INFO  steel_front::engine::renderer] visible=65536/65536 near=65536 far=0 fps=366.4 frame_us=2288 cull_us=0 terrain_us=0 wait_fence_us=1727 acquire_us=1 record_us=46 submit_us=36 present_us=236 terrain_lod=high blend=0.000 quality=中画质 marker=84 npc=56
[2026-08-17T12:18:58Z INFO  steel_front::engine::game] ai: npcs=8 near=8 far=0 idle=0 patrol=0 chase=0 attack=8 tactics=[8, 0, 0, 0, 0, 0, 0, 0]
[2026-08-17T12:18:58Z INFO  steel_front::engine::game] game: wave=1 enemies=8 enemy_hp=100 hp=100/100 score=0 phys_us=2 ai_us=439 audio_us=16 net_us=0
[2026-08-17T12:18:58Z INFO  steel_front] cam: yaw=0.0 pitch=0.0 dist=3.4 mode=FirstPerson cycle_us=2850 update_us=51 render_us=2799
[2026-08-17T12:18:58Z INFO  steel_front] size diag: window_inner=2560x1600 hud=2560x1600
[2026-08-17T12:18:58Z INFO  steel_front] size diag: window_inner=2560x1600 hud=2560x1600
[2026-08-17T12:18:58Z INFO  steel_front] size diag: window_inner=2560x1600 hud=2560x1600
[2026-08-17T12:18:58Z INFO  steel_front] size diag: window_inner=2560x1600 hud=2560x1600
[2026-08-17T12:18:58Z INFO  steel_front] size diag: window_inner=2560x1600 hud=2560x1600
[2026-08-17T12:18:58Z INFO  steel_front] size diag: window_inner=2560x1600 hud=2560x1600
[2026-08-17T12:18:58Z INFO  steel_front] size diag: window_inner=2560x1600 hud=2560x1600
[2026-08-17T12:18:58Z INFO  steel_front] size diag: window_inner=2560x1600 hud=2560x1600
[2026-08-17T12:18:58Z INFO  steel_front] size diag: window_inner=2560x1600 hud=2560x1600
[2026-08-17T12:18:58Z INFO  steel_front] size diag: window_inner=2560x1600 hud=2560x1600
[2026-08-17T12:18:58Z INFO  steel_front] size diag: window_inner=2560x1600 hud=2560x1600
[2026-08-17T12:18:58Z INFO  steel_front] size diag: window_inner=2560x1600 hud=2560x1600
[2026-08-17T12:18:58Z INFO  steel_front] size diag: window_inner=2560x1600 hud=2560x1600
[2026-08-17T12:18:58Z INFO  steel_front] size diag: window_inner=2560x1600 hud=2560x1600
[2026-08-17T12:18:58Z INFO  steel_front] size diag: window_inner=2560x1600 hud=2560x1600
[2026-08-17T12:18:58Z INFO  steel_front] size diag: window_inner=2560x1600 hud=2560x1600
[2026-08-17T12:18:58Z INFO  steel_front] size diag: window_inner=2560x1600 hud=2560x1600
[2026-08-17T12:18:58Z INFO  steel_front] size diag: window_inner=2560x1600 hud=2560x1600
[2026-08-17T12:18:59Z INFO  steel_front::engine::renderer] visible=65536/65536 near=65536 far=0 fps=363.4 frame_us=2059 cull_us=0 terrain_us=0 wait_fence_us=2348 acquire_us=1 record_us=24 submit_us=20 present_us=192 terrain_lod=high blend=0.000 quality=中画质 marker=84 npc=56
[2026-08-17T12:18:59Z INFO  steel_front::engine::game] ai: npcs=8 near=8 far=0 idle=0 patrol=0 chase=0 attack=8 tactics=[8, 0, 0, 0, 0, 0, 0, 0]
[2026-08-17T12:18:59Z INFO  steel_front::engine::game] game: wave=1 enemies=8 enemy_hp=100 hp=100/100 score=0 phys_us=2 ai_us=553 audio_us=24 net_us=0
[2026-08-17T12:18:59Z INFO  steel_front] cam: yaw=0.0 pitch=0.0 dist=3.4 mode=FirstPerson cycle_us=2897 update_us=35 render_us=2861
[2026-08-17T12:19:00Z INFO  steel_front::engine::renderer] visible=65536/65536 near=65536 far=0 fps=366.1 frame_us=2386 cull_us=0 terrain_us=0 wait_fence_us=1788 acquire_us=0 record_us=42 submit_us=33 present_us=210 terrain_lod=high blend=0.000 quality=中画质 marker=84 npc=56
[2026-08-17T12:19:00Z INFO  steel_front::engine::game] ai: npcs=8 near=8 far=0 idle=0 patrol=0 chase=0 attack=8 tactics=[8, 0, 0, 0, 0, 0, 0, 0]
[2026-08-17T12:19:00Z INFO  steel_front::engine::game] game: wave=1 enemies=8 enemy_hp=100 hp=100/100 score=0 phys_us=2 ai_us=490 audio_us=18 net_us=0
[2026-08-17T12:19:00Z INFO  steel_front] cam: yaw=0.0 pitch=0.0 dist=3.4 mode=FirstPerson cycle_us=2663 update_us=23 render_us=2640
[2026-08-17T12:19:01Z INFO  steel_front::engine::renderer] visible=65536/65536 near=65536 far=0 fps=364.9 frame_us=2080 cull_us=0 terrain_us=0 wait_fence_us=2503 acquire_us=1 record_us=22 submit_us=18 present_us=124 terrain_lod=high blend=0.000 quality=中画质 marker=84 npc=56
[2026-08-17T12:19:01Z INFO  steel_front::engine::game] ai: npcs=8 near=8 far=0 idle=0 patrol=0 chase=0 attack=8 tactics=[8, 0, 0, 0, 0, 0, 0, 0]
[2026-08-17T12:19:01Z INFO  steel_front::engine::game] game: wave=1 enemies=8 enemy_hp=100 hp=100/100 score=0 phys_us=1 ai_us=545 audio_us=27 net_us=0
[2026-08-17T12:19:01Z INFO  steel_front] cam: yaw=0.0 pitch=0.0 dist=3.4 mode=FirstPerson cycle_us=2753 update_us=27 render_us=2726
[2026-08-17T12:19:02Z INFO  steel_front::engine::renderer] visible=65536/65536 near=65536 far=0 fps=365.8 frame_us=2436 cull_us=0 terrain_us=0 wait_fence_us=1664 acquire_us=1 record_us=41 submit_us=47 present_us=303 terrain_lod=high blend=0.000 quality=中画质 marker=84 npc=56
[2026-08-17T12:19:02Z INFO  steel_front::engine::game] ai: npcs=8 near=8 far=0 idle=0 patrol=0 chase=0 attack=8 tactics=[8, 0, 0, 0, 0, 0, 0, 0]
[2026-08-17T12:19:02Z INFO  steel_front::engine::game] game: wave=1 enemies=8 enemy_hp=100 hp=100/100 score=0 phys_us=1 ai_us=422 audio_us=25 net_us=0
[2026-08-17T12:19:02Z INFO  steel_front] cam: yaw=0.0 pitch=0.0 dist=3.4 mode=FirstPerson cycle_us=2986 update_us=43 render_us=2943
[2026-08-17T12:19:03Z INFO  steel_front::engine::renderer] visible=65536/65536 near=65536 far=0 fps=367.6 frame_us=1536 cull_us=0 terrain_us=0 wait_fence_us=1767 acquire_us=0 record_us=28 submit_us=47 present_us=191 terrain_lod=high blend=0.000 quality=中画质 marker=84 npc=56
[2026-08-17T12:19:03Z INFO  steel_front::engine::game] ai: npcs=8 near=8 far=0 idle=0 patrol=0 chase=0 attack=8 tactics=[8, 0, 0, 0, 0, 0, 0, 0]
[2026-08-17T12:19:03Z INFO  steel_front::engine::game] game: wave=1 enemies=8 enemy_hp=100 hp=100/100 score=0 phys_us=2 ai_us=416 audio_us=29 net_us=0
[2026-08-17T12:19:03Z INFO  steel_front] cam: yaw=0.0 pitch=0.0 dist=3.4 mode=FirstPerson cycle_us=3120 update_us=19 render_us=3100
[2026-08-17T12:19:03Z INFO  steel_front] size diag: window_inner=2560x1600 hud=2560x1600
[2026-08-17T12:19:03Z INFO  steel_front] size diag: window_inner=2560x1600 hud=2560x1600
[2026-08-17T12:19:03Z INFO  steel_front] size diag: window_inner=2560x1600 hud=2560x1600
[2026-08-17T12:19:03Z INFO  steel_front] size diag: window_inner=2560x1600 hud=2560x1600
[2026-08-17T12:19:03Z INFO  steel_front] size diag: window_inner=2560x1600 hud=2560x1600
[2026-08-17T12:19:03Z INFO  steel_front] size diag: window_inner=2560x1600 hud=2560x1600
[2026-08-17T12:19:03Z INFO  steel_front] size diag: window_inner=2560x1600 hud=2560x1600
[2026-08-17T12:19:03Z INFO  steel_front] size diag: window_inner=2560x1600 hud=2560x1600
[2026-08-17T12:19:03Z INFO  steel_front] size diag: window_inner=2560x1600 hud=2560x1600
[2026-08-17T12:19:03Z INFO  steel_front] size diag: window_inner=2560x1600 hud=2560x1600
[2026-08-17T12:19:03Z INFO  steel_front] size diag: window_inner=2560x1600 hud=2560x1600
[2026-08-17T12:19:03Z INFO  steel_front] size diag: window_inner=2560x1600 hud=2560x1600
[2026-08-17T12:19:03Z INFO  steel_front] size diag: window_inner=2560x1600 hud=2560x1600
[2026-08-17T12:19:03Z INFO  steel_front] size diag: window_inner=2560x1600 hud=2560x1600
[2026-08-17T12:19:03Z INFO  steel_front] size diag: window_inner=2560x1600 hud=2560x1600
[2026-08-17T12:19:03Z INFO  steel_front] size diag: window_inner=2560x1600 hud=2560x1600
[2026-08-17T12:19:03Z INFO  steel_front] size diag: window_inner=2560x1600 hud=2560x1600
[2026-08-17T12:19:03Z INFO  steel_front] size diag: window_inner=2560x1600 hud=2560x1600
[2026-08-17T12:19:04Z INFO  steel_front::engine::renderer] visible=65536/65536 near=65536 far=0 fps=364.1 frame_us=2010 cull_us=0 terrain_us=0 wait_fence_us=2259 acquire_us=1 record_us=27 submit_us=33 present_us=159 terrain_lod=high blend=0.000 quality=中画质 marker=84 npc=56
[2026-08-17T12:19:04Z INFO  steel_front::engine::game] ai: npcs=8 near=8 far=0 idle=0 patrol=0 chase=0 attack=8 tactics=[8, 0, 0, 0, 0, 0, 0, 0]
[2026-08-17T12:19:04Z INFO  steel_front::engine::game] game: wave=1 enemies=8 enemy_hp=100 hp=100/100 score=0 phys_us=1 ai_us=450 audio_us=31 net_us=0
[2026-08-17T12:19:04Z INFO  steel_front] cam: yaw=0.0 pitch=0.0 dist=3.4 mode=FirstPerson cycle_us=2613 update_us=20 render_us=2593
[2026-08-17T12:19:05Z INFO  steel_front::engine::renderer] visible=65536/65536 near=65536 far=0 fps=368.0 frame_us=2097 cull_us=0 terrain_us=0 wait_fence_us=2174 acquire_us=1 record_us=44 submit_us=47 present_us=230 terrain_lod=high blend=0.000 quality=中画质 marker=84 npc=56
[2026-08-17T12:19:05Z INFO  steel_front::engine::game] ai: npcs=8 near=8 far=0 idle=0 patrol=0 chase=0 attack=8 tactics=[8, 0, 0, 0, 0, 0, 0, 0]
[2026-08-17T12:19:05Z INFO  steel_front::engine::game] game: wave=1 enemies=8 enemy_hp=100 hp=100/100 score=0 phys_us=2 ai_us=620 audio_us=28 net_us=0
[2026-08-17T12:19:05Z INFO  steel_front] cam: yaw=0.0 pitch=0.0 dist=3.4 mode=FirstPerson cycle_us=2784 update_us=35 render_us=2748
[2026-08-17T12:19:06Z INFO  steel_front::engine::renderer] visible=65536/65536 near=65536 far=0 fps=367.3 frame_us=2512 cull_us=0 terrain_us=0 wait_fence_us=1794 acquire_us=1 record_us=44 submit_us=46 present_us=214 terrain_lod=high blend=0.000 quality=中画质 marker=84 npc=56
[2026-08-17T12:19:06Z INFO  steel_front::engine::game] ai: npcs=8 near=8 far=0 idle=0 patrol=0 chase=0 attack=8 tactics=[8, 0, 0, 0, 0, 0, 0, 0]
[2026-08-17T12:19:06Z INFO  steel_front::engine::game] game: wave=1 enemies=8 enemy_hp=100 hp=100/100 score=0 phys_us=2 ai_us=146 audio_us=13 net_us=0
[2026-08-17T12:19:06Z INFO  steel_front] cam: yaw=0.0 pitch=0.0 dist=3.4 mode=FirstPerson cycle_us=2922 update_us=20 render_us=2901
[2026-08-17T12:19:07Z INFO  steel_front::engine::renderer] visible=65536/65536 near=65536 far=0 fps=365.9 frame_us=1965 cull_us=0 terrain_us=0 wait_fence_us=2088 acquire_us=0 record_us=23 submit_us=24 present_us=125 terrain_lod=high blend=0.000 quality=中画质 marker=84 npc=56
[2026-08-17T12:19:07Z INFO  steel_front::engine::game] ai: npcs=8 near=8 far=0 idle=0 patrol=0 chase=0 attack=8 tactics=[8, 0, 0, 0, 0, 0, 0, 0]
[2026-08-17T12:19:07Z INFO  steel_front::engine::game] game: wave=1 enemies=8 enemy_hp=100 hp=100/100 score=0 phys_us=6 ai_us=527 audio_us=14 net_us=0
[2026-08-17T12:19:07Z INFO  steel_front] cam: yaw=0.0 pitch=0.0 dist=3.4 mode=FirstPerson cycle_us=2626 update_us=40 render_us=2585
[2026-08-17T12:19:08Z INFO  steel_front::engine::renderer] visible=65536/65536 near=65536 far=0 fps=366.6 frame_us=2392 cull_us=0 terrain_us=0 wait_fence_us=1980 acquire_us=0 record_us=42 submit_us=54 present_us=303 terrain_lod=high blend=0.000 quality=中画质 marker=84 npc=56
[2026-08-17T12:19:08Z INFO  steel_front::engine::game] ai: npcs=8 near=8 far=0 idle=0 patrol=0 chase=0 attack=8 tactics=[8, 0, 0, 0, 0, 0, 0, 0]
[2026-08-17T12:19:08Z INFO  steel_front::engine::game] game: wave=1 enemies=8 enemy_hp=100 hp=100/100 score=0 phys_us=1 ai_us=346 audio_us=12 net_us=0
[2026-08-17T12:19:08Z INFO  steel_front] cam: yaw=0.0 pitch=0.0 dist=3.4 mode=FirstPerson cycle_us=2541 update_us=44 render_us=2497
[2026-08-17T12:19:08Z INFO  steel_front] size diag: window_inner=2560x1600 hud=2560x1600
[2026-08-17T12:19:08Z INFO  steel_front] size diag: window_inner=2560x1600 hud=2560x1600
[2026-08-17T12:19:08Z INFO  steel_front] size diag: window_inner=2560x1600 hud=2560x1600
[2026-08-17T12:19:08Z INFO  steel_front] size diag: window_inner=2560x1600 hud=2560x1600
[2026-08-17T12:19:08Z INFO  steel_front] size diag: window_inner=2560x1600 hud=2560x1600
[2026-08-17T12:19:08Z INFO  steel_front] size diag: window_inner=2560x1600 hud=2560x1600
[2026-08-17T12:19:08Z INFO  steel_front] size diag: window_inner=2560x1600 hud=2560x1600
[2026-08-17T12:19:08Z INFO  steel_front] size diag: window_inner=2560x1600 hud=2560x1600
[2026-08-17T12:19:08Z INFO  steel_front] size diag: window_inner=2560x1600 hud=2560x1600
[2026-08-17T12:19:08Z INFO  steel_front] size diag: window_inner=2560x1600 hud=2560x1600
[2026-08-17T12:19:08Z INFO  steel_front] size diag: window_inner=2560x1600 hud=2560x1600
[2026-08-17T12:19:08Z INFO  steel_front] size diag: window_inner=2560x1600 hud=2560x1600
[2026-08-17T12:19:08Z INFO  steel_front] size diag: window_inner=2560x1600 hud=2560x1600
[2026-08-17T12:19:08Z INFO  steel_front] size diag: window_inner=2560x1600 hud=2560x1600
[2026-08-17T12:19:08Z INFO  steel_front] size diag: window_inner=2560x1600 hud=2560x1600
[2026-08-17T12:19:08Z INFO  steel_front] size diag: window_inner=2560x1600 hud=2560x1600
[2026-08-17T12:19:08Z INFO  steel_front] size diag: window_inner=2560x1600 hud=2560x1600
[2026-08-17T12:19:08Z INFO  steel_front] size diag: window_inner=2560x1600 hud=2560x1600
[2026-08-17T12:19:09Z INFO  steel_front::engine::renderer] visible=65536/65536 near=65536 far=0 fps=366.3 frame_us=2293 cull_us=0 terrain_us=0 wait_fence_us=1981 acquire_us=1 record_us=43 submit_us=47 present_us=201 terrain_lod=high blend=0.000 quality=中画质 marker=84 npc=56
[2026-08-17T12:19:09Z INFO  steel_front::engine::game] ai: npcs=8 near=8 far=0 idle=0 patrol=0 chase=0 attack=8 tactics=[8, 0, 0, 0, 0, 0, 0, 0]
[2026-08-17T12:19:09Z INFO  steel_front::engine::game] game: wave=1 enemies=8 enemy_hp=100 hp=100/100 score=0 phys_us=2 ai_us=409 audio_us=23 net_us=0
[2026-08-17T12:19:09Z INFO  steel_front] cam: yaw=0.0 pitch=0.0 dist=3.4 mode=FirstPerson cycle_us=2949 update_us=42 render_us=2907
[2026-08-17T12:19:10Z INFO  steel_front::engine::renderer] visible=65536/65536 near=65536 far=0 fps=366.0 frame_us=2311 cull_us=0 terrain_us=0 wait_fence_us=1949 acquire_us=0 record_us=45 submit_us=48 present_us=217 terrain_lod=high blend=0.000 quality=中画质 marker=84 npc=56
[2026-08-17T12:19:10Z INFO  steel_front::engine::game] ai: npcs=8 near=8 far=0 idle=0 patrol=0 chase=0 attack=8 tactics=[8, 0, 0, 0, 0, 0, 0, 0]
[2026-08-17T12:19:10Z INFO  steel_front::engine::game] game: wave=1 enemies=8 enemy_hp=100 hp=100/100 score=0 phys_us=2 ai_us=376 audio_us=14 net_us=0
[2026-08-17T12:19:10Z INFO  steel_front] cam: yaw=0.0 pitch=0.0 dist=3.4 mode=FirstPerson cycle_us=2842 update_us=43 render_us=2798
[2026-08-17T12:19:11Z INFO  steel_front::engine::renderer] visible=65536/65536 near=65536 far=0 fps=362.4 frame_us=1989 cull_us=0 terrain_us=0 wait_fence_us=2308 acquire_us=1 record_us=24 submit_us=31 present_us=125 terrain_lod=high blend=0.000 quality=中画质 marker=84 npc=56
[2026-08-17T12:19:11Z INFO  steel_front::engine::game] ai: npcs=8 near=8 far=0 idle=0 patrol=0 chase=0 attack=8 tactics=[8, 0, 0, 0, 0, 0, 0, 0]
[2026-08-17T12:19:11Z INFO  steel_front::engine::game] game: wave=1 enemies=8 enemy_hp=100 hp=100/100 score=0 phys_us=2 ai_us=406 audio_us=31 net_us=0
[2026-08-17T12:19:11Z INFO  steel_front] cam: yaw=0.0 pitch=0.0 dist=3.4 mode=FirstPerson cycle_us=2724 update_us=43 render_us=2681
[2026-08-17T12:19:12Z INFO  steel_front::engine::renderer] visible=65536/65536 near=65536 far=0 fps=363.7 frame_us=2365 cull_us=0 terrain_us=0 wait_fence_us=1812 acquire_us=1 record_us=48 submit_us=38 present_us=539 terrain_lod=high blend=0.000 quality=中画质 marker=84 npc=56
[2026-08-17T12:19:12Z INFO  steel_front::engine::game] ai: npcs=8 near=8 far=0 idle=0 patrol=0 chase=0 attack=8 tactics=[8, 0, 0, 0, 0, 0, 0, 0]
[2026-08-17T12:19:12Z INFO  steel_front::engine::game] game: wave=1 enemies=8 enemy_hp=100 hp=100/100 score=0 phys_us=3 ai_us=519 audio_us=36 net_us=1
[2026-08-17T12:19:12Z INFO  steel_front] cam: yaw=0.0 pitch=0.0 dist=3.4 mode=FirstPerson cycle_us=3318 update_us=22 render_us=3295
[2026-08-17T12:19:13Z INFO  steel_front::engine::renderer] visible=65536/65536 near=65536 far=0 fps=360.6 frame_us=2233 cull_us=0 terrain_us=0 wait_fence_us=1778 acquire_us=1 record_us=50 submit_us=42 present_us=288 terrain_lod=high blend=0.000 quality=中画质 marker=84 npc=56
[2026-08-17T12:19:13Z INFO  steel_front::engine::game] ai: npcs=8 near=8 far=0 idle=0 patrol=0 chase=0 attack=8 tactics=[8, 0, 0, 0, 0, 0, 0, 0]
[2026-08-17T12:19:13Z INFO  steel_front::engine::game] game: wave=1 enemies=8 enemy_hp=100 hp=100/100 score=0 phys_us=1 ai_us=144 audio_us=25 net_us=0
[2026-08-17T12:19:13Z INFO  steel_front] cam: yaw=0.0 pitch=0.0 dist=3.4 mode=FirstPerson cycle_us=2675 update_us=39 render_us=2635
[2026-08-17T12:19:13Z INFO  steel_front] size diag: window_inner=2560x1600 hud=2560x1600
[2026-08-17T12:19:13Z INFO  steel_front] size diag: window_inner=2560x1600 hud=2560x1600
[2026-08-17T12:19:13Z INFO  steel_front] size diag: window_inner=2560x1600 hud=2560x1600
[2026-08-17T12:19:13Z INFO  steel_front] size diag: window_inner=2560x1600 hud=2560x1600
[2026-08-17T12:19:13Z INFO  steel_front] size diag: window_inner=2560x1600 hud=2560x1600
[2026-08-17T12:19:13Z INFO  steel_front] size diag: window_inner=2560x1600 hud=2560x1600
[2026-08-17T12:19:13Z INFO  steel_front] size diag: window_inner=2560x1600 hud=2560x1600
[2026-08-17T12:19:13Z INFO  steel_front] size diag: window_inner=2560x1600 hud=2560x1600
[2026-08-17T12:19:13Z INFO  steel_front] size diag: window_inner=2560x1600 hud=2560x1600
[2026-08-17T12:19:13Z INFO  steel_front] size diag: window_inner=2560x1600 hud=2560x1600
[2026-08-17T12:19:13Z INFO  steel_front] size diag: window_inner=2560x1600 hud=2560x1600
[2026-08-17T12:19:13Z INFO  steel_front] size diag: window_inner=2560x1600 hud=2560x1600
[2026-08-17T12:19:13Z INFO  steel_front] size diag: window_inner=2560x1600 hud=2560x1600
[2026-08-17T12:19:13Z INFO  steel_front] size diag: window_inner=2560x1600 hud=2560x1600
[2026-08-17T12:19:13Z INFO  steel_front] size diag: window_inner=2560x1600 hud=2560x1600
[2026-08-17T12:19:13Z INFO  steel_front] size diag: window_inner=2560x1600 hud=2560x1600
[2026-08-17T12:19:13Z INFO  steel_front] size diag: window_inner=2560x1600 hud=2560x1600
[2026-08-17T12:19:13Z INFO  steel_front] size diag: window_inner=2560x1600 hud=2560x1600
[2026-08-17T12:19:13Z INFO  steel_front] size diag: window_inner=2560x1600 hud=2560x1600
[2026-08-17T12:19:14Z INFO  steel_front::engine::renderer] visible=65536/65536 near=65536 far=0 fps=371.0 frame_us=2196 cull_us=1 terrain_us=0 wait_fence_us=1942 acquire_us=1 record_us=54 submit_us=38 present_us=288 terrain_lod=high blend=0.000 quality=中画质 marker=84 npc=56
[2026-08-17T12:19:14Z INFO  steel_front::engine::game] ai: npcs=8 near=8 far=0 idle=0 patrol=0 chase=0 attack=8 tactics=[8, 0, 0, 0, 0, 0, 0, 0]
[2026-08-17T12:19:14Z INFO  steel_front::engine::game] game: wave=1 enemies=8 enemy_hp=100 hp=100/100 score=0 phys_us=2 ai_us=269 audio_us=13 net_us=0
[2026-08-17T12:19:14Z INFO  steel_front] cam: yaw=0.0 pitch=0.0 dist=3.4 mode=FirstPerson cycle_us=3504 update_us=45 render_us=3458
[2026-08-17T12:19:15Z INFO  steel_front::engine::renderer] visible=65536/65536 near=65536 far=0 fps=347.1 frame_us=2550 cull_us=0 terrain_us=0 wait_fence_us=1948 acquire_us=1 record_us=43 submit_us=112 present_us=199 terrain_lod=high blend=0.000 quality=中画质 marker=84 npc=56
[2026-08-17T12:19:15Z INFO  steel_front::engine::game] ai: npcs=8 near=8 far=0 idle=0 patrol=0 chase=0 attack=8 tactics=[8, 0, 0, 0, 0, 0, 0, 0]
[2026-08-17T12:19:15Z INFO  steel_front::engine::game] game: wave=1 enemies=8 enemy_hp=100 hp=100/100 score=0 phys_us=2 ai_us=263 audio_us=34 net_us=0
[2026-08-17T12:19:15Z INFO  steel_front] cam: yaw=0.0 pitch=0.0 dist=3.4 mode=FirstPerson cycle_us=2582 update_us=22 render_us=2560
[2026-08-17T12:19:16Z INFO  steel_front::engine::renderer] visible=65536/65536 near=65536 far=0 fps=362.3 frame_us=1912 cull_us=0 terrain_us=0 wait_fence_us=2349 acquire_us=1 record_us=25 submit_us=41 present_us=132 terrain_lod=high blend=0.000 quality=中画质 marker=84 npc=56
[2026-08-17T12:19:16Z INFO  steel_front::engine::game] ai: npcs=8 near=8 far=0 idle=0 patrol=0 chase=0 attack=8 tactics=[8, 0, 0, 0, 0, 0, 0, 0]
[2026-08-17T12:19:16Z INFO  steel_front::engine::game] game: wave=1 enemies=8 enemy_hp=100 hp=100/100 score=0 phys_us=2 ai_us=112 audio_us=12 net_us=0
[2026-08-17T12:19:16Z INFO  steel_front] cam: yaw=0.0 pitch=0.0 dist=3.4 mode=FirstPerson cycle_us=2787 update_us=19 render_us=2768
[2026-08-17T12:19:17Z INFO  steel_front::engine::renderer] visible=65536/65536 near=65536 far=0 fps=366.2 frame_us=2335 cull_us=1 terrain_us=0 wait_fence_us=2300 acquire_us=1 record_us=25 submit_us=36 present_us=142 terrain_lod=high blend=0.000 quality=中画质 marker=84 npc=56
[2026-08-17T12:19:17Z INFO  steel_front::engine::game] ai: npcs=8 near=8 far=0 idle=0 patrol=0 chase=0 attack=8 tactics=[8, 0, 0, 0, 0, 0, 0, 0]
[2026-08-17T12:19:17Z INFO  steel_front::engine::game] game: wave=1 enemies=8 enemy_hp=100 hp=100/100 score=0 phys_us=1 ai_us=150 audio_us=15 net_us=0
[2026-08-17T12:19:17Z INFO  steel_front] cam: yaw=0.0 pitch=0.0 dist=3.4 mode=FirstPerson cycle_us=2588 update_us=22 render_us=2565
[2026-08-17T12:19:18Z INFO  steel_front::engine::renderer] visible=65536/65536 near=65536 far=0 fps=365.2 frame_us=2175 cull_us=0 terrain_us=0 wait_fence_us=1815 acquire_us=0 record_us=41 submit_us=33 present_us=203 terrain_lod=high blend=0.000 quality=中画质 marker=84 npc=56
[2026-08-17T12:19:18Z INFO  steel_front::engine::game] ai: npcs=8 near=8 far=0 idle=0 patrol=0 chase=0 attack=8 tactics=[8, 0, 0, 0, 0, 0, 0, 0]
[2026-08-17T12:19:18Z INFO  steel_front::engine::game] game: wave=1 enemies=8 enemy_hp=100 hp=100/100 score=0 phys_us=1 ai_us=98 audio_us=25 net_us=0
[2026-08-17T12:19:18Z INFO  steel_front] cam: yaw=0.0 pitch=0.0 dist=3.4 mode=FirstPerson cycle_us=2329 update_us=39 render_us=2289
[2026-08-17T12:19:18Z INFO  steel_front] size diag: window_inner=2560x1600 hud=2560x1600
[2026-08-17T12:19:18Z INFO  steel_front] size diag: window_inner=2560x1600 hud=2560x1600
[2026-08-17T12:19:18Z INFO  steel_front] size diag: window_inner=2560x1600 hud=2560x1600
[2026-08-17T12:19:18Z INFO  steel_front] size diag: window_inner=2560x1600 hud=2560x1600
[2026-08-17T12:19:18Z INFO  steel_front] size diag: window_inner=2560x1600 hud=2560x1600
[2026-08-17T12:19:18Z INFO  steel_front] size diag: window_inner=2560x1600 hud=2560x1600
[2026-08-17T12:19:18Z INFO  steel_front] size diag: window_inner=2560x1600 hud=2560x1600
[2026-08-17T12:19:18Z INFO  steel_front] size diag: window_inner=2560x1600 hud=2560x1600
[2026-08-17T12:19:18Z INFO  steel_front] size diag: window_inner=2560x1600 hud=2560x1600
[2026-08-17T12:19:18Z INFO  steel_front] size diag: window_inner=2560x1600 hud=2560x1600
[2026-08-17T12:19:18Z INFO  steel_front] size diag: window_inner=2560x1600 hud=2560x1600
[2026-08-17T12:19:18Z INFO  steel_front] size diag: window_inner=2560x1600 hud=2560x1600
[2026-08-17T12:19:18Z INFO  steel_front] size diag: window_inner=2560x1600 hud=2560x1600
[2026-08-17T12:19:18Z INFO  steel_front] size diag: window_inner=2560x1600 hud=2560x1600
[2026-08-17T12:19:18Z INFO  steel_front] size diag: window_inner=2560x1600 hud=2560x1600
[2026-08-17T12:19:18Z INFO  steel_front] size diag: window_inner=2560x1600 hud=2560x1600
[2026-08-17T12:19:18Z INFO  steel_front] size diag: window_inner=2560x1600 hud=2560x1600
[2026-08-17T12:19:19Z INFO  steel_front::engine::renderer] visible=65536/65536 near=65536 far=0 fps=362.7 frame_us=2559 cull_us=0 terrain_us=0 wait_fence_us=1989 acquire_us=1 record_us=45 submit_us=34 present_us=239 terrain_lod=high blend=0.000 quality=中画质 marker=84 npc=56
[2026-08-17T12:19:19Z INFO  steel_front::engine::game] ai: npcs=8 near=8 far=0 idle=0 patrol=0 chase=0 attack=8 tactics=[8, 0, 0, 0, 0, 0, 0, 0]
[2026-08-17T12:19:19Z INFO  steel_front::engine::game] game: wave=1 enemies=8 enemy_hp=100 hp=100/100 score=0 phys_us=1 ai_us=119 audio_us=32 net_us=0
[2026-08-17T12:19:19Z INFO  steel_front] cam: yaw=0.0 pitch=0.0 dist=3.4 mode=FirstPerson cycle_us=2941 update_us=25 render_us=2916
[2026-08-17T12:19:20Z INFO  steel_front::engine::renderer] visible=65536/65536 near=65536 far=0 fps=364.6 frame_us=2330 cull_us=0 terrain_us=0 wait_fence_us=2048 acquire_us=1 record_us=45 submit_us=38 present_us=461 terrain_lod=high blend=0.000 quality=中画质 marker=84 npc=56
[2026-08-17T12:19:20Z INFO  steel_front::engine::game] ai: npcs=8 near=8 far=0 idle=0 patrol=0 chase=0 attack=8 tactics=[8, 0, 0, 0, 0, 0, 0, 0]
[2026-08-17T12:19:20Z INFO  steel_front::engine::game] game: wave=1 enemies=8 enemy_hp=100 hp=100/100 score=0 phys_us=2 ai_us=114 audio_us=29 net_us=0
[2026-08-17T12:19:20Z INFO  steel_front] cam: yaw=0.0 pitch=0.0 dist=3.4 mode=FirstPerson cycle_us=2652 update_us=37 render_us=2614
[2026-08-17T12:19:21Z INFO  steel_front::engine::renderer] visible=65536/65536 near=65536 far=0 fps=363.8 frame_us=2549 cull_us=1 terrain_us=0 wait_fence_us=1983 acquire_us=1 record_us=44 submit_us=38 present_us=210 terrain_lod=high blend=0.000 quality=中画质 marker=84 npc=56
[2026-08-17T12:19:21Z INFO  steel_front::engine::game] ai: npcs=8 near=8 far=0 idle=0 patrol=0 chase=0 attack=8 tactics=[8, 0, 0, 0, 0, 0, 0, 0]
[2026-08-17T12:19:21Z INFO  steel_front::engine::game] game: wave=1 enemies=8 enemy_hp=100 hp=100/100 score=0 phys_us=1 ai_us=161 audio_us=15 net_us=0
[2026-08-17T12:19:21Z INFO  steel_front] cam: yaw=0.0 pitch=0.0 dist=3.4 mode=FirstPerson cycle_us=2928 update_us=44 render_us=2884
[2026-08-17T12:19:22Z INFO  steel_front::engine::renderer] visible=65536/65536 near=65536 far=0 fps=365.6 frame_us=2746 cull_us=0 terrain_us=0 wait_fence_us=1859 acquire_us=1 record_us=43 submit_us=43 present_us=228 terrain_lod=high blend=0.000 quality=中画质 marker=84 npc=56
[2026-08-17T12:19:22Z INFO  steel_front::engine::game] ai: npcs=8 near=8 far=0 idle=0 patrol=0 chase=0 attack=8 tactics=[8, 0, 0, 0, 0, 0, 0, 0]
[2026-08-17T12:19:22Z INFO  steel_front::engine::game] game: wave=1 enemies=8 enemy_hp=100 hp=100/100 score=0 phys_us=2 ai_us=134 audio_us=28 net_us=0
[2026-08-17T12:19:22Z INFO  steel_front] cam: yaw=0.0 pitch=0.0 dist=3.4 mode=FirstPerson cycle_us=2914 update_us=20 render_us=2894
[2026-08-17T12:19:23Z INFO  steel_front::engine::renderer] visible=65536/65536 near=65536 far=0 fps=365.3 frame_us=2113 cull_us=0 terrain_us=0 wait_fence_us=2151 acquire_us=1 record_us=42 submit_us=33 present_us=291 terrain_lod=high blend=0.000 quality=中画质 marker=84 npc=56
[2026-08-17T12:19:23Z INFO  steel_front::engine::game] ai: npcs=8 near=8 far=0 idle=0 patrol=0 chase=0 attack=8 tactics=[8, 0, 0, 0, 0, 0, 0, 0]
[2026-08-17T12:19:23Z INFO  steel_front::engine::game] game: wave=1 enemies=8 enemy_hp=100 hp=100/100 score=0 phys_us=1 ai_us=121 audio_us=16 net_us=0
[2026-08-17T12:19:23Z INFO  steel_front] cam: yaw=0.0 pitch=0.0 dist=3.4 mode=FirstPerson cycle_us=2530 update_us=42 render_us=2488
[2026-08-17T12:19:23Z INFO  steel_front] size diag: window_inner=2560x1600 hud=2560x1600
[2026-08-17T12:19:23Z INFO  steel_front] size diag: window_inner=2560x1600 hud=2560x1600
[2026-08-17T12:19:23Z INFO  steel_front] size diag: window_inner=2560x1600 hud=2560x1600
[2026-08-17T12:19:23Z INFO  steel_front] size diag: window_inner=2560x1600 hud=2560x1600
[2026-08-17T12:19:23Z INFO  steel_front] size diag: window_inner=2560x1600 hud=2560x1600
[2026-08-17T12:19:23Z INFO  steel_front] size diag: window_inner=2560x1600 hud=2560x1600
[2026-08-17T12:19:23Z INFO  steel_front] size diag: window_inner=2560x1600 hud=2560x1600
[2026-08-17T12:19:23Z INFO  steel_front] size diag: window_inner=2560x1600 hud=2560x1600
[2026-08-17T12:19:23Z INFO  steel_front] size diag: window_inner=2560x1600 hud=2560x1600
[2026-08-17T12:19:23Z INFO  steel_front] size diag: window_inner=2560x1600 hud=2560x1600
[2026-08-17T12:19:23Z INFO  steel_front] size diag: window_inner=2560x1600 hud=2560x1600
[2026-08-17T12:19:23Z INFO  steel_front] size diag: window_inner=2560x1600 hud=2560x1600
[2026-08-17T12:19:23Z INFO  steel_front] size diag: window_inner=2560x1600 hud=2560x1600
[2026-08-17T12:19:23Z INFO  steel_front] size diag: window_inner=2560x1600 hud=2560x1600
[2026-08-17T12:19:23Z INFO  steel_front] size diag: window_inner=2560x1600 hud=2560x1600
[2026-08-17T12:19:23Z INFO  steel_front] size diag: window_inner=2560x1600 hud=2560x1600
[2026-08-17T12:19:23Z INFO  steel_front] size diag: window_inner=2560x1600 hud=2560x1600
[2026-08-17T12:19:23Z INFO  steel_front] size diag: window_inner=2560x1600 hud=2560x1600
[2026-08-17T12:19:24Z INFO  steel_front::engine::renderer] visible=65536/65536 near=65536 far=0 fps=365.8 frame_us=2087 cull_us=0 terrain_us=0 wait_fence_us=2101 acquire_us=1 record_us=24 submit_us=20 present_us=267 terrain_lod=high blend=0.000 quality=中画质 marker=84 npc=56
[2026-08-17T12:19:24Z INFO  steel_front::engine::game] ai: npcs=8 near=8 far=0 idle=0 patrol=0 chase=0 attack=8 tactics=[8, 0, 0, 0, 0, 0, 0, 0]
[2026-08-17T12:19:24Z INFO  steel_front::engine::game] game: wave=1 enemies=8 enemy_hp=100 hp=100/100 score=0 phys_us=1 ai_us=130 audio_us=23 net_us=0
[2026-08-17T12:19:24Z INFO  steel_front] cam: yaw=0.0 pitch=0.0 dist=3.4 mode=FirstPerson cycle_us=2956 update_us=21 render_us=2935
[2026-08-17T12:19:25Z INFO  steel_front::engine::game] ai: npcs=8 near=8 far=0 idle=0 patrol=0 chase=0 attack=8 tactics=[8, 0, 0, 0, 0, 0, 0, 0]
[2026-08-17T12:19:25Z INFO  steel_front::engine::game] game: wave=1 enemies=8 enemy_hp=100 hp=100/100 score=0 phys_us=4 ai_us=483 audio_us=29 net_us=0
[2026-08-17T12:19:25Z INFO  steel_front::engine::renderer] visible=65536/65536 near=65536 far=0 fps=366.2 frame_us=2427 cull_us=0 terrain_us=0 wait_fence_us=1035 acquire_us=1 record_us=63 submit_us=26 present_us=160 terrain_lod=high blend=0.000 quality=中画质 marker=84 npc=56
[2026-08-17T12:19:25Z INFO  steel_front] cam: yaw=0.0 pitch=0.0 dist=3.4 mode=FirstPerson cycle_us=2507 update_us=38 render_us=2469
[2026-08-17T12:19:26Z INFO  steel_front::engine::game] ai: npcs=8 near=8 far=0 idle=0 patrol=0 chase=0 attack=8 tactics=[8, 0, 0, 0, 0, 0, 0, 0]
[2026-08-17T12:19:26Z INFO  steel_front::engine::game] game: wave=1 enemies=8 enemy_hp=100 hp=100/100 score=0 phys_us=2 ai_us=504 audio_us=27 net_us=0
[2026-08-17T12:19:26Z INFO  steel_front::engine::renderer] visible=65536/65536 near=65536 far=0 fps=364.0 frame_us=2391 cull_us=1 terrain_us=0 wait_fence_us=1333 acquire_us=1 record_us=41 submit_us=33 present_us=206 terrain_lod=high blend=0.000 quality=中画质 marker=84 npc=56
[2026-08-17T12:19:26Z INFO  steel_front] cam: yaw=0.0 pitch=0.0 dist=3.4 mode=FirstPerson cycle_us=2972 update_us=24 render_us=2947
[2026-08-17T12:19:27Z INFO  steel_front::engine::game] ai: npcs=8 near=8 far=0 idle=0 patrol=0 chase=0 attack=8 tactics=[8, 0, 0, 0, 0, 0, 0, 0]
[2026-08-17T12:19:27Z INFO  steel_front::engine::game] game: wave=1 enemies=8 enemy_hp=100 hp=100/100 score=0 phys_us=2 ai_us=534 audio_us=32 net_us=0
[2026-08-17T12:19:27Z INFO  steel_front::engine::renderer] visible=65536/65536 near=65536 far=0 fps=364.3 frame_us=2182 cull_us=0 terrain_us=0 wait_fence_us=1559 acquire_us=1 record_us=41 submit_us=33 present_us=237 terrain_lod=high blend=0.000 quality=中画质 marker=84 npc=56
[2026-08-17T12:19:27Z INFO  steel_front] cam: yaw=0.0 pitch=0.0 dist=3.4 mode=FirstPerson cycle_us=2769 update_us=25 render_us=2744
[2026-08-17T12:19:28Z INFO  steel_front::engine::game] ai: npcs=8 near=8 far=0 idle=0 patrol=0 chase=0 attack=8 tactics=[8, 0, 0, 0, 0, 0, 0, 0]
[2026-08-17T12:19:28Z INFO  steel_front::engine::game] game: wave=1 enemies=8 enemy_hp=100 hp=100/100 score=0 phys_us=2 ai_us=544 audio_us=29 net_us=0
[2026-08-17T12:19:28Z INFO  steel_front::engine::renderer] visible=65536/65536 near=65536 far=0 fps=364.7 frame_us=2170 cull_us=0 terrain_us=0 wait_fence_us=1412 acquire_us=1 record_us=49 submit_us=36 present_us=362 terrain_lod=high blend=0.000 quality=中画质 marker=84 npc=56
[2026-08-17T12:19:28Z INFO  steel_front] cam: yaw=0.0 pitch=0.0 dist=3.4 mode=FirstPerson cycle_us=3090 update_us=22 render_us=3067
[2026-08-17T12:19:28Z INFO  steel_front] size diag: window_inner=2560x1600 hud=2560x1600
[2026-08-17T12:19:28Z INFO  steel_front] size diag: window_inner=2560x1600 hud=2560x1600
[2026-08-17T12:19:28Z INFO  steel_front] size diag: window_inner=2560x1600 hud=2560x1600
[2026-08-17T12:19:28Z INFO  steel_front] size diag: window_inner=2560x1600 hud=2560x1600
[2026-08-17T12:19:28Z INFO  steel_front] size diag: window_inner=2560x1600 hud=2560x1600
[2026-08-17T12:19:28Z INFO  steel_front] size diag: window_inner=2560x1600 hud=2560x1600
[2026-08-17T12:19:28Z INFO  steel_front] size diag: window_inner=2560x1600 hud=2560x1600
[2026-08-17T12:19:28Z INFO  steel_front] size diag: window_inner=2560x1600 hud=2560x1600
[2026-08-17T12:19:28Z INFO  steel_front] size diag: window_inner=2560x1600 hud=2560x1600
[2026-08-17T12:19:28Z INFO  steel_front] size diag: window_inner=2560x1600 hud=2560x1600
[2026-08-17T12:19:28Z INFO  steel_front] size diag: window_inner=2560x1600 hud=2560x1600
[2026-08-17T12:19:28Z INFO  steel_front] size diag: window_inner=2560x1600 hud=2560x1600
[2026-08-17T12:19:28Z INFO  steel_front] size diag: window_inner=2560x1600 hud=2560x1600
[2026-08-17T12:19:28Z INFO  steel_front] size diag: window_inner=2560x1600 hud=2560x1600
[2026-08-17T12:19:28Z INFO  steel_front] size diag: window_inner=2560x1600 hud=2560x1600
[2026-08-17T12:19:28Z INFO  steel_front] size diag: window_inner=2560x1600 hud=2560x1600
[2026-08-17T12:19:28Z INFO  steel_front] size diag: window_inner=2560x1600 hud=2560x1600
[2026-08-17T12:19:28Z INFO  steel_front] size diag: window_inner=2560x1600 hud=2560x1600
[2026-08-17T12:19:29Z INFO  steel_front::engine::game] ai: npcs=8 near=8 far=0 idle=0 patrol=0 chase=0 attack=8 tactics=[8, 0, 0, 0, 0, 0, 0, 0]
[2026-08-17T12:19:29Z INFO  steel_front::engine::game] game: wave=1 enemies=8 enemy_hp=100 hp=100/100 score=0 phys_us=2 ai_us=468 audio_us=13 net_us=0
[2026-08-17T12:19:29Z INFO  steel_front::engine::renderer] visible=65536/65536 near=65536 far=0 fps=364.2 frame_us=2444 cull_us=0 terrain_us=0 wait_fence_us=1387 acquire_us=1 record_us=43 submit_us=35 present_us=211 terrain_lod=high blend=0.000 quality=中画质 marker=84 npc=56
[2026-08-17T12:19:29Z INFO  steel_front] cam: yaw=0.0 pitch=0.0 dist=3.4 mode=FirstPerson cycle_us=2348 update_us=29 render_us=2318
[2026-08-17T12:19:30Z INFO  steel_front::engine::game] ai: npcs=8 near=8 far=0 idle=0 patrol=0 chase=0 attack=8 tactics=[8, 0, 0, 0, 0, 0, 0, 0]
[2026-08-17T12:19:30Z INFO  steel_front::engine::game] game: wave=1 enemies=8 enemy_hp=100 hp=100/100 score=0 phys_us=3 ai_us=227 audio_us=14 net_us=0
[2026-08-17T12:19:30Z INFO  steel_front::engine::renderer] visible=65536/65536 near=65536 far=0 fps=362.0 frame_us=1890 cull_us=0 terrain_us=0 wait_fence_us=1997 acquire_us=1 record_us=46 submit_us=41 present_us=245 terrain_lod=high blend=0.000 quality=中画质 marker=84 npc=56
[2026-08-17T12:19:30Z INFO  steel_front] cam: yaw=0.0 pitch=0.0 dist=3.4 mode=FirstPerson cycle_us=2785 update_us=26 render_us=2758
[2026-08-17T12:19:31Z INFO  steel_front::engine::game] ai: npcs=8 near=8 far=0 idle=0 patrol=0 chase=0 attack=8 tactics=[8, 0, 0, 0, 0, 0, 0, 0]
[2026-08-17T12:19:31Z INFO  steel_front::engine::game] game: wave=1 enemies=8 enemy_hp=100 hp=100/100 score=0 phys_us=2 ai_us=490 audio_us=16 net_us=0
[2026-08-17T12:19:31Z INFO  steel_front::engine::renderer] visible=65536/65536 near=65536 far=0 fps=369.9 frame_us=1607 cull_us=0 terrain_us=0 wait_fence_us=2327 acquire_us=1 record_us=44 submit_us=42 present_us=223 terrain_lod=high blend=0.000 quality=中画质 marker=84 npc=56
[2026-08-17T12:19:31Z INFO  steel_front] cam: yaw=0.0 pitch=0.0 dist=3.4 mode=FirstPerson cycle_us=2910 update_us=20 render_us=2890
[2026-08-17T12:19:32Z INFO  steel_front::engine::game] ai: npcs=8 near=8 far=0 idle=0 patrol=0 chase=0 attack=8 tactics=[8, 0, 0, 0, 0, 0, 0, 0]
[2026-08-17T12:19:32Z INFO  steel_front::engine::game] game: wave=1 enemies=8 enemy_hp=100 hp=100/100 score=0 phys_us=2 ai_us=622 audio_us=19 net_us=0
[2026-08-17T12:19:32Z INFO  steel_front::engine::renderer] visible=65536/65536 near=65536 far=0 fps=375.3 frame_us=1896 cull_us=0 terrain_us=0 wait_fence_us=1760 acquire_us=1 record_us=45 submit_us=41 present_us=237 terrain_lod=high blend=0.000 quality=中画质 marker=84 npc=56
[2026-08-17T12:19:32Z INFO  steel_front] cam: yaw=0.0 pitch=0.0 dist=3.4 mode=FirstPerson cycle_us=2863 update_us=21 render_us=2841
[2026-08-17T12:19:33Z INFO  steel_front::engine::game] ai: npcs=8 near=8 far=0 idle=0 patrol=0 chase=0 attack=8 tactics=[8, 0, 0, 0, 0, 0, 0, 0]
[2026-08-17T12:19:33Z INFO  steel_front::engine::game] game: wave=1 enemies=8 enemy_hp=100 hp=100/100 score=0 phys_us=2 ai_us=422 audio_us=27 net_us=0
[2026-08-17T12:19:33Z INFO  steel_front::engine::renderer] visible=65536/65536 near=65536 far=0 fps=375.2 frame_us=2018 cull_us=0 terrain_us=0 wait_fence_us=2095 acquire_us=1 record_us=21 submit_us=16 present_us=119 terrain_lod=high blend=0.000 quality=中画质 marker=84 npc=56
[2026-08-17T12:19:33Z INFO  steel_front] cam: yaw=0.0 pitch=0.0 dist=3.4 mode=FirstPerson cycle_us=2342 update_us=39 render_us=2302
[2026-08-17T12:19:33Z INFO  steel_front] size diag: window_inner=2560x1600 hud=2560x1600
[2026-08-17T12:19:33Z INFO  steel_front] size diag: window_inner=2560x1600 hud=2560x1600
[2026-08-17T12:19:33Z INFO  steel_front] size diag: window_inner=2560x1600 hud=2560x1600
[2026-08-17T12:19:33Z INFO  steel_front] size diag: window_inner=2560x1600 hud=2560x1600
[2026-08-17T12:19:33Z INFO  steel_front] size diag: window_inner=2560x1600 hud=2560x1600
[2026-08-17T12:19:33Z INFO  steel_front] size diag: window_inner=2560x1600 hud=2560x1600
[2026-08-17T12:19:33Z INFO  steel_front] size diag: window_inner=2560x1600 hud=2560x1600
[2026-08-17T12:19:33Z INFO  steel_front] size diag: window_inner=2560x1600 hud=2560x1600
[2026-08-17T12:19:33Z INFO  steel_front] size diag: window_inner=2560x1600 hud=2560x1600
[2026-08-17T12:19:33Z INFO  steel_front] size diag: window_inner=2560x1600 hud=2560x1600
[2026-08-17T12:19:33Z INFO  steel_front] size diag: window_inner=2560x1600 hud=2560x1600
[2026-08-17T12:19:33Z INFO  steel_front] size diag: window_inner=2560x1600 hud=2560x1600
[2026-08-17T12:19:33Z INFO  steel_front] size diag: window_inner=2560x1600 hud=2560x1600
[2026-08-17T12:19:33Z INFO  steel_front] size diag: window_inner=2560x1600 hud=2560x1600
[2026-08-17T12:19:33Z INFO  steel_front] size diag: window_inner=2560x1600 hud=2560x1600
[2026-08-17T12:19:33Z INFO  steel_front] size diag: window_inner=2560x1600 hud=2560x1600
[2026-08-17T12:19:33Z INFO  steel_front] size diag: window_inner=2560x1600 hud=2560x1600
[2026-08-17T12:19:33Z INFO  steel_front] size diag: window_inner=2560x1600 hud=2560x1600
[2026-08-17T12:19:34Z INFO  steel_front::engine::game] ai: npcs=8 near=8 far=0 idle=0 patrol=0 chase=0 attack=8 tactics=[8, 0, 0, 0, 0, 0, 0, 0]
[2026-08-17T12:19:34Z INFO  steel_front::engine::game] game: wave=1 enemies=8 enemy_hp=100 hp=100/100 score=0 phys_us=2 ai_us=424 audio_us=28 net_us=0
[2026-08-17T12:19:34Z INFO  steel_front::engine::renderer] visible=65536/65536 near=65536 far=0 fps=361.7 frame_us=1991 cull_us=0 terrain_us=0 wait_fence_us=2143 acquire_us=1 record_us=42 submit_us=31 present_us=209 terrain_lod=high blend=0.000 quality=中画质 marker=82 npc=56
[2026-08-17T12:19:34Z INFO  steel_front] cam: yaw=0.0 pitch=0.0 dist=3.4 mode=FirstPerson cycle_us=2526 update_us=38 render_us=2488
[2026-08-17T12:19:35Z INFO  steel_front::engine::game] ai: npcs=8 near=8 far=0 idle=0 patrol=0 chase=0 attack=8 tactics=[8, 0, 0, 0, 0, 0, 0, 0]
[2026-08-17T12:19:35Z INFO  steel_front::engine::game] game: wave=1 enemies=8 enemy_hp=100 hp=100/100 score=0 phys_us=3 ai_us=221 audio_us=15 net_us=0
[2026-08-17T12:19:35Z INFO  steel_front::engine::renderer] visible=65536/65536 near=65536 far=0 fps=373.6 frame_us=1972 cull_us=1 terrain_us=0 wait_fence_us=2402 acquire_us=1 record_us=23 submit_us=20 present_us=138 terrain_lod=high blend=0.000 quality=中画质 marker=84 npc=56
[2026-08-17T12:19:35Z INFO  steel_front] cam: yaw=0.0 pitch=0.0 dist=3.4 mode=FirstPerson cycle_us=2775 update_us=38 render_us=2737
[2026-08-17T12:19:36Z INFO  steel_front::engine::game] ai: npcs=8 near=8 far=0 idle=0 patrol=0 chase=0 attack=8 tactics=[8, 0, 0, 0, 0, 0, 0, 0]
[2026-08-17T12:19:36Z INFO  steel_front::engine::game] game: wave=1 enemies=8 enemy_hp=100 hp=100/100 score=0 phys_us=2 ai_us=708 audio_us=24 net_us=0
[2026-08-17T12:19:36Z INFO  steel_front::engine::renderer] visible=65536/65536 near=65536 far=0 fps=374.0 frame_us=2326 cull_us=0 terrain_us=0 wait_fence_us=2082 acquire_us=0 record_us=41 submit_us=33 present_us=247 terrain_lod=high blend=0.000 quality=中画质 marker=84 npc=56
[2026-08-17T12:19:36Z INFO  steel_front] cam: yaw=0.0 pitch=0.0 dist=3.4 mode=FirstPerson cycle_us=2755 update_us=36 render_us=2718
[2026-08-17T12:19:37Z INFO  steel_front::engine::game] ai: npcs=8 near=8 far=0 idle=0 patrol=0 chase=0 attack=8 tactics=[8, 0, 0, 0, 0, 0, 0, 0]
[2026-08-17T12:19:37Z INFO  steel_front::engine::game] game: wave=1 enemies=8 enemy_hp=100 hp=100/100 score=0 phys_us=2 ai_us=289 audio_us=18 net_us=0
[2026-08-17T12:19:37Z INFO  steel_front::engine::renderer] visible=65536/65536 near=65536 far=0 fps=372.9 frame_us=2160 cull_us=0 terrain_us=0 wait_fence_us=2147 acquire_us=1 record_us=29 submit_us=23 present_us=286 terrain_lod=high blend=0.000 quality=中画质 marker=84 npc=56
[2026-08-17T12:19:37Z INFO  steel_front] cam: yaw=0.0 pitch=0.0 dist=3.4 mode=FirstPerson cycle_us=2404 update_us=40 render_us=2363
[2026-08-17T12:19:38Z INFO  steel_front::engine::game] ai: npcs=8 near=8 far=0 idle=0 patrol=0 chase=0 attack=8 tactics=[8, 0, 0, 0, 0, 0, 0, 0]
[2026-08-17T12:19:38Z INFO  steel_front::engine::game] game: wave=1 enemies=8 enemy_hp=100 hp=100/100 score=0 phys_us=2 ai_us=236 audio_us=14 net_us=0
[2026-08-17T12:19:38Z INFO  steel_front::engine::renderer] visible=65536/65536 near=65536 far=0 fps=341.3 frame_us=2272 cull_us=0 terrain_us=0 wait_fence_us=1740 acquire_us=1 record_us=44 submit_us=36 present_us=280 terrain_lod=high blend=0.000 quality=中画质 marker=84 npc=56
[2026-08-17T12:19:38Z INFO  steel_front] cam: yaw=0.0 pitch=0.0 dist=3.4 mode=FirstPerson cycle_us=2498 update_us=38 render_us=2459
[2026-08-17T12:19:38Z INFO  steel_front] size diag: window_inner=2560x1600 hud=2560x1600
[2026-08-17T12:19:38Z INFO  steel_front] size diag: window_inner=2560x1600 hud=2560x1600
[2026-08-17T12:19:38Z INFO  steel_front] size diag: window_inner=2560x1600 hud=2560x1600
[2026-08-17T12:19:38Z INFO  steel_front] size diag: window_inner=2560x1600 hud=2560x1600
[2026-08-17T12:19:38Z INFO  steel_front] size diag: window_inner=2560x1600 hud=2560x1600
[2026-08-17T12:19:38Z INFO  steel_front] size diag: window_inner=2560x1600 hud=2560x1600
[2026-08-17T12:19:38Z INFO  steel_front] size diag: window_inner=2560x1600 hud=2560x1600
[2026-08-17T12:19:38Z INFO  steel_front] size diag: window_inner=2560x1600 hud=2560x1600
[2026-08-17T12:19:38Z INFO  steel_front] size diag: window_inner=2560x1600 hud=2560x1600
[2026-08-17T12:19:38Z INFO  steel_front] size diag: window_inner=2560x1600 hud=2560x1600
[2026-08-17T12:19:38Z INFO  steel_front] size diag: window_inner=2560x1600 hud=2560x1600
[2026-08-17T12:19:38Z INFO  steel_front] size diag: window_inner=2560x1600 hud=2560x1600
[2026-08-17T12:19:38Z INFO  steel_front] size diag: window_inner=2560x1600 hud=2560x1600
[2026-08-17T12:19:38Z INFO  steel_front] size diag: window_inner=2560x1600 hud=2560x1600
[2026-08-17T12:19:38Z INFO  steel_front] size diag: window_inner=2560x1600 hud=2560x1600
[2026-08-17T12:19:38Z INFO  steel_front] size diag: window_inner=2560x1600 hud=2560x1600
[2026-08-17T12:19:38Z INFO  steel_front] size diag: window_inner=2560x1600 hud=2560x1600
[2026-08-17T12:19:39Z INFO  steel_front::engine::game] ai: npcs=8 near=8 far=0 idle=0 patrol=0 chase=0 attack=8 tactics=[8, 0, 0, 0, 0, 0, 0, 0]
[2026-08-17T12:19:39Z INFO  steel_front::engine::game] game: wave=1 enemies=8 enemy_hp=100 hp=100/100 score=0 phys_us=1 ai_us=536 audio_us=28 net_us=0
[2026-08-17T12:19:39Z INFO  steel_front::engine::renderer] visible=65536/65536 near=65536 far=0 fps=354.4 frame_us=2184 cull_us=0 terrain_us=0 wait_fence_us=2208 acquire_us=0 record_us=24 submit_us=33 present_us=269 terrain_lod=high blend=0.000 quality=中画质 marker=84 npc=56
[2026-08-17T12:19:39Z INFO  steel_front] cam: yaw=0.0 pitch=0.0 dist=3.4 mode=FirstPerson cycle_us=2876 update_us=43 render_us=2832
[2026-08-17T12:19:40Z INFO  steel_front::engine::game] ai: npcs=8 near=8 far=0 idle=0 patrol=0 chase=0 attack=8 tactics=[8, 0, 0, 0, 0, 0, 0, 0]
[2026-08-17T12:19:40Z INFO  steel_front::engine::game] game: wave=1 enemies=8 enemy_hp=100 hp=100/100 score=0 phys_us=2 ai_us=594 audio_us=27 net_us=0
[2026-08-17T12:19:40Z INFO  steel_front::engine::renderer] visible=65536/65536 near=65536 far=0 fps=365.2 frame_us=2367 cull_us=0 terrain_us=0 wait_fence_us=1781 acquire_us=1 record_us=41 submit_us=33 present_us=207 terrain_lod=high blend=0.000 quality=中画质 marker=84 npc=56
[2026-08-17T12:19:40Z INFO  steel_front] cam: yaw=0.0 pitch=0.0 dist=3.4 mode=FirstPerson cycle_us=2938 update_us=49 render_us=2888
[2026-08-17T12:19:41Z INFO  steel_front::engine::game] ai: npcs=8 near=8 far=0 idle=0 patrol=0 chase=0 attack=8 tactics=[8, 0, 0, 0, 0, 0, 0, 0]
[2026-08-17T12:19:41Z INFO  steel_front::engine::game] game: wave=1 enemies=8 enemy_hp=100 hp=100/100 score=0 phys_us=2 ai_us=504 audio_us=23 net_us=0
[2026-08-17T12:19:41Z INFO  steel_front::engine::renderer] visible=65536/65536 near=65536 far=0 fps=365.1 frame_us=2111 cull_us=0 terrain_us=0 wait_fence_us=1865 acquire_us=0 record_us=43 submit_us=32 present_us=226 terrain_lod=high blend=0.000 quality=中画质 marker=84 npc=56
[2026-08-17T12:19:41Z INFO  steel_front] cam: yaw=0.0 pitch=0.0 dist=3.4 mode=FirstPerson cycle_us=2854 update_us=39 render_us=2814
[2026-08-17T12:19:42Z INFO  steel_front::engine::game] ai: npcs=8 near=8 far=0 idle=0 patrol=0 chase=0 attack=8 tactics=[8, 0, 0, 0, 0, 0, 0, 0]
[2026-08-17T12:19:42Z INFO  steel_front::engine::game] game: wave=1 enemies=8 enemy_hp=100 hp=100/100 score=0 phys_us=2 ai_us=488 audio_us=26 net_us=0
[2026-08-17T12:19:42Z INFO  steel_front::engine::renderer] visible=65536/65536 near=65536 far=0 fps=364.7 frame_us=2033 cull_us=0 terrain_us=0 wait_fence_us=2067 acquire_us=0 record_us=42 submit_us=32 present_us=208 terrain_lod=high blend=0.000 quality=中画质 marker=84 npc=56
[2026-08-17T12:19:42Z INFO  steel_front] cam: yaw=0.0 pitch=0.0 dist=3.4 mode=FirstPerson cycle_us=2278 update_us=26 render_us=2251
[2026-08-17T12:19:43Z INFO  steel_front::engine::game] ai: npcs=8 near=8 far=0 idle=0 patrol=0 chase=0 attack=8 tactics=[8, 0, 0, 0, 0, 0, 0, 0]
[2026-08-17T12:19:43Z INFO  steel_front::engine::game] game: wave=1 enemies=8 enemy_hp=100 hp=100/100 score=0 phys_us=2 ai_us=644 audio_us=17 net_us=0
[2026-08-17T12:19:43Z INFO  steel_front::engine::renderer] visible=65536/65536 near=65536 far=0 fps=364.9 frame_us=2103 cull_us=0 terrain_us=0 wait_fence_us=2220 acquire_us=1 record_us=37 submit_us=33 present_us=311 terrain_lod=high blend=0.000 quality=中画质 marker=84 npc=56
[2026-08-17T12:19:43Z INFO  steel_front] cam: yaw=0.0 pitch=0.0 dist=3.4 mode=FirstPerson cycle_us=2799 update_us=41 render_us=2758
[2026-08-17T12:19:43Z INFO  steel_front] size diag: window_inner=2560x1600 hud=2560x1600
[2026-08-17T12:19:43Z INFO  steel_front] size diag: window_inner=2560x1600 hud=2560x1600
[2026-08-17T12:19:43Z INFO  steel_front] size diag: window_inner=2560x1600 hud=2560x1600
[2026-08-17T12:19:43Z INFO  steel_front] size diag: window_inner=2560x1600 hud=2560x1600
[2026-08-17T12:19:43Z INFO  steel_front] size diag: window_inner=2560x1600 hud=2560x1600
[2026-08-17T12:19:43Z INFO  steel_front] size diag: window_inner=2560x1600 hud=2560x1600
[2026-08-17T12:19:43Z INFO  steel_front] size diag: window_inner=2560x1600 hud=2560x1600
[2026-08-17T12:19:43Z INFO  steel_front] size diag: window_inner=2560x1600 hud=2560x1600
[2026-08-17T12:19:43Z INFO  steel_front] size diag: window_inner=2560x1600 hud=2560x1600
[2026-08-17T12:19:43Z INFO  steel_front] size diag: window_inner=2560x1600 hud=2560x1600
[2026-08-17T12:19:43Z INFO  steel_front] size diag: window_inner=2560x1600 hud=2560x1600
[2026-08-17T12:19:43Z INFO  steel_front] size diag: window_inner=2560x1600 hud=2560x1600
[2026-08-17T12:19:43Z INFO  steel_front] size diag: window_inner=2560x1600 hud=2560x1600
[2026-08-17T12:19:43Z INFO  steel_front] size diag: window_inner=2560x1600 hud=2560x1600
[2026-08-17T12:19:43Z INFO  steel_front] size diag: window_inner=2560x1600 hud=2560x1600
[2026-08-17T12:19:43Z INFO  steel_front] size diag: window_inner=2560x1600 hud=2560x1600
[2026-08-17T12:19:43Z INFO  steel_front] size diag: window_inner=2560x1600 hud=2560x1600
[2026-08-17T12:19:43Z INFO  steel_front] size diag: window_inner=2560x1600 hud=2560x1600
[2026-08-17T12:19:44Z INFO  steel_front::engine::game] ai: npcs=8 near=8 far=0 idle=0 patrol=0 chase=0 attack=8 tactics=[8, 0, 0, 0, 0, 0, 0, 0]
[2026-08-17T12:19:44Z INFO  steel_front::engine::game] game: wave=1 enemies=8 enemy_hp=100 hp=100/100 score=0 phys_us=4 ai_us=431 audio_us=15 net_us=1
[2026-08-17T12:19:44Z INFO  steel_front::engine::renderer] visible=65536/65536 near=65536 far=0 fps=367.5 frame_us=2042 cull_us=0 terrain_us=0 wait_fence_us=2128 acquire_us=1 record_us=43 submit_us=34 present_us=287 terrain_lod=high blend=0.000 quality=中画质 marker=84 npc=56
[2026-08-17T12:19:44Z INFO  steel_front] cam: yaw=0.0 pitch=0.0 dist=3.4 mode=FirstPerson cycle_us=2333 update_us=22 render_us=2310
[2026-08-17T12:19:45Z INFO  steel_front::engine::game] ai: npcs=8 near=8 far=0 idle=0 patrol=0 chase=0 attack=8 tactics=[8, 0, 0, 0, 0, 0, 0, 0]
[2026-08-17T12:19:45Z INFO  steel_front::engine::game] game: wave=1 enemies=8 enemy_hp=100 hp=100/100 score=0 phys_us=2 ai_us=476 audio_us=16 net_us=0
[2026-08-17T12:19:45Z INFO  steel_front::engine::renderer] visible=65536/65536 near=65536 far=0 fps=364.8 frame_us=2772 cull_us=1 terrain_us=0 wait_fence_us=2372 acquire_us=1 record_us=21 submit_us=23 present_us=145 terrain_lod=high blend=0.000 quality=中画质 marker=84 npc=56
[2026-08-17T12:19:45Z INFO  steel_front] cam: yaw=0.0 pitch=0.0 dist=3.4 mode=FirstPerson cycle_us=2528 update_us=39 render_us=2489
[2026-08-17T12:19:46Z INFO  steel_front::engine::game] ai: npcs=8 near=8 far=0 idle=0 patrol=0 chase=0 attack=8 tactics=[8, 0, 0, 0, 0, 0, 0, 0]
[2026-08-17T12:19:46Z INFO  steel_front::engine::game] game: wave=1 enemies=8 enemy_hp=100 hp=100/100 score=0 phys_us=5 ai_us=613 audio_us=27 net_us=0
[2026-08-17T12:19:46Z INFO  steel_front::engine::renderer] visible=65536/65536 near=65536 far=0 fps=364.8 frame_us=2475 cull_us=0 terrain_us=0 wait_fence_us=1818 acquire_us=0 record_us=38 submit_us=35 present_us=205 terrain_lod=high blend=0.000 quality=中画质 marker=84 npc=56
[2026-08-17T12:19:46Z INFO  steel_front] cam: yaw=0.0 pitch=0.0 dist=3.4 mode=FirstPerson cycle_us=2567 update_us=44 render_us=2523
[2026-08-17T12:19:47Z INFO  steel_front::engine::game] ai: npcs=8 near=8 far=0 idle=0 patrol=0 chase=0 attack=8 tactics=[8, 0, 0, 0, 0, 0, 0, 0]
[2026-08-17T12:19:47Z INFO  steel_front::engine::game] game: wave=1 enemies=8 enemy_hp=100 hp=100/100 score=0 phys_us=1 ai_us=504 audio_us=14 net_us=0
[2026-08-17T12:19:47Z INFO  steel_front::engine::renderer] visible=65536/65536 near=65536 far=0 fps=346.4 frame_us=2493 cull_us=0 terrain_us=0 wait_fence_us=1821 acquire_us=0 record_us=39 submit_us=45 present_us=223 terrain_lod=high blend=0.000 quality=中画质 marker=84 npc=56
[2026-08-17T12:19:47Z INFO  steel_front] cam: yaw=0.0 pitch=0.0 dist=3.4 mode=FirstPerson cycle_us=2955 update_us=21 render_us=2933
[2026-08-17T12:19:48Z INFO  steel_front::engine::game] ai: npcs=8 near=8 far=0 idle=0 patrol=0 chase=0 attack=8 tactics=[8, 0, 0, 0, 0, 0, 0, 0]
[2026-08-17T12:19:48Z INFO  steel_front::engine::game] game: wave=1 enemies=8 enemy_hp=100 hp=100/100 score=0 phys_us=2 ai_us=615 audio_us=31 net_us=0
[2026-08-17T12:19:48Z INFO  steel_front::engine::renderer] visible=65536/65536 near=65536 far=0 fps=358.0 frame_us=2080 cull_us=1 terrain_us=0 wait_fence_us=2127 acquire_us=1 record_us=40 submit_us=40 present_us=283 terrain_lod=high blend=0.000 quality=中画质 marker=84 npc=56
[2026-08-17T12:19:48Z INFO  steel_front] size diag: window_inner=2560x1600 hud=2560x1600
[2026-08-17T12:19:48Z INFO  steel_front] cam: yaw=0.0 pitch=0.0 dist=3.4 mode=FirstPerson cycle_us=2494 update_us=32 render_us=2461
[2026-08-17T12:19:48Z INFO  steel_front] size diag: window_inner=2560x1600 hud=2560x1600
[2026-08-17T12:19:48Z INFO  steel_front] size diag: window_inner=2560x1600 hud=2560x1600
[2026-08-17T12:19:48Z INFO  steel_front] size diag: window_inner=2560x1600 hud=2560x1600
[2026-08-17T12:19:48Z INFO  steel_front] size diag: window_inner=2560x1600 hud=2560x1600
[2026-08-17T12:19:48Z INFO  steel_front] size diag: window_inner=2560x1600 hud=2560x1600
[2026-08-17T12:19:48Z INFO  steel_front] size diag: window_inner=2560x1600 hud=2560x1600
[2026-08-17T12:19:48Z INFO  steel_front] size diag: window_inner=2560x1600 hud=2560x1600
[2026-08-17T12:19:48Z INFO  steel_front] size diag: window_inner=2560x1600 hud=2560x1600
[2026-08-17T12:19:48Z INFO  steel_front] size diag: window_inner=2560x1600 hud=2560x1600
[2026-08-17T12:19:48Z INFO  steel_front] size diag: window_inner=2560x1600 hud=2560x1600
[2026-08-17T12:19:48Z INFO  steel_front] size diag: window_inner=2560x1600 hud=2560x1600
[2026-08-17T12:19:48Z INFO  steel_front] size diag: window_inner=2560x1600 hud=2560x1600
[2026-08-17T12:19:48Z INFO  steel_front] size diag: window_inner=2560x1600 hud=2560x1600
[2026-08-17T12:19:48Z INFO  steel_front] size diag: window_inner=2560x1600 hud=2560x1600
[2026-08-17T12:19:48Z INFO  steel_front] size diag: window_inner=2560x1600 hud=2560x1600
[2026-08-17T12:19:48Z INFO  steel_front] size diag: window_inner=2560x1600 hud=2560x1600
[2026-08-17T12:19:48Z INFO  steel_front] size diag: window_inner=2560x1600 hud=2560x1600
[2026-08-17T12:19:49Z INFO  steel_front::engine::game] ai: npcs=8 near=8 far=0 idle=0 patrol=0 chase=0 attack=8 tactics=[8, 0, 0, 0, 0, 0, 0, 0]
[2026-08-17T12:19:49Z INFO  steel_front::engine::game] game: wave=1 enemies=8 enemy_hp=100 hp=100/100 score=0 phys_us=5 ai_us=555 audio_us=26 net_us=0
[2026-08-17T12:19:49Z INFO  steel_front::engine::renderer] visible=65536/65536 near=65536 far=0 fps=359.5 frame_us=2664 cull_us=0 terrain_us=0 wait_fence_us=1873 acquire_us=1 record_us=36 submit_us=35 present_us=201 terrain_lod=high blend=0.000 quality=中画质 marker=84 npc=56
[2026-08-17T12:19:49Z INFO  steel_front] cam: yaw=0.0 pitch=0.0 dist=3.4 mode=FirstPerson cycle_us=2460 update_us=23 render_us=2436
[2026-08-17T12:19:50Z INFO  steel_front::engine::game] ai: npcs=8 near=8 far=0 idle=0 patrol=0 chase=0 attack=8 tactics=[8, 0, 0, 0, 0, 0, 0, 0]
[2026-08-17T12:19:50Z INFO  steel_front::engine::game] game: wave=1 enemies=8 enemy_hp=100 hp=100/100 score=0 phys_us=2 ai_us=474 audio_us=24 net_us=0
[2026-08-17T12:19:50Z INFO  steel_front::engine::renderer] visible=65536/65536 near=65536 far=0 fps=366.9 frame_us=2220 cull_us=0 terrain_us=0 wait_fence_us=1789 acquire_us=1 record_us=37 submit_us=41 present_us=209 terrain_lod=high blend=0.000 quality=中画质 marker=84 npc=56
[2026-08-17T12:19:50Z INFO  steel_front] cam: yaw=0.0 pitch=0.0 dist=3.4 mode=FirstPerson cycle_us=2457 update_us=35 render_us=2421
[2026-08-17T12:19:51Z INFO  steel_front::engine::game] ai: npcs=8 near=8 far=0 idle=0 patrol=0 chase=0 attack=8 tactics=[8, 0, 0, 0, 0, 0, 0, 0]
[2026-08-17T12:19:51Z INFO  steel_front::engine::game] game: wave=1 enemies=8 enemy_hp=100 hp=100/100 score=0 phys_us=2 ai_us=536 audio_us=26 net_us=0
[2026-08-17T12:19:51Z INFO  steel_front::engine::renderer] visible=65536/65536 near=65536 far=0 fps=365.4 frame_us=2163 cull_us=0 terrain_us=0 wait_fence_us=2092 acquire_us=1 record_us=42 submit_us=31 present_us=243 terrain_lod=high blend=0.000 quality=中画质 marker=84 npc=56
[2026-08-17T12:19:51Z INFO  steel_front] cam: yaw=0.0 pitch=0.0 dist=3.4 mode=FirstPerson cycle_us=2857 update_us=47 render_us=2809
[2026-08-17T12:19:52Z INFO  steel_front::engine::game] ai: npcs=8 near=8 far=0 idle=0 patrol=0 chase=0 attack=8 tactics=[8, 0, 0, 0, 0, 0, 0, 0]
[2026-08-17T12:19:52Z INFO  steel_front::engine::game] game: wave=1 enemies=8 enemy_hp=100 hp=100/100 score=0 phys_us=2 ai_us=528 audio_us=26 net_us=0
[2026-08-17T12:19:52Z INFO  steel_front::engine::renderer] visible=65536/65536 near=65536 far=0 fps=365.7 frame_us=2570 cull_us=0 terrain_us=0 wait_fence_us=1704 acquire_us=1 record_us=48 submit_us=39 present_us=239 terrain_lod=high blend=0.000 quality=中画质 marker=84 npc=56
[2026-08-17T12:19:52Z INFO  steel_front] cam: yaw=0.0 pitch=0.0 dist=3.4 mode=FirstPerson cycle_us=2770 update_us=37 render_us=2733
[2026-08-17T12:19:53Z INFO  steel_front::engine::game] ai: npcs=8 near=8 far=0 idle=0 patrol=0 chase=0 attack=8 tactics=[8, 0, 0, 0, 0, 0, 0, 0]
[2026-08-17T12:19:53Z INFO  steel_front::engine::game] game: wave=1 enemies=8 enemy_hp=100 hp=100/100 score=0 phys_us=1 ai_us=430 audio_us=26 net_us=0
[2026-08-17T12:19:53Z INFO  steel_front::engine::renderer] visible=65536/65536 near=65536 far=0 fps=363.8 frame_us=2596 cull_us=0 terrain_us=0 wait_fence_us=1712 acquire_us=0 record_us=42 submit_us=31 present_us=205 terrain_lod=high blend=0.000 quality=中画质 marker=84 npc=56
[2026-08-17T12:19:53Z INFO  steel_front] size diag: window_inner=2560x1600 hud=2560x1600
[2026-08-17T12:19:53Z INFO  steel_front] size diag: window_inner=2560x1600 hud=2560x1600
[2026-08-17T12:19:53Z INFO  steel_front] size diag: window_inner=2560x1600 hud=2560x1600
[2026-08-17T12:19:53Z INFO  steel_front] cam: yaw=0.0 pitch=0.0 dist=3.4 mode=FirstPerson cycle_us=2609 update_us=48 render_us=2560
[2026-08-17T12:19:53Z INFO  steel_front] size diag: window_inner=2560x1600 hud=2560x1600
[2026-08-17T12:19:53Z INFO  steel_front] size diag: window_inner=2560x1600 hud=2560x1600
[2026-08-17T12:19:53Z INFO  steel_front] size diag: window_inner=2560x1600 hud=2560x1600
[2026-08-17T12:19:53Z INFO  steel_front] size diag: window_inner=2560x1600 hud=2560x1600
[2026-08-17T12:19:53Z INFO  steel_front] size diag: window_inner=2560x1600 hud=2560x1600
[2026-08-17T12:19:53Z INFO  steel_front] size diag: window_inner=2560x1600 hud=2560x1600
[2026-08-17T12:19:53Z INFO  steel_front] size diag: window_inner=2560x1600 hud=2560x1600
[2026-08-17T12:19:53Z INFO  steel_front] size diag: window_inner=2560x1600 hud=2560x1600
[2026-08-17T12:19:53Z INFO  steel_front] size diag: window_inner=2560x1600 hud=2560x1600
[2026-08-17T12:19:53Z INFO  steel_front] size diag: window_inner=2560x1600 hud=2560x1600
[2026-08-17T12:19:53Z INFO  steel_front] size diag: window_inner=2560x1600 hud=2560x1600
[2026-08-17T12:19:53Z INFO  steel_front] size diag: window_inner=2560x1600 hud=2560x1600
[2026-08-17T12:19:53Z INFO  steel_front] size diag: window_inner=2560x1600 hud=2560x1600
[2026-08-17T12:19:53Z INFO  steel_front] size diag: window_inner=2560x1600 hud=2560x1600
[2026-08-17T12:19:54Z INFO  steel_front::engine::game] ai: npcs=8 near=8 far=0 idle=0 patrol=0 chase=0 attack=8 tactics=[8, 0, 0, 0, 0, 0, 0, 0]
[2026-08-17T12:19:54Z INFO  steel_front::engine::game] game: wave=1 enemies=8 enemy_hp=100 hp=100/100 score=0 phys_us=3 ai_us=1044 audio_us=32 net_us=0
[2026-08-17T12:19:54Z INFO  steel_front::engine::renderer] visible=65536/65536 near=65536 far=0 fps=363.2 frame_us=2287 cull_us=1 terrain_us=0 wait_fence_us=1937 acquire_us=1 record_us=57 submit_us=37 present_us=261 terrain_lod=high blend=0.000 quality=中画质 marker=84 npc=56
[2026-08-17T12:19:54Z INFO  steel_front] cam: yaw=0.0 pitch=0.0 dist=3.4 mode=FirstPerson cycle_us=2718 update_us=24 render_us=2693
[2026-08-17T12:19:55Z INFO  steel_front::engine::game] ai: npcs=8 near=8 far=0 idle=0 patrol=0 chase=0 attack=8 tactics=[8, 0, 0, 0, 0, 0, 0, 0]
[2026-08-17T12:19:55Z INFO  steel_front::engine::game] game: wave=1 enemies=8 enemy_hp=100 hp=100/100 score=0 phys_us=2 ai_us=498 audio_us=29 net_us=0
[2026-08-17T12:19:55Z INFO  steel_front::engine::renderer] visible=65536/65536 near=65536 far=0 fps=364.6 frame_us=2318 cull_us=1 terrain_us=0 wait_fence_us=2076 acquire_us=1 record_us=43 submit_us=32 present_us=273 terrain_lod=high blend=0.000 quality=中画质 marker=84 npc=56
[2026-08-17T12:19:55Z INFO  steel_front] cam: yaw=0.0 pitch=0.0 dist=3.4 mode=FirstPerson cycle_us=2748 update_us=38 render_us=2710
[2026-08-17T12:19:56Z INFO  steel_front::engine::game] ai: npcs=8 near=8 far=0 idle=0 patrol=0 chase=0 attack=8 tactics=[8, 0, 0, 0, 0, 0, 0, 0]
[2026-08-17T12:19:56Z INFO  steel_front::engine::game] game: wave=1 enemies=8 enemy_hp=100 hp=100/100 score=0 phys_us=5 ai_us=602 audio_us=29 net_us=0
[2026-08-17T12:19:56Z INFO  steel_front::engine::renderer] visible=65536/65536 near=65536 far=0 fps=366.1 frame_us=2657 cull_us=0 terrain_us=0 wait_fence_us=1742 acquire_us=1 record_us=43 submit_us=36 present_us=381 terrain_lod=high blend=0.000 quality=中画质 marker=84 npc=56
[2026-08-17T12:19:56Z INFO  steel_front] cam: yaw=0.0 pitch=0.0 dist=3.4 mode=FirstPerson cycle_us=2774 update_us=27 render_us=2747
[2026-08-17T12:19:57Z INFO  steel_front::engine::game] ai: npcs=8 near=8 far=0 idle=0 patrol=0 chase=0 attack=8 tactics=[8, 0, 0, 0, 0, 0, 0, 0]
[2026-08-17T12:19:57Z INFO  steel_front::engine::game] game: wave=1 enemies=8 enemy_hp=100 hp=100/100 score=0 phys_us=1 ai_us=822 audio_us=31 net_us=0
[2026-08-17T12:19:57Z INFO  steel_front::engine::renderer] visible=65536/65536 near=65536 far=0 fps=362.1 frame_us=2293 cull_us=0 terrain_us=0 wait_fence_us=1881 acquire_us=0 record_us=96 submit_us=40 present_us=334 terrain_lod=high blend=0.000 quality=中画质 marker=84 npc=56
[2026-08-17T12:19:57Z INFO  steel_front] cam: yaw=0.0 pitch=0.0 dist=3.4 mode=FirstPerson cycle_us=2588 update_us=39 render_us=2549
[2026-08-17T12:19:58Z INFO  steel_front::engine::game] ai: npcs=8 near=8 far=0 idle=0 patrol=0 chase=0 attack=8 tactics=[8, 0, 0, 0, 0, 0, 0, 0]
[2026-08-17T12:19:58Z INFO  steel_front::engine::game] game: wave=1 enemies=8 enemy_hp=100 hp=100/100 score=0 phys_us=3 ai_us=614 audio_us=19 net_us=0
[2026-08-17T12:19:58Z INFO  steel_front::engine::renderer] visible=65536/65536 near=65536 far=0 fps=362.5 frame_us=1861 cull_us=3 terrain_us=0 wait_fence_us=2292 acquire_us=1 record_us=35 submit_us=29 present_us=229 terrain_lod=high blend=0.000 quality=中画质 marker=84 npc=56
[2026-08-17T12:19:58Z INFO  steel_front] size diag: window_inner=2560x1600 hud=2560x1600
[2026-08-17T12:19:58Z INFO  steel_front] size diag: window_inner=2560x1600 hud=2560x1600
[2026-08-17T12:19:58Z INFO  steel_front] size diag: window_inner=2560x1600 hud=2560x1600
[2026-08-17T12:19:58Z INFO  steel_front] size diag: window_inner=2560x1600 hud=2560x1600
[2026-08-17T12:19:58Z INFO  steel_front] size diag: window_inner=2560x1600 hud=2560x1600
[2026-08-17T12:19:58Z INFO  steel_front] size diag: window_inner=2560x1600 hud=2560x1600
[2026-08-17T12:19:58Z INFO  steel_front] size diag: window_inner=2560x1600 hud=2560x1600
[2026-08-17T12:19:58Z INFO  steel_front] cam: yaw=0.0 pitch=0.0 dist=3.4 mode=FirstPerson cycle_us=2555 update_us=26 render_us=2528
[2026-08-17T12:19:58Z INFO  steel_front] size diag: window_inner=2560x1600 hud=2560x1600
[2026-08-17T12:19:58Z INFO  steel_front] size diag: window_inner=2560x1600 hud=2560x1600
[2026-08-17T12:19:58Z INFO  steel_front] size diag: window_inner=2560x1600 hud=2560x1600
[2026-08-17T12:19:58Z INFO  steel_front] size diag: window_inner=2560x1600 hud=2560x1600
[2026-08-17T12:19:58Z INFO  steel_front] size diag: window_inner=2560x1600 hud=2560x1600
[2026-08-17T12:19:58Z INFO  steel_front] size diag: window_inner=2560x1600 hud=2560x1600
[2026-08-17T12:19:58Z INFO  steel_front] size diag: window_inner=2560x1600 hud=2560x1600
[2026-08-17T12:19:58Z INFO  steel_front] size diag: window_inner=2560x1600 hud=2560x1600
[2026-08-17T12:19:58Z INFO  steel_front] size diag: window_inner=2560x1600 hud=2560x1600
[2026-08-17T12:19:58Z INFO  steel_front] size diag: window_inner=2560x1600 hud=2560x1600
[2026-08-17T12:19:58Z INFO  steel_front] size diag: window_inner=2560x1600 hud=2560x1600
[2026-08-17T12:19:59Z INFO  steel_front::engine::game] ai: npcs=8 near=8 far=0 idle=0 patrol=0 chase=0 attack=8 tactics=[8, 0, 0, 0, 0, 0, 0, 0]
[2026-08-17T12:19:59Z INFO  steel_front::engine::game] game: wave=1 enemies=8 enemy_hp=100 hp=100/100 score=0 phys_us=1 ai_us=456 audio_us=15 net_us=0
[2026-08-17T12:19:59Z INFO  steel_front::engine::renderer] visible=65536/65536 near=65536 far=0 fps=363.3 frame_us=2103 cull_us=1 terrain_us=0 wait_fence_us=1760 acquire_us=1 record_us=48 submit_us=36 present_us=215 terrain_lod=high blend=0.000 quality=中画质 marker=84 npc=56
[2026-08-17T12:19:59Z INFO  steel_front] cam: yaw=0.0 pitch=0.0 dist=3.4 mode=FirstPerson cycle_us=2756 update_us=48 render_us=2707
[2026-08-17T12:20:00Z INFO  steel_front::engine::game] ai: npcs=8 near=8 far=0 idle=0 patrol=0 chase=0 attack=8 tactics=[8, 0, 0, 0, 0, 0, 0, 0]
[2026-08-17T12:20:00Z INFO  steel_front::engine::game] game: wave=1 enemies=8 enemy_hp=100 hp=100/100 score=0 phys_us=2 ai_us=434 audio_us=27 net_us=0
[2026-08-17T12:20:00Z INFO  steel_front::engine::renderer] visible=65536/65536 near=65536 far=0 fps=366.8 frame_us=1958 cull_us=0 terrain_us=0 wait_fence_us=2116 acquire_us=1 record_us=25 submit_us=23 present_us=215 terrain_lod=high blend=0.000 quality=中画质 marker=84 npc=56
[2026-08-17T12:20:00Z INFO  steel_front] cam: yaw=0.0 pitch=0.0 dist=3.4 mode=FirstPerson cycle_us=2583 update_us=23 render_us=2559
[2026-08-17T12:20:01Z INFO  steel_front::engine::game] ai: npcs=8 near=8 far=0 idle=0 patrol=0 chase=0 attack=8 tactics=[8, 0, 0, 0, 0, 0, 0, 0]
[2026-08-17T12:20:01Z INFO  steel_front::engine::game] game: wave=1 enemies=8 enemy_hp=100 hp=100/100 score=0 phys_us=2 ai_us=808 audio_us=16 net_us=0
[2026-08-17T12:20:01Z INFO  steel_front::engine::renderer] visible=65536/65536 near=65536 far=0 fps=357.5 frame_us=2114 cull_us=0 terrain_us=0 wait_fence_us=1691 acquire_us=0 record_us=59 submit_us=61 present_us=252 terrain_lod=high blend=0.000 quality=中画质 marker=84 npc=56
[2026-08-17T12:20:01Z INFO  steel_front] cam: yaw=0.0 pitch=0.0 dist=3.4 mode=FirstPerson cycle_us=2473 update_us=34 render_us=2438
[2026-08-17T12:20:02Z INFO  steel_front::engine::game] ai: npcs=8 near=8 far=0 idle=0 patrol=0 chase=0 attack=8 tactics=[8, 0, 0, 0, 0, 0, 0, 0]
[2026-08-17T12:20:02Z INFO  steel_front::engine::game] game: wave=1 enemies=8 enemy_hp=100 hp=100/100 score=0 phys_us=2 ai_us=458 audio_us=28 net_us=0
[2026-08-17T12:20:02Z INFO  steel_front::engine::renderer] visible=65536/65536 near=65536 far=0 fps=362.0 frame_us=2292 cull_us=0 terrain_us=0 wait_fence_us=2213 acquire_us=1 record_us=20 submit_us=20 present_us=130 terrain_lod=high blend=0.000 quality=中画质 marker=84 npc=56
[2026-08-17T12:20:02Z INFO  steel_front] cam: yaw=0.0 pitch=0.0 dist=3.4 mode=FirstPerson cycle_us=3407 update_us=56 render_us=3350
[2026-08-17T12:20:03Z INFO  steel_front::engine::game] ai: npcs=8 near=8 far=0 idle=0 patrol=0 chase=0 attack=8 tactics=[8, 0, 0, 0, 0, 0, 0, 0]
[2026-08-17T12:20:03Z INFO  steel_front::engine::game] game: wave=1 enemies=8 enemy_hp=100 hp=100/100 score=0 phys_us=1 ai_us=495 audio_us=30 net_us=0
[2026-08-17T12:20:03Z INFO  steel_front::engine::renderer] visible=65536/65536 near=65536 far=0 fps=362.0 frame_us=2517 cull_us=1 terrain_us=0 wait_fence_us=2256 acquire_us=1 record_us=32 submit_us=46 present_us=326 terrain_lod=high blend=0.000 quality=中画质 marker=84 npc=56
[2026-08-17T12:20:03Z INFO  steel_front] size diag: window_inner=2560x1600 hud=2560x1600
[2026-08-17T12:20:03Z INFO  steel_front] size diag: window_inner=2560x1600 hud=2560x1600
[2026-08-17T12:20:03Z INFO  steel_front] size diag: window_inner=2560x1600 hud=2560x1600
[2026-08-17T12:20:03Z INFO  steel_front] size diag: window_inner=2560x1600 hud=2560x1600
[2026-08-17T12:20:03Z INFO  steel_front] size diag: window_inner=2560x1600 hud=2560x1600
[2026-08-17T12:20:03Z INFO  steel_front] size diag: window_inner=2560x1600 hud=2560x1600
[2026-08-17T12:20:03Z INFO  steel_front] size diag: window_inner=2560x1600 hud=2560x1600
[2026-08-17T12:20:03Z INFO  steel_front] size diag: window_inner=2560x1600 hud=2560x1600
[2026-08-17T12:20:03Z INFO  steel_front] size diag: window_inner=2560x1600 hud=2560x1600
[2026-08-17T12:20:03Z INFO  steel_front] size diag: window_inner=2560x1600 hud=2560x1600
[2026-08-17T12:20:03Z INFO  steel_front] cam: yaw=0.0 pitch=0.0 dist=3.4 mode=FirstPerson cycle_us=3257 update_us=28 render_us=3229
[2026-08-17T12:20:03Z INFO  steel_front] size diag: window_inner=2560x1600 hud=2560x1600
[2026-08-17T12:20:03Z INFO  steel_front] size diag: window_inner=2560x1600 hud=2560x1600
[2026-08-17T12:20:03Z INFO  steel_front] size diag: window_inner=2560x1600 hud=2560x1600
[2026-08-17T12:20:03Z INFO  steel_front] size diag: window_inner=2560x1600 hud=2560x1600
[2026-08-17T12:20:03Z INFO  steel_front] size diag: window_inner=2560x1600 hud=2560x1600
[2026-08-17T12:20:03Z INFO  steel_front] size diag: window_inner=2560x1600 hud=2560x1600
[2026-08-17T12:20:03Z INFO  steel_front] size diag: window_inner=2560x1600 hud=2560x1600
[2026-08-17T12:20:03Z INFO  steel_front] size diag: window_inner=2560x1600 hud=2560x1600
[2026-08-17T12:20:04Z INFO  steel_front::engine::game] ai: npcs=8 near=8 far=0 idle=0 patrol=0 chase=0 attack=8 tactics=[8, 0, 0, 0, 0, 0, 0, 0]
[2026-08-17T12:20:04Z INFO  steel_front::engine::game] game: wave=1 enemies=8 enemy_hp=100 hp=100/100 score=0 phys_us=2 ai_us=855 audio_us=12 net_us=0
[2026-08-17T12:20:04Z INFO  steel_front::engine::renderer] visible=65536/65536 near=65536 far=0 fps=360.0 frame_us=2273 cull_us=1 terrain_us=0 wait_fence_us=1835 acquire_us=1 record_us=54 submit_us=54 present_us=288 terrain_lod=high blend=0.000 quality=中画质 marker=84 npc=56
[2026-08-17T12:20:04Z INFO  steel_front] cam: yaw=0.0 pitch=0.0 dist=3.4 mode=FirstPerson cycle_us=2918 update_us=49 render_us=2869
[2026-08-17T12:20:05Z INFO  steel_front::engine::game] ai: npcs=8 near=8 far=0 idle=0 patrol=0 chase=0 attack=8 tactics=[8, 0, 0, 0, 0, 0, 0, 0]
[2026-08-17T12:20:05Z INFO  steel_front::engine::game] game: wave=1 enemies=8 enemy_hp=100 hp=100/100 score=0 phys_us=3 ai_us=483 audio_us=15 net_us=0
[2026-08-17T12:20:05Z INFO  steel_front::engine::renderer] visible=65536/65536 near=65536 far=0 fps=367.8 frame_us=2467 cull_us=1 terrain_us=0 wait_fence_us=2141 acquire_us=1 record_us=80 submit_us=64 present_us=340 terrain_lod=high blend=0.000 quality=中画质 marker=84 npc=56
[2026-08-17T12:20:05Z INFO  steel_front] cam: yaw=0.0 pitch=0.0 dist=3.4 mode=FirstPerson cycle_us=2550 update_us=28 render_us=2522
[2026-08-17T12:20:06Z INFO  steel_front::engine::game] ai: npcs=8 near=8 far=0 idle=0 patrol=0 chase=0 attack=8 tactics=[8, 0, 0, 0, 0, 0, 0, 0]
[2026-08-17T12:20:06Z INFO  steel_front::engine::game] game: wave=1 enemies=8 enemy_hp=100 hp=100/100 score=0 phys_us=1 ai_us=417 audio_us=29 net_us=0
[2026-08-17T12:20:06Z INFO  steel_front::engine::renderer] visible=65536/65536 near=65536 far=0 fps=374.5 frame_us=2297 cull_us=0 terrain_us=0 wait_fence_us=1936 acquire_us=1 record_us=28 submit_us=42 present_us=164 terrain_lod=high blend=0.000 quality=中画质 marker=84 npc=56
[2026-08-17T12:20:06Z INFO  steel_front] cam: yaw=0.0 pitch=0.0 dist=3.4 mode=FirstPerson cycle_us=3253 update_us=22 render_us=3231
[2026-08-17T12:20:07Z INFO  steel_front::engine::game] ai: npcs=8 near=8 far=0 idle=0 patrol=0 chase=0 attack=8 tactics=[8, 0, 0, 0, 0, 0, 0, 0]
[2026-08-17T12:20:07Z INFO  steel_front::engine::game] game: wave=1 enemies=8 enemy_hp=100 hp=100/100 score=0 phys_us=1 ai_us=428 audio_us=23 net_us=0
[2026-08-17T12:20:07Z INFO  steel_front::engine::renderer] visible=65536/65536 near=65536 far=0 fps=374.8 frame_us=2359 cull_us=0 terrain_us=0 wait_fence_us=1779 acquire_us=0 record_us=49 submit_us=63 present_us=213 terrain_lod=high blend=0.000 quality=中画质 marker=84 npc=56
[2026-08-17T12:20:07Z INFO  steel_front] cam: yaw=0.0 pitch=0.0 dist=3.4 mode=FirstPerson cycle_us=2950 update_us=21 render_us=2928
[2026-08-17T12:20:08Z INFO  steel_front::engine::game] ai: npcs=8 near=8 far=0 idle=0 patrol=0 chase=0 attack=8 tactics=[8, 0, 0, 0, 0, 0, 0, 0]
[2026-08-17T12:20:08Z INFO  steel_front::engine::game] game: wave=1 enemies=8 enemy_hp=100 hp=100/100 score=0 phys_us=1 ai_us=243 audio_us=29 net_us=0
[2026-08-17T12:20:08Z INFO  steel_front::engine::renderer] visible=65536/65536 near=65536 far=0 fps=374.1 frame_us=2036 cull_us=0 terrain_us=0 wait_fence_us=2253 acquire_us=1 record_us=29 submit_us=117 present_us=124 terrain_lod=high blend=0.000 quality=中画质 marker=84 npc=56
[2026-08-17T12:20:08Z INFO  steel_front] size diag: window_inner=2560x1600 hud=2560x1600
[2026-08-17T12:20:08Z INFO  steel_front] size diag: window_inner=2560x1600 hud=2560x1600
[2026-08-17T12:20:08Z INFO  steel_front] size diag: window_inner=2560x1600 hud=2560x1600
[2026-08-17T12:20:08Z INFO  steel_front] size diag: window_inner=2560x1600 hud=2560x1600
[2026-08-17T12:20:08Z INFO  steel_front] size diag: window_inner=2560x1600 hud=2560x1600
[2026-08-17T12:20:08Z INFO  steel_front] size diag: window_inner=2560x1600 hud=2560x1600
[2026-08-17T12:20:08Z INFO  steel_front] size diag: window_inner=2560x1600 hud=2560x1600
[2026-08-17T12:20:08Z INFO  steel_front] size diag: window_inner=2560x1600 hud=2560x1600
[2026-08-17T12:20:08Z INFO  steel_front] size diag: window_inner=2560x1600 hud=2560x1600
[2026-08-17T12:20:08Z INFO  steel_front] size diag: window_inner=2560x1600 hud=2560x1600
[2026-08-17T12:20:08Z INFO  steel_front] size diag: window_inner=2560x1600 hud=2560x1600
[2026-08-17T12:20:08Z INFO  steel_front] size diag: window_inner=2560x1600 hud=2560x1600
[2026-08-17T12:20:08Z INFO  steel_front] size diag: window_inner=2560x1600 hud=2560x1600
[2026-08-17T12:20:08Z INFO  steel_front] cam: yaw=0.0 pitch=0.0 dist=3.4 mode=FirstPerson cycle_us=2821 update_us=21 render_us=2799
[2026-08-17T12:20:08Z INFO  steel_front] size diag: window_inner=2560x1600 hud=2560x1600
[2026-08-17T12:20:08Z INFO  steel_front] size diag: window_inner=2560x1600 hud=2560x1600
[2026-08-17T12:20:08Z INFO  steel_front] size diag: window_inner=2560x1600 hud=2560x1600
[2026-08-17T12:20:08Z INFO  steel_front] size diag: window_inner=2560x1600 hud=2560x1600
[2026-08-17T12:20:08Z INFO  steel_front] size diag: window_inner=2560x1600 hud=2560x1600
[2026-08-17T12:20:09Z INFO  steel_front::engine::game] ai: npcs=8 near=8 far=0 idle=0 patrol=0 chase=0 attack=8 tactics=[8, 0, 0, 0, 0, 0, 0, 0]
[2026-08-17T12:20:09Z INFO  steel_front::engine::game] game: wave=1 enemies=8 enemy_hp=100 hp=100/100 score=0 phys_us=2 ai_us=738 audio_us=26 net_us=0
[2026-08-17T12:20:09Z INFO  steel_front::engine::renderer] visible=65536/65536 near=65536 far=0 fps=375.4 frame_us=1926 cull_us=1 terrain_us=0 wait_fence_us=2154 acquire_us=1 record_us=37 submit_us=33 present_us=291 terrain_lod=high blend=0.000 quality=中画质 marker=84 npc=56
[2026-08-17T12:20:09Z INFO  steel_front] cam: yaw=0.0 pitch=0.0 dist=3.4 mode=FirstPerson cycle_us=2892 update_us=24 render_us=2867
[2026-08-17T12:20:10Z INFO  steel_front::engine::game] ai: npcs=8 near=8 far=0 idle=0 patrol=0 chase=0 attack=8 tactics=[8, 0, 0, 0, 0, 0, 0, 0]
[2026-08-17T12:20:10Z INFO  steel_front::engine::game] game: wave=1 enemies=8 enemy_hp=100 hp=100/100 score=0 phys_us=1 ai_us=383 audio_us=26 net_us=0
[2026-08-17T12:20:10Z INFO  steel_front::engine::renderer] visible=65536/65536 near=65536 far=0 fps=361.6 frame_us=2612 cull_us=0 terrain_us=0 wait_fence_us=1894 acquire_us=1 record_us=37 submit_us=37 present_us=226 terrain_lod=high blend=0.000 quality=中画质 marker=84 npc=56
[2026-08-17T12:20:10Z INFO  steel_front] cam: yaw=0.0 pitch=0.0 dist=3.4 mode=FirstPerson cycle_us=2833 update_us=28 render_us=2804
[2026-08-17T12:20:11Z INFO  steel_front::engine::game] ai: npcs=8 near=8 far=0 idle=0 patrol=0 chase=0 attack=8 tactics=[8, 0, 0, 0, 0, 0, 0, 0]
[2026-08-17T12:20:11Z INFO  steel_front::engine::game] game: wave=1 enemies=8 enemy_hp=100 hp=100/100 score=0 phys_us=2 ai_us=758 audio_us=26 net_us=0
[2026-08-17T12:20:11Z INFO  steel_front::engine::renderer] visible=65536/65536 near=65536 far=0 fps=373.2 frame_us=2187 cull_us=0 terrain_us=0 wait_fence_us=2104 acquire_us=0 record_us=36 submit_us=34 present_us=209 terrain_lod=high blend=0.000 quality=中画质 marker=84 npc=56
[2026-08-17T12:20:11Z INFO  steel_front] cam: yaw=0.0 pitch=0.0 dist=3.4 mode=FirstPerson cycle_us=2743 update_us=24 render_us=2718
[2026-08-17T12:20:12Z INFO  steel_front::engine::game] ai: npcs=8 near=8 far=0 idle=0 patrol=0 chase=0 attack=8 tactics=[8, 0, 0, 0, 0, 0, 0, 0]
[2026-08-17T12:20:12Z INFO  steel_front::engine::game] game: wave=1 enemies=8 enemy_hp=100 hp=100/100 score=0 phys_us=2 ai_us=476 audio_us=18 net_us=0
[2026-08-17T12:20:12Z INFO  steel_front::engine::renderer] visible=65536/65536 near=65536 far=0 fps=369.0 frame_us=2276 cull_us=0 terrain_us=0 wait_fence_us=2168 acquire_us=1 record_us=43 submit_us=41 present_us=244 terrain_lod=high blend=0.000 quality=中画质 marker=84 npc=56
[2026-08-17T12:20:12Z INFO  steel_front] cam: yaw=0.0 pitch=0.0 dist=3.4 mode=FirstPerson cycle_us=2742 update_us=25 render_us=2716
[2026-08-17T12:20:13Z INFO  steel_front::engine::game] ai: npcs=8 near=8 far=0 idle=0 patrol=0 chase=0 attack=8 tactics=[8, 0, 0, 0, 0, 0, 0, 0]
[2026-08-17T12:20:13Z INFO  steel_front::engine::game] game: wave=1 enemies=8 enemy_hp=100 hp=100/100 score=0 phys_us=1 ai_us=489 audio_us=17 net_us=0
[2026-08-17T12:20:13Z INFO  steel_front::engine::renderer] visible=65536/65536 near=65536 far=0 fps=343.3 frame_us=2451 cull_us=0 terrain_us=0 wait_fence_us=1795 acquire_us=0 record_us=38 submit_us=39 present_us=221 terrain_lod=high blend=0.000 quality=中画质 marker=84 npc=56
[2026-08-17T12:20:13Z INFO  steel_front] size diag: window_inner=2560x1600 hud=2560x1600
[2026-08-17T12:20:13Z INFO  steel_front] size diag: window_inner=2560x1600 hud=2560x1600
[2026-08-17T12:20:13Z INFO  steel_front] size diag: window_inner=2560x1600 hud=2560x1600
[2026-08-17T12:20:13Z INFO  steel_front] size diag: window_inner=2560x1600 hud=2560x1600
[2026-08-17T12:20:13Z INFO  steel_front] size diag: window_inner=2560x1600 hud=2560x1600
[2026-08-17T12:20:13Z INFO  steel_front] size diag: window_inner=2560x1600 hud=2560x1600
[2026-08-17T12:20:13Z INFO  steel_front] size diag: window_inner=2560x1600 hud=2560x1600
[2026-08-17T12:20:13Z INFO  steel_front] size diag: window_inner=2560x1600 hud=2560x1600
[2026-08-17T12:20:13Z INFO  steel_front] size diag: window_inner=2560x1600 hud=2560x1600
[2026-08-17T12:20:13Z INFO  steel_front] size diag: window_inner=2560x1600 hud=2560x1600
[2026-08-17T12:20:13Z INFO  steel_front] size diag: window_inner=2560x1600 hud=2560x1600
[2026-08-17T12:20:13Z INFO  steel_front] size diag: window_inner=2560x1600 hud=2560x1600
[2026-08-17T12:20:13Z INFO  steel_front] size diag: window_inner=2560x1600 hud=2560x1600
[2026-08-17T12:20:13Z INFO  steel_front] size diag: window_inner=2560x1600 hud=2560x1600
[2026-08-17T12:20:13Z INFO  steel_front] size diag: window_inner=2560x1600 hud=2560x1600
[2026-08-17T12:20:13Z INFO  steel_front] size diag: window_inner=2560x1600 hud=2560x1600
[2026-08-17T12:20:13Z INFO  steel_front] size diag: window_inner=2560x1600 hud=2560x1600
[2026-08-17T12:20:13Z INFO  steel_front] cam: yaw=0.0 pitch=0.0 dist=3.4 mode=FirstPerson cycle_us=3054 update_us=39 render_us=3015
[2026-08-17T12:20:13Z INFO  steel_front] size diag: window_inner=2560x1600 hud=2560x1600
[2026-08-17T12:20:14Z INFO  steel_front::engine::game] ai: npcs=8 near=8 far=0 idle=0 patrol=0 chase=0 attack=8 tactics=[8, 0, 0, 0, 0, 0, 0, 0]
[2026-08-17T12:20:14Z INFO  steel_front::engine::game] game: wave=1 enemies=8 enemy_hp=100 hp=100/100 score=0 phys_us=3 ai_us=308 audio_us=25 net_us=0
[2026-08-17T12:20:14Z INFO  steel_front::engine::renderer] visible=65536/65536 near=65536 far=0 fps=359.4 frame_us=2427 cull_us=1 terrain_us=0 wait_fence_us=2585 acquire_us=1 record_us=85 submit_us=30 present_us=163 terrain_lod=high blend=0.000 quality=中画质 marker=84 npc=56
[2026-08-17T12:20:14Z INFO  steel_front] cam: yaw=0.0 pitch=0.0 dist=3.4 mode=FirstPerson cycle_us=2692 update_us=25 render_us=2667
[2026-08-17T12:20:15Z INFO  steel_front::engine::game] ai: npcs=8 near=8 far=0 idle=0 patrol=0 chase=0 attack=8 tactics=[8, 0, 0, 0, 0, 0, 0, 0]
[2026-08-17T12:20:15Z INFO  steel_front::engine::game] game: wave=1 enemies=8 enemy_hp=100 hp=100/100 score=0 phys_us=2 ai_us=596 audio_us=37 net_us=0
[2026-08-17T12:20:15Z INFO  steel_front::engine::renderer] visible=65536/65536 near=65536 far=0 fps=358.2 frame_us=2788 cull_us=0 terrain_us=0 wait_fence_us=1693 acquire_us=1 record_us=32 submit_us=29 present_us=371 terrain_lod=high blend=0.000 quality=中画质 marker=84 npc=56
[2026-08-17T12:20:15Z INFO  steel_front] cam: yaw=0.0 pitch=0.0 dist=3.4 mode=FirstPerson cycle_us=2498 update_us=41 render_us=2456
[2026-08-17T12:20:16Z INFO  steel_front::engine::game] ai: npcs=8 near=8 far=0 idle=0 patrol=0 chase=0 attack=8 tactics=[8, 0, 0, 0, 0, 0, 0, 0]
[2026-08-17T12:20:16Z INFO  steel_front::engine::game] game: wave=1 enemies=8 enemy_hp=100 hp=100/100 score=0 phys_us=2 ai_us=544 audio_us=13 net_us=0
[2026-08-17T12:20:16Z INFO  steel_front::engine::renderer] visible=65536/65536 near=65536 far=0 fps=362.4 frame_us=2571 cull_us=0 terrain_us=0 wait_fence_us=1874 acquire_us=0 record_us=37 submit_us=122 present_us=216 terrain_lod=high blend=0.000 quality=中画质 marker=84 npc=56
[2026-08-17T12:20:16Z INFO  steel_front] cam: yaw=0.0 pitch=0.0 dist=3.4 mode=FirstPerson cycle_us=2545 update_us=44 render_us=2500
[2026-08-17T12:20:17Z INFO  steel_front::engine::game] ai: npcs=8 near=8 far=0 idle=0 patrol=0 chase=0 attack=8 tactics=[8, 0, 0, 0, 0, 0, 0, 0]
[2026-08-17T12:20:17Z INFO  steel_front::engine::game] game: wave=1 enemies=8 enemy_hp=100 hp=100/100 score=0 phys_us=1 ai_us=402 audio_us=31 net_us=0
[2026-08-17T12:20:17Z INFO  steel_front::engine::renderer] visible=65536/65536 near=65536 far=0 fps=363.0 frame_us=2958 cull_us=1 terrain_us=0 wait_fence_us=1577 acquire_us=0 record_us=152 submit_us=118 present_us=753 terrain_lod=high blend=0.000 quality=中画质 marker=84 npc=56
[2026-08-17T12:20:17Z INFO  steel_front] cam: yaw=0.0 pitch=0.0 dist=3.4 mode=FirstPerson cycle_us=2453 update_us=37 render_us=2415
[2026-08-17T12:20:18Z INFO  steel_front::engine::game] ai: npcs=8 near=8 far=0 idle=0 patrol=0 chase=0 attack=8 tactics=[8, 0, 0, 0, 0, 0, 0, 0]
[2026-08-17T12:20:18Z INFO  steel_front::engine::game] game: wave=1 enemies=8 enemy_hp=100 hp=100/100 score=0 phys_us=2 ai_us=506 audio_us=24 net_us=0
[2026-08-17T12:20:18Z INFO  steel_front::engine::renderer] visible=65536/65536 near=65536 far=0 fps=363.1 frame_us=2489 cull_us=0 terrain_us=0 wait_fence_us=1864 acquire_us=1 record_us=51 submit_us=38 present_us=230 terrain_lod=high blend=0.000 quality=中画质 marker=84 npc=56
[2026-08-17T12:20:18Z INFO  steel_front] size diag: window_inner=2560x1600 hud=2560x1600
[2026-08-17T12:20:18Z INFO  steel_front] size diag: window_inner=2560x1600 hud=2560x1600
[2026-08-17T12:20:18Z INFO  steel_front] size diag: window_inner=2560x1600 hud=2560x1600
[2026-08-17T12:20:18Z INFO  steel_front] size diag: window_inner=2560x1600 hud=2560x1600
[2026-08-17T12:20:18Z INFO  steel_front] size diag: window_inner=2560x1600 hud=2560x1600
[2026-08-17T12:20:18Z INFO  steel_front] size diag: window_inner=2560x1600 hud=2560x1600
[2026-08-17T12:20:18Z INFO  steel_front] size diag: window_inner=2560x1600 hud=2560x1600
[2026-08-17T12:20:18Z INFO  steel_front] size diag: window_inner=2560x1600 hud=2560x1600
[2026-08-17T12:20:18Z INFO  steel_front] size diag: window_inner=2560x1600 hud=2560x1600
[2026-08-17T12:20:18Z INFO  steel_front] size diag: window_inner=2560x1600 hud=2560x1600
[2026-08-17T12:20:18Z INFO  steel_front] size diag: window_inner=2560x1600 hud=2560x1600
[2026-08-17T12:20:18Z INFO  steel_front] size diag: window_inner=2560x1600 hud=2560x1600
[2026-08-17T12:20:18Z INFO  steel_front] size diag: window_inner=2560x1600 hud=2560x1600
[2026-08-17T12:20:18Z INFO  steel_front] size diag: window_inner=2560x1600 hud=2560x1600
[2026-08-17T12:20:18Z INFO  steel_front] size diag: window_inner=2560x1600 hud=2560x1600
[2026-08-17T12:20:18Z INFO  steel_front] size diag: window_inner=2560x1600 hud=2560x1600
[2026-08-17T12:20:18Z INFO  steel_front] size diag: window_inner=2560x1600 hud=2560x1600
[2026-08-17T12:20:18Z INFO  steel_front] size diag: window_inner=2560x1600 hud=2560x1600
[2026-08-17T12:20:18Z INFO  steel_front] cam: yaw=0.0 pitch=0.0 dist=3.4 mode=FirstPerson cycle_us=2646 update_us=22 render_us=2624
[2026-08-17T12:20:19Z INFO  steel_front::engine::game] ai: npcs=8 near=8 far=0 idle=0 patrol=0 chase=0 attack=8 tactics=[8, 0, 0, 0, 0, 0, 0, 0]
[2026-08-17T12:20:19Z INFO  steel_front::engine::game] game: wave=1 enemies=8 enemy_hp=100 hp=100/100 score=0 phys_us=2 ai_us=449 audio_us=19 net_us=0
[2026-08-17T12:20:19Z INFO  steel_front::engine::renderer] visible=65536/65536 near=65536 far=0 fps=361.8 frame_us=2756 cull_us=1 terrain_us=0 wait_fence_us=1932 acquire_us=1 record_us=40 submit_us=33 present_us=186 terrain_lod=high blend=0.000 quality=中画质 marker=84 npc=56
[2026-08-17T12:20:19Z INFO  steel_front] cam: yaw=0.0 pitch=0.0 dist=3.4 mode=FirstPerson cycle_us=2645 update_us=24 render_us=2620
[2026-08-17T12:20:20Z INFO  steel_front::engine::game] ai: npcs=8 near=8 far=0 idle=0 patrol=0 chase=0 attack=8 tactics=[8, 0, 0, 0, 0, 0, 0, 0]
[2026-08-17T12:20:20Z INFO  steel_front::engine::game] game: wave=1 enemies=8 enemy_hp=100 hp=100/100 score=0 phys_us=8 ai_us=582 audio_us=20 net_us=0
[2026-08-17T12:20:20Z INFO  steel_front::engine::renderer] visible=65536/65536 near=65536 far=0 fps=364.1 frame_us=2034 cull_us=1 terrain_us=0 wait_fence_us=2008 acquire_us=1 record_us=52 submit_us=40 present_us=509 terrain_lod=high blend=0.000 quality=中画质 marker=84 npc=56
[2026-08-17T12:20:20Z INFO  steel_front] cam: yaw=0.0 pitch=0.0 dist=3.4 mode=FirstPerson cycle_us=2740 update_us=38 render_us=2702
[2026-08-17T12:20:21Z INFO  steel_front::engine::game] ai: npcs=8 near=8 far=0 idle=0 patrol=0 chase=0 attack=8 tactics=[8, 0, 0, 0, 0, 0, 0, 0]
[2026-08-17T12:20:21Z INFO  steel_front::engine::game] game: wave=1 enemies=8 enemy_hp=100 hp=100/100 score=0 phys_us=5 ai_us=971 audio_us=33 net_us=0
[2026-08-17T12:20:21Z INFO  steel_front::engine::renderer] visible=65536/65536 near=65536 far=0 fps=358.5 frame_us=2712 cull_us=1 terrain_us=0 wait_fence_us=1513 acquire_us=1 record_us=93 submit_us=72 present_us=297 terrain_lod=high blend=0.000 quality=中画质 marker=78 npc=56
[2026-08-17T12:20:21Z INFO  steel_front] cam: yaw=0.0 pitch=0.0 dist=3.4 mode=FirstPerson cycle_us=2241 update_us=30 render_us=2210
[2026-08-17T12:20:22Z INFO  steel_front::engine::game] ai: npcs=8 near=8 far=0 idle=0 patrol=0 chase=0 attack=8 tactics=[8, 0, 0, 0, 0, 0, 0, 0]
[2026-08-17T12:20:22Z INFO  steel_front::engine::game] game: wave=1 enemies=8 enemy_hp=100 hp=100/100 score=0 phys_us=2 ai_us=488 audio_us=16 net_us=0
[2026-08-17T12:20:22Z INFO  steel_front::engine::renderer] visible=65536/65536 near=65536 far=0 fps=351.4 frame_us=2066 cull_us=0 terrain_us=0 wait_fence_us=2301 acquire_us=1 record_us=46 submit_us=75 present_us=199 terrain_lod=high blend=0.000 quality=中画质 marker=84 npc=56
[2026-08-17T12:20:22Z INFO  steel_front] cam: yaw=0.0 pitch=0.0 dist=3.4 mode=FirstPerson cycle_us=2887 update_us=40 render_us=2846
[2026-08-17T12:20:23Z INFO  steel_front::engine::game] ai: npcs=8 near=8 far=0 idle=0 patrol=0 chase=0 attack=8 tactics=[8, 0, 0, 0, 0, 0, 0, 0]
[2026-08-17T12:20:23Z INFO  steel_front::engine::game] game: wave=1 enemies=8 enemy_hp=100 hp=100/100 score=0 phys_us=2 ai_us=518 audio_us=26 net_us=0
[2026-08-17T12:20:23Z INFO  steel_front::engine::renderer] visible=65536/65536 near=65536 far=0 fps=356.7 frame_us=2492 cull_us=0 terrain_us=0 wait_fence_us=1959 acquire_us=0 record_us=36 submit_us=32 present_us=491 terrain_lod=high blend=0.000 quality=中画质 marker=84 npc=56
[2026-08-17T12:20:23Z INFO  steel_front] size diag: window_inner=2560x1600 hud=2560x1600
[2026-08-17T12:20:23Z INFO  steel_front] size diag: window_inner=2560x1600 hud=2560x1600
[2026-08-17T12:20:23Z INFO  steel_front] size diag: window_inner=2560x1600 hud=2560x1600
[2026-08-17T12:20:23Z INFO  steel_front] size diag: window_inner=2560x1600 hud=2560x1600
[2026-08-17T12:20:23Z INFO  steel_front] size diag: window_inner=2560x1600 hud=2560x1600
[2026-08-17T12:20:23Z INFO  steel_front] size diag: window_inner=2560x1600 hud=2560x1600
[2026-08-17T12:20:23Z INFO  steel_front] size diag: window_inner=2560x1600 hud=2560x1600
[2026-08-17T12:20:23Z INFO  steel_front] size diag: window_inner=2560x1600 hud=2560x1600
[2026-08-17T12:20:23Z INFO  steel_front] size diag: window_inner=2560x1600 hud=2560x1600
[2026-08-17T12:20:23Z INFO  steel_front] size diag: window_inner=2560x1600 hud=2560x1600
[2026-08-17T12:20:23Z INFO  steel_front] size diag: window_inner=2560x1600 hud=2560x1600
[2026-08-17T12:20:23Z INFO  steel_front] size diag: window_inner=2560x1600 hud=2560x1600
[2026-08-17T12:20:23Z INFO  steel_front] size diag: window_inner=2560x1600 hud=2560x1600
[2026-08-17T12:20:23Z INFO  steel_front] size diag: window_inner=2560x1600 hud=2560x1600
[2026-08-17T12:20:23Z INFO  steel_front] size diag: window_inner=2560x1600 hud=2560x1600
[2026-08-17T12:20:23Z INFO  steel_front] size diag: window_inner=2560x1600 hud=2560x1600
[2026-08-17T12:20:23Z INFO  steel_front] size diag: window_inner=2560x1600 hud=2560x1600
[2026-08-17T12:20:23Z INFO  steel_front] cam: yaw=0.0 pitch=0.0 dist=3.4 mode=FirstPerson cycle_us=2907 update_us=37 render_us=2869
[2026-08-17T12:20:24Z INFO  steel_front::engine::game] ai: npcs=8 near=8 far=0 idle=0 patrol=0 chase=0 attack=8 tactics=[8, 0, 0, 0, 0, 0, 0, 0]
[2026-08-17T12:20:24Z INFO  steel_front::engine::game] game: wave=1 enemies=8 enemy_hp=100 hp=100/100 score=0 phys_us=2 ai_us=502 audio_us=28 net_us=0
[2026-08-17T12:20:24Z INFO  steel_front::engine::renderer] visible=65536/65536 near=65536 far=0 fps=358.4 frame_us=2209 cull_us=0 terrain_us=0 wait_fence_us=1702 acquire_us=1 record_us=23 submit_us=42 present_us=214 terrain_lod=high blend=0.000 quality=中画质 marker=84 npc=56
[2026-08-17T12:20:24Z INFO  steel_front] cam: yaw=0.0 pitch=0.0 dist=3.4 mode=FirstPerson cycle_us=2827 update_us=42 render_us=2784
[2026-08-17T12:20:25Z INFO  steel_front::engine::game] ai: npcs=8 near=8 far=0 idle=0 patrol=0 chase=0 attack=8 tactics=[8, 0, 0, 0, 0, 0, 0, 0]
[2026-08-17T12:20:25Z INFO  steel_front::engine::game] game: wave=1 enemies=8 enemy_hp=100 hp=100/100 score=0 phys_us=3 ai_us=892 audio_us=14 net_us=0
[2026-08-17T12:20:25Z INFO  steel_front::engine::renderer] visible=65536/65536 near=65536 far=0 fps=361.5 frame_us=1977 cull_us=0 terrain_us=0 wait_fence_us=1714 acquire_us=1 record_us=43 submit_us=45 present_us=228 terrain_lod=high blend=0.000 quality=中画质 marker=84 npc=56
[2026-08-17T12:20:25Z INFO  steel_front] cam: yaw=0.0 pitch=0.0 dist=3.4 mode=FirstPerson cycle_us=2624 update_us=41 render_us=2582
[2026-08-17T12:20:26Z INFO  steel_front::engine::game] ai: npcs=8 near=8 far=0 idle=0 patrol=0 chase=0 attack=8 tactics=[8, 0, 0, 0, 0, 0, 0, 0]
[2026-08-17T12:20:26Z INFO  steel_front::engine::game] game: wave=1 enemies=8 enemy_hp=100 hp=100/100 score=0 phys_us=1 ai_us=462 audio_us=24 net_us=0
[2026-08-17T12:20:26Z INFO  steel_front::engine::renderer] visible=65536/65536 near=65536 far=0 fps=364.7 frame_us=1959 cull_us=0 terrain_us=0 wait_fence_us=2229 acquire_us=1 record_us=21 submit_us=18 present_us=141 terrain_lod=high blend=0.000 quality=中画质 marker=84 npc=56
[2026-08-17T12:20:26Z INFO  steel_front] cam: yaw=0.0 pitch=0.0 dist=3.4 mode=FirstPerson cycle_us=2865 update_us=20 render_us=2844
[2026-08-17T12:20:27Z INFO  steel_front::engine::game] ai: npcs=8 near=8 far=0 idle=0 patrol=0 chase=0 attack=8 tactics=[8, 0, 0, 0, 0, 0, 0, 0]
[2026-08-17T12:20:27Z INFO  steel_front::engine::game] game: wave=1 enemies=8 enemy_hp=100 hp=100/100 score=0 phys_us=2 ai_us=497 audio_us=29 net_us=0
[2026-08-17T12:20:27Z INFO  steel_front::engine::renderer] visible=65536/65536 near=65536 far=0 fps=363.7 frame_us=2371 cull_us=0 terrain_us=0 wait_fence_us=2071 acquire_us=0 record_us=37 submit_us=32 present_us=271 terrain_lod=high blend=0.000 quality=中画质 marker=84 npc=56
[2026-08-17T12:20:27Z INFO  steel_front] cam: yaw=0.0 pitch=0.0 dist=3.4 mode=FirstPerson cycle_us=2897 update_us=25 render_us=2871
[2026-08-17T12:20:28Z INFO  steel_front::engine::game] ai: npcs=8 near=8 far=0 idle=0 patrol=0 chase=0 attack=8 tactics=[8, 0, 0, 0, 0, 0, 0, 0]
[2026-08-17T12:20:28Z INFO  steel_front::engine::game] game: wave=1 enemies=8 enemy_hp=100 hp=100/100 score=0 phys_us=3 ai_us=482 audio_us=27 net_us=0
[2026-08-17T12:20:28Z INFO  steel_front::engine::renderer] visible=65536/65536 near=65536 far=0 fps=363.0 frame_us=2199 cull_us=0 terrain_us=0 wait_fence_us=1957 acquire_us=1 record_us=41 submit_us=66 present_us=279 terrain_lod=high blend=0.000 quality=中画质 marker=84 npc=56
[2026-08-17T12:20:28Z INFO  steel_front] size diag: window_inner=2560x1600 hud=2560x1600
[2026-08-17T12:20:28Z INFO  steel_front] size diag: window_inner=2560x1600 hud=2560x1600
[2026-08-17T12:20:28Z INFO  steel_front] size diag: window_inner=2560x1600 hud=2560x1600
[2026-08-17T12:20:28Z INFO  steel_front] size diag: window_inner=2560x1600 hud=2560x1600
[2026-08-17T12:20:28Z INFO  steel_front] size diag: window_inner=2560x1600 hud=2560x1600
[2026-08-17T12:20:28Z INFO  steel_front] size diag: window_inner=2560x1600 hud=2560x1600
[2026-08-17T12:20:28Z INFO  steel_front] size diag: window_inner=2560x1600 hud=2560x1600
[2026-08-17T12:20:28Z INFO  steel_front] size diag: window_inner=2560x1600 hud=2560x1600
[2026-08-17T12:20:28Z INFO  steel_front] size diag: window_inner=2560x1600 hud=2560x1600
[2026-08-17T12:20:28Z INFO  steel_front] size diag: window_inner=2560x1600 hud=2560x1600
[2026-08-17T12:20:28Z INFO  steel_front] size diag: window_inner=2560x1600 hud=2560x1600
[2026-08-17T12:20:28Z INFO  steel_front] size diag: window_inner=2560x1600 hud=2560x1600
[2026-08-17T12:20:28Z INFO  steel_front] size diag: window_inner=2560x1600 hud=2560x1600
[2026-08-17T12:20:28Z INFO  steel_front] size diag: window_inner=2560x1600 hud=2560x1600
[2026-08-17T12:20:28Z INFO  steel_front] size diag: window_inner=2560x1600 hud=2560x1600
[2026-08-17T12:20:28Z INFO  steel_front] size diag: window_inner=2560x1600 hud=2560x1600
[2026-08-17T12:20:28Z INFO  steel_front] size diag: window_inner=2560x1600 hud=2560x1600
[2026-08-17T12:20:28Z INFO  steel_front] size diag: window_inner=2560x1600 hud=2560x1600
[2026-08-17T12:20:28Z INFO  steel_front] size diag: window_inner=2560x1600 hud=2560x1600
[2026-08-17T12:20:28Z INFO  steel_front] cam: yaw=0.0 pitch=0.0 dist=3.4 mode=FirstPerson cycle_us=2527 update_us=38 render_us=2489
[2026-08-17T12:20:29Z INFO  steel_front::engine::game] ai: npcs=8 near=8 far=0 idle=0 patrol=0 chase=0 attack=8 tactics=[8, 0, 0, 0, 0, 0, 0, 0]
[2026-08-17T12:20:29Z INFO  steel_front::engine::game] game: wave=1 enemies=8 enemy_hp=100 hp=100/100 score=0 phys_us=2 ai_us=482 audio_us=17 net_us=0
[2026-08-17T12:20:29Z INFO  steel_front::engine::renderer] visible=65536/65536 near=65536 far=0 fps=362.4 frame_us=2255 cull_us=1 terrain_us=0 wait_fence_us=2041 acquire_us=1 record_us=58 submit_us=51 present_us=243 terrain_lod=high blend=0.000 quality=中画质 marker=84 npc=56
[2026-08-17T12:20:29Z INFO  steel_front] cam: yaw=0.0 pitch=0.0 dist=3.4 mode=FirstPerson cycle_us=3175 update_us=23 render_us=3152
[2026-08-17T12:20:30Z INFO  steel_front::engine::game] ai: npcs=8 near=8 far=0 idle=0 patrol=0 chase=0 attack=8 tactics=[8, 0, 0, 0, 0, 0, 0, 0]
[2026-08-17T12:20:30Z INFO  steel_front::engine::game] game: wave=1 enemies=8 enemy_hp=100 hp=100/100 score=0 phys_us=1 ai_us=477 audio_us=30 net_us=0
[2026-08-17T12:20:30Z INFO  steel_front::engine::renderer] visible=65536/65536 near=65536 far=0 fps=362.4 frame_us=2273 cull_us=0 terrain_us=0 wait_fence_us=1983 acquire_us=1 record_us=46 submit_us=92 present_us=243 terrain_lod=high blend=0.000 quality=中画质 marker=84 npc=56
[2026-08-17T12:20:30Z INFO  steel_front] cam: yaw=0.0 pitch=0.0 dist=3.4 mode=FirstPerson cycle_us=2493 update_us=41 render_us=2451
[2026-08-17T12:20:31Z INFO  steel_front::engine::game] ai: npcs=8 near=8 far=0 idle=0 patrol=0 chase=0 attack=8 tactics=[8, 0, 0, 0, 0, 0, 0, 0]
[2026-08-17T12:20:31Z INFO  steel_front::engine::game] game: wave=1 enemies=8 enemy_hp=100 hp=100/100 score=0 phys_us=2 ai_us=470 audio_us=32 net_us=0
[2026-08-17T12:20:31Z INFO  steel_front::engine::renderer] visible=65536/65536 near=65536 far=0 fps=364.3 frame_us=2191 cull_us=0 terrain_us=0 wait_fence_us=2074 acquire_us=1 record_us=30 submit_us=71 present_us=216 terrain_lod=high blend=0.000 quality=中画质 marker=84 npc=56
[2026-08-17T12:20:31Z INFO  steel_front] cam: yaw=0.0 pitch=0.0 dist=3.4 mode=FirstPerson cycle_us=3092 update_us=26 render_us=3065
[2026-08-17T12:20:32Z INFO  steel_front::engine::game] ai: npcs=8 near=8 far=0 idle=0 patrol=0 chase=0 attack=8 tactics=[8, 0, 0, 0, 0, 0, 0, 0]
[2026-08-17T12:20:32Z INFO  steel_front::engine::game] game: wave=1 enemies=8 enemy_hp=100 hp=100/100 score=0 phys_us=5 ai_us=493 audio_us=35 net_us=0
[2026-08-17T12:20:32Z INFO  steel_front::engine::renderer] visible=65536/65536 near=65536 far=0 fps=363.2 frame_us=2339 cull_us=0 terrain_us=0 wait_fence_us=1904 acquire_us=1 record_us=26 submit_us=26 present_us=239 terrain_lod=high blend=0.000 quality=中画质 marker=84 npc=56
[2026-08-17T12:20:32Z INFO  steel_front] cam: yaw=0.0 pitch=0.0 dist=3.4 mode=FirstPerson cycle_us=3266 update_us=35 render_us=3230
[2026-08-17T12:20:33Z INFO  steel_front::engine::game] ai: npcs=8 near=8 far=0 idle=0 patrol=0 chase=0 attack=8 tactics=[8, 0, 0, 0, 0, 0, 0, 0]
[2026-08-17T12:20:33Z INFO  steel_front::engine::game] game: wave=1 enemies=8 enemy_hp=100 hp=100/100 score=0 phys_us=2 ai_us=547 audio_us=15 net_us=0
[2026-08-17T12:20:33Z INFO  steel_front::engine::renderer] visible=65536/65536 near=65536 far=0 fps=362.8 frame_us=2942 cull_us=1 terrain_us=0 wait_fence_us=1600 acquire_us=1 record_us=51 submit_us=95 present_us=260 terrain_lod=high blend=0.000 quality=中画质 marker=84 npc=56
[2026-08-17T12:20:33Z INFO  steel_front] size diag: window_inner=2560x1600 hud=2560x1600
[2026-08-17T12:20:33Z INFO  steel_front] size diag: window_inner=2560x1600 hud=2560x1600
[2026-08-17T12:20:33Z INFO  steel_front] size diag: window_inner=2560x1600 hud=2560x1600
[2026-08-17T12:20:33Z INFO  steel_front] size diag: window_inner=2560x1600 hud=2560x1600
[2026-08-17T12:20:33Z INFO  steel_front] size diag: window_inner=2560x1600 hud=2560x1600
[2026-08-17T12:20:33Z INFO  steel_front] size diag: window_inner=2560x1600 hud=2560x1600
[2026-08-17T12:20:33Z INFO  steel_front] size diag: window_inner=2560x1600 hud=2560x1600
[2026-08-17T12:20:33Z INFO  steel_front] size diag: window_inner=2560x1600 hud=2560x1600
[2026-08-17T12:20:33Z INFO  steel_front] size diag: window_inner=2560x1600 hud=2560x1600
[2026-08-17T12:20:33Z INFO  steel_front] size diag: window_inner=2560x1600 hud=2560x1600
[2026-08-17T12:20:33Z INFO  steel_front] size diag: window_inner=2560x1600 hud=2560x1600
[2026-08-17T12:20:33Z INFO  steel_front] size diag: window_inner=2560x1600 hud=2560x1600
[2026-08-17T12:20:33Z INFO  steel_front] size diag: window_inner=2560x1600 hud=2560x1600
[2026-08-17T12:20:33Z INFO  steel_front] size diag: window_inner=2560x1600 hud=2560x1600
[2026-08-17T12:20:33Z INFO  steel_front] size diag: window_inner=2560x1600 hud=2560x1600
[2026-08-17T12:20:33Z INFO  steel_front] size diag: window_inner=2560x1600 hud=2560x1600
[2026-08-17T12:20:33Z INFO  steel_front] size diag: window_inner=2560x1600 hud=2560x1600
[2026-08-17T12:20:33Z INFO  steel_front] size diag: window_inner=2560x1600 hud=2560x1600
[2026-08-17T12:20:33Z INFO  steel_front] cam: yaw=0.0 pitch=0.0 dist=3.4 mode=FirstPerson cycle_us=2370 update_us=39 render_us=2330
[2026-08-17T12:20:34Z INFO  steel_front::engine::game] ai: npcs=8 near=8 far=0 idle=0 patrol=0 chase=0 attack=8 tactics=[8, 0, 0, 0, 0, 0, 0, 0]
[2026-08-17T12:20:34Z INFO  steel_front::engine::game] game: wave=1 enemies=8 enemy_hp=100 hp=100/100 score=0 phys_us=1 ai_us=484 audio_us=31 net_us=0
[2026-08-17T12:20:34Z INFO  steel_front::engine::renderer] visible=65536/65536 near=65536 far=0 fps=361.1 frame_us=1953 cull_us=0 terrain_us=0 wait_fence_us=2419 acquire_us=1 record_us=31 submit_us=63 present_us=139 terrain_lod=high blend=0.000 quality=中画质 marker=84 npc=56
[2026-08-17T12:20:34Z INFO  steel_front] cam: yaw=0.0 pitch=0.0 dist=3.4 mode=FirstPerson cycle_us=2274 update_us=45 render_us=2228
[2026-08-17T12:20:35Z INFO  steel_front::engine::game] ai: npcs=8 near=8 far=0 idle=0 patrol=0 chase=0 attack=8 tactics=[8, 0, 0, 0, 0, 0, 0, 0]
[2026-08-17T12:20:35Z INFO  steel_front::engine::game] game: wave=1 enemies=8 enemy_hp=100 hp=100/100 score=0 phys_us=2 ai_us=543 audio_us=15 net_us=0
[2026-08-17T12:20:35Z INFO  steel_front::engine::renderer] visible=65536/65536 near=65536 far=0 fps=361.1 frame_us=2587 cull_us=0 terrain_us=0 wait_fence_us=1640 acquire_us=1 record_us=83 submit_us=133 present_us=390 terrain_lod=high blend=0.000 quality=中画质 marker=84 npc=56
[2026-08-17T12:20:35Z INFO  steel_front] cam: yaw=0.0 pitch=0.0 dist=3.4 mode=FirstPerson cycle_us=3196 update_us=44 render_us=3152
[2026-08-17T12:20:36Z INFO  steel_front::engine::game] ai: npcs=8 near=8 far=0 idle=0 patrol=0 chase=0 attack=8 tactics=[8, 0, 0, 0, 0, 0, 0, 0]
[2026-08-17T12:20:36Z INFO  steel_front::engine::game] game: wave=1 enemies=8 enemy_hp=100 hp=100/100 score=0 phys_us=2 ai_us=594 audio_us=29 net_us=0
[2026-08-17T12:20:36Z INFO  steel_front::engine::renderer] visible=65536/65536 near=65536 far=0 fps=364.4 frame_us=2194 cull_us=0 terrain_us=0 wait_fence_us=2077 acquire_us=1 record_us=48 submit_us=47 present_us=207 terrain_lod=high blend=0.000 quality=中画质 marker=84 npc=56
[2026-08-17T12:20:36Z INFO  steel_front] cam: yaw=0.0 pitch=0.0 dist=3.4 mode=FirstPerson cycle_us=2979 update_us=21 render_us=2957
[2026-08-17T12:20:37Z INFO  steel_front::engine::game] ai: npcs=8 near=8 far=0 idle=0 patrol=0 chase=0 attack=8 tactics=[8, 0, 0, 0, 0, 0, 0, 0]
[2026-08-17T12:20:37Z INFO  steel_front::engine::game] game: wave=1 enemies=8 enemy_hp=100 hp=100/100 score=0 phys_us=1 ai_us=619 audio_us=27 net_us=0
[2026-08-17T12:20:37Z INFO  steel_front::engine::renderer] visible=65536/65536 near=65536 far=0 fps=364.2 frame_us=2631 cull_us=1 terrain_us=0 wait_fence_us=2043 acquire_us=1 record_us=42 submit_us=38 present_us=326 terrain_lod=high blend=0.000 quality=中画质 marker=84 npc=56
[2026-08-17T12:20:37Z INFO  steel_front] cam: yaw=0.0 pitch=0.0 dist=3.4 mode=FirstPerson cycle_us=3026 update_us=26 render_us=3000
[2026-08-17T12:20:38Z INFO  steel_front::engine::game] ai: npcs=8 near=8 far=0 idle=0 patrol=0 chase=0 attack=8 tactics=[8, 0, 0, 0, 0, 0, 0, 0]
[2026-08-17T12:20:38Z INFO  steel_front::engine::game] game: wave=1 enemies=8 enemy_hp=100 hp=100/100 score=0 phys_us=2 ai_us=505 audio_us=17 net_us=0
[2026-08-17T12:20:38Z INFO  steel_front::engine::renderer] visible=65536/65536 near=65536 far=0 fps=364.6 frame_us=2375 cull_us=0 terrain_us=0 wait_fence_us=1736 acquire_us=0 record_us=42 submit_us=35 present_us=209 terrain_lod=high blend=0.000 quality=中画质 marker=84 npc=56
[2026-08-17T12:20:38Z INFO  steel_front] size diag: window_inner=2560x1600 hud=2560x1600
[2026-08-17T12:20:38Z INFO  steel_front] size diag: window_inner=2560x1600 hud=2560x1600
[2026-08-17T12:20:38Z INFO  steel_front] size diag: window_inner=2560x1600 hud=2560x1600
[2026-08-17T12:20:38Z INFO  steel_front] size diag: window_inner=2560x1600 hud=2560x1600
[2026-08-17T12:20:38Z INFO  steel_front] size diag: window_inner=2560x1600 hud=2560x1600
[2026-08-17T12:20:38Z INFO  steel_front] size diag: window_inner=2560x1600 hud=2560x1600
[2026-08-17T12:20:38Z INFO  steel_front] size diag: window_inner=2560x1600 hud=2560x1600
[2026-08-17T12:20:38Z INFO  steel_front] size diag: window_inner=2560x1600 hud=2560x1600
[2026-08-17T12:20:38Z INFO  steel_front] size diag: window_inner=2560x1600 hud=2560x1600
[2026-08-17T12:20:38Z INFO  steel_front] size diag: window_inner=2560x1600 hud=2560x1600
[2026-08-17T12:20:38Z INFO  steel_front] size diag: window_inner=2560x1600 hud=2560x1600
[2026-08-17T12:20:38Z INFO  steel_front] size diag: window_inner=2560x1600 hud=2560x1600
[2026-08-17T12:20:38Z INFO  steel_front] size diag: window_inner=2560x1600 hud=2560x1600
[2026-08-17T12:20:38Z INFO  steel_front] size diag: window_inner=2560x1600 hud=2560x1600
[2026-08-17T12:20:38Z INFO  steel_front] size diag: window_inner=2560x1600 hud=2560x1600
[2026-08-17T12:20:38Z INFO  steel_front] size diag: window_inner=2560x1600 hud=2560x1600
[2026-08-17T12:20:38Z INFO  steel_front] size diag: window_inner=2560x1600 hud=2560x1600
[2026-08-17T12:20:38Z INFO  steel_front] size diag: window_inner=2560x1600 hud=2560x1600
[2026-08-17T12:20:38Z INFO  steel_front] cam: yaw=0.0 pitch=0.0 dist=3.4 mode=FirstPerson cycle_us=2759 update_us=24 render_us=2734
[2026-08-17T12:20:39Z INFO  steel_front::engine::game] ai: npcs=8 near=8 far=0 idle=0 patrol=0 chase=0 attack=8 tactics=[8, 0, 0, 0, 0, 0, 0, 0]
[2026-08-17T12:20:39Z INFO  steel_front::engine::game] game: wave=1 enemies=8 enemy_hp=100 hp=100/100 score=0 phys_us=2 ai_us=604 audio_us=26 net_us=0
[2026-08-17T12:20:39Z INFO  steel_front::engine::renderer] visible=65536/65536 near=65536 far=0 fps=366.5 frame_us=2777 cull_us=0 terrain_us=0 wait_fence_us=2037 acquire_us=1 record_us=42 submit_us=32 present_us=238 terrain_lod=high blend=0.000 quality=中画质 marker=84 npc=56
[2026-08-17T12:20:39Z INFO  steel_front] cam: yaw=0.0 pitch=0.0 dist=3.4 mode=FirstPerson cycle_us=3393 update_us=21 render_us=3371
[2026-08-17T12:20:40Z INFO  steel_front::engine::game] ai: npcs=8 near=8 far=0 idle=0 patrol=0 chase=0 attack=8 tactics=[8, 0, 0, 0, 0, 0, 0, 0]
[2026-08-17T12:20:40Z INFO  steel_front::engine::game] game: wave=1 enemies=8 enemy_hp=100 hp=100/100 score=0 phys_us=2 ai_us=747 audio_us=25 net_us=0
[2026-08-17T12:20:40Z INFO  steel_front::engine::renderer] visible=65536/65536 near=65536 far=0 fps=365.2 frame_us=2161 cull_us=0 terrain_us=0 wait_fence_us=2112 acquire_us=1 record_us=47 submit_us=37 present_us=269 terrain_lod=high blend=0.000 quality=中画质 marker=84 npc=56
[2026-08-17T12:20:40Z INFO  steel_front] cam: yaw=0.0 pitch=0.0 dist=3.4 mode=FirstPerson cycle_us=2623 update_us=43 render_us=2579
[2026-08-17T12:20:41Z INFO  steel_front::engine::game] ai: npcs=8 near=8 far=0 idle=0 patrol=0 chase=0 attack=8 tactics=[8, 0, 0, 0, 0, 0, 0, 0]
[2026-08-17T12:20:41Z INFO  steel_front::engine::game] game: wave=1 enemies=8 enemy_hp=100 hp=100/100 score=0 phys_us=1 ai_us=388 audio_us=28 net_us=0
[2026-08-17T12:20:41Z INFO  steel_front::engine::renderer] visible=65536/65536 near=65536 far=0 fps=366.9 frame_us=2305 cull_us=0 terrain_us=0 wait_fence_us=2115 acquire_us=1 record_us=42 submit_us=33 present_us=261 terrain_lod=high blend=0.000 quality=中画质 marker=84 npc=56
[2026-08-17T12:20:41Z INFO  steel_front] cam: yaw=0.0 pitch=0.0 dist=3.4 mode=FirstPerson cycle_us=2434 update_us=57 render_us=2376
[2026-08-17T12:20:42Z INFO  steel_front::engine::game] ai: npcs=8 near=8 far=0 idle=0 patrol=0 chase=0 attack=8 tactics=[8, 0, 0, 0, 0, 0, 0, 0]
[2026-08-17T12:20:42Z INFO  steel_front::engine::game] game: wave=1 enemies=8 enemy_hp=100 hp=100/100 score=0 phys_us=2 ai_us=501 audio_us=28 net_us=0
[2026-08-17T12:20:42Z INFO  steel_front::engine::renderer] visible=65536/65536 near=65536 far=0 fps=366.6 frame_us=2653 cull_us=0 terrain_us=0 wait_fence_us=1726 acquire_us=1 record_us=64 submit_us=92 present_us=282 terrain_lod=high blend=0.000 quality=中画质 marker=84 npc=56
[2026-08-17T12:20:42Z INFO  steel_front] cam: yaw=0.0 pitch=0.0 dist=3.4 mode=FirstPerson cycle_us=3193 update_us=22 render_us=3170
[2026-08-17T12:20:43Z INFO  steel_front::engine::game] ai: npcs=8 near=8 far=0 idle=0 patrol=0 chase=0 attack=8 tactics=[8, 0, 0, 0, 0, 0, 0, 0]
[2026-08-17T12:20:43Z INFO  steel_front::engine::game] game: wave=1 enemies=8 enemy_hp=100 hp=100/100 score=0 phys_us=2 ai_us=532 audio_us=33 net_us=0
[2026-08-17T12:20:43Z INFO  steel_front::engine::renderer] visible=65536/65536 near=65536 far=0 fps=366.7 frame_us=1974 cull_us=0 terrain_us=0 wait_fence_us=2042 acquire_us=0 record_us=43 submit_us=33 present_us=212 terrain_lod=high blend=0.000 quality=中画质 marker=84 npc=56
[2026-08-17T12:20:43Z INFO  steel_front] size diag: window_inner=2560x1600 hud=2560x1600
[2026-08-17T12:20:43Z INFO  steel_front] size diag: window_inner=2560x1600 hud=2560x1600
[2026-08-17T12:20:43Z INFO  steel_front] size diag: window_inner=2560x1600 hud=2560x1600
[2026-08-17T12:20:43Z INFO  steel_front] size diag: window_inner=2560x1600 hud=2560x1600
[2026-08-17T12:20:43Z INFO  steel_front] size diag: window_inner=2560x1600 hud=2560x1600
[2026-08-17T12:20:43Z INFO  steel_front] size diag: window_inner=2560x1600 hud=2560x1600
[2026-08-17T12:20:43Z INFO  steel_front] size diag: window_inner=2560x1600 hud=2560x1600
[2026-08-17T12:20:43Z INFO  steel_front] size diag: window_inner=2560x1600 hud=2560x1600
[2026-08-17T12:20:43Z INFO  steel_front] size diag: window_inner=2560x1600 hud=2560x1600
[2026-08-17T12:20:43Z INFO  steel_front] size diag: window_inner=2560x1600 hud=2560x1600
[2026-08-17T12:20:43Z INFO  steel_front] size diag: window_inner=2560x1600 hud=2560x1600
[2026-08-17T12:20:43Z INFO  steel_front] size diag: window_inner=2560x1600 hud=2560x1600
[2026-08-17T12:20:43Z INFO  steel_front] size diag: window_inner=2560x1600 hud=2560x1600
[2026-08-17T12:20:43Z INFO  steel_front] size diag: window_inner=2560x1600 hud=2560x1600
[2026-08-17T12:20:43Z INFO  steel_front] size diag: window_inner=2560x1600 hud=2560x1600
[2026-08-17T12:20:43Z INFO  steel_front] size diag: window_inner=2560x1600 hud=2560x1600
[2026-08-17T12:20:43Z INFO  steel_front] size diag: window_inner=2560x1600 hud=2560x1600
[2026-08-17T12:20:43Z INFO  steel_front] size diag: window_inner=2560x1600 hud=2560x1600
[2026-08-17T12:20:43Z INFO  steel_front] size diag: window_inner=2560x1600 hud=2560x1600
[2026-08-17T12:20:43Z INFO  steel_front] cam: yaw=0.0 pitch=0.0 dist=3.4 mode=FirstPerson cycle_us=3025 update_us=24 render_us=3000
[2026-08-17T12:20:44Z INFO  steel_front::engine::game] ai: npcs=8 near=8 far=0 idle=0 patrol=0 chase=0 attack=8 tactics=[8, 0, 0, 0, 0, 0, 0, 0]
[2026-08-17T12:20:44Z INFO  steel_front::engine::game] game: wave=1 enemies=8 enemy_hp=100 hp=100/100 score=0 phys_us=2 ai_us=498 audio_us=30 net_us=0
[2026-08-17T12:20:44Z INFO  steel_front::engine::renderer] visible=65536/65536 near=65536 far=0 fps=365.0 frame_us=2112 cull_us=0 terrain_us=0 wait_fence_us=2478 acquire_us=1 record_us=44 submit_us=35 present_us=215 terrain_lod=high blend=0.000 quality=中画质 marker=84 npc=56
[2026-08-17T12:20:44Z INFO  steel_front] cam: yaw=0.0 pitch=0.0 dist=3.4 mode=FirstPerson cycle_us=2377 update_us=38 render_us=2339
[2026-08-17T12:20:45Z INFO  steel_front::engine::game] ai: npcs=8 near=8 far=0 idle=0 patrol=0 chase=0 attack=8 tactics=[8, 0, 0, 0, 0, 0, 0, 0]
[2026-08-17T12:20:45Z INFO  steel_front::engine::game] game: wave=1 enemies=8 enemy_hp=100 hp=100/100 score=0 phys_us=1 ai_us=527 audio_us=15 net_us=0
[2026-08-17T12:20:45Z INFO  steel_front::engine::renderer] visible=65536/65536 near=65536 far=0 fps=364.8 frame_us=2369 cull_us=0 terrain_us=0 wait_fence_us=1750 acquire_us=0 record_us=42 submit_us=33 present_us=222 terrain_lod=high blend=0.000 quality=中画质 marker=84 npc=56
[2026-08-17T12:20:45Z INFO  steel_front] cam: yaw=0.0 pitch=0.0 dist=3.4 mode=FirstPerson cycle_us=2997 update_us=20 render_us=2976
[2026-08-17T12:20:46Z INFO  steel_front::engine::game] ai: npcs=8 near=8 far=0 idle=0 patrol=0 chase=0 attack=8 tactics=[8, 0, 0, 0, 0, 0, 0, 0]
[2026-08-17T12:20:46Z INFO  steel_front::engine::game] game: wave=1 enemies=8 enemy_hp=100 hp=100/100 score=0 phys_us=2 ai_us=645 audio_us=33 net_us=0
[2026-08-17T12:20:46Z INFO  steel_front::engine::renderer] visible=65536/65536 near=65536 far=0 fps=364.6 frame_us=2577 cull_us=1 terrain_us=0 wait_fence_us=1875 acquire_us=1 record_us=29 submit_us=41 present_us=202 terrain_lod=high blend=0.000 quality=中画质 marker=84 npc=56
[2026-08-17T12:20:46Z INFO  steel_front] cam: yaw=0.0 pitch=0.0 dist=3.4 mode=FirstPerson cycle_us=2994 update_us=20 render_us=2973
[2026-08-17T12:20:47Z INFO  steel_front::engine::game] ai: npcs=8 near=8 far=0 idle=0 patrol=0 chase=0 attack=8 tactics=[8, 0, 0, 0, 0, 0, 0, 0]
[2026-08-17T12:20:47Z INFO  steel_front::engine::game] game: wave=1 enemies=8 enemy_hp=100 hp=100/100 score=0 phys_us=2 ai_us=900 audio_us=35 net_us=0
[2026-08-17T12:20:47Z INFO  steel_front::engine::renderer] visible=65536/65536 near=65536 far=0 fps=366.2 frame_us=2141 cull_us=0 terrain_us=0 wait_fence_us=2009 acquire_us=1 record_us=41 submit_us=33 present_us=306 terrain_lod=high blend=0.000 quality=中画质 marker=84 npc=56
[2026-08-17T12:20:47Z INFO  steel_front] cam: yaw=0.0 pitch=0.0 dist=3.4 mode=FirstPerson cycle_us=2512 update_us=41 render_us=2470
[2026-08-17T12:20:48Z INFO  steel_front::engine::game] ai: npcs=8 near=8 far=0 idle=0 patrol=0 chase=0 attack=8 tactics=[8, 0, 0, 0, 0, 0, 0, 0]
[2026-08-17T12:20:48Z INFO  steel_front::engine::game] game: wave=1 enemies=8 enemy_hp=100 hp=100/100 score=0 phys_us=1 ai_us=514 audio_us=24 net_us=0
[2026-08-17T12:20:48Z INFO  steel_front::engine::renderer] visible=65536/65536 near=65536 far=0 fps=366.2 frame_us=2314 cull_us=0 terrain_us=0 wait_fence_us=1765 acquire_us=0 record_us=43 submit_us=41 present_us=214 terrain_lod=high blend=0.000 quality=中画质 marker=84 npc=56
[2026-08-17T12:20:48Z INFO  steel_front] size diag: window_inner=2560x1600 hud=2560x1600
[2026-08-17T12:20:48Z INFO  steel_front] size diag: window_inner=2560x1600 hud=2560x1600
[2026-08-17T12:20:48Z INFO  steel_front] size diag: window_inner=2560x1600 hud=2560x1600
[2026-08-17T12:20:48Z INFO  steel_front] size diag: window_inner=2560x1600 hud=2560x1600
[2026-08-17T12:20:48Z INFO  steel_front] size diag: window_inner=2560x1600 hud=2560x1600
[2026-08-17T12:20:48Z INFO  steel_front] size diag: window_inner=2560x1600 hud=2560x1600
[2026-08-17T12:20:48Z INFO  steel_front] size diag: window_inner=2560x1600 hud=2560x1600
[2026-08-17T12:20:48Z INFO  steel_front] size diag: window_inner=2560x1600 hud=2560x1600
[2026-08-17T12:20:48Z INFO  steel_front] size diag: window_inner=2560x1600 hud=2560x1600
[2026-08-17T12:20:48Z INFO  steel_front] size diag: window_inner=2560x1600 hud=2560x1600
[2026-08-17T12:20:48Z INFO  steel_front] size diag: window_inner=2560x1600 hud=2560x1600
[2026-08-17T12:20:48Z INFO  steel_front] size diag: window_inner=2560x1600 hud=2560x1600
[2026-08-17T12:20:48Z INFO  steel_front] size diag: window_inner=2560x1600 hud=2560x1600
[2026-08-17T12:20:48Z INFO  steel_front] size diag: window_inner=2560x1600 hud=2560x1600
[2026-08-17T12:20:48Z INFO  steel_front] size diag: window_inner=2560x1600 hud=2560x1600
[2026-08-17T12:20:48Z INFO  steel_front] size diag: window_inner=2560x1600 hud=2560x1600
[2026-08-17T12:20:48Z INFO  steel_front] size diag: window_inner=2560x1600 hud=2560x1600
[2026-08-17T12:20:48Z INFO  steel_front] size diag: window_inner=2560x1600 hud=2560x1600
[2026-08-17T12:20:48Z INFO  steel_front] cam: yaw=0.0 pitch=0.0 dist=3.4 mode=FirstPerson cycle_us=2465 update_us=25 render_us=2440
[2026-08-17T12:20:49Z INFO  steel_front::engine::game] ai: npcs=8 near=8 far=0 idle=0 patrol=0 chase=0 attack=8 tactics=[8, 0, 0, 0, 0, 0, 0, 0]
[2026-08-17T12:20:49Z INFO  steel_front::engine::game] game: wave=1 enemies=8 enemy_hp=100 hp=100/100 score=0 phys_us=2 ai_us=422 audio_us=13 net_us=0
[2026-08-17T12:20:49Z INFO  steel_front::engine::renderer] visible=65536/65536 near=65536 far=0 fps=366.0 frame_us=2642 cull_us=0 terrain_us=0 wait_fence_us=1909 acquire_us=1 record_us=41 submit_us=36 present_us=205 terrain_lod=high blend=0.000 quality=中画质 marker=84 npc=56
[2026-08-17T12:20:49Z INFO  steel_front] cam: yaw=0.0 pitch=0.0 dist=3.4 mode=FirstPerson cycle_us=2943 update_us=20 render_us=2923
[2026-08-17T12:20:50Z INFO  steel_front::engine::game] ai: npcs=8 near=8 far=0 idle=0 patrol=0 chase=0 attack=8 tactics=[8, 0, 0, 0, 0, 0, 0, 0]
[2026-08-17T12:20:50Z INFO  steel_front::engine::game] game: wave=1 enemies=8 enemy_hp=100 hp=100/100 score=0 phys_us=1 ai_us=782 audio_us=12 net_us=0
[2026-08-17T12:20:50Z INFO  steel_front::engine::renderer] visible=65536/65536 near=65536 far=0 fps=375.8 frame_us=1882 cull_us=0 terrain_us=0 wait_fence_us=2006 acquire_us=1 record_us=19 submit_us=17 present_us=127 terrain_lod=high blend=0.000 quality=中画质 marker=84 npc=56
[2026-08-17T12:20:50Z INFO  steel_front] cam: yaw=0.0 pitch=0.0 dist=3.4 mode=FirstPerson cycle_us=4601 update_us=45 render_us=4555
[2026-08-17T12:20:51Z INFO  steel_front::engine::game] ai: npcs=8 near=8 far=0 idle=0 patrol=0 chase=0 attack=8 tactics=[8, 0, 0, 0, 0, 0, 0, 0]
[2026-08-17T12:20:51Z INFO  steel_front::engine::game] game: wave=1 enemies=8 enemy_hp=100 hp=100/100 score=0 phys_us=1 ai_us=737 audio_us=16 net_us=0
[2026-08-17T12:20:51Z INFO  steel_front::engine::renderer] visible=65536/65536 near=65536 far=0 fps=361.4 frame_us=2364 cull_us=0 terrain_us=0 wait_fence_us=2097 acquire_us=1 record_us=40 submit_us=37 present_us=322 terrain_lod=high blend=0.000 quality=中画质 marker=84 npc=56
[2026-08-17T12:20:51Z INFO  steel_front] cam: yaw=0.0 pitch=0.0 dist=3.4 mode=FirstPerson cycle_us=2858 update_us=36 render_us=2822
[2026-08-17T12:20:52Z INFO  steel_front::engine::game] ai: npcs=8 near=8 far=0 idle=0 patrol=0 chase=0 attack=8 tactics=[8, 0, 0, 0, 0, 0, 0, 0]
[2026-08-17T12:20:52Z INFO  steel_front::engine::game] game: wave=1 enemies=8 enemy_hp=100 hp=100/100 score=0 phys_us=1 ai_us=518 audio_us=27 net_us=0
[2026-08-17T12:20:52Z INFO  steel_front::engine::renderer] visible=65536/65536 near=65536 far=0 fps=372.1 frame_us=2428 cull_us=0 terrain_us=0 wait_fence_us=1949 acquire_us=1 record_us=36 submit_us=39 present_us=201 terrain_lod=high blend=0.000 quality=中画质 marker=84 npc=56
[2026-08-17T12:20:52Z INFO  steel_front] cam: yaw=0.0 pitch=0.0 dist=3.4 mode=FirstPerson cycle_us=2819 update_us=38 render_us=2781
[2026-08-17T12:20:53Z INFO  steel_front::engine::game] ai: npcs=8 near=8 far=0 idle=0 patrol=0 chase=0 attack=8 tactics=[8, 0, 0, 0, 0, 0, 0, 0]
[2026-08-17T12:20:53Z INFO  steel_front::engine::game] game: wave=1 enemies=8 enemy_hp=100 hp=100/100 score=0 phys_us=2 ai_us=383 audio_us=26 net_us=0
[2026-08-17T12:20:53Z INFO  steel_front::engine::renderer] visible=65536/65536 near=65536 far=0 fps=375.4 frame_us=1828 cull_us=0 terrain_us=0 wait_fence_us=2130 acquire_us=1 record_us=36 submit_us=39 present_us=204 terrain_lod=high blend=0.000 quality=中画质 marker=84 npc=56
[2026-08-17T12:20:53Z INFO  steel_front] size diag: window_inner=2560x1600 hud=2560x1600
[2026-08-17T12:20:53Z INFO  steel_front] size diag: window_inner=2560x1600 hud=2560x1600
[2026-08-17T12:20:53Z INFO  steel_front] size diag: window_inner=2560x1600 hud=2560x1600
[2026-08-17T12:20:53Z INFO  steel_front] size diag: window_inner=2560x1600 hud=2560x1600
[2026-08-17T12:20:53Z INFO  steel_front] size diag: window_inner=2560x1600 hud=2560x1600
[2026-08-17T12:20:53Z INFO  steel_front] size diag: window_inner=2560x1600 hud=2560x1600
[2026-08-17T12:20:53Z INFO  steel_front] size diag: window_inner=2560x1600 hud=2560x1600
[2026-08-17T12:20:53Z INFO  steel_front] size diag: window_inner=2560x1600 hud=2560x1600
[2026-08-17T12:20:53Z INFO  steel_front] size diag: window_inner=2560x1600 hud=2560x1600
[2026-08-17T12:20:53Z INFO  steel_front] size diag: window_inner=2560x1600 hud=2560x1600
[2026-08-17T12:20:53Z INFO  steel_front] size diag: window_inner=2560x1600 hud=2560x1600
[2026-08-17T12:20:53Z INFO  steel_front] size diag: window_inner=2560x1600 hud=2560x1600
[2026-08-17T12:20:53Z INFO  steel_front] size diag: window_inner=2560x1600 hud=2560x1600
[2026-08-17T12:20:53Z INFO  steel_front] size diag: window_inner=2560x1600 hud=2560x1600
[2026-08-17T12:20:53Z INFO  steel_front] size diag: window_inner=2560x1600 hud=2560x1600
[2026-08-17T12:20:53Z INFO  steel_front] size diag: window_inner=2560x1600 hud=2560x1600
[2026-08-17T12:20:53Z INFO  steel_front] size diag: window_inner=2560x1600 hud=2560x1600
[2026-08-17T12:20:53Z INFO  steel_front] size diag: window_inner=2560x1600 hud=2560x1600
[2026-08-17T12:20:53Z INFO  steel_front] cam: yaw=0.0 pitch=0.0 dist=3.4 mode=FirstPerson cycle_us=2701 update_us=24 render_us=2677
[2026-08-17T12:20:54Z INFO  steel_front::engine::game] ai: npcs=8 near=8 far=0 idle=0 patrol=0 chase=0 attack=8 tactics=[8, 0, 0, 0, 0, 0, 0, 0]
[2026-08-17T12:20:54Z INFO  steel_front::engine::game] game: wave=1 enemies=8 enemy_hp=100 hp=100/100 score=0 phys_us=1 ai_us=620 audio_us=24 net_us=0
[2026-08-17T12:20:54Z INFO  steel_front::engine::renderer] visible=65536/65536 near=65536 far=0 fps=369.0 frame_us=3576 cull_us=0 terrain_us=0 wait_fence_us=2789 acquire_us=1 record_us=40 submit_us=53 present_us=257 terrain_lod=high blend=0.000 quality=中画质 marker=84 npc=56
[2026-08-17T12:20:54Z INFO  steel_front] cam: yaw=0.0 pitch=0.0 dist=3.4 mode=FirstPerson cycle_us=3003 update_us=35 render_us=2967
[2026-08-17T12:20:55Z INFO  steel_front::engine::game] ai: npcs=8 near=8 far=0 idle=0 patrol=0 chase=0 attack=8 tactics=[8, 0, 0, 0, 0, 0, 0, 0]
[2026-08-17T12:20:55Z INFO  steel_front::engine::game] game: wave=1 enemies=8 enemy_hp=100 hp=100/100 score=0 phys_us=4 ai_us=815 audio_us=16 net_us=0
[2026-08-17T12:20:55Z INFO  steel_front::engine::renderer] visible=65536/65536 near=65536 far=0 fps=347.2 frame_us=2364 cull_us=0 terrain_us=0 wait_fence_us=1772 acquire_us=1 record_us=38 submit_us=56 present_us=190 terrain_lod=high blend=0.000 quality=中画质 marker=84 npc=56
[2026-08-17T12:20:55Z INFO  steel_front] cam: yaw=0.0 pitch=0.0 dist=3.4 mode=FirstPerson cycle_us=2502 update_us=38 render_us=2463
[2026-08-17T12:20:56Z INFO  steel_front::engine::game] ai: npcs=8 near=8 far=0 idle=0 patrol=0 chase=0 attack=8 tactics=[8, 0, 0, 0, 0, 0, 0, 0]
[2026-08-17T12:20:56Z INFO  steel_front::engine::game] game: wave=1 enemies=8 enemy_hp=100 hp=100/100 score=0 phys_us=2 ai_us=751 audio_us=15 net_us=0
[2026-08-17T12:20:56Z INFO  steel_front::engine::renderer] visible=65536/65536 near=65536 far=0 fps=345.8 frame_us=2320 cull_us=1 terrain_us=0 wait_fence_us=2146 acquire_us=1 record_us=35 submit_us=47 present_us=333 terrain_lod=high blend=0.000 quality=中画质 marker=84 npc=56
[2026-08-17T12:20:56Z INFO  steel_front] cam: yaw=0.0 pitch=0.0 dist=3.4 mode=FirstPerson cycle_us=2344 update_us=39 render_us=2304
[2026-08-17T12:20:57Z INFO  steel_front::engine::game] ai: npcs=8 near=8 far=0 idle=0 patrol=0 chase=0 attack=8 tactics=[8, 0, 0, 0, 0, 0, 0, 0]
[2026-08-17T12:20:57Z INFO  steel_front::engine::game] game: wave=1 enemies=8 enemy_hp=100 hp=100/100 score=0 phys_us=1 ai_us=395 audio_us=25 net_us=0
[2026-08-17T12:20:57Z INFO  steel_front::engine::renderer] visible=65536/65536 near=65536 far=0 fps=363.3 frame_us=2655 cull_us=0 terrain_us=0 wait_fence_us=1889 acquire_us=1 record_us=38 submit_us=86 present_us=225 terrain_lod=high blend=0.000 quality=中画质 marker=84 npc=56
[2026-08-17T12:20:57Z INFO  steel_front] cam: yaw=0.0 pitch=0.0 dist=3.4 mode=FirstPerson cycle_us=2867 update_us=36 render_us=2831
[2026-08-17T12:20:58Z INFO  steel_front::engine::game] ai: npcs=8 near=8 far=0 idle=0 patrol=0 chase=0 attack=8 tactics=[8, 0, 0, 0, 0, 0, 0, 0]
[2026-08-17T12:20:58Z INFO  steel_front::engine::game] game: wave=1 enemies=8 enemy_hp=100 hp=100/100 score=0 phys_us=11 ai_us=839 audio_us=33 net_us=0
[2026-08-17T12:20:58Z INFO  steel_front::engine::renderer] visible=65536/65536 near=65536 far=0 fps=366.8 frame_us=2767 cull_us=1 terrain_us=0 wait_fence_us=1710 acquire_us=3 record_us=52 submit_us=44 present_us=253 terrain_lod=high blend=0.000 quality=中画质 marker=84 npc=56
[2026-08-17T12:20:58Z INFO  steel_front] size diag: window_inner=2560x1600 hud=2560x1600
[2026-08-17T12:20:58Z INFO  steel_front] size diag: window_inner=2560x1600 hud=2560x1600
[2026-08-17T12:20:58Z INFO  steel_front] size diag: window_inner=2560x1600 hud=2560x1600
[2026-08-17T12:20:58Z INFO  steel_front] size diag: window_inner=2560x1600 hud=2560x1600
[2026-08-17T12:20:58Z INFO  steel_front] size diag: window_inner=2560x1600 hud=2560x1600
[2026-08-17T12:20:58Z INFO  steel_front] size diag: window_inner=2560x1600 hud=2560x1600
[2026-08-17T12:20:58Z INFO  steel_front] size diag: window_inner=2560x1600 hud=2560x1600
[2026-08-17T12:20:58Z INFO  steel_front] size diag: window_inner=2560x1600 hud=2560x1600
[2026-08-17T12:20:58Z INFO  steel_front] size diag: window_inner=2560x1600 hud=2560x1600
[2026-08-17T12:20:58Z INFO  steel_front] size diag: window_inner=2560x1600 hud=2560x1600
[2026-08-17T12:20:58Z INFO  steel_front] size diag: window_inner=2560x1600 hud=2560x1600
[2026-08-17T12:20:58Z INFO  steel_front] size diag: window_inner=2560x1600 hud=2560x1600
[2026-08-17T12:20:58Z INFO  steel_front] size diag: window_inner=2560x1600 hud=2560x1600
[2026-08-17T12:20:58Z INFO  steel_front] size diag: window_inner=2560x1600 hud=2560x1600
[2026-08-17T12:20:58Z INFO  steel_front] size diag: window_inner=2560x1600 hud=2560x1600
[2026-08-17T12:20:58Z INFO  steel_front] size diag: window_inner=2560x1600 hud=2560x1600
[2026-08-17T12:20:58Z INFO  steel_front] size diag: window_inner=2560x1600 hud=2560x1600
[2026-08-17T12:20:58Z INFO  steel_front] size diag: window_inner=2560x1600 hud=2560x1600
[2026-08-17T12:20:58Z INFO  steel_front] cam: yaw=0.0 pitch=0.0 dist=3.4 mode=FirstPerson cycle_us=2917 update_us=24 render_us=2892
[2026-08-17T12:20:59Z INFO  steel_front::engine::game] ai: npcs=8 near=8 far=0 idle=0 patrol=0 chase=0 attack=8 tactics=[8, 0, 0, 0, 0, 0, 0, 0]
[2026-08-17T12:20:59Z INFO  steel_front::engine::game] game: wave=1 enemies=8 enemy_hp=100 hp=100/100 score=0 phys_us=1 ai_us=528 audio_us=27 net_us=0
[2026-08-17T12:20:59Z INFO  steel_front::engine::renderer] visible=65536/65536 near=65536 far=0 fps=360.3 frame_us=2572 cull_us=0 terrain_us=0 wait_fence_us=2440 acquire_us=1 record_us=20 submit_us=19 present_us=189 terrain_lod=high blend=0.000 quality=中画质 marker=84 npc=56
[2026-08-17T12:20:59Z INFO  steel_front] cam: yaw=0.0 pitch=0.0 dist=3.4 mode=FirstPerson cycle_us=2984 update_us=43 render_us=2940
[2026-08-17T12:21:00Z INFO  steel_front::engine::game] ai: npcs=8 near=8 far=0 idle=0 patrol=0 chase=0 attack=8 tactics=[8, 0, 0, 0, 0, 0, 0, 0]
[2026-08-17T12:21:00Z INFO  steel_front::engine::game] game: wave=1 enemies=8 enemy_hp=100 hp=100/100 score=0 phys_us=2 ai_us=735 audio_us=16 net_us=0
[2026-08-17T12:21:00Z INFO  steel_front::engine::renderer] visible=65536/65536 near=65536 far=0 fps=360.9 frame_us=2148 cull_us=0 terrain_us=0 wait_fence_us=1537 acquire_us=0 record_us=58 submit_us=57 present_us=682 terrain_lod=high blend=0.000 quality=中画质 marker=84 npc=56
[2026-08-17T12:21:00Z INFO  steel_front] cam: yaw=0.0 pitch=0.0 dist=3.4 mode=FirstPerson cycle_us=3624 update_us=48 render_us=3576
[2026-08-17T12:21:01Z INFO  steel_front::engine::game] ai: npcs=8 near=8 far=0 idle=0 patrol=0 chase=0 attack=8 tactics=[8, 0, 0, 0, 0, 0, 0, 0]
[2026-08-17T12:21:01Z INFO  steel_front::engine::game] game: wave=1 enemies=8 enemy_hp=100 hp=100/100 score=0 phys_us=1 ai_us=536 audio_us=26 net_us=0
[2026-08-17T12:21:01Z INFO  steel_front::engine::renderer] visible=65536/65536 near=65536 far=0 fps=360.3 frame_us=3042 cull_us=0 terrain_us=0 wait_fence_us=1516 acquire_us=1 record_us=40 submit_us=39 present_us=237 terrain_lod=high blend=0.000 quality=中画质 marker=84 npc=56
[2026-08-17T12:21:01Z INFO  steel_front] cam: yaw=0.0 pitch=0.0 dist=3.4 mode=FirstPerson cycle_us=3270 update_us=32 render_us=3237
[2026-08-17T12:21:02Z INFO  steel_front::engine::game] ai: npcs=8 near=8 far=0 idle=0 patrol=0 chase=0 attack=8 tactics=[8, 0, 0, 0, 0, 0, 0, 0]
[2026-08-17T12:21:02Z INFO  steel_front::engine::game] game: wave=1 enemies=8 enemy_hp=100 hp=100/100 score=0 phys_us=2 ai_us=823 audio_us=25 net_us=0
[2026-08-17T12:21:02Z INFO  steel_front::engine::renderer] visible=65536/65536 near=65536 far=0 fps=359.8 frame_us=2839 cull_us=0 terrain_us=0 wait_fence_us=1940 acquire_us=0 record_us=54 submit_us=20 present_us=145 terrain_lod=high blend=0.000 quality=中画质 marker=84 npc=56
[2026-08-17T12:21:02Z INFO  steel_front] cam: yaw=0.0 pitch=0.0 dist=3.4 mode=FirstPerson cycle_us=2685 update_us=24 render_us=2661
[2026-08-17T12:21:03Z INFO  steel_front::engine::game] ai: npcs=8 near=8 far=0 idle=0 patrol=0 chase=0 attack=8 tactics=[8, 0, 0, 0, 0, 0, 0, 0]
[2026-08-17T12:21:03Z INFO  steel_front::engine::game] game: wave=1 enemies=8 enemy_hp=100 hp=100/100 score=0 phys_us=2 ai_us=716 audio_us=13 net_us=0
[2026-08-17T12:21:03Z INFO  steel_front::engine::renderer] visible=65536/65536 near=65536 far=0 fps=363.9 frame_us=2386 cull_us=0 terrain_us=0 wait_fence_us=2281 acquire_us=1 record_us=45 submit_us=36 present_us=259 terrain_lod=high blend=0.000 quality=中画质 marker=84 npc=56
[2026-08-17T12:21:03Z INFO  steel_front] size diag: window_inner=2560x1600 hud=2560x1600
[2026-08-17T12:21:03Z INFO  steel_front] size diag: window_inner=2560x1600 hud=2560x1600
[2026-08-17T12:21:03Z INFO  steel_front] size diag: window_inner=2560x1600 hud=2560x1600
[2026-08-17T12:21:03Z INFO  steel_front] size diag: window_inner=2560x1600 hud=2560x1600
[2026-08-17T12:21:03Z INFO  steel_front] size diag: window_inner=2560x1600 hud=2560x1600
[2026-08-17T12:21:03Z INFO  steel_front] size diag: window_inner=2560x1600 hud=2560x1600
[2026-08-17T12:21:03Z INFO  steel_front] size diag: window_inner=2560x1600 hud=2560x1600
[2026-08-17T12:21:03Z INFO  steel_front] size diag: window_inner=2560x1600 hud=2560x1600
[2026-08-17T12:21:03Z INFO  steel_front] size diag: window_inner=2560x1600 hud=2560x1600
[2026-08-17T12:21:03Z INFO  steel_front] size diag: window_inner=2560x1600 hud=2560x1600
[2026-08-17T12:21:03Z INFO  steel_front] size diag: window_inner=2560x1600 hud=2560x1600
[2026-08-17T12:21:03Z INFO  steel_front] size diag: window_inner=2560x1600 hud=2560x1600
[2026-08-17T12:21:03Z INFO  steel_front] size diag: window_inner=2560x1600 hud=2560x1600
[2026-08-17T12:21:03Z INFO  steel_front] size diag: window_inner=2560x1600 hud=2560x1600
[2026-08-17T12:21:03Z INFO  steel_front] size diag: window_inner=2560x1600 hud=2560x1600
[2026-08-17T12:21:03Z INFO  steel_front] size diag: window_inner=2560x1600 hud=2560x1600
[2026-08-17T12:21:03Z INFO  steel_front] size diag: window_inner=2560x1600 hud=2560x1600
[2026-08-17T12:21:03Z INFO  steel_front] size diag: window_inner=2560x1600 hud=2560x1600
[2026-08-17T12:21:03Z INFO  steel_front] cam: yaw=0.0 pitch=0.0 dist=3.4 mode=FirstPerson cycle_us=2460 update_us=43 render_us=2416
[2026-08-17T12:21:04Z INFO  steel_front::engine::game] ai: npcs=8 near=8 far=0 idle=0 patrol=0 chase=0 attack=8 tactics=[8, 0, 0, 0, 0, 0, 0, 0]
[2026-08-17T12:21:04Z INFO  steel_front::engine::game] game: wave=1 enemies=8 enemy_hp=100 hp=100/100 score=0 phys_us=6 ai_us=699 audio_us=19 net_us=0
[2026-08-17T12:21:04Z INFO  steel_front::engine::renderer] visible=65536/65536 near=65536 far=0 fps=355.7 frame_us=2585 cull_us=0 terrain_us=0 wait_fence_us=1848 acquire_us=1 record_us=37 submit_us=40 present_us=216 terrain_lod=high blend=0.000 quality=中画质 marker=84 npc=56
[2026-08-17T12:21:04Z INFO  steel_front] cam: yaw=0.0 pitch=0.0 dist=3.4 mode=FirstPerson cycle_us=2847 update_us=36 render_us=2810
[2026-08-17T12:21:05Z INFO  steel_front::engine::game] ai: npcs=8 near=8 far=0 idle=0 patrol=0 chase=0 attack=8 tactics=[8, 0, 0, 0, 0, 0, 0, 0]
[2026-08-17T12:21:05Z INFO  steel_front::engine::game] game: wave=1 enemies=8 enemy_hp=100 hp=100/100 score=0 phys_us=2 ai_us=742 audio_us=26 net_us=0
[2026-08-17T12:21:05Z INFO  steel_front::engine::renderer] visible=65536/65536 near=65536 far=0 fps=358.8 frame_us=2353 cull_us=0 terrain_us=0 wait_fence_us=1862 acquire_us=0 record_us=43 submit_us=35 present_us=253 terrain_lod=high blend=0.000 quality=中画质 marker=84 npc=56
[2026-08-17T12:21:05Z INFO  steel_front] cam: yaw=0.0 pitch=0.0 dist=3.4 mode=FirstPerson cycle_us=2504 update_us=38 render_us=2465
[2026-08-17T12:21:06Z INFO  steel_front::engine::game] ai: npcs=8 near=8 far=0 idle=0 patrol=0 chase=0 attack=8 tactics=[8, 0, 0, 0, 0, 0, 0, 0]
[2026-08-17T12:21:06Z INFO  steel_front::engine::game] game: wave=1 enemies=8 enemy_hp=100 hp=100/100 score=0 phys_us=1 ai_us=520 audio_us=26 net_us=0
[2026-08-17T12:21:06Z INFO  steel_front::engine::renderer] visible=65536/65536 near=65536 far=0 fps=364.7 frame_us=2140 cull_us=0 terrain_us=0 wait_fence_us=1710 acquire_us=1 record_us=43 submit_us=34 present_us=221 terrain_lod=high blend=0.000 quality=中画质 marker=84 npc=56
[2026-08-17T12:21:06Z INFO  steel_front] cam: yaw=0.0 pitch=0.0 dist=3.4 mode=FirstPerson cycle_us=2493 update_us=45 render_us=2447
[2026-08-17T12:21:07Z INFO  steel_front::engine::game] ai: npcs=8 near=8 far=0 idle=0 patrol=0 chase=0 attack=8 tactics=[8, 0, 0, 0, 0, 0, 0, 0]
[2026-08-17T12:21:07Z INFO  steel_front::engine::game] game: wave=1 enemies=8 enemy_hp=100 hp=100/100 score=0 phys_us=2 ai_us=693 audio_us=24 net_us=0
[2026-08-17T12:21:07Z INFO  steel_front::engine::renderer] visible=65536/65536 near=65536 far=0 fps=371.6 frame_us=2257 cull_us=1 terrain_us=0 wait_fence_us=1804 acquire_us=1 record_us=53 submit_us=41 present_us=471 terrain_lod=high blend=0.000 quality=中画质 marker=84 npc=56
[2026-08-17T12:21:07Z INFO  steel_front] cam: yaw=0.0 pitch=0.0 dist=3.4 mode=FirstPerson cycle_us=2775 update_us=46 render_us=2729
[2026-08-17T12:21:08Z INFO  steel_front::engine::game] ai: npcs=8 near=8 far=0 idle=0 patrol=0 chase=0 attack=8 tactics=[8, 0, 0, 0, 0, 0, 0, 0]
[2026-08-17T12:21:08Z INFO  steel_front::engine::game] game: wave=1 enemies=8 enemy_hp=100 hp=100/100 score=0 phys_us=2 ai_us=553 audio_us=25 net_us=0
[2026-08-17T12:21:08Z INFO  steel_front::engine::renderer] visible=65536/65536 near=65536 far=0 fps=368.7 frame_us=2371 cull_us=0 terrain_us=0 wait_fence_us=1711 acquire_us=1 record_us=41 submit_us=34 present_us=221 terrain_lod=high blend=0.000 quality=中画质 marker=84 npc=56
[2026-08-17T12:21:08Z INFO  steel_front] size diag: window_inner=2560x1600 hud=2560x1600
[2026-08-17T12:21:08Z INFO  steel_front] size diag: window_inner=2560x1600 hud=2560x1600
[2026-08-17T12:21:08Z INFO  steel_front] size diag: window_inner=2560x1600 hud=2560x1600
[2026-08-17T12:21:08Z INFO  steel_front] size diag: window_inner=2560x1600 hud=2560x1600
[2026-08-17T12:21:08Z INFO  steel_front] size diag: window_inner=2560x1600 hud=2560x1600
[2026-08-17T12:21:08Z INFO  steel_front] size diag: window_inner=2560x1600 hud=2560x1600
[2026-08-17T12:21:08Z INFO  steel_front] size diag: window_inner=2560x1600 hud=2560x1600
[2026-08-17T12:21:08Z INFO  steel_front] size diag: window_inner=2560x1600 hud=2560x1600
[2026-08-17T12:21:08Z INFO  steel_front] size diag: window_inner=2560x1600 hud=2560x1600
[2026-08-17T12:21:08Z INFO  steel_front] size diag: window_inner=2560x1600 hud=2560x1600
[2026-08-17T12:21:08Z INFO  steel_front] size diag: window_inner=2560x1600 hud=2560x1600
[2026-08-17T12:21:08Z INFO  steel_front] size diag: window_inner=2560x1600 hud=2560x1600
[2026-08-17T12:21:08Z INFO  steel_front] size diag: window_inner=2560x1600 hud=2560x1600
[2026-08-17T12:21:08Z INFO  steel_front] size diag: window_inner=2560x1600 hud=2560x1600
[2026-08-17T12:21:08Z INFO  steel_front] size diag: window_inner=2560x1600 hud=2560x1600
[2026-08-17T12:21:08Z INFO  steel_front] size diag: window_inner=2560x1600 hud=2560x1600
[2026-08-17T12:21:08Z INFO  steel_front] size diag: window_inner=2560x1600 hud=2560x1600
[2026-08-17T12:21:08Z INFO  steel_front] size diag: window_inner=2560x1600 hud=2560x1600
[2026-08-17T12:21:08Z INFO  steel_front] cam: yaw=0.0 pitch=0.0 dist=3.4 mode=FirstPerson cycle_us=2964 update_us=36 render_us=2927
[2026-08-17T12:21:09Z INFO  steel_front::engine::game] ai: npcs=8 near=8 far=0 idle=0 patrol=0 chase=0 attack=8 tactics=[8, 0, 0, 0, 0, 0, 0, 0]
[2026-08-17T12:21:09Z INFO  steel_front::engine::game] game: wave=1 enemies=8 enemy_hp=100 hp=100/100 score=0 phys_us=2 ai_us=850 audio_us=13 net_us=1
[2026-08-17T12:21:09Z INFO  steel_front::engine::renderer] visible=65536/65536 near=65536 far=0 fps=361.8 frame_us=2326 cull_us=0 terrain_us=0 wait_fence_us=1751 acquire_us=0 record_us=41 submit_us=32 present_us=207 terrain_lod=high blend=0.000 quality=中画质 marker=84 npc=56
[2026-08-17T12:21:09Z INFO  steel_front] cam: yaw=0.0 pitch=0.0 dist=3.4 mode=FirstPerson cycle_us=2548 update_us=42 render_us=2506
[2026-08-17T12:21:10Z INFO  steel_front::engine::game] ai: npcs=8 near=8 far=0 idle=0 patrol=0 chase=0 attack=8 tactics=[8, 0, 0, 0, 0, 0, 0, 0]
[2026-08-17T12:21:10Z INFO  steel_front::engine::game] game: wave=1 enemies=8 enemy_hp=100 hp=100/100 score=0 phys_us=2 ai_us=650 audio_us=25 net_us=0
[2026-08-17T12:21:10Z INFO  steel_front::engine::renderer] visible=65536/65536 near=65536 far=0 fps=372.5 frame_us=2038 cull_us=0 terrain_us=0 wait_fence_us=1758 acquire_us=1 record_us=42 submit_us=35 present_us=212 terrain_lod=high blend=0.000 quality=中画质 marker=84 npc=56
[2026-08-17T12:21:10Z INFO  steel_front] cam: yaw=0.0 pitch=0.0 dist=3.4 mode=FirstPerson cycle_us=2688 update_us=20 render_us=2667
[2026-08-17T12:21:11Z INFO  steel_front::engine::game] ai: npcs=8 near=8 far=0 idle=0 patrol=0 chase=0 attack=8 tactics=[8, 0, 0, 0, 0, 0, 0, 0]
[2026-08-17T12:21:11Z INFO  steel_front::engine::game] game: wave=1 enemies=8 enemy_hp=100 hp=100/100 score=0 phys_us=2 ai_us=488 audio_us=25 net_us=0
[2026-08-17T12:21:11Z INFO  steel_front::engine::renderer] visible=65536/65536 near=65536 far=0 fps=375.5 frame_us=1998 cull_us=1 terrain_us=0 wait_fence_us=2413 acquire_us=1 record_us=23 submit_us=20 present_us=123 terrain_lod=high blend=0.000 quality=中画质 marker=84 npc=56
[2026-08-17T12:21:11Z INFO  steel_front] cam: yaw=0.0 pitch=0.0 dist=3.4 mode=FirstPerson cycle_us=2752 update_us=24 render_us=2727
[2026-08-17T12:21:12Z INFO  steel_front::engine::game] ai: npcs=8 near=8 far=0 idle=0 patrol=0 chase=0 attack=8 tactics=[8, 0, 0, 0, 0, 0, 0, 0]
[2026-08-17T12:21:12Z INFO  steel_front::engine::game] game: wave=1 enemies=8 enemy_hp=100 hp=100/100 score=0 phys_us=1 ai_us=545 audio_us=30 net_us=0
[2026-08-17T12:21:12Z INFO  steel_front::engine::renderer] visible=65536/65536 near=65536 far=0 fps=347.6 frame_us=1963 cull_us=1 terrain_us=0 wait_fence_us=2209 acquire_us=1 record_us=31 submit_us=26 present_us=218 terrain_lod=high blend=0.000 quality=中画质 marker=84 npc=56
[2026-08-17T12:21:12Z INFO  steel_front] cam: yaw=0.0 pitch=0.0 dist=3.4 mode=FirstPerson cycle_us=2783 update_us=23 render_us=2760
[2026-08-17T12:21:13Z INFO  steel_front::engine::game] ai: npcs=8 near=8 far=0 idle=0 patrol=0 chase=0 attack=8 tactics=[8, 0, 0, 0, 0, 0, 0, 0]
[2026-08-17T12:21:13Z INFO  steel_front::engine::game] game: wave=1 enemies=8 enemy_hp=100 hp=100/100 score=0 phys_us=2 ai_us=906 audio_us=25 net_us=0
[2026-08-17T12:21:13Z INFO  steel_front::engine::renderer] visible=65536/65536 near=65536 far=0 fps=372.5 frame_us=2371 cull_us=0 terrain_us=0 wait_fence_us=1750 acquire_us=1 record_us=41 submit_us=34 present_us=209 terrain_lod=high blend=0.000 quality=中画质 marker=84 npc=56
[2026-08-17T12:21:13Z INFO  steel_front] size diag: window_inner=2560x1600 hud=2560x1600
[2026-08-17T12:21:13Z INFO  steel_front] size diag: window_inner=2560x1600 hud=2560x1600
[2026-08-17T12:21:13Z INFO  steel_front] size diag: window_inner=2560x1600 hud=2560x1600
[2026-08-17T12:21:13Z INFO  steel_front] size diag: window_inner=2560x1600 hud=2560x1600
[2026-08-17T12:21:13Z INFO  steel_front] size diag: window_inner=2560x1600 hud=2560x1600
[2026-08-17T12:21:13Z INFO  steel_front] size diag: window_inner=2560x1600 hud=2560x1600
[2026-08-17T12:21:13Z INFO  steel_front] size diag: window_inner=2560x1600 hud=2560x1600
[2026-08-17T12:21:13Z INFO  steel_front] size diag: window_inner=2560x1600 hud=2560x1600
[2026-08-17T12:21:13Z INFO  steel_front] size diag: window_inner=2560x1600 hud=2560x1600
[2026-08-17T12:21:13Z INFO  steel_front] size diag: window_inner=2560x1600 hud=2560x1600
[2026-08-17T12:21:13Z INFO  steel_front] size diag: window_inner=2560x1600 hud=2560x1600
[2026-08-17T12:21:13Z INFO  steel_front] size diag: window_inner=2560x1600 hud=2560x1600
[2026-08-17T12:21:13Z INFO  steel_front] size diag: window_inner=2560x1600 hud=2560x1600
[2026-08-17T12:21:13Z INFO  steel_front] size diag: window_inner=2560x1600 hud=2560x1600
[2026-08-17T12:21:13Z INFO  steel_front] size diag: window_inner=2560x1600 hud=2560x1600
[2026-08-17T12:21:13Z INFO  steel_front] size diag: window_inner=2560x1600 hud=2560x1600
[2026-08-17T12:21:13Z INFO  steel_front] size diag: window_inner=2560x1600 hud=2560x1600
[2026-08-17T12:21:13Z INFO  steel_front] size diag: window_inner=2560x1600 hud=2560x1600
[2026-08-17T12:21:13Z INFO  steel_front] size diag: window_inner=2560x1600 hud=2560x1600
[2026-08-17T12:21:13Z INFO  steel_front] cam: yaw=0.0 pitch=0.0 dist=3.4 mode=FirstPerson cycle_us=2367 update_us=37 render_us=2330
[2026-08-17T12:21:14Z INFO  steel_front::engine::game] ai: npcs=8 near=8 far=0 idle=0 patrol=0 chase=0 attack=8 tactics=[8, 0, 0, 0, 0, 0, 0, 0]
[2026-08-17T12:21:14Z INFO  steel_front::engine::game] game: wave=1 enemies=8 enemy_hp=100 hp=100/100 score=0 phys_us=1 ai_us=502 audio_us=30 net_us=0
[2026-08-17T12:21:14Z INFO  steel_front::engine::renderer] visible=65536/65536 near=65536 far=0 fps=374.4 frame_us=2384 cull_us=1 terrain_us=0 wait_fence_us=2023 acquire_us=1 record_us=48 submit_us=47 present_us=241 terrain_lod=high blend=0.000 quality=中画质 marker=84 npc=56
[2026-08-17T12:21:14Z INFO  steel_front] cam: yaw=0.0 pitch=0.0 dist=3.4 mode=FirstPerson cycle_us=2662 update_us=24 render_us=2638
[2026-08-17T12:21:15Z INFO  steel_front::engine::game] ai: npcs=8 near=8 far=0 idle=0 patrol=0 chase=0 attack=8 tactics=[8, 0, 0, 0, 0, 0, 0, 0]
[2026-08-17T12:21:15Z INFO  steel_front::engine::game] game: wave=1 enemies=8 enemy_hp=100 hp=100/100 score=0 phys_us=1 ai_us=6135 audio_us=27 net_us=0
[2026-08-17T12:21:15Z INFO  steel_front::engine::renderer] visible=65536/65536 near=65536 far=0 fps=374.7 frame_us=2349 cull_us=0 terrain_us=0 wait_fence_us=1934 acquire_us=1 record_us=51 submit_us=78 present_us=167 terrain_lod=high blend=0.000 quality=中画质 marker=84 npc=56
[2026-08-17T12:21:15Z INFO  steel_front] cam: yaw=0.0 pitch=0.0 dist=3.4 mode=FirstPerson cycle_us=4218 update_us=44 render_us=4173
[2026-08-17T12:21:16Z INFO  steel_front::engine::game] ai: npcs=8 near=8 far=0 idle=0 patrol=0 chase=0 attack=8 tactics=[8, 0, 0, 0, 0, 0, 0, 0]
[2026-08-17T12:21:16Z INFO  steel_front::engine::game] game: wave=1 enemies=8 enemy_hp=100 hp=100/100 score=0 phys_us=2 ai_us=500 audio_us=25 net_us=0
[2026-08-17T12:21:16Z INFO  steel_front::engine::renderer] visible=65536/65536 near=65536 far=0 fps=356.2 frame_us=2586 cull_us=0 terrain_us=0 wait_fence_us=1792 acquire_us=1 record_us=36 submit_us=38 present_us=202 terrain_lod=high blend=0.000 quality=中画质 marker=84 npc=56
[2026-08-17T12:21:16Z INFO  steel_front] cam: yaw=0.0 pitch=0.0 dist=3.4 mode=FirstPerson cycle_us=2989 update_us=21 render_us=2968
[2026-08-17T12:21:17Z INFO  steel_front::engine::game] ai: npcs=8 near=8 far=0 idle=0 patrol=0 chase=0 attack=8 tactics=[8, 0, 0, 0, 0, 0, 0, 0]
[2026-08-17T12:21:17Z INFO  steel_front::engine::game] game: wave=1 enemies=8 enemy_hp=100 hp=100/100 score=0 phys_us=5 ai_us=1139 audio_us=31 net_us=0
[2026-08-17T12:21:17Z INFO  steel_front::engine::renderer] visible=65536/65536 near=65536 far=0 fps=363.0 frame_us=2278 cull_us=1 terrain_us=0 wait_fence_us=2025 acquire_us=1 record_us=26 submit_us=26 present_us=408 terrain_lod=high blend=0.000 quality=中画质 marker=84 npc=56
[2026-08-17T12:21:17Z INFO  steel_front] cam: yaw=0.0 pitch=0.0 dist=3.4 mode=FirstPerson cycle_us=2734 update_us=46 render_us=2688
[2026-08-17T12:21:18Z INFO  steel_front::engine::game] ai: npcs=8 near=8 far=0 idle=0 patrol=0 chase=0 attack=8 tactics=[8, 0, 0, 0, 0, 0, 0, 0]
[2026-08-17T12:21:18Z INFO  steel_front::engine::game] game: wave=1 enemies=8 enemy_hp=100 hp=100/100 score=0 phys_us=4 ai_us=626 audio_us=27 net_us=0
[2026-08-17T12:21:18Z INFO  steel_front::engine::renderer] visible=65536/65536 near=65536 far=0 fps=356.6 frame_us=2175 cull_us=0 terrain_us=0 wait_fence_us=2187 acquire_us=1 record_us=39 submit_us=27 present_us=281 terrain_lod=high blend=0.000 quality=中画质 marker=84 npc=56
[2026-08-17T12:21:18Z INFO  steel_front] size diag: window_inner=2560x1600 hud=2560x1600
[2026-08-17T12:21:18Z INFO  steel_front] size diag: window_inner=2560x1600 hud=2560x1600
[2026-08-17T12:21:18Z INFO  steel_front] size diag: window_inner=2560x1600 hud=2560x1600
[2026-08-17T12:21:18Z INFO  steel_front] size diag: window_inner=2560x1600 hud=2560x1600
[2026-08-17T12:21:18Z INFO  steel_front] size diag: window_inner=2560x1600 hud=2560x1600
[2026-08-17T12:21:18Z INFO  steel_front] size diag: window_inner=2560x1600 hud=2560x1600
[2026-08-17T12:21:18Z INFO  steel_front] size diag: window_inner=2560x1600 hud=2560x1600
[2026-08-17T12:21:18Z INFO  steel_front] size diag: window_inner=2560x1600 hud=2560x1600
[2026-08-17T12:21:18Z INFO  steel_front] size diag: window_inner=2560x1600 hud=2560x1600
[2026-08-17T12:21:18Z INFO  steel_front] size diag: window_inner=2560x1600 hud=2560x1600
[2026-08-17T12:21:18Z INFO  steel_front] size diag: window_inner=2560x1600 hud=2560x1600
[2026-08-17T12:21:18Z INFO  steel_front] size diag: window_inner=2560x1600 hud=2560x1600
[2026-08-17T12:21:18Z INFO  steel_front] size diag: window_inner=2560x1600 hud=2560x1600
[2026-08-17T12:21:18Z INFO  steel_front] size diag: window_inner=2560x1600 hud=2560x1600
[2026-08-17T12:21:18Z INFO  steel_front] size diag: window_inner=2560x1600 hud=2560x1600
[2026-08-17T12:21:18Z INFO  steel_front] size diag: window_inner=2560x1600 hud=2560x1600
[2026-08-17T12:21:18Z INFO  steel_front] size diag: window_inner=2560x1600 hud=2560x1600
[2026-08-17T12:21:18Z INFO  steel_front] size diag: window_inner=2560x1600 hud=2560x1600
[2026-08-17T12:21:18Z INFO  steel_front] cam: yaw=0.0 pitch=0.0 dist=3.4 mode=FirstPerson cycle_us=2776 update_us=43 render_us=2733
[2026-08-17T12:21:19Z INFO  steel_front::engine::game] ai: npcs=8 near=8 far=0 idle=0 patrol=0 chase=0 attack=8 tactics=[8, 0, 0, 0, 0, 0, 0, 0]
[2026-08-17T12:21:19Z INFO  steel_front::engine::game] game: wave=1 enemies=8 enemy_hp=100 hp=100/100 score=0 phys_us=1 ai_us=715 audio_us=24 net_us=0
[2026-08-17T12:21:19Z INFO  steel_front::engine::renderer] visible=65536/65536 near=65536 far=0 fps=360.5 frame_us=2694 cull_us=0 terrain_us=0 wait_fence_us=1981 acquire_us=1 record_us=48 submit_us=61 present_us=359 terrain_lod=high blend=0.000 quality=中画质 marker=84 npc=56
[2026-08-17T12:21:19Z INFO  steel_front] cam: yaw=0.0 pitch=0.0 dist=3.4 mode=FirstPerson cycle_us=4647 update_us=62 render_us=4584
[2026-08-17T12:21:20Z INFO  steel_front::engine::game] ai: npcs=8 near=8 far=0 idle=0 patrol=0 chase=0 attack=8 tactics=[8, 0, 0, 0, 0, 0, 0, 0]
[2026-08-17T12:21:20Z INFO  steel_front::engine::game] game: wave=1 enemies=8 enemy_hp=100 hp=100/100 score=0 phys_us=2 ai_us=879 audio_us=35 net_us=1
[2026-08-17T12:21:20Z INFO  steel_front::engine::renderer] visible=65536/65536 near=65536 far=0 fps=335.3 frame_us=2144 cull_us=0 terrain_us=0 wait_fence_us=2188 acquire_us=1 record_us=23 submit_us=23 present_us=278 terrain_lod=high blend=0.000 quality=中画质 marker=84 npc=56
[2026-08-17T12:21:20Z INFO  steel_front] cam: yaw=0.0 pitch=0.0 dist=3.4 mode=FirstPerson cycle_us=2442 update_us=24 render_us=2417
[2026-08-17T12:21:21Z INFO  steel_front::engine::game] ai: npcs=8 near=8 far=0 idle=0 patrol=0 chase=0 attack=8 tactics=[8, 0, 0, 0, 0, 0, 0, 0]
[2026-08-17T12:21:21Z INFO  steel_front::engine::game] game: wave=1 enemies=8 enemy_hp=100 hp=100/100 score=0 phys_us=1 ai_us=515 audio_us=31 net_us=0
[2026-08-17T12:21:21Z INFO  steel_front::engine::renderer] visible=65536/65536 near=65536 far=0 fps=356.5 frame_us=2470 cull_us=0 terrain_us=0 wait_fence_us=1929 acquire_us=0 record_us=34 submit_us=90 present_us=173 terrain_lod=high blend=0.000 quality=中画质 marker=84 npc=56
[2026-08-17T12:21:21Z INFO  steel_front] cam: yaw=0.0 pitch=0.0 dist=3.4 mode=FirstPerson cycle_us=2691 update_us=40 render_us=2650
[2026-08-17T12:21:22Z INFO  steel_front::engine::game] ai: npcs=8 near=8 far=0 idle=0 patrol=0 chase=0 attack=8 tactics=[8, 0, 0, 0, 0, 0, 0, 0]
[2026-08-17T12:21:22Z INFO  steel_front::engine::game] game: wave=1 enemies=8 enemy_hp=100 hp=100/100 score=0 phys_us=2 ai_us=555 audio_us=28 net_us=0
[2026-08-17T12:21:22Z INFO  steel_front::engine::renderer] visible=65536/65536 near=65536 far=0 fps=360.7 frame_us=2292 cull_us=1 terrain_us=0 wait_fence_us=2321 acquire_us=1 record_us=33 submit_us=71 present_us=165 terrain_lod=high blend=0.000 quality=中画质 marker=84 npc=56
[2026-08-17T12:21:22Z INFO  steel_front] cam: yaw=0.0 pitch=0.0 dist=3.4 mode=FirstPerson cycle_us=2858 update_us=37 render_us=2821
[2026-08-17T12:21:23Z INFO  steel_front::engine::game] ai: npcs=8 near=8 far=0 idle=0 patrol=0 chase=0 attack=8 tactics=[8, 0, 0, 0, 0, 0, 0, 0]
[2026-08-17T12:21:23Z INFO  steel_front::engine::game] game: wave=1 enemies=8 enemy_hp=100 hp=100/100 score=0 phys_us=5 ai_us=870 audio_us=17 net_us=0
[2026-08-17T12:21:23Z INFO  steel_front::engine::renderer] visible=65536/65536 near=65536 far=0 fps=357.9 frame_us=2084 cull_us=0 terrain_us=0 wait_fence_us=1816 acquire_us=0 record_us=49 submit_us=43 present_us=296 terrain_lod=high blend=0.000 quality=中画质 marker=84 npc=56
[2026-08-17T12:21:23Z INFO  steel_front] size diag: window_inner=2560x1600 hud=2560x1600
[2026-08-17T12:21:23Z INFO  steel_front] size diag: window_inner=2560x1600 hud=2560x1600
[2026-08-17T12:21:23Z INFO  steel_front] size diag: window_inner=2560x1600 hud=2560x1600
[2026-08-17T12:21:23Z INFO  steel_front] size diag: window_inner=2560x1600 hud=2560x1600
[2026-08-17T12:21:23Z INFO  steel_front] size diag: window_inner=2560x1600 hud=2560x1600
[2026-08-17T12:21:23Z INFO  steel_front] size diag: window_inner=2560x1600 hud=2560x1600
[2026-08-17T12:21:23Z INFO  steel_front] size diag: window_inner=2560x1600 hud=2560x1600
[2026-08-17T12:21:23Z INFO  steel_front] size diag: window_inner=2560x1600 hud=2560x1600
[2026-08-17T12:21:23Z INFO  steel_front] size diag: window_inner=2560x1600 hud=2560x1600
[2026-08-17T12:21:23Z INFO  steel_front] size diag: window_inner=2560x1600 hud=2560x1600
[2026-08-17T12:21:23Z INFO  steel_front] size diag: window_inner=2560x1600 hud=2560x1600
[2026-08-17T12:21:23Z INFO  steel_front] size diag: window_inner=2560x1600 hud=2560x1600
[2026-08-17T12:21:23Z INFO  steel_front] size diag: window_inner=2560x1600 hud=2560x1600
[2026-08-17T12:21:23Z INFO  steel_front] size diag: window_inner=2560x1600 hud=2560x1600
[2026-08-17T12:21:23Z INFO  steel_front] size diag: window_inner=2560x1600 hud=2560x1600
[2026-08-17T12:21:23Z INFO  steel_front] size diag: window_inner=2560x1600 hud=2560x1600
[2026-08-17T12:21:23Z INFO  steel_front] size diag: window_inner=2560x1600 hud=2560x1600
[2026-08-17T12:21:23Z INFO  steel_front] size diag: window_inner=2560x1600 hud=2560x1600
[2026-08-17T12:21:23Z INFO  steel_front] cam: yaw=0.0 pitch=0.0 dist=3.4 mode=FirstPerson cycle_us=2968 update_us=37 render_us=2931
[2026-08-17T12:21:24Z INFO  steel_front::engine::game] ai: npcs=8 near=8 far=0 idle=0 patrol=0 chase=0 attack=8 tactics=[8, 0, 0, 0, 0, 0, 0, 0]
[2026-08-17T12:21:24Z INFO  steel_front::engine::game] game: wave=1 enemies=8 enemy_hp=100 hp=100/100 score=0 phys_us=2 ai_us=471 audio_us=28 net_us=0
[2026-08-17T12:21:24Z INFO  steel_front::engine::renderer] visible=65536/65536 near=65536 far=0 fps=357.4 frame_us=2046 cull_us=0 terrain_us=0 wait_fence_us=2402 acquire_us=1 record_us=24 submit_us=21 present_us=144 terrain_lod=high blend=0.000 quality=中画质 marker=84 npc=56
[2026-08-17T12:21:24Z INFO  steel_front] cam: yaw=0.0 pitch=0.0 dist=3.4 mode=FirstPerson cycle_us=2909 update_us=18 render_us=2890
[2026-08-17T12:21:25Z INFO  steel_front::engine::game] ai: npcs=8 near=8 far=0 idle=0 patrol=0 chase=0 attack=8 tactics=[8, 0, 0, 0, 0, 0, 0, 0]
[2026-08-17T12:21:25Z INFO  steel_front::engine::game] game: wave=1 enemies=8 enemy_hp=100 hp=100/100 score=0 phys_us=2 ai_us=511 audio_us=29 net_us=0
[2026-08-17T12:21:25Z INFO  steel_front::engine::renderer] visible=65536/65536 near=65536 far=0 fps=366.3 frame_us=2547 cull_us=0 terrain_us=0 wait_fence_us=1749 acquire_us=1 record_us=43 submit_us=33 present_us=207 terrain_lod=high blend=0.000 quality=中画质 marker=84 npc=56
[2026-08-17T12:21:25Z INFO  steel_front] cam: yaw=0.0 pitch=0.0 dist=3.4 mode=FirstPerson cycle_us=2938 update_us=43 render_us=2894
[2026-08-17T12:21:26Z INFO  steel_front::engine::game] ai: npcs=8 near=8 far=0 idle=0 patrol=0 chase=0 attack=8 tactics=[8, 0, 0, 0, 0, 0, 0, 0]
[2026-08-17T12:21:26Z INFO  steel_front::engine::game] game: wave=1 enemies=8 enemy_hp=100 hp=100/100 score=0 phys_us=1 ai_us=413 audio_us=23 net_us=0
[2026-08-17T12:21:26Z INFO  steel_front::engine::renderer] visible=65536/65536 near=65536 far=0 fps=365.8 frame_us=2205 cull_us=0 terrain_us=0 wait_fence_us=2098 acquire_us=1 record_us=23 submit_us=20 present_us=145 terrain_lod=high blend=0.000 quality=中画质 marker=84 npc=56
[2026-08-17T12:21:26Z INFO  steel_front] cam: yaw=0.0 pitch=0.0 dist=3.4 mode=FirstPerson cycle_us=2389 update_us=55 render_us=2333
[2026-08-17T12:21:27Z INFO  steel_front::engine::game] ai: npcs=8 near=8 far=0 idle=0 patrol=0 chase=0 attack=8 tactics=[8, 0, 0, 0, 0, 0, 0, 0]
[2026-08-17T12:21:27Z INFO  steel_front::engine::game] game: wave=1 enemies=8 enemy_hp=100 hp=100/100 score=0 phys_us=1 ai_us=424 audio_us=25 net_us=0
[2026-08-17T12:21:27Z INFO  steel_front::engine::renderer] visible=65536/65536 near=65536 far=0 fps=367.0 frame_us=2121 cull_us=0 terrain_us=0 wait_fence_us=2291 acquire_us=1 record_us=41 submit_us=32 present_us=203 terrain_lod=high blend=0.000 quality=中画质 marker=84 npc=56
[2026-08-17T12:21:27Z INFO  steel_front] cam: yaw=0.0 pitch=0.0 dist=3.4 mode=FirstPerson cycle_us=2428 update_us=35 render_us=2392
[2026-08-17T12:21:28Z INFO  steel_front::engine::game] ai: npcs=8 near=8 far=0 idle=0 patrol=0 chase=0 attack=8 tactics=[8, 0, 0, 0, 0, 0, 0, 0]
[2026-08-17T12:21:28Z INFO  steel_front::engine::game] game: wave=1 enemies=8 enemy_hp=100 hp=100/100 score=0 phys_us=1 ai_us=514 audio_us=26 net_us=0
[2026-08-17T12:21:28Z INFO  steel_front::engine::renderer] visible=65536/65536 near=65536 far=0 fps=364.7 frame_us=2345 cull_us=0 terrain_us=0 wait_fence_us=1859 acquire_us=1 record_us=32 submit_us=29 present_us=180 terrain_lod=high blend=0.000 quality=中画质 marker=84 npc=56
[2026-08-17T12:21:28Z INFO  steel_front] size diag: window_inner=2560x1600 hud=2560x1600
[2026-08-17T12:21:28Z INFO  steel_front] size diag: window_inner=2560x1600 hud=2560x1600
[2026-08-17T12:21:28Z INFO  steel_front] size diag: window_inner=2560x1600 hud=2560x1600
[2026-08-17T12:21:28Z INFO  steel_front] size diag: window_inner=2560x1600 hud=2560x1600
[2026-08-17T12:21:28Z INFO  steel_front] size diag: window_inner=2560x1600 hud=2560x1600
[2026-08-17T12:21:28Z INFO  steel_front] size diag: window_inner=2560x1600 hud=2560x1600
[2026-08-17T12:21:28Z INFO  steel_front] size diag: window_inner=2560x1600 hud=2560x1600
[2026-08-17T12:21:28Z INFO  steel_front] size diag: window_inner=2560x1600 hud=2560x1600
[2026-08-17T12:21:28Z INFO  steel_front] size diag: window_inner=2560x1600 hud=2560x1600
[2026-08-17T12:21:28Z INFO  steel_front] size diag: window_inner=2560x1600 hud=2560x1600
[2026-08-17T12:21:28Z INFO  steel_front] size diag: window_inner=2560x1600 hud=2560x1600
[2026-08-17T12:21:28Z INFO  steel_front] size diag: window_inner=2560x1600 hud=2560x1600
[2026-08-17T12:21:28Z INFO  steel_front] size diag: window_inner=2560x1600 hud=2560x1600
[2026-08-17T12:21:28Z INFO  steel_front] size diag: window_inner=2560x1600 hud=2560x1600
[2026-08-17T12:21:28Z INFO  steel_front] size diag: window_inner=2560x1600 hud=2560x1600
[2026-08-17T12:21:28Z INFO  steel_front] size diag: window_inner=2560x1600 hud=2560x1600
[2026-08-17T12:21:28Z INFO  steel_front] size diag: window_inner=2560x1600 hud=2560x1600
[2026-08-17T12:21:28Z INFO  steel_front] size diag: window_inner=2560x1600 hud=2560x1600
[2026-08-17T12:21:28Z INFO  steel_front] cam: yaw=0.0 pitch=0.0 dist=3.4 mode=FirstPerson cycle_us=3035 update_us=25 render_us=3009
[2026-08-17T12:21:29Z INFO  steel_front::engine::game] ai: npcs=8 near=8 far=0 idle=0 patrol=0 chase=0 attack=8 tactics=[8, 0, 0, 0, 0, 0, 0, 0]
[2026-08-17T12:21:29Z INFO  steel_front::engine::game] game: wave=1 enemies=8 enemy_hp=100 hp=100/100 score=0 phys_us=2 ai_us=855 audio_us=28 net_us=0
[2026-08-17T12:21:29Z INFO  steel_front::engine::renderer] visible=65536/65536 near=65536 far=0 fps=362.7 frame_us=1898 cull_us=0 terrain_us=0 wait_fence_us=2013 acquire_us=1 record_us=24 submit_us=20 present_us=124 terrain_lod=high blend=0.000 quality=中画质 marker=84 npc=56
[2026-08-17T12:21:29Z INFO  steel_front] cam: yaw=0.0 pitch=0.0 dist=3.4 mode=FirstPerson cycle_us=2470 update_us=40 render_us=2430
[2026-08-17T12:21:30Z INFO  steel_front::engine::game] ai: npcs=8 near=8 far=0 idle=0 patrol=0 chase=0 attack=8 tactics=[8, 0, 0, 0, 0, 0, 0, 0]
[2026-08-17T12:21:30Z INFO  steel_front::engine::game] game: wave=1 enemies=8 enemy_hp=100 hp=100/100 score=0 phys_us=1 ai_us=409 audio_us=14 net_us=0
[2026-08-17T12:21:30Z INFO  steel_front::engine::renderer] visible=65536/65536 near=65536 far=0 fps=375.7 frame_us=2094 cull_us=1 terrain_us=0 wait_fence_us=2038 acquire_us=1 record_us=36 submit_us=42 present_us=207 terrain_lod=high blend=0.000 quality=中画质 marker=84 npc=56
[2026-08-17T12:21:30Z INFO  steel_front] cam: yaw=0.0 pitch=0.0 dist=3.4 mode=FirstPerson cycle_us=3029 update_us=37 render_us=2991
[2026-08-17T12:21:31Z INFO  steel_front::engine::game] ai: npcs=8 near=8 far=0 idle=0 patrol=0 chase=0 attack=8 tactics=[8, 0, 0, 0, 0, 0, 0, 0]
[2026-08-17T12:21:31Z INFO  steel_front::engine::game] game: wave=1 enemies=8 enemy_hp=100 hp=100/100 score=0 phys_us=1 ai_us=709 audio_us=25 net_us=0
[2026-08-17T12:21:31Z INFO  steel_front::engine::renderer] visible=65536/65536 near=65536 far=0 fps=353.4 frame_us=2775 cull_us=0 terrain_us=0 wait_fence_us=1644 acquire_us=1 record_us=41 submit_us=46 present_us=359 terrain_lod=high blend=0.000 quality=中画质 marker=84 npc=56
[2026-08-17T12:21:31Z INFO  steel_front] cam: yaw=0.0 pitch=0.0 dist=3.4 mode=FirstPerson cycle_us=2805 update_us=37 render_us=2768
[2026-08-17T12:21:32Z INFO  steel_front::engine::game] ai: npcs=8 near=8 far=0 idle=0 patrol=0 chase=0 attack=8 tactics=[8, 0, 0, 0, 0, 0, 0, 0]
[2026-08-17T12:21:32Z INFO  steel_front::engine::game] game: wave=1 enemies=8 enemy_hp=100 hp=100/100 score=0 phys_us=2 ai_us=771 audio_us=24 net_us=0
[2026-08-17T12:21:32Z INFO  steel_front::engine::renderer] visible=65536/65536 near=65536 far=0 fps=372.6 frame_us=2374 cull_us=0 terrain_us=0 wait_fence_us=1788 acquire_us=1 record_us=20 submit_us=19 present_us=213 terrain_lod=high blend=0.000 quality=中画质 marker=84 npc=56
[2026-08-17T12:21:32Z INFO  steel_front] cam: yaw=0.0 pitch=0.0 dist=3.4 mode=FirstPerson cycle_us=2694 update_us=35 render_us=2659
[2026-08-17T12:21:33Z INFO  steel_front::engine::game] ai: npcs=8 near=8 far=0 idle=0 patrol=0 chase=0 attack=8 tactics=[8, 0, 0, 0, 0, 0, 0, 0]
[2026-08-17T12:21:33Z INFO  steel_front::engine::game] game: wave=1 enemies=8 enemy_hp=100 hp=100/100 score=0 phys_us=2 ai_us=790 audio_us=13 net_us=0
[2026-08-17T12:21:33Z INFO  steel_front::engine::renderer] visible=65536/65536 near=65536 far=0 fps=375.7 frame_us=2139 cull_us=0 terrain_us=0 wait_fence_us=1782 acquire_us=0 record_us=35 submit_us=36 present_us=216 terrain_lod=high blend=0.000 quality=中画质 marker=84 npc=56
[2026-08-17T12:21:33Z INFO  steel_front] size diag: window_inner=2560x1600 hud=2560x1600
[2026-08-17T12:21:33Z INFO  steel_front] size diag: window_inner=2560x1600 hud=2560x1600
[2026-08-17T12:21:33Z INFO  steel_front] size diag: window_inner=2560x1600 hud=2560x1600
[2026-08-17T12:21:33Z INFO  steel_front] size diag: window_inner=2560x1600 hud=2560x1600
[2026-08-17T12:21:33Z INFO  steel_front] size diag: window_inner=2560x1600 hud=2560x1600
[2026-08-17T12:21:33Z INFO  steel_front] size diag: window_inner=2560x1600 hud=2560x1600
[2026-08-17T12:21:33Z INFO  steel_front] size diag: window_inner=2560x1600 hud=2560x1600
[2026-08-17T12:21:33Z INFO  steel_front] size diag: window_inner=2560x1600 hud=2560x1600
[2026-08-17T12:21:33Z INFO  steel_front] size diag: window_inner=2560x1600 hud=2560x1600
[2026-08-17T12:21:33Z INFO  steel_front] size diag: window_inner=2560x1600 hud=2560x1600
[2026-08-17T12:21:33Z INFO  steel_front] size diag: window_inner=2560x1600 hud=2560x1600
[2026-08-17T12:21:33Z INFO  steel_front] size diag: window_inner=2560x1600 hud=2560x1600
[2026-08-17T12:21:33Z INFO  steel_front] size diag: window_inner=2560x1600 hud=2560x1600
[2026-08-17T12:21:33Z INFO  steel_front] size diag: window_inner=2560x1600 hud=2560x1600
[2026-08-17T12:21:33Z INFO  steel_front] size diag: window_inner=2560x1600 hud=2560x1600
[2026-08-17T12:21:33Z INFO  steel_front] size diag: window_inner=2560x1600 hud=2560x1600
[2026-08-17T12:21:33Z INFO  steel_front] size diag: window_inner=2560x1600 hud=2560x1600
[2026-08-17T12:21:33Z INFO  steel_front] size diag: window_inner=2560x1600 hud=2560x1600
[2026-08-17T12:21:33Z INFO  steel_front] cam: yaw=0.0 pitch=0.0 dist=3.4 mode=FirstPerson cycle_us=2494 update_us=37 render_us=2456
[2026-08-17T12:21:34Z INFO  steel_front::engine::game] ai: npcs=8 near=8 far=0 idle=0 patrol=0 chase=0 attack=8 tactics=[8, 0, 0, 0, 0, 0, 0, 0]
[2026-08-17T12:21:34Z INFO  steel_front::engine::game] game: wave=1 enemies=8 enemy_hp=100 hp=100/100 score=0 phys_us=2 ai_us=448 audio_us=27 net_us=0
[2026-08-17T12:21:34Z INFO  steel_front::engine::renderer] visible=65536/65536 near=65536 far=0 fps=373.7 frame_us=1998 cull_us=0 terrain_us=0 wait_fence_us=2076 acquire_us=1 record_us=38 submit_us=37 present_us=217 terrain_lod=high blend=0.000 quality=中画质 marker=84 npc=56
[2026-08-17T12:21:34Z INFO  steel_front] cam: yaw=0.0 pitch=0.0 dist=3.4 mode=FirstPerson cycle_us=2579 update_us=30 render_us=2549
[2026-08-17T12:21:35Z INFO  steel_front::engine::game] ai: npcs=8 near=8 far=0 idle=0 patrol=0 chase=0 attack=8 tactics=[8, 0, 0, 0, 0, 0, 0, 0]
[2026-08-17T12:21:35Z INFO  steel_front::engine::game] game: wave=1 enemies=8 enemy_hp=100 hp=100/100 score=0 phys_us=2 ai_us=943 audio_us=21 net_us=0
[2026-08-17T12:21:35Z INFO  steel_front::engine::renderer] visible=65536/65536 near=65536 far=0 fps=337.8 frame_us=2139 cull_us=0 terrain_us=0 wait_fence_us=1942 acquire_us=1 record_us=30 submit_us=27 present_us=413 terrain_lod=high blend=0.000 quality=中画质 marker=84 npc=56
[2026-08-17T12:21:35Z INFO  steel_front] cam: yaw=0.0 pitch=0.0 dist=3.4 mode=FirstPerson cycle_us=3229 update_us=24 render_us=3204
[2026-08-17T12:21:36Z INFO  steel_front::engine::game] ai: npcs=8 near=8 far=0 idle=0 patrol=0 chase=0 attack=8 tactics=[8, 0, 0, 0, 0, 0, 0, 0]
[2026-08-17T12:21:36Z INFO  steel_front::engine::game] game: wave=1 enemies=8 enemy_hp=100 hp=100/100 score=0 phys_us=2 ai_us=259 audio_us=22 net_us=0
[2026-08-17T12:21:36Z INFO  steel_front::engine::renderer] visible=65536/65536 near=65536 far=0 fps=356.3 frame_us=2641 cull_us=0 terrain_us=0 wait_fence_us=2422 acquire_us=1 record_us=38 submit_us=32 present_us=210 terrain_lod=high blend=0.000 quality=中画质 marker=84 npc=56
[2026-08-17T12:21:36Z INFO  steel_front] cam: yaw=0.0 pitch=0.0 dist=3.4 mode=FirstPerson cycle_us=2975 update_us=48 render_us=2927
[2026-08-17T12:21:37Z INFO  steel_front::engine::game] ai: npcs=8 near=8 far=0 idle=0 patrol=0 chase=0 attack=8 tactics=[8, 0, 0, 0, 0, 0, 0, 0]
[2026-08-17T12:21:37Z INFO  steel_front::engine::game] game: wave=1 enemies=8 enemy_hp=100 hp=100/100 score=0 phys_us=1 ai_us=521 audio_us=31 net_us=0
[2026-08-17T12:21:37Z INFO  steel_front::engine::renderer] visible=65536/65536 near=65536 far=0 fps=363.9 frame_us=2772 cull_us=0 terrain_us=0 wait_fence_us=1639 acquire_us=1 record_us=42 submit_us=38 present_us=231 terrain_lod=high blend=0.000 quality=中画质 marker=84 npc=56
[2026-08-17T12:21:37Z INFO  steel_front] cam: yaw=0.0 pitch=0.0 dist=3.4 mode=FirstPerson cycle_us=2644 update_us=39 render_us=2604
[2026-08-17T12:21:38Z INFO  steel_front::engine::game] ai: npcs=8 near=8 far=0 idle=0 patrol=0 chase=0 attack=8 tactics=[8, 0, 0, 0, 0, 0, 0, 0]
[2026-08-17T12:21:38Z INFO  steel_front::engine::game] game: wave=1 enemies=8 enemy_hp=100 hp=100/100 score=0 phys_us=2 ai_us=453 audio_us=28 net_us=0
[2026-08-17T12:21:38Z INFO  steel_front::engine::renderer] visible=65536/65536 near=65536 far=0 fps=364.2 frame_us=2745 cull_us=0 terrain_us=0 wait_fence_us=2055 acquire_us=1 record_us=48 submit_us=34 present_us=311 terrain_lod=high blend=0.000 quality=中画质 marker=84 npc=56
[2026-08-17T12:21:38Z INFO  steel_front] size diag: window_inner=2560x1600 hud=2560x1600
[2026-08-17T12:21:38Z INFO  steel_front] size diag: window_inner=2560x1600 hud=2560x1600
[2026-08-17T12:21:38Z INFO  steel_front] size diag: window_inner=2560x1600 hud=2560x1600
[2026-08-17T12:21:38Z INFO  steel_front] size diag: window_inner=2560x1600 hud=2560x1600
[2026-08-17T12:21:38Z INFO  steel_front] size diag: window_inner=2560x1600 hud=2560x1600
[2026-08-17T12:21:38Z INFO  steel_front] size diag: window_inner=2560x1600 hud=2560x1600
[2026-08-17T12:21:38Z INFO  steel_front] size diag: window_inner=2560x1600 hud=2560x1600
[2026-08-17T12:21:38Z INFO  steel_front] size diag: window_inner=2560x1600 hud=2560x1600
[2026-08-17T12:21:38Z INFO  steel_front] size diag: window_inner=2560x1600 hud=2560x1600
[2026-08-17T12:21:38Z INFO  steel_front] size diag: window_inner=2560x1600 hud=2560x1600
[2026-08-17T12:21:38Z INFO  steel_front] size diag: window_inner=2560x1600 hud=2560x1600
[2026-08-17T12:21:38Z INFO  steel_front] size diag: window_inner=2560x1600 hud=2560x1600
[2026-08-17T12:21:38Z INFO  steel_front] size diag: window_inner=2560x1600 hud=2560x1600
[2026-08-17T12:21:38Z INFO  steel_front] size diag: window_inner=2560x1600 hud=2560x1600
[2026-08-17T12:21:38Z INFO  steel_front] size diag: window_inner=2560x1600 hud=2560x1600
[2026-08-17T12:21:38Z INFO  steel_front] size diag: window_inner=2560x1600 hud=2560x1600
[2026-08-17T12:21:38Z INFO  steel_front] size diag: window_inner=2560x1600 hud=2560x1600
[2026-08-17T12:21:38Z INFO  steel_front] size diag: window_inner=2560x1600 hud=2560x1600
[2026-08-17T12:21:38Z INFO  steel_front] cam: yaw=0.0 pitch=0.0 dist=3.4 mode=FirstPerson cycle_us=2458 update_us=35 render_us=2422
[2026-08-17T12:21:39Z INFO  steel_front::engine::game] ai: npcs=8 near=8 far=0 idle=0 patrol=0 chase=0 attack=8 tactics=[8, 0, 0, 0, 0, 0, 0, 0]
[2026-08-17T12:21:39Z INFO  steel_front::engine::game] game: wave=1 enemies=8 enemy_hp=100 hp=100/100 score=0 phys_us=2 ai_us=486 audio_us=13 net_us=0
[2026-08-17T12:21:39Z INFO  steel_front::engine::renderer] visible=65536/65536 near=65536 far=0 fps=361.2 frame_us=2099 cull_us=0 terrain_us=0 wait_fence_us=1923 acquire_us=1 record_us=47 submit_us=38 present_us=211 terrain_lod=high blend=0.000 quality=中画质 marker=84 npc=56
[2026-08-17T12:21:39Z INFO  steel_front] cam: yaw=0.0 pitch=0.0 dist=3.4 mode=FirstPerson cycle_us=2403 update_us=45 render_us=2357
[2026-08-17T12:21:40Z INFO  steel_front::engine::game] ai: npcs=8 near=8 far=0 idle=0 patrol=0 chase=0 attack=8 tactics=[8, 0, 0, 0, 0, 0, 0, 0]
[2026-08-17T12:21:40Z INFO  steel_front::engine::game] game: wave=1 enemies=8 enemy_hp=100 hp=100/100 score=0 phys_us=2 ai_us=627 audio_us=26 net_us=0
[2026-08-17T12:21:40Z INFO  steel_front::engine::renderer] visible=65536/65536 near=65536 far=0 fps=366.9 frame_us=2017 cull_us=0 terrain_us=0 wait_fence_us=1903 acquire_us=0 record_us=37 submit_us=32 present_us=206 terrain_lod=high blend=0.000 quality=中画质 marker=84 npc=56
[2026-08-17T12:21:40Z INFO  steel_front] cam: yaw=0.0 pitch=0.0 dist=3.4 mode=FirstPerson cycle_us=3372 update_us=24 render_us=3347
[2026-08-17T12:21:41Z INFO  steel_front::engine::game] ai: npcs=8 near=8 far=0 idle=0 patrol=0 chase=0 attack=8 tactics=[8, 0, 0, 0, 0, 0, 0, 0]
[2026-08-17T12:21:41Z INFO  steel_front::engine::game] game: wave=1 enemies=8 enemy_hp=100 hp=100/100 score=0 phys_us=4 ai_us=542 audio_us=24 net_us=0
[2026-08-17T12:21:41Z INFO  steel_front::engine::renderer] visible=65536/65536 near=65536 far=0 fps=362.6 frame_us=2339 cull_us=0 terrain_us=0 wait_fence_us=1531 acquire_us=1 record_us=43 submit_us=48 present_us=245 terrain_lod=high blend=0.000 quality=中画质 marker=84 npc=56
[2026-08-17T12:21:41Z INFO  steel_front] cam: yaw=0.0 pitch=0.0 dist=3.4 mode=FirstPerson cycle_us=2951 update_us=22 render_us=2929
[2026-08-17T12:21:42Z INFO  steel_front::engine::game] ai: npcs=8 near=8 far=0 idle=0 patrol=0 chase=0 attack=8 tactics=[8, 0, 0, 0, 0, 0, 0, 0]
[2026-08-17T12:21:42Z INFO  steel_front::engine::game] game: wave=1 enemies=8 enemy_hp=100 hp=100/100 score=0 phys_us=2 ai_us=485 audio_us=16 net_us=0
[2026-08-17T12:21:42Z INFO  steel_front::engine::renderer] visible=65536/65536 near=65536 far=0 fps=366.4 frame_us=2194 cull_us=1 terrain_us=0 wait_fence_us=2027 acquire_us=2 record_us=36 submit_us=32 present_us=303 terrain_lod=high blend=0.000 quality=中画质 marker=84 npc=56
[2026-08-17T12:21:42Z INFO  steel_front] cam: yaw=0.0 pitch=0.0 dist=3.4 mode=FirstPerson cycle_us=2996 update_us=39 render_us=2956
[2026-08-17T12:21:43Z INFO  steel_front::engine::game] ai: npcs=8 near=8 far=0 idle=0 patrol=0 chase=0 attack=8 tactics=[8, 0, 0, 0, 0, 0, 0, 0]
[2026-08-17T12:21:43Z INFO  steel_front::engine::game] game: wave=1 enemies=8 enemy_hp=100 hp=100/100 score=0 phys_us=2 ai_us=520 audio_us=23 net_us=0
[2026-08-17T12:21:43Z INFO  steel_front::engine::renderer] visible=65536/65536 near=65536 far=0 fps=366.4 frame_us=2760 cull_us=0 terrain_us=0 wait_fence_us=1658 acquire_us=1 record_us=47 submit_us=41 present_us=439 terrain_lod=high blend=0.000 quality=中画质 marker=84 npc=56
[2026-08-17T12:21:43Z INFO  steel_front] size diag: window_inner=2560x1600 hud=2560x1600
[2026-08-17T12:21:43Z INFO  steel_front] size diag: window_inner=2560x1600 hud=2560x1600
[2026-08-17T12:21:43Z INFO  steel_front] size diag: window_inner=2560x1600 hud=2560x1600
[2026-08-17T12:21:43Z INFO  steel_front] size diag: window_inner=2560x1600 hud=2560x1600
[2026-08-17T12:21:43Z INFO  steel_front] size diag: window_inner=2560x1600 hud=2560x1600
[2026-08-17T12:21:43Z INFO  steel_front] size diag: window_inner=2560x1600 hud=2560x1600
[2026-08-17T12:21:43Z INFO  steel_front] size diag: window_inner=2560x1600 hud=2560x1600
[2026-08-17T12:21:43Z INFO  steel_front] size diag: window_inner=2560x1600 hud=2560x1600
[2026-08-17T12:21:43Z INFO  steel_front] size diag: window_inner=2560x1600 hud=2560x1600
[2026-08-17T12:21:43Z INFO  steel_front] size diag: window_inner=2560x1600 hud=2560x1600
[2026-08-17T12:21:43Z INFO  steel_front] size diag: window_inner=2560x1600 hud=2560x1600
[2026-08-17T12:21:43Z INFO  steel_front] size diag: window_inner=2560x1600 hud=2560x1600
[2026-08-17T12:21:43Z INFO  steel_front] size diag: window_inner=2560x1600 hud=2560x1600
[2026-08-17T12:21:43Z INFO  steel_front] size diag: window_inner=2560x1600 hud=2560x1600
[2026-08-17T12:21:43Z INFO  steel_front] size diag: window_inner=2560x1600 hud=2560x1600
[2026-08-17T12:21:43Z INFO  steel_front] size diag: window_inner=2560x1600 hud=2560x1600
[2026-08-17T12:21:43Z INFO  steel_front] size diag: window_inner=2560x1600 hud=2560x1600
[2026-08-17T12:21:43Z INFO  steel_front] size diag: window_inner=2560x1600 hud=2560x1600
[2026-08-17T12:21:43Z INFO  steel_front] cam: yaw=0.0 pitch=0.0 dist=3.4 mode=FirstPerson cycle_us=3851 update_us=59 render_us=3791
[2026-08-17T12:21:44Z INFO  steel_front::engine::game] ai: npcs=8 near=8 far=0 idle=0 patrol=0 chase=0 attack=8 tactics=[8, 0, 0, 0, 0, 0, 0, 0]
[2026-08-17T12:21:44Z INFO  steel_front::engine::game] game: wave=1 enemies=8 enemy_hp=100 hp=100/100 score=0 phys_us=2 ai_us=536 audio_us=27 net_us=0
[2026-08-17T12:21:44Z INFO  steel_front::engine::renderer] visible=65536/65536 near=65536 far=0 fps=351.8 frame_us=2267 cull_us=0 terrain_us=0 wait_fence_us=1649 acquire_us=1 record_us=45 submit_us=43 present_us=414 terrain_lod=high blend=0.000 quality=中画质 marker=84 npc=56
[2026-08-17T12:21:44Z INFO  steel_front] cam: yaw=0.0 pitch=0.0 dist=3.4 mode=FirstPerson cycle_us=2998 update_us=21 render_us=2977
[2026-08-17T12:21:45Z INFO  steel_front::engine::game] ai: npcs=8 near=8 far=0 idle=0 patrol=0 chase=0 attack=8 tactics=[8, 0, 0, 0, 0, 0, 0, 0]
[2026-08-17T12:21:45Z INFO  steel_front::engine::game] game: wave=1 enemies=8 enemy_hp=100 hp=100/100 score=0 phys_us=2 ai_us=506 audio_us=16 net_us=0
[2026-08-17T12:21:45Z INFO  steel_front::engine::renderer] visible=65536/65536 near=65536 far=0 fps=366.3 frame_us=2803 cull_us=0 terrain_us=0 wait_fence_us=1921 acquire_us=1 record_us=49 submit_us=71 present_us=262 terrain_lod=high blend=0.000 quality=中画质 marker=84 npc=56
[2026-08-17T12:21:45Z INFO  steel_front] cam: yaw=0.0 pitch=0.0 dist=3.4 mode=FirstPerson cycle_us=2251 update_us=44 render_us=2206
[2026-08-17T12:21:46Z INFO  steel_front::engine::game] ai: npcs=8 near=8 far=0 idle=0 patrol=0 chase=0 attack=8 tactics=[8, 0, 0, 0, 0, 0, 0, 0]
[2026-08-17T12:21:46Z INFO  steel_front::engine::game] game: wave=1 enemies=8 enemy_hp=100 hp=100/100 score=0 phys_us=2 ai_us=503 audio_us=25 net_us=0
[2026-08-17T12:21:46Z INFO  steel_front::engine::renderer] visible=65536/65536 near=65536 far=0 fps=366.3 frame_us=2216 cull_us=0 terrain_us=0 wait_fence_us=1716 acquire_us=0 record_us=53 submit_us=46 present_us=232 terrain_lod=high blend=0.000 quality=中画质 marker=84 npc=56
[2026-08-17T12:21:46Z INFO  steel_front] cam: yaw=0.0 pitch=0.0 dist=3.4 mode=FirstPerson cycle_us=1560 update_us=31 render_us=1529
[2026-08-17T12:21:47Z INFO  steel_front::engine::game] map: level 1 generated: 36 obstacle bodies (wall=20 block=0 barrier=0 tree=3 building=6 ruin=7), 203 grid cells blocked
[2026-08-17T12:21:47Z INFO  steel_front::engine::game] game: purged 8 leftover npcs on run start
[2026-08-17T12:21:47Z INFO  steel_front::engine::game] wave: npc #8 spawn (65.3, 0.0, 25.3)
[2026-08-17T12:21:47Z INFO  steel_front::engine::game] wave: npc #9 spawn (6.1, 0.0, 39.5)
[2026-08-17T12:21:47Z INFO  steel_front::engine::game] wave: npc #10 spawn (-46.8, 0.0, 37.6)
[2026-08-17T12:21:47Z INFO  steel_front::engine::game] wave: npc #11 spawn (-74.6, 0.0, -28.9)
[2026-08-17T12:21:47Z INFO  steel_front::engine::game] wave: npc #12 spawn (-7.6, 0.0, -49.4)
[2026-08-17T12:21:47Z INFO  steel_front::engine::game] wave: npc #13 spawn (54.6, 0.0, -43.9)
[2026-08-17T12:21:47Z INFO  steel_front::engine::game] wave: wave 1 spawned 6 enemies (kind=Normal total=6 speed=4.0 hp=100 effective=1)
[2026-08-17T12:21:47Z INFO  steel_front::engine::game] game: run started (wave 1)
[2026-08-17T12:21:47Z INFO  steel_front] input: cursor captured (mouse look on, grab=locked, look=relative)
[2026-08-17T12:21:47Z INFO  steel_front::engine::game] physics: 36 events this frame (GroundHit, GroundHit, GroundHit, GroundHit, GroundHit, GroundHit, GroundHit, GroundHit, GroundHit, GroundHit, GroundHit, GroundHit, GroundHit, GroundHit, GroundHit, GroundHit, GroundHit, GroundHit, GroundHit, GroundHit, GroundHit, GroundHit, GroundHit, GroundHit, GroundHit, GroundHit, GroundHit, GroundHit, GroundHit, GroundHit, GroundHit, GroundHit, GroundHit, GroundHit, GroundHit, GroundHit)
[2026-08-17T12:21:47Z INFO  steel_front] input: cursor released (window unfocused)
[2026-08-17T12:21:47Z INFO  steel_front::engine::game] ai: npcs=6 near=6 far=0 idle=0 patrol=3 chase=3 attack=0 tactics=[4, 1, 1, 0, 0, 0, 0, 0]
[2026-08-17T12:21:47Z INFO  steel_front::engine::game] game: wave=1 enemies=6 enemy_hp=100 hp=100/100 score=0 phys_us=3 ai_us=212 audio_us=15 net_us=0
[2026-08-17T12:21:47Z INFO  steel_front::engine::renderer] visible=65536/65536 near=65536 far=0 fps=364.5 frame_us=1364 cull_us=1 terrain_us=0 wait_fence_us=202 acquire_us=1 record_us=61 submit_us=53 present_us=940 terrain_lod=high blend=0.000 quality=中画质 marker=36 npc=98
[2026-08-17T12:21:47Z INFO  steel_front] cam: yaw=0.0 pitch=0.0 dist=3.4 mode=FirstPerson cycle_us=2885 update_us=26 render_us=2859
[2026-08-17T12:21:48Z INFO  steel_front::engine::game] ai: npcs=6 near=6 far=0 idle=0 patrol=3 chase=3 attack=0 tactics=[4, 1, 1, 0, 0, 0, 0, 0]
[2026-08-17T12:21:48Z INFO  steel_front::engine::game] game: wave=1 enemies=6 enemy_hp=100 hp=100/100 score=0 phys_us=3 ai_us=222 audio_us=23 net_us=0
[2026-08-17T12:21:48Z INFO  steel_front::engine::renderer] visible=65536/65536 near=65536 far=0 fps=370.7 frame_us=1520 cull_us=1 terrain_us=0 wait_fence_us=1582 acquire_us=1 record_us=43 submit_us=39 present_us=223 terrain_lod=high blend=0.000 quality=中画质 marker=36 npc=98
[2026-08-17T12:21:48Z INFO  steel_front] size diag: window_inner=2560x1600 hud=2560x1600
[2026-08-17T12:21:48Z INFO  steel_front] size diag: window_inner=2560x1600 hud=2560x1600
[2026-08-17T12:21:48Z INFO  steel_front] size diag: window_inner=2560x1600 hud=2560x1600
[2026-08-17T12:21:48Z INFO  steel_front] size diag: window_inner=2560x1600 hud=2560x1600
[2026-08-17T12:21:48Z INFO  steel_front] size diag: window_inner=2560x1600 hud=2560x1600
[2026-08-17T12:21:48Z INFO  steel_front] size diag: window_inner=2560x1600 hud=2560x1600
[2026-08-17T12:21:48Z INFO  steel_front] size diag: window_inner=2560x1600 hud=2560x1600
[2026-08-17T12:21:48Z INFO  steel_front] size diag: window_inner=2560x1600 hud=2560x1600
[2026-08-17T12:21:48Z INFO  steel_front] size diag: window_inner=2560x1600 hud=2560x1600
[2026-08-17T12:21:48Z INFO  steel_front] size diag: window_inner=2560x1600 hud=2560x1600
[2026-08-17T12:21:48Z INFO  steel_front] size diag: window_inner=2560x1600 hud=2560x1600
[2026-08-17T12:21:48Z INFO  steel_front] size diag: window_inner=2560x1600 hud=2560x1600
[2026-08-17T12:21:48Z INFO  steel_front] size diag: window_inner=2560x1600 hud=2560x1600
[2026-08-17T12:21:48Z INFO  steel_front] size diag: window_inner=2560x1600 hud=2560x1600
[2026-08-17T12:21:48Z INFO  steel_front] size diag: window_inner=2560x1600 hud=2560x1600
[2026-08-17T12:21:48Z INFO  steel_front] size diag: window_inner=2560x1600 hud=2560x1600
[2026-08-17T12:21:48Z INFO  steel_front] size diag: window_inner=2560x1600 hud=2560x1600
[2026-08-17T12:21:48Z INFO  steel_front] size diag: window_inner=2560x1600 hud=2560x1600
[2026-08-17T12:21:48Z INFO  steel_front] cam: yaw=0.0 pitch=0.0 dist=3.4 mode=FirstPerson cycle_us=2500 update_us=37 render_us=2463
[2026-08-17T12:21:49Z INFO  steel_front::engine::game] ai: npcs=6 near=6 far=0 idle=0 patrol=3 chase=3 attack=0 tactics=[4, 1, 1, 0, 0, 0, 0, 0]
[2026-08-17T12:21:49Z INFO  steel_front::engine::game] game: wave=1 enemies=6 enemy_hp=100 hp=100/100 score=0 phys_us=2 ai_us=648 audio_us=30 net_us=0
[2026-08-17T12:21:49Z INFO  steel_front::engine::renderer] visible=65536/65536 near=65536 far=0 fps=370.4 frame_us=2197 cull_us=1 terrain_us=0 wait_fence_us=1172 acquire_us=1 record_us=46 submit_us=70 present_us=236 terrain_lod=high blend=0.000 quality=中画质 marker=36 npc=98
[2026-08-17T12:21:49Z INFO  steel_front] cam: yaw=0.0 pitch=0.0 dist=3.4 mode=FirstPerson cycle_us=2467 update_us=39 render_us=2427
[2026-08-17T12:21:50Z INFO  steel_front::engine::game] ai: npcs=6 near=6 far=0 idle=0 patrol=3 chase=3 attack=0 tactics=[4, 1, 1, 0, 0, 0, 0, 0]
[2026-08-17T12:21:50Z INFO  steel_front::engine::game] game: wave=1 enemies=6 enemy_hp=100 hp=100/100 score=0 phys_us=2 ai_us=483 audio_us=30 net_us=0
[2026-08-17T12:21:50Z INFO  steel_front::engine::renderer] visible=65536/65536 near=65536 far=0 fps=365.7 frame_us=2282 cull_us=1 terrain_us=0 wait_fence_us=1350 acquire_us=1 record_us=45 submit_us=46 present_us=218 terrain_lod=high blend=0.000 quality=中画质 marker=36 npc=98
[2026-08-17T12:21:50Z INFO  steel_front] cam: yaw=0.0 pitch=0.0 dist=3.4 mode=FirstPerson cycle_us=2795 update_us=44 render_us=2750
[2026-08-17T12:21:51Z INFO  steel_front::engine::game] ai: npcs=6 near=6 far=0 idle=0 patrol=3 chase=3 attack=0 tactics=[4, 1, 1, 0, 0, 0, 0, 0]
[2026-08-17T12:21:51Z INFO  steel_front::engine::game] game: wave=1 enemies=6 enemy_hp=100 hp=100/100 score=0 phys_us=2 ai_us=613 audio_us=25 net_us=0
[2026-08-17T12:21:51Z INFO  steel_front::engine::renderer] visible=65536/65536 near=65536 far=0 fps=366.3 frame_us=1832 cull_us=1 terrain_us=0 wait_fence_us=1718 acquire_us=1 record_us=220 submit_us=46 present_us=245 terrain_lod=high blend=0.000 quality=中画质 marker=36 npc=98
[2026-08-17T12:21:51Z INFO  steel_front] cam: yaw=0.0 pitch=0.0 dist=3.4 mode=FirstPerson cycle_us=2441 update_us=35 render_us=2406
[2026-08-17T12:21:52Z INFO  steel_front::engine::game] ai: npcs=6 near=6 far=0 idle=0 patrol=3 chase=3 attack=0 tactics=[4, 1, 1, 0, 0, 0, 0, 0]
[2026-08-17T12:21:52Z INFO  steel_front::engine::game] game: wave=1 enemies=6 enemy_hp=100 hp=100/100 score=0 phys_us=4 ai_us=700 audio_us=60 net_us=0
[2026-08-17T12:21:52Z INFO  steel_front::engine::renderer] visible=65536/65536 near=65536 far=0 fps=346.4 frame_us=1525 cull_us=0 terrain_us=0 wait_fence_us=737 acquire_us=1 record_us=78 submit_us=85 present_us=433 terrain_lod=high blend=0.000 quality=中画质 marker=36 npc=98
[2026-08-17T12:21:52Z INFO  steel_front] cam: yaw=0.0 pitch=0.0 dist=3.4 mode=FirstPerson cycle_us=4206 update_us=127 render_us=4078
[2026-08-17T12:21:53Z INFO  steel_front::engine::game] ai: npcs=6 near=6 far=0 idle=0 patrol=3 chase=3 attack=0 tactics=[3, 1, 1, 0, 0, 0, 0, 1]
[2026-08-17T12:21:53Z INFO  steel_front::engine::game] game: wave=1 enemies=6 enemy_hp=100 hp=100/100 score=0 phys_us=6 ai_us=1064 audio_us=42 net_us=0
[2026-08-17T12:21:53Z INFO  steel_front::engine::renderer] visible=65536/65536 near=65536 far=0 fps=259.6 frame_us=1251 cull_us=2 terrain_us=0 wait_fence_us=1656 acquire_us=2 record_us=61 submit_us=55 present_us=398 terrain_lod=high blend=0.000 quality=中画质 marker=36 npc=98
[2026-08-17T12:21:53Z INFO  steel_front] size diag: window_inner=2560x1600 hud=2560x1600
[2026-08-17T12:21:53Z INFO  steel_front] size diag: window_inner=2560x1600 hud=2560x1600
[2026-08-17T12:21:53Z INFO  steel_front] size diag: window_inner=2560x1600 hud=2560x1600
[2026-08-17T12:21:53Z INFO  steel_front] size diag: window_inner=2560x1600 hud=2560x1600
[2026-08-17T12:21:53Z INFO  steel_front] size diag: window_inner=2560x1600 hud=2560x1600
[2026-08-17T12:21:53Z INFO  steel_front] size diag: window_inner=2560x1600 hud=2560x1600
[2026-08-17T12:21:53Z INFO  steel_front] size diag: window_inner=2560x1600 hud=2560x1600
[2026-08-17T12:21:53Z INFO  steel_front] size diag: window_inner=2560x1600 hud=2560x1600
[2026-08-17T12:21:53Z INFO  steel_front] size diag: window_inner=2560x1600 hud=2560x1600
[2026-08-17T12:21:53Z INFO  steel_front] size diag: window_inner=2560x1600 hud=2560x1600
[2026-08-17T12:21:53Z INFO  steel_front] size diag: window_inner=2560x1600 hud=2560x1600
[2026-08-17T12:21:53Z INFO  steel_front] size diag: window_inner=2560x1600 hud=2560x1600
[2026-08-17T12:21:53Z INFO  steel_front] size diag: window_inner=2560x1600 hud=2560x1600
[2026-08-17T12:21:53Z INFO  steel_front] size diag: window_inner=2560x1600 hud=2560x1600
[2026-08-17T12:21:53Z INFO  steel_front] size diag: window_inner=2560x1600 hud=2560x1600
[2026-08-17T12:21:53Z INFO  steel_front] size diag: window_inner=2560x1600 hud=2560x1600
[2026-08-17T12:21:53Z INFO  steel_front] size diag: window_inner=2560x1600 hud=2560x1600
[2026-08-17T12:21:53Z INFO  steel_front] size diag: window_inner=2560x1600 hud=2560x1600
[2026-08-17T12:21:53Z INFO  steel_front] size diag: window_inner=2560x1600 hud=2560x1600
[2026-08-17T12:21:53Z INFO  steel_front] cam: yaw=0.0 pitch=0.0 dist=3.4 mode=FirstPerson cycle_us=2387 update_us=35 render_us=2351
[2026-08-17T12:21:54Z INFO  steel_front::engine::game] ai: npcs=6 near=6 far=0 idle=0 patrol=3 chase=3 attack=0 tactics=[4, 1, 1, 0, 0, 0, 0, 0]
[2026-08-17T12:21:54Z INFO  steel_front::engine::game] game: wave=1 enemies=6 enemy_hp=100 hp=100/100 score=0 phys_us=2 ai_us=609 audio_us=23 net_us=0
[2026-08-17T12:21:54Z INFO  steel_front::engine::renderer] visible=65536/65536 near=65536 far=0 fps=382.8 frame_us=1632 cull_us=1 terrain_us=0 wait_fence_us=962 acquire_us=1 record_us=101 submit_us=106 present_us=517 terrain_lod=high blend=0.000 quality=中画质 marker=36 npc=98
[2026-08-17T12:21:54Z INFO  steel_front] cam: yaw=0.0 pitch=0.0 dist=3.4 mode=FirstPerson cycle_us=2861 update_us=47 render_us=2813
[2026-08-17T12:21:55Z INFO  steel_front::engine::game] ai: npcs=6 near=5 far=1 idle=0 patrol=3 chase=3 attack=0 tactics=[4, 1, 1, 0, 0, 0, 0, 0]
[2026-08-17T12:21:55Z INFO  steel_front::engine::game] game: wave=1 enemies=6 enemy_hp=100 hp=100/100 score=0 phys_us=3 ai_us=631 audio_us=41 net_us=0
[2026-08-17T12:21:55Z INFO  steel_front::engine::renderer] visible=65536/65536 near=65536 far=0 fps=360.5 frame_us=1204 cull_us=1 terrain_us=0 wait_fence_us=559 acquire_us=2 record_us=118 submit_us=103 present_us=860 terrain_lod=high blend=0.000 quality=中画质 marker=36 npc=98
[2026-08-17T12:21:55Z INFO  steel_front] cam: yaw=0.0 pitch=0.0 dist=3.4 mode=FirstPerson cycle_us=2204 update_us=56 render_us=2148
[2026-08-17T12:21:56Z INFO  steel_front::engine::game] ai: npcs=6 near=5 far=1 idle=0 patrol=3 chase=3 attack=0 tactics=[4, 1, 1, 0, 0, 0, 0, 0]
[2026-08-17T12:21:56Z INFO  steel_front::engine::game] game: wave=1 enemies=6 enemy_hp=100 hp=100/100 score=0 phys_us=18 ai_us=1782 audio_us=399 net_us=1
[2026-08-17T12:21:56Z INFO  steel_front::engine::renderer] visible=65536/65536 near=65536 far=0 fps=273.3 frame_us=2382 cull_us=7 terrain_us=0 wait_fence_us=25 acquire_us=8 record_us=170 submit_us=210 present_us=1962 terrain_lod=high blend=0.000 quality=中画质 marker=36 npc=98
[2026-08-17T12:21:56Z INFO  steel_front::engine::game] npc: #9 stand (7.5, 0.0, 9.4)
[2026-08-17T12:21:56Z INFO  steel_front] cam: yaw=0.0 pitch=0.0 dist=3.4 mode=FirstPerson cycle_us=7256 update_us=299 render_us=6957
[2026-08-17T12:21:57Z INFO  steel_front::engine::game] ai: npcs=6 near=4 far=2 idle=0 patrol=3 chase=2 attack=1 tactics=[3, 1, 1, 0, 0, 0, 0, 1]
[2026-08-17T12:21:57Z INFO  steel_front::engine::game] game: wave=1 enemies=6 enemy_hp=100 hp=95/100 score=0 phys_us=21 ai_us=1340 audio_us=648 net_us=2
[2026-08-17T12:21:57Z INFO  steel_front::engine::renderer] visible=65536/65536 near=65536 far=0 fps=137.1 frame_us=2337 cull_us=3 terrain_us=0 wait_fence_us=24 acquire_us=7 record_us=136 submit_us=151 present_us=2012 terrain_lod=high blend=0.000 quality=中画质 marker=38 npc=42
[2026-08-17T12:21:57Z INFO  steel_front] cam: yaw=0.0 pitch=0.0 dist=3.4 mode=FirstPerson cycle_us=8943 update_us=520 render_us=8422
[2026-08-17T12:21:58Z INFO  steel_front::engine::game] ai: npcs=6 near=4 far=2 idle=0 patrol=3 chase=2 attack=1 tactics=[3, 0, 2, 0, 0, 0, 0, 1]
[2026-08-17T12:21:58Z INFO  steel_front::engine::game] game: wave=1 enemies=6 enemy_hp=100 hp=90/100 score=0 phys_us=17 ai_us=1858 audio_us=506 net_us=2
[2026-08-17T12:21:58Z INFO  steel_front::engine::renderer] visible=65536/65536 near=65536 far=0 fps=92.0 frame_us=3758 cull_us=2 terrain_us=0 wait_fence_us=21 acquire_us=9 record_us=200 submit_us=220 present_us=3291 terrain_lod=high blend=0.000 quality=中画质 marker=36 npc=42
[2026-08-17T12:21:58Z INFO  steel_front] size diag: window_inner=2560x1600 hud=2560x1600
[2026-08-17T12:21:58Z INFO  steel_front] size diag: window_inner=2560x1600 hud=2560x1600
[2026-08-17T12:21:58Z INFO  steel_front] size diag: window_inner=2560x1600 hud=2560x1600
[2026-08-17T12:21:58Z INFO  steel_front] size diag: window_inner=2560x1600 hud=2560x1600
[2026-08-17T12:21:58Z INFO  steel_front] size diag: window_inner=2560x1600 hud=2560x1600
[2026-08-17T12:21:58Z INFO  steel_front] cam: yaw=0.0 pitch=0.0 dist=3.4 mode=FirstPerson cycle_us=13141 update_us=646 render_us=12494
[2026-08-17T12:21:59Z INFO  steel_front::engine::game] ai: npcs=6 near=4 far=2 idle=0 patrol=3 chase=2 attack=1 tactics=[4, 0, 2, 0, 0, 0, 0, 0]
[2026-08-17T12:21:59Z INFO  steel_front::engine::game] game: wave=1 enemies=6 enemy_hp=100 hp=85/100 score=0 phys_us=28 ai_us=1576 audio_us=490 net_us=0
[2026-08-17T12:21:59Z INFO  steel_front::engine::renderer] visible=65536/65536 near=65536 far=0 fps=99.7 frame_us=4079 cull_us=3 terrain_us=0 wait_fence_us=23 acquire_us=7 record_us=223 submit_us=201 present_us=3606 terrain_lod=high blend=0.000 quality=中画质 marker=37 npc=42
[2026-08-17T12:21:59Z INFO  steel_front] cam: yaw=0.0 pitch=0.0 dist=3.4 mode=FirstPerson cycle_us=2747 update_us=85 render_us=2661
[2026-08-17T12:22:00Z INFO  steel_front::engine::game] ai: npcs=6 near=4 far=2 idle=0 patrol=3 chase=2 attack=1 tactics=[4, 0, 2, 0, 0, 0, 0, 0]
[2026-08-17T12:22:00Z INFO  steel_front::engine::game] game: wave=1 enemies=6 enemy_hp=100 hp=80/100 score=0 phys_us=16 ai_us=975 audio_us=442 net_us=1
[2026-08-17T12:22:00Z INFO  steel_front::engine::renderer] visible=65536/65536 near=65536 far=0 fps=199.8 frame_us=1571 cull_us=1 terrain_us=0 wait_fence_us=11 acquire_us=3 record_us=143 submit_us=115 present_us=1286 terrain_lod=high blend=0.000 quality=中画质 marker=36 npc=42
[2026-08-17T12:22:00Z INFO  steel_front] cam: yaw=0.0 pitch=0.0 dist=3.4 mode=FirstPerson cycle_us=2756 update_us=46 render_us=2709
[2026-08-17T12:22:01Z INFO  steel_front::engine::game] ai: npcs=6 near=4 far=2 idle=0 patrol=3 chase=2 attack=1 tactics=[4, 0, 2, 0, 0, 0, 0, 0]
[2026-08-17T12:22:01Z INFO  steel_front::engine::game] game: wave=1 enemies=6 enemy_hp=100 hp=75/100 score=0 phys_us=26 ai_us=1493 audio_us=518 net_us=1
[2026-08-17T12:22:01Z INFO  steel_front::engine::renderer] visible=65536/65536 near=65536 far=0 fps=301.8 frame_us=2615 cull_us=2 terrain_us=0 wait_fence_us=22 acquire_us=6 record_us=358 submit_us=157 present_us=2044 terrain_lod=high blend=0.000 quality=中画质 marker=37 npc=42
[2026-08-17T12:22:01Z INFO  steel_front] cam: yaw=0.0 pitch=0.0 dist=3.4 mode=FirstPerson cycle_us=5797 update_us=156 render_us=5640
[2026-08-17T12:22:02Z INFO  steel_front::engine::game] ai: npcs=6 near=4 far=2 idle=0 patrol=3 chase=2 attack=1 tactics=[2, 0, 2, 0, 0, 0, 0, 2]
[2026-08-17T12:22:02Z INFO  steel_front::engine::game] game: wave=1 enemies=6 enemy_hp=100 hp=70/100 score=0 phys_us=23 ai_us=1946 audio_us=426 net_us=1
[2026-08-17T12:22:02Z INFO  steel_front::engine::renderer] visible=65536/65536 near=65536 far=0 fps=166.8 frame_us=854 cull_us=1 terrain_us=0 wait_fence_us=12 acquire_us=3 record_us=92 submit_us=208 present_us=534 terrain_lod=high blend=0.000 quality=中画质 marker=36 npc=42
[2026-08-17T12:22:02Z INFO  steel_front::engine::game] npc: #12 stand (2.2, 0.0, -11.8)
[2026-08-17T12:22:03Z INFO  steel_front] cam: yaw=0.0 pitch=0.0 dist=3.4 mode=FirstPerson cycle_us=6948 update_us=95 render_us=6852
[2026-08-17T12:22:03Z INFO  steel_front::engine::game] ai: npcs=6 near=4 far=2 idle=0 patrol=3 chase=1 attack=2 tactics=[4, 0, 2, 0, 0, 0, 0, 0]
[2026-08-17T12:22:03Z INFO  steel_front::engine::game] game: wave=1 enemies=6 enemy_hp=100 hp=65/100 score=0 phys_us=20 ai_us=1428 audio_us=554 net_us=1
[2026-08-17T12:22:03Z INFO  steel_front::engine::renderer] visible=65536/65536 near=65536 far=0 fps=134.3 frame_us=3887 cull_us=3 terrain_us=0 wait_fence_us=20 acquire_us=5 record_us=186 submit_us=192 present_us=3468 terrain_lod=high blend=0.000 quality=中画质 marker=41 npc=42
[2026-08-17T12:22:03Z INFO  steel_front] size diag: window_inner=2560x1600 hud=2560x1600
[2026-08-17T12:22:03Z INFO  steel_front] size diag: window_inner=2560x1600 hud=2560x1600
[2026-08-17T12:22:03Z INFO  steel_front] size diag: window_inner=2560x1600 hud=2560x1600
[2026-08-17T12:22:03Z INFO  steel_front] size diag: window_inner=2560x1600 hud=2560x1600
[2026-08-17T12:22:03Z INFO  steel_front] size diag: window_inner=2560x1600 hud=2560x1600
[2026-08-17T12:22:03Z INFO  steel_front] size diag: window_inner=2560x1600 hud=2560x1600
[2026-08-17T12:22:04Z INFO  steel_front] cam: yaw=0.0 pitch=0.0 dist=3.4 mode=FirstPerson cycle_us=7092 update_us=270 render_us=6821
[2026-08-17T12:22:04Z INFO  steel_front::engine::game] ai: npcs=6 near=4 far=2 idle=0 patrol=3 chase=1 attack=2 tactics=[3, 0, 2, 0, 0, 0, 0, 1]
[2026-08-17T12:22:04Z INFO  steel_front::engine::game] game: wave=1 enemies=6 enemy_hp=100 hp=60/100 score=0 phys_us=5 ai_us=889 audio_us=34 net_us=0
[2026-08-17T12:22:04Z INFO  steel_front::engine::renderer] visible=65536/65536 near=65536 far=0 fps=220.8 frame_us=1411 cull_us=2 terrain_us=0 wait_fence_us=1216 acquire_us=1 record_us=59 submit_us=52 present_us=336 terrain_lod=high blend=0.000 quality=中画质 marker=36 npc=42
[2026-08-17T12:22:05Z INFO  steel_front] cam: yaw=0.0 pitch=0.0 dist=3.4 mode=FirstPerson cycle_us=1824 update_us=67 render_us=1757
[2026-08-17T12:22:05Z INFO  steel_front::engine::game] ai: npcs=6 near=4 far=2 idle=0 patrol=3 chase=1 attack=2 tactics=[4, 0, 2, 0, 0, 0, 0, 0]
[2026-08-17T12:22:05Z INFO  steel_front::engine::game] game: wave=1 enemies=6 enemy_hp=100 hp=55/100 score=0 phys_us=7 ai_us=1414 audio_us=34 net_us=0
[2026-08-17T12:22:05Z INFO  steel_front::engine::renderer] visible=65536/65536 near=65536 far=0 fps=227.7 frame_us=1462 cull_us=1 terrain_us=0 wait_fence_us=8 acquire_us=2 record_us=70 submit_us=80 present_us=584 terrain_lod=high blend=0.000 quality=中画质 marker=62 npc=42
[2026-08-17T12:22:06Z INFO  steel_front] cam: yaw=0.0 pitch=0.0 dist=3.4 mode=FirstPerson cycle_us=7529 update_us=282 render_us=7246
[2026-08-17T12:22:06Z INFO  steel_front::engine::game] ai: npcs=6 near=5 far=1 idle=0 patrol=3 chase=1 attack=2 tactics=[3, 0, 2, 0, 0, 0, 0, 1]
[2026-08-17T12:22:06Z INFO  steel_front::engine::game] game: wave=1 enemies=6 enemy_hp=100 hp=50/100 score=0 phys_us=24 ai_us=1785 audio_us=638 net_us=1
[2026-08-17T12:22:06Z INFO  steel_front::engine::game] npc: #10 stand (-12.0, 0.0, 0.4)
[2026-08-17T12:22:06Z INFO  steel_front::engine::renderer] visible=65536/65536 near=65536 far=0 fps=171.5 frame_us=4014 cull_us=3 terrain_us=0 wait_fence_us=26 acquire_us=7 record_us=216 submit_us=244 present_us=3498 terrain_lod=high blend=0.000 quality=中画质 marker=39 npc=42
[2026-08-17T12:22:07Z INFO  steel_front] cam: yaw=0.0 pitch=0.0 dist=3.4 mode=FirstPerson cycle_us=12168 update_us=771 render_us=11395
[2026-08-17T12:22:07Z INFO  steel_front::engine::game] ai: npcs=6 near=5 far=1 idle=0 patrol=3 chase=0 attack=3 tactics=[4, 0, 2, 0, 0, 0, 0, 0]
[2026-08-17T12:22:07Z INFO  steel_front::engine::game] game: wave=1 enemies=6 enemy_hp=100 hp=45/100 score=0 phys_us=17 ai_us=1356 audio_us=288 net_us=0
[2026-08-17T12:22:07Z INFO  steel_front::engine::renderer] visible=65536/65536 near=65536 far=0 fps=94.9 frame_us=1971 cull_us=1 terrain_us=0 wait_fence_us=11 acquire_us=3 record_us=107 submit_us=134 present_us=1705 terrain_lod=high blend=0.000 quality=中画质 marker=47 npc=42
[2026-08-17T12:22:08Z INFO  steel_front] cam: yaw=0.0 pitch=0.0 dist=3.4 mode=FirstPerson cycle_us=2764 update_us=60 render_us=2704
[2026-08-17T12:22:08Z INFO  steel_front::engine::game] ai: npcs=6 near=5 far=1 idle=0 patrol=3 chase=0 attack=3 tactics=[4, 1, 1, 0, 0, 0, 0, 0]
[2026-08-17T12:22:08Z INFO  steel_front::engine::game] game: wave=1 enemies=6 enemy_hp=100 hp=40/100 score=0 phys_us=18 ai_us=1717 audio_us=508 net_us=1
[2026-08-17T12:22:08Z INFO  steel_front::engine::renderer] visible=65536/65536 near=65536 far=0 fps=240.0 frame_us=3439 cull_us=3 terrain_us=0 wait_fence_us=22 acquire_us=7 record_us=191 submit_us=221 present_us=2977 terrain_lod=high blend=0.000 quality=中画质 marker=41 npc=42
[2026-08-17T12:22:08Z INFO  steel_front] size diag: window_inner=2560x1600 hud=2560x1600
[2026-08-17T12:22:08Z INFO  steel_front] size diag: window_inner=2560x1600 hud=2560x1600
[2026-08-17T12:22:08Z INFO  steel_front] size diag: window_inner=2560x1600 hud=2560x1600
[2026-08-17T12:22:08Z INFO  steel_front] size diag: window_inner=2560x1600 hud=2560x1600
[2026-08-17T12:22:09Z INFO  steel_front] cam: yaw=0.0 pitch=0.0 dist=3.4 mode=FirstPerson cycle_us=11706 update_us=725 render_us=10980
[2026-08-17T12:22:09Z INFO  steel_front::engine::game] ai: npcs=6 near=5 far=1 idle=0 patrol=3 chase=0 attack=3 tactics=[4, 1, 1, 0, 0, 0, 0, 0]
[2026-08-17T12:22:09Z INFO  steel_front::engine::game] game: wave=1 enemies=6 enemy_hp=100 hp=35/100 score=0 phys_us=12 ai_us=1447 audio_us=321 net_us=1
[2026-08-17T12:22:09Z INFO  steel_front::engine::renderer] visible=65536/65536 near=65536 far=0 fps=91.6 frame_us=1983 cull_us=4 terrain_us=0 wait_fence_us=96 acquire_us=5 record_us=163 submit_us=152 present_us=1639 terrain_lod=high blend=0.000 quality=中画质 marker=45 npc=42
[2026-08-17T12:22:10Z INFO  steel_front] cam: yaw=0.0 pitch=0.0 dist=3.4 mode=FirstPerson cycle_us=4860 update_us=175 render_us=4684
[2026-08-17T12:22:10Z INFO  steel_front::engine::game] ai: npcs=6 near=5 far=1 idle=0 patrol=3 chase=0 attack=3 tactics=[4, 1, 1, 0, 0, 0, 0, 0]
[2026-08-17T12:22:10Z INFO  steel_front::engine::game] game: wave=1 enemies=6 enemy_hp=100 hp=30/100 score=0 phys_us=3 ai_us=711 audio_us=26 net_us=0
[2026-08-17T12:22:10Z INFO  steel_front::engine::renderer] visible=65536/65536 near=65536 far=0 fps=267.6 frame_us=1670 cull_us=1 terrain_us=0 wait_fence_us=1236 acquire_us=1 record_us=52 submit_us=49 present_us=334 terrain_lod=high blend=0.000 quality=中画质 marker=62 npc=42
[2026-08-17T12:22:11Z INFO  steel_front] cam: yaw=0.0 pitch=0.0 dist=3.4 mode=FirstPerson cycle_us=12584 update_us=640 render_us=11942
[2026-08-17T12:22:11Z INFO  steel_front::engine::game] ai: npcs=6 near=6 far=0 idle=0 patrol=3 chase=0 attack=3 tactics=[4, 1, 1, 0, 0, 0, 0, 0]
[2026-08-17T12:22:11Z INFO  steel_front::engine::game] game: wave=1 enemies=6 enemy_hp=100 hp=25/100 score=0 phys_us=26 ai_us=1951 audio_us=564 net_us=1
[2026-08-17T12:22:11Z INFO  steel_front::engine::renderer] visible=65536/65536 near=65536 far=0 fps=138.8 frame_us=3057 cull_us=3 terrain_us=0 wait_fence_us=22 acquire_us=6 record_us=235 submit_us=250 present_us=2522 terrain_lod=high blend=0.000 quality=中画质 marker=42 npc=42
[2026-08-17T12:22:12Z INFO  steel_front] cam: yaw=0.0 pitch=0.0 dist=3.4 mode=FirstPerson cycle_us=3528 update_us=114 render_us=3413
[2026-08-17T12:22:12Z INFO  steel_front::engine::game] ai: npcs=6 near=6 far=0 idle=0 patrol=3 chase=0 attack=3 tactics=[4, 1, 1, 0, 0, 0, 0, 0]
[2026-08-17T12:22:12Z INFO  steel_front::engine::game] game: wave=1 enemies=6 enemy_hp=100 hp=20/100 score=0 phys_us=3 ai_us=793 audio_us=34 net_us=0
[2026-08-17T12:22:12Z INFO  steel_front::engine::renderer] visible=65536/65536 near=65536 far=0 fps=273.7 frame_us=1143 cull_us=0 terrain_us=0 wait_fence_us=1144 acquire_us=1 record_us=46 submit_us=44 present_us=503 terrain_lod=high blend=0.000 quality=中画质 marker=63 npc=42
[2026-08-17T12:22:13Z INFO  steel_front] cam: yaw=0.0 pitch=0.0 dist=3.4 mode=FirstPerson cycle_us=2225 update_us=38 render_us=2187
[2026-08-17T12:22:13Z INFO  steel_front::engine::game] ai: npcs=6 near=6 far=0 idle=0 patrol=3 chase=0 attack=3 tactics=[4, 1, 1, 0, 0, 0, 0, 0]
[2026-08-17T12:22:13Z INFO  steel_front::engine::game] game: wave=1 enemies=6 enemy_hp=100 hp=15/100 score=0 phys_us=5 ai_us=875 audio_us=24 net_us=0
[2026-08-17T12:22:13Z INFO  steel_front::engine::renderer] visible=65536/65536 near=65536 far=0 fps=377.7 frame_us=1878 cull_us=2 terrain_us=0 wait_fence_us=1010 acquire_us=1 record_us=75 submit_us=79 present_us=338 terrain_lod=high blend=0.000 quality=中画质 marker=63 npc=42
[2026-08-17T12:22:13Z INFO  steel_front] size diag: window_inner=2560x1600 hud=2560x1600
[2026-08-17T12:22:13Z INFO  steel_front] size diag: window_inner=2560x1600 hud=2560x1600
[2026-08-17T12:22:13Z INFO  steel_front] size diag: window_inner=2560x1600 hud=2560x1600
[2026-08-17T12:22:13Z INFO  steel_front] size diag: window_inner=2560x1600 hud=2560x1600
[2026-08-17T12:22:13Z INFO  steel_front] size diag: window_inner=2560x1600 hud=2560x1600
[2026-08-17T12:22:13Z INFO  steel_front] size diag: window_inner=2560x1600 hud=2560x1600
[2026-08-17T12:22:13Z INFO  steel_front] size diag: window_inner=2560x1600 hud=2560x1600
[2026-08-17T12:22:13Z INFO  steel_front] size diag: window_inner=2560x1600 hud=2560x1600
[2026-08-17T12:22:13Z INFO  steel_front] size diag: window_inner=2560x1600 hud=2560x1600
[2026-08-17T12:22:13Z INFO  steel_front] size diag: window_inner=2560x1600 hud=2560x1600
[2026-08-17T12:22:13Z INFO  steel_front] size diag: window_inner=2560x1600 hud=2560x1600
[2026-08-17T12:22:13Z INFO  steel_front] size diag: window_inner=2560x1600 hud=2560x1600
[2026-08-17T12:22:13Z INFO  steel_front] size diag: window_inner=2560x1600 hud=2560x1600
[2026-08-17T12:22:13Z INFO  steel_front] size diag: window_inner=2560x1600 hud=2560x1600
[2026-08-17T12:22:13Z INFO  steel_front] size diag: window_inner=2560x1600 hud=2560x1600
[2026-08-17T12:22:13Z INFO  steel_front] size diag: window_inner=2560x1600 hud=2560x1600
[2026-08-17T12:22:13Z INFO  steel_front] size diag: window_inner=2560x1600 hud=2560x1600
[2026-08-17T12:22:13Z INFO  steel_front] size diag: window_inner=2560x1600 hud=2560x1600
[2026-08-17T12:22:13Z INFO  steel_front] size diag: window_inner=2560x1600 hud=2560x1600
[2026-08-17T12:22:14Z INFO  steel_front] cam: yaw=0.0 pitch=0.0 dist=3.4 mode=FirstPerson cycle_us=2754 update_us=46 render_us=2708
[2026-08-17T12:22:14Z INFO  steel_front::engine::game] ai: npcs=6 near=6 far=0 idle=0 patrol=3 chase=0 attack=3 tactics=[4, 1, 1, 0, 0, 0, 0, 0]
[2026-08-17T12:22:14Z INFO  steel_front::engine::game] game: wave=1 enemies=6 enemy_hp=100 hp=10/100 score=0 phys_us=2 ai_us=739 audio_us=17 net_us=0
[2026-08-17T12:22:14Z INFO  steel_front::engine::renderer] visible=65536/65536 near=65536 far=0 fps=377.1 frame_us=1599 cull_us=1 terrain_us=0 wait_fence_us=1343 acquire_us=1 record_us=69 submit_us=65 present_us=311 terrain_lod=high blend=0.000 quality=中画质 marker=63 npc=42
[2026-08-17T12:22:15Z INFO  steel_front] cam: yaw=0.0 pitch=0.0 dist=3.4 mode=FirstPerson cycle_us=2166 update_us=50 render_us=2116
[2026-08-17T12:22:15Z INFO  steel_front::engine::game] ai: npcs=6 near=6 far=0 idle=0 patrol=3 chase=0 attack=3 tactics=[4, 1, 1, 0, 0, 0, 0, 0]
[2026-08-17T12:22:15Z INFO  steel_front::engine::game] game: wave=1 enemies=6 enemy_hp=100 hp=5/100 score=0 phys_us=3 ai_us=590 audio_us=13 net_us=0
[2026-08-17T12:22:15Z INFO  steel_front::engine::renderer] visible=65536/65536 near=65536 far=0 fps=399.0 frame_us=2052 cull_us=0 terrain_us=0 wait_fence_us=1382 acquire_us=1 record_us=80 submit_us=87 present_us=441 terrain_lod=high blend=0.000 quality=中画质 marker=63 npc=42
[2026-08-17T12:22:15Z INFO  steel_front::engine::game] game: player down, score=0 wave=1 (GameOver: gameplay frozen, projectiles coast without kills)
[2026-08-17T12:22:16Z INFO  steel_front] cam: yaw=0.0 pitch=0.0 dist=3.4 mode=FirstPerson cycle_us=2733 update_us=21 render_us=2711
[2026-08-17T12:22:16Z INFO  steel_front::engine::game] game: wave=1 enemies=6 enemy_hp=100 hp=0/100 score=0 phys_us=3 ai_us=0 audio_us=15 net_us=0
[2026-08-17T12:22:16Z INFO  steel_front::engine::renderer] visible=65536/65536 near=65536 far=0 fps=392.7 frame_us=2477 cull_us=1 terrain_us=0 wait_fence_us=1942 acquire_us=1 record_us=68 submit_us=66 present_us=315 terrain_lod=high blend=0.000 quality=中画质 marker=63 npc=42
[2026-08-17T12:22:17Z INFO  steel_front] cam: yaw=0.0 pitch=0.0 dist=3.4 mode=FirstPerson cycle_us=2318 update_us=44 render_us=2273
[2026-08-17T12:22:17Z INFO  steel_front::engine::game] game: wave=1 enemies=6 enemy_hp=100 hp=0/100 score=0 phys_us=1 ai_us=0 audio_us=35 net_us=0
[2026-08-17T12:22:17Z INFO  steel_front::engine::renderer] visible=65536/65536 near=65536 far=0 fps=367.3 frame_us=2065 cull_us=1 terrain_us=0 wait_fence_us=1863 acquire_us=1 record_us=81 submit_us=77 present_us=387 terrain_lod=high blend=0.000 quality=中画质 marker=63 npc=42
[2026-08-17T12:22:18Z INFO  steel_front] cam: yaw=0.0 pitch=0.0 dist=3.4 mode=FirstPerson cycle_us=2502 update_us=24 render_us=2477
[2026-08-17T12:22:18Z INFO  steel_front::engine::game] game: wave=1 enemies=6 enemy_hp=100 hp=0/100 score=0 phys_us=3 ai_us=0 audio_us=32 net_us=0
[2026-08-17T12:22:18Z INFO  steel_front::engine::renderer] visible=65536/65536 near=65536 far=0 fps=383.9 frame_us=2206 cull_us=1 terrain_us=0 wait_fence_us=2400 acquire_us=1 record_us=38 submit_us=76 present_us=336 terrain_lod=high blend=0.000 quality=中画质 marker=62 npc=42
[2026-08-17T12:22:18Z INFO  steel_front] size diag: window_inner=2560x1600 hud=2560x1600
[2026-08-17T12:22:18Z INFO  steel_front] size diag: window_inner=2560x1600 hud=2560x1600
[2026-08-17T12:22:18Z INFO  steel_front] size diag: window_inner=2560x1600 hud=2560x1600
[2026-08-17T12:22:18Z INFO  steel_front] size diag: window_inner=2560x1600 hud=2560x1600
[2026-08-17T12:22:18Z INFO  steel_front] size diag: window_inner=2560x1600 hud=2560x1600
[2026-08-17T12:22:18Z INFO  steel_front] size diag: window_inner=2560x1600 hud=2560x1600
[2026-08-17T12:22:18Z INFO  steel_front] size diag: window_inner=2560x1600 hud=2560x1600
[2026-08-17T12:22:18Z INFO  steel_front] size diag: window_inner=2560x1600 hud=2560x1600
[2026-08-17T12:22:18Z INFO  steel_front] size diag: window_inner=2560x1600 hud=2560x1600
[2026-08-17T12:22:18Z INFO  steel_front] size diag: window_inner=2560x1600 hud=2560x1600
[2026-08-17T12:22:18Z INFO  steel_front] size diag: window_inner=2560x1600 hud=2560x1600
[2026-08-17T12:22:18Z INFO  steel_front] size diag: window_inner=2560x1600 hud=2560x1600
[2026-08-17T12:22:18Z INFO  steel_front] size diag: window_inner=2560x1600 hud=2560x1600
[2026-08-17T12:22:18Z INFO  steel_front] size diag: window_inner=2560x1600 hud=2560x1600
[2026-08-17T12:22:18Z INFO  steel_front] size diag: window_inner=2560x1600 hud=2560x1600
[2026-08-17T12:22:18Z INFO  steel_front] size diag: window_inner=2560x1600 hud=2560x1600
[2026-08-17T12:22:18Z INFO  steel_front] size diag: window_inner=2560x1600 hud=2560x1600
[2026-08-17T12:22:18Z INFO  steel_front] size diag: window_inner=2560x1600 hud=2560x1600
[2026-08-17T12:22:19Z INFO  steel_front] cam: yaw=0.0 pitch=0.0 dist=3.4 mode=FirstPerson cycle_us=4120 update_us=36 render_us=4083
[2026-08-17T12:22:19Z INFO  steel_front::engine::game] game: wave=1 enemies=6 enemy_hp=100 hp=0/100 score=0 phys_us=3 ai_us=0 audio_us=28 net_us=0
[2026-08-17T12:22:19Z INFO  steel_front::engine::renderer] visible=65536/65536 near=65536 far=0 fps=369.9 frame_us=2335 cull_us=1 terrain_us=0 wait_fence_us=2433 acquire_us=1 record_us=44 submit_us=61 present_us=221 terrain_lod=high blend=0.000 quality=中画质 marker=61 npc=42
[2026-08-17T12:22:20Z INFO  steel_front] cam: yaw=0.0 pitch=0.0 dist=3.4 mode=FirstPerson cycle_us=2784 update_us=49 render_us=2734
[2026-08-17T12:22:20Z INFO  steel_front::engine::game] game: wave=1 enemies=6 enemy_hp=100 hp=0/100 score=0 phys_us=5 ai_us=0 audio_us=27 net_us=1
[2026-08-17T12:22:20Z INFO  steel_front::engine::renderer] visible=65536/65536 near=65536 far=0 fps=318.1 frame_us=4086 cull_us=1 terrain_us=0 wait_fence_us=1178 acquire_us=2 record_us=75 submit_us=66 present_us=1028 terrain_lod=high blend=0.000 quality=中画质 marker=54 npc=42
[2026-08-17T12:22:21Z INFO  steel_front] cam: yaw=0.0 pitch=0.0 dist=3.4 mode=FirstPerson cycle_us=4487 update_us=60 render_us=4426
[2026-08-17T12:22:21Z INFO  steel_front::engine::game] game: wave=1 enemies=6 enemy_hp=100 hp=0/100 score=0 phys_us=8 ai_us=1 audio_us=130 net_us=1
[2026-08-17T12:22:21Z INFO  steel_front::engine::renderer] visible=65536/65536 near=65536 far=0 fps=312.5 frame_us=1848 cull_us=3 terrain_us=0 wait_fence_us=16 acquire_us=5 record_us=190 submit_us=260 present_us=1356 terrain_lod=high blend=0.000 quality=中画质 marker=54 npc=42
[2026-08-17T12:22:22Z INFO  steel_front] cam: yaw=0.0 pitch=0.0 dist=3.4 mode=FirstPerson cycle_us=5985 update_us=348 render_us=5635
[2026-08-17T12:22:22Z INFO  steel_front::engine::game] game: wave=1 enemies=6 enemy_hp=100 hp=0/100 score=0 phys_us=16 ai_us=2 audio_us=289 net_us=10
[2026-08-17T12:22:22Z INFO  steel_front::engine::renderer] visible=65536/65536 near=65536 far=0 fps=228.6 frame_us=4845 cull_us=2 terrain_us=0 wait_fence_us=17 acquire_us=5 record_us=199 submit_us=665 present_us=3935 terrain_lod=high blend=0.000 quality=中画质 marker=47 npc=42
[2026-08-17T12:22:23Z INFO  steel_front] cam: yaw=0.0 pitch=0.0 dist=3.4 mode=FirstPerson cycle_us=2517 update_us=57 render_us=2459
[2026-08-17T12:22:23Z INFO  steel_front::engine::game] game: wave=1 enemies=6 enemy_hp=100 hp=0/100 score=0 phys_us=4 ai_us=0 audio_us=26 net_us=0
[2026-08-17T12:22:23Z INFO  steel_front::engine::renderer] visible=65536/65536 near=65536 far=0 fps=294.5 frame_us=2417 cull_us=1 terrain_us=0 wait_fence_us=1486 acquire_us=1 record_us=68 submit_us=66 present_us=460 terrain_lod=high blend=0.000 quality=中画质 marker=61 npc=42
[2026-08-17T12:22:23Z INFO  steel_front] size diag: window_inner=2560x1600 hud=2560x1600
[2026-08-17T12:22:23Z INFO  steel_front] size diag: window_inner=2560x1600 hud=2560x1600
[2026-08-17T12:22:23Z INFO  steel_front] size diag: window_inner=2560x1600 hud=2560x1600
[2026-08-17T12:22:23Z INFO  steel_front] size diag: window_inner=2560x1600 hud=2560x1600
[2026-08-17T12:22:23Z INFO  steel_front] size diag: window_inner=2560x1600 hud=2560x1600
[2026-08-17T12:22:23Z INFO  steel_front] size diag: window_inner=2560x1600 hud=2560x1600
[2026-08-17T12:22:23Z INFO  steel_front] size diag: window_inner=2560x1600 hud=2560x1600
[2026-08-17T12:22:23Z INFO  steel_front] size diag: window_inner=2560x1600 hud=2560x1600
[2026-08-17T12:22:23Z INFO  steel_front] size diag: window_inner=2560x1600 hud=2560x1600
[2026-08-17T12:22:23Z INFO  steel_front] size diag: window_inner=2560x1600 hud=2560x1600
[2026-08-17T12:22:23Z INFO  steel_front] size diag: window_inner=2560x1600 hud=2560x1600
[2026-08-17T12:22:23Z INFO  steel_front] size diag: window_inner=2560x1600 hud=2560x1600
[2026-08-17T12:22:23Z INFO  steel_front] size diag: window_inner=2560x1600 hud=2560x1600
[2026-08-17T12:22:23Z INFO  steel_front] size diag: window_inner=2560x1600 hud=2560x1600
[2026-08-17T12:22:23Z INFO  steel_front] size diag: window_inner=2560x1600 hud=2560x1600
[2026-08-17T12:22:23Z INFO  steel_front] size diag: window_inner=2560x1600 hud=2560x1600
[2026-08-17T12:22:23Z INFO  steel_front] size diag: window_inner=2560x1600 hud=2560x1600
[2026-08-17T12:22:23Z INFO  steel_front] size diag: window_inner=2560x1600 hud=2560x1600
[2026-08-17T12:22:24Z INFO  steel_front] cam: yaw=0.0 pitch=0.0 dist=3.4 mode=FirstPerson cycle_us=4434 update_us=48 render_us=4386
[2026-08-17T12:22:24Z INFO  steel_front::engine::game] game: wave=1 enemies=6 enemy_hp=100 hp=0/100 score=0 phys_us=15 ai_us=1 audio_us=197 net_us=1
[2026-08-17T12:22:24Z INFO  steel_front::engine::renderer] visible=65536/65536 near=65536 far=0 fps=302.5 frame_us=2578 cull_us=2 terrain_us=0 wait_fence_us=12 acquire_us=4 record_us=148 submit_us=156 present_us=2236 terrain_lod=high blend=0.000 quality=中画质 marker=52 npc=42
[2026-08-17T12:22:25Z INFO  steel_front] cam: yaw=0.0 pitch=0.0 dist=3.4 mode=FirstPerson cycle_us=2608 update_us=40 render_us=2568
[2026-08-17T12:22:25Z INFO  steel_front::engine::game] game: wave=1 enemies=6 enemy_hp=100 hp=0/100 score=0 phys_us=4 ai_us=0 audio_us=19 net_us=0
[2026-08-17T12:22:25Z INFO  steel_front::engine::renderer] visible=65536/65536 near=65536 far=0 fps=352.7 frame_us=2209 cull_us=4 terrain_us=0 wait_fence_us=1882 acquire_us=1 record_us=38 submit_us=35 present_us=239 terrain_lod=high blend=0.000 quality=中画质 marker=62 npc=42
[2026-08-17T12:22:26Z INFO  steel_front] cam: yaw=0.0 pitch=0.0 dist=3.4 mode=FirstPerson cycle_us=2390 update_us=37 render_us=2353
[2026-08-17T12:22:26Z INFO  steel_front::engine::game] game: wave=1 enemies=6 enemy_hp=100 hp=0/100 score=0 phys_us=2 ai_us=0 audio_us=20 net_us=0
[2026-08-17T12:22:26Z INFO  steel_front::engine::renderer] visible=65536/65536 near=65536 far=0 fps=364.3 frame_us=3433 cull_us=1 terrain_us=0 wait_fence_us=2581 acquire_us=2 record_us=71 submit_us=191 present_us=428 terrain_lod=high blend=0.000 quality=中画质 marker=51 npc=42
[2026-08-17T12:22:27Z INFO  steel_front] cam: yaw=0.0 pitch=0.0 dist=3.4 mode=FirstPerson cycle_us=3504 update_us=39 render_us=3464
[2026-08-17T12:22:27Z INFO  steel_front::engine::game] game: wave=1 enemies=6 enemy_hp=100 hp=0/100 score=0 phys_us=2 ai_us=0 audio_us=23 net_us=0
[2026-08-17T12:22:27Z INFO  steel_front::engine::renderer] visible=65536/65536 near=65536 far=0 fps=332.2 frame_us=2203 cull_us=1 terrain_us=0 wait_fence_us=2015 acquire_us=1 record_us=34 submit_us=33 present_us=217 terrain_lod=high blend=0.000 quality=中画质 marker=62 npc=42
[2026-08-17T12:22:28Z INFO  steel_front] cam: yaw=0.0 pitch=0.0 dist=3.4 mode=FirstPerson cycle_us=2869 update_us=36 render_us=2832
[2026-08-17T12:22:28Z INFO  steel_front::engine::game] game: wave=1 enemies=6 enemy_hp=100 hp=0/100 score=0 phys_us=2 ai_us=0 audio_us=19 net_us=0
[2026-08-17T12:22:28Z INFO  steel_front::engine::renderer] visible=65536/65536 near=65536 far=0 fps=374.3 frame_us=2347 cull_us=0 terrain_us=0 wait_fence_us=2023 acquire_us=1 record_us=48 submit_us=53 present_us=240 terrain_lod=high blend=0.000 quality=中画质 marker=62 npc=42
[2026-08-17T12:22:28Z INFO  steel_front] size diag: window_inner=2560x1600 hud=2560x1600
[2026-08-17T12:22:28Z INFO  steel_front] size diag: window_inner=2560x1600 hud=2560x1600
[2026-08-17T12:22:28Z INFO  steel_front] size diag: window_inner=2560x1600 hud=2560x1600
[2026-08-17T12:22:28Z INFO  steel_front] size diag: window_inner=2560x1600 hud=2560x1600
[2026-08-17T12:22:28Z INFO  steel_front] size diag: window_inner=2560x1600 hud=2560x1600
[2026-08-17T12:22:28Z INFO  steel_front] size diag: window_inner=2560x1600 hud=2560x1600
[2026-08-17T12:22:28Z INFO  steel_front] size diag: window_inner=2560x1600 hud=2560x1600
[2026-08-17T12:22:28Z INFO  steel_front] size diag: window_inner=2560x1600 hud=2560x1600
[2026-08-17T12:22:28Z INFO  steel_front] size diag: window_inner=2560x1600 hud=2560x1600
[2026-08-17T12:22:28Z INFO  steel_front] size diag: window_inner=2560x1600 hud=2560x1600
[2026-08-17T12:22:28Z INFO  steel_front] size diag: window_inner=2560x1600 hud=2560x1600
[2026-08-17T12:22:28Z INFO  steel_front] size diag: window_inner=2560x1600 hud=2560x1600
[2026-08-17T12:22:28Z INFO  steel_front] size diag: window_inner=2560x1600 hud=2560x1600
[2026-08-17T12:22:28Z INFO  steel_front] size diag: window_inner=2560x1600 hud=2560x1600
[2026-08-17T12:22:28Z INFO  steel_front] size diag: window_inner=2560x1600 hud=2560x1600
[2026-08-17T12:22:28Z INFO  steel_front] size diag: window_inner=2560x1600 hud=2560x1600
[2026-08-17T12:22:28Z INFO  steel_front] size diag: window_inner=2560x1600 hud=2560x1600
[2026-08-17T12:22:28Z INFO  steel_front] size diag: window_inner=2560x1600 hud=2560x1600
[2026-08-17T12:22:29Z INFO  steel_front] cam: yaw=0.0 pitch=0.0 dist=3.4 mode=FirstPerson cycle_us=2467 update_us=30 render_us=2436
[2026-08-17T12:22:29Z INFO  steel_front::engine::game] game: wave=1 enemies=6 enemy_hp=100 hp=0/100 score=0 phys_us=2 ai_us=0 audio_us=15 net_us=0
[2026-08-17T12:22:29Z INFO  steel_front::engine::renderer] visible=65536/65536 near=65536 far=0 fps=379.8 frame_us=3152 cull_us=1 terrain_us=0 wait_fence_us=1527 acquire_us=2 record_us=44 submit_us=54 present_us=584 terrain_lod=high blend=0.000 quality=中画质 marker=62 npc=42
[2026-08-17T12:22:30Z INFO  steel_front] cam: yaw=0.0 pitch=0.0 dist=3.4 mode=FirstPerson cycle_us=2782 update_us=18 render_us=2763
[2026-08-17T12:22:30Z INFO  steel_front::engine::game] game: wave=1 enemies=6 enemy_hp=100 hp=0/100 score=0 phys_us=2 ai_us=0 audio_us=16 net_us=0
[2026-08-17T12:22:30Z INFO  steel_front::engine::renderer] visible=65536/65536 near=65536 far=0 fps=379.4 frame_us=2574 cull_us=1 terrain_us=0 wait_fence_us=1681 acquire_us=1 record_us=71 submit_us=89 present_us=615 terrain_lod=high blend=0.000 quality=中画质 marker=62 npc=42
[2026-08-17T12:22:31Z INFO  steel_front] cam: yaw=0.0 pitch=0.0 dist=3.4 mode=FirstPerson cycle_us=2712 update_us=25 render_us=2686
[2026-08-17T12:22:31Z INFO  steel_front::engine::game] game: wave=1 enemies=6 enemy_hp=100 hp=0/100 score=0 phys_us=1 ai_us=0 audio_us=23 net_us=0
[2026-08-17T12:22:31Z INFO  steel_front::engine::renderer] visible=65536/65536 near=65536 far=0 fps=379.6 frame_us=2382 cull_us=0 terrain_us=0 wait_fence_us=2149 acquire_us=1 record_us=50 submit_us=49 present_us=266 terrain_lod=high blend=0.000 quality=中画质 marker=62 npc=42
[2026-08-17T12:22:32Z INFO  steel_front] cam: yaw=0.0 pitch=0.0 dist=3.4 mode=FirstPerson cycle_us=2501 update_us=32 render_us=2468
[2026-08-17T12:22:32Z INFO  steel_front::engine::game] game: wave=1 enemies=6 enemy_hp=100 hp=0/100 score=0 phys_us=1 ai_us=0 audio_us=27 net_us=0
[2026-08-17T12:22:32Z INFO  steel_front::engine::renderer] visible=65536/65536 near=65536 far=0 fps=377.8 frame_us=2245 cull_us=1 terrain_us=0 wait_fence_us=2161 acquire_us=2 record_us=54 submit_us=60 present_us=269 terrain_lod=high blend=0.000 quality=中画质 marker=62 npc=42
[2026-08-17T12:22:33Z INFO  steel_front] cam: yaw=0.0 pitch=0.0 dist=3.4 mode=FirstPerson cycle_us=2799 update_us=20 render_us=2778
[2026-08-17T12:22:33Z INFO  steel_front::engine::game] game: wave=1 enemies=6 enemy_hp=100 hp=0/100 score=0 phys_us=1 ai_us=0 audio_us=19 net_us=0
[2026-08-17T12:22:33Z INFO  steel_front::engine::renderer] visible=65536/65536 near=65536 far=0 fps=378.9 frame_us=2172 cull_us=1 terrain_us=0 wait_fence_us=2261 acquire_us=1 record_us=45 submit_us=55 present_us=217 terrain_lod=high blend=0.000 quality=中画质 marker=62 npc=42
[2026-08-17T12:22:33Z INFO  steel_front] size diag: window_inner=2560x1600 hud=2560x1600
[2026-08-17T12:22:33Z INFO  steel_front] size diag: window_inner=2560x1600 hud=2560x1600
[2026-08-17T12:22:33Z INFO  steel_front] size diag: window_inner=2560x1600 hud=2560x1600
[2026-08-17T12:22:33Z INFO  steel_front] size diag: window_inner=2560x1600 hud=2560x1600
[2026-08-17T12:22:33Z INFO  steel_front] size diag: window_inner=2560x1600 hud=2560x1600
[2026-08-17T12:22:33Z INFO  steel_front] size diag: window_inner=2560x1600 hud=2560x1600
[2026-08-17T12:22:33Z INFO  steel_front] size diag: window_inner=2560x1600 hud=2560x1600
[2026-08-17T12:22:33Z INFO  steel_front] size diag: window_inner=2560x1600 hud=2560x1600
[2026-08-17T12:22:33Z INFO  steel_front] size diag: window_inner=2560x1600 hud=2560x1600
[2026-08-17T12:22:33Z INFO  steel_front] size diag: window_inner=2560x1600 hud=2560x1600
[2026-08-17T12:22:33Z INFO  steel_front] size diag: window_inner=2560x1600 hud=2560x1600
[2026-08-17T12:22:33Z INFO  steel_front] size diag: window_inner=2560x1600 hud=2560x1600
[2026-08-17T12:22:33Z INFO  steel_front] size diag: window_inner=2560x1600 hud=2560x1600
[2026-08-17T12:22:33Z INFO  steel_front] size diag: window_inner=2560x1600 hud=2560x1600
[2026-08-17T12:22:33Z INFO  steel_front] size diag: window_inner=2560x1600 hud=2560x1600
[2026-08-17T12:22:33Z INFO  steel_front] size diag: window_inner=2560x1600 hud=2560x1600
[2026-08-17T12:22:33Z INFO  steel_front] size diag: window_inner=2560x1600 hud=2560x1600
[2026-08-17T12:22:33Z INFO  steel_front] size diag: window_inner=2560x1600 hud=2560x1600
[2026-08-17T12:22:34Z INFO  steel_front] cam: yaw=0.0 pitch=0.0 dist=3.4 mode=FirstPerson cycle_us=2708 update_us=24 render_us=2684
[2026-08-17T12:22:34Z INFO  steel_front::engine::game] game: wave=1 enemies=6 enemy_hp=100 hp=0/100 score=0 phys_us=1 ai_us=0 audio_us=12 net_us=0
[2026-08-17T12:22:34Z INFO  steel_front::engine::renderer] visible=65536/65536 near=65536 far=0 fps=378.6 frame_us=2700 cull_us=0 terrain_us=0 wait_fence_us=1771 acquire_us=0 record_us=59 submit_us=55 present_us=343 terrain_lod=high blend=0.000 quality=中画质 marker=62 npc=42
[2026-08-17T12:22:35Z INFO  steel_front] cam: yaw=0.0 pitch=0.0 dist=3.4 mode=FirstPerson cycle_us=2408 update_us=31 render_us=2377
[2026-08-17T12:22:35Z INFO  steel_front::engine::game] game: wave=1 enemies=6 enemy_hp=100 hp=0/100 score=0 phys_us=3 ai_us=0 audio_us=24 net_us=0
[2026-08-17T12:22:35Z INFO  steel_front::engine::renderer] visible=65536/65536 near=65536 far=0 fps=379.1 frame_us=2226 cull_us=1 terrain_us=0 wait_fence_us=2138 acquire_us=1 record_us=55 submit_us=56 present_us=248 terrain_lod=high blend=0.000 quality=中画质 marker=60 npc=42
[2026-08-17T12:22:36Z INFO  steel_front] cam: yaw=0.0 pitch=0.0 dist=3.4 mode=FirstPerson cycle_us=2523 update_us=23 render_us=2499
[2026-08-17T12:22:36Z INFO  steel_front::engine::game] game: wave=1 enemies=6 enemy_hp=100 hp=0/100 score=0 phys_us=4 ai_us=0 audio_us=21 net_us=0
[2026-08-17T12:22:36Z INFO  steel_front::engine::renderer] visible=65536/65536 near=65536 far=0 fps=379.4 frame_us=2389 cull_us=0 terrain_us=0 wait_fence_us=2093 acquire_us=0 record_us=47 submit_us=66 present_us=260 terrain_lod=high blend=0.000 quality=中画质 marker=62 npc=42
[2026-08-17T12:22:37Z INFO  steel_front] cam: yaw=0.0 pitch=0.0 dist=3.4 mode=FirstPerson cycle_us=2448 update_us=27 render_us=2420
[2026-08-17T12:22:37Z INFO  steel_front::engine::game] game: wave=1 enemies=6 enemy_hp=100 hp=0/100 score=0 phys_us=2 ai_us=0 audio_us=14 net_us=0
[2026-08-17T12:22:37Z INFO  steel_front::engine::renderer] visible=65536/65536 near=65536 far=0 fps=379.3 frame_us=2264 cull_us=1 terrain_us=0 wait_fence_us=1907 acquire_us=1 record_us=52 submit_us=45 present_us=216 terrain_lod=high blend=0.000 quality=中画质 marker=59 npc=42
[2026-08-17T12:22:38Z INFO  steel_front] cam: yaw=0.0 pitch=0.0 dist=3.4 mode=FirstPerson cycle_us=2797 update_us=18 render_us=2778
[2026-08-17T12:22:38Z INFO  steel_front::engine::game] game: wave=1 enemies=6 enemy_hp=100 hp=0/100 score=0 phys_us=4 ai_us=0 audio_us=16 net_us=0
[2026-08-17T12:22:38Z INFO  steel_front::engine::renderer] visible=65536/65536 near=65536 far=0 fps=379.0 frame_us=2187 cull_us=1 terrain_us=0 wait_fence_us=2233 acquire_us=1 record_us=59 submit_us=53 present_us=205 terrain_lod=high blend=0.000 quality=中画质 marker=62 npc=42
[2026-08-17T12:22:38Z INFO  steel_front] size diag: window_inner=2560x1600 hud=2560x1600
[2026-08-17T12:22:38Z INFO  steel_front] size diag: window_inner=2560x1600 hud=2560x1600
[2026-08-17T12:22:38Z INFO  steel_front] size diag: window_inner=2560x1600 hud=2560x1600
[2026-08-17T12:22:38Z INFO  steel_front] size diag: window_inner=2560x1600 hud=2560x1600
[2026-08-17T12:22:38Z INFO  steel_front] size diag: window_inner=2560x1600 hud=2560x1600
[2026-08-17T12:22:38Z INFO  steel_front] size diag: window_inner=2560x1600 hud=2560x1600
[2026-08-17T12:22:38Z INFO  steel_front] size diag: window_inner=2560x1600 hud=2560x1600
[2026-08-17T12:22:38Z INFO  steel_front] size diag: window_inner=2560x1600 hud=2560x1600
[2026-08-17T12:22:38Z INFO  steel_front] size diag: window_inner=2560x1600 hud=2560x1600
[2026-08-17T12:22:38Z INFO  steel_front] size diag: window_inner=2560x1600 hud=2560x1600
[2026-08-17T12:22:38Z INFO  steel_front] size diag: window_inner=2560x1600 hud=2560x1600
[2026-08-17T12:22:38Z INFO  steel_front] size diag: window_inner=2560x1600 hud=2560x1600
[2026-08-17T12:22:38Z INFO  steel_front] size diag: window_inner=2560x1600 hud=2560x1600
[2026-08-17T12:22:38Z INFO  steel_front] size diag: window_inner=2560x1600 hud=2560x1600
[2026-08-17T12:22:38Z INFO  steel_front] size diag: window_inner=2560x1600 hud=2560x1600
[2026-08-17T12:22:38Z INFO  steel_front] size diag: window_inner=2560x1600 hud=2560x1600
[2026-08-17T12:22:38Z INFO  steel_front] size diag: window_inner=2560x1600 hud=2560x1600
[2026-08-17T12:22:38Z INFO  steel_front] size diag: window_inner=2560x1600 hud=2560x1600
[2026-08-17T12:22:38Z INFO  steel_front] size diag: window_inner=2560x1600 hud=2560x1600
[2026-08-17T12:22:39Z INFO  steel_front] cam: yaw=0.0 pitch=0.0 dist=3.4 mode=FirstPerson cycle_us=2345 update_us=34 render_us=2311
[2026-08-17T12:22:39Z INFO  steel_front::engine::game] game: wave=1 enemies=6 enemy_hp=100 hp=0/100 score=0 phys_us=2 ai_us=0 audio_us=16 net_us=0
[2026-08-17T12:22:39Z INFO  steel_front::engine::renderer] visible=65536/65536 near=65536 far=0 fps=378.6 frame_us=2438 cull_us=0 terrain_us=0 wait_fence_us=1713 acquire_us=1 record_us=61 submit_us=64 present_us=280 terrain_lod=high blend=0.000 quality=中画质 marker=56 npc=42
[2026-08-17T12:22:40Z INFO  steel_front] cam: yaw=0.0 pitch=0.0 dist=3.4 mode=FirstPerson cycle_us=2639 update_us=20 render_us=2618
[2026-08-17T12:22:40Z INFO  steel_front::engine::game] game: wave=1 enemies=6 enemy_hp=100 hp=0/100 score=0 phys_us=2 ai_us=0 audio_us=19 net_us=0
[2026-08-17T12:22:40Z INFO  steel_front::engine::renderer] visible=65536/65536 near=65536 far=0 fps=378.7 frame_us=2477 cull_us=0 terrain_us=0 wait_fence_us=1757 acquire_us=2 record_us=64 submit_us=62 present_us=303 terrain_lod=high blend=0.000 quality=中画质 marker=61 npc=42
[2026-08-17T12:22:41Z INFO  steel_front] cam: yaw=0.0 pitch=0.0 dist=3.4 mode=FirstPerson cycle_us=2779 update_us=25 render_us=2753
[2026-08-17T12:22:41Z INFO  steel_front::engine::game] game: wave=1 enemies=6 enemy_hp=100 hp=0/100 score=0 phys_us=2 ai_us=0 audio_us=18 net_us=0
[2026-08-17T12:22:41Z INFO  steel_front::engine::renderer] visible=65536/65536 near=65536 far=0 fps=377.0 frame_us=2633 cull_us=2 terrain_us=0 wait_fence_us=1848 acquire_us=1 record_us=112 submit_us=43 present_us=222 terrain_lod=high blend=0.000 quality=中画质 marker=56 npc=42
[2026-08-17T12:22:42Z INFO  steel_front] cam: yaw=0.0 pitch=0.0 dist=3.4 mode=FirstPerson cycle_us=2623 update_us=19 render_us=2604
[2026-08-17T12:22:42Z INFO  steel_front::engine::game] game: wave=1 enemies=6 enemy_hp=100 hp=0/100 score=0 phys_us=5 ai_us=0 audio_us=14 net_us=0
[2026-08-17T12:22:42Z INFO  steel_front::engine::renderer] visible=65536/65536 near=65536 far=0 fps=374.9 frame_us=2351 cull_us=1 terrain_us=0 wait_fence_us=1798 acquire_us=1 record_us=91 submit_us=77 present_us=409 terrain_lod=high blend=0.000 quality=中画质 marker=62 npc=42
[2026-08-17T12:22:43Z INFO  steel_front] cam: yaw=0.0 pitch=0.0 dist=3.4 mode=FirstPerson cycle_us=2410 update_us=30 render_us=2379
[2026-08-17T12:22:43Z INFO  steel_front::engine::game] game: wave=1 enemies=6 enemy_hp=100 hp=0/100 score=0 phys_us=2 ai_us=0 audio_us=25 net_us=0
[2026-08-17T12:22:43Z INFO  steel_front::engine::renderer] visible=65536/65536 near=65536 far=0 fps=373.4 frame_us=2307 cull_us=2 terrain_us=0 wait_fence_us=2225 acquire_us=4 record_us=48 submit_us=55 present_us=224 terrain_lod=high blend=0.000 quality=中画质 marker=54 npc=42
[2026-08-17T12:22:43Z INFO  steel_front] size diag: window_inner=2560x1600 hud=2560x1600
[2026-08-17T12:22:43Z INFO  steel_front] size diag: window_inner=2560x1600 hud=2560x1600
[2026-08-17T12:22:43Z INFO  steel_front] size diag: window_inner=2560x1600 hud=2560x1600
[2026-08-17T12:22:43Z INFO  steel_front] size diag: window_inner=2560x1600 hud=2560x1600
[2026-08-17T12:22:43Z INFO  steel_front] size diag: window_inner=2560x1600 hud=2560x1600
[2026-08-17T12:22:43Z INFO  steel_front] size diag: window_inner=2560x1600 hud=2560x1600
[2026-08-17T12:22:43Z INFO  steel_front] size diag: window_inner=2560x1600 hud=2560x1600
[2026-08-17T12:22:43Z INFO  steel_front] size diag: window_inner=2560x1600 hud=2560x1600
[2026-08-17T12:22:43Z INFO  steel_front] size diag: window_inner=2560x1600 hud=2560x1600
[2026-08-17T12:22:43Z INFO  steel_front] size diag: window_inner=2560x1600 hud=2560x1600
[2026-08-17T12:22:43Z INFO  steel_front] size diag: window_inner=2560x1600 hud=2560x1600
[2026-08-17T12:22:43Z INFO  steel_front] size diag: window_inner=2560x1600 hud=2560x1600
[2026-08-17T12:22:43Z INFO  steel_front] size diag: window_inner=2560x1600 hud=2560x1600
[2026-08-17T12:22:43Z INFO  steel_front] size diag: window_inner=2560x1600 hud=2560x1600
[2026-08-17T12:22:43Z INFO  steel_front] size diag: window_inner=2560x1600 hud=2560x1600
[2026-08-17T12:22:43Z INFO  steel_front] size diag: window_inner=2560x1600 hud=2560x1600
[2026-08-17T12:22:43Z INFO  steel_front] size diag: window_inner=2560x1600 hud=2560x1600
[2026-08-17T12:22:43Z INFO  steel_front] size diag: window_inner=2560x1600 hud=2560x1600
[2026-08-17T12:22:43Z INFO  steel_front] size diag: window_inner=2560x1600 hud=2560x1600
[2026-08-17T12:22:44Z INFO  steel_front] cam: yaw=0.0 pitch=0.0 dist=3.4 mode=FirstPerson cycle_us=2518 update_us=33 render_us=2485
[2026-08-17T12:22:44Z INFO  steel_front::engine::game] game: wave=1 enemies=6 enemy_hp=100 hp=0/100 score=0 phys_us=3 ai_us=0 audio_us=14 net_us=0
[2026-08-17T12:22:44Z INFO  steel_front::engine::renderer] visible=65536/65536 near=65536 far=0 fps=388.4 frame_us=2159 cull_us=0 terrain_us=0 wait_fence_us=2118 acquire_us=1 record_us=56 submit_us=52 present_us=268 terrain_lod=high blend=0.000 quality=中画质 marker=63 npc=42
[2026-08-17T12:22:45Z INFO  steel_front] cam: yaw=0.0 pitch=0.0 dist=3.4 mode=FirstPerson cycle_us=2192 update_us=52 render_us=2139
[2026-08-17T12:22:45Z INFO  steel_front::engine::game] game: wave=1 enemies=6 enemy_hp=100 hp=0/100 score=0 phys_us=2 ai_us=0 audio_us=18 net_us=0
[2026-08-17T12:22:45Z INFO  steel_front::engine::renderer] visible=65536/65536 near=65536 far=0 fps=388.8 frame_us=2292 cull_us=1 terrain_us=0 wait_fence_us=1548 acquire_us=1 record_us=65 submit_us=63 present_us=310 terrain_lod=high blend=0.000 quality=中画质 marker=49 npc=42
[2026-08-17T12:22:46Z INFO  steel_front] cam: yaw=0.0 pitch=0.0 dist=3.4 mode=FirstPerson cycle_us=2263 update_us=51 render_us=2211
[2026-08-17T12:22:46Z INFO  steel_front::engine::game] game: wave=1 enemies=6 enemy_hp=100 hp=0/100 score=0 phys_us=3 ai_us=0 audio_us=17 net_us=0
[2026-08-17T12:22:46Z INFO  steel_front::engine::renderer] visible=65536/65536 near=65536 far=0 fps=388.8 frame_us=2011 cull_us=1 terrain_us=0 wait_fence_us=2112 acquire_us=1 record_us=52 submit_us=73 present_us=219 terrain_lod=high blend=0.000 quality=中画质 marker=63 npc=42
[2026-08-17T12:22:47Z INFO  steel_front] cam: yaw=0.0 pitch=0.0 dist=3.4 mode=FirstPerson cycle_us=3764 update_us=47 render_us=3716
[2026-08-17T12:22:47Z INFO  steel_front::engine::game] game: wave=1 enemies=6 enemy_hp=100 hp=0/100 score=0 phys_us=2 ai_us=0 audio_us=16 net_us=0
[2026-08-17T12:22:47Z INFO  steel_front::engine::renderer] visible=65536/65536 near=65536 far=0 fps=365.9 frame_us=2431 cull_us=1 terrain_us=0 wait_fence_us=1849 acquire_us=2 record_us=68 submit_us=69 present_us=403 terrain_lod=high blend=0.000 quality=中画质 marker=49 npc=42
[2026-08-17T12:22:48Z INFO  steel_front] cam: yaw=0.0 pitch=0.0 dist=3.4 mode=FirstPerson cycle_us=2771 update_us=41 render_us=2729
[2026-08-17T12:22:48Z INFO  steel_front::engine::game] game: wave=1 enemies=6 enemy_hp=100 hp=0/100 score=0 phys_us=2 ai_us=0 audio_us=18 net_us=0
[2026-08-17T12:22:48Z INFO  steel_front::engine::renderer] visible=65536/65536 near=65536 far=0 fps=385.8 frame_us=2168 cull_us=1 terrain_us=0 wait_fence_us=1957 acquire_us=1 record_us=68 submit_us=70 present_us=350 terrain_lod=high blend=0.000 quality=中画质 marker=62 npc=42
[2026-08-17T12:22:48Z INFO  steel_front] size diag: window_inner=2560x1600 hud=2560x1600
[2026-08-17T12:22:48Z INFO  steel_front] size diag: window_inner=2560x1600 hud=2560x1600
[2026-08-17T12:22:48Z INFO  steel_front] size diag: window_inner=2560x1600 hud=2560x1600
[2026-08-17T12:22:48Z INFO  steel_front] size diag: window_inner=2560x1600 hud=2560x1600
[2026-08-17T12:22:48Z INFO  steel_front] size diag: window_inner=2560x1600 hud=2560x1600
[2026-08-17T12:22:48Z INFO  steel_front] size diag: window_inner=2560x1600 hud=2560x1600
[2026-08-17T12:22:48Z INFO  steel_front] size diag: window_inner=2560x1600 hud=2560x1600
[2026-08-17T12:22:48Z INFO  steel_front] size diag: window_inner=2560x1600 hud=2560x1600
[2026-08-17T12:22:48Z INFO  steel_front] size diag: window_inner=2560x1600 hud=2560x1600
[2026-08-17T12:22:48Z INFO  steel_front] size diag: window_inner=2560x1600 hud=2560x1600
[2026-08-17T12:22:48Z INFO  steel_front] size diag: window_inner=2560x1600 hud=2560x1600
[2026-08-17T12:22:48Z INFO  steel_front] size diag: window_inner=2560x1600 hud=2560x1600
[2026-08-17T12:22:48Z INFO  steel_front] size diag: window_inner=2560x1600 hud=2560x1600
[2026-08-17T12:22:48Z INFO  steel_front] size diag: window_inner=2560x1600 hud=2560x1600
[2026-08-17T12:22:48Z INFO  steel_front] size diag: window_inner=2560x1600 hud=2560x1600
[2026-08-17T12:22:48Z INFO  steel_front] size diag: window_inner=2560x1600 hud=2560x1600
[2026-08-17T12:22:48Z INFO  steel_front] size diag: window_inner=2560x1600 hud=2560x1600
[2026-08-17T12:22:48Z INFO  steel_front] size diag: window_inner=2560x1600 hud=2560x1600
[2026-08-17T12:22:48Z INFO  steel_front] size diag: window_inner=2560x1600 hud=2560x1600
[2026-08-17T12:22:49Z INFO  steel_front] cam: yaw=0.0 pitch=0.0 dist=3.4 mode=FirstPerson cycle_us=2338 update_us=37 render_us=2301
[2026-08-17T12:22:49Z INFO  steel_front::engine::game] game: wave=1 enemies=6 enemy_hp=100 hp=0/100 score=0 phys_us=1 ai_us=0 audio_us=32 net_us=0
[2026-08-17T12:22:49Z INFO  steel_front::engine::renderer] visible=65536/65536 near=65536 far=0 fps=388.4 frame_us=2344 cull_us=1 terrain_us=0 wait_fence_us=1925 acquire_us=1 record_us=37 submit_us=40 present_us=306 terrain_lod=high blend=0.000 quality=中画质 marker=47 npc=42
[2026-08-17T12:22:50Z INFO  steel_front] cam: yaw=0.0 pitch=0.0 dist=3.4 mode=FirstPerson cycle_us=2679 update_us=38 render_us=2640
[2026-08-17T12:22:50Z INFO  steel_front::engine::game] game: wave=1 enemies=6 enemy_hp=100 hp=0/100 score=0 phys_us=2 ai_us=0 audio_us=19 net_us=0
[2026-08-17T12:22:50Z INFO  steel_front::engine::renderer] visible=65536/65536 near=65536 far=0 fps=386.0 frame_us=2655 cull_us=1 terrain_us=0 wait_fence_us=1399 acquire_us=1 record_us=66 submit_us=59 present_us=1307 terrain_lod=high blend=0.000 quality=中画质 marker=62 npc=42
[2026-08-17T12:22:51Z INFO  steel_front] cam: yaw=0.0 pitch=0.0 dist=3.4 mode=FirstPerson cycle_us=2445 update_us=29 render_us=2416
[2026-08-17T12:22:51Z INFO  steel_front::engine::game] game: wave=1 enemies=6 enemy_hp=100 hp=0/100 score=0 phys_us=4 ai_us=0 audio_us=22 net_us=0
[2026-08-17T12:22:51Z INFO  steel_front::engine::renderer] visible=65536/65536 near=65536 far=0 fps=346.1 frame_us=2426 cull_us=1 terrain_us=0 wait_fence_us=1731 acquire_us=1 record_us=80 submit_us=71 present_us=362 terrain_lod=high blend=0.000 quality=中画质 marker=44 npc=42
[2026-08-17T12:22:52Z INFO  steel_front] cam: yaw=0.0 pitch=0.0 dist=3.4 mode=FirstPerson cycle_us=2494 update_us=29 render_us=2465
[2026-08-17T12:22:52Z INFO  steel_front::engine::game] game: wave=1 enemies=6 enemy_hp=100 hp=0/100 score=0 phys_us=3 ai_us=0 audio_us=18 net_us=0
[2026-08-17T12:22:52Z INFO  steel_front::engine::renderer] visible=65536/65536 near=65536 far=0 fps=366.1 frame_us=2485 cull_us=3 terrain_us=0 wait_fence_us=1711 acquire_us=1 record_us=99 submit_us=84 present_us=494 terrain_lod=high blend=0.000 quality=中画质 marker=59 npc=42
[2026-08-17T12:22:53Z INFO  steel_front] cam: yaw=0.0 pitch=0.0 dist=3.4 mode=FirstPerson cycle_us=3063 update_us=25 render_us=3038
[2026-08-17T12:22:53Z INFO  steel_front::engine::game] game: wave=1 enemies=6 enemy_hp=100 hp=0/100 score=0 phys_us=2 ai_us=0 audio_us=16 net_us=0
[2026-08-17T12:22:53Z INFO  steel_front::engine::renderer] visible=65536/65536 near=65536 far=0 fps=369.4 frame_us=2475 cull_us=1 terrain_us=0 wait_fence_us=1846 acquire_us=1 record_us=57 submit_us=55 present_us=250 terrain_lod=high blend=0.000 quality=中画质 marker=42 npc=42
[2026-08-17T12:22:53Z INFO  steel_front] size diag: window_inner=2560x1600 hud=2560x1600
[2026-08-17T12:22:53Z INFO  steel_front] size diag: window_inner=2560x1600 hud=2560x1600
[2026-08-17T12:22:53Z INFO  steel_front] size diag: window_inner=2560x1600 hud=2560x1600
[2026-08-17T12:22:53Z INFO  steel_front] size diag: window_inner=2560x1600 hud=2560x1600
[2026-08-17T12:22:53Z INFO  steel_front] size diag: window_inner=2560x1600 hud=2560x1600
[2026-08-17T12:22:53Z INFO  steel_front] size diag: window_inner=2560x1600 hud=2560x1600
[2026-08-17T12:22:53Z INFO  steel_front] size diag: window_inner=2560x1600 hud=2560x1600
[2026-08-17T12:22:53Z INFO  steel_front] size diag: window_inner=2560x1600 hud=2560x1600
[2026-08-17T12:22:53Z INFO  steel_front] size diag: window_inner=2560x1600 hud=2560x1600
[2026-08-17T12:22:53Z INFO  steel_front] size diag: window_inner=2560x1600 hud=2560x1600
[2026-08-17T12:22:53Z INFO  steel_front] size diag: window_inner=2560x1600 hud=2560x1600
[2026-08-17T12:22:53Z INFO  steel_front] size diag: window_inner=2560x1600 hud=2560x1600
[2026-08-17T12:22:53Z INFO  steel_front] size diag: window_inner=2560x1600 hud=2560x1600
[2026-08-17T12:22:53Z INFO  steel_front] size diag: window_inner=2560x1600 hud=2560x1600
[2026-08-17T12:22:53Z INFO  steel_front] size diag: window_inner=2560x1600 hud=2560x1600
[2026-08-17T12:22:53Z INFO  steel_front] size diag: window_inner=2560x1600 hud=2560x1600
[2026-08-17T12:22:53Z INFO  steel_front] size diag: window_inner=2560x1600 hud=2560x1600
[2026-08-17T12:22:53Z INFO  steel_front] size diag: window_inner=2560x1600 hud=2560x1600
[2026-08-17T12:22:54Z INFO  steel_front] cam: yaw=0.0 pitch=0.0 dist=3.4 mode=FirstPerson cycle_us=2592 update_us=31 render_us=2560
[2026-08-17T12:22:54Z INFO  steel_front::engine::game] game: wave=1 enemies=6 enemy_hp=100 hp=0/100 score=0 phys_us=2 ai_us=0 audio_us=14 net_us=0
[2026-08-17T12:22:54Z INFO  steel_front::engine::renderer] visible=65536/65536 near=65536 far=0 fps=374.6 frame_us=2485 cull_us=0 terrain_us=0 wait_fence_us=1720 acquire_us=1 record_us=77 submit_us=86 present_us=508 terrain_lod=high blend=0.000 quality=中画质 marker=62 npc=42
[2026-08-17T12:22:55Z INFO  steel_front] cam: yaw=0.0 pitch=0.0 dist=3.4 mode=FirstPerson cycle_us=2682 update_us=25 render_us=2657
[2026-08-17T12:22:55Z INFO  steel_front::engine::game] game: wave=1 enemies=6 enemy_hp=100 hp=0/100 score=0 phys_us=2 ai_us=0 audio_us=28 net_us=0
[2026-08-17T12:22:55Z INFO  steel_front::engine::renderer] visible=65536/65536 near=65536 far=0 fps=380.3 frame_us=2112 cull_us=0 terrain_us=0 wait_fence_us=2326 acquire_us=1 record_us=32 submit_us=68 present_us=156 terrain_lod=high blend=0.000 quality=中画质 marker=40 npc=42
[2026-08-17T12:22:56Z INFO  steel_front] cam: yaw=0.0 pitch=0.0 dist=3.4 mode=FirstPerson cycle_us=2319 update_us=33 render_us=2285
[2026-08-17T12:22:56Z INFO  steel_front::engine::game] game: wave=1 enemies=6 enemy_hp=100 hp=0/100 score=0 phys_us=4 ai_us=0 audio_us=30 net_us=0
[2026-08-17T12:22:56Z INFO  steel_front::engine::renderer] visible=65536/65536 near=65536 far=0 fps=378.1 frame_us=2629 cull_us=0 terrain_us=0 wait_fence_us=1639 acquire_us=1 record_us=71 submit_us=66 present_us=297 terrain_lod=high blend=0.000 quality=中画质 marker=62 npc=42
[2026-08-17T12:22:57Z INFO  steel_front] cam: yaw=0.0 pitch=0.0 dist=3.4 mode=FirstPerson cycle_us=2521 update_us=44 render_us=2476
[2026-08-17T12:22:57Z INFO  steel_front::engine::game] game: wave=1 enemies=6 enemy_hp=100 hp=0/100 score=0 phys_us=2 ai_us=0 audio_us=25 net_us=0
[2026-08-17T12:22:57Z INFO  steel_front::engine::renderer] visible=65536/65536 near=65536 far=0 fps=380.3 frame_us=2370 cull_us=0 terrain_us=0 wait_fence_us=1812 acquire_us=1 record_us=56 submit_us=52 present_us=264 terrain_lod=high blend=0.000 quality=中画质 marker=38 npc=42
[2026-08-17T12:22:58Z INFO  steel_front] cam: yaw=0.0 pitch=0.0 dist=3.4 mode=FirstPerson cycle_us=2410 update_us=22 render_us=2387
[2026-08-17T12:22:58Z INFO  steel_front::engine::game] game: wave=1 enemies=6 enemy_hp=100 hp=0/100 score=0 phys_us=3 ai_us=0 audio_us=31 net_us=0
[2026-08-17T12:22:58Z INFO  steel_front::engine::renderer] visible=65536/65536 near=65536 far=0 fps=380.6 frame_us=2478 cull_us=2 terrain_us=0 wait_fence_us=2003 acquire_us=1 record_us=61 submit_us=51 present_us=355 terrain_lod=high blend=0.000 quality=中画质 marker=61 npc=42
[2026-08-17T12:22:58Z INFO  steel_front] size diag: window_inner=2560x1600 hud=2560x1600
[2026-08-17T12:22:58Z INFO  steel_front] size diag: window_inner=2560x1600 hud=2560x1600
[2026-08-17T12:22:58Z INFO  steel_front] size diag: window_inner=2560x1600 hud=2560x1600
[2026-08-17T12:22:58Z INFO  steel_front] size diag: window_inner=2560x1600 hud=2560x1600
[2026-08-17T12:22:58Z INFO  steel_front] size diag: window_inner=2560x1600 hud=2560x1600
[2026-08-17T12:22:58Z INFO  steel_front] size diag: window_inner=2560x1600 hud=2560x1600
[2026-08-17T12:22:58Z INFO  steel_front] size diag: window_inner=2560x1600 hud=2560x1600
[2026-08-17T12:22:58Z INFO  steel_front] size diag: window_inner=2560x1600 hud=2560x1600
[2026-08-17T12:22:58Z INFO  steel_front] size diag: window_inner=2560x1600 hud=2560x1600
[2026-08-17T12:22:58Z INFO  steel_front] size diag: window_inner=2560x1600 hud=2560x1600
[2026-08-17T12:22:58Z INFO  steel_front] size diag: window_inner=2560x1600 hud=2560x1600
[2026-08-17T12:22:58Z INFO  steel_front] size diag: window_inner=2560x1600 hud=2560x1600
[2026-08-17T12:22:58Z INFO  steel_front] size diag: window_inner=2560x1600 hud=2560x1600
[2026-08-17T12:22:58Z INFO  steel_front] size diag: window_inner=2560x1600 hud=2560x1600
[2026-08-17T12:22:58Z INFO  steel_front] size diag: window_inner=2560x1600 hud=2560x1600
[2026-08-17T12:22:58Z INFO  steel_front] size diag: window_inner=2560x1600 hud=2560x1600
[2026-08-17T12:22:58Z INFO  steel_front] size diag: window_inner=2560x1600 hud=2560x1600
[2026-08-17T12:22:58Z INFO  steel_front] size diag: window_inner=2560x1600 hud=2560x1600
[2026-08-17T12:22:59Z INFO  steel_front] cam: yaw=0.0 pitch=0.0 dist=3.4 mode=FirstPerson cycle_us=2293 update_us=33 render_us=2259
[2026-08-17T12:22:59Z INFO  steel_front::engine::game] game: wave=1 enemies=6 enemy_hp=100 hp=0/100 score=0 phys_us=2 ai_us=0 audio_us=18 net_us=0
[2026-08-17T12:22:59Z INFO  steel_front::engine::renderer] visible=65536/65536 near=65536 far=0 fps=372.0 frame_us=2304 cull_us=0 terrain_us=0 wait_fence_us=1964 acquire_us=1 record_us=46 submit_us=53 present_us=195 terrain_lod=high blend=0.000 quality=中画质 marker=37 npc=42
[2026-08-17T12:23:00Z INFO  steel_front] cam: yaw=0.0 pitch=0.0 dist=3.4 mode=FirstPerson cycle_us=2392 update_us=47 render_us=2344
[2026-08-17T12:23:00Z INFO  steel_front::engine::game] game: wave=1 enemies=6 enemy_hp=100 hp=0/100 score=0 phys_us=3 ai_us=0 audio_us=26 net_us=0
[2026-08-17T12:23:00Z INFO  steel_front::engine::renderer] visible=65536/65536 near=65536 far=0 fps=364.6 frame_us=2611 cull_us=4 terrain_us=0 wait_fence_us=1431 acquire_us=5 record_us=58 submit_us=57 present_us=280 terrain_lod=high blend=0.000 quality=中画质 marker=62 npc=42
[2026-08-17T12:23:01Z INFO  steel_front] cam: yaw=0.0 pitch=0.0 dist=3.4 mode=FirstPerson cycle_us=2765 update_us=41 render_us=2723
[2026-08-17T12:23:01Z INFO  steel_front::engine::game] game: wave=1 enemies=6 enemy_hp=100 hp=0/100 score=0 phys_us=5 ai_us=0 audio_us=19 net_us=0
[2026-08-17T12:23:01Z INFO  steel_front::engine::renderer] visible=65536/65536 near=65536 far=0 fps=378.6 frame_us=2047 cull_us=0 terrain_us=0 wait_fence_us=2005 acquire_us=1 record_us=71 submit_us=69 present_us=312 terrain_lod=high blend=0.000 quality=中画质 marker=36 npc=42
[2026-08-17T12:23:02Z INFO  steel_front] cam: yaw=0.0 pitch=0.0 dist=3.4 mode=FirstPerson cycle_us=2638 update_us=27 render_us=2611
[2026-08-17T12:23:02Z INFO  steel_front::engine::game] game: wave=1 enemies=6 enemy_hp=100 hp=0/100 score=0 phys_us=4 ai_us=1 audio_us=17 net_us=0
[2026-08-17T12:23:02Z INFO  steel_front::engine::renderer] visible=65536/65536 near=65536 far=0 fps=368.3 frame_us=2565 cull_us=0 terrain_us=0 wait_fence_us=1937 acquire_us=1 record_us=41 submit_us=54 present_us=208 terrain_lod=high blend=0.000 quality=中画质 marker=62 npc=42
[2026-08-17T12:23:03Z INFO  steel_front] cam: yaw=0.0 pitch=0.0 dist=3.4 mode=FirstPerson cycle_us=2745 update_us=23 render_us=2722
[2026-08-17T12:23:03Z INFO  steel_front::engine::game] game: wave=1 enemies=6 enemy_hp=100 hp=0/100 score=0 phys_us=2 ai_us=0 audio_us=16 net_us=0
[2026-08-17T12:23:03Z INFO  steel_front::engine::renderer] visible=65536/65536 near=65536 far=0 fps=378.9 frame_us=2134 cull_us=0 terrain_us=0 wait_fence_us=2436 acquire_us=0 record_us=43 submit_us=60 present_us=234 terrain_lod=high blend=0.000 quality=中画质 marker=36 npc=42
[2026-08-17T12:23:03Z INFO  steel_front] size diag: window_inner=2560x1600 hud=2560x1600
[2026-08-17T12:23:03Z INFO  steel_front] size diag: window_inner=2560x1600 hud=2560x1600
[2026-08-17T12:23:03Z INFO  steel_front] size diag: window_inner=2560x1600 hud=2560x1600
[2026-08-17T12:23:03Z INFO  steel_front] size diag: window_inner=2560x1600 hud=2560x1600
[2026-08-17T12:23:03Z INFO  steel_front] size diag: window_inner=2560x1600 hud=2560x1600
[2026-08-17T12:23:03Z INFO  steel_front] size diag: window_inner=2560x1600 hud=2560x1600
[2026-08-17T12:23:03Z INFO  steel_front] size diag: window_inner=2560x1600 hud=2560x1600
[2026-08-17T12:23:03Z INFO  steel_front] size diag: window_inner=2560x1600 hud=2560x1600
[2026-08-17T12:23:03Z INFO  steel_front] size diag: window_inner=2560x1600 hud=2560x1600
[2026-08-17T12:23:03Z INFO  steel_front] size diag: window_inner=2560x1600 hud=2560x1600
[2026-08-17T12:23:03Z INFO  steel_front] size diag: window_inner=2560x1600 hud=2560x1600
[2026-08-17T12:23:03Z INFO  steel_front] size diag: window_inner=2560x1600 hud=2560x1600
[2026-08-17T12:23:03Z INFO  steel_front] size diag: window_inner=2560x1600 hud=2560x1600
[2026-08-17T12:23:03Z INFO  steel_front] size diag: window_inner=2560x1600 hud=2560x1600
[2026-08-17T12:23:03Z INFO  steel_front] size diag: window_inner=2560x1600 hud=2560x1600
[2026-08-17T12:23:03Z INFO  steel_front] size diag: window_inner=2560x1600 hud=2560x1600
[2026-08-17T12:23:03Z INFO  steel_front] size diag: window_inner=2560x1600 hud=2560x1600
[2026-08-17T12:23:03Z INFO  steel_front] size diag: window_inner=2560x1600 hud=2560x1600
[2026-08-17T12:23:04Z INFO  steel_front] cam: yaw=0.0 pitch=0.0 dist=3.4 mode=FirstPerson cycle_us=2545 update_us=21 render_us=2523
[2026-08-17T12:23:04Z INFO  steel_front::engine::game] game: wave=1 enemies=6 enemy_hp=100 hp=0/100 score=0 phys_us=9 ai_us=0 audio_us=39 net_us=0
[2026-08-17T12:23:04Z INFO  steel_front::engine::renderer] visible=65536/65536 near=65536 far=0 fps=378.8 frame_us=2281 cull_us=4 terrain_us=0 wait_fence_us=2188 acquire_us=1 record_us=56 submit_us=46 present_us=236 terrain_lod=high blend=0.000 quality=中画质 marker=62 npc=42
[2026-08-17T12:23:05Z INFO  steel_front] cam: yaw=0.0 pitch=0.0 dist=3.4 mode=FirstPerson cycle_us=2618 update_us=27 render_us=2591
[2026-08-17T12:23:05Z INFO  steel_front::engine::game] game: wave=1 enemies=6 enemy_hp=100 hp=0/100 score=0 phys_us=2 ai_us=0 audio_us=19 net_us=0
[2026-08-17T12:23:05Z INFO  steel_front::engine::renderer] visible=65536/65536 near=65536 far=0 fps=376.8 frame_us=2742 cull_us=1 terrain_us=0 wait_fence_us=1603 acquire_us=2 record_us=65 submit_us=60 present_us=285 terrain_lod=high blend=0.000 quality=中画质 marker=36 npc=42
[2026-08-17T12:23:06Z INFO  steel_front] cam: yaw=0.0 pitch=0.0 dist=3.4 mode=FirstPerson cycle_us=2341 update_us=39 render_us=2301
[2026-08-17T12:23:06Z INFO  steel_front::engine::game] game: wave=1 enemies=6 enemy_hp=100 hp=0/100 score=0 phys_us=2 ai_us=0 audio_us=19 net_us=0
[2026-08-17T12:23:06Z INFO  steel_front::engine::renderer] visible=65536/65536 near=65536 far=0 fps=378.2 frame_us=2187 cull_us=1 terrain_us=0 wait_fence_us=1878 acquire_us=1 record_us=55 submit_us=53 present_us=239 terrain_lod=high blend=0.000 quality=中画质 marker=63 npc=42
[2026-08-17T12:23:07Z INFO  steel_front] cam: yaw=0.0 pitch=0.0 dist=3.4 mode=FirstPerson cycle_us=2773 update_us=35 render_us=2737
[2026-08-17T12:23:07Z INFO  steel_front::engine::game] game: wave=1 enemies=6 enemy_hp=100 hp=0/100 score=0 phys_us=2 ai_us=0 audio_us=16 net_us=0
[2026-08-17T12:23:07Z INFO  steel_front::engine::renderer] visible=65536/65536 near=65536 far=0 fps=368.4 frame_us=2352 cull_us=0 terrain_us=0 wait_fence_us=2391 acquire_us=1 record_us=41 submit_us=54 present_us=185 terrain_lod=high blend=0.000 quality=中画质 marker=36 npc=42
[2026-08-17T12:23:08Z INFO  steel_front] cam: yaw=0.0 pitch=0.0 dist=3.4 mode=FirstPerson cycle_us=2528 update_us=36 render_us=2492
[2026-08-17T12:23:08Z INFO  steel_front::engine::game] game: wave=1 enemies=6 enemy_hp=100 hp=0/100 score=0 phys_us=3 ai_us=0 audio_us=19 net_us=0
[2026-08-17T12:23:08Z INFO  steel_front::engine::renderer] visible=65536/65536 near=65536 far=0 fps=367.0 frame_us=2901 cull_us=1 terrain_us=0 wait_fence_us=1729 acquire_us=1 record_us=291 submit_us=167 present_us=473 terrain_lod=high blend=0.000 quality=中画质 marker=61 npc=42
[2026-08-17T12:23:08Z INFO  steel_front] size diag: window_inner=2560x1600 hud=2560x1600
[2026-08-17T12:23:08Z INFO  steel_front] size diag: window_inner=2560x1600 hud=2560x1600
[2026-08-17T12:23:08Z INFO  steel_front] size diag: window_inner=2560x1600 hud=2560x1600
[2026-08-17T12:23:08Z INFO  steel_front] size diag: window_inner=2560x1600 hud=2560x1600
[2026-08-17T12:23:08Z INFO  steel_front] size diag: window_inner=2560x1600 hud=2560x1600
[2026-08-17T12:23:08Z INFO  steel_front] size diag: window_inner=2560x1600 hud=2560x1600
[2026-08-17T12:23:08Z INFO  steel_front] size diag: window_inner=2560x1600 hud=2560x1600
[2026-08-17T12:23:08Z INFO  steel_front] size diag: window_inner=2560x1600 hud=2560x1600
[2026-08-17T12:23:08Z INFO  steel_front] size diag: window_inner=2560x1600 hud=2560x1600
[2026-08-17T12:23:08Z INFO  steel_front] size diag: window_inner=2560x1600 hud=2560x1600
[2026-08-17T12:23:08Z INFO  steel_front] size diag: window_inner=2560x1600 hud=2560x1600
[2026-08-17T12:23:08Z INFO  steel_front] size diag: window_inner=2560x1600 hud=2560x1600
[2026-08-17T12:23:08Z INFO  steel_front] size diag: window_inner=2560x1600 hud=2560x1600
[2026-08-17T12:23:08Z INFO  steel_front] size diag: window_inner=2560x1600 hud=2560x1600
[2026-08-17T12:23:08Z INFO  steel_front] size diag: window_inner=2560x1600 hud=2560x1600
[2026-08-17T12:23:08Z INFO  steel_front] size diag: window_inner=2560x1600 hud=2560x1600
[2026-08-17T12:23:08Z INFO  steel_front] size diag: window_inner=2560x1600 hud=2560x1600
[2026-08-17T12:23:08Z INFO  steel_front] size diag: window_inner=2560x1600 hud=2560x1600
[2026-08-17T12:23:08Z INFO  steel_front] size diag: window_inner=2560x1600 hud=2560x1600
[2026-08-17T12:23:09Z INFO  steel_front] cam: yaw=0.0 pitch=0.0 dist=3.4 mode=FirstPerson cycle_us=2576 update_us=19 render_us=2557
[2026-08-17T12:23:09Z INFO  steel_front::engine::game] game: wave=1 enemies=6 enemy_hp=100 hp=0/100 score=0 phys_us=2 ai_us=0 audio_us=17 net_us=0
[2026-08-17T12:23:09Z INFO  steel_front::engine::renderer] visible=65536/65536 near=65536 far=0 fps=378.7 frame_us=2445 cull_us=0 terrain_us=0 wait_fence_us=1831 acquire_us=1 record_us=55 submit_us=54 present_us=294 terrain_lod=high blend=0.000 quality=中画质 marker=36 npc=42
[2026-08-17T12:23:10Z INFO  steel_front] cam: yaw=0.0 pitch=0.0 dist=3.4 mode=FirstPerson cycle_us=3238 update_us=23 render_us=3214
[2026-08-17T12:23:10Z INFO  steel_front::engine::game] game: wave=1 enemies=6 enemy_hp=100 hp=0/100 score=0 phys_us=2 ai_us=0 audio_us=16 net_us=0
[2026-08-17T12:23:10Z INFO  steel_front::engine::renderer] visible=65536/65536 near=65536 far=0 fps=377.5 frame_us=2087 cull_us=1 terrain_us=0 wait_fence_us=1941 acquire_us=0 record_us=58 submit_us=69 present_us=320 terrain_lod=high blend=0.000 quality=中画质 marker=62 npc=42
[2026-08-17T12:23:11Z INFO  steel_front] cam: yaw=0.0 pitch=0.0 dist=3.4 mode=FirstPerson cycle_us=2394 update_us=43 render_us=2351
[2026-08-17T12:23:11Z INFO  steel_front::engine::game] game: wave=1 enemies=6 enemy_hp=100 hp=0/100 score=0 phys_us=2 ai_us=0 audio_us=19 net_us=0
[2026-08-17T12:23:11Z INFO  steel_front::engine::renderer] visible=65536/65536 near=65536 far=0 fps=377.0 frame_us=2245 cull_us=0 terrain_us=0 wait_fence_us=2344 acquire_us=1 record_us=43 submit_us=70 present_us=244 terrain_lod=high blend=0.000 quality=中画质 marker=36 npc=42
[2026-08-17T12:23:12Z INFO  steel_front] cam: yaw=0.0 pitch=0.0 dist=3.4 mode=FirstPerson cycle_us=2596 update_us=44 render_us=2551
[2026-08-17T12:23:12Z INFO  steel_front::engine::game] game: wave=1 enemies=6 enemy_hp=100 hp=0/100 score=0 phys_us=1 ai_us=0 audio_us=32 net_us=0
[2026-08-17T12:23:12Z INFO  steel_front::engine::renderer] visible=65536/65536 near=65536 far=0 fps=377.0 frame_us=2615 cull_us=0 terrain_us=0 wait_fence_us=1683 acquire_us=1 record_us=48 submit_us=63 present_us=401 terrain_lod=high blend=0.000 quality=中画质 marker=63 npc=42
[2026-08-17T12:23:13Z INFO  steel_front] cam: yaw=0.0 pitch=0.0 dist=3.4 mode=FirstPerson cycle_us=2693 update_us=20 render_us=2672
[2026-08-17T12:23:13Z INFO  steel_front::engine::game] game: wave=1 enemies=6 enemy_hp=100 hp=0/100 score=0 phys_us=1 ai_us=0 audio_us=24 net_us=0
[2026-08-17T12:23:13Z INFO  steel_front::engine::renderer] visible=65536/65536 near=65536 far=0 fps=387.8 frame_us=2251 cull_us=0 terrain_us=0 wait_fence_us=2037 acquire_us=0 record_us=36 submit_us=43 present_us=174 terrain_lod=high blend=0.000 quality=中画质 marker=36 npc=42
[2026-08-17T12:23:13Z INFO  steel_front] size diag: window_inner=2560x1600 hud=2560x1600
[2026-08-17T12:23:13Z INFO  steel_front] size diag: window_inner=2560x1600 hud=2560x1600
[2026-08-17T12:23:13Z INFO  steel_front] size diag: window_inner=2560x1600 hud=2560x1600
[2026-08-17T12:23:13Z INFO  steel_front] size diag: window_inner=2560x1600 hud=2560x1600
[2026-08-17T12:23:13Z INFO  steel_front] size diag: window_inner=2560x1600 hud=2560x1600
[2026-08-17T12:23:13Z INFO  steel_front] size diag: window_inner=2560x1600 hud=2560x1600
[2026-08-17T12:23:13Z INFO  steel_front] size diag: window_inner=2560x1600 hud=2560x1600
[2026-08-17T12:23:13Z INFO  steel_front] size diag: window_inner=2560x1600 hud=2560x1600
[2026-08-17T12:23:13Z INFO  steel_front] size diag: window_inner=2560x1600 hud=2560x1600
[2026-08-17T12:23:13Z INFO  steel_front] size diag: window_inner=2560x1600 hud=2560x1600
[2026-08-17T12:23:13Z INFO  steel_front] size diag: window_inner=2560x1600 hud=2560x1600
[2026-08-17T12:23:13Z INFO  steel_front] size diag: window_inner=2560x1600 hud=2560x1600
[2026-08-17T12:23:13Z INFO  steel_front] size diag: window_inner=2560x1600 hud=2560x1600
[2026-08-17T12:23:13Z INFO  steel_front] size diag: window_inner=2560x1600 hud=2560x1600
[2026-08-17T12:23:13Z INFO  steel_front] size diag: window_inner=2560x1600 hud=2560x1600
[2026-08-17T12:23:13Z INFO  steel_front] size diag: window_inner=2560x1600 hud=2560x1600
[2026-08-17T12:23:13Z INFO  steel_front] size diag: window_inner=2560x1600 hud=2560x1600
[2026-08-17T12:23:13Z INFO  steel_front] size diag: window_inner=2560x1600 hud=2560x1600
[2026-08-17T12:23:13Z INFO  steel_front] size diag: window_inner=2560x1600 hud=2560x1600
[2026-08-17T12:23:14Z INFO  steel_front] cam: yaw=0.0 pitch=0.0 dist=3.4 mode=FirstPerson cycle_us=2652 update_us=28 render_us=2624
[2026-08-17T12:23:14Z INFO  steel_front::engine::game] game: wave=1 enemies=6 enemy_hp=100 hp=0/100 score=0 phys_us=2 ai_us=0 audio_us=30 net_us=0
[2026-08-17T12:23:14Z INFO  steel_front::engine::renderer] visible=65536/65536 near=65536 far=0 fps=387.8 frame_us=1910 cull_us=0 terrain_us=0 wait_fence_us=1794 acquire_us=1 record_us=58 submit_us=60 present_us=292 terrain_lod=high blend=0.000 quality=中画质 marker=63 npc=42
[2026-08-17T12:23:15Z INFO  steel_front] cam: yaw=0.0 pitch=0.0 dist=3.4 mode=FirstPerson cycle_us=2857 update_us=22 render_us=2834
[2026-08-17T12:23:15Z INFO  steel_front::engine::game] game: wave=1 enemies=6 enemy_hp=100 hp=0/100 score=0 phys_us=2 ai_us=0 audio_us=17 net_us=0
[2026-08-17T12:23:15Z INFO  steel_front::engine::renderer] visible=65536/65536 near=65536 far=0 fps=389.2 frame_us=2232 cull_us=2 terrain_us=0 wait_fence_us=2181 acquire_us=5 record_us=31 submit_us=71 present_us=238 terrain_lod=high blend=0.000 quality=中画质 marker=36 npc=42
[2026-08-17T12:23:16Z INFO  steel_front] cam: yaw=0.0 pitch=0.0 dist=3.4 mode=FirstPerson cycle_us=2590 update_us=20 render_us=2569
[2026-08-17T12:23:16Z INFO  steel_front::engine::game] game: wave=1 enemies=6 enemy_hp=100 hp=0/100 score=0 phys_us=4 ai_us=0 audio_us=32 net_us=3
[2026-08-17T12:23:16Z INFO  steel_front::engine::renderer] visible=65536/65536 near=65536 far=0 fps=375.9 frame_us=2216 cull_us=2 terrain_us=0 wait_fence_us=1851 acquire_us=2 record_us=46 submit_us=47 present_us=384 terrain_lod=high blend=0.000 quality=中画质 marker=63 npc=42
[2026-08-17T12:23:17Z INFO  steel_front] cam: yaw=0.0 pitch=0.0 dist=3.4 mode=FirstPerson cycle_us=2413 update_us=41 render_us=2371
[2026-08-17T12:23:17Z INFO  steel_front::engine::game] game: wave=1 enemies=6 enemy_hp=100 hp=0/100 score=0 phys_us=2 ai_us=0 audio_us=17 net_us=0
[2026-08-17T12:23:17Z INFO  steel_front::engine::renderer] visible=65536/65536 near=65536 far=0 fps=385.8 frame_us=2154 cull_us=0 terrain_us=0 wait_fence_us=2181 acquire_us=1 record_us=35 submit_us=26 present_us=287 terrain_lod=high blend=0.000 quality=中画质 marker=36 npc=42
[2026-08-17T12:23:18Z INFO  steel_front] cam: yaw=0.0 pitch=0.0 dist=3.4 mode=FirstPerson cycle_us=2921 update_us=19 render_us=2901
[2026-08-17T12:23:18Z INFO  steel_front::engine::game] game: wave=1 enemies=6 enemy_hp=100 hp=0/100 score=0 phys_us=1 ai_us=0 audio_us=30 net_us=0
[2026-08-17T12:23:18Z INFO  steel_front::engine::renderer] visible=65536/65536 near=65536 far=0 fps=389.7 frame_us=2627 cull_us=1 terrain_us=0 wait_fence_us=1794 acquire_us=1 record_us=29 submit_us=43 present_us=286 terrain_lod=high blend=0.000 quality=中画质 marker=63 npc=42
[2026-08-17T12:23:18Z INFO  steel_front] size diag: window_inner=2560x1600 hud=2560x1600
[2026-08-17T12:23:18Z INFO  steel_front] size diag: window_inner=2560x1600 hud=2560x1600
[2026-08-17T12:23:18Z INFO  steel_front] size diag: window_inner=2560x1600 hud=2560x1600
[2026-08-17T12:23:18Z INFO  steel_front] size diag: window_inner=2560x1600 hud=2560x1600
[2026-08-17T12:23:18Z INFO  steel_front] size diag: window_inner=2560x1600 hud=2560x1600
[2026-08-17T12:23:18Z INFO  steel_front] size diag: window_inner=2560x1600 hud=2560x1600
[2026-08-17T12:23:18Z INFO  steel_front] size diag: window_inner=2560x1600 hud=2560x1600
[2026-08-17T12:23:18Z INFO  steel_front] size diag: window_inner=2560x1600 hud=2560x1600
[2026-08-17T12:23:18Z INFO  steel_front] size diag: window_inner=2560x1600 hud=2560x1600
[2026-08-17T12:23:18Z INFO  steel_front] size diag: window_inner=2560x1600 hud=2560x1600
[2026-08-17T12:23:18Z INFO  steel_front] size diag: window_inner=2560x1600 hud=2560x1600
[2026-08-17T12:23:18Z INFO  steel_front] size diag: window_inner=2560x1600 hud=2560x1600
[2026-08-17T12:23:18Z INFO  steel_front] size diag: window_inner=2560x1600 hud=2560x1600
[2026-08-17T12:23:18Z INFO  steel_front] size diag: window_inner=2560x1600 hud=2560x1600
[2026-08-17T12:23:18Z INFO  steel_front] size diag: window_inner=2560x1600 hud=2560x1600
[2026-08-17T12:23:18Z INFO  steel_front] size diag: window_inner=2560x1600 hud=2560x1600
[2026-08-17T12:23:18Z INFO  steel_front] size diag: window_inner=2560x1600 hud=2560x1600
[2026-08-17T12:23:18Z INFO  steel_front] size diag: window_inner=2560x1600 hud=2560x1600
[2026-08-17T12:23:18Z INFO  steel_front] size diag: window_inner=2560x1600 hud=2560x1600
[2026-08-17T12:23:19Z INFO  steel_front] cam: yaw=0.0 pitch=0.0 dist=3.4 mode=FirstPerson cycle_us=3126 update_us=31 render_us=3094
[2026-08-17T12:23:19Z INFO  steel_front::engine::game] game: wave=1 enemies=6 enemy_hp=100 hp=0/100 score=0 phys_us=4 ai_us=0 audio_us=30 net_us=0
[2026-08-17T12:23:19Z INFO  steel_front::engine::renderer] visible=65536/65536 near=65536 far=0 fps=360.3 frame_us=1879 cull_us=1 terrain_us=0 wait_fence_us=1999 acquire_us=2 record_us=55 submit_us=47 present_us=303 terrain_lod=high blend=0.000 quality=中画质 marker=36 npc=42
[2026-08-17T12:23:20Z INFO  steel_front] cam: yaw=0.0 pitch=0.0 dist=3.4 mode=FirstPerson cycle_us=2558 update_us=40 render_us=2517
[2026-08-17T12:23:20Z INFO  steel_front::engine::game] game: wave=1 enemies=6 enemy_hp=100 hp=0/100 score=0 phys_us=4 ai_us=0 audio_us=25 net_us=0
[2026-08-17T12:23:20Z INFO  steel_front::engine::renderer] visible=65536/65536 near=65536 far=0 fps=373.8 frame_us=2140 cull_us=5 terrain_us=0 wait_fence_us=2015 acquire_us=2 record_us=63 submit_us=68 present_us=353 terrain_lod=high blend=0.000 quality=中画质 marker=61 npc=42
[2026-08-17T12:23:21Z INFO  steel_front] cam: yaw=0.0 pitch=0.0 dist=3.4 mode=FirstPerson cycle_us=3094 update_us=26 render_us=3067
[2026-08-17T12:23:21Z INFO  steel_front::engine::game] game: wave=1 enemies=6 enemy_hp=100 hp=0/100 score=0 phys_us=1 ai_us=0 audio_us=17 net_us=0
[2026-08-17T12:23:21Z INFO  steel_front::engine::renderer] visible=65536/65536 near=65536 far=0 fps=371.9 frame_us=2337 cull_us=0 terrain_us=0 wait_fence_us=2267 acquire_us=2 record_us=31 submit_us=28 present_us=255 terrain_lod=high blend=0.000 quality=中画质 marker=36 npc=42
[2026-08-17T12:23:22Z INFO  steel_front] cam: yaw=0.0 pitch=0.0 dist=3.4 mode=FirstPerson cycle_us=3240 update_us=21 render_us=3218
[2026-08-17T12:23:22Z INFO  steel_front::engine::game] game: wave=1 enemies=6 enemy_hp=100 hp=0/100 score=0 phys_us=2 ai_us=0 audio_us=19 net_us=0
[2026-08-17T12:23:22Z INFO  steel_front::engine::renderer] visible=65536/65536 near=65536 far=0 fps=379.3 frame_us=2097 cull_us=0 terrain_us=0 wait_fence_us=1802 acquire_us=1 record_us=45 submit_us=35 present_us=219 terrain_lod=high blend=0.000 quality=中画质 marker=62 npc=42
[2026-08-17T12:23:23Z INFO  steel_front] cam: yaw=0.0 pitch=0.0 dist=3.4 mode=FirstPerson cycle_us=2446 update_us=37 render_us=2409
[2026-08-17T12:23:23Z INFO  steel_front::engine::game] game: wave=1 enemies=6 enemy_hp=100 hp=0/100 score=0 phys_us=2 ai_us=0 audio_us=25 net_us=0
[2026-08-17T12:23:23Z INFO  steel_front::engine::renderer] visible=65536/65536 near=65536 far=0 fps=379.3 frame_us=2132 cull_us=0 terrain_us=0 wait_fence_us=2531 acquire_us=1 record_us=42 submit_us=35 present_us=345 terrain_lod=high blend=0.000 quality=中画质 marker=36 npc=42
[2026-08-17T12:23:23Z INFO  steel_front] size diag: window_inner=2560x1600 hud=2560x1600
[2026-08-17T12:23:23Z INFO  steel_front] size diag: window_inner=2560x1600 hud=2560x1600
[2026-08-17T12:23:23Z INFO  steel_front] size diag: window_inner=2560x1600 hud=2560x1600
[2026-08-17T12:23:23Z INFO  steel_front] size diag: window_inner=2560x1600 hud=2560x1600
[2026-08-17T12:23:23Z INFO  steel_front] size diag: window_inner=2560x1600 hud=2560x1600
[2026-08-17T12:23:23Z INFO  steel_front] size diag: window_inner=2560x1600 hud=2560x1600
[2026-08-17T12:23:23Z INFO  steel_front] size diag: window_inner=2560x1600 hud=2560x1600
[2026-08-17T12:23:23Z INFO  steel_front] size diag: window_inner=2560x1600 hud=2560x1600
[2026-08-17T12:23:23Z INFO  steel_front] size diag: window_inner=2560x1600 hud=2560x1600
[2026-08-17T12:23:23Z INFO  steel_front] size diag: window_inner=2560x1600 hud=2560x1600
[2026-08-17T12:23:23Z INFO  steel_front] size diag: window_inner=2560x1600 hud=2560x1600
[2026-08-17T12:23:23Z INFO  steel_front] size diag: window_inner=2560x1600 hud=2560x1600
[2026-08-17T12:23:23Z INFO  steel_front] size diag: window_inner=2560x1600 hud=2560x1600
[2026-08-17T12:23:23Z INFO  steel_front] size diag: window_inner=2560x1600 hud=2560x1600
[2026-08-17T12:23:23Z INFO  steel_front] size diag: window_inner=2560x1600 hud=2560x1600
[2026-08-17T12:23:23Z INFO  steel_front] size diag: window_inner=2560x1600 hud=2560x1600
[2026-08-17T12:23:23Z INFO  steel_front] size diag: window_inner=2560x1600 hud=2560x1600
[2026-08-17T12:23:23Z INFO  steel_front] size diag: window_inner=2560x1600 hud=2560x1600
[2026-08-17T12:23:23Z INFO  steel_front] size diag: window_inner=2560x1600 hud=2560x1600
[2026-08-17T12:23:24Z INFO  steel_front] cam: yaw=0.0 pitch=0.0 dist=3.4 mode=FirstPerson cycle_us=2805 update_us=24 render_us=2780
[2026-08-17T12:23:24Z INFO  steel_front::engine::game] game: wave=1 enemies=6 enemy_hp=100 hp=0/100 score=0 phys_us=1 ai_us=0 audio_us=14 net_us=0
[2026-08-17T12:23:24Z INFO  steel_front::engine::renderer] visible=65536/65536 near=65536 far=0 fps=380.1 frame_us=2063 cull_us=0 terrain_us=0 wait_fence_us=1948 acquire_us=1 record_us=36 submit_us=36 present_us=198 terrain_lod=high blend=0.000 quality=中画质 marker=62 npc=42
[2026-08-17T12:23:25Z INFO  steel_front] cam: yaw=0.0 pitch=0.0 dist=3.4 mode=FirstPerson cycle_us=2177 update_us=38 render_us=2139
[2026-08-17T12:23:25Z INFO  steel_front::engine::game] game: wave=1 enemies=6 enemy_hp=100 hp=0/100 score=0 phys_us=1 ai_us=0 audio_us=26 net_us=0
[2026-08-17T12:23:25Z INFO  steel_front::engine::renderer] visible=65536/65536 near=65536 far=0 fps=379.6 frame_us=2179 cull_us=0 terrain_us=0 wait_fence_us=2058 acquire_us=1 record_us=32 submit_us=37 present_us=170 terrain_lod=high blend=0.000 quality=中画质 marker=36 npc=42
[2026-08-17T12:23:26Z INFO  steel_front] cam: yaw=0.0 pitch=0.0 dist=3.4 mode=FirstPerson cycle_us=3011 update_us=26 render_us=2985
[2026-08-17T12:23:26Z INFO  steel_front::engine::game] game: wave=1 enemies=6 enemy_hp=100 hp=0/100 score=0 phys_us=3 ai_us=0 audio_us=18 net_us=0
[2026-08-17T12:23:26Z INFO  steel_front::engine::renderer] visible=65536/65536 near=65536 far=0 fps=379.0 frame_us=2234 cull_us=0 terrain_us=0 wait_fence_us=2157 acquire_us=1 record_us=28 submit_us=38 present_us=265 terrain_lod=high blend=0.000 quality=中画质 marker=62 npc=42
[2026-08-17T12:23:27Z INFO  steel_front] cam: yaw=0.0 pitch=0.0 dist=3.4 mode=FirstPerson cycle_us=2367 update_us=37 render_us=2330
[2026-08-17T12:23:27Z INFO  steel_front::engine::game] game: wave=1 enemies=6 enemy_hp=100 hp=0/100 score=0 phys_us=2 ai_us=0 audio_us=26 net_us=0
[2026-08-17T12:23:27Z INFO  steel_front::engine::renderer] visible=65536/65536 near=65536 far=0 fps=379.0 frame_us=1952 cull_us=0 terrain_us=0 wait_fence_us=2303 acquire_us=1 record_us=33 submit_us=28 present_us=193 terrain_lod=high blend=0.000 quality=中画质 marker=36 npc=42
[2026-08-17T12:23:28Z INFO  steel_front] cam: yaw=0.0 pitch=0.0 dist=3.4 mode=FirstPerson cycle_us=2584 update_us=37 render_us=2547
[2026-08-17T12:23:28Z INFO  steel_front::engine::game] game: wave=1 enemies=6 enemy_hp=100 hp=0/100 score=0 phys_us=2 ai_us=0 audio_us=32 net_us=0
[2026-08-17T12:23:28Z INFO  steel_front::engine::renderer] visible=65536/65536 near=65536 far=0 fps=374.2 frame_us=3486 cull_us=3 terrain_us=0 wait_fence_us=3069 acquire_us=1 record_us=188 submit_us=60 present_us=368 terrain_lod=high blend=0.000 quality=中画质 marker=60 npc=42
[2026-08-17T12:23:28Z INFO  steel_front] size diag: window_inner=2560x1600 hud=2560x1600
[2026-08-17T12:23:28Z INFO  steel_front] size diag: window_inner=2560x1600 hud=2560x1600
[2026-08-17T12:23:28Z INFO  steel_front] size diag: window_inner=2560x1600 hud=2560x1600
[2026-08-17T12:23:28Z INFO  steel_front] size diag: window_inner=2560x1600 hud=2560x1600
[2026-08-17T12:23:28Z INFO  steel_front] size diag: window_inner=2560x1600 hud=2560x1600
[2026-08-17T12:23:28Z INFO  steel_front] size diag: window_inner=2560x1600 hud=2560x1600
[2026-08-17T12:23:28Z INFO  steel_front] size diag: window_inner=2560x1600 hud=2560x1600
[2026-08-17T12:23:28Z INFO  steel_front] size diag: window_inner=2560x1600 hud=2560x1600
[2026-08-17T12:23:28Z INFO  steel_front] size diag: window_inner=2560x1600 hud=2560x1600
[2026-08-17T12:23:28Z INFO  steel_front] size diag: window_inner=2560x1600 hud=2560x1600
[2026-08-17T12:23:28Z INFO  steel_front] size diag: window_inner=2560x1600 hud=2560x1600
[2026-08-17T12:23:28Z INFO  steel_front] size diag: window_inner=2560x1600 hud=2560x1600
[2026-08-17T12:23:28Z INFO  steel_front] size diag: window_inner=2560x1600 hud=2560x1600
[2026-08-17T12:23:28Z INFO  steel_front] size diag: window_inner=2560x1600 hud=2560x1600
[2026-08-17T12:23:28Z INFO  steel_front] size diag: window_inner=2560x1600 hud=2560x1600
[2026-08-17T12:23:28Z INFO  steel_front] size diag: window_inner=2560x1600 hud=2560x1600
[2026-08-17T12:23:29Z INFO  steel_front] cam: yaw=0.0 pitch=0.0 dist=3.4 mode=FirstPerson cycle_us=2716 update_us=24 render_us=2692
[2026-08-17T12:23:29Z INFO  steel_front::engine::game] game: wave=1 enemies=6 enemy_hp=100 hp=0/100 score=0 phys_us=3 ai_us=0 audio_us=38 net_us=0
[2026-08-17T12:23:29Z INFO  steel_front::engine::renderer] visible=65536/65536 near=65536 far=0 fps=372.5 frame_us=2448 cull_us=0 terrain_us=0 wait_fence_us=1733 acquire_us=1 record_us=51 submit_us=41 present_us=327 terrain_lod=high blend=0.000 quality=中画质 marker=36 npc=42
[2026-08-17T12:23:30Z INFO  steel_front] cam: yaw=0.0 pitch=0.0 dist=3.4 mode=FirstPerson cycle_us=2325 update_us=40 render_us=2284
[2026-08-17T12:23:30Z INFO  steel_front::engine::game] game: wave=1 enemies=6 enemy_hp=100 hp=0/100 score=0 phys_us=3 ai_us=0 audio_us=15 net_us=0
[2026-08-17T12:23:30Z INFO  steel_front::engine::renderer] visible=65536/65536 near=65536 far=0 fps=389.6 frame_us=2346 cull_us=1 terrain_us=0 wait_fence_us=2192 acquire_us=1 record_us=36 submit_us=33 present_us=316 terrain_lod=high blend=0.000 quality=中画质 marker=63 npc=42
[2026-08-17T12:23:31Z INFO  steel_front] cam: yaw=0.0 pitch=0.0 dist=3.4 mode=FirstPerson cycle_us=3554 update_us=45 render_us=3509
[2026-08-17T12:23:31Z INFO  steel_front::engine::game] game: wave=1 enemies=6 enemy_hp=100 hp=0/100 score=0 phys_us=3 ai_us=0 audio_us=16 net_us=0
[2026-08-17T12:23:31Z INFO  steel_front::engine::renderer] visible=65536/65536 near=65536 far=0 fps=375.4 frame_us=2441 cull_us=1 terrain_us=0 wait_fence_us=1869 acquire_us=2 record_us=39 submit_us=54 present_us=251 terrain_lod=high blend=0.000 quality=中画质 marker=36 npc=42
[2026-08-17T12:23:32Z INFO  steel_front] cam: yaw=0.0 pitch=0.0 dist=3.4 mode=FirstPerson cycle_us=3578 update_us=35 render_us=3542
[2026-08-17T12:23:32Z INFO  steel_front::engine::game] game: wave=1 enemies=6 enemy_hp=100 hp=0/100 score=0 phys_us=3 ai_us=0 audio_us=27 net_us=0
[2026-08-17T12:23:32Z INFO  steel_front::engine::renderer] visible=65536/65536 near=65536 far=0 fps=379.5 frame_us=2429 cull_us=2 terrain_us=0 wait_fence_us=1727 acquire_us=2 record_us=85 submit_us=72 present_us=363 terrain_lod=high blend=0.000 quality=中画质 marker=62 npc=42
[2026-08-17T12:23:33Z INFO  steel_front] cam: yaw=0.0 pitch=0.0 dist=3.4 mode=FirstPerson cycle_us=5523 update_us=43 render_us=5479
[2026-08-17T12:23:33Z INFO  steel_front::engine::game] game: wave=1 enemies=6 enemy_hp=100 hp=0/100 score=0 phys_us=2 ai_us=0 audio_us=32 net_us=0
[2026-08-17T12:23:33Z INFO  steel_front::engine::renderer] visible=65536/65536 near=65536 far=0 fps=365.4 frame_us=2026 cull_us=0 terrain_us=0 wait_fence_us=2670 acquire_us=1 record_us=38 submit_us=32 present_us=240 terrain_lod=high blend=0.000 quality=中画质 marker=36 npc=42
[2026-08-17T12:23:33Z INFO  steel_front] size diag: window_inner=2560x1600 hud=2560x1600
[2026-08-17T12:23:33Z INFO  steel_front] size diag: window_inner=2560x1600 hud=2560x1600
[2026-08-17T12:23:33Z INFO  steel_front] size diag: window_inner=2560x1600 hud=2560x1600
[2026-08-17T12:23:33Z INFO  steel_front] size diag: window_inner=2560x1600 hud=2560x1600
[2026-08-17T12:23:33Z INFO  steel_front] size diag: window_inner=2560x1600 hud=2560x1600
[2026-08-17T12:23:33Z INFO  steel_front] size diag: window_inner=2560x1600 hud=2560x1600
[2026-08-17T12:23:33Z INFO  steel_front] size diag: window_inner=2560x1600 hud=2560x1600
[2026-08-17T12:23:33Z INFO  steel_front] size diag: window_inner=2560x1600 hud=2560x1600
[2026-08-17T12:23:33Z INFO  steel_front] size diag: window_inner=2560x1600 hud=2560x1600
[2026-08-17T12:23:33Z INFO  steel_front] size diag: window_inner=2560x1600 hud=2560x1600
[2026-08-17T12:23:33Z INFO  steel_front] size diag: window_inner=2560x1600 hud=2560x1600
[2026-08-17T12:23:33Z INFO  steel_front] size diag: window_inner=2560x1600 hud=2560x1600
[2026-08-17T12:23:33Z INFO  steel_front] size diag: window_inner=2560x1600 hud=2560x1600
[2026-08-17T12:23:33Z INFO  steel_front] size diag: window_inner=2560x1600 hud=2560x1600
[2026-08-17T12:23:33Z INFO  steel_front] size diag: window_inner=2560x1600 hud=2560x1600
[2026-08-17T12:23:33Z INFO  steel_front] size diag: window_inner=2560x1600 hud=2560x1600
[2026-08-17T12:23:33Z INFO  steel_front] size diag: window_inner=2560x1600 hud=2560x1600
[2026-08-17T12:23:33Z INFO  steel_front] size diag: window_inner=2560x1600 hud=2560x1600
[2026-08-17T12:23:33Z INFO  steel_front] size diag: window_inner=2560x1600 hud=2560x1600
[2026-08-17T12:23:33Z INFO  steel_front] size diag: window_inner=2560x1600 hud=2560x1600
[2026-08-17T12:23:34Z INFO  steel_front] cam: yaw=0.0 pitch=0.0 dist=3.4 mode=FirstPerson cycle_us=2446 update_us=24 render_us=2421
[2026-08-17T12:23:34Z INFO  steel_front::engine::game] game: wave=1 enemies=6 enemy_hp=100 hp=0/100 score=0 phys_us=1 ai_us=0 audio_us=16 net_us=0
[2026-08-17T12:23:34Z INFO  steel_front::engine::renderer] visible=65536/65536 near=65536 far=0 fps=389.6 frame_us=2688 cull_us=0 terrain_us=0 wait_fence_us=1717 acquire_us=1 record_us=54 submit_us=49 present_us=299 terrain_lod=high blend=0.000 quality=中画质 marker=63 npc=42
[2026-08-17T12:23:35Z INFO  steel_front] cam: yaw=0.0 pitch=0.0 dist=3.4 mode=FirstPerson cycle_us=3794 update_us=44 render_us=3750
[2026-08-17T12:23:35Z INFO  steel_front::engine::game] game: wave=1 enemies=6 enemy_hp=100 hp=0/100 score=0 phys_us=2 ai_us=0 audio_us=17 net_us=0
[2026-08-17T12:23:35Z INFO  steel_front::engine::renderer] visible=65536/65536 near=65536 far=0 fps=371.6 frame_us=2293 cull_us=1 terrain_us=0 wait_fence_us=1828 acquire_us=1 record_us=59 submit_us=48 present_us=307 terrain_lod=high blend=0.000 quality=中画质 marker=36 npc=42
[2026-08-17T12:23:36Z INFO  steel_front] cam: yaw=0.0 pitch=0.0 dist=3.4 mode=FirstPerson cycle_us=2096 update_us=47 render_us=2048
[2026-08-17T12:23:36Z INFO  steel_front::engine::game] game: wave=1 enemies=6 enemy_hp=100 hp=0/100 score=0 phys_us=7 ai_us=0 audio_us=17 net_us=0
[2026-08-17T12:23:36Z INFO  steel_front::engine::renderer] visible=65536/65536 near=65536 far=0 fps=386.0 frame_us=2092 cull_us=1 terrain_us=0 wait_fence_us=2081 acquire_us=1 record_us=76 submit_us=52 present_us=337 terrain_lod=high blend=0.000 quality=中画质 marker=62 npc=42
[2026-08-17T12:23:37Z INFO  steel_front] cam: yaw=0.0 pitch=0.0 dist=3.4 mode=FirstPerson cycle_us=2584 update_us=41 render_us=2542
[2026-08-17T12:23:37Z INFO  steel_front::engine::game] game: wave=1 enemies=6 enemy_hp=100 hp=0/100 score=0 phys_us=2 ai_us=0 audio_us=17 net_us=0
[2026-08-17T12:23:37Z INFO  steel_front::engine::renderer] visible=65536/65536 near=65536 far=0 fps=389.3 frame_us=2575 cull_us=0 terrain_us=0 wait_fence_us=1946 acquire_us=0 record_us=42 submit_us=33 present_us=235 terrain_lod=high blend=0.000 quality=中画质 marker=36 npc=42
[2026-08-17T12:23:38Z INFO  steel_front] cam: yaw=0.0 pitch=0.0 dist=3.4 mode=FirstPerson cycle_us=2348 update_us=34 render_us=2314
[2026-08-17T12:23:38Z INFO  steel_front::engine::game] game: wave=1 enemies=6 enemy_hp=100 hp=0/100 score=0 phys_us=2 ai_us=0 audio_us=25 net_us=0
[2026-08-17T12:23:38Z INFO  steel_front::engine::renderer] visible=65536/65536 near=65536 far=0 fps=389.8 frame_us=2089 cull_us=0 terrain_us=0 wait_fence_us=2150 acquire_us=1 record_us=21 submit_us=17 present_us=133 terrain_lod=high blend=0.000 quality=中画质 marker=63 npc=42
[2026-08-17T12:23:38Z INFO  steel_front] size diag: window_inner=2560x1600 hud=2560x1600
[2026-08-17T12:23:38Z INFO  steel_front] size diag: window_inner=2560x1600 hud=2560x1600
[2026-08-17T12:23:38Z INFO  steel_front] size diag: window_inner=2560x1600 hud=2560x1600
[2026-08-17T12:23:38Z INFO  steel_front] size diag: window_inner=2560x1600 hud=2560x1600
[2026-08-17T12:23:38Z INFO  steel_front] size diag: window_inner=2560x1600 hud=2560x1600
[2026-08-17T12:23:38Z INFO  steel_front] size diag: window_inner=2560x1600 hud=2560x1600
[2026-08-17T12:23:38Z INFO  steel_front] size diag: window_inner=2560x1600 hud=2560x1600
[2026-08-17T12:23:38Z INFO  steel_front] size diag: window_inner=2560x1600 hud=2560x1600
[2026-08-17T12:23:38Z INFO  steel_front] size diag: window_inner=2560x1600 hud=2560x1600
[2026-08-17T12:23:38Z INFO  steel_front] size diag: window_inner=2560x1600 hud=2560x1600
[2026-08-17T12:23:38Z INFO  steel_front] size diag: window_inner=2560x1600 hud=2560x1600
[2026-08-17T12:23:38Z INFO  steel_front] size diag: window_inner=2560x1600 hud=2560x1600
[2026-08-17T12:23:38Z INFO  steel_front] size diag: window_inner=2560x1600 hud=2560x1600
[2026-08-17T12:23:38Z INFO  steel_front] size diag: window_inner=2560x1600 hud=2560x1600
[2026-08-17T12:23:38Z INFO  steel_front] size diag: window_inner=2560x1600 hud=2560x1600
[2026-08-17T12:23:38Z INFO  steel_front] size diag: window_inner=2560x1600 hud=2560x1600
[2026-08-17T12:23:38Z INFO  steel_front] size diag: window_inner=2560x1600 hud=2560x1600
[2026-08-17T12:23:38Z INFO  steel_front] size diag: window_inner=2560x1600 hud=2560x1600
[2026-08-17T12:23:38Z INFO  steel_front] size diag: window_inner=2560x1600 hud=2560x1600
[2026-08-17T12:23:39Z INFO  steel_front] cam: yaw=0.0 pitch=0.0 dist=3.4 mode=FirstPerson cycle_us=2761 update_us=35 render_us=2726
[2026-08-17T12:23:39Z INFO  steel_front::engine::game] game: wave=1 enemies=6 enemy_hp=100 hp=0/100 score=0 phys_us=1 ai_us=0 audio_us=11 net_us=0
[2026-08-17T12:23:39Z INFO  steel_front::engine::renderer] visible=65536/65536 near=65536 far=0 fps=389.7 frame_us=2361 cull_us=0 terrain_us=0 wait_fence_us=2337 acquire_us=1 record_us=43 submit_us=38 present_us=180 terrain_lod=high blend=0.000 quality=中画质 marker=36 npc=42
[2026-08-17T12:23:40Z INFO  steel_front] cam: yaw=0.0 pitch=0.0 dist=3.4 mode=FirstPerson cycle_us=2704 update_us=35 render_us=2668
[2026-08-17T12:23:40Z INFO  steel_front::engine::game] game: wave=1 enemies=6 enemy_hp=100 hp=0/100 score=0 phys_us=2 ai_us=0 audio_us=25 net_us=0
[2026-08-17T12:23:40Z INFO  steel_front::engine::renderer] visible=65536/65536 near=65536 far=0 fps=389.7 frame_us=2310 cull_us=0 terrain_us=0 wait_fence_us=2428 acquire_us=1 record_us=23 submit_us=20 present_us=133 terrain_lod=high blend=0.000 quality=中画质 marker=63 npc=42
[2026-08-17T12:23:41Z INFO  steel_front] cam: yaw=0.0 pitch=0.0 dist=3.4 mode=FirstPerson cycle_us=2598 update_us=17 render_us=2580
[2026-08-17T12:23:41Z INFO  steel_front::engine::game] game: wave=1 enemies=6 enemy_hp=100 hp=0/100 score=0 phys_us=2 ai_us=0 audio_us=13 net_us=0
[2026-08-17T12:23:41Z INFO  steel_front::engine::renderer] visible=65536/65536 near=65536 far=0 fps=389.6 frame_us=2489 cull_us=0 terrain_us=0 wait_fence_us=1918 acquire_us=1 record_us=41 submit_us=33 present_us=228 terrain_lod=high blend=0.000 quality=中画质 marker=36 npc=42
[2026-08-17T12:23:42Z INFO  steel_front] cam: yaw=0.0 pitch=0.0 dist=3.4 mode=FirstPerson cycle_us=2312 update_us=34 render_us=2278
[2026-08-17T12:23:42Z INFO  steel_front::engine::game] game: wave=1 enemies=6 enemy_hp=100 hp=0/100 score=0 phys_us=2 ai_us=0 audio_us=25 net_us=0
[2026-08-17T12:23:42Z INFO  steel_front::engine::renderer] visible=65536/65536 near=65536 far=0 fps=389.0 frame_us=2363 cull_us=0 terrain_us=0 wait_fence_us=2066 acquire_us=1 record_us=40 submit_us=39 present_us=325 terrain_lod=high blend=0.000 quality=中画质 marker=63 npc=42
[2026-08-17T12:23:43Z INFO  steel_front] cam: yaw=0.0 pitch=0.0 dist=3.4 mode=FirstPerson cycle_us=2531 update_us=37 render_us=2493
[2026-08-17T12:23:43Z INFO  steel_front::engine::game] game: wave=1 enemies=6 enemy_hp=100 hp=0/100 score=0 phys_us=4 ai_us=0 audio_us=29 net_us=0
[2026-08-17T12:23:43Z INFO  steel_front::engine::renderer] visible=65536/65536 near=65536 far=0 fps=389.2 frame_us=2342 cull_us=0 terrain_us=0 wait_fence_us=1758 acquire_us=0 record_us=50 submit_us=43 present_us=298 terrain_lod=high blend=0.000 quality=中画质 marker=36 npc=42
[2026-08-17T12:23:43Z INFO  steel_front] size diag: window_inner=2560x1600 hud=2560x1600
[2026-08-17T12:23:43Z INFO  steel_front] size diag: window_inner=2560x1600 hud=2560x1600
[2026-08-17T12:23:43Z INFO  steel_front] size diag: window_inner=2560x1600 hud=2560x1600
[2026-08-17T12:23:43Z INFO  steel_front] size diag: window_inner=2560x1600 hud=2560x1600
[2026-08-17T12:23:43Z INFO  steel_front] size diag: window_inner=2560x1600 hud=2560x1600
[2026-08-17T12:23:43Z INFO  steel_front] size diag: window_inner=2560x1600 hud=2560x1600
[2026-08-17T12:23:43Z INFO  steel_front] size diag: window_inner=2560x1600 hud=2560x1600
[2026-08-17T12:23:43Z INFO  steel_front] size diag: window_inner=2560x1600 hud=2560x1600
[2026-08-17T12:23:43Z INFO  steel_front] size diag: window_inner=2560x1600 hud=2560x1600
[2026-08-17T12:23:43Z INFO  steel_front] size diag: window_inner=2560x1600 hud=2560x1600
[2026-08-17T12:23:43Z INFO  steel_front] size diag: window_inner=2560x1600 hud=2560x1600
[2026-08-17T12:23:43Z INFO  steel_front] size diag: window_inner=2560x1600 hud=2560x1600
[2026-08-17T12:23:43Z INFO  steel_front] size diag: window_inner=2560x1600 hud=2560x1600
[2026-08-17T12:23:43Z INFO  steel_front] size diag: window_inner=2560x1600 hud=2560x1600
[2026-08-17T12:23:43Z INFO  steel_front] size diag: window_inner=2560x1600 hud=2560x1600
[2026-08-17T12:23:43Z INFO  steel_front] size diag: window_inner=2560x1600 hud=2560x1600
[2026-08-17T12:23:43Z INFO  steel_front] size diag: window_inner=2560x1600 hud=2560x1600
[2026-08-17T12:23:43Z INFO  steel_front] size diag: window_inner=2560x1600 hud=2560x1600
[2026-08-17T12:23:43Z INFO  steel_front] size diag: window_inner=2560x1600 hud=2560x1600
[2026-08-17T12:23:43Z INFO  steel_front] size diag: window_inner=2560x1600 hud=2560x1600
[2026-08-17T12:23:44Z INFO  steel_front] cam: yaw=0.0 pitch=0.0 dist=3.4 mode=FirstPerson cycle_us=5096 update_us=46 render_us=5049
[2026-08-17T12:23:44Z INFO  steel_front::engine::game] game: wave=1 enemies=6 enemy_hp=100 hp=0/100 score=0 phys_us=2 ai_us=0 audio_us=25 net_us=0
[2026-08-17T12:23:44Z INFO  steel_front::engine::renderer] visible=65536/65536 near=65536 far=0 fps=383.1 frame_us=2086 cull_us=2 terrain_us=0 wait_fence_us=2120 acquire_us=1 record_us=49 submit_us=42 present_us=261 terrain_lod=high blend=0.000 quality=中画质 marker=63 npc=42
[2026-08-17T12:23:45Z INFO  steel_front] cam: yaw=0.0 pitch=0.0 dist=3.4 mode=FirstPerson cycle_us=2255 update_us=46 render_us=2209
[2026-08-17T12:23:45Z INFO  steel_front::engine::game] game: wave=1 enemies=6 enemy_hp=100 hp=0/100 score=0 phys_us=1 ai_us=0 audio_us=34 net_us=0
[2026-08-17T12:23:45Z INFO  steel_front::engine::renderer] visible=65536/65536 near=65536 far=0 fps=385.4 frame_us=2147 cull_us=1 terrain_us=0 wait_fence_us=2237 acquire_us=1 record_us=37 submit_us=29 present_us=241 terrain_lod=high blend=0.000 quality=中画质 marker=36 npc=42
[2026-08-17T12:23:46Z INFO  steel_front] cam: yaw=0.0 pitch=0.0 dist=3.4 mode=FirstPerson cycle_us=2650 update_us=31 render_us=2618
[2026-08-17T12:23:46Z INFO  steel_front::engine::game] game: wave=1 enemies=6 enemy_hp=100 hp=0/100 score=0 phys_us=2 ai_us=0 audio_us=25 net_us=0
[2026-08-17T12:23:46Z INFO  steel_front::engine::renderer] visible=65536/65536 near=65536 far=0 fps=389.1 frame_us=2352 cull_us=0 terrain_us=0 wait_fence_us=1935 acquire_us=0 record_us=40 submit_us=35 present_us=229 terrain_lod=high blend=0.000 quality=中画质 marker=63 npc=42
[2026-08-17T12:23:47Z INFO  steel_front] cam: yaw=0.0 pitch=0.0 dist=3.4 mode=FirstPerson cycle_us=2290 update_us=33 render_us=2257
[2026-08-17T12:23:47Z INFO  steel_front::engine::game] game: wave=1 enemies=6 enemy_hp=100 hp=0/100 score=0 phys_us=2 ai_us=0 audio_us=13 net_us=0
[2026-08-17T12:23:47Z INFO  steel_front::engine::renderer] visible=65536/65536 near=65536 far=0 fps=389.0 frame_us=2355 cull_us=0 terrain_us=0 wait_fence_us=2061 acquire_us=1 record_us=29 submit_us=37 present_us=390 terrain_lod=high blend=0.000 quality=中画质 marker=36 npc=42
[2026-08-17T12:23:48Z INFO  steel_front] cam: yaw=0.0 pitch=0.0 dist=3.4 mode=FirstPerson cycle_us=2429 update_us=16 render_us=2413
[2026-08-17T12:23:48Z INFO  steel_front::engine::game] game: wave=1 enemies=6 enemy_hp=100 hp=0/100 score=0 phys_us=2 ai_us=0 audio_us=12 net_us=0
[2026-08-17T12:23:48Z INFO  steel_front::engine::renderer] visible=65536/65536 near=65536 far=0 fps=389.3 frame_us=2458 cull_us=0 terrain_us=0 wait_fence_us=2000 acquire_us=1 record_us=42 submit_us=34 present_us=230 terrain_lod=high blend=0.000 quality=中画质 marker=63 npc=42
[2026-08-17T12:23:48Z INFO  steel_front] size diag: window_inner=2560x1600 hud=2560x1600
[2026-08-17T12:23:48Z INFO  steel_front] size diag: window_inner=2560x1600 hud=2560x1600
[2026-08-17T12:23:48Z INFO  steel_front] size diag: window_inner=2560x1600 hud=2560x1600
[2026-08-17T12:23:48Z INFO  steel_front] size diag: window_inner=2560x1600 hud=2560x1600
[2026-08-17T12:23:48Z INFO  steel_front] size diag: window_inner=2560x1600 hud=2560x1600
[2026-08-17T12:23:48Z INFO  steel_front] size diag: window_inner=2560x1600 hud=2560x1600
[2026-08-17T12:23:48Z INFO  steel_front] size diag: window_inner=2560x1600 hud=2560x1600
[2026-08-17T12:23:48Z INFO  steel_front] size diag: window_inner=2560x1600 hud=2560x1600
[2026-08-17T12:23:48Z INFO  steel_front] size diag: window_inner=2560x1600 hud=2560x1600
[2026-08-17T12:23:48Z INFO  steel_front] size diag: window_inner=2560x1600 hud=2560x1600
[2026-08-17T12:23:48Z INFO  steel_front] size diag: window_inner=2560x1600 hud=2560x1600
[2026-08-17T12:23:48Z INFO  steel_front] size diag: window_inner=2560x1600 hud=2560x1600
[2026-08-17T12:23:48Z INFO  steel_front] size diag: window_inner=2560x1600 hud=2560x1600
[2026-08-17T12:23:48Z INFO  steel_front] size diag: window_inner=2560x1600 hud=2560x1600
[2026-08-17T12:23:48Z INFO  steel_front] size diag: window_inner=2560x1600 hud=2560x1600
[2026-08-17T12:23:48Z INFO  steel_front] size diag: window_inner=2560x1600 hud=2560x1600
[2026-08-17T12:23:48Z INFO  steel_front] size diag: window_inner=2560x1600 hud=2560x1600
[2026-08-17T12:23:48Z INFO  steel_front] size diag: window_inner=2560x1600 hud=2560x1600
[2026-08-17T12:23:48Z INFO  steel_front] size diag: window_inner=2560x1600 hud=2560x1600
[2026-08-17T12:23:49Z INFO  steel_front] cam: yaw=0.0 pitch=0.0 dist=3.4 mode=FirstPerson cycle_us=2521 update_us=31 render_us=2490
[2026-08-17T12:23:49Z INFO  steel_front::engine::game] game: wave=1 enemies=6 enemy_hp=100 hp=0/100 score=0 phys_us=1 ai_us=0 audio_us=18 net_us=0
[2026-08-17T12:23:49Z INFO  steel_front::engine::renderer] visible=65536/65536 near=65536 far=0 fps=388.9 frame_us=2260 cull_us=0 terrain_us=0 wait_fence_us=1895 acquire_us=1 record_us=42 submit_us=38 present_us=238 terrain_lod=high blend=0.000 quality=中画质 marker=36 npc=42
[2026-08-17T12:23:50Z INFO  steel_front] cam: yaw=0.0 pitch=0.0 dist=3.4 mode=FirstPerson cycle_us=2752 update_us=36 render_us=2715
[2026-08-17T12:23:50Z INFO  steel_front::engine::game] game: wave=1 enemies=6 enemy_hp=100 hp=0/100 score=0 phys_us=1 ai_us=0 audio_us=26 net_us=0
[2026-08-17T12:23:50Z INFO  steel_front::engine::renderer] visible=65536/65536 near=65536 far=0 fps=388.9 frame_us=2211 cull_us=0 terrain_us=0 wait_fence_us=1881 acquire_us=0 record_us=43 submit_us=37 present_us=240 terrain_lod=high blend=0.000 quality=中画质 marker=63 npc=42
[2026-08-17T12:23:51Z INFO  steel_front] cam: yaw=0.0 pitch=0.0 dist=3.4 mode=FirstPerson cycle_us=2423 update_us=37 render_us=2386
[2026-08-17T12:23:51Z INFO  steel_front::engine::game] game: wave=1 enemies=6 enemy_hp=100 hp=0/100 score=0 phys_us=1 ai_us=0 audio_us=26 net_us=0
[2026-08-17T12:23:51Z INFO  steel_front::engine::renderer] visible=65536/65536 near=65536 far=0 fps=389.2 frame_us=2349 cull_us=0 terrain_us=0 wait_fence_us=2291 acquire_us=1 record_us=40 submit_us=32 present_us=266 terrain_lod=high blend=0.000 quality=中画质 marker=36 npc=42
[2026-08-17T12:23:52Z INFO  steel_front] cam: yaw=0.0 pitch=0.0 dist=3.4 mode=FirstPerson cycle_us=2402 update_us=18 render_us=2383
[2026-08-17T12:23:52Z INFO  steel_front::engine::game] game: wave=1 enemies=6 enemy_hp=100 hp=0/100 score=0 phys_us=2 ai_us=0 audio_us=26 net_us=0
[2026-08-17T12:23:52Z INFO  steel_front::engine::renderer] visible=65536/65536 near=65536 far=0 fps=389.4 frame_us=2493 cull_us=0 terrain_us=0 wait_fence_us=1919 acquire_us=1 record_us=40 submit_us=35 present_us=228 terrain_lod=high blend=0.000 quality=中画质 marker=63 npc=42
[2026-08-17T12:23:53Z INFO  steel_front] cam: yaw=0.0 pitch=0.0 dist=3.4 mode=FirstPerson cycle_us=2689 update_us=19 render_us=2669
[2026-08-17T12:23:53Z INFO  steel_front::engine::game] game: wave=1 enemies=6 enemy_hp=100 hp=0/100 score=0 phys_us=1 ai_us=0 audio_us=14 net_us=0
[2026-08-17T12:23:53Z INFO  steel_front::engine::renderer] visible=65536/65536 near=65536 far=0 fps=389.0 frame_us=2202 cull_us=0 terrain_us=0 wait_fence_us=2136 acquire_us=0 record_us=42 submit_us=41 present_us=279 terrain_lod=high blend=0.000 quality=中画质 marker=36 npc=42
[2026-08-17T12:23:53Z INFO  steel_front] size diag: window_inner=2560x1600 hud=2560x1600
[2026-08-17T12:23:53Z INFO  steel_front] size diag: window_inner=2560x1600 hud=2560x1600
[2026-08-17T12:23:53Z INFO  steel_front] size diag: window_inner=2560x1600 hud=2560x1600
[2026-08-17T12:23:53Z INFO  steel_front] size diag: window_inner=2560x1600 hud=2560x1600
[2026-08-17T12:23:53Z INFO  steel_front] size diag: window_inner=2560x1600 hud=2560x1600
[2026-08-17T12:23:53Z INFO  steel_front] size diag: window_inner=2560x1600 hud=2560x1600
[2026-08-17T12:23:53Z INFO  steel_front] size diag: window_inner=2560x1600 hud=2560x1600
[2026-08-17T12:23:53Z INFO  steel_front] size diag: window_inner=2560x1600 hud=2560x1600
[2026-08-17T12:23:53Z INFO  steel_front] size diag: window_inner=2560x1600 hud=2560x1600
[2026-08-17T12:23:53Z INFO  steel_front] size diag: window_inner=2560x1600 hud=2560x1600
[2026-08-17T12:23:53Z INFO  steel_front] size diag: window_inner=2560x1600 hud=2560x1600
[2026-08-17T12:23:53Z INFO  steel_front] size diag: window_inner=2560x1600 hud=2560x1600
[2026-08-17T12:23:53Z INFO  steel_front] size diag: window_inner=2560x1600 hud=2560x1600
[2026-08-17T12:23:53Z INFO  steel_front] size diag: window_inner=2560x1600 hud=2560x1600
[2026-08-17T12:23:53Z INFO  steel_front] size diag: window_inner=2560x1600 hud=2560x1600
[2026-08-17T12:23:53Z INFO  steel_front] size diag: window_inner=2560x1600 hud=2560x1600
[2026-08-17T12:23:53Z INFO  steel_front] size diag: window_inner=2560x1600 hud=2560x1600
[2026-08-17T12:23:53Z INFO  steel_front] size diag: window_inner=2560x1600 hud=2560x1600
[2026-08-17T12:23:53Z INFO  steel_front] size diag: window_inner=2560x1600 hud=2560x1600
[2026-08-17T12:23:54Z INFO  steel_front] cam: yaw=0.0 pitch=0.0 dist=3.4 mode=FirstPerson cycle_us=2777 update_us=17 render_us=2759
[2026-08-17T12:23:54Z INFO  steel_front::engine::game] game: wave=1 enemies=6 enemy_hp=100 hp=0/100 score=0 phys_us=1 ai_us=0 audio_us=29 net_us=0
[2026-08-17T12:23:54Z INFO  steel_front::engine::renderer] visible=65536/65536 near=65536 far=0 fps=388.9 frame_us=2405 cull_us=0 terrain_us=0 wait_fence_us=1981 acquire_us=1 record_us=26 submit_us=40 present_us=181 terrain_lod=high blend=0.000 quality=中画质 marker=63 npc=42
[2026-08-17T12:23:55Z INFO  steel_front] cam: yaw=0.0 pitch=0.0 dist=3.4 mode=FirstPerson cycle_us=2375 update_us=31 render_us=2343
[2026-08-17T12:23:55Z INFO  steel_front::engine::game] game: wave=1 enemies=6 enemy_hp=100 hp=0/100 score=0 phys_us=1 ai_us=0 audio_us=13 net_us=0
[2026-08-17T12:23:55Z INFO  steel_front::engine::renderer] visible=65536/65536 near=65536 far=0 fps=388.8 frame_us=2271 cull_us=0 terrain_us=0 wait_fence_us=1796 acquire_us=1 record_us=39 submit_us=62 present_us=210 terrain_lod=high blend=0.000 quality=中画质 marker=36 npc=42
[2026-08-17T12:23:56Z INFO  steel_front] cam: yaw=0.0 pitch=0.0 dist=3.4 mode=FirstPerson cycle_us=2493 update_us=40 render_us=2452
[2026-08-17T12:23:56Z INFO  steel_front::engine::game] game: wave=1 enemies=6 enemy_hp=100 hp=0/100 score=0 phys_us=1 ai_us=0 audio_us=27 net_us=0
[2026-08-17T12:23:56Z INFO  steel_front::engine::renderer] visible=65536/65536 near=65536 far=0 fps=389.0 frame_us=2236 cull_us=0 terrain_us=0 wait_fence_us=2146 acquire_us=1 record_us=21 submit_us=18 present_us=275 terrain_lod=high blend=0.000 quality=中画质 marker=63 npc=42
[2026-08-17T12:23:57Z INFO  steel_front] cam: yaw=0.0 pitch=0.0 dist=3.4 mode=FirstPerson cycle_us=2405 update_us=38 render_us=2367
[2026-08-17T12:23:57Z INFO  steel_front::engine::game] game: wave=1 enemies=6 enemy_hp=100 hp=0/100 score=0 phys_us=2 ai_us=0 audio_us=12 net_us=0
[2026-08-17T12:23:57Z INFO  steel_front::engine::renderer] visible=65536/65536 near=65536 far=0 fps=389.4 frame_us=2513 cull_us=0 terrain_us=0 wait_fence_us=2074 acquire_us=1 record_us=47 submit_us=40 present_us=297 terrain_lod=high blend=0.000 quality=中画质 marker=37 npc=42
[2026-08-17T12:23:58Z INFO  steel_front] cam: yaw=0.0 pitch=0.0 dist=3.4 mode=FirstPerson cycle_us=2501 update_us=26 render_us=2475
[2026-08-17T12:23:58Z INFO  steel_front::engine::game] game: wave=1 enemies=6 enemy_hp=100 hp=0/100 score=0 phys_us=2 ai_us=0 audio_us=30 net_us=0
[2026-08-17T12:23:58Z INFO  steel_front] size diag: window_inner=2560x1600 hud=2560x1600
[2026-08-17T12:23:58Z INFO  steel_front] size diag: window_inner=2560x1600 hud=2560x1600
[2026-08-17T12:23:58Z INFO  steel_front] size diag: window_inner=2560x1600 hud=2560x1600
[2026-08-17T12:23:58Z INFO  steel_front::engine::renderer] visible=65536/65536 near=65536 far=0 fps=388.8 frame_us=2138 cull_us=0 terrain_us=0 wait_fence_us=1568 acquire_us=1 record_us=44 submit_us=42 present_us=265 terrain_lod=high blend=0.000 quality=中画质 marker=63 npc=42
[2026-08-17T12:23:58Z INFO  steel_front] size diag: window_inner=2560x1600 hud=2560x1600
[2026-08-17T12:23:58Z INFO  steel_front] size diag: window_inner=2560x1600 hud=2560x1600
[2026-08-17T12:23:58Z INFO  steel_front] size diag: window_inner=2560x1600 hud=2560x1600
[2026-08-17T12:23:58Z INFO  steel_front] size diag: window_inner=2560x1600 hud=2560x1600
[2026-08-17T12:23:58Z INFO  steel_front] size diag: window_inner=2560x1600 hud=2560x1600
[2026-08-17T12:23:58Z INFO  steel_front] size diag: window_inner=2560x1600 hud=2560x1600
[2026-08-17T12:23:58Z INFO  steel_front] size diag: window_inner=2560x1600 hud=2560x1600
[2026-08-17T12:23:58Z INFO  steel_front] size diag: window_inner=2560x1600 hud=2560x1600
[2026-08-17T12:23:58Z INFO  steel_front] size diag: window_inner=2560x1600 hud=2560x1600
[2026-08-17T12:23:58Z INFO  steel_front] size diag: window_inner=2560x1600 hud=2560x1600
[2026-08-17T12:23:58Z INFO  steel_front] size diag: window_inner=2560x1600 hud=2560x1600
[2026-08-17T12:23:58Z INFO  steel_front] size diag: window_inner=2560x1600 hud=2560x1600
[2026-08-17T12:23:58Z INFO  steel_front] size diag: window_inner=2560x1600 hud=2560x1600
[2026-08-17T12:23:58Z INFO  steel_front] size diag: window_inner=2560x1600 hud=2560x1600
[2026-08-17T12:23:58Z INFO  steel_front] size diag: window_inner=2560x1600 hud=2560x1600
[2026-08-17T12:23:58Z INFO  steel_front] size diag: window_inner=2560x1600 hud=2560x1600
[2026-08-17T12:23:58Z INFO  steel_front] size diag: window_inner=2560x1600 hud=2560x1600
[2026-08-17T12:23:59Z INFO  steel_front] cam: yaw=0.0 pitch=0.0 dist=3.4 mode=FirstPerson cycle_us=2746 update_us=18 render_us=2727
[2026-08-17T12:23:59Z INFO  steel_front::engine::game] game: wave=1 enemies=6 enemy_hp=100 hp=0/100 score=0 phys_us=1 ai_us=0 audio_us=23 net_us=0
[2026-08-17T12:23:59Z INFO  steel_front::engine::renderer] visible=65536/65536 near=65536 far=0 fps=389.0 frame_us=2527 cull_us=0 terrain_us=0 wait_fence_us=1893 acquire_us=0 record_us=43 submit_us=39 present_us=241 terrain_lod=high blend=0.000 quality=中画质 marker=38 npc=42
[2026-08-17T12:24:00Z INFO  steel_front] cam: yaw=0.0 pitch=0.0 dist=3.4 mode=FirstPerson cycle_us=2458 update_us=34 render_us=2424
[2026-08-17T12:24:00Z INFO  steel_front::engine::game] game: wave=1 enemies=6 enemy_hp=100 hp=0/100 score=0 phys_us=2 ai_us=0 audio_us=27 net_us=0
[2026-08-17T12:24:00Z INFO  steel_front::engine::renderer] visible=65536/65536 near=65536 far=0 fps=389.0 frame_us=2647 cull_us=0 terrain_us=0 wait_fence_us=2038 acquire_us=1 record_us=43 submit_us=40 present_us=183 terrain_lod=high blend=0.000 quality=中画质 marker=63 npc=42
[2026-08-17T12:24:01Z INFO  steel_front] cam: yaw=0.0 pitch=0.0 dist=3.4 mode=FirstPerson cycle_us=2807 update_us=16 render_us=2790
[2026-08-17T12:24:01Z INFO  steel_front::engine::game] game: wave=1 enemies=6 enemy_hp=100 hp=0/100 score=0 phys_us=2 ai_us=0 audio_us=27 net_us=0
[2026-08-17T12:24:01Z INFO  steel_front::engine::renderer] visible=65536/65536 near=65536 far=0 fps=388.9 frame_us=2076 cull_us=0 terrain_us=0 wait_fence_us=2440 acquire_us=1 record_us=23 submit_us=20 present_us=143 terrain_lod=high blend=0.000 quality=中画质 marker=39 npc=42
[2026-08-17T12:24:02Z INFO  steel_front] cam: yaw=0.0 pitch=0.0 dist=3.4 mode=FirstPerson cycle_us=2548 update_us=33 render_us=2514
[2026-08-17T12:24:02Z INFO  steel_front::engine::game] game: wave=1 enemies=6 enemy_hp=100 hp=0/100 score=0 phys_us=2 ai_us=0 audio_us=26 net_us=0
[2026-08-17T12:24:02Z INFO  steel_front::engine::renderer] visible=65536/65536 near=65536 far=0 fps=389.1 frame_us=2550 cull_us=0 terrain_us=0 wait_fence_us=1903 acquire_us=1 record_us=27 submit_us=41 present_us=315 terrain_lod=high blend=0.000 quality=中画质 marker=63 npc=42
[2026-08-17T12:24:03Z INFO  steel_front] cam: yaw=0.0 pitch=0.0 dist=3.4 mode=FirstPerson cycle_us=2474 update_us=25 render_us=2449
[2026-08-17T12:24:03Z INFO  steel_front::engine::game] game: wave=1 enemies=6 enemy_hp=100 hp=0/100 score=0 phys_us=2 ai_us=0 audio_us=13 net_us=0
[2026-08-17T12:24:03Z INFO  steel_front] size diag: window_inner=2560x1600 hud=2560x1600
[2026-08-17T12:24:03Z INFO  steel_front] size diag: window_inner=2560x1600 hud=2560x1600
[2026-08-17T12:24:03Z INFO  steel_front] size diag: window_inner=2560x1600 hud=2560x1600
[2026-08-17T12:24:03Z INFO  steel_front] size diag: window_inner=2560x1600 hud=2560x1600
[2026-08-17T12:24:03Z INFO  steel_front] size diag: window_inner=2560x1600 hud=2560x1600
[2026-08-17T12:24:03Z INFO  steel_front] size diag: window_inner=2560x1600 hud=2560x1600
[2026-08-17T12:24:03Z INFO  steel_front::engine::renderer] visible=65536/65536 near=65536 far=0 fps=389.1 frame_us=2023 cull_us=1 terrain_us=0 wait_fence_us=1854 acquire_us=1 record_us=69 submit_us=37 present_us=278 terrain_lod=high blend=0.000 quality=中画质 marker=41 npc=42
[2026-08-17T12:24:03Z INFO  steel_front] size diag: window_inner=2560x1600 hud=2560x1600
[2026-08-17T12:24:03Z INFO  steel_front] size diag: window_inner=2560x1600 hud=2560x1600
[2026-08-17T12:24:03Z INFO  steel_front] size diag: window_inner=2560x1600 hud=2560x1600
[2026-08-17T12:24:03Z INFO  steel_front] size diag: window_inner=2560x1600 hud=2560x1600
[2026-08-17T12:24:03Z INFO  steel_front] size diag: window_inner=2560x1600 hud=2560x1600
[2026-08-17T12:24:03Z INFO  steel_front] size diag: window_inner=2560x1600 hud=2560x1600
[2026-08-17T12:24:03Z INFO  steel_front] size diag: window_inner=2560x1600 hud=2560x1600
[2026-08-17T12:24:03Z INFO  steel_front] size diag: window_inner=2560x1600 hud=2560x1600
[2026-08-17T12:24:03Z INFO  steel_front] size diag: window_inner=2560x1600 hud=2560x1600
[2026-08-17T12:24:03Z INFO  steel_front] size diag: window_inner=2560x1600 hud=2560x1600
[2026-08-17T12:24:03Z INFO  steel_front] size diag: window_inner=2560x1600 hud=2560x1600
[2026-08-17T12:24:03Z INFO  steel_front] size diag: window_inner=2560x1600 hud=2560x1600
[2026-08-17T12:24:03Z INFO  steel_front] size diag: window_inner=2560x1600 hud=2560x1600
[2026-08-17T12:24:04Z INFO  steel_front] cam: yaw=0.0 pitch=0.0 dist=3.4 mode=FirstPerson cycle_us=2431 update_us=33 render_us=2398
[2026-08-17T12:24:04Z INFO  steel_front::engine::game] game: wave=1 enemies=6 enemy_hp=100 hp=0/100 score=0 phys_us=2 ai_us=0 audio_us=11 net_us=0
[2026-08-17T12:24:04Z INFO  steel_front::engine::renderer] visible=65536/65536 near=65536 far=0 fps=388.8 frame_us=2323 cull_us=1 terrain_us=0 wait_fence_us=2073 acquire_us=1 record_us=43 submit_us=39 present_us=327 terrain_lod=high blend=0.000 quality=中画质 marker=63 npc=42
[2026-08-17T12:24:05Z INFO  steel_front] cam: yaw=0.0 pitch=0.0 dist=3.4 mode=FirstPerson cycle_us=2572 update_us=25 render_us=2547
[2026-08-17T12:24:05Z INFO  steel_front::engine::game] game: wave=1 enemies=6 enemy_hp=100 hp=0/100 score=0 phys_us=2 ai_us=0 audio_us=11 net_us=0
[2026-08-17T12:24:05Z INFO  steel_front::engine::renderer] visible=65536/65536 near=65536 far=0 fps=389.3 frame_us=2394 cull_us=1 terrain_us=0 wait_fence_us=2221 acquire_us=1 record_us=36 submit_us=29 present_us=243 terrain_lod=high blend=0.000 quality=中画质 marker=42 npc=42
[2026-08-17T12:24:06Z INFO  steel_front] cam: yaw=0.0 pitch=0.0 dist=3.4 mode=FirstPerson cycle_us=2748 update_us=16 render_us=2732
[2026-08-17T12:24:06Z INFO  steel_front::engine::game] game: wave=1 enemies=6 enemy_hp=100 hp=0/100 score=0 phys_us=1 ai_us=0 audio_us=25 net_us=0
[2026-08-17T12:24:06Z INFO  steel_front::engine::renderer] visible=65536/65536 near=65536 far=0 fps=389.3 frame_us=2540 cull_us=1 terrain_us=0 wait_fence_us=2167 acquire_us=1 record_us=38 submit_us=31 present_us=199 terrain_lod=high blend=0.000 quality=中画质 marker=63 npc=42
[2026-08-17T12:24:07Z INFO  steel_front] cam: yaw=0.0 pitch=0.0 dist=3.4 mode=FirstPerson cycle_us=2534 update_us=36 render_us=2497
[2026-08-17T12:24:07Z INFO  steel_front::engine::game] game: wave=1 enemies=6 enemy_hp=100 hp=0/100 score=0 phys_us=1 ai_us=0 audio_us=28 net_us=0
[2026-08-17T12:24:07Z INFO  steel_front::engine::renderer] visible=65536/65536 near=65536 far=0 fps=389.5 frame_us=2301 cull_us=0 terrain_us=0 wait_fence_us=2190 acquire_us=1 record_us=51 submit_us=38 present_us=189 terrain_lod=high blend=0.000 quality=中画质 marker=44 npc=42
[2026-08-17T12:24:08Z INFO  steel_front] cam: yaw=0.0 pitch=0.0 dist=3.4 mode=FirstPerson cycle_us=2563 update_us=31 render_us=2531
[2026-08-17T12:24:08Z INFO  steel_front::engine::game] game: wave=1 enemies=6 enemy_hp=100 hp=0/100 score=0 phys_us=2 ai_us=0 audio_us=12 net_us=0
[2026-08-17T12:24:08Z INFO  steel_front] size diag: window_inner=2560x1600 hud=2560x1600
[2026-08-17T12:24:08Z INFO  steel_front] size diag: window_inner=2560x1600 hud=2560x1600
[2026-08-17T12:24:08Z INFO  steel_front] size diag: window_inner=2560x1600 hud=2560x1600
[2026-08-17T12:24:08Z INFO  steel_front] size diag: window_inner=2560x1600 hud=2560x1600
[2026-08-17T12:24:08Z INFO  steel_front] size diag: window_inner=2560x1600 hud=2560x1600
[2026-08-17T12:24:08Z INFO  steel_front] size diag: window_inner=2560x1600 hud=2560x1600
[2026-08-17T12:24:08Z INFO  steel_front] size diag: window_inner=2560x1600 hud=2560x1600
[2026-08-17T12:24:08Z INFO  steel_front] size diag: window_inner=2560x1600 hud=2560x1600
[2026-08-17T12:24:08Z INFO  steel_front] size diag: window_inner=2560x1600 hud=2560x1600
[2026-08-17T12:24:08Z INFO  steel_front] size diag: window_inner=2560x1600 hud=2560x1600
[2026-08-17T12:24:08Z INFO  steel_front::engine::renderer] visible=65536/65536 near=65536 far=0 fps=389.3 frame_us=1978 cull_us=0 terrain_us=0 wait_fence_us=1612 acquire_us=1 record_us=34 submit_us=27 present_us=227 terrain_lod=high blend=0.000 quality=中画质 marker=63 npc=42
[2026-08-17T12:24:08Z INFO  steel_front] size diag: window_inner=2560x1600 hud=2560x1600
[2026-08-17T12:24:08Z INFO  steel_front] size diag: window_inner=2560x1600 hud=2560x1600
[2026-08-17T12:24:08Z INFO  steel_front] size diag: window_inner=2560x1600 hud=2560x1600
[2026-08-17T12:24:08Z INFO  steel_front] size diag: window_inner=2560x1600 hud=2560x1600
[2026-08-17T12:24:08Z INFO  steel_front] size diag: window_inner=2560x1600 hud=2560x1600
[2026-08-17T12:24:08Z INFO  steel_front] size diag: window_inner=2560x1600 hud=2560x1600
[2026-08-17T12:24:08Z INFO  steel_front] size diag: window_inner=2560x1600 hud=2560x1600
[2026-08-17T12:24:08Z INFO  steel_front] size diag: window_inner=2560x1600 hud=2560x1600
[2026-08-17T12:24:08Z INFO  steel_front] size diag: window_inner=2560x1600 hud=2560x1600
[2026-08-17T12:24:08Z INFO  steel_front] size diag: window_inner=2560x1600 hud=2560x1600
[2026-08-17T12:24:09Z INFO  steel_front] cam: yaw=0.0 pitch=0.0 dist=3.4 mode=FirstPerson cycle_us=2890 update_us=16 render_us=2874
[2026-08-17T12:24:09Z INFO  steel_front::engine::game] game: wave=1 enemies=6 enemy_hp=100 hp=0/100 score=0 phys_us=2 ai_us=0 audio_us=29 net_us=0
[2026-08-17T12:24:09Z INFO  steel_front::engine::renderer] visible=65536/65536 near=65536 far=0 fps=389.2 frame_us=2442 cull_us=1 terrain_us=0 wait_fence_us=1976 acquire_us=1 record_us=30 submit_us=36 present_us=211 terrain_lod=high blend=0.000 quality=中画质 marker=45 npc=42
[2026-08-17T12:24:10Z INFO  steel_front] cam: yaw=0.0 pitch=0.0 dist=3.4 mode=FirstPerson cycle_us=2582 update_us=20 render_us=2562
[2026-08-17T12:24:10Z INFO  steel_front::engine::game] game: wave=1 enemies=6 enemy_hp=100 hp=0/100 score=0 phys_us=1 ai_us=0 audio_us=17 net_us=0
[2026-08-17T12:24:10Z INFO  steel_front::engine::renderer] visible=65536/65536 near=65536 far=0 fps=388.8 frame_us=2673 cull_us=1 terrain_us=0 wait_fence_us=1986 acquire_us=1 record_us=50 submit_us=45 present_us=389 terrain_lod=high blend=0.000 quality=中画质 marker=63 npc=42
[2026-08-17T12:24:11Z INFO  steel_front] cam: yaw=0.0 pitch=0.0 dist=3.4 mode=FirstPerson cycle_us=2767 update_us=16 render_us=2750
[2026-08-17T12:24:11Z INFO  steel_front::engine::game] game: wave=1 enemies=6 enemy_hp=100 hp=0/100 score=0 phys_us=2 ai_us=0 audio_us=13 net_us=0
[2026-08-17T12:24:11Z INFO  steel_front::engine::renderer] visible=65536/65536 near=65536 far=0 fps=389.4 frame_us=2195 cull_us=1 terrain_us=0 wait_fence_us=2189 acquire_us=2 record_us=54 submit_us=43 present_us=309 terrain_lod=high blend=0.000 quality=中画质 marker=47 npc=42
[2026-08-17T12:24:12Z INFO  steel_front] cam: yaw=0.0 pitch=0.0 dist=3.4 mode=FirstPerson cycle_us=2457 update_us=35 render_us=2421
[2026-08-17T12:24:12Z INFO  steel_front::engine::game] game: wave=1 enemies=6 enemy_hp=100 hp=0/100 score=0 phys_us=3 ai_us=0 audio_us=12 net_us=0
[2026-08-17T12:24:12Z INFO  steel_front::engine::renderer] visible=65536/65536 near=65536 far=0 fps=389.5 frame_us=2251 cull_us=1 terrain_us=0 wait_fence_us=1992 acquire_us=1 record_us=47 submit_us=36 present_us=186 terrain_lod=high blend=0.000 quality=中画质 marker=63 npc=42
[2026-08-17T12:24:13Z INFO  steel_front] cam: yaw=0.0 pitch=0.0 dist=3.4 mode=FirstPerson cycle_us=2610 update_us=21 render_us=2588
[2026-08-17T12:24:13Z INFO  steel_front::engine::game] game: wave=1 enemies=6 enemy_hp=100 hp=0/100 score=0 phys_us=1 ai_us=0 audio_us=27 net_us=0
[2026-08-17T12:24:13Z INFO  steel_front] size diag: window_inner=2560x1600 hud=2560x1600
[2026-08-17T12:24:13Z INFO  steel_front] size diag: window_inner=2560x1600 hud=2560x1600
[2026-08-17T12:24:13Z INFO  steel_front] size diag: window_inner=2560x1600 hud=2560x1600
[2026-08-17T12:24:13Z INFO  steel_front] size diag: window_inner=2560x1600 hud=2560x1600
[2026-08-17T12:24:13Z INFO  steel_front] size diag: window_inner=2560x1600 hud=2560x1600
[2026-08-17T12:24:13Z INFO  steel_front] size diag: window_inner=2560x1600 hud=2560x1600
[2026-08-17T12:24:13Z INFO  steel_front] size diag: window_inner=2560x1600 hud=2560x1600
[2026-08-17T12:24:13Z INFO  steel_front] size diag: window_inner=2560x1600 hud=2560x1600
[2026-08-17T12:24:13Z INFO  steel_front] size diag: window_inner=2560x1600 hud=2560x1600
[2026-08-17T12:24:13Z INFO  steel_front] size diag: window_inner=2560x1600 hud=2560x1600
[2026-08-17T12:24:13Z INFO  steel_front] size diag: window_inner=2560x1600 hud=2560x1600
[2026-08-17T12:24:13Z INFO  steel_front] size diag: window_inner=2560x1600 hud=2560x1600
[2026-08-17T12:24:13Z INFO  steel_front] size diag: window_inner=2560x1600 hud=2560x1600
[2026-08-17T12:24:13Z INFO  steel_front::engine::renderer] visible=65536/65536 near=65536 far=0 fps=389.0 frame_us=2222 cull_us=0 terrain_us=0 wait_fence_us=1767 acquire_us=1 record_us=51 submit_us=37 present_us=210 terrain_lod=high blend=0.000 quality=中画质 marker=48 npc=42
[2026-08-17T12:24:13Z INFO  steel_front] size diag: window_inner=2560x1600 hud=2560x1600
[2026-08-17T12:24:13Z INFO  steel_front] size diag: window_inner=2560x1600 hud=2560x1600
[2026-08-17T12:24:13Z INFO  steel_front] size diag: window_inner=2560x1600 hud=2560x1600
[2026-08-17T12:24:13Z INFO  steel_front] size diag: window_inner=2560x1600 hud=2560x1600
[2026-08-17T12:24:13Z INFO  steel_front] size diag: window_inner=2560x1600 hud=2560x1600
[2026-08-17T12:24:13Z INFO  steel_front] size diag: window_inner=2560x1600 hud=2560x1600
[2026-08-17T12:24:13Z INFO  steel_front] size diag: window_inner=2560x1600 hud=2560x1600
[2026-08-17T12:24:14Z INFO  steel_front] cam: yaw=0.0 pitch=0.0 dist=3.4 mode=FirstPerson cycle_us=2532 update_us=27 render_us=2505
[2026-08-17T12:24:14Z INFO  steel_front::engine::game] game: wave=1 enemies=6 enemy_hp=100 hp=0/100 score=0 phys_us=1 ai_us=0 audio_us=27 net_us=0
[2026-08-17T12:24:14Z INFO  steel_front::engine::renderer] visible=65536/65536 near=65536 far=0 fps=389.0 frame_us=2262 cull_us=1 terrain_us=0 wait_fence_us=2098 acquire_us=1 record_us=32 submit_us=26 present_us=383 terrain_lod=high blend=0.000 quality=中画质 marker=63 npc=42
[2026-08-17T12:24:15Z INFO  steel_front] cam: yaw=0.0 pitch=0.0 dist=3.4 mode=FirstPerson cycle_us=2498 update_us=33 render_us=2465
[2026-08-17T12:24:15Z INFO  steel_front::engine::game] game: wave=1 enemies=6 enemy_hp=100 hp=0/100 score=0 phys_us=1 ai_us=0 audio_us=13 net_us=0
[2026-08-17T12:24:15Z INFO  steel_front::engine::renderer] visible=65536/65536 near=65536 far=0 fps=389.0 frame_us=2193 cull_us=0 terrain_us=0 wait_fence_us=2227 acquire_us=1 record_us=37 submit_us=29 present_us=238 terrain_lod=high blend=0.000 quality=中画质 marker=49 npc=42
[2026-08-17T12:24:16Z INFO  steel_front] cam: yaw=0.0 pitch=0.0 dist=3.4 mode=FirstPerson cycle_us=2938 update_us=20 render_us=2917
[2026-08-17T12:24:16Z INFO  steel_front::engine::game] game: wave=1 enemies=6 enemy_hp=100 hp=0/100 score=0 phys_us=2 ai_us=0 audio_us=16 net_us=0
[2026-08-17T12:24:16Z INFO  steel_front::engine::renderer] visible=65536/65536 near=65536 far=0 fps=388.9 frame_us=2299 cull_us=1 terrain_us=0 wait_fence_us=2243 acquire_us=0 record_us=34 submit_us=26 present_us=243 terrain_lod=high blend=0.000 quality=中画质 marker=63 npc=42
[2026-08-17T12:24:17Z INFO  steel_front] cam: yaw=0.0 pitch=0.0 dist=3.4 mode=FirstPerson cycle_us=2283 update_us=35 render_us=2247
[2026-08-17T12:24:17Z INFO  steel_front::engine::game] game: wave=1 enemies=6 enemy_hp=100 hp=0/100 score=0 phys_us=2 ai_us=0 audio_us=14 net_us=0
[2026-08-17T12:24:17Z INFO  steel_front::engine::renderer] visible=65536/65536 near=65536 far=0 fps=389.3 frame_us=2549 cull_us=1 terrain_us=0 wait_fence_us=1712 acquire_us=1 record_us=46 submit_us=41 present_us=302 terrain_lod=high blend=0.000 quality=中画质 marker=50 npc=42
[2026-08-17T12:24:18Z INFO  steel_front] cam: yaw=0.0 pitch=0.0 dist=3.4 mode=FirstPerson cycle_us=2305 update_us=30 render_us=2274
[2026-08-17T12:24:18Z INFO  steel_front::engine::game] game: wave=1 enemies=6 enemy_hp=100 hp=0/100 score=0 phys_us=2 ai_us=0 audio_us=13 net_us=0
[2026-08-17T12:24:18Z INFO  steel_front] size diag: window_inner=2560x1600 hud=2560x1600
[2026-08-17T12:24:18Z INFO  steel_front] size diag: window_inner=2560x1600 hud=2560x1600
[2026-08-17T12:24:18Z INFO  steel_front] size diag: window_inner=2560x1600 hud=2560x1600
[2026-08-17T12:24:18Z INFO  steel_front] size diag: window_inner=2560x1600 hud=2560x1600
[2026-08-17T12:24:18Z INFO  steel_front] size diag: window_inner=2560x1600 hud=2560x1600
[2026-08-17T12:24:18Z INFO  steel_front] size diag: window_inner=2560x1600 hud=2560x1600
[2026-08-17T12:24:18Z INFO  steel_front] size diag: window_inner=2560x1600 hud=2560x1600
[2026-08-17T12:24:18Z INFO  steel_front] size diag: window_inner=2560x1600 hud=2560x1600
[2026-08-17T12:24:18Z INFO  steel_front] size diag: window_inner=2560x1600 hud=2560x1600
[2026-08-17T12:24:18Z INFO  steel_front] size diag: window_inner=2560x1600 hud=2560x1600
[2026-08-17T12:24:18Z INFO  steel_front] size diag: window_inner=2560x1600 hud=2560x1600
[2026-08-17T12:24:18Z INFO  steel_front] size diag: window_inner=2560x1600 hud=2560x1600
[2026-08-17T12:24:18Z INFO  steel_front] size diag: window_inner=2560x1600 hud=2560x1600
[2026-08-17T12:24:18Z INFO  steel_front] size diag: window_inner=2560x1600 hud=2560x1600
[2026-08-17T12:24:18Z INFO  steel_front] size diag: window_inner=2560x1600 hud=2560x1600
[2026-08-17T12:24:18Z INFO  steel_front] size diag: window_inner=2560x1600 hud=2560x1600
[2026-08-17T12:24:18Z INFO  steel_front] size diag: window_inner=2560x1600 hud=2560x1600
[2026-08-17T12:24:18Z INFO  steel_front::engine::renderer] visible=65536/65536 near=65536 far=0 fps=389.0 frame_us=2271 cull_us=0 terrain_us=0 wait_fence_us=1919 acquire_us=0 record_us=32 submit_us=26 present_us=366 terrain_lod=high blend=0.000 quality=中画质 marker=63 npc=42
[2026-08-17T12:24:18Z INFO  steel_front] size diag: window_inner=2560x1600 hud=2560x1600
[2026-08-17T12:24:18Z INFO  steel_front] size diag: window_inner=2560x1600 hud=2560x1600
[2026-08-17T12:24:18Z INFO  steel_front] size diag: window_inner=2560x1600 hud=2560x1600
[2026-08-17T12:24:19Z INFO  steel_front] cam: yaw=0.0 pitch=0.0 dist=3.4 mode=FirstPerson cycle_us=2707 update_us=31 render_us=2675
[2026-08-17T12:24:19Z INFO  steel_front::engine::game] game: wave=1 enemies=6 enemy_hp=100 hp=0/100 score=0 phys_us=2 ai_us=0 audio_us=13 net_us=0
[2026-08-17T12:24:19Z INFO  steel_front::engine::renderer] visible=65536/65536 near=65536 far=0 fps=389.1 frame_us=2450 cull_us=0 terrain_us=0 wait_fence_us=2031 acquire_us=0 record_us=33 submit_us=52 present_us=178 terrain_lod=high blend=0.000 quality=中画质 marker=53 npc=42
[2026-08-17T12:24:20Z INFO  steel_front] cam: yaw=0.0 pitch=0.0 dist=3.4 mode=FirstPerson cycle_us=2434 update_us=36 render_us=2398
[2026-08-17T12:24:20Z INFO  steel_front::engine::game] game: wave=1 enemies=6 enemy_hp=100 hp=0/100 score=0 phys_us=2 ai_us=0 audio_us=12 net_us=0
[2026-08-17T12:24:20Z INFO  steel_front::engine::renderer] visible=65536/65536 near=65536 far=0 fps=389.1 frame_us=2319 cull_us=0 terrain_us=0 wait_fence_us=2238 acquire_us=0 record_us=32 submit_us=27 present_us=258 terrain_lod=high blend=0.000 quality=中画质 marker=63 npc=42
[2026-08-17T12:24:21Z INFO  steel_front] cam: yaw=0.0 pitch=0.0 dist=3.4 mode=FirstPerson cycle_us=2611 update_us=18 render_us=2592
[2026-08-17T12:24:21Z INFO  steel_front::engine::game] game: wave=1 enemies=6 enemy_hp=100 hp=0/100 score=0 phys_us=2 ai_us=0 audio_us=12 net_us=0
[2026-08-17T12:24:21Z INFO  steel_front::engine::renderer] visible=65536/65536 near=65536 far=0 fps=389.4 frame_us=2309 cull_us=0 terrain_us=0 wait_fence_us=1822 acquire_us=0 record_us=31 submit_us=45 present_us=218 terrain_lod=high blend=0.000 quality=中画质 marker=55 npc=42
[2026-08-17T12:24:22Z INFO  steel_front] cam: yaw=0.0 pitch=0.0 dist=3.4 mode=FirstPerson cycle_us=2406 update_us=33 render_us=2372
[2026-08-17T12:24:22Z INFO  steel_front::engine::game] game: wave=1 enemies=6 enemy_hp=100 hp=0/100 score=0 phys_us=2 ai_us=0 audio_us=25 net_us=0
[2026-08-17T12:24:22Z INFO  steel_front::engine::renderer] visible=65536/65536 near=65536 far=0 fps=388.9 frame_us=2463 cull_us=1 terrain_us=0 wait_fence_us=2019 acquire_us=1 record_us=50 submit_us=45 present_us=299 terrain_lod=high blend=0.000 quality=中画质 marker=63 npc=42
[2026-08-17T12:24:23Z INFO  steel_front] cam: yaw=0.0 pitch=0.0 dist=3.4 mode=FirstPerson cycle_us=2685 update_us=38 render_us=2647
[2026-08-17T12:24:23Z INFO  steel_front::engine::game] game: wave=1 enemies=6 enemy_hp=100 hp=0/100 score=0 phys_us=2 ai_us=0 audio_us=12 net_us=0
[2026-08-17T12:24:23Z INFO  steel_front] size diag: window_inner=2560x1600 hud=2560x1600
[2026-08-17T12:24:23Z INFO  steel_front] size diag: window_inner=2560x1600 hud=2560x1600
[2026-08-17T12:24:23Z INFO  steel_front] size diag: window_inner=2560x1600 hud=2560x1600
[2026-08-17T12:24:23Z INFO  steel_front] size diag: window_inner=2560x1600 hud=2560x1600
[2026-08-17T12:24:23Z INFO  steel_front] size diag: window_inner=2560x1600 hud=2560x1600
[2026-08-17T12:24:23Z INFO  steel_front] size diag: window_inner=2560x1600 hud=2560x1600
[2026-08-17T12:24:23Z INFO  steel_front] size diag: window_inner=2560x1600 hud=2560x1600
[2026-08-17T12:24:23Z INFO  steel_front] size diag: window_inner=2560x1600 hud=2560x1600
[2026-08-17T12:24:23Z INFO  steel_front] size diag: window_inner=2560x1600 hud=2560x1600
[2026-08-17T12:24:23Z INFO  steel_front] size diag: window_inner=2560x1600 hud=2560x1600
[2026-08-17T12:24:23Z INFO  steel_front] size diag: window_inner=2560x1600 hud=2560x1600
[2026-08-17T12:24:23Z INFO  steel_front] size diag: window_inner=2560x1600 hud=2560x1600
[2026-08-17T12:24:23Z INFO  steel_front] size diag: window_inner=2560x1600 hud=2560x1600
[2026-08-17T12:24:23Z INFO  steel_front] size diag: window_inner=2560x1600 hud=2560x1600
[2026-08-17T12:24:23Z INFO  steel_front] size diag: window_inner=2560x1600 hud=2560x1600
[2026-08-17T12:24:23Z INFO  steel_front] size diag: window_inner=2560x1600 hud=2560x1600
[2026-08-17T12:24:23Z INFO  steel_front] size diag: window_inner=2560x1600 hud=2560x1600
[2026-08-17T12:24:23Z INFO  steel_front] size diag: window_inner=2560x1600 hud=2560x1600
[2026-08-17T12:24:23Z INFO  steel_front] size diag: window_inner=2560x1600 hud=2560x1600
[2026-08-17T12:24:23Z INFO  steel_front::engine::renderer] visible=65536/65536 near=65536 far=0 fps=389.1 frame_us=2338 cull_us=0 terrain_us=0 wait_fence_us=1854 acquire_us=1 record_us=26 submit_us=43 present_us=195 terrain_lod=high blend=0.000 quality=中画质 marker=57 npc=42
[2026-08-17T12:24:24Z INFO  steel_front] cam: yaw=0.0 pitch=0.0 dist=3.4 mode=FirstPerson cycle_us=2427 update_us=34 render_us=2392
[2026-08-17T12:24:24Z INFO  steel_front::engine::game] game: wave=1 enemies=6 enemy_hp=100 hp=0/100 score=0 phys_us=2 ai_us=0 audio_us=27 net_us=0
[2026-08-17T12:24:24Z INFO  steel_front::engine::renderer] visible=65536/65536 near=65536 far=0 fps=389.1 frame_us=2311 cull_us=0 terrain_us=0 wait_fence_us=2352 acquire_us=1 record_us=31 submit_us=38 present_us=233 terrain_lod=high blend=0.000 quality=中画质 marker=63 npc=42
[2026-08-17T12:24:25Z INFO  steel_front] cam: yaw=0.0 pitch=0.0 dist=3.4 mode=FirstPerson cycle_us=2266 update_us=31 render_us=2234
[2026-08-17T12:24:25Z INFO  steel_front::engine::game] game: wave=1 enemies=6 enemy_hp=100 hp=0/100 score=0 phys_us=2 ai_us=0 audio_us=16 net_us=0
[2026-08-17T12:24:25Z INFO  steel_front::engine::renderer] visible=65536/65536 near=65536 far=0 fps=389.2 frame_us=2635 cull_us=0 terrain_us=0 wait_fence_us=2113 acquire_us=1 record_us=44 submit_us=30 present_us=273 terrain_lod=high blend=0.000 quality=中画质 marker=59 npc=42
[2026-08-17T12:24:26Z INFO  steel_front] cam: yaw=0.0 pitch=0.0 dist=3.4 mode=FirstPerson cycle_us=2433 update_us=32 render_us=2400
[2026-08-17T12:24:26Z INFO  steel_front::engine::game] game: wave=1 enemies=6 enemy_hp=100 hp=0/100 score=0 phys_us=1 ai_us=0 audio_us=27 net_us=0
[2026-08-17T12:24:26Z INFO  steel_front::engine::renderer] visible=65536/65536 near=65536 far=0 fps=389.1 frame_us=2721 cull_us=0 terrain_us=0 wait_fence_us=1850 acquire_us=1 record_us=41 submit_us=33 present_us=271 terrain_lod=high blend=0.000 quality=中画质 marker=62 npc=42
[2026-08-17T12:24:27Z INFO  steel_front] cam: yaw=0.0 pitch=0.0 dist=3.4 mode=FirstPerson cycle_us=2620 update_us=16 render_us=2604
[2026-08-17T12:24:27Z INFO  steel_front::engine::game] game: wave=1 enemies=6 enemy_hp=100 hp=0/100 score=0 phys_us=2 ai_us=0 audio_us=25 net_us=0
[2026-08-17T12:24:27Z INFO  steel_front::engine::renderer] visible=65536/65536 near=65536 far=0 fps=389.2 frame_us=2403 cull_us=1 terrain_us=0 wait_fence_us=1869 acquire_us=2 record_us=46 submit_us=49 present_us=367 terrain_lod=high blend=0.000 quality=中画质 marker=61 npc=42
[2026-08-17T12:24:28Z INFO  steel_front] cam: yaw=0.0 pitch=0.0 dist=3.4 mode=FirstPerson cycle_us=2640 update_us=33 render_us=2606
[2026-08-17T12:24:28Z INFO  steel_front::engine::game] game: wave=1 enemies=6 enemy_hp=100 hp=0/100 score=0 phys_us=3 ai_us=0 audio_us=14 net_us=0
[2026-08-17T12:24:28Z INFO  steel_front] size diag: window_inner=2560x1600 hud=2560x1600
[2026-08-17T12:24:28Z INFO  steel_front] size diag: window_inner=2560x1600 hud=2560x1600
[2026-08-17T12:24:28Z INFO  steel_front] size diag: window_inner=2560x1600 hud=2560x1600
[2026-08-17T12:24:28Z INFO  steel_front] size diag: window_inner=2560x1600 hud=2560x1600
[2026-08-17T12:24:28Z INFO  steel_front] size diag: window_inner=2560x1600 hud=2560x1600
[2026-08-17T12:24:28Z INFO  steel_front] size diag: window_inner=2560x1600 hud=2560x1600
[2026-08-17T12:24:28Z INFO  steel_front] size diag: window_inner=2560x1600 hud=2560x1600
[2026-08-17T12:24:28Z INFO  steel_front] size diag: window_inner=2560x1600 hud=2560x1600
[2026-08-17T12:24:28Z INFO  steel_front] size diag: window_inner=2560x1600 hud=2560x1600
[2026-08-17T12:24:28Z INFO  steel_front] size diag: window_inner=2560x1600 hud=2560x1600
[2026-08-17T12:24:28Z INFO  steel_front] size diag: window_inner=2560x1600 hud=2560x1600
[2026-08-17T12:24:28Z INFO  steel_front] size diag: window_inner=2560x1600 hud=2560x1600
[2026-08-17T12:24:28Z INFO  steel_front] size diag: window_inner=2560x1600 hud=2560x1600
[2026-08-17T12:24:28Z INFO  steel_front] size diag: window_inner=2560x1600 hud=2560x1600
[2026-08-17T12:24:28Z INFO  steel_front] size diag: window_inner=2560x1600 hud=2560x1600
[2026-08-17T12:24:28Z INFO  steel_front] size diag: window_inner=2560x1600 hud=2560x1600
[2026-08-17T12:24:28Z INFO  steel_front] size diag: window_inner=2560x1600 hud=2560x1600
[2026-08-17T12:24:28Z INFO  steel_front] size diag: window_inner=2560x1600 hud=2560x1600
[2026-08-17T12:24:28Z INFO  steel_front] size diag: window_inner=2560x1600 hud=2560x1600
[2026-08-17T12:24:28Z INFO  steel_front::engine::renderer] visible=65536/65536 near=65536 far=0 fps=388.6 frame_us=2586 cull_us=0 terrain_us=0 wait_fence_us=2222 acquire_us=1 record_us=46 submit_us=37 present_us=265 terrain_lod=high blend=0.000 quality=中画质 marker=62 npc=42
[2026-08-17T12:24:29Z INFO  steel_front] cam: yaw=0.0 pitch=0.0 dist=3.4 mode=FirstPerson cycle_us=2422 update_us=35 render_us=2387
[2026-08-17T12:24:29Z INFO  steel_front::engine::game] game: wave=1 enemies=6 enemy_hp=100 hp=0/100 score=0 phys_us=2 ai_us=0 audio_us=11 net_us=0
[2026-08-17T12:24:29Z INFO  steel_front::engine::renderer] visible=65536/65536 near=65536 far=0 fps=389.0 frame_us=2115 cull_us=0 terrain_us=0 wait_fence_us=2413 acquire_us=0 record_us=23 submit_us=19 present_us=143 terrain_lod=high blend=0.000 quality=中画质 marker=63 npc=42
[2026-08-17T12:24:30Z INFO  steel_front] cam: yaw=0.0 pitch=0.0 dist=3.4 mode=FirstPerson cycle_us=2624 update_us=32 render_us=2592
[2026-08-17T12:24:30Z INFO  steel_front::engine::game] game: wave=1 enemies=6 enemy_hp=100 hp=0/100 score=0 phys_us=2 ai_us=0 audio_us=27 net_us=0
[2026-08-17T12:24:30Z INFO  steel_front::engine::renderer] visible=65536/65536 near=65536 far=0 fps=389.3 frame_us=2545 cull_us=0 terrain_us=0 wait_fence_us=1903 acquire_us=1 record_us=46 submit_us=32 present_us=244 terrain_lod=high blend=0.000 quality=中画质 marker=62 npc=42
[2026-08-17T12:24:31Z INFO  steel_front] cam: yaw=0.0 pitch=0.0 dist=3.4 mode=FirstPerson cycle_us=2673 update_us=17 render_us=2655
[2026-08-17T12:24:31Z INFO  steel_front::engine::game] game: wave=1 enemies=6 enemy_hp=100 hp=0/100 score=0 phys_us=2 ai_us=0 audio_us=24 net_us=0
[2026-08-17T12:24:31Z INFO  steel_front::engine::renderer] visible=65536/65536 near=65536 far=0 fps=389.2 frame_us=2399 cull_us=0 terrain_us=0 wait_fence_us=1666 acquire_us=1 record_us=41 submit_us=37 present_us=417 terrain_lod=high blend=0.000 quality=中画质 marker=62 npc=42
[2026-08-17T12:24:32Z INFO  steel_front] cam: yaw=0.0 pitch=0.0 dist=3.4 mode=FirstPerson cycle_us=2374 update_us=33 render_us=2340
[2026-08-17T12:24:32Z INFO  steel_front::engine::game] game: wave=1 enemies=6 enemy_hp=100 hp=0/100 score=0 phys_us=2 ai_us=0 audio_us=27 net_us=0
[2026-08-17T12:24:32Z INFO  steel_front::engine::renderer] visible=65536/65536 near=65536 far=0 fps=389.1 frame_us=2228 cull_us=0 terrain_us=0 wait_fence_us=2309 acquire_us=0 record_us=24 submit_us=22 present_us=262 terrain_lod=high blend=0.000 quality=中画质 marker=63 npc=42
[2026-08-17T12:24:33Z INFO  steel_front] cam: yaw=0.0 pitch=0.0 dist=3.4 mode=FirstPerson cycle_us=2597 update_us=35 render_us=2561
[2026-08-17T12:24:33Z INFO  steel_front::engine::game] game: wave=1 enemies=6 enemy_hp=100 hp=0/100 score=0 phys_us=1 ai_us=0 audio_us=12 net_us=0
[2026-08-17T12:24:33Z INFO  steel_front] size diag: window_inner=2560x1600 hud=2560x1600
[2026-08-17T12:24:33Z INFO  steel_front] size diag: window_inner=2560x1600 hud=2560x1600
[2026-08-17T12:24:33Z INFO  steel_front] size diag: window_inner=2560x1600 hud=2560x1600
[2026-08-17T12:24:33Z INFO  steel_front] size diag: window_inner=2560x1600 hud=2560x1600
[2026-08-17T12:24:33Z INFO  steel_front] size diag: window_inner=2560x1600 hud=2560x1600
[2026-08-17T12:24:33Z INFO  steel_front] size diag: window_inner=2560x1600 hud=2560x1600
[2026-08-17T12:24:33Z INFO  steel_front] size diag: window_inner=2560x1600 hud=2560x1600
[2026-08-17T12:24:33Z INFO  steel_front] size diag: window_inner=2560x1600 hud=2560x1600
[2026-08-17T12:24:33Z INFO  steel_front] size diag: window_inner=2560x1600 hud=2560x1600
[2026-08-17T12:24:33Z INFO  steel_front] size diag: window_inner=2560x1600 hud=2560x1600
[2026-08-17T12:24:33Z INFO  steel_front] size diag: window_inner=2560x1600 hud=2560x1600
[2026-08-17T12:24:33Z INFO  steel_front] size diag: window_inner=2560x1600 hud=2560x1600
[2026-08-17T12:24:33Z INFO  steel_front] size diag: window_inner=2560x1600 hud=2560x1600
[2026-08-17T12:24:33Z INFO  steel_front] size diag: window_inner=2560x1600 hud=2560x1600
[2026-08-17T12:24:33Z INFO  steel_front] size diag: window_inner=2560x1600 hud=2560x1600
[2026-08-17T12:24:33Z INFO  steel_front] size diag: window_inner=2560x1600 hud=2560x1600
[2026-08-17T12:24:33Z INFO  steel_front] size diag: window_inner=2560x1600 hud=2560x1600
[2026-08-17T12:24:33Z INFO  steel_front] size diag: window_inner=2560x1600 hud=2560x1600
[2026-08-17T12:24:33Z INFO  steel_front] size diag: window_inner=2560x1600 hud=2560x1600
[2026-08-17T12:24:33Z INFO  steel_front::engine::renderer] visible=65536/65536 near=65536 far=0 fps=389.2 frame_us=2502 cull_us=0 terrain_us=0 wait_fence_us=2108 acquire_us=0 record_us=24 submit_us=41 present_us=144 terrain_lod=high blend=0.000 quality=中画质 marker=63 npc=42
[2026-08-17T12:24:34Z INFO  steel_front] cam: yaw=0.0 pitch=0.0 dist=3.4 mode=FirstPerson cycle_us=2374 update_us=44 render_us=2330
[2026-08-17T12:24:34Z INFO  steel_front::engine::game] game: wave=1 enemies=6 enemy_hp=100 hp=0/100 score=0 phys_us=3 ai_us=0 audio_us=13 net_us=0
[2026-08-17T12:24:34Z INFO  steel_front::engine::renderer] visible=65536/65536 near=65536 far=0 fps=389.0 frame_us=2447 cull_us=0 terrain_us=0 wait_fence_us=2058 acquire_us=1 record_us=45 submit_us=44 present_us=348 terrain_lod=high blend=0.000 quality=中画质 marker=63 npc=42
[2026-08-17T12:24:35Z INFO  steel_front] cam: yaw=0.0 pitch=0.0 dist=3.4 mode=FirstPerson cycle_us=2702 update_us=35 render_us=2666
[2026-08-17T12:24:35Z INFO  steel_front::engine::game] game: wave=1 enemies=6 enemy_hp=100 hp=0/100 score=0 phys_us=2 ai_us=0 audio_us=13 net_us=0
[2026-08-17T12:24:35Z INFO  steel_front::engine::renderer] visible=65536/65536 near=65536 far=0 fps=388.7 frame_us=2225 cull_us=0 terrain_us=0 wait_fence_us=2280 acquire_us=1 record_us=33 submit_us=27 present_us=227 terrain_lod=high blend=0.000 quality=中画质 marker=62 npc=42
[2026-08-17T12:24:36Z INFO  steel_front] cam: yaw=0.0 pitch=0.0 dist=3.4 mode=FirstPerson cycle_us=2346 update_us=34 render_us=2311
[2026-08-17T12:24:36Z INFO  steel_front::engine::game] game: wave=1 enemies=6 enemy_hp=100 hp=0/100 score=0 phys_us=2 ai_us=0 audio_us=13 net_us=0
[2026-08-17T12:24:36Z INFO  steel_front::engine::renderer] visible=65536/65536 near=65536 far=0 fps=389.1 frame_us=2061 cull_us=0 terrain_us=0 wait_fence_us=2160 acquire_us=1 record_us=23 submit_us=20 present_us=148 terrain_lod=high blend=0.000 quality=中画质 marker=63 npc=42
[2026-08-17T12:24:37Z INFO  steel_front] cam: yaw=0.0 pitch=0.0 dist=3.4 mode=FirstPerson cycle_us=2459 update_us=37 render_us=2422
[2026-08-17T12:24:37Z INFO  steel_front::engine::game] game: wave=1 enemies=6 enemy_hp=100 hp=0/100 score=0 phys_us=2 ai_us=0 audio_us=29 net_us=0
[2026-08-17T12:24:37Z INFO  steel_front::engine::renderer] visible=65536/65536 near=65536 far=0 fps=389.0 frame_us=2009 cull_us=0 terrain_us=0 wait_fence_us=2406 acquire_us=0 record_us=24 submit_us=19 present_us=142 terrain_lod=high blend=0.000 quality=中画质 marker=63 npc=42
[2026-08-17T12:24:38Z INFO  steel_front] cam: yaw=0.0 pitch=0.0 dist=3.4 mode=FirstPerson cycle_us=2556 update_us=30 render_us=2525
[2026-08-17T12:24:38Z INFO  steel_front::engine::game] game: wave=1 enemies=6 enemy_hp=100 hp=0/100 score=0 phys_us=2 ai_us=0 audio_us=14 net_us=0
[2026-08-17T12:24:38Z INFO  steel_front] size diag: window_inner=2560x1600 hud=2560x1600
[2026-08-17T12:24:38Z INFO  steel_front] size diag: window_inner=2560x1600 hud=2560x1600
[2026-08-17T12:24:38Z INFO  steel_front] size diag: window_inner=2560x1600 hud=2560x1600
[2026-08-17T12:24:38Z INFO  steel_front] size diag: window_inner=2560x1600 hud=2560x1600
[2026-08-17T12:24:38Z INFO  steel_front] size diag: window_inner=2560x1600 hud=2560x1600
[2026-08-17T12:24:38Z INFO  steel_front] size diag: window_inner=2560x1600 hud=2560x1600
[2026-08-17T12:24:38Z INFO  steel_front] size diag: window_inner=2560x1600 hud=2560x1600
[2026-08-17T12:24:38Z INFO  steel_front] size diag: window_inner=2560x1600 hud=2560x1600
[2026-08-17T12:24:38Z INFO  steel_front] size diag: window_inner=2560x1600 hud=2560x1600
[2026-08-17T12:24:38Z INFO  steel_front] size diag: window_inner=2560x1600 hud=2560x1600
[2026-08-17T12:24:38Z INFO  steel_front] size diag: window_inner=2560x1600 hud=2560x1600
[2026-08-17T12:24:38Z INFO  steel_front] size diag: window_inner=2560x1600 hud=2560x1600
[2026-08-17T12:24:38Z INFO  steel_front] size diag: window_inner=2560x1600 hud=2560x1600
[2026-08-17T12:24:38Z INFO  steel_front] size diag: window_inner=2560x1600 hud=2560x1600
[2026-08-17T12:24:38Z INFO  steel_front] size diag: window_inner=2560x1600 hud=2560x1600
[2026-08-17T12:24:38Z INFO  steel_front] size diag: window_inner=2560x1600 hud=2560x1600
[2026-08-17T12:24:38Z INFO  steel_front] size diag: window_inner=2560x1600 hud=2560x1600
[2026-08-17T12:24:38Z INFO  steel_front] size diag: window_inner=2560x1600 hud=2560x1600
[2026-08-17T12:24:38Z INFO  steel_front] size diag: window_inner=2560x1600 hud=2560x1600
[2026-08-17T12:24:38Z INFO  steel_front::engine::renderer] visible=65536/65536 near=65536 far=0 fps=389.2 frame_us=2803 cull_us=1 terrain_us=0 wait_fence_us=1421 acquire_us=1 record_us=93 submit_us=34 present_us=323 terrain_lod=high blend=0.000 quality=中画质 marker=63 npc=42
[2026-08-17T12:24:39Z INFO  steel_front] cam: yaw=0.0 pitch=0.0 dist=3.4 mode=FirstPerson cycle_us=2424 update_us=19 render_us=2405
[2026-08-17T12:24:39Z INFO  steel_front::engine::game] game: wave=1 enemies=6 enemy_hp=100 hp=0/100 score=0 phys_us=2 ai_us=0 audio_us=14 net_us=0
[2026-08-17T12:24:39Z INFO  steel_front::engine::renderer] visible=65536/65536 near=65536 far=0 fps=389.0 frame_us=2371 cull_us=0 terrain_us=0 wait_fence_us=2138 acquire_us=0 record_us=51 submit_us=37 present_us=277 terrain_lod=high blend=0.000 quality=中画质 marker=63 npc=42
[2026-08-17T12:24:40Z INFO  steel_front] cam: yaw=0.0 pitch=0.0 dist=3.4 mode=FirstPerson cycle_us=3406 update_us=26 render_us=3380
[2026-08-17T12:24:40Z INFO  steel_front::engine::game] game: wave=1 enemies=6 enemy_hp=100 hp=0/100 score=0 phys_us=2 ai_us=0 audio_us=16 net_us=0
[2026-08-17T12:24:40Z INFO  steel_front::engine::renderer] visible=65536/65536 near=65536 far=0 fps=343.9 frame_us=3001 cull_us=1 terrain_us=0 wait_fence_us=2017 acquire_us=2 record_us=107 submit_us=90 present_us=903 terrain_lod=high blend=0.000 quality=中画质 marker=55 npc=42
[2026-08-17T12:24:41Z INFO  steel_front] cam: yaw=0.0 pitch=0.0 dist=3.4 mode=FirstPerson cycle_us=5071 update_us=239 render_us=4831
[2026-08-17T12:24:41Z INFO  steel_front::engine::game] game: wave=1 enemies=6 enemy_hp=100 hp=0/100 score=0 phys_us=9 ai_us=1 audio_us=181 net_us=1
[2026-08-17T12:24:41Z INFO  steel_front::engine::renderer] visible=65536/65536 near=65536 far=0 fps=237.2 frame_us=2280 cull_us=2 terrain_us=0 wait_fence_us=15 acquire_us=5 record_us=109 submit_us=109 present_us=2040 terrain_lod=high blend=0.000 quality=中画质 marker=49 npc=42
[2026-08-17T12:24:42Z INFO  steel_front] cam: yaw=0.0 pitch=0.0 dist=3.4 mode=FirstPerson cycle_us=4130 update_us=261 render_us=3868
[2026-08-17T12:24:42Z INFO  steel_front::engine::game] game: wave=1 enemies=6 enemy_hp=100 hp=0/100 score=0 phys_us=16 ai_us=1 audio_us=293 net_us=1
[2026-08-17T12:24:42Z INFO  steel_front::engine::renderer] visible=65536/65536 near=65536 far=0 fps=295.3 frame_us=2711 cull_us=2 terrain_us=0 wait_fence_us=1032 acquire_us=2 record_us=100 submit_us=295 present_us=786 terrain_lod=high blend=0.000 quality=中画质 marker=63 npc=42
[2026-08-17T12:24:43Z INFO  steel_front] cam: yaw=0.0 pitch=0.0 dist=3.4 mode=FirstPerson cycle_us=4413 update_us=54 render_us=4358
[2026-08-17T12:24:43Z INFO  steel_front::engine::game] game: wave=1 enemies=6 enemy_hp=100 hp=0/100 score=0 phys_us=9 ai_us=1 audio_us=319 net_us=1
[2026-08-17T12:24:43Z INFO  steel_front] size diag: window_inner=2560x1600 hud=2560x1600
[2026-08-17T12:24:43Z INFO  steel_front] size diag: window_inner=2560x1600 hud=2560x1600
[2026-08-17T12:24:43Z INFO  steel_front] size diag: window_inner=2560x1600 hud=2560x1600
[2026-08-17T12:24:43Z INFO  steel_front] size diag: window_inner=2560x1600 hud=2560x1600
[2026-08-17T12:24:43Z INFO  steel_front] size diag: window_inner=2560x1600 hud=2560x1600
[2026-08-17T12:24:43Z INFO  steel_front] size diag: window_inner=2560x1600 hud=2560x1600
[2026-08-17T12:24:43Z INFO  steel_front] size diag: window_inner=2560x1600 hud=2560x1600
[2026-08-17T12:24:43Z INFO  steel_front::engine::renderer] visible=65536/65536 near=65536 far=0 fps=256.6 frame_us=3792 cull_us=3 terrain_us=0 wait_fence_us=31 acquire_us=6 record_us=218 submit_us=213 present_us=3317 terrain_lod=high blend=0.000 quality=中画质 marker=47 npc=42
[2026-08-17T12:24:44Z INFO  steel_front] cam: yaw=0.0 pitch=0.0 dist=3.4 mode=FirstPerson cycle_us=2678 update_us=35 render_us=2642
[2026-08-17T12:24:44Z INFO  steel_front::engine::game] game: wave=1 enemies=6 enemy_hp=100 hp=0/100 score=0 phys_us=1 ai_us=0 audio_us=32 net_us=0
[2026-08-17T12:24:44Z INFO  steel_front::engine::renderer] visible=65536/65536 near=65536 far=0 fps=300.0 frame_us=1586 cull_us=1 terrain_us=0 wait_fence_us=6 acquire_us=2 record_us=89 submit_us=66 present_us=1412 terrain_lod=high blend=0.000 quality=中画质 marker=54 npc=42
[2026-08-17T12:24:45Z INFO  steel_front] cam: yaw=0.0 pitch=0.0 dist=3.4 mode=FirstPerson cycle_us=2576 update_us=29 render_us=2546
[2026-08-17T12:24:45Z INFO  steel_front::engine::game] game: wave=1 enemies=6 enemy_hp=100 hp=0/100 score=0 phys_us=2 ai_us=0 audio_us=27 net_us=0
[2026-08-17T12:24:45Z INFO  steel_front::engine::renderer] visible=65536/65536 near=65536 far=0 fps=351.0 frame_us=2128 cull_us=0 terrain_us=0 wait_fence_us=2296 acquire_us=1 record_us=25 submit_us=24 present_us=313 terrain_lod=high blend=0.000 quality=中画质 marker=63 npc=42
[2026-08-17T12:24:46Z INFO  steel_front] cam: yaw=0.0 pitch=0.0 dist=3.4 mode=FirstPerson cycle_us=6116 update_us=366 render_us=5749
[2026-08-17T12:24:46Z INFO  steel_front::engine::game] game: wave=1 enemies=6 enemy_hp=100 hp=0/100 score=0 phys_us=2 ai_us=0 audio_us=24 net_us=0
[2026-08-17T12:24:46Z INFO  steel_front::engine::renderer] visible=65536/65536 near=65536 far=0 fps=342.5 frame_us=3071 cull_us=3 terrain_us=0 wait_fence_us=3299 acquire_us=2 record_us=99 submit_us=124 present_us=896 terrain_lod=high blend=0.000 quality=中画质 marker=60 npc=42
[2026-08-17T12:24:47Z INFO  steel_front] cam: yaw=0.0 pitch=0.0 dist=3.4 mode=FirstPerson cycle_us=5229 update_us=326 render_us=4902
[2026-08-17T12:24:47Z INFO  steel_front::engine::game] game: wave=1 enemies=6 enemy_hp=100 hp=0/100 score=0 phys_us=9 ai_us=1 audio_us=264 net_us=1
[2026-08-17T12:24:47Z INFO  steel_front::engine::renderer] visible=65536/65536 near=65536 far=0 fps=233.2 frame_us=3119 cull_us=4 terrain_us=0 wait_fence_us=26 acquire_us=6 record_us=236 submit_us=203 present_us=2645 terrain_lod=high blend=0.000 quality=中画质 marker=49 npc=42
[2026-08-17T12:24:48Z INFO  steel_front] cam: yaw=0.0 pitch=0.0 dist=3.4 mode=FirstPerson cycle_us=5356 update_us=196 render_us=5159
[2026-08-17T12:24:48Z INFO  steel_front::engine::game] game: wave=1 enemies=6 enemy_hp=100 hp=0/100 score=0 phys_us=15 ai_us=85 audio_us=73 net_us=0
[2026-08-17T12:24:48Z INFO  steel_front] size diag: window_inner=2560x1600 hud=2560x1600
[2026-08-17T12:24:48Z INFO  steel_front] size diag: window_inner=2560x1600 hud=2560x1600
[2026-08-17T12:24:48Z INFO  steel_front] size diag: window_inner=2560x1600 hud=2560x1600
[2026-08-17T12:24:48Z INFO  steel_front] size diag: window_inner=2560x1600 hud=2560x1600
[2026-08-17T12:24:48Z INFO  steel_front] size diag: window_inner=2560x1600 hud=2560x1600
[2026-08-17T12:24:48Z INFO  steel_front] size diag: window_inner=2560x1600 hud=2560x1600
[2026-08-17T12:24:48Z INFO  steel_front] size diag: window_inner=2560x1600 hud=2560x1600
[2026-08-17T12:24:48Z INFO  steel_front] size diag: window_inner=2560x1600 hud=2560x1600
[2026-08-17T12:24:48Z INFO  steel_front::engine::renderer] visible=65536/65536 near=65536 far=0 fps=239.4 frame_us=3698 cull_us=3 terrain_us=0 wait_fence_us=19 acquire_us=6 record_us=191 submit_us=169 present_us=3233 terrain_lod=high blend=0.000 quality=中画质 marker=48 npc=42
[2026-08-17T12:24:49Z INFO  steel_front] cam: yaw=0.0 pitch=0.0 dist=3.4 mode=FirstPerson cycle_us=4698 update_us=385 render_us=4311
[2026-08-17T12:24:49Z INFO  steel_front::engine::game] game: wave=1 enemies=6 enemy_hp=100 hp=0/100 score=0 phys_us=7 ai_us=0 audio_us=102 net_us=0
[2026-08-17T12:24:49Z INFO  steel_front::engine::renderer] visible=65536/65536 near=65536 far=0 fps=240.3 frame_us=3270 cull_us=3 terrain_us=0 wait_fence_us=21 acquire_us=6 record_us=179 submit_us=614 present_us=2411 terrain_lod=high blend=0.000 quality=中画质 marker=52 npc=42
[2026-08-17T12:24:50Z INFO  steel_front] cam: yaw=0.0 pitch=0.0 dist=3.4 mode=FirstPerson cycle_us=2419 update_us=30 render_us=2388
[2026-08-17T12:24:50Z INFO  steel_front::engine::game] game: wave=1 enemies=6 enemy_hp=100 hp=0/100 score=0 phys_us=3 ai_us=0 audio_us=26 net_us=0
[2026-08-17T12:24:50Z INFO  steel_front::engine::renderer] visible=65536/65536 near=65536 far=0 fps=395.5 frame_us=2467 cull_us=3 terrain_us=0 wait_fence_us=1504 acquire_us=2 record_us=48 submit_us=38 present_us=572 terrain_lod=high blend=0.000 quality=中画质 marker=63 npc=42
[2026-08-17T12:24:51Z INFO  steel_front] cam: yaw=0.0 pitch=0.0 dist=3.4 mode=FirstPerson cycle_us=2167 update_us=41 render_us=2125
[2026-08-17T12:24:51Z INFO  steel_front::engine::game] game: wave=1 enemies=6 enemy_hp=100 hp=0/100 score=0 phys_us=2 ai_us=0 audio_us=25 net_us=0
[2026-08-17T12:24:51Z INFO  steel_front::engine::renderer] visible=65536/65536 near=65536 far=0 fps=364.6 frame_us=3241 cull_us=3 terrain_us=0 wait_fence_us=21 acquire_us=6 record_us=193 submit_us=150 present_us=2865 terrain_lod=high blend=0.000 quality=中画质 marker=49 npc=42
[2026-08-17T12:24:52Z INFO  steel_front] cam: yaw=0.0 pitch=0.0 dist=3.4 mode=FirstPerson cycle_us=3295 update_us=28 render_us=3267
[2026-08-17T12:24:52Z INFO  steel_front::engine::game] game: wave=1 enemies=6 enemy_hp=100 hp=0/100 score=0 phys_us=6 ai_us=0 audio_us=28 net_us=0
[2026-08-17T12:24:52Z INFO  steel_front::engine::renderer] visible=65536/65536 near=65536 far=0 fps=362.9 frame_us=2478 cull_us=1 terrain_us=0 wait_fence_us=1918 acquire_us=2 record_us=54 submit_us=46 present_us=772 terrain_lod=high blend=0.000 quality=中画质 marker=61 npc=42
[2026-08-17T12:24:53Z INFO  steel_front] cam: yaw=0.0 pitch=0.0 dist=3.4 mode=FirstPerson cycle_us=2958 update_us=25 render_us=2932
[2026-08-17T12:24:53Z INFO  steel_front::engine::game] game: wave=1 enemies=6 enemy_hp=100 hp=0/100 score=0 phys_us=7 ai_us=1 audio_us=29 net_us=0
[2026-08-17T12:24:53Z INFO  steel_front] size diag: window_inner=2560x1600 hud=2560x1600
[2026-08-17T12:24:53Z INFO  steel_front] size diag: window_inner=2560x1600 hud=2560x1600
[2026-08-17T12:24:53Z INFO  steel_front] size diag: window_inner=2560x1600 hud=2560x1600
[2026-08-17T12:24:53Z INFO  steel_front] size diag: window_inner=2560x1600 hud=2560x1600
[2026-08-17T12:24:53Z INFO  steel_front] size diag: window_inner=2560x1600 hud=2560x1600
[2026-08-17T12:24:53Z INFO  steel_front] size diag: window_inner=2560x1600 hud=2560x1600
[2026-08-17T12:24:53Z INFO  steel_front] size diag: window_inner=2560x1600 hud=2560x1600
[2026-08-17T12:24:53Z INFO  steel_front] size diag: window_inner=2560x1600 hud=2560x1600
[2026-08-17T12:24:53Z INFO  steel_front] size diag: window_inner=2560x1600 hud=2560x1600
[2026-08-17T12:24:53Z INFO  steel_front] size diag: window_inner=2560x1600 hud=2560x1600
[2026-08-17T12:24:53Z INFO  steel_front] size diag: window_inner=2560x1600 hud=2560x1600
[2026-08-17T12:24:53Z INFO  steel_front] size diag: window_inner=2560x1600 hud=2560x1600
[2026-08-17T12:24:53Z INFO  steel_front] size diag: window_inner=2560x1600 hud=2560x1600
[2026-08-17T12:24:53Z INFO  steel_front] size diag: window_inner=2560x1600 hud=2560x1600
[2026-08-17T12:24:53Z INFO  steel_front] size diag: window_inner=2560x1600 hud=2560x1600
[2026-08-17T12:24:53Z INFO  steel_front] size diag: window_inner=2560x1600 hud=2560x1600
[2026-08-17T12:24:53Z INFO  steel_front] size diag: window_inner=2560x1600 hud=2560x1600
[2026-08-17T12:24:53Z INFO  steel_front] size diag: window_inner=2560x1600 hud=2560x1600
[2026-08-17T12:24:53Z INFO  steel_front::engine::renderer] visible=65536/65536 near=65536 far=0 fps=368.2 frame_us=2311 cull_us=3 terrain_us=0 wait_fence_us=1570 acquire_us=2 record_us=135 submit_us=95 present_us=731 terrain_lod=high blend=0.000 quality=中画质 marker=62 npc=42
[2026-08-17T12:24:54Z INFO  steel_front] cam: yaw=0.0 pitch=0.0 dist=3.4 mode=FirstPerson cycle_us=2308 update_us=33 render_us=2274
[2026-08-17T12:24:54Z INFO  steel_front::engine::game] game: wave=1 enemies=6 enemy_hp=100 hp=0/100 score=0 phys_us=3 ai_us=0 audio_us=28 net_us=0
[2026-08-17T12:24:54Z INFO  steel_front::engine::renderer] visible=65536/65536 near=65536 far=0 fps=370.4 frame_us=2175 cull_us=1 terrain_us=0 wait_fence_us=2206 acquire_us=1 record_us=69 submit_us=63 present_us=281 terrain_lod=high blend=0.000 quality=中画质 marker=61 npc=42
[2026-08-17T12:24:55Z INFO  steel_front] cam: yaw=0.0 pitch=0.0 dist=3.4 mode=FirstPerson cycle_us=2832 update_us=26 render_us=2806
[2026-08-17T12:24:55Z INFO  steel_front::engine::game] game: wave=1 enemies=6 enemy_hp=100 hp=0/100 score=0 phys_us=4 ai_us=0 audio_us=23 net_us=0
[2026-08-17T12:24:55Z INFO  steel_front::engine::renderer] visible=65536/65536 near=65536 far=0 fps=368.7 frame_us=2368 cull_us=1 terrain_us=0 wait_fence_us=2011 acquire_us=1 record_us=65 submit_us=52 present_us=340 terrain_lod=high blend=0.000 quality=中画质 marker=61 npc=42
[2026-08-17T12:24:56Z INFO  steel_front] cam: yaw=0.0 pitch=0.0 dist=3.4 mode=FirstPerson cycle_us=2724 update_us=30 render_us=2694
[2026-08-17T12:24:56Z INFO  steel_front::engine::game] game: wave=1 enemies=6 enemy_hp=100 hp=0/100 score=0 phys_us=3 ai_us=0 audio_us=29 net_us=0
[2026-08-17T12:24:56Z INFO  steel_front::engine::renderer] visible=65536/65536 near=65536 far=0 fps=363.2 frame_us=1978 cull_us=1 terrain_us=0 wait_fence_us=1826 acquire_us=1 record_us=58 submit_us=56 present_us=265 terrain_lod=high blend=0.000 quality=中画质 marker=61 npc=42
[2026-08-17T12:24:57Z INFO  steel_front] cam: yaw=0.0 pitch=0.0 dist=3.4 mode=FirstPerson cycle_us=2418 update_us=21 render_us=2397
[2026-08-17T12:24:57Z INFO  steel_front::engine::game] game: wave=1 enemies=6 enemy_hp=100 hp=0/100 score=0 phys_us=6 ai_us=0 audio_us=17 net_us=0
[2026-08-17T12:24:57Z INFO  steel_front::engine::renderer] visible=65536/65536 near=65536 far=0 fps=382.0 frame_us=2046 cull_us=1 terrain_us=0 wait_fence_us=2059 acquire_us=1 record_us=46 submit_us=57 present_us=281 terrain_lod=high blend=0.000 quality=中画质 marker=62 npc=42
[2026-08-17T12:24:58Z INFO  steel_front] cam: yaw=0.0 pitch=0.0 dist=3.4 mode=FirstPerson cycle_us=6466 update_us=379 render_us=6086
[2026-08-17T12:24:58Z INFO  steel_front::engine::game] game: wave=1 enemies=6 enemy_hp=100 hp=0/100 score=0 phys_us=34 ai_us=1 audio_us=245 net_us=0
[2026-08-17T12:24:58Z INFO  steel_front] size diag: window_inner=2560x1600 hud=2560x1600
[2026-08-17T12:24:58Z INFO  steel_front] size diag: window_inner=2560x1600 hud=2560x1600
[2026-08-17T12:24:58Z INFO  steel_front] size diag: window_inner=2560x1600 hud=2560x1600
[2026-08-17T12:24:58Z INFO  steel_front] size diag: window_inner=2560x1600 hud=2560x1600
[2026-08-17T12:24:58Z INFO  steel_front] size diag: window_inner=2560x1600 hud=2560x1600
[2026-08-17T12:24:58Z INFO  steel_front] size diag: window_inner=2560x1600 hud=2560x1600
[2026-08-17T12:24:58Z INFO  steel_front] size diag: window_inner=2560x1600 hud=2560x1600
[2026-08-17T12:24:58Z INFO  steel_front] size diag: window_inner=2560x1600 hud=2560x1600
[2026-08-17T12:24:58Z INFO  steel_front] size diag: window_inner=2560x1600 hud=2560x1600
[2026-08-17T12:24:58Z INFO  steel_front] size diag: window_inner=2560x1600 hud=2560x1600
[2026-08-17T12:24:58Z INFO  steel_front] size diag: window_inner=2560x1600 hud=2560x1600
[2026-08-17T12:24:58Z INFO  steel_front] size diag: window_inner=2560x1600 hud=2560x1600
[2026-08-17T12:24:58Z INFO  steel_front] size diag: window_inner=2560x1600 hud=2560x1600
[2026-08-17T12:24:58Z INFO  steel_front] size diag: window_inner=2560x1600 hud=2560x1600
[2026-08-17T12:24:58Z INFO  steel_front] size diag: window_inner=2560x1600 hud=2560x1600
[2026-08-17T12:24:58Z INFO  steel_front::engine::renderer] visible=65536/65536 near=65536 far=0 fps=251.8 frame_us=2584 cull_us=2 terrain_us=0 wait_fence_us=180 acquire_us=3 record_us=101 submit_us=98 present_us=1478 terrain_lod=high blend=0.000 quality=中画质 marker=63 npc=42
[2026-08-17T12:24:59Z INFO  steel_front] cam: yaw=0.0 pitch=0.0 dist=3.4 mode=FirstPerson cycle_us=2748 update_us=48 render_us=2700
[2026-08-17T12:24:59Z INFO  steel_front::engine::game] game: wave=1 enemies=6 enemy_hp=100 hp=0/100 score=0 phys_us=3 ai_us=0 audio_us=31 net_us=0
[2026-08-17T12:24:59Z INFO  steel_front::engine::renderer] visible=65536/65536 near=65536 far=0 fps=378.3 frame_us=2454 cull_us=1 terrain_us=0 wait_fence_us=1766 acquire_us=1 record_us=61 submit_us=59 present_us=272 terrain_lod=high blend=0.000 quality=中画质 marker=62 npc=42
[2026-08-17T12:25:00Z INFO  steel_front] cam: yaw=0.0 pitch=0.0 dist=3.4 mode=FirstPerson cycle_us=2680 update_us=30 render_us=2650
[2026-08-17T12:25:00Z INFO  steel_front::engine::game] game: wave=1 enemies=6 enemy_hp=100 hp=0/100 score=0 phys_us=4 ai_us=0 audio_us=30 net_us=0
[2026-08-17T12:25:00Z INFO  steel_front::engine::renderer] visible=65536/65536 near=65536 far=0 fps=373.3 frame_us=2144 cull_us=3 terrain_us=0 wait_fence_us=1874 acquire_us=2 record_us=70 submit_us=62 present_us=432 terrain_lod=high blend=0.000 quality=中画质 marker=61 npc=42
[2026-08-17T12:25:01Z INFO  steel_front] cam: yaw=0.0 pitch=0.0 dist=3.4 mode=FirstPerson cycle_us=2759 update_us=37 render_us=2722
[2026-08-17T12:25:01Z INFO  steel_front::engine::game] game: wave=1 enemies=6 enemy_hp=100 hp=0/100 score=0 phys_us=3 ai_us=0 audio_us=18 net_us=0
[2026-08-17T12:25:01Z INFO  steel_front::engine::renderer] visible=65536/65536 near=65536 far=0 fps=377.2 frame_us=2656 cull_us=2 terrain_us=0 wait_fence_us=1997 acquire_us=1 record_us=63 submit_us=66 present_us=365 terrain_lod=high blend=0.000 quality=中画质 marker=62 npc=42
[2026-08-17T12:25:02Z INFO  steel_front] cam: yaw=0.0 pitch=0.0 dist=3.4 mode=FirstPerson cycle_us=2837 update_us=33 render_us=2804
[2026-08-17T12:25:02Z INFO  steel_front::engine::game] game: wave=1 enemies=6 enemy_hp=100 hp=0/100 score=0 phys_us=3 ai_us=0 audio_us=22 net_us=0
[2026-08-17T12:25:02Z INFO  steel_front::engine::renderer] visible=65536/65536 near=65536 far=0 fps=377.8 frame_us=2446 cull_us=0 terrain_us=0 wait_fence_us=1639 acquire_us=1 record_us=72 submit_us=64 present_us=314 terrain_lod=high blend=0.000 quality=中画质 marker=62 npc=42
[2026-08-17T12:25:03Z INFO  steel_front] cam: yaw=0.0 pitch=0.0 dist=3.4 mode=FirstPerson cycle_us=2685 update_us=24 render_us=2660
[2026-08-17T12:25:03Z INFO  steel_front::engine::game] game: wave=1 enemies=6 enemy_hp=100 hp=0/100 score=0 phys_us=3 ai_us=0 audio_us=24 net_us=0
[2026-08-17T12:25:03Z INFO  steel_front] size diag: window_inner=2560x1600 hud=2560x1600
[2026-08-17T12:25:03Z INFO  steel_front] size diag: window_inner=2560x1600 hud=2560x1600
[2026-08-17T12:25:03Z INFO  steel_front] size diag: window_inner=2560x1600 hud=2560x1600
[2026-08-17T12:25:03Z INFO  steel_front] size diag: window_inner=2560x1600 hud=2560x1600
[2026-08-17T12:25:03Z INFO  steel_front] size diag: window_inner=2560x1600 hud=2560x1600
[2026-08-17T12:25:03Z INFO  steel_front] size diag: window_inner=2560x1600 hud=2560x1600
[2026-08-17T12:25:03Z INFO  steel_front] size diag: window_inner=2560x1600 hud=2560x1600
[2026-08-17T12:25:03Z INFO  steel_front] size diag: window_inner=2560x1600 hud=2560x1600
[2026-08-17T12:25:03Z INFO  steel_front] size diag: window_inner=2560x1600 hud=2560x1600
[2026-08-17T12:25:03Z INFO  steel_front] size diag: window_inner=2560x1600 hud=2560x1600
[2026-08-17T12:25:03Z INFO  steel_front] size diag: window_inner=2560x1600 hud=2560x1600
[2026-08-17T12:25:03Z INFO  steel_front] size diag: window_inner=2560x1600 hud=2560x1600
[2026-08-17T12:25:03Z INFO  steel_front] size diag: window_inner=2560x1600 hud=2560x1600
[2026-08-17T12:25:03Z INFO  steel_front] size diag: window_inner=2560x1600 hud=2560x1600
[2026-08-17T12:25:03Z INFO  steel_front] size diag: window_inner=2560x1600 hud=2560x1600
[2026-08-17T12:25:03Z INFO  steel_front] size diag: window_inner=2560x1600 hud=2560x1600
[2026-08-17T12:25:03Z INFO  steel_front] size diag: window_inner=2560x1600 hud=2560x1600
[2026-08-17T12:25:03Z INFO  steel_front] size diag: window_inner=2560x1600 hud=2560x1600
[2026-08-17T12:25:03Z INFO  steel_front::engine::renderer] visible=65536/65536 near=65536 far=0 fps=378.7 frame_us=2406 cull_us=2 terrain_us=0 wait_fence_us=1860 acquire_us=1 record_us=74 submit_us=71 present_us=454 terrain_lod=high blend=0.000 quality=中画质 marker=62 npc=42
[2026-08-17T12:25:04Z INFO  steel_front] cam: yaw=0.0 pitch=0.0 dist=3.4 mode=FirstPerson cycle_us=2554 update_us=26 render_us=2527
[2026-08-17T12:25:04Z INFO  steel_front::engine::game] game: wave=1 enemies=6 enemy_hp=100 hp=0/100 score=0 phys_us=2 ai_us=0 audio_us=25 net_us=0
[2026-08-17T12:25:04Z INFO  steel_front::engine::renderer] visible=65536/65536 near=65536 far=0 fps=378.1 frame_us=2345 cull_us=0 terrain_us=0 wait_fence_us=2110 acquire_us=1 record_us=47 submit_us=79 present_us=260 terrain_lod=high blend=0.000 quality=中画质 marker=62 npc=42
[2026-08-17T12:25:05Z INFO  steel_front] cam: yaw=0.0 pitch=0.0 dist=3.4 mode=FirstPerson cycle_us=2872 update_us=27 render_us=2845
[2026-08-17T12:25:05Z INFO  steel_front::engine::game] game: wave=1 enemies=6 enemy_hp=100 hp=0/100 score=0 phys_us=2 ai_us=0 audio_us=24 net_us=0
[2026-08-17T12:25:05Z INFO  steel_front::engine::renderer] visible=65536/65536 near=65536 far=0 fps=379.0 frame_us=2726 cull_us=0 terrain_us=0 wait_fence_us=1744 acquire_us=1 record_us=71 submit_us=61 present_us=311 terrain_lod=high blend=0.000 quality=中画质 marker=62 npc=42
[2026-08-17T12:25:06Z INFO  steel_front] cam: yaw=0.0 pitch=0.0 dist=3.4 mode=FirstPerson cycle_us=2383 update_us=44 render_us=2338
[2026-08-17T12:25:06Z INFO  steel_front::engine::game] game: wave=1 enemies=6 enemy_hp=100 hp=0/100 score=0 phys_us=2 ai_us=0 audio_us=25 net_us=0
[2026-08-17T12:25:06Z INFO  steel_front::engine::renderer] visible=65536/65536 near=65536 far=0 fps=378.9 frame_us=2456 cull_us=1 terrain_us=0 wait_fence_us=2339 acquire_us=1 record_us=45 submit_us=52 present_us=226 terrain_lod=high blend=0.000 quality=中画质 marker=62 npc=42
[2026-08-17T12:25:07Z INFO  steel_front] cam: yaw=0.0 pitch=0.0 dist=3.4 mode=FirstPerson cycle_us=2669 update_us=34 render_us=2634
[2026-08-17T12:25:07Z INFO  steel_front::engine::game] game: wave=1 enemies=6 enemy_hp=100 hp=0/100 score=0 phys_us=2 ai_us=0 audio_us=31 net_us=0
[2026-08-17T12:25:07Z INFO  steel_front::engine::renderer] visible=65536/65536 near=65536 far=0 fps=372.4 frame_us=2412 cull_us=1 terrain_us=0 wait_fence_us=2012 acquire_us=2 record_us=65 submit_us=70 present_us=294 terrain_lod=high blend=0.000 quality=中画质 marker=62 npc=42
[2026-08-17T12:25:08Z INFO  steel_front] cam: yaw=0.0 pitch=0.0 dist=3.4 mode=FirstPerson cycle_us=2503 update_us=37 render_us=2466
[2026-08-17T12:25:08Z INFO  steel_front::engine::game] game: wave=1 enemies=6 enemy_hp=100 hp=0/100 score=0 phys_us=2 ai_us=0 audio_us=27 net_us=0
[2026-08-17T12:25:08Z INFO  steel_front] size diag: window_inner=2560x1600 hud=2560x1600
[2026-08-17T12:25:08Z INFO  steel_front] size diag: window_inner=2560x1600 hud=2560x1600
[2026-08-17T12:25:08Z INFO  steel_front] size diag: window_inner=2560x1600 hud=2560x1600
[2026-08-17T12:25:08Z INFO  steel_front] size diag: window_inner=2560x1600 hud=2560x1600
[2026-08-17T12:25:08Z INFO  steel_front] size diag: window_inner=2560x1600 hud=2560x1600
[2026-08-17T12:25:08Z INFO  steel_front] size diag: window_inner=2560x1600 hud=2560x1600
[2026-08-17T12:25:08Z INFO  steel_front] size diag: window_inner=2560x1600 hud=2560x1600
[2026-08-17T12:25:08Z INFO  steel_front] size diag: window_inner=2560x1600 hud=2560x1600
[2026-08-17T12:25:08Z INFO  steel_front] size diag: window_inner=2560x1600 hud=2560x1600
[2026-08-17T12:25:08Z INFO  steel_front] size diag: window_inner=2560x1600 hud=2560x1600
[2026-08-17T12:25:08Z INFO  steel_front] size diag: window_inner=2560x1600 hud=2560x1600
[2026-08-17T12:25:08Z INFO  steel_front] size diag: window_inner=2560x1600 hud=2560x1600
[2026-08-17T12:25:08Z INFO  steel_front] size diag: window_inner=2560x1600 hud=2560x1600
[2026-08-17T12:25:08Z INFO  steel_front] size diag: window_inner=2560x1600 hud=2560x1600
[2026-08-17T12:25:08Z INFO  steel_front] size diag: window_inner=2560x1600 hud=2560x1600
[2026-08-17T12:25:08Z INFO  steel_front] size diag: window_inner=2560x1600 hud=2560x1600
[2026-08-17T12:25:08Z INFO  steel_front] size diag: window_inner=2560x1600 hud=2560x1600
[2026-08-17T12:25:08Z INFO  steel_front] size diag: window_inner=2560x1600 hud=2560x1600
[2026-08-17T12:25:08Z INFO  steel_front::engine::renderer] visible=65536/65536 near=65536 far=0 fps=377.6 frame_us=2126 cull_us=0 terrain_us=0 wait_fence_us=2234 acquire_us=1 record_us=44 submit_us=62 present_us=196 terrain_lod=high blend=0.000 quality=中画质 marker=60 npc=42
[2026-08-17T12:25:09Z INFO  steel_front] cam: yaw=0.0 pitch=0.0 dist=3.4 mode=FirstPerson cycle_us=3027 update_us=24 render_us=3003
[2026-08-17T12:25:09Z INFO  steel_front::engine::game] game: wave=1 enemies=6 enemy_hp=100 hp=0/100 score=0 phys_us=6 ai_us=0 audio_us=18 net_us=0
[2026-08-17T12:25:09Z INFO  steel_front::engine::renderer] visible=65536/65536 near=65536 far=0 fps=377.3 frame_us=2325 cull_us=1 terrain_us=0 wait_fence_us=2228 acquire_us=1 record_us=47 submit_us=72 present_us=200 terrain_lod=high blend=0.000 quality=中画质 marker=62 npc=42
[2026-08-17T12:25:10Z INFO  steel_front] cam: yaw=0.0 pitch=0.0 dist=3.4 mode=FirstPerson cycle_us=2793 update_us=23 render_us=2769
[2026-08-17T12:25:10Z INFO  steel_front::engine::game] game: wave=1 enemies=6 enemy_hp=100 hp=0/100 score=0 phys_us=2 ai_us=0 audio_us=17 net_us=0
[2026-08-17T12:25:10Z INFO  steel_front::engine::renderer] visible=65536/65536 near=65536 far=0 fps=376.9 frame_us=1965 cull_us=2 terrain_us=0 wait_fence_us=2036 acquire_us=2 record_us=38 submit_us=36 present_us=246 terrain_lod=high blend=0.000 quality=中画质 marker=59 npc=42
[2026-08-17T12:25:11Z INFO  steel_front] cam: yaw=0.0 pitch=0.0 dist=3.4 mode=FirstPerson cycle_us=3065 update_us=36 render_us=3029
[2026-08-17T12:25:11Z INFO  steel_front::engine::game] game: wave=1 enemies=6 enemy_hp=100 hp=0/100 score=0 phys_us=3 ai_us=0 audio_us=33 net_us=0
[2026-08-17T12:25:11Z INFO  steel_front::engine::renderer] visible=65536/65536 near=65536 far=0 fps=378.0 frame_us=2475 cull_us=1 terrain_us=0 wait_fence_us=2002 acquire_us=2 record_us=62 submit_us=220 present_us=311 terrain_lod=high blend=0.000 quality=中画质 marker=62 npc=42
[2026-08-17T12:25:12Z INFO  steel_front] cam: yaw=0.0 pitch=0.0 dist=3.4 mode=FirstPerson cycle_us=2607 update_us=39 render_us=2567
[2026-08-17T12:25:12Z INFO  steel_front::engine::game] game: wave=1 enemies=6 enemy_hp=100 hp=0/100 score=0 phys_us=2 ai_us=0 audio_us=28 net_us=0
[2026-08-17T12:25:12Z INFO  steel_front::engine::renderer] visible=65536/65536 near=65536 far=0 fps=378.3 frame_us=2331 cull_us=0 terrain_us=0 wait_fence_us=1804 acquire_us=1 record_us=63 submit_us=59 present_us=245 terrain_lod=high blend=0.000 quality=中画质 marker=58 npc=42
[2026-08-17T12:25:13Z INFO  steel_front] cam: yaw=0.0 pitch=0.0 dist=3.4 mode=FirstPerson cycle_us=2361 update_us=35 render_us=2325
[2026-08-17T12:25:13Z INFO  steel_front::engine::game] game: wave=1 enemies=6 enemy_hp=100 hp=0/100 score=0 phys_us=2 ai_us=0 audio_us=26 net_us=0
[2026-08-17T12:25:13Z INFO  steel_front] size diag: window_inner=2560x1600 hud=2560x1600
[2026-08-17T12:25:13Z INFO  steel_front] size diag: window_inner=2560x1600 hud=2560x1600
[2026-08-17T12:25:13Z INFO  steel_front] size diag: window_inner=2560x1600 hud=2560x1600
[2026-08-17T12:25:13Z INFO  steel_front] size diag: window_inner=2560x1600 hud=2560x1600
[2026-08-17T12:25:13Z INFO  steel_front] size diag: window_inner=2560x1600 hud=2560x1600
[2026-08-17T12:25:13Z INFO  steel_front] size diag: window_inner=2560x1600 hud=2560x1600
[2026-08-17T12:25:13Z INFO  steel_front] size diag: window_inner=2560x1600 hud=2560x1600
[2026-08-17T12:25:13Z INFO  steel_front] size diag: window_inner=2560x1600 hud=2560x1600
[2026-08-17T12:25:13Z INFO  steel_front] size diag: window_inner=2560x1600 hud=2560x1600
[2026-08-17T12:25:13Z INFO  steel_front] size diag: window_inner=2560x1600 hud=2560x1600
[2026-08-17T12:25:13Z INFO  steel_front] size diag: window_inner=2560x1600 hud=2560x1600
[2026-08-17T12:25:13Z INFO  steel_front] size diag: window_inner=2560x1600 hud=2560x1600
[2026-08-17T12:25:13Z INFO  steel_front] size diag: window_inner=2560x1600 hud=2560x1600
[2026-08-17T12:25:13Z INFO  steel_front] size diag: window_inner=2560x1600 hud=2560x1600
[2026-08-17T12:25:13Z INFO  steel_front] size diag: window_inner=2560x1600 hud=2560x1600
[2026-08-17T12:25:13Z INFO  steel_front] size diag: window_inner=2560x1600 hud=2560x1600
[2026-08-17T12:25:13Z INFO  steel_front] size diag: window_inner=2560x1600 hud=2560x1600
[2026-08-17T12:25:13Z INFO  steel_front] size diag: window_inner=2560x1600 hud=2560x1600
[2026-08-17T12:25:13Z INFO  steel_front] size diag: window_inner=2560x1600 hud=2560x1600
[2026-08-17T12:25:13Z INFO  steel_front::engine::renderer] visible=65536/65536 near=65536 far=0 fps=376.7 frame_us=2575 cull_us=0 terrain_us=0 wait_fence_us=1987 acquire_us=1 record_us=65 submit_us=55 present_us=283 terrain_lod=high blend=0.000 quality=中画质 marker=62 npc=42
[2026-08-17T12:25:14Z INFO  steel_front] cam: yaw=0.0 pitch=0.0 dist=3.4 mode=FirstPerson cycle_us=2661 update_us=38 render_us=2622
[2026-08-17T12:25:14Z INFO  steel_front::engine::game] game: wave=1 enemies=6 enemy_hp=100 hp=0/100 score=0 phys_us=4 ai_us=0 audio_us=26 net_us=0
[2026-08-17T12:25:14Z INFO  steel_front::engine::renderer] visible=65536/65536 near=65536 far=0 fps=378.1 frame_us=2616 cull_us=1 terrain_us=0 wait_fence_us=2146 acquire_us=1 record_us=59 submit_us=58 present_us=294 terrain_lod=high blend=0.000 quality=中画质 marker=56 npc=42
[2026-08-17T12:25:15Z INFO  steel_front] cam: yaw=0.0 pitch=0.0 dist=3.4 mode=FirstPerson cycle_us=2430 update_us=34 render_us=2396
[2026-08-17T12:25:15Z INFO  steel_front::engine::game] game: wave=1 enemies=6 enemy_hp=100 hp=0/100 score=0 phys_us=2 ai_us=0 audio_us=34 net_us=0
[2026-08-17T12:25:15Z INFO  steel_front::engine::renderer] visible=65536/65536 near=65536 far=0 fps=378.3 frame_us=2142 cull_us=2 terrain_us=0 wait_fence_us=1996 acquire_us=1 record_us=70 submit_us=68 present_us=312 terrain_lod=high blend=0.000 quality=中画质 marker=62 npc=42
[2026-08-17T12:25:16Z INFO  steel_front] cam: yaw=0.0 pitch=0.0 dist=3.4 mode=FirstPerson cycle_us=2742 update_us=23 render_us=2718
[2026-08-17T12:25:16Z INFO  steel_front::engine::game] game: wave=1 enemies=6 enemy_hp=100 hp=0/100 score=0 phys_us=3 ai_us=0 audio_us=28 net_us=0
[2026-08-17T12:25:16Z INFO  steel_front::engine::renderer] visible=65536/65536 near=65536 far=0 fps=372.1 frame_us=2230 cull_us=0 terrain_us=0 wait_fence_us=2155 acquire_us=1 record_us=49 submit_us=47 present_us=226 terrain_lod=high blend=0.000 quality=中画质 marker=54 npc=42
[2026-08-17T12:25:17Z INFO  steel_front] cam: yaw=0.0 pitch=0.0 dist=3.4 mode=FirstPerson cycle_us=2624 update_us=37 render_us=2586
[2026-08-17T12:25:17Z INFO  steel_front::engine::game] game: wave=1 enemies=6 enemy_hp=100 hp=0/100 score=0 phys_us=2 ai_us=0 audio_us=25 net_us=0
[2026-08-17T12:25:17Z INFO  steel_front::engine::renderer] visible=65536/65536 near=65536 far=0 fps=377.8 frame_us=2468 cull_us=0 terrain_us=0 wait_fence_us=2095 acquire_us=1 record_us=61 submit_us=52 present_us=280 terrain_lod=high blend=0.000 quality=中画质 marker=62 npc=42
[2026-08-17T12:25:18Z INFO  steel_front] cam: yaw=0.0 pitch=0.0 dist=3.4 mode=FirstPerson cycle_us=2989 update_us=24 render_us=2965
[2026-08-17T12:25:18Z INFO  steel_front::engine::game] game: wave=1 enemies=6 enemy_hp=100 hp=0/100 score=0 phys_us=2 ai_us=0 audio_us=26 net_us=0
[2026-08-17T12:25:18Z INFO  steel_front] size diag: window_inner=2560x1600 hud=2560x1600
[2026-08-17T12:25:18Z INFO  steel_front] size diag: window_inner=2560x1600 hud=2560x1600
[2026-08-17T12:25:18Z INFO  steel_front] size diag: window_inner=2560x1600 hud=2560x1600
[2026-08-17T12:25:18Z INFO  steel_front] size diag: window_inner=2560x1600 hud=2560x1600
[2026-08-17T12:25:18Z INFO  steel_front] size diag: window_inner=2560x1600 hud=2560x1600
[2026-08-17T12:25:18Z INFO  steel_front] size diag: window_inner=2560x1600 hud=2560x1600
[2026-08-17T12:25:18Z INFO  steel_front] size diag: window_inner=2560x1600 hud=2560x1600
[2026-08-17T12:25:18Z INFO  steel_front] size diag: window_inner=2560x1600 hud=2560x1600
[2026-08-17T12:25:18Z INFO  steel_front] size diag: window_inner=2560x1600 hud=2560x1600
[2026-08-17T12:25:18Z INFO  steel_front] size diag: window_inner=2560x1600 hud=2560x1600
[2026-08-17T12:25:18Z INFO  steel_front] size diag: window_inner=2560x1600 hud=2560x1600
[2026-08-17T12:25:18Z INFO  steel_front] size diag: window_inner=2560x1600 hud=2560x1600
[2026-08-17T12:25:18Z INFO  steel_front] size diag: window_inner=2560x1600 hud=2560x1600
[2026-08-17T12:25:18Z INFO  steel_front] size diag: window_inner=2560x1600 hud=2560x1600
[2026-08-17T12:25:18Z INFO  steel_front] size diag: window_inner=2560x1600 hud=2560x1600
[2026-08-17T12:25:18Z INFO  steel_front] size diag: window_inner=2560x1600 hud=2560x1600
[2026-08-17T12:25:18Z INFO  steel_front] size diag: window_inner=2560x1600 hud=2560x1600
[2026-08-17T12:25:18Z INFO  steel_front] size diag: window_inner=2560x1600 hud=2560x1600
[2026-08-17T12:25:18Z INFO  steel_front::engine::renderer] visible=65536/65536 near=65536 far=0 fps=377.6 frame_us=2299 cull_us=1 terrain_us=0 wait_fence_us=1889 acquire_us=1 record_us=65 submit_us=64 present_us=293 terrain_lod=high blend=0.000 quality=中画质 marker=52 npc=42
[2026-08-17T12:25:19Z INFO  steel_front] cam: yaw=0.0 pitch=0.0 dist=3.4 mode=FirstPerson cycle_us=2613 update_us=27 render_us=2585
[2026-08-17T12:25:19Z INFO  steel_front::engine::game] game: wave=1 enemies=6 enemy_hp=100 hp=0/100 score=0 phys_us=2 ai_us=0 audio_us=21 net_us=0
[2026-08-17T12:25:19Z INFO  steel_front::engine::renderer] visible=65536/65536 near=65536 far=0 fps=376.8 frame_us=2639 cull_us=1 terrain_us=0 wait_fence_us=2242 acquire_us=2 record_us=61 submit_us=59 present_us=271 terrain_lod=high blend=0.000 quality=中画质 marker=62 npc=42
[2026-08-17T12:25:20Z INFO  steel_front] cam: yaw=0.0 pitch=0.0 dist=3.4 mode=FirstPerson cycle_us=2654 update_us=43 render_us=2610
[2026-08-17T12:25:20Z INFO  steel_front::engine::game] game: wave=1 enemies=6 enemy_hp=100 hp=0/100 score=0 phys_us=2 ai_us=0 audio_us=17 net_us=0
[2026-08-17T12:25:20Z INFO  steel_front::engine::renderer] visible=65536/65536 near=65536 far=0 fps=377.7 frame_us=2344 cull_us=0 terrain_us=0 wait_fence_us=2261 acquire_us=1 record_us=39 submit_us=59 present_us=204 terrain_lod=high blend=0.000 quality=中画质 marker=51 npc=42
[2026-08-17T12:25:21Z INFO  steel_front] cam: yaw=0.0 pitch=0.0 dist=3.4 mode=FirstPerson cycle_us=2698 update_us=36 render_us=2662
[2026-08-17T12:25:21Z INFO  steel_front::engine::game] game: wave=1 enemies=6 enemy_hp=100 hp=0/100 score=0 phys_us=7 ai_us=0 audio_us=27 net_us=0
[2026-08-17T12:25:21Z INFO  steel_front::engine::renderer] visible=65536/65536 near=65536 far=0 fps=377.7 frame_us=2357 cull_us=1 terrain_us=0 wait_fence_us=1890 acquire_us=1 record_us=69 submit_us=66 present_us=332 terrain_lod=high blend=0.000 quality=中画质 marker=62 npc=42
[2026-08-17T12:25:22Z INFO  steel_front] cam: yaw=0.0 pitch=0.0 dist=3.4 mode=FirstPerson cycle_us=2636 update_us=32 render_us=2603
[2026-08-17T12:25:22Z INFO  steel_front::engine::game] game: wave=1 enemies=6 enemy_hp=100 hp=0/100 score=0 phys_us=1 ai_us=0 audio_us=27 net_us=0
[2026-08-17T12:25:22Z INFO  steel_front::engine::renderer] visible=65536/65536 near=65536 far=0 fps=376.7 frame_us=2570 cull_us=2 terrain_us=0 wait_fence_us=2006 acquire_us=1 record_us=65 submit_us=62 present_us=277 terrain_lod=high blend=0.000 quality=中画质 marker=50 npc=42
[2026-08-17T12:25:23Z INFO  steel_front] cam: yaw=0.0 pitch=0.0 dist=3.4 mode=FirstPerson cycle_us=2627 update_us=24 render_us=2603
[2026-08-17T12:25:23Z INFO  steel_front::engine::game] game: wave=1 enemies=6 enemy_hp=100 hp=0/100 score=0 phys_us=2 ai_us=0 audio_us=17 net_us=0
[2026-08-17T12:25:23Z INFO  steel_front] size diag: window_inner=2560x1600 hud=2560x1600
[2026-08-17T12:25:23Z INFO  steel_front] size diag: window_inner=2560x1600 hud=2560x1600
[2026-08-17T12:25:23Z INFO  steel_front] size diag: window_inner=2560x1600 hud=2560x1600
[2026-08-17T12:25:23Z INFO  steel_front] size diag: window_inner=2560x1600 hud=2560x1600
[2026-08-17T12:25:23Z INFO  steel_front] size diag: window_inner=2560x1600 hud=2560x1600
[2026-08-17T12:25:23Z INFO  steel_front] size diag: window_inner=2560x1600 hud=2560x1600
[2026-08-17T12:25:23Z INFO  steel_front] size diag: window_inner=2560x1600 hud=2560x1600
[2026-08-17T12:25:23Z INFO  steel_front] size diag: window_inner=2560x1600 hud=2560x1600
[2026-08-17T12:25:23Z INFO  steel_front] size diag: window_inner=2560x1600 hud=2560x1600
[2026-08-17T12:25:23Z INFO  steel_front] size diag: window_inner=2560x1600 hud=2560x1600
[2026-08-17T12:25:23Z INFO  steel_front] size diag: window_inner=2560x1600 hud=2560x1600
[2026-08-17T12:25:23Z INFO  steel_front] size diag: window_inner=2560x1600 hud=2560x1600
[2026-08-17T12:25:23Z INFO  steel_front] size diag: window_inner=2560x1600 hud=2560x1600
[2026-08-17T12:25:23Z INFO  steel_front] size diag: window_inner=2560x1600 hud=2560x1600
[2026-08-17T12:25:23Z INFO  steel_front] size diag: window_inner=2560x1600 hud=2560x1600
[2026-08-17T12:25:23Z INFO  steel_front] size diag: window_inner=2560x1600 hud=2560x1600
[2026-08-17T12:25:23Z INFO  steel_front] size diag: window_inner=2560x1600 hud=2560x1600
[2026-08-17T12:25:23Z INFO  steel_front] size diag: window_inner=2560x1600 hud=2560x1600
[2026-08-17T12:25:23Z INFO  steel_front] size diag: window_inner=2560x1600 hud=2560x1600
[2026-08-17T12:25:23Z INFO  steel_front::engine::renderer] visible=65536/65536 near=65536 far=0 fps=377.9 frame_us=2642 cull_us=1 terrain_us=0 wait_fence_us=2028 acquire_us=2 record_us=58 submit_us=59 present_us=283 terrain_lod=high blend=0.000 quality=中画质 marker=62 npc=42
[2026-08-17T12:25:24Z INFO  steel_front] cam: yaw=0.0 pitch=0.0 dist=3.4 mode=FirstPerson cycle_us=2647 update_us=37 render_us=2609
[2026-08-17T12:25:24Z INFO  steel_front::engine::game] game: wave=1 enemies=6 enemy_hp=100 hp=0/100 score=0 phys_us=3 ai_us=0 audio_us=18 net_us=0
[2026-08-17T12:25:24Z INFO  steel_front::engine::renderer] visible=65536/65536 near=65536 far=0 fps=377.6 frame_us=2450 cull_us=1 terrain_us=0 wait_fence_us=1915 acquire_us=2 record_us=63 submit_us=63 present_us=292 terrain_lod=high blend=0.000 quality=中画质 marker=49 npc=42
[2026-08-17T12:25:25Z INFO  steel_front] cam: yaw=0.0 pitch=0.0 dist=3.4 mode=FirstPerson cycle_us=2299 update_us=26 render_us=2273
[2026-08-17T12:25:25Z INFO  steel_front::engine::game] game: wave=1 enemies=6 enemy_hp=100 hp=0/100 score=0 phys_us=4 ai_us=0 audio_us=28 net_us=0
[2026-08-17T12:25:25Z INFO  steel_front::engine::renderer] visible=65536/65536 near=65536 far=0 fps=376.6 frame_us=2226 cull_us=1 terrain_us=0 wait_fence_us=2231 acquire_us=2 record_us=48 submit_us=43 present_us=204 terrain_lod=high blend=0.000 quality=中画质 marker=62 npc=42
[2026-08-17T12:25:26Z INFO  steel_front] cam: yaw=0.0 pitch=0.0 dist=3.4 mode=FirstPerson cycle_us=2585 update_us=24 render_us=2561
[2026-08-17T12:25:26Z INFO  steel_front::engine::game] game: wave=1 enemies=6 enemy_hp=100 hp=0/100 score=0 phys_us=1 ai_us=0 audio_us=27 net_us=0
[2026-08-17T12:25:26Z INFO  steel_front::engine::renderer] visible=65536/65536 near=65536 far=0 fps=372.2 frame_us=2277 cull_us=1 terrain_us=0 wait_fence_us=2382 acquire_us=1 record_us=37 submit_us=80 present_us=192 terrain_lod=high blend=0.000 quality=中画质 marker=48 npc=42
[2026-08-17T12:25:27Z INFO  steel_front] cam: yaw=0.0 pitch=0.0 dist=3.4 mode=FirstPerson cycle_us=2750 update_us=22 render_us=2727
[2026-08-17T12:25:27Z INFO  steel_front::engine::game] game: wave=1 enemies=6 enemy_hp=100 hp=0/100 score=0 phys_us=2 ai_us=0 audio_us=18 net_us=0
[2026-08-17T12:25:27Z INFO  steel_front::engine::renderer] visible=65536/65536 near=65536 far=0 fps=377.3 frame_us=2202 cull_us=1 terrain_us=0 wait_fence_us=2077 acquire_us=1 record_us=59 submit_us=56 present_us=268 terrain_lod=high blend=0.000 quality=中画质 marker=62 npc=42
[2026-08-17T12:25:28Z INFO  steel_front] cam: yaw=0.0 pitch=0.0 dist=3.4 mode=FirstPerson cycle_us=3045 update_us=36 render_us=3008
[2026-08-17T12:25:28Z INFO  steel_front::engine::game] game: wave=1 enemies=6 enemy_hp=100 hp=0/100 score=0 phys_us=3 ai_us=0 audio_us=25 net_us=0
[2026-08-17T12:25:28Z INFO  steel_front] size diag: window_inner=2560x1600 hud=2560x1600
[2026-08-17T12:25:28Z INFO  steel_front] size diag: window_inner=2560x1600 hud=2560x1600
[2026-08-17T12:25:28Z INFO  steel_front] size diag: window_inner=2560x1600 hud=2560x1600
[2026-08-17T12:25:28Z INFO  steel_front] size diag: window_inner=2560x1600 hud=2560x1600
[2026-08-17T12:25:28Z INFO  steel_front] size diag: window_inner=2560x1600 hud=2560x1600
[2026-08-17T12:25:28Z INFO  steel_front] size diag: window_inner=2560x1600 hud=2560x1600
[2026-08-17T12:25:28Z INFO  steel_front] size diag: window_inner=2560x1600 hud=2560x1600
[2026-08-17T12:25:28Z INFO  steel_front] size diag: window_inner=2560x1600 hud=2560x1600
[2026-08-17T12:25:28Z INFO  steel_front] size diag: window_inner=2560x1600 hud=2560x1600
[2026-08-17T12:25:28Z INFO  steel_front] size diag: window_inner=2560x1600 hud=2560x1600
[2026-08-17T12:25:28Z INFO  steel_front] size diag: window_inner=2560x1600 hud=2560x1600
[2026-08-17T12:25:28Z INFO  steel_front] size diag: window_inner=2560x1600 hud=2560x1600
[2026-08-17T12:25:28Z INFO  steel_front] size diag: window_inner=2560x1600 hud=2560x1600
[2026-08-17T12:25:28Z INFO  steel_front] size diag: window_inner=2560x1600 hud=2560x1600
[2026-08-17T12:25:28Z INFO  steel_front] size diag: window_inner=2560x1600 hud=2560x1600
[2026-08-17T12:25:28Z INFO  steel_front] size diag: window_inner=2560x1600 hud=2560x1600
[2026-08-17T12:25:28Z INFO  steel_front] size diag: window_inner=2560x1600 hud=2560x1600
[2026-08-17T12:25:28Z INFO  steel_front] size diag: window_inner=2560x1600 hud=2560x1600
[2026-08-17T12:25:28Z INFO  steel_front] size diag: window_inner=2560x1600 hud=2560x1600
[2026-08-17T12:25:28Z INFO  steel_front::engine::renderer] visible=65536/65536 near=65536 far=0 fps=376.2 frame_us=2106 cull_us=6 terrain_us=1 wait_fence_us=2182 acquire_us=1 record_us=63 submit_us=56 present_us=276 terrain_lod=high blend=0.000 quality=中画质 marker=45 npc=42
[2026-08-17T12:25:29Z INFO  steel_front] cam: yaw=0.0 pitch=0.0 dist=3.4 mode=FirstPerson cycle_us=2481 update_us=34 render_us=2446
[2026-08-17T12:25:29Z INFO  steel_front::engine::game] game: wave=1 enemies=6 enemy_hp=100 hp=0/100 score=0 phys_us=6 ai_us=0 audio_us=21 net_us=0
[2026-08-17T12:25:29Z INFO  steel_front::engine::renderer] visible=65536/65536 near=65536 far=0 fps=377.5 frame_us=2436 cull_us=0 terrain_us=0 wait_fence_us=2081 acquire_us=1 record_us=63 submit_us=59 present_us=303 terrain_lod=high blend=0.000 quality=中画质 marker=62 npc=42
[2026-08-17T12:25:30Z INFO  steel_front] cam: yaw=0.0 pitch=0.0 dist=3.4 mode=FirstPerson cycle_us=2734 update_us=40 render_us=2693
[2026-08-17T12:25:30Z INFO  steel_front::engine::game] game: wave=1 enemies=6 enemy_hp=100 hp=0/100 score=0 phys_us=3 ai_us=0 audio_us=16 net_us=0
[2026-08-17T12:25:30Z INFO  steel_front::engine::renderer] visible=65536/65536 near=65536 far=0 fps=377.4 frame_us=2268 cull_us=1 terrain_us=0 wait_fence_us=2166 acquire_us=1 record_us=50 submit_us=60 present_us=277 terrain_lod=high blend=0.000 quality=中画质 marker=44 npc=42
[2026-08-17T12:25:31Z INFO  steel_front] cam: yaw=0.0 pitch=0.0 dist=3.4 mode=FirstPerson cycle_us=2752 update_us=28 render_us=2722
[2026-08-17T12:25:31Z INFO  steel_front::engine::game] game: wave=1 enemies=6 enemy_hp=100 hp=0/100 score=0 phys_us=2 ai_us=0 audio_us=25 net_us=0
[2026-08-17T12:25:31Z INFO  steel_front::engine::renderer] visible=65536/65536 near=65536 far=0 fps=374.4 frame_us=2194 cull_us=1 terrain_us=0 wait_fence_us=2081 acquire_us=2 record_us=97 submit_us=39 present_us=213 terrain_lod=high blend=0.000 quality=中画质 marker=62 npc=42
[2026-08-17T12:25:32Z INFO  steel_front] cam: yaw=0.0 pitch=0.0 dist=3.4 mode=FirstPerson cycle_us=2425 update_us=36 render_us=2388
[2026-08-17T12:25:32Z INFO  steel_front::engine::game] game: wave=1 enemies=6 enemy_hp=100 hp=0/100 score=0 phys_us=2 ai_us=0 audio_us=15 net_us=0
[2026-08-17T12:25:32Z INFO  steel_front::engine::renderer] visible=65536/65536 near=65536 far=0 fps=389.8 frame_us=2295 cull_us=0 terrain_us=0 wait_fence_us=2036 acquire_us=1 record_us=57 submit_us=52 present_us=262 terrain_lod=high blend=0.000 quality=中画质 marker=43 npc=42
[2026-08-17T12:25:33Z INFO  steel_front] cam: yaw=0.0 pitch=0.0 dist=3.4 mode=FirstPerson cycle_us=4910 update_us=40 render_us=4869
[2026-08-17T12:25:33Z INFO  steel_front::engine::game] game: wave=1 enemies=6 enemy_hp=100 hp=0/100 score=0 phys_us=2 ai_us=0 audio_us=18 net_us=0
[2026-08-17T12:25:33Z INFO  steel_front] size diag: window_inner=2560x1600 hud=2560x1600
[2026-08-17T12:25:33Z INFO  steel_front] size diag: window_inner=2560x1600 hud=2560x1600
[2026-08-17T12:25:33Z INFO  steel_front] size diag: window_inner=2560x1600 hud=2560x1600
[2026-08-17T12:25:33Z INFO  steel_front] size diag: window_inner=2560x1600 hud=2560x1600
[2026-08-17T12:25:33Z INFO  steel_front] size diag: window_inner=2560x1600 hud=2560x1600
[2026-08-17T12:25:33Z INFO  steel_front] size diag: window_inner=2560x1600 hud=2560x1600
[2026-08-17T12:25:33Z INFO  steel_front] size diag: window_inner=2560x1600 hud=2560x1600
[2026-08-17T12:25:33Z INFO  steel_front] size diag: window_inner=2560x1600 hud=2560x1600
[2026-08-17T12:25:33Z INFO  steel_front] size diag: window_inner=2560x1600 hud=2560x1600
[2026-08-17T12:25:33Z INFO  steel_front] size diag: window_inner=2560x1600 hud=2560x1600
[2026-08-17T12:25:33Z INFO  steel_front] size diag: window_inner=2560x1600 hud=2560x1600
[2026-08-17T12:25:33Z INFO  steel_front] size diag: window_inner=2560x1600 hud=2560x1600
[2026-08-17T12:25:33Z INFO  steel_front] size diag: window_inner=2560x1600 hud=2560x1600
[2026-08-17T12:25:33Z INFO  steel_front] size diag: window_inner=2560x1600 hud=2560x1600
[2026-08-17T12:25:33Z INFO  steel_front] size diag: window_inner=2560x1600 hud=2560x1600
[2026-08-17T12:25:33Z INFO  steel_front] size diag: window_inner=2560x1600 hud=2560x1600
[2026-08-17T12:25:33Z INFO  steel_front::engine::renderer] visible=65536/65536 near=65536 far=0 fps=374.9 frame_us=2040 cull_us=1 terrain_us=0 wait_fence_us=1808 acquire_us=2 record_us=77 submit_us=71 present_us=418 terrain_lod=high blend=0.000 quality=中画质 marker=63 npc=42
[2026-08-17T12:25:34Z INFO  steel_front] cam: yaw=0.0 pitch=0.0 dist=3.4 mode=FirstPerson cycle_us=2527 update_us=20 render_us=2506
[2026-08-17T12:25:34Z INFO  steel_front::engine::game] game: wave=1 enemies=6 enemy_hp=100 hp=0/100 score=0 phys_us=2 ai_us=0 audio_us=13 net_us=0
[2026-08-17T12:25:34Z INFO  steel_front::engine::renderer] visible=65536/65536 near=65536 far=0 fps=396.6 frame_us=2690 cull_us=1 terrain_us=0 wait_fence_us=4420 acquire_us=2 record_us=51 submit_us=125 present_us=238 terrain_lod=high blend=0.000 quality=中画质 marker=43 npc=42
[2026-08-17T12:25:35Z INFO  steel_front] cam: yaw=0.0 pitch=0.0 dist=3.4 mode=FirstPerson cycle_us=3329 update_us=56 render_us=3272
[2026-08-17T12:25:35Z INFO  steel_front::engine::game] game: wave=1 enemies=6 enemy_hp=100 hp=0/100 score=0 phys_us=2 ai_us=0 audio_us=35 net_us=0
[2026-08-17T12:25:35Z INFO  steel_front::engine::renderer] visible=65536/65536 near=65536 far=0 fps=374.9 frame_us=2155 cull_us=0 terrain_us=0 wait_fence_us=1992 acquire_us=1 record_us=57 submit_us=53 present_us=245 terrain_lod=high blend=0.000 quality=中画质 marker=63 npc=42
[2026-08-17T12:25:36Z INFO  steel_front] cam: yaw=0.0 pitch=0.0 dist=3.4 mode=FirstPerson cycle_us=3668 update_us=245 render_us=3422
[2026-08-17T12:25:36Z INFO  steel_front::engine::game] game: wave=1 enemies=6 enemy_hp=100 hp=0/100 score=0 phys_us=15 ai_us=1 audio_us=209 net_us=1
[2026-08-17T12:25:36Z INFO  steel_front::engine::renderer] visible=65536/65536 near=65536 far=0 fps=259.3 frame_us=3062 cull_us=3 terrain_us=0 wait_fence_us=18 acquire_us=5 record_us=224 submit_us=292 present_us=2503 terrain_lod=high blend=0.000 quality=中画质 marker=38 npc=42
[2026-08-17T12:25:37Z INFO  steel_front] cam: yaw=0.0 pitch=0.0 dist=3.4 mode=FirstPerson cycle_us=5176 update_us=243 render_us=4932
[2026-08-17T12:25:37Z INFO  steel_front::engine::game] game: wave=1 enemies=6 enemy_hp=100 hp=0/100 score=0 phys_us=24 ai_us=1 audio_us=232 net_us=1
[2026-08-17T12:25:37Z INFO  steel_front::engine::renderer] visible=65536/65536 near=65536 far=0 fps=220.3 frame_us=3186 cull_us=4 terrain_us=0 wait_fence_us=25 acquire_us=8 record_us=176 submit_us=154 present_us=2815 terrain_lod=high blend=0.000 quality=中画质 marker=49 npc=42
[2026-08-17T12:25:38Z INFO  steel_front] cam: yaw=0.0 pitch=0.0 dist=3.4 mode=FirstPerson cycle_us=2779 update_us=134 render_us=2644
[2026-08-17T12:25:38Z INFO  steel_front::engine::game] game: wave=1 enemies=6 enemy_hp=100 hp=0/100 score=0 phys_us=7 ai_us=0 audio_us=120 net_us=1
[2026-08-17T12:25:38Z INFO  steel_front] size diag: window_inner=2560x1600 hud=2560x1600
[2026-08-17T12:25:38Z INFO  steel_front] size diag: window_inner=2560x1600 hud=2560x1600
[2026-08-17T12:25:38Z INFO  steel_front] size diag: window_inner=2560x1600 hud=2560x1600
[2026-08-17T12:25:38Z INFO  steel_front] size diag: window_inner=2560x1600 hud=2560x1600
[2026-08-17T12:25:38Z INFO  steel_front] size diag: window_inner=2560x1600 hud=2560x1600
[2026-08-17T12:25:38Z INFO  steel_front] size diag: window_inner=2560x1600 hud=2560x1600
[2026-08-17T12:25:38Z INFO  steel_front] size diag: window_inner=2560x1600 hud=2560x1600
[2026-08-17T12:25:38Z INFO  steel_front] size diag: window_inner=2560x1600 hud=2560x1600
[2026-08-17T12:25:38Z INFO  steel_front::engine::renderer] visible=65536/65536 near=65536 far=0 fps=243.2 frame_us=3738 cull_us=3 terrain_us=0 wait_fence_us=19 acquire_us=7 record_us=188 submit_us=372 present_us=3139 terrain_lod=high blend=0.000 quality=中画质 marker=36 npc=42
[2026-08-17T12:25:39Z INFO  steel_front] cam: yaw=0.0 pitch=0.0 dist=3.4 mode=FirstPerson cycle_us=2566 update_us=155 render_us=2409
[2026-08-17T12:25:39Z INFO  steel_front::engine::game] game: wave=1 enemies=6 enemy_hp=100 hp=0/100 score=0 phys_us=12 ai_us=1 audio_us=99 net_us=1
[2026-08-17T12:25:39Z INFO  steel_front::engine::renderer] visible=65536/65536 near=65536 far=0 fps=255.0 frame_us=3446 cull_us=1 terrain_us=0 wait_fence_us=11 acquire_us=3 record_us=232 submit_us=164 present_us=3016 terrain_lod=high blend=0.000 quality=中画质 marker=52 npc=42
[2026-08-17T12:25:40Z INFO  steel_front] cam: yaw=0.0 pitch=0.0 dist=3.4 mode=FirstPerson cycle_us=4589 update_us=242 render_us=4345
[2026-08-17T12:25:40Z INFO  steel_front::engine::game] game: wave=1 enemies=6 enemy_hp=100 hp=0/100 score=0 phys_us=9 ai_us=0 audio_us=185 net_us=1
[2026-08-17T12:25:40Z INFO  steel_front::engine::renderer] visible=65536/65536 near=65536 far=0 fps=232.5 frame_us=3859 cull_us=2 terrain_us=0 wait_fence_us=24 acquire_us=8 record_us=167 submit_us=197 present_us=3464 terrain_lod=high blend=0.000 quality=中画质 marker=36 npc=42
[2026-08-17T12:25:41Z INFO  steel_front] cam: yaw=0.0 pitch=0.0 dist=3.4 mode=FirstPerson cycle_us=3926 update_us=248 render_us=3676
[2026-08-17T12:25:41Z INFO  steel_front::engine::game] game: wave=1 enemies=6 enemy_hp=100 hp=0/100 score=0 phys_us=11 ai_us=1 audio_us=289 net_us=1
[2026-08-17T12:25:41Z INFO  steel_front::engine::renderer] visible=65536/65536 near=65536 far=0 fps=236.8 frame_us=2565 cull_us=2 terrain_us=0 wait_fence_us=16 acquire_us=4 record_us=145 submit_us=179 present_us=2202 terrain_lod=high blend=0.000 quality=中画质 marker=54 npc=42
[2026-08-17T12:25:42Z INFO  steel_front] cam: yaw=0.0 pitch=0.0 dist=3.4 mode=FirstPerson cycle_us=4738 update_us=204 render_us=4532
[2026-08-17T12:25:42Z INFO  steel_front::engine::game] game: wave=1 enemies=6 enemy_hp=100 hp=0/100 score=0 phys_us=9 ai_us=1 audio_us=173 net_us=1
[2026-08-17T12:25:42Z INFO  steel_front::engine::renderer] visible=65536/65536 near=65536 far=0 fps=247.6 frame_us=2953 cull_us=2 terrain_us=0 wait_fence_us=18 acquire_us=5 record_us=145 submit_us=216 present_us=2552 terrain_lod=high blend=0.000 quality=中画质 marker=36 npc=42
[2026-08-17T12:25:43Z INFO  steel_front] cam: yaw=0.0 pitch=0.0 dist=3.4 mode=FirstPerson cycle_us=4173 update_us=166 render_us=4006
[2026-08-17T12:25:43Z INFO  steel_front::engine::game] game: wave=1 enemies=6 enemy_hp=100 hp=0/100 score=0 phys_us=11 ai_us=0 audio_us=95 net_us=0
[2026-08-17T12:25:43Z INFO  steel_front] size diag: window_inner=2560x1600 hud=2560x1600
[2026-08-17T12:25:43Z INFO  steel_front] size diag: window_inner=2560x1600 hud=2560x1600
[2026-08-17T12:25:43Z INFO  steel_front] size diag: window_inner=2560x1600 hud=2560x1600
[2026-08-17T12:25:43Z INFO  steel_front] size diag: window_inner=2560x1600 hud=2560x1600
[2026-08-17T12:25:43Z INFO  steel_front] size diag: window_inner=2560x1600 hud=2560x1600
[2026-08-17T12:25:43Z INFO  steel_front] size diag: window_inner=2560x1600 hud=2560x1600
[2026-08-17T12:25:43Z INFO  steel_front] size diag: window_inner=2560x1600 hud=2560x1600
[2026-08-17T12:25:43Z INFO  steel_front] size diag: window_inner=2560x1600 hud=2560x1600
[2026-08-17T12:25:43Z INFO  steel_front] size diag: window_inner=2560x1600 hud=2560x1600
[2026-08-17T12:25:43Z INFO  steel_front] size diag: window_inner=2560x1600 hud=2560x1600
[2026-08-17T12:25:43Z INFO  steel_front::engine::renderer] visible=65536/65536 near=65536 far=0 fps=274.4 frame_us=2680 cull_us=2 terrain_us=0 wait_fence_us=14 acquire_us=4 record_us=136 submit_us=144 present_us=2368 terrain_lod=high blend=0.000 quality=中画质 marker=55 npc=42
[2026-08-17T12:25:44Z INFO  steel_front] cam: yaw=0.0 pitch=0.0 dist=3.4 mode=FirstPerson cycle_us=5483 update_us=287 render_us=5195
[2026-08-17T12:25:44Z INFO  steel_front::engine::game] game: wave=1 enemies=6 enemy_hp=100 hp=0/100 score=0 phys_us=20 ai_us=2 audio_us=226 net_us=1
[2026-08-17T12:25:44Z INFO  steel_front::engine::renderer] visible=65536/65536 near=65536 far=0 fps=206.9 frame_us=4316 cull_us=2 terrain_us=0 wait_fence_us=18 acquire_us=5 record_us=202 submit_us=479 present_us=3594 terrain_lod=high blend=0.000 quality=中画质 marker=36 npc=42
[2026-08-17T12:25:45Z INFO  steel_front] cam: yaw=0.0 pitch=0.0 dist=3.4 mode=FirstPerson cycle_us=5703 update_us=308 render_us=5394
[2026-08-17T12:25:45Z INFO  steel_front::engine::game] game: wave=1 enemies=6 enemy_hp=100 hp=0/100 score=0 phys_us=13 ai_us=1 audio_us=191 net_us=2
[2026-08-17T12:25:45Z INFO  steel_front::engine::renderer] visible=65536/65536 near=65536 far=0 fps=203.5 frame_us=4183 cull_us=3 terrain_us=0 wait_fence_us=25 acquire_us=6 record_us=198 submit_us=162 present_us=3779 terrain_lod=high blend=0.000 quality=中画质 marker=49 npc=42
[2026-08-17T12:25:46Z INFO  steel_front] cam: yaw=0.0 pitch=0.0 dist=3.4 mode=FirstPerson cycle_us=4975 update_us=322 render_us=4652
[2026-08-17T12:25:46Z INFO  steel_front::engine::game] game: wave=1 enemies=6 enemy_hp=100 hp=0/100 score=0 phys_us=24 ai_us=1 audio_us=1106 net_us=1
[2026-08-17T12:25:46Z INFO  steel_front::engine::renderer] visible=65536/65536 near=65536 far=0 fps=191.0 frame_us=3606 cull_us=3 terrain_us=0 wait_fence_us=24 acquire_us=5 record_us=218 submit_us=499 present_us=2847 terrain_lod=high blend=0.000 quality=中画质 marker=36 npc=42
[2026-08-17T12:25:47Z INFO  steel_front] cam: yaw=0.0 pitch=0.0 dist=3.4 mode=FirstPerson cycle_us=3878 update_us=247 render_us=3630
[2026-08-17T12:25:47Z INFO  steel_front::engine::game] game: wave=1 enemies=6 enemy_hp=100 hp=0/100 score=0 phys_us=24 ai_us=1 audio_us=189 net_us=1
[2026-08-17T12:25:47Z INFO  steel_front::engine::renderer] visible=65536/65536 near=65536 far=0 fps=203.4 frame_us=3599 cull_us=3 terrain_us=0 wait_fence_us=20 acquire_us=6 record_us=197 submit_us=204 present_us=3153 terrain_lod=high blend=0.000 quality=中画质 marker=49 npc=42
[2026-08-17T12:25:48Z INFO  steel_front] cam: yaw=0.0 pitch=0.0 dist=3.4 mode=FirstPerson cycle_us=4997 update_us=305 render_us=4690
[2026-08-17T12:25:48Z INFO  steel_front::engine::game] game: wave=1 enemies=6 enemy_hp=100 hp=0/100 score=0 phys_us=25 ai_us=2 audio_us=846 net_us=1
[2026-08-17T12:25:48Z INFO  steel_front] size diag: window_inner=2560x1600 hud=2560x1600
[2026-08-17T12:25:48Z INFO  steel_front] size diag: window_inner=2560x1600 hud=2560x1600
[2026-08-17T12:25:48Z INFO  steel_front] size diag: window_inner=2560x1600 hud=2560x1600
[2026-08-17T12:25:48Z INFO  steel_front] size diag: window_inner=2560x1600 hud=2560x1600
[2026-08-17T12:25:48Z INFO  steel_front] size diag: window_inner=2560x1600 hud=2560x1600
[2026-08-17T12:25:48Z INFO  steel_front] size diag: window_inner=2560x1600 hud=2560x1600
[2026-08-17T12:25:48Z INFO  steel_front] size diag: window_inner=2560x1600 hud=2560x1600
[2026-08-17T12:25:48Z INFO  steel_front] size diag: window_inner=2560x1600 hud=2560x1600
[2026-08-17T12:25:49Z INFO  steel_front::engine::renderer] visible=65536/65536 near=65536 far=0 fps=180.9 frame_us=3343 cull_us=2 terrain_us=0 wait_fence_us=19 acquire_us=5 record_us=198 submit_us=161 present_us=2942 terrain_lod=high blend=0.000 quality=中画质 marker=36 npc=42
[2026-08-17T12:25:49Z INFO  steel_front] cam: yaw=0.0 pitch=0.0 dist=3.4 mode=FirstPerson cycle_us=5082 update_us=380 render_us=4701
[2026-08-17T12:25:49Z INFO  steel_front::engine::game] game: wave=1 enemies=6 enemy_hp=100 hp=0/100 score=0 phys_us=13 ai_us=1 audio_us=295 net_us=1
[2026-08-17T12:25:50Z INFO  steel_front::engine::renderer] visible=65536/65536 near=65536 far=0 fps=193.8 frame_us=3698 cull_us=8 terrain_us=0 wait_fence_us=27 acquire_us=9 record_us=221 submit_us=203 present_us=3236 terrain_lod=high blend=0.000 quality=中画质 marker=49 npc=42
[2026-08-17T12:25:50Z INFO  steel_front] cam: yaw=0.0 pitch=0.0 dist=3.4 mode=FirstPerson cycle_us=4954 update_us=333 render_us=4620
[2026-08-17T12:25:50Z INFO  steel_front::engine::game] game: wave=1 enemies=6 enemy_hp=100 hp=0/100 score=0 phys_us=73 ai_us=1 audio_us=267 net_us=1
[2026-08-17T12:25:51Z INFO  steel_front::engine::renderer] visible=65536/65536 near=65536 far=0 fps=191.9 frame_us=4118 cull_us=2 terrain_us=0 wait_fence_us=19 acquire_us=5 record_us=173 submit_us=191 present_us=3707 terrain_lod=high blend=0.000 quality=中画质 marker=36 npc=42
[2026-08-17T12:25:51Z INFO  steel_front] cam: yaw=0.0 pitch=0.0 dist=3.4 mode=FirstPerson cycle_us=6238 update_us=434 render_us=5803
[2026-08-17T12:25:51Z INFO  steel_front::engine::game] game: wave=1 enemies=6 enemy_hp=100 hp=0/100 score=0 phys_us=24 ai_us=1 audio_us=283 net_us=1
[2026-08-17T12:25:52Z INFO  steel_front::engine::renderer] visible=65536/65536 near=65536 far=0 fps=166.8 frame_us=4213 cull_us=3 terrain_us=0 wait_fence_us=22 acquire_us=6 record_us=211 submit_us=217 present_us=3700 terrain_lod=high blend=0.000 quality=中画质 marker=47 npc=42
[2026-08-17T12:25:52Z INFO  steel_front] cam: yaw=0.0 pitch=0.0 dist=3.4 mode=FirstPerson cycle_us=8720 update_us=633 render_us=8086
[2026-08-17T12:25:52Z INFO  steel_front::engine::game] game: wave=1 enemies=6 enemy_hp=100 hp=0/100 score=0 phys_us=23 ai_us=1 audio_us=491 net_us=3
[2026-08-17T12:25:53Z INFO  steel_front::engine::renderer] visible=65536/65536 near=65536 far=0 fps=128.9 frame_us=7119 cull_us=3 terrain_us=0 wait_fence_us=17 acquire_us=5 record_us=236 submit_us=259 present_us=6569 terrain_lod=high blend=0.000 quality=中画质 marker=36 npc=42
[2026-08-17T12:25:53Z INFO  steel_front] cam: yaw=0.0 pitch=0.0 dist=3.4 mode=FirstPerson cycle_us=10345 update_us=616 render_us=9728
[2026-08-17T12:25:53Z INFO  steel_front::engine::game] game: wave=1 enemies=6 enemy_hp=100 hp=0/100 score=0 phys_us=27 ai_us=1 audio_us=427 net_us=1
[2026-08-17T12:25:53Z INFO  steel_front] size diag: window_inner=2560x1600 hud=2560x1600
[2026-08-17T12:25:53Z INFO  steel_front] size diag: window_inner=2560x1600 hud=2560x1600
[2026-08-17T12:25:53Z INFO  steel_front] size diag: window_inner=2560x1600 hud=2560x1600
[2026-08-17T12:25:54Z INFO  steel_front::engine::renderer] visible=65536/65536 near=65536 far=0 fps=90.2 frame_us=9690 cull_us=4 terrain_us=0 wait_fence_us=29 acquire_us=9 record_us=179 submit_us=245 present_us=9224 terrain_lod=high blend=0.000 quality=中画质 marker=42 npc=42
[2026-08-17T12:25:54Z INFO  steel_front] cam: yaw=0.0 pitch=0.0 dist=3.4 mode=FirstPerson cycle_us=10995 update_us=625 render_us=10368
[2026-08-17T12:25:54Z INFO  steel_front::engine::game] game: wave=1 enemies=6 enemy_hp=100 hp=0/100 score=0 phys_us=25 ai_us=1 audio_us=485 net_us=1
[2026-08-17T12:25:55Z INFO  steel_front::engine::renderer] visible=65536/65536 near=65536 far=0 fps=87.8 frame_us=3352 cull_us=2 terrain_us=0 wait_fence_us=21 acquire_us=6 record_us=219 submit_us=342 present_us=2744 terrain_lod=high blend=0.000 quality=中画质 marker=36 npc=42
[2026-08-17T12:25:55Z INFO  steel_front] cam: yaw=0.0 pitch=0.0 dist=3.4 mode=FirstPerson cycle_us=7821 update_us=558 render_us=7261
[2026-08-17T12:25:55Z INFO  steel_front::engine::game] game: wave=1 enemies=6 enemy_hp=100 hp=0/100 score=0 phys_us=25 ai_us=1 audio_us=272 net_us=1
[2026-08-17T12:25:56Z INFO  steel_front::engine::renderer] visible=65536/65536 near=65536 far=0 fps=149.1 frame_us=5493 cull_us=4 terrain_us=0 wait_fence_us=34 acquire_us=11 record_us=219 submit_us=250 present_us=4975 terrain_lod=high blend=0.000 quality=中画质 marker=41 npc=42
[2026-08-17T12:25:56Z INFO  steel_front] cam: yaw=0.0 pitch=0.0 dist=3.4 mode=FirstPerson cycle_us=5300 update_us=299 render_us=5000
[2026-08-17T12:25:56Z INFO  steel_front::engine::game] game: wave=1 enemies=6 enemy_hp=100 hp=0/100 score=0 phys_us=25 ai_us=1 audio_us=249 net_us=2
[2026-08-17T12:25:57Z INFO  steel_front::engine::renderer] visible=65536/65536 near=65536 far=0 fps=165.5 frame_us=2989 cull_us=2 terrain_us=0 wait_fence_us=16 acquire_us=5 record_us=172 submit_us=162 present_us=2622 terrain_lod=high blend=0.000 quality=中画质 marker=36 npc=42
[2026-08-17T12:25:57Z INFO  steel_front] cam: yaw=0.0 pitch=0.0 dist=3.4 mode=FirstPerson cycle_us=4382 update_us=226 render_us=4154
[2026-08-17T12:25:57Z INFO  steel_front::engine::game] game: wave=1 enemies=6 enemy_hp=100 hp=0/100 score=0 phys_us=25 ai_us=1 audio_us=237 net_us=1
[2026-08-17T12:25:58Z INFO  steel_front::engine::renderer] visible=65536/65536 near=65536 far=0 fps=181.9 frame_us=4086 cull_us=3 terrain_us=0 wait_fence_us=25 acquire_us=7 record_us=263 submit_us=259 present_us=3516 terrain_lod=high blend=0.000 quality=中画质 marker=47 npc=42
[2026-08-17T12:25:58Z INFO  steel_front] cam: yaw=0.0 pitch=0.0 dist=3.4 mode=FirstPerson cycle_us=6752 update_us=333 render_us=6418
[2026-08-17T12:25:58Z INFO  steel_front] size diag: window_inner=2560x1600 hud=2560x1600
[2026-08-17T12:25:58Z INFO  steel_front] size diag: window_inner=2560x1600 hud=2560x1600
[2026-08-17T12:25:58Z INFO  steel_front] size diag: window_inner=2560x1600 hud=2560x1600
[2026-08-17T12:25:58Z INFO  steel_front] size diag: window_inner=2560x1600 hud=2560x1600
[2026-08-17T12:25:58Z INFO  steel_front::engine::game] game: wave=1 enemies=6 enemy_hp=100 hp=0/100 score=0 phys_us=22 ai_us=1 audio_us=352 net_us=2
[2026-08-17T12:25:58Z INFO  steel_front] size diag: window_inner=2560x1600 hud=2560x1600
[2026-08-17T12:25:58Z INFO  steel_front] size diag: window_inner=2560x1600 hud=2560x1600
[2026-08-17T12:25:58Z INFO  steel_front] size diag: window_inner=2560x1600 hud=2560x1600
[2026-08-17T12:25:59Z INFO  steel_front::engine::renderer] visible=65536/65536 near=65536 far=0 fps=162.6 frame_us=6449 cull_us=3 terrain_us=0 wait_fence_us=25 acquire_us=194 record_us=172 submit_us=198 present_us=6043 terrain_lod=high blend=0.000 quality=中画质 marker=36 npc=42
[2026-08-17T12:25:59Z INFO  steel_front] cam: yaw=0.0 pitch=0.0 dist=3.4 mode=FirstPerson cycle_us=8994 update_us=255 render_us=8738
[2026-08-17T12:25:59Z INFO  steel_front::engine::game] game: wave=1 enemies=6 enemy_hp=100 hp=0/100 score=0 phys_us=13 ai_us=1 audio_us=234 net_us=1
[2026-08-17T12:26:00Z INFO  steel_front::engine::renderer] visible=65536/65536 near=65536 far=0 fps=185.8 frame_us=3822 cull_us=2 terrain_us=0 wait_fence_us=17 acquire_us=5 record_us=202 submit_us=193 present_us=3387 terrain_lod=high blend=0.000 quality=中画质 marker=47 npc=42
[2026-08-17T12:26:00Z INFO  steel_front] cam: yaw=0.0 pitch=0.0 dist=3.4 mode=FirstPerson cycle_us=5960 update_us=456 render_us=5502
[2026-08-17T12:26:00Z INFO  steel_front::engine::game] game: wave=1 enemies=6 enemy_hp=100 hp=0/100 score=0 phys_us=26 ai_us=1 audio_us=260 net_us=1
[2026-08-17T12:26:01Z INFO  steel_front::engine::renderer] visible=65536/65536 near=65536 far=0 fps=156.7 frame_us=3915 cull_us=3 terrain_us=0 wait_fence_us=26 acquire_us=7 record_us=292 submit_us=215 present_us=3357 terrain_lod=high blend=0.000 quality=中画质 marker=36 npc=42
[2026-08-17T12:26:01Z INFO  steel_front] cam: yaw=0.0 pitch=0.0 dist=3.4 mode=FirstPerson cycle_us=5059 update_us=333 render_us=4725
[2026-08-17T12:26:01Z INFO  steel_front::engine::game] game: wave=1 enemies=6 enemy_hp=100 hp=0/100 score=0 phys_us=25 ai_us=1 audio_us=409 net_us=1
[2026-08-17T12:26:02Z INFO  steel_front::engine::renderer] visible=65536/65536 near=65536 far=0 fps=166.5 frame_us=4280 cull_us=2 terrain_us=0 wait_fence_us=16 acquire_us=5 record_us=221 submit_us=216 present_us=3801 terrain_lod=high blend=0.000 quality=中画质 marker=48 npc=42
[2026-08-17T12:26:02Z INFO  steel_front] cam: yaw=0.0 pitch=0.0 dist=3.4 mode=FirstPerson cycle_us=8651 update_us=274 render_us=8376
[2026-08-17T12:26:02Z INFO  steel_front::engine::game] game: wave=1 enemies=6 enemy_hp=100 hp=0/100 score=0 phys_us=27 ai_us=2 audio_us=247 net_us=1
[2026-08-17T12:26:03Z INFO  steel_front::engine::renderer] visible=65536/65536 near=65536 far=0 fps=171.3 frame_us=3560 cull_us=3 terrain_us=0 wait_fence_us=17 acquire_us=5 record_us=182 submit_us=238 present_us=3097 terrain_lod=high blend=0.000 quality=中画质 marker=38 npc=42
[2026-08-17T12:26:03Z INFO  steel_front] cam: yaw=0.0 pitch=0.0 dist=3.4 mode=FirstPerson cycle_us=5237 update_us=280 render_us=4955
[2026-08-17T12:26:03Z INFO  steel_front] size diag: window_inner=2560x1600 hud=2560x1600
[2026-08-17T12:26:03Z INFO  steel_front] size diag: window_inner=2560x1600 hud=2560x1600
[2026-08-17T12:26:03Z INFO  steel_front] size diag: window_inner=2560x1600 hud=2560x1600
[2026-08-17T12:26:03Z INFO  steel_front] size diag: window_inner=2560x1600 hud=2560x1600
[2026-08-17T12:26:03Z INFO  steel_front] size diag: window_inner=2560x1600 hud=2560x1600
[2026-08-17T12:26:03Z INFO  steel_front::engine::game] game: wave=1 enemies=6 enemy_hp=100 hp=0/100 score=0 phys_us=16 ai_us=1 audio_us=348 net_us=1
[2026-08-17T12:26:03Z INFO  steel_front] size diag: window_inner=2560x1600 hud=2560x1600
[2026-08-17T12:26:03Z INFO  steel_front] size diag: window_inner=2560x1600 hud=2560x1600
[2026-08-17T12:26:04Z INFO  steel_front::engine::renderer] visible=65536/65536 near=65536 far=0 fps=169.7 frame_us=5099 cull_us=4 terrain_us=0 wait_fence_us=26 acquire_us=6 record_us=219 submit_us=261 present_us=4569 terrain_lod=high blend=0.000 quality=中画质 marker=47 npc=42
[2026-08-17T12:26:04Z INFO  steel_front] cam: yaw=0.0 pitch=0.0 dist=3.4 mode=FirstPerson cycle_us=6679 update_us=340 render_us=6338
[2026-08-17T12:26:04Z INFO  steel_front::engine::game] game: wave=1 enemies=6 enemy_hp=100 hp=0/100 score=0 phys_us=26 ai_us=1 audio_us=276 net_us=1
[2026-08-17T12:26:05Z INFO  steel_front::engine::renderer] visible=65536/65536 near=65536 far=0 fps=167.4 frame_us=4531 cull_us=2 terrain_us=0 wait_fence_us=13 acquire_us=5 record_us=172 submit_us=197 present_us=4127 terrain_lod=high blend=0.000 quality=中画质 marker=39 npc=42
[2026-08-17T12:26:05Z INFO  steel_front] cam: yaw=0.0 pitch=0.0 dist=3.4 mode=FirstPerson cycle_us=6343 update_us=332 render_us=6010
[2026-08-17T12:26:05Z INFO  steel_front::engine::game] game: wave=1 enemies=6 enemy_hp=100 hp=0/100 score=0 phys_us=12 ai_us=1 audio_us=214 net_us=1
[2026-08-17T12:26:06Z INFO  steel_front::engine::renderer] visible=65536/65536 near=65536 far=0 fps=156.3 frame_us=4456 cull_us=3 terrain_us=0 wait_fence_us=29 acquire_us=10 record_us=339 submit_us=277 present_us=3796 terrain_lod=high blend=0.000 quality=中画质 marker=47 npc=42
[2026-08-17T12:26:06Z INFO  steel_front] cam: yaw=0.0 pitch=0.0 dist=3.4 mode=FirstPerson cycle_us=6653 update_us=375 render_us=6276
[2026-08-17T12:26:06Z INFO  steel_front::engine::game] game: wave=1 enemies=6 enemy_hp=100 hp=0/100 score=0 phys_us=25 ai_us=1 audio_us=314 net_us=2
[2026-08-17T12:26:07Z INFO  steel_front::engine::renderer] visible=65536/65536 near=65536 far=0 fps=147.3 frame_us=4543 cull_us=3 terrain_us=0 wait_fence_us=28 acquire_us=6 record_us=238 submit_us=390 present_us=3862 terrain_lod=high blend=0.000 quality=中画质 marker=41 npc=42
[2026-08-17T12:26:07Z INFO  steel_front] cam: yaw=0.0 pitch=0.0 dist=3.4 mode=FirstPerson cycle_us=4685 update_us=227 render_us=4457
[2026-08-17T12:26:07Z INFO  steel_front::engine::game] game: wave=1 enemies=6 enemy_hp=100 hp=0/100 score=0 phys_us=18 ai_us=1 audio_us=153 net_us=0
[2026-08-17T12:26:08Z INFO  steel_front::engine::renderer] visible=65536/65536 near=65536 far=0 fps=222.6 frame_us=3915 cull_us=3 terrain_us=0 wait_fence_us=13 acquire_us=4 record_us=140 submit_us=207 present_us=3531 terrain_lod=high blend=0.000 quality=中画质 marker=56 npc=42
[2026-08-17T12:26:08Z INFO  steel_front] cam: yaw=0.0 pitch=0.0 dist=3.4 mode=FirstPerson cycle_us=3613 update_us=42 render_us=3571
[2026-08-17T12:26:08Z INFO  steel_front] size diag: window_inner=2560x1600 hud=2560x1600
[2026-08-17T12:26:08Z INFO  steel_front] size diag: window_inner=2560x1600 hud=2560x1600
[2026-08-17T12:26:08Z INFO  steel_front] size diag: window_inner=2560x1600 hud=2560x1600
[2026-08-17T12:26:08Z INFO  steel_front] size diag: window_inner=2560x1600 hud=2560x1600
[2026-08-17T12:26:08Z INFO  steel_front] size diag: window_inner=2560x1600 hud=2560x1600
[2026-08-17T12:26:08Z INFO  steel_front] size diag: window_inner=2560x1600 hud=2560x1600
[2026-08-17T12:26:08Z INFO  steel_front] size diag: window_inner=2560x1600 hud=2560x1600
[2026-08-17T12:26:08Z INFO  steel_front] size diag: window_inner=2560x1600 hud=2560x1600
[2026-08-17T12:26:08Z INFO  steel_front] size diag: window_inner=2560x1600 hud=2560x1600
[2026-08-17T12:26:08Z INFO  steel_front] size diag: window_inner=2560x1600 hud=2560x1600
[2026-08-17T12:26:08Z INFO  steel_front] size diag: window_inner=2560x1600 hud=2560x1600
[2026-08-17T12:26:08Z INFO  steel_front] size diag: window_inner=2560x1600 hud=2560x1600
[2026-08-17T12:26:08Z INFO  steel_front] size diag: window_inner=2560x1600 hud=2560x1600
[2026-08-17T12:26:08Z INFO  steel_front] size diag: window_inner=2560x1600 hud=2560x1600
[2026-08-17T12:26:08Z INFO  steel_front] size diag: window_inner=2560x1600 hud=2560x1600
[2026-08-17T12:26:08Z INFO  steel_front] size diag: window_inner=2560x1600 hud=2560x1600
[2026-08-17T12:26:08Z INFO  steel_front] size diag: window_inner=2560x1600 hud=2560x1600
[2026-08-17T12:26:08Z INFO  steel_front] size diag: window_inner=2560x1600 hud=2560x1600
[2026-08-17T12:26:08Z INFO  steel_front] size diag: window_inner=2560x1600 hud=2560x1600
[2026-08-17T12:26:08Z INFO  steel_front::engine::game] game: wave=1 enemies=6 enemy_hp=100 hp=0/100 score=0 phys_us=7 ai_us=0 audio_us=39 net_us=0
[2026-08-17T12:26:09Z INFO  steel_front::engine::renderer] visible=65536/65536 near=65536 far=0 fps=377.4 frame_us=1846 cull_us=3 terrain_us=0 wait_fence_us=584 acquire_us=4 record_us=98 submit_us=293 present_us=1368 terrain_lod=high blend=0.000 quality=中画质 marker=50 npc=42
[2026-08-17T12:26:09Z INFO  steel_front] cam: yaw=0.0 pitch=0.0 dist=3.4 mode=FirstPerson cycle_us=4770 update_us=39 render_us=4731
[2026-08-17T12:26:09Z INFO  steel_front::engine::game] game: wave=1 enemies=6 enemy_hp=100 hp=0/100 score=0 phys_us=12 ai_us=0 audio_us=23 net_us=0
[2026-08-17T12:26:10Z INFO  steel_front::engine::renderer] visible=65536/65536 near=65536 far=0 fps=378.9 frame_us=1638 cull_us=1 terrain_us=0 wait_fence_us=9 acquire_us=3 record_us=59 submit_us=55 present_us=1512 terrain_lod=high blend=0.000 quality=中画质 marker=62 npc=42
[2026-08-17T12:26:10Z INFO  steel_front] cam: yaw=0.0 pitch=0.0 dist=3.4 mode=FirstPerson cycle_us=3162 update_us=71 render_us=3090
[2026-08-17T12:26:10Z INFO  steel_front::engine::game] game: wave=1 enemies=6 enemy_hp=100 hp=0/100 score=0 phys_us=6 ai_us=0 audio_us=62 net_us=0
[2026-08-17T12:26:11Z INFO  steel_front::engine::renderer] visible=65536/65536 near=65536 far=0 fps=318.8 frame_us=2677 cull_us=2 terrain_us=0 wait_fence_us=15 acquire_us=3 record_us=134 submit_us=167 present_us=2348 terrain_lod=high blend=0.000 quality=中画质 marker=46 npc=42
[2026-08-17T12:26:11Z INFO  steel_front] cam: yaw=0.0 pitch=0.0 dist=3.4 mode=FirstPerson cycle_us=1545 update_us=68 render_us=1477
[2026-08-17T12:26:11Z INFO  steel_front::engine::game] game: wave=1 enemies=6 enemy_hp=100 hp=0/100 score=0 phys_us=6 ai_us=0 audio_us=24 net_us=0
[2026-08-17T12:26:12Z INFO  steel_front::engine::renderer] visible=65536/65536 near=65536 far=0 fps=374.1 frame_us=2049 cull_us=3 terrain_us=0 wait_fence_us=941 acquire_us=2 record_us=62 submit_us=61 present_us=1092 terrain_lod=high blend=0.000 quality=中画质 marker=62 npc=42
[2026-08-17T12:26:12Z INFO  steel_front] cam: yaw=0.0 pitch=0.0 dist=3.4 mode=FirstPerson cycle_us=6191 update_us=329 render_us=5861
[2026-08-17T12:26:12Z INFO  steel_front::engine::game] game: wave=1 enemies=6 enemy_hp=100 hp=0/100 score=0 phys_us=16 ai_us=1 audio_us=308 net_us=1
[2026-08-17T12:26:13Z INFO  steel_front::engine::renderer] visible=65536/65536 near=65536 far=0 fps=230.8 frame_us=3510 cull_us=3 terrain_us=0 wait_fence_us=22 acquire_us=6 record_us=233 submit_us=172 present_us=3064 terrain_lod=high blend=0.000 quality=中画质 marker=46 npc=42
[2026-08-17T12:26:13Z INFO  steel_front] cam: yaw=0.0 pitch=0.0 dist=3.4 mode=FirstPerson cycle_us=4885 update_us=342 render_us=4542
[2026-08-17T12:26:13Z INFO  steel_front] size diag: window_inner=2560x1600 hud=2560x1600
[2026-08-17T12:26:13Z INFO  steel_front] size diag: window_inner=2560x1600 hud=2560x1600
[2026-08-17T12:26:13Z INFO  steel_front] size diag: window_inner=2560x1600 hud=2560x1600
[2026-08-17T12:26:13Z INFO  steel_front] size diag: window_inner=2560x1600 hud=2560x1600
[2026-08-17T12:26:13Z INFO  steel_front] size diag: window_inner=2560x1600 hud=2560x1600
[2026-08-17T12:26:13Z INFO  steel_front] size diag: window_inner=2560x1600 hud=2560x1600
[2026-08-17T12:26:13Z INFO  steel_front] size diag: window_inner=2560x1600 hud=2560x1600
[2026-08-17T12:26:13Z INFO  steel_front] size diag: window_inner=2560x1600 hud=2560x1600
[2026-08-17T12:26:13Z INFO  steel_front] size diag: window_inner=2560x1600 hud=2560x1600
[2026-08-17T12:26:13Z INFO  steel_front::engine::game] game: wave=1 enemies=6 enemy_hp=100 hp=0/100 score=0 phys_us=11 ai_us=1 audio_us=299 net_us=1
[2026-08-17T12:26:14Z INFO  steel_front::engine::renderer] visible=65536/65536 near=65536 far=0 fps=186.6 frame_us=4915 cull_us=3 terrain_us=0 wait_fence_us=18 acquire_us=5 record_us=195 submit_us=209 present_us=4472 terrain_lod=high blend=0.000 quality=中画质 marker=47 npc=42
[2026-08-17T12:26:14Z INFO  steel_front] cam: yaw=0.0 pitch=0.0 dist=3.4 mode=FirstPerson cycle_us=5180 update_us=264 render_us=4914
[2026-08-17T12:26:14Z INFO  steel_front::engine::game] game: wave=1 enemies=6 enemy_hp=100 hp=0/100 score=0 phys_us=17 ai_us=1 audio_us=149 net_us=1
[2026-08-17T12:26:15Z INFO  steel_front::engine::renderer] visible=65536/65536 near=65536 far=0 fps=162.1 frame_us=4725 cull_us=3 terrain_us=0 wait_fence_us=22 acquire_us=7 record_us=214 submit_us=224 present_us=4241 terrain_lod=high blend=0.000 quality=中画质 marker=45 npc=42
[2026-08-17T12:26:15Z INFO  steel_front] cam: yaw=0.0 pitch=0.0 dist=3.4 mode=FirstPerson cycle_us=3090 update_us=126 render_us=2964
[2026-08-17T12:26:15Z INFO  steel_front::engine::game] game: wave=1 enemies=6 enemy_hp=100 hp=0/100 score=0 phys_us=8 ai_us=0 audio_us=92 net_us=0
[2026-08-17T12:26:16Z INFO  steel_front::engine::renderer] visible=65536/65536 near=65536 far=0 fps=209.5 frame_us=4261 cull_us=3 terrain_us=0 wait_fence_us=26 acquire_us=7 record_us=185 submit_us=334 present_us=3697 terrain_lod=high blend=0.000 quality=中画质 marker=47 npc=42
[2026-08-17T12:26:16Z INFO  steel_front] cam: yaw=0.0 pitch=0.0 dist=3.4 mode=FirstPerson cycle_us=3894 update_us=163 render_us=3729
[2026-08-17T12:26:16Z INFO  steel_front::engine::game] game: wave=1 enemies=6 enemy_hp=100 hp=0/100 score=0 phys_us=9 ai_us=0 audio_us=86 net_us=0
[2026-08-17T12:26:17Z INFO  steel_front::engine::renderer] visible=65536/65536 near=65536 far=0 fps=217.0 frame_us=2838 cull_us=2 terrain_us=0 wait_fence_us=17 acquire_us=5 record_us=154 submit_us=192 present_us=2456 terrain_lod=high blend=0.000 quality=中画质 marker=49 npc=42
[2026-08-17T12:26:17Z INFO  steel_front] cam: yaw=0.0 pitch=0.0 dist=3.4 mode=FirstPerson cycle_us=2355 update_us=79 render_us=2275
[2026-08-17T12:26:17Z INFO  steel_front::engine::game] game: wave=1 enemies=6 enemy_hp=100 hp=0/100 score=0 phys_us=6 ai_us=0 audio_us=18 net_us=0
[2026-08-17T12:26:18Z INFO  steel_front::engine::renderer] visible=65536/65536 near=65536 far=0 fps=283.9 frame_us=1983 cull_us=1 terrain_us=0 wait_fence_us=759 acquire_us=4 record_us=74 submit_us=67 present_us=1122 terrain_lod=high blend=0.000 quality=中画质 marker=62 npc=42
[2026-08-17T12:26:18Z INFO  steel_front] cam: yaw=0.0 pitch=0.0 dist=3.4 mode=FirstPerson cycle_us=2582 update_us=93 render_us=2489
[2026-08-17T12:26:18Z INFO  steel_front] size diag: window_inner=2560x1600 hud=2560x1600
[2026-08-17T12:26:18Z INFO  steel_front] size diag: window_inner=2560x1600 hud=2560x1600
[2026-08-17T12:26:18Z INFO  steel_front] size diag: window_inner=2560x1600 hud=2560x1600
[2026-08-17T12:26:18Z INFO  steel_front] size diag: window_inner=2560x1600 hud=2560x1600
[2026-08-17T12:26:18Z INFO  steel_front] size diag: window_inner=2560x1600 hud=2560x1600
[2026-08-17T12:26:18Z INFO  steel_front] size diag: window_inner=2560x1600 hud=2560x1600
[2026-08-17T12:26:18Z INFO  steel_front] size diag: window_inner=2560x1600 hud=2560x1600
[2026-08-17T12:26:18Z INFO  steel_front] size diag: window_inner=2560x1600 hud=2560x1600
[2026-08-17T12:26:18Z INFO  steel_front] size diag: window_inner=2560x1600 hud=2560x1600
[2026-08-17T12:26:18Z INFO  steel_front] size diag: window_inner=2560x1600 hud=2560x1600
[2026-08-17T12:26:18Z INFO  steel_front] size diag: window_inner=2560x1600 hud=2560x1600
[2026-08-17T12:26:18Z INFO  steel_front] size diag: window_inner=2560x1600 hud=2560x1600
[2026-08-17T12:26:18Z INFO  steel_front] size diag: window_inner=2560x1600 hud=2560x1600
[2026-08-17T12:26:18Z INFO  steel_front] size diag: window_inner=2560x1600 hud=2560x1600
[2026-08-17T12:26:18Z INFO  steel_front] size diag: window_inner=2560x1600 hud=2560x1600
[2026-08-17T12:26:18Z INFO  steel_front::engine::game] game: wave=1 enemies=6 enemy_hp=100 hp=0/100 score=0 phys_us=8 ai_us=0 audio_us=47 net_us=0
[2026-08-17T12:26:19Z INFO  steel_front::engine::renderer] visible=65536/65536 near=65536 far=0 fps=306.6 frame_us=2980 cull_us=1 terrain_us=0 wait_fence_us=12 acquire_us=3 record_us=249 submit_us=242 present_us=2450 terrain_lod=high blend=0.000 quality=中画质 marker=47 npc=42
[2026-08-17T12:26:19Z INFO  steel_front] cam: yaw=0.0 pitch=0.0 dist=3.4 mode=FirstPerson cycle_us=2556 update_us=49 render_us=2507
[2026-08-17T12:26:19Z INFO  steel_front::engine::game] game: wave=1 enemies=6 enemy_hp=100 hp=0/100 score=0 phys_us=8 ai_us=0 audio_us=38 net_us=0
[2026-08-17T12:26:20Z INFO  steel_front::engine::renderer] visible=65536/65536 near=65536 far=0 fps=341.2 frame_us=1740 cull_us=3 terrain_us=0 wait_fence_us=505 acquire_us=3 record_us=91 submit_us=77 present_us=1129 terrain_lod=high blend=0.000 quality=中画质 marker=62 npc=42
[2026-08-17T12:26:20Z INFO  steel_front] cam: yaw=0.0 pitch=0.0 dist=3.4 mode=FirstPerson cycle_us=2534 update_us=61 render_us=2472
[2026-08-17T12:26:20Z INFO  steel_front::engine::game] game: wave=1 enemies=6 enemy_hp=100 hp=0/100 score=0 phys_us=4 ai_us=0 audio_us=33 net_us=0
[2026-08-17T12:26:21Z INFO  steel_front::engine::renderer] visible=65536/65536 near=65536 far=0 fps=341.4 frame_us=2689 cull_us=0 terrain_us=0 wait_fence_us=1922 acquire_us=1 record_us=50 submit_us=50 present_us=269 terrain_lod=high blend=0.000 quality=中画质 marker=62 npc=42
[2026-08-17T12:26:21Z INFO  steel_front] cam: yaw=0.0 pitch=0.0 dist=3.4 mode=FirstPerson cycle_us=2817 update_us=32 render_us=2784
[2026-08-17T12:26:21Z INFO  steel_front::engine::game] game: wave=1 enemies=6 enemy_hp=100 hp=0/100 score=0 phys_us=1 ai_us=0 audio_us=17 net_us=0
[2026-08-17T12:26:22Z INFO  steel_front::engine::renderer] visible=65536/65536 near=65536 far=0 fps=387.6 frame_us=2007 cull_us=1 terrain_us=0 wait_fence_us=2295 acquire_us=1 record_us=30 submit_us=71 present_us=228 terrain_lod=high blend=0.000 quality=中画质 marker=63 npc=42
[2026-08-17T12:26:22Z INFO  steel_front] cam: yaw=0.0 pitch=0.0 dist=3.4 mode=FirstPerson cycle_us=2420 update_us=29 render_us=2390
[2026-08-17T12:26:22Z INFO  steel_front::engine::game] game: wave=1 enemies=6 enemy_hp=100 hp=0/100 score=0 phys_us=2 ai_us=0 audio_us=13 net_us=0
[2026-08-17T12:26:23Z INFO  steel_front::engine::renderer] visible=65536/65536 near=65536 far=0 fps=383.2 frame_us=2427 cull_us=0 terrain_us=0 wait_fence_us=1973 acquire_us=1 record_us=45 submit_us=68 present_us=191 terrain_lod=high blend=0.000 quality=中画质 marker=63 npc=42
[2026-08-17T12:26:23Z INFO  steel_front] cam: yaw=0.0 pitch=0.0 dist=3.4 mode=FirstPerson cycle_us=2445 update_us=33 render_us=2412
[2026-08-17T12:26:23Z INFO  steel_front] size diag: window_inner=2560x1600 hud=2560x1600
[2026-08-17T12:26:23Z INFO  steel_front] size diag: window_inner=2560x1600 hud=2560x1600
[2026-08-17T12:26:23Z INFO  steel_front] size diag: window_inner=2560x1600 hud=2560x1600
[2026-08-17T12:26:23Z INFO  steel_front] size diag: window_inner=2560x1600 hud=2560x1600
[2026-08-17T12:26:23Z INFO  steel_front] size diag: window_inner=2560x1600 hud=2560x1600
[2026-08-17T12:26:23Z INFO  steel_front] size diag: window_inner=2560x1600 hud=2560x1600
[2026-08-17T12:26:23Z INFO  steel_front] size diag: window_inner=2560x1600 hud=2560x1600
[2026-08-17T12:26:23Z INFO  steel_front] size diag: window_inner=2560x1600 hud=2560x1600
[2026-08-17T12:26:23Z INFO  steel_front] size diag: window_inner=2560x1600 hud=2560x1600
[2026-08-17T12:26:23Z INFO  steel_front] size diag: window_inner=2560x1600 hud=2560x1600
[2026-08-17T12:26:23Z INFO  steel_front] size diag: window_inner=2560x1600 hud=2560x1600
[2026-08-17T12:26:23Z INFO  steel_front] size diag: window_inner=2560x1600 hud=2560x1600
[2026-08-17T12:26:23Z INFO  steel_front] size diag: window_inner=2560x1600 hud=2560x1600
[2026-08-17T12:26:23Z INFO  steel_front] size diag: window_inner=2560x1600 hud=2560x1600
[2026-08-17T12:26:23Z INFO  steel_front] size diag: window_inner=2560x1600 hud=2560x1600
[2026-08-17T12:26:23Z INFO  steel_front] size diag: window_inner=2560x1600 hud=2560x1600
[2026-08-17T12:26:23Z INFO  steel_front] size diag: window_inner=2560x1600 hud=2560x1600
[2026-08-17T12:26:23Z INFO  steel_front] size diag: window_inner=2560x1600 hud=2560x1600
[2026-08-17T12:26:23Z INFO  steel_front] size diag: window_inner=2560x1600 hud=2560x1600
[2026-08-17T12:26:23Z INFO  steel_front::engine::game] game: wave=1 enemies=6 enemy_hp=100 hp=0/100 score=0 phys_us=2 ai_us=0 audio_us=12 net_us=0
[2026-08-17T12:26:24Z INFO  steel_front::engine::renderer] visible=65536/65536 near=65536 far=0 fps=388.3 frame_us=2609 cull_us=0 terrain_us=0 wait_fence_us=1866 acquire_us=1 record_us=38 submit_us=42 present_us=251 terrain_lod=high blend=0.000 quality=中画质 marker=63 npc=42
[2026-08-17T12:26:24Z INFO  steel_front] cam: yaw=0.0 pitch=0.0 dist=3.4 mode=FirstPerson cycle_us=2522 update_us=34 render_us=2488
[2026-08-17T12:26:24Z INFO  steel_front::engine::game] game: wave=1 enemies=6 enemy_hp=100 hp=0/100 score=0 phys_us=2 ai_us=0 audio_us=13 net_us=0
[2026-08-17T12:26:25Z INFO  steel_front::engine::renderer] visible=65536/65536 near=65536 far=0 fps=383.8 frame_us=2412 cull_us=1 terrain_us=0 wait_fence_us=2077 acquire_us=1 record_us=22 submit_us=41 present_us=154 terrain_lod=high blend=0.000 quality=中画质 marker=63 npc=42
[2026-08-17T12:26:25Z INFO  steel_front] cam: yaw=0.0 pitch=0.0 dist=3.4 mode=FirstPerson cycle_us=2705 update_us=30 render_us=2674
[2026-08-17T12:26:25Z INFO  steel_front::engine::game] game: wave=1 enemies=6 enemy_hp=100 hp=0/100 score=0 phys_us=2 ai_us=0 audio_us=27 net_us=0
[2026-08-17T12:26:26Z INFO  steel_front::engine::renderer] visible=65536/65536 near=65536 far=0 fps=388.4 frame_us=2446 cull_us=1 terrain_us=0 wait_fence_us=1863 acquire_us=1 record_us=58 submit_us=53 present_us=344 terrain_lod=high blend=0.000 quality=中画质 marker=63 npc=42
[2026-08-17T12:26:26Z INFO  steel_front] cam: yaw=0.0 pitch=0.0 dist=3.4 mode=FirstPerson cycle_us=2441 update_us=18 render_us=2423
[2026-08-17T12:26:26Z INFO  steel_front::engine::game] game: wave=1 enemies=6 enemy_hp=100 hp=0/100 score=0 phys_us=1 ai_us=0 audio_us=13 net_us=0
[2026-08-17T12:26:27Z INFO  steel_front::engine::renderer] visible=65536/65536 near=65536 far=0 fps=388.3 frame_us=2511 cull_us=1 terrain_us=0 wait_fence_us=1839 acquire_us=2 record_us=43 submit_us=43 present_us=261 terrain_lod=high blend=0.000 quality=中画质 marker=63 npc=42
[2026-08-17T12:26:27Z INFO  steel_front] cam: yaw=0.0 pitch=0.0 dist=3.4 mode=FirstPerson cycle_us=2692 update_us=39 render_us=2653
[2026-08-17T12:26:27Z INFO  steel_front::engine::game] game: wave=1 enemies=6 enemy_hp=100 hp=0/100 score=0 phys_us=1 ai_us=0 audio_us=13 net_us=0
[2026-08-17T12:26:28Z INFO  steel_front::engine::renderer] visible=65536/65536 near=65536 far=0 fps=388.3 frame_us=2706 cull_us=0 terrain_us=0 wait_fence_us=1711 acquire_us=1 record_us=48 submit_us=47 present_us=307 terrain_lod=high blend=0.000 quality=中画质 marker=63 npc=42
[2026-08-17T12:26:28Z INFO  steel_front] cam: yaw=0.0 pitch=0.0 dist=3.4 mode=FirstPerson cycle_us=2361 update_us=34 render_us=2327
[2026-08-17T12:26:28Z INFO  steel_front] size diag: window_inner=2560x1600 hud=2560x1600
[2026-08-17T12:26:28Z INFO  steel_front] size diag: window_inner=2560x1600 hud=2560x1600
[2026-08-17T12:26:28Z INFO  steel_front] size diag: window_inner=2560x1600 hud=2560x1600
[2026-08-17T12:26:28Z INFO  steel_front] size diag: window_inner=2560x1600 hud=2560x1600
[2026-08-17T12:26:28Z INFO  steel_front] size diag: window_inner=2560x1600 hud=2560x1600
[2026-08-17T12:26:28Z INFO  steel_front] size diag: window_inner=2560x1600 hud=2560x1600
[2026-08-17T12:26:28Z INFO  steel_front] size diag: window_inner=2560x1600 hud=2560x1600
[2026-08-17T12:26:28Z INFO  steel_front] size diag: window_inner=2560x1600 hud=2560x1600
[2026-08-17T12:26:28Z INFO  steel_front] size diag: window_inner=2560x1600 hud=2560x1600
[2026-08-17T12:26:28Z INFO  steel_front] size diag: window_inner=2560x1600 hud=2560x1600
[2026-08-17T12:26:28Z INFO  steel_front] size diag: window_inner=2560x1600 hud=2560x1600
[2026-08-17T12:26:28Z INFO  steel_front] size diag: window_inner=2560x1600 hud=2560x1600
[2026-08-17T12:26:28Z INFO  steel_front] size diag: window_inner=2560x1600 hud=2560x1600
[2026-08-17T12:26:28Z INFO  steel_front] size diag: window_inner=2560x1600 hud=2560x1600
[2026-08-17T12:26:28Z INFO  steel_front] size diag: window_inner=2560x1600 hud=2560x1600
[2026-08-17T12:26:28Z INFO  steel_front] size diag: window_inner=2560x1600 hud=2560x1600
[2026-08-17T12:26:28Z INFO  steel_front] size diag: window_inner=2560x1600 hud=2560x1600
[2026-08-17T12:26:28Z INFO  steel_front] size diag: window_inner=2560x1600 hud=2560x1600
[2026-08-17T12:26:28Z INFO  steel_front] size diag: window_inner=2560x1600 hud=2560x1600
[2026-08-17T12:26:28Z INFO  steel_front::engine::game] game: wave=1 enemies=6 enemy_hp=100 hp=0/100 score=0 phys_us=2 ai_us=0 audio_us=19 net_us=0
[2026-08-17T12:26:29Z INFO  steel_front::engine::renderer] visible=65536/65536 near=65536 far=0 fps=384.8 frame_us=2199 cull_us=1 terrain_us=0 wait_fence_us=2105 acquire_us=1 record_us=56 submit_us=61 present_us=285 terrain_lod=high blend=0.000 quality=中画质 marker=63 npc=42
[2026-08-17T12:26:29Z INFO  steel_front] cam: yaw=0.0 pitch=0.0 dist=3.4 mode=FirstPerson cycle_us=2548 update_us=32 render_us=2515
[2026-08-17T12:26:29Z INFO  steel_front::engine::game] game: wave=1 enemies=6 enemy_hp=100 hp=0/100 score=0 phys_us=2 ai_us=0 audio_us=15 net_us=0
[2026-08-17T12:26:30Z INFO  steel_front::engine::renderer] visible=65536/65536 near=65536 far=0 fps=385.5 frame_us=2343 cull_us=0 terrain_us=0 wait_fence_us=2318 acquire_us=1 record_us=48 submit_us=46 present_us=341 terrain_lod=high blend=0.000 quality=中画质 marker=61 npc=42
[2026-08-17T12:26:30Z INFO  steel_front] cam: yaw=0.0 pitch=0.0 dist=3.4 mode=FirstPerson cycle_us=2804 update_us=30 render_us=2773
[2026-08-17T12:26:30Z INFO  steel_front::engine::game] game: wave=1 enemies=6 enemy_hp=100 hp=0/100 score=0 phys_us=2 ai_us=0 audio_us=28 net_us=0
[2026-08-17T12:26:31Z INFO  steel_front::engine::renderer] visible=65536/65536 near=65536 far=0 fps=374.0 frame_us=1896 cull_us=0 terrain_us=0 wait_fence_us=2234 acquire_us=1 record_us=46 submit_us=34 present_us=232 terrain_lod=high blend=0.000 quality=中画质 marker=63 npc=42
[2026-08-17T12:26:31Z INFO  steel_front] cam: yaw=0.0 pitch=0.0 dist=3.4 mode=FirstPerson cycle_us=3658 update_us=98 render_us=3559
[2026-08-17T12:26:31Z INFO  steel_front::engine::game] game: wave=1 enemies=6 enemy_hp=100 hp=0/100 score=0 phys_us=6 ai_us=0 audio_us=94 net_us=0
[2026-08-17T12:26:32Z INFO  steel_front::engine::renderer] visible=65536/65536 near=65536 far=0 fps=306.6 frame_us=3333 cull_us=5 terrain_us=0 wait_fence_us=48 acquire_us=20 record_us=241 submit_us=342 present_us=2704 terrain_lod=high blend=0.000 quality=中画质 marker=49 npc=42
[2026-08-17T12:26:32Z INFO  steel_front] cam: yaw=0.0 pitch=0.0 dist=3.4 mode=FirstPerson cycle_us=2489 update_us=30 render_us=2458
[2026-08-17T12:26:32Z INFO  steel_front::engine::game] game: wave=1 enemies=6 enemy_hp=100 hp=0/100 score=0 phys_us=5 ai_us=0 audio_us=21 net_us=0
[2026-08-17T12:26:33Z INFO  steel_front::engine::renderer] visible=65536/65536 near=65536 far=0 fps=316.0 frame_us=3420 cull_us=2 terrain_us=0 wait_fence_us=1123 acquire_us=3 record_us=157 submit_us=149 present_us=1318 terrain_lod=high blend=0.000 quality=中画质 marker=58 npc=42
[2026-08-17T12:26:33Z INFO  steel_front] size diag: window_inner=2560x1600 hud=2560x1600
[2026-08-17T12:26:33Z INFO  steel_front] size diag: window_inner=2560x1600 hud=2560x1600
[2026-08-17T12:26:33Z INFO  steel_front] size diag: window_inner=2560x1600 hud=2560x1600
[2026-08-17T12:26:33Z INFO  steel_front] size diag: window_inner=2560x1600 hud=2560x1600
[2026-08-17T12:26:33Z INFO  steel_front] cam: yaw=0.0 pitch=0.0 dist=3.4 mode=FirstPerson cycle_us=3291 update_us=24 render_us=3266
[2026-08-17T12:26:33Z INFO  steel_front] size diag: window_inner=2560x1600 hud=2560x1600
[2026-08-17T12:26:33Z INFO  steel_front] size diag: window_inner=2560x1600 hud=2560x1600
[2026-08-17T12:26:33Z INFO  steel_front] size diag: window_inner=2560x1600 hud=2560x1600
[2026-08-17T12:26:33Z INFO  steel_front] size diag: window_inner=2560x1600 hud=2560x1600
[2026-08-17T12:26:33Z INFO  steel_front] size diag: window_inner=2560x1600 hud=2560x1600
[2026-08-17T12:26:33Z INFO  steel_front] size diag: window_inner=2560x1600 hud=2560x1600
[2026-08-17T12:26:33Z INFO  steel_front] size diag: window_inner=2560x1600 hud=2560x1600
[2026-08-17T12:26:33Z INFO  steel_front] size diag: window_inner=2560x1600 hud=2560x1600
[2026-08-17T12:26:33Z INFO  steel_front] size diag: window_inner=2560x1600 hud=2560x1600
[2026-08-17T12:26:33Z INFO  steel_front] size diag: window_inner=2560x1600 hud=2560x1600
[2026-08-17T12:26:33Z INFO  steel_front] size diag: window_inner=2560x1600 hud=2560x1600
[2026-08-17T12:26:33Z INFO  steel_front] size diag: window_inner=2560x1600 hud=2560x1600
[2026-08-17T12:26:33Z INFO  steel_front] size diag: window_inner=2560x1600 hud=2560x1600
[2026-08-17T12:26:33Z INFO  steel_front] size diag: window_inner=2560x1600 hud=2560x1600
[2026-08-17T12:26:33Z INFO  steel_front] size diag: window_inner=2560x1600 hud=2560x1600
[2026-08-17T12:26:33Z INFO  steel_front::engine::game] game: wave=1 enemies=6 enemy_hp=100 hp=0/100 score=0 phys_us=2 ai_us=0 audio_us=19 net_us=0
[2026-08-17T12:26:34Z INFO  steel_front::engine::renderer] visible=65536/65536 near=65536 far=0 fps=359.8 frame_us=1980 cull_us=2 terrain_us=0 wait_fence_us=758 acquire_us=2 record_us=88 submit_us=77 present_us=959 terrain_lod=high blend=0.000 quality=中画质 marker=60 npc=42
[2026-08-17T12:26:34Z INFO  steel_front] cam: yaw=0.0 pitch=0.0 dist=3.4 mode=FirstPerson cycle_us=2987 update_us=39 render_us=2948
[2026-08-17T12:26:34Z INFO  steel_front::engine::game] game: wave=1 enemies=6 enemy_hp=100 hp=0/100 score=0 phys_us=5 ai_us=0 audio_us=34 net_us=0
[2026-08-17T12:26:35Z INFO  steel_front::engine::renderer] visible=65536/65536 near=65536 far=0 fps=346.7 frame_us=2574 cull_us=0 terrain_us=0 wait_fence_us=1852 acquire_us=1 record_us=41 submit_us=40 present_us=266 terrain_lod=high blend=0.000 quality=中画质 marker=61 npc=42
[2026-08-17T12:26:35Z INFO  steel_front] cam: yaw=0.0 pitch=0.0 dist=3.4 mode=FirstPerson cycle_us=2412 update_us=22 render_us=2389
[2026-08-17T12:26:35Z INFO  steel_front::engine::game] game: wave=1 enemies=6 enemy_hp=100 hp=0/100 score=0 phys_us=2 ai_us=0 audio_us=20 net_us=0
[2026-08-17T12:26:36Z INFO  steel_front::engine::renderer] visible=65536/65536 near=65536 far=0 fps=386.6 frame_us=2431 cull_us=0 terrain_us=0 wait_fence_us=1967 acquire_us=1 record_us=60 submit_us=58 present_us=180 terrain_lod=high blend=0.000 quality=中画质 marker=63 npc=42
[2026-08-17T12:26:36Z INFO  steel_front] cam: yaw=0.0 pitch=0.0 dist=3.4 mode=FirstPerson cycle_us=2792 update_us=25 render_us=2766
[2026-08-17T12:26:36Z INFO  steel_front::engine::game] game: wave=1 enemies=6 enemy_hp=100 hp=0/100 score=0 phys_us=4 ai_us=0 audio_us=36 net_us=0
[2026-08-17T12:26:37Z INFO  steel_front::engine::renderer] visible=65536/65536 near=65536 far=0 fps=387.3 frame_us=2380 cull_us=0 terrain_us=0 wait_fence_us=1854 acquire_us=1 record_us=54 submit_us=47 present_us=243 terrain_lod=high blend=0.000 quality=中画质 marker=62 npc=42
[2026-08-17T12:26:37Z INFO  steel_front] cam: yaw=0.0 pitch=0.0 dist=3.4 mode=FirstPerson cycle_us=2644 update_us=27 render_us=2617
[2026-08-17T12:26:37Z INFO  steel_front::engine::game] game: wave=1 enemies=6 enemy_hp=100 hp=0/100 score=0 phys_us=1 ai_us=0 audio_us=18 net_us=0
[2026-08-17T12:26:38Z INFO  steel_front::engine::renderer] visible=65536/65536 near=65536 far=0 fps=379.1 frame_us=2061 cull_us=0 terrain_us=0 wait_fence_us=2284 acquire_us=1 record_us=48 submit_us=46 present_us=228 terrain_lod=high blend=0.000 quality=中画质 marker=63 npc=42
