[2026-08-17T11:41:28Z INFO  steel_front] ========================================
[2026-08-17T11:41:28Z INFO  steel_front]   钢铁前线 (Steel Front) v0.1.0
[2026-08-17T11:41:28Z INFO  steel_front]   二战FPS游戏引擎 - Rust + Vulkan
[2026-08-17T11:41:28Z INFO  steel_front] ========================================
[2026-08-17T11:41:28Z INFO  steel_front::engine::cpu] cpu: vendor=Amd threads=32 primary=[0, 1, 2, 3, 4, 5, 6, 7, 8, 9, 10, 11, 12, 13, 14, 15] secondary=[16, 17, 18, 19, 20, 21, 22, 23, 24, 25, 26, 27, 28, 29, 30, 31] e_cores=0 avx2=true avx512=true scene_set=[0, 1, 2, 3, 4, 5, 6, 7, 8, 9, 10, 11, 12, 13, 14, 15] ai_set=[16, 17, 18, 19, 20, 21, 22, 23, 24, 25, 26, 27, 28, 29, 30, 31] physical_primary=[0, 1, 2, 3, 4, 5, 6, 7, 8, 9, 10, 11, 12, 13, 14, 15] physical_secondary=[16, 17, 18, 19, 20, 21, 22, 23, 24, 25, 26, 27, 28, 29, 30, 31] smt=[]
[2026-08-17T11:41:28Z INFO  steel_front::engine::cpu] cpu: 非 Linux 平台，跳过线程手工绑定（交给系统调度）
[2026-08-17T11:41:28Z INFO  steel_front::engine::cpu] cpu: ai_pool 创建（8 工作线程，绑定 vCPU [16, 17, 18, 19, 20, 21, 22, 23, 24, 25, 26, 27, 28, 29, 30, 31]）
[2026-08-17T11:41:28Z INFO  steel_front::engine::game] map: level 1 generated: 36 obstacle bodies (wall=20 block=0 barrier=0 tree=3 building=6 ruin=7), 203 grid cells blocked
[2026-08-17T11:41:29Z INFO  steel_front] 窗口创建成功: 2560x1600
[2026-08-17T11:41:29Z INFO  steel_front] winit inner_size: 2560x1600 scale_factor=1.50
[2026-08-17T11:41:29Z WARN  steel_front::engine::renderer] 验证层不可用，将不使用
[2026-08-17T11:41:29Z INFO  steel_front::engine::renderer] 选择物理设备: NVIDIA GeForce RTX 5060 Laptop GPU
[2026-08-17T11:41:29Z INFO  steel_front::engine::gpu_caps] gpu-caps: 设备 NVIDIA GeForce RTX 5060 Laptop GPU 硬件能力探测（WSLg/dzn 视角）
[2026-08-17T11:41:29Z INFO  steel_front::engine::gpu_caps] gpu-caps: 可用 device 扩展 280 个
[2026-08-17T11:41:29Z INFO  steel_front::engine::gpu_caps] gpu-caps: -- 光追扩展 --
[2026-08-17T11:41:29Z INFO  steel_front::engine::gpu_caps] gpu-caps:   VK_KHR_ray_tracing_pipeline = true
[2026-08-17T11:41:29Z INFO  steel_front::engine::gpu_caps] gpu-caps:   VK_KHR_acceleration_structure = true
[2026-08-17T11:41:29Z INFO  steel_front::engine::gpu_caps] gpu-caps:   VK_KHR_ray_query = true
[2026-08-17T11:41:29Z INFO  steel_front::engine::gpu_caps] gpu-caps:   VK_KHR_deferred_host_operations = true
[2026-08-17T11:41:29Z INFO  steel_front::engine::gpu_caps] gpu-caps:   VK_KHR_buffer_device_address = true
[2026-08-17T11:41:29Z INFO  steel_front::engine::gpu_caps] gpu-caps:   VK_KHR_ray_tracing_position_fetch = true
[2026-08-17T11:41:29Z INFO  steel_front::engine::gpu_caps] gpu-caps:   VK_NV_ray_tracing = true
[2026-08-17T11:41:29Z INFO  steel_front::engine::gpu_caps] gpu-caps: -- Tensor Core / 协作矩阵 --
[2026-08-17T11:41:29Z INFO  steel_front::engine::gpu_caps] gpu-caps:   VK_KHR_cooperative_matrix = true
[2026-08-17T11:41:29Z INFO  steel_front::engine::gpu_caps] gpu-caps:   VK_NV_cooperative_matrix = true
[2026-08-17T11:41:29Z INFO  steel_front::engine::gpu_caps] gpu-caps:   VK_NV_compute_shader_derivatives = true
[2026-08-17T11:41:29Z INFO  steel_front::engine::gpu_caps] gpu-caps: -- DLSS / NVIDIA 私有 --
[2026-08-17T11:41:29Z INFO  steel_front::engine::gpu_caps] gpu-caps:   VK_NVX_image_view_handle = true
[2026-08-17T11:41:29Z INFO  steel_front::engine::gpu_caps] gpu-caps:   VK_NVX_binary_import = true
[2026-08-17T11:41:29Z INFO  steel_front::engine::gpu_caps] gpu-caps:   VK_NV_cuda_kernel = true
[2026-08-17T11:41:29Z INFO  steel_front::engine::gpu_caps] gpu-caps:   VK_NV_external_memory = true
[2026-08-17T11:41:29Z INFO  steel_front::engine::gpu_caps] gpu-caps: -- 其它新特性 --
[2026-08-17T11:41:29Z INFO  steel_front::engine::gpu_caps] gpu-caps:   VK_EXT_mesh_shader = true
[2026-08-17T11:41:29Z INFO  steel_front::engine::gpu_caps] gpu-caps:   VK_KHR_shader_object = false
[2026-08-17T11:41:29Z INFO  steel_front::engine::gpu_caps] gpu-caps:   VK_KHR_dynamic_rendering = true
[2026-08-17T11:41:29Z INFO  steel_front::engine::gpu_caps] gpu-caps: RT 特性 ray_tracing_pipeline=true acceleration_structure=true buffer_device_address=true ray_query=true
[2026-08-17T11:41:29Z INFO  steel_front::engine::gpu_caps] gpu-caps: RT 管线属性 shaderGroupHandleSize=32B maxRecursionDepth=31 maxRayDispatchInvocationCount=1073741824
[2026-08-17T11:41:29Z INFO  steel_front::engine::gpu_caps] gpu-caps: 【结论】光追探测 device 创建成功 → RT Core 路径可用（dzn→DXR）
[2026-08-17T11:41:29Z INFO  steel_front::engine::gpu_caps] gpu-caps: CUDA 直通（Tensor Core 可编程访问）=false（libcuda in /usr/lib/wsl/lib）
[2026-08-17T11:41:29Z INFO  steel_front::engine::gpu_caps] gpu-caps: 【结论】Vulkan-DLSS（NVIDIA 私有扩展）=true；可直接接 DLSS SDK
[2026-08-17T11:41:29Z INFO  steel_front::engine::renderer] VK_EXT_mesh_shader 可用：启用可选网格着色器渲染路径
[2026-08-17T11:41:29Z INFO  steel_front::engine::renderer] swapchain diag: current_extent=2560x1600 final=2560x1600
[2026-08-17T11:41:29Z INFO  steel_front::engine::renderer] 交换链初始化完成: 2560x1600, 格式: B8G8R8A8_SRGB, 图像数: 3, present_mode: MAILBOX
[2026-08-17T11:41:29Z INFO  steel_front::engine::renderer] 实例缓冲创建完成: 65536 个实例，stride 80 字节，2 帧双缓冲 HOST_VISIBLE|HOST_COHERENT（每帧压缩上传）
[2026-08-17T11:41:29Z INFO  steel_front::engine::renderer] instances=65536 draw_calls=1
[2026-08-17T11:41:29Z INFO  steel_front::engine::renderer] 深度缓冲创建完成: 3 张 2560x1600 D32_SFLOAT
[2026-08-17T11:41:29Z INFO  steel_front::engine::renderer] Descriptor Set Layout: binding 0 = UBO(view/proj), binding 1 = 贴图, binding 2 = 实例 STORAGE_BUFFER, binding 3 = 采样器
[2026-08-17T11:41:29Z INFO  steel_front::engine::renderer] Descriptor 初始化完成（2 帧）
[2026-08-17T11:41:29Z INFO  steel_front::engine::renderer] 远档 LOD 几何创建完成: 8 顶点 / 12 索引（十字双 quad）
[2026-08-17T11:41:29Z INFO  steel_front::engine::renderer] 地面平铺 quad 几何创建完成: 4 顶点 / 6 索引（无侧壁）
[2026-08-17T11:41:29Z INFO  steel_front::engine::renderer] 球体几何创建完成: 325 顶点 / 1728 索引（爆炸球形扩散）
[2026-08-17T11:41:29Z INFO  steel_front::engine::renderer] 地形 LOD[0] 创建完成: 66049 顶点 / 393216 索引（257×257 网格，间距 2）
[2026-08-17T11:41:29Z INFO  steel_front::engine::renderer] 地形 LOD[1] 创建完成: 16641 顶点 / 98304 索引（129×129 网格，间距 4）
[2026-08-17T11:41:29Z INFO  steel_front::engine::renderer] 地形 LOD[2] 创建完成: 4225 顶点 / 24576 索引（65×65 网格，间距 8）
[2026-08-17T11:41:29Z INFO  steel_front::engine::renderer] 地形 3 级 LOD 全部创建完成（高/中/低）
[2026-08-17T11:41:29Z INFO  steel_front::engine::renderer] 图形管线创建完成
[2026-08-17T11:41:29Z INFO  steel_front::engine::renderer] 网格着色器 maxMeshWorkGroupCount[0] = 4194304（地面场 65536 按此分块）
[2026-08-17T11:41:29Z INFO  steel_front::engine::renderer] 网格着色器管线创建完成（VK_EXT_mesh_shader）
[2026-08-17T11:41:29Z INFO  steel_front::engine::renderer] HUD 覆盖层初始化完成（独立 pipeline，容量 4096 quads）
[2026-08-17T11:41:29Z INFO  steel_front::engine::renderer] 纹理初始化完成: 512x512（10 mip，来源=程序化地面材质）
[2026-08-17T11:41:29Z INFO  steel_front::engine::renderer] 程序化皮肤纹理初始化完成: 512x512（marker=木板墙, npc=迷彩军服, RV3D_SKIN_TEX=off（纯色回退））
[2026-08-17T11:41:29Z INFO  steel_front::engine::renderer] 阴影贴图资源创建完成: 2048x2048 D32_SFLOAT
[2026-08-17T11:41:29Z INFO  steel_front::engine::renderer] 阴影 depth-only 管线创建完成
[2026-08-17T11:41:29Z INFO  steel_front] Vulkan 渲染器初始化成功
[2026-08-17T11:41:29Z INFO  steel_front] settings: 分辨率保持 2560x1600
[2026-08-17T11:41:29Z INFO  steel_front] settings: 应用画质 中画质
[2026-08-17T11:41:29Z INFO  steel_front::engine::renderer] 画质预设已切换: 中画质
[2026-08-17T11:41:29Z INFO  steel_front] 性能日志已创建（logs/perf_*.log）
[2026-08-17T11:41:29Z INFO  steel_front] 窗口大小变化: 1898x1061
[2026-08-17T11:41:29Z INFO  steel_front::engine::renderer] swapchain diag: current_extent=2560x1600 final=2560x1600
[2026-08-17T11:41:29Z INFO  steel_front::engine::renderer] 交换链初始化完成: 2560x1600, 格式: B8G8R8A8_SRGB, 图像数: 3, present_mode: MAILBOX
[2026-08-17T11:41:29Z INFO  steel_front::engine::renderer] 深度缓冲创建完成: 3 张 2560x1600 D32_SFLOAT
[2026-08-17T11:41:29Z INFO  steel_front] 窗口大小变化: 1920x1117
[2026-08-17T11:41:29Z INFO  steel_front::engine::renderer] swapchain diag: current_extent=2560x1600 final=2560x1600
[2026-08-17T11:41:29Z INFO  steel_front::engine::renderer] 交换链初始化完成: 2560x1600, 格式: B8G8R8A8_SRGB, 图像数: 3, present_mode: MAILBOX
[2026-08-17T11:41:29Z INFO  steel_front::engine::renderer] 深度缓冲创建完成: 3 张 2560x1600 D32_SFLOAT
[2026-08-17T11:41:29Z INFO  steel_front] 窗口大小变化: 2560x1600
[2026-08-17T11:41:29Z INFO  steel_front::engine::renderer] swapchain diag: current_extent=2560x1600 final=2560x1600
[2026-08-17T11:41:29Z INFO  steel_front::engine::renderer] 交换链初始化完成: 2560x1600, 格式: B8G8R8A8_SRGB, 图像数: 3, present_mode: MAILBOX
[2026-08-17T11:41:29Z INFO  steel_front::engine::renderer] 深度缓冲创建完成: 3 张 2560x1600 D32_SFLOAT
[2026-08-17T11:41:29Z INFO  steel_front] 窗口大小变化: 2560x1600
[2026-08-17T11:41:29Z INFO  steel_front::engine::renderer] swapchain diag: current_extent=2560x1600 final=2560x1600
[2026-08-17T11:41:29Z INFO  steel_front::engine::renderer] 交换链初始化完成: 2560x1600, 格式: B8G8R8A8_SRGB, 图像数: 3, present_mode: MAILBOX
[2026-08-17T11:41:29Z INFO  steel_front::engine::renderer] 深度缓冲创建完成: 3 张 2560x1600 D32_SFLOAT
[2026-08-17T11:41:29Z INFO  steel_front] cam: yaw=0.0 pitch=0.0 dist=3.4 mode=FirstPerson cycle_us=2294 update_us=28 render_us=2266
[2026-08-17T11:41:30Z INFO  steel_front::engine::renderer] visible=65536/65536 near=65536 far=0 fps=307.5 frame_us=2171 cull_us=0 terrain_us=0 wait_fence_us=2559 acquire_us=1 record_us=19 submit_us=20 present_us=140 terrain_lod=high blend=0.000 quality=中画质 marker=36 npc=56
[2026-08-17T11:41:30Z INFO  steel_front::engine::game] ai: npcs=8 near=8 far=0 idle=0 patrol=0 chase=8 attack=0 tactics=[8, 0, 0, 0, 0, 0, 0, 0]
[2026-08-17T11:41:30Z INFO  steel_front::engine::game] game: wave=1 enemies=8 enemy_hp=100 hp=100/100 score=0 phys_us=1 ai_us=344 audio_us=19 net_us=0
[2026-08-17T11:41:30Z INFO  steel_front] cam: yaw=0.0 pitch=0.0 dist=3.4 mode=FirstPerson cycle_us=2578 update_us=30 render_us=2547
[2026-08-17T11:41:31Z INFO  steel_front::engine::renderer] visible=65536/65536 near=65536 far=0 fps=376.4 frame_us=2315 cull_us=0 terrain_us=0 wait_fence_us=2124 acquire_us=1 record_us=55 submit_us=49 present_us=216 terrain_lod=high blend=0.000 quality=中画质 marker=36 npc=56
[2026-08-17T11:41:31Z INFO  steel_front::engine::game] ai: npcs=8 near=8 far=0 idle=0 patrol=0 chase=8 attack=0 tactics=[8, 0, 0, 0, 0, 0, 0, 0]
[2026-08-17T11:41:31Z INFO  steel_front::engine::game] game: wave=1 enemies=8 enemy_hp=100 hp=100/100 score=0 phys_us=2 ai_us=404 audio_us=7 net_us=0
[2026-08-17T11:41:31Z INFO  steel_front] cam: yaw=0.0 pitch=0.0 dist=3.4 mode=FirstPerson cycle_us=3521 update_us=15 render_us=3506
[2026-08-17T11:41:32Z INFO  steel_front::engine::renderer] visible=65536/65536 near=65536 far=0 fps=376.0 frame_us=2497 cull_us=0 terrain_us=0 wait_fence_us=1541 acquire_us=1 record_us=41 submit_us=34 present_us=462 terrain_lod=high blend=0.000 quality=中画质 marker=36 npc=56
[2026-08-17T11:41:32Z INFO  steel_front::engine::game] ai: npcs=8 near=8 far=0 idle=0 patrol=0 chase=8 attack=0 tactics=[8, 0, 0, 0, 0, 0, 0, 0]
[2026-08-17T11:41:32Z INFO  steel_front::engine::game] game: wave=1 enemies=8 enemy_hp=100 hp=100/100 score=0 phys_us=2 ai_us=382 audio_us=8 net_us=0
[2026-08-17T11:41:32Z INFO  steel_front] cam: yaw=0.0 pitch=0.0 dist=3.4 mode=FirstPerson cycle_us=2486 update_us=35 render_us=2451
[2026-08-17T11:41:33Z INFO  steel_front::engine::renderer] visible=65536/65536 near=65536 far=0 fps=377.6 frame_us=1836 cull_us=0 terrain_us=0 wait_fence_us=2109 acquire_us=0 record_us=19 submit_us=18 present_us=146 terrain_lod=high blend=0.000 quality=中画质 marker=36 npc=56
[2026-08-17T11:41:33Z INFO  steel_front::engine::game] ai: npcs=8 near=8 far=0 idle=0 patrol=0 chase=8 attack=0 tactics=[8, 0, 0, 0, 0, 0, 0, 0]
[2026-08-17T11:41:33Z INFO  steel_front::engine::game] game: wave=1 enemies=8 enemy_hp=100 hp=100/100 score=0 phys_us=2 ai_us=398 audio_us=19 net_us=0
[2026-08-17T11:41:33Z INFO  steel_front] cam: yaw=0.0 pitch=0.0 dist=3.4 mode=FirstPerson cycle_us=1665 update_us=20 render_us=1645
[2026-08-17T11:41:34Z INFO  steel_front::engine::game] npc: #3 stand (3.4, 0.0, 11.5)
[2026-08-17T11:41:34Z INFO  steel_front::engine::renderer] visible=65536/65536 near=65536 far=0 fps=376.7 frame_us=1988 cull_us=0 terrain_us=0 wait_fence_us=2347 acquire_us=1 record_us=17 submit_us=16 present_us=99 terrain_lod=high blend=0.000 quality=中画质 marker=49 npc=56
[2026-08-17T11:41:34Z INFO  steel_front] size diag: window_inner=2560x1600 hud=2560x1600
[2026-08-17T11:41:34Z INFO  steel_front] size diag: window_inner=2560x1600 hud=2560x1600
[2026-08-17T11:41:34Z INFO  steel_front::engine::game] ai: npcs=8 near=8 far=0 idle=0 patrol=0 chase=7 attack=1 tactics=[8, 0, 0, 0, 0, 0, 0, 0]
[2026-08-17T11:41:34Z INFO  steel_front::engine::game] game: wave=1 enemies=8 enemy_hp=100 hp=100/100 score=0 phys_us=1 ai_us=106 audio_us=20 net_us=0
[2026-08-17T11:41:34Z INFO  steel_front] size diag: window_inner=2560x1600 hud=2560x1600
[2026-08-17T11:41:34Z INFO  steel_front] size diag: window_inner=2560x1600 hud=2560x1600
[2026-08-17T11:41:34Z INFO  steel_front] size diag: window_inner=2560x1600 hud=2560x1600
[2026-08-17T11:41:34Z INFO  steel_front] size diag: window_inner=2560x1600 hud=2560x1600
[2026-08-17T11:41:34Z INFO  steel_front] size diag: window_inner=2560x1600 hud=2560x1600
[2026-08-17T11:41:34Z INFO  steel_front] size diag: window_inner=2560x1600 hud=2560x1600
[2026-08-17T11:41:34Z INFO  steel_front] size diag: window_inner=2560x1600 hud=2560x1600
[2026-08-17T11:41:34Z INFO  steel_front] size diag: window_inner=2560x1600 hud=2560x1600
[2026-08-17T11:41:34Z INFO  steel_front] size diag: window_inner=2560x1600 hud=2560x1600
[2026-08-17T11:41:34Z INFO  steel_front] size diag: window_inner=2560x1600 hud=2560x1600
[2026-08-17T11:41:34Z INFO  steel_front] size diag: window_inner=2560x1600 hud=2560x1600
[2026-08-17T11:41:34Z INFO  steel_front] size diag: window_inner=2560x1600 hud=2560x1600
[2026-08-17T11:41:34Z INFO  steel_front] size diag: window_inner=2560x1600 hud=2560x1600
[2026-08-17T11:41:34Z INFO  steel_front] size diag: window_inner=2560x1600 hud=2560x1600
[2026-08-17T11:41:34Z INFO  steel_front] size diag: window_inner=2560x1600 hud=2560x1600
[2026-08-17T11:41:34Z INFO  steel_front] size diag: window_inner=2560x1600 hud=2560x1600
[2026-08-17T11:41:34Z INFO  steel_front] size diag: window_inner=2560x1600 hud=2560x1600
[2026-08-17T11:41:34Z INFO  steel_front::engine::game] npc: #4 stand (4.0, 0.0, -11.3)
[2026-08-17T11:41:34Z INFO  steel_front] cam: yaw=0.0 pitch=0.0 dist=3.4 mode=FirstPerson cycle_us=3013 update_us=14 render_us=2999
[2026-08-17T11:41:35Z INFO  steel_front::engine::renderer] visible=65536/65536 near=65536 far=0 fps=377.5 frame_us=2811 cull_us=0 terrain_us=0 wait_fence_us=1437 acquire_us=1 record_us=37 submit_us=178 present_us=557 terrain_lod=high blend=0.000 quality=中画质 marker=36 npc=56
[2026-08-17T11:41:35Z INFO  steel_front::engine::game] ai: npcs=8 near=8 far=0 idle=0 patrol=0 chase=6 attack=2 tactics=[8, 0, 0, 0, 0, 0, 0, 0]
[2026-08-17T11:41:35Z INFO  steel_front::engine::game] game: wave=1 enemies=8 enemy_hp=100 hp=100/100 score=0 phys_us=0 ai_us=337 audio_us=21 net_us=0
[2026-08-17T11:41:35Z INFO  steel_front::engine::game] npc: #1 stand (-11.4, 0.0, 3.6)
[2026-08-17T11:41:35Z INFO  steel_front] cam: yaw=0.0 pitch=0.0 dist=3.4 mode=FirstPerson cycle_us=2669 update_us=32 render_us=2636
[2026-08-17T11:41:36Z INFO  steel_front::engine::renderer] visible=65536/65536 near=65536 far=0 fps=361.1 frame_us=1954 cull_us=0 terrain_us=0 wait_fence_us=2358 acquire_us=1 record_us=16 submit_us=14 present_us=114 terrain_lod=high blend=0.000 quality=中画质 marker=61 npc=56
[2026-08-17T11:41:36Z INFO  steel_front::engine::game] ai: npcs=8 near=8 far=0 idle=0 patrol=0 chase=5 attack=3 tactics=[8, 0, 0, 0, 0, 0, 0, 0]
[2026-08-17T11:41:36Z INFO  steel_front::engine::game] game: wave=1 enemies=8 enemy_hp=100 hp=100/100 score=0 phys_us=2 ai_us=461 audio_us=10 net_us=0
[2026-08-17T11:41:36Z INFO  steel_front] cam: yaw=0.0 pitch=0.0 dist=3.4 mode=FirstPerson cycle_us=3005 update_us=14 render_us=2991
[2026-08-17T11:41:37Z INFO  steel_front::engine::renderer] visible=65536/65536 near=65536 far=0 fps=371.2 frame_us=2416 cull_us=0 terrain_us=0 wait_fence_us=2073 acquire_us=1 record_us=17 submit_us=18 present_us=250 terrain_lod=high blend=0.000 quality=中画质 marker=52 npc=56
[2026-08-17T11:41:37Z INFO  steel_front::engine::game] ai: npcs=8 near=8 far=0 idle=0 patrol=0 chase=5 attack=3 tactics=[8, 0, 0, 0, 0, 0, 0, 0]
[2026-08-17T11:41:37Z INFO  steel_front::engine::game] game: wave=1 enemies=8 enemy_hp=100 hp=100/100 score=0 phys_us=1 ai_us=365 audio_us=21 net_us=0
[2026-08-17T11:41:37Z INFO  steel_front] cam: yaw=0.0 pitch=0.0 dist=3.4 mode=FirstPerson cycle_us=2863 update_us=33 render_us=2829
[2026-08-17T11:41:38Z INFO  steel_front::engine::renderer] visible=65536/65536 near=65536 far=0 fps=361.4 frame_us=2964 cull_us=0 terrain_us=0 wait_fence_us=1961 acquire_us=1 record_us=36 submit_us=31 present_us=211 terrain_lod=high blend=0.000 quality=中画质 marker=61 npc=56
[2026-08-17T11:41:38Z INFO  steel_front::engine::game] ai: npcs=8 near=8 far=0 idle=0 patrol=0 chase=5 attack=3 tactics=[8, 0, 0, 0, 0, 0, 0, 0]
[2026-08-17T11:41:38Z INFO  steel_front::engine::game] game: wave=1 enemies=8 enemy_hp=100 hp=100/100 score=0 phys_us=2 ai_us=521 audio_us=18 net_us=0
[2026-08-17T11:41:38Z INFO  steel_front] cam: yaw=0.0 pitch=0.0 dist=3.4 mode=FirstPerson cycle_us=2824 update_us=33 render_us=2790
[2026-08-17T11:41:39Z INFO  steel_front::engine::renderer] visible=65536/65536 near=65536 far=0 fps=367.4 frame_us=2189 cull_us=0 terrain_us=0 wait_fence_us=2277 acquire_us=1 record_us=37 submit_us=31 present_us=355 terrain_lod=high blend=0.000 quality=中画质 marker=53 npc=56
[2026-08-17T11:41:39Z INFO  steel_front] size diag: window_inner=2560x1600 hud=2560x1600
[2026-08-17T11:41:39Z INFO  steel_front] size diag: window_inner=2560x1600 hud=2560x1600
[2026-08-17T11:41:39Z INFO  steel_front] size diag: window_inner=2560x1600 hud=2560x1600
[2026-08-17T11:41:39Z INFO  steel_front] size diag: window_inner=2560x1600 hud=2560x1600
[2026-08-17T11:41:39Z INFO  steel_front] size diag: window_inner=2560x1600 hud=2560x1600
[2026-08-17T11:41:39Z INFO  steel_front] size diag: window_inner=2560x1600 hud=2560x1600
[2026-08-17T11:41:39Z INFO  steel_front::engine::game] ai: npcs=8 near=8 far=0 idle=0 patrol=0 chase=5 attack=3 tactics=[8, 0, 0, 0, 0, 0, 0, 0]
[2026-08-17T11:41:39Z INFO  steel_front::engine::game] game: wave=1 enemies=8 enemy_hp=100 hp=100/100 score=0 phys_us=3 ai_us=150 audio_us=21 net_us=0
[2026-08-17T11:41:39Z INFO  steel_front] size diag: window_inner=2560x1600 hud=2560x1600
[2026-08-17T11:41:39Z INFO  steel_front] size diag: window_inner=2560x1600 hud=2560x1600
[2026-08-17T11:41:39Z INFO  steel_front] size diag: window_inner=2560x1600 hud=2560x1600
[2026-08-17T11:41:39Z INFO  steel_front] size diag: window_inner=2560x1600 hud=2560x1600
[2026-08-17T11:41:39Z INFO  steel_front] size diag: window_inner=2560x1600 hud=2560x1600
[2026-08-17T11:41:39Z INFO  steel_front] size diag: window_inner=2560x1600 hud=2560x1600
[2026-08-17T11:41:39Z INFO  steel_front] size diag: window_inner=2560x1600 hud=2560x1600
[2026-08-17T11:41:39Z INFO  steel_front] size diag: window_inner=2560x1600 hud=2560x1600
[2026-08-17T11:41:39Z INFO  steel_front] size diag: window_inner=2560x1600 hud=2560x1600
[2026-08-17T11:41:39Z INFO  steel_front] size diag: window_inner=2560x1600 hud=2560x1600
[2026-08-17T11:41:39Z INFO  steel_front] size diag: window_inner=2560x1600 hud=2560x1600
[2026-08-17T11:41:39Z INFO  steel_front] size diag: window_inner=2560x1600 hud=2560x1600
[2026-08-17T11:41:39Z INFO  steel_front] cam: yaw=0.0 pitch=0.0 dist=3.4 mode=FirstPerson cycle_us=2607 update_us=18 render_us=2589
[2026-08-17T11:41:40Z INFO  steel_front::engine::game] npc: #5 stand (11.8, 0.0, 2.0)
[2026-08-17T11:41:40Z INFO  steel_front::engine::renderer] visible=65536/65536 near=65536 far=0 fps=370.9 frame_us=1935 cull_us=0 terrain_us=0 wait_fence_us=2664 acquire_us=1 record_us=18 submit_us=14 present_us=105 terrain_lod=high blend=0.000 quality=中画质 marker=62 npc=56
[2026-08-17T11:41:40Z INFO  steel_front::engine::game] ai: npcs=8 near=8 far=0 idle=0 patrol=0 chase=4 attack=4 tactics=[8, 0, 0, 0, 0, 0, 0, 0]
[2026-08-17T11:41:40Z INFO  steel_front::engine::game] game: wave=1 enemies=8 enemy_hp=100 hp=100/100 score=0 phys_us=2 ai_us=376 audio_us=17 net_us=0
[2026-08-17T11:41:40Z INFO  steel_front] cam: yaw=0.0 pitch=0.0 dist=3.4 mode=FirstPerson cycle_us=2551 update_us=40 render_us=2511
[2026-08-17T11:41:41Z INFO  steel_front::engine::game] npc: #7 stand (11.5, 0.0, 3.4)
[2026-08-17T11:41:41Z INFO  steel_front::engine::renderer] visible=65536/65536 near=65536 far=0 fps=370.2 frame_us=2344 cull_us=0 terrain_us=0 wait_fence_us=1759 acquire_us=0 record_us=36 submit_us=31 present_us=233 terrain_lod=high blend=0.000 quality=中画质 marker=74 npc=56
[2026-08-17T11:41:41Z INFO  steel_front::engine::game] ai: npcs=8 near=8 far=0 idle=0 patrol=0 chase=3 attack=5 tactics=[8, 0, 0, 0, 0, 0, 0, 0]
[2026-08-17T11:41:41Z INFO  steel_front::engine::game] game: wave=1 enemies=8 enemy_hp=100 hp=100/100 score=0 phys_us=0 ai_us=170 audio_us=30 net_us=0
[2026-08-17T11:41:41Z INFO  steel_front] cam: yaw=0.0 pitch=0.0 dist=3.4 mode=FirstPerson cycle_us=2676 update_us=42 render_us=2633
[2026-08-17T11:41:42Z INFO  steel_front::engine::renderer] visible=65536/65536 near=65536 far=0 fps=370.0 frame_us=2697 cull_us=0 terrain_us=0 wait_fence_us=2220 acquire_us=1 record_us=37 submit_us=30 present_us=284 terrain_lod=high blend=0.000 quality=中画质 marker=80 npc=56
[2026-08-17T11:41:42Z INFO  steel_front::engine::game] ai: npcs=8 near=8 far=0 idle=0 patrol=0 chase=3 attack=5 tactics=[8, 0, 0, 0, 0, 0, 0, 0]
[2026-08-17T11:41:42Z INFO  steel_front::engine::game] game: wave=1 enemies=8 enemy_hp=100 hp=100/100 score=0 phys_us=1 ai_us=419 audio_us=27 net_us=0
[2026-08-17T11:41:42Z INFO  steel_front::engine::game] npc: #2 stand (1.9, 0.0, -11.8)
[2026-08-17T11:41:42Z INFO  steel_front] cam: yaw=0.0 pitch=0.0 dist=3.4 mode=FirstPerson cycle_us=2815 update_us=16 render_us=2799
[2026-08-17T11:41:42Z INFO  steel_front::engine::game] npc: #0 stand (2.9, 0.0, -11.6)
[2026-08-17T11:41:43Z INFO  steel_front::engine::renderer] visible=65536/65536 near=65536 far=0 fps=366.9 frame_us=2303 cull_us=0 terrain_us=0 wait_fence_us=2324 acquire_us=1 record_us=36 submit_us=32 present_us=234 terrain_lod=high blend=0.000 quality=中画质 marker=81 npc=56
[2026-08-17T11:41:43Z INFO  steel_front::engine::game] ai: npcs=8 near=8 far=0 idle=0 patrol=0 chase=1 attack=7 tactics=[8, 0, 0, 0, 0, 0, 0, 0]
[2026-08-17T11:41:43Z INFO  steel_front::engine::game] game: wave=1 enemies=8 enemy_hp=100 hp=100/100 score=0 phys_us=0 ai_us=348 audio_us=10 net_us=0
[2026-08-17T11:41:43Z INFO  steel_front] cam: yaw=0.0 pitch=0.0 dist=3.4 mode=FirstPerson cycle_us=2550 update_us=30 render_us=2519
[2026-08-17T11:41:44Z INFO  steel_front::engine::renderer] visible=65536/65536 near=65536 far=0 fps=370.4 frame_us=2526 cull_us=0 terrain_us=0 wait_fence_us=2066 acquire_us=1 record_us=37 submit_us=32 present_us=145 terrain_lod=high blend=0.000 quality=中画质 marker=84 npc=56
[2026-08-17T11:41:44Z INFO  steel_front] size diag: window_inner=2560x1600 hud=2560x1600
[2026-08-17T11:41:44Z INFO  steel_front] size diag: window_inner=2560x1600 hud=2560x1600
[2026-08-17T11:41:44Z INFO  steel_front] size diag: window_inner=2560x1600 hud=2560x1600
[2026-08-17T11:41:44Z INFO  steel_front] size diag: window_inner=2560x1600 hud=2560x1600
[2026-08-17T11:41:44Z INFO  steel_front] size diag: window_inner=2560x1600 hud=2560x1600
[2026-08-17T11:41:44Z INFO  steel_front] size diag: window_inner=2560x1600 hud=2560x1600
[2026-08-17T11:41:44Z INFO  steel_front] size diag: window_inner=2560x1600 hud=2560x1600
[2026-08-17T11:41:44Z INFO  steel_front] size diag: window_inner=2560x1600 hud=2560x1600
[2026-08-17T11:41:44Z INFO  steel_front] size diag: window_inner=2560x1600 hud=2560x1600
[2026-08-17T11:41:44Z INFO  steel_front::engine::game] ai: npcs=8 near=8 far=0 idle=0 patrol=0 chase=1 attack=7 tactics=[8, 0, 0, 0, 0, 0, 0, 0]
[2026-08-17T11:41:44Z INFO  steel_front::engine::game] game: wave=1 enemies=8 enemy_hp=100 hp=100/100 score=0 phys_us=1 ai_us=117 audio_us=27 net_us=1
[2026-08-17T11:41:44Z INFO  steel_front] size diag: window_inner=2560x1600 hud=2560x1600
[2026-08-17T11:41:44Z INFO  steel_front] size diag: window_inner=2560x1600 hud=2560x1600
[2026-08-17T11:41:44Z INFO  steel_front] size diag: window_inner=2560x1600 hud=2560x1600
[2026-08-17T11:41:44Z INFO  steel_front] size diag: window_inner=2560x1600 hud=2560x1600
[2026-08-17T11:41:44Z INFO  steel_front] size diag: window_inner=2560x1600 hud=2560x1600
[2026-08-17T11:41:44Z INFO  steel_front] size diag: window_inner=2560x1600 hud=2560x1600
[2026-08-17T11:41:44Z INFO  steel_front] size diag: window_inner=2560x1600 hud=2560x1600
[2026-08-17T11:41:44Z INFO  steel_front] size diag: window_inner=2560x1600 hud=2560x1600
[2026-08-17T11:41:44Z INFO  steel_front] size diag: window_inner=2560x1600 hud=2560x1600
[2026-08-17T11:41:44Z INFO  steel_front] cam: yaw=0.0 pitch=0.0 dist=3.4 mode=FirstPerson cycle_us=2749 update_us=15 render_us=2734
[2026-08-17T11:41:45Z INFO  steel_front::engine::renderer] visible=65536/65536 near=65536 far=0 fps=370.6 frame_us=2354 cull_us=1 terrain_us=0 wait_fence_us=2185 acquire_us=1 record_us=37 submit_us=29 present_us=239 terrain_lod=high blend=0.000 quality=中画质 marker=83 npc=56
[2026-08-17T11:41:45Z INFO  steel_front::engine::game] ai: npcs=8 near=8 far=0 idle=0 patrol=0 chase=1 attack=7 tactics=[8, 0, 0, 0, 0, 0, 0, 0]
[2026-08-17T11:41:45Z INFO  steel_front::engine::game] game: wave=1 enemies=8 enemy_hp=100 hp=100/100 score=0 phys_us=2 ai_us=236 audio_us=27 net_us=0
[2026-08-17T11:41:45Z INFO  steel_front] cam: yaw=0.0 pitch=0.0 dist=3.4 mode=FirstPerson cycle_us=3123 update_us=33 render_us=3089
[2026-08-17T11:41:46Z INFO  steel_front::engine::renderer] visible=65536/65536 near=65536 far=0 fps=369.9 frame_us=2342 cull_us=0 terrain_us=0 wait_fence_us=2033 acquire_us=1 record_us=37 submit_us=30 present_us=357 terrain_lod=high blend=0.000 quality=中画质 marker=84 npc=56
[2026-08-17T11:41:46Z INFO  steel_front::engine::game] ai: npcs=8 near=8 far=0 idle=0 patrol=0 chase=1 attack=7 tactics=[8, 0, 0, 0, 0, 0, 0, 0]
[2026-08-17T11:41:46Z INFO  steel_front::engine::game] game: wave=1 enemies=8 enemy_hp=100 hp=100/100 score=0 phys_us=1 ai_us=374 audio_us=22 net_us=0
[2026-08-17T11:41:46Z INFO  steel_front::engine::game] npc: #6 stand (2.1, 0.0, -11.8)
[2026-08-17T11:41:46Z INFO  steel_front] cam: yaw=0.0 pitch=0.0 dist=3.4 mode=FirstPerson cycle_us=2976 update_us=39 render_us=2936
[2026-08-17T11:41:47Z INFO  steel_front::engine::renderer] visible=65536/65536 near=65536 far=0 fps=370.8 frame_us=2443 cull_us=0 terrain_us=0 wait_fence_us=2221 acquire_us=1 record_us=41 submit_us=30 present_us=330 terrain_lod=high blend=0.000 quality=中画质 marker=84 npc=56
[2026-08-17T11:41:47Z INFO  steel_front::engine::game] ai: npcs=8 near=8 far=0 idle=0 patrol=0 chase=0 attack=8 tactics=[8, 0, 0, 0, 0, 0, 0, 0]
[2026-08-17T11:41:47Z INFO  steel_front::engine::game] game: wave=1 enemies=8 enemy_hp=100 hp=100/100 score=0 phys_us=1 ai_us=363 audio_us=11 net_us=0
[2026-08-17T11:41:47Z INFO  steel_front] cam: yaw=0.0 pitch=0.0 dist=3.4 mode=FirstPerson cycle_us=3085 update_us=21 render_us=3063
[2026-08-17T11:41:48Z INFO  steel_front::engine::renderer] visible=65536/65536 near=65536 far=0 fps=369.6 frame_us=2138 cull_us=0 terrain_us=0 wait_fence_us=1862 acquire_us=0 record_us=50 submit_us=58 present_us=277 terrain_lod=high blend=0.000 quality=中画质 marker=84 npc=56
[2026-08-17T11:41:48Z INFO  steel_front::engine::game] ai: npcs=8 near=8 far=0 idle=0 patrol=0 chase=0 attack=8 tactics=[8, 0, 0, 0, 0, 0, 0, 0]
[2026-08-17T11:41:48Z INFO  steel_front::engine::game] game: wave=1 enemies=8 enemy_hp=100 hp=100/100 score=0 phys_us=2 ai_us=392 audio_us=12 net_us=0
[2026-08-17T11:41:48Z INFO  steel_front] cam: yaw=0.0 pitch=0.0 dist=3.4 mode=FirstPerson cycle_us=2173 update_us=27 render_us=2145
[2026-08-17T11:41:49Z INFO  steel_front::engine::renderer] visible=65536/65536 near=65536 far=0 fps=375.5 frame_us=2038 cull_us=2 terrain_us=0 wait_fence_us=2438 acquire_us=5 record_us=26 submit_us=37 present_us=113 terrain_lod=high blend=0.000 quality=中画质 marker=84 npc=56
[2026-08-17T11:41:49Z INFO  steel_front] size diag: window_inner=2560x1600 hud=2560x1600
[2026-08-17T11:41:49Z INFO  steel_front] size diag: window_inner=2560x1600 hud=2560x1600
[2026-08-17T11:41:49Z INFO  steel_front] size diag: window_inner=2560x1600 hud=2560x1600
[2026-08-17T11:41:49Z INFO  steel_front] size diag: window_inner=2560x1600 hud=2560x1600
[2026-08-17T11:41:49Z INFO  steel_front] size diag: window_inner=2560x1600 hud=2560x1600
[2026-08-17T11:41:49Z INFO  steel_front] size diag: window_inner=2560x1600 hud=2560x1600
[2026-08-17T11:41:49Z INFO  steel_front] size diag: window_inner=2560x1600 hud=2560x1600
[2026-08-17T11:41:49Z INFO  steel_front] size diag: window_inner=2560x1600 hud=2560x1600
[2026-08-17T11:41:49Z INFO  steel_front] size diag: window_inner=2560x1600 hud=2560x1600
[2026-08-17T11:41:49Z INFO  steel_front] size diag: window_inner=2560x1600 hud=2560x1600
[2026-08-17T11:41:49Z INFO  steel_front] size diag: window_inner=2560x1600 hud=2560x1600
[2026-08-17T11:41:49Z INFO  steel_front] size diag: window_inner=2560x1600 hud=2560x1600
[2026-08-17T11:41:49Z INFO  steel_front::engine::game] ai: npcs=8 near=8 far=0 idle=0 patrol=0 chase=0 attack=8 tactics=[8, 0, 0, 0, 0, 0, 0, 0]
[2026-08-17T11:41:49Z INFO  steel_front::engine::game] game: wave=1 enemies=8 enemy_hp=100 hp=100/100 score=0 phys_us=2 ai_us=209 audio_us=13 net_us=0
[2026-08-17T11:41:49Z INFO  steel_front] size diag: window_inner=2560x1600 hud=2560x1600
[2026-08-17T11:41:49Z INFO  steel_front] size diag: window_inner=2560x1600 hud=2560x1600
[2026-08-17T11:41:49Z INFO  steel_front] size diag: window_inner=2560x1600 hud=2560x1600
[2026-08-17T11:41:49Z INFO  steel_front] size diag: window_inner=2560x1600 hud=2560x1600
[2026-08-17T11:41:49Z INFO  steel_front] size diag: window_inner=2560x1600 hud=2560x1600
[2026-08-17T11:41:49Z INFO  steel_front] size diag: window_inner=2560x1600 hud=2560x1600
[2026-08-17T11:41:49Z INFO  steel_front] size diag: window_inner=2560x1600 hud=2560x1600
[2026-08-17T11:41:49Z INFO  steel_front] cam: yaw=0.0 pitch=0.0 dist=3.4 mode=FirstPerson cycle_us=2969 update_us=20 render_us=2949
[2026-08-17T11:41:50Z INFO  steel_front::engine::renderer] visible=65536/65536 near=65536 far=0 fps=376.2 frame_us=2423 cull_us=0 terrain_us=0 wait_fence_us=1835 acquire_us=1 record_us=53 submit_us=116 present_us=229 terrain_lod=high blend=0.000 quality=中画质 marker=84 npc=56
[2026-08-17T11:41:50Z INFO  steel_front::engine::game] ai: npcs=8 near=8 far=0 idle=0 patrol=0 chase=0 attack=8 tactics=[8, 0, 0, 0, 0, 0, 0, 0]
[2026-08-17T11:41:50Z INFO  steel_front::engine::game] game: wave=1 enemies=8 enemy_hp=100 hp=100/100 score=0 phys_us=1 ai_us=351 audio_us=28 net_us=0
[2026-08-17T11:41:50Z INFO  steel_front] cam: yaw=0.0 pitch=0.0 dist=3.4 mode=FirstPerson cycle_us=2508 update_us=38 render_us=2470
[2026-08-17T11:41:51Z INFO  steel_front::engine::renderer] visible=65536/65536 near=65536 far=0 fps=375.9 frame_us=2331 cull_us=0 terrain_us=0 wait_fence_us=1732 acquire_us=1 record_us=53 submit_us=52 present_us=217 terrain_lod=high blend=0.000 quality=中画质 marker=84 npc=56
[2026-08-17T11:41:51Z INFO  steel_front::engine::game] ai: npcs=8 near=8 far=0 idle=0 patrol=0 chase=0 attack=8 tactics=[8, 0, 0, 0, 0, 0, 0, 0]
[2026-08-17T11:41:51Z INFO  steel_front::engine::game] game: wave=1 enemies=8 enemy_hp=100 hp=100/100 score=0 phys_us=1 ai_us=458 audio_us=11 net_us=0
[2026-08-17T11:41:51Z INFO  steel_front] cam: yaw=0.0 pitch=0.0 dist=3.4 mode=FirstPerson cycle_us=2574 update_us=43 render_us=2530
[2026-08-17T11:41:52Z INFO  steel_front::engine::renderer] visible=65536/65536 near=65536 far=0 fps=375.7 frame_us=2068 cull_us=0 terrain_us=0 wait_fence_us=2075 acquire_us=1 record_us=52 submit_us=44 present_us=213 terrain_lod=high blend=0.000 quality=中画质 marker=84 npc=56
[2026-08-17T11:41:52Z INFO  steel_front::engine::game] ai: npcs=8 near=8 far=0 idle=0 patrol=0 chase=0 attack=8 tactics=[8, 0, 0, 0, 0, 0, 0, 0]
[2026-08-17T11:41:52Z INFO  steel_front::engine::game] game: wave=1 enemies=8 enemy_hp=100 hp=100/100 score=0 phys_us=3 ai_us=449 audio_us=14 net_us=0
[2026-08-17T11:41:52Z INFO  steel_front] cam: yaw=0.0 pitch=0.0 dist=3.4 mode=FirstPerson cycle_us=2479 update_us=20 render_us=2458
[2026-08-17T11:41:53Z INFO  steel_front::engine::renderer] visible=65536/65536 near=65536 far=0 fps=366.6 frame_us=2431 cull_us=0 terrain_us=0 wait_fence_us=2000 acquire_us=0 record_us=53 submit_us=44 present_us=243 terrain_lod=high blend=0.000 quality=中画质 marker=84 npc=56
[2026-08-17T11:41:53Z INFO  steel_front::engine::game] ai: npcs=8 near=8 far=0 idle=0 patrol=0 chase=0 attack=8 tactics=[8, 0, 0, 0, 0, 0, 0, 0]
[2026-08-17T11:41:53Z INFO  steel_front::engine::game] game: wave=1 enemies=8 enemy_hp=100 hp=100/100 score=0 phys_us=1 ai_us=361 audio_us=15 net_us=0
[2026-08-17T11:41:53Z INFO  steel_front] cam: yaw=0.0 pitch=0.0 dist=3.4 mode=FirstPerson cycle_us=2482 update_us=23 render_us=2458
[2026-08-17T11:41:54Z INFO  steel_front::engine::renderer] visible=65536/65536 near=65536 far=0 fps=375.8 frame_us=2369 cull_us=0 terrain_us=0 wait_fence_us=1724 acquire_us=1 record_us=53 submit_us=60 present_us=203 terrain_lod=high blend=0.000 quality=中画质 marker=84 npc=56
[2026-08-17T11:41:54Z INFO  steel_front] size diag: window_inner=2560x1600 hud=2560x1600
[2026-08-17T11:41:54Z INFO  steel_front] size diag: window_inner=2560x1600 hud=2560x1600
[2026-08-17T11:41:54Z INFO  steel_front] size diag: window_inner=2560x1600 hud=2560x1600
[2026-08-17T11:41:54Z INFO  steel_front] size diag: window_inner=2560x1600 hud=2560x1600
[2026-08-17T11:41:54Z INFO  steel_front] size diag: window_inner=2560x1600 hud=2560x1600
[2026-08-17T11:41:54Z INFO  steel_front] size diag: window_inner=2560x1600 hud=2560x1600
[2026-08-17T11:41:54Z INFO  steel_front] size diag: window_inner=2560x1600 hud=2560x1600
[2026-08-17T11:41:54Z INFO  steel_front] size diag: window_inner=2560x1600 hud=2560x1600
[2026-08-17T11:41:54Z INFO  steel_front] size diag: window_inner=2560x1600 hud=2560x1600
[2026-08-17T11:41:54Z INFO  steel_front] size diag: window_inner=2560x1600 hud=2560x1600
[2026-08-17T11:41:54Z INFO  steel_front] size diag: window_inner=2560x1600 hud=2560x1600
[2026-08-17T11:41:54Z INFO  steel_front] size diag: window_inner=2560x1600 hud=2560x1600
[2026-08-17T11:41:54Z INFO  steel_front] size diag: window_inner=2560x1600 hud=2560x1600
[2026-08-17T11:41:54Z INFO  steel_front] size diag: window_inner=2560x1600 hud=2560x1600
[2026-08-17T11:41:54Z INFO  steel_front::engine::game] ai: npcs=8 near=8 far=0 idle=0 patrol=0 chase=0 attack=8 tactics=[8, 0, 0, 0, 0, 0, 0, 0]
[2026-08-17T11:41:54Z INFO  steel_front::engine::game] game: wave=1 enemies=8 enemy_hp=100 hp=100/100 score=0 phys_us=1 ai_us=131 audio_us=20 net_us=0
[2026-08-17T11:41:54Z INFO  steel_front] size diag: window_inner=2560x1600 hud=2560x1600
[2026-08-17T11:41:54Z INFO  steel_front] size diag: window_inner=2560x1600 hud=2560x1600
[2026-08-17T11:41:54Z INFO  steel_front] size diag: window_inner=2560x1600 hud=2560x1600
[2026-08-17T11:41:54Z INFO  steel_front] size diag: window_inner=2560x1600 hud=2560x1600
[2026-08-17T11:41:54Z INFO  steel_front] cam: yaw=0.0 pitch=0.0 dist=3.4 mode=FirstPerson cycle_us=2631 update_us=25 render_us=2605
[2026-08-17T11:41:55Z INFO  steel_front::engine::renderer] visible=65536/65536 near=65536 far=0 fps=347.9 frame_us=2559 cull_us=1 terrain_us=0 wait_fence_us=1621 acquire_us=1 record_us=60 submit_us=54 present_us=271 terrain_lod=high blend=0.000 quality=中画质 marker=84 npc=56
[2026-08-17T11:41:55Z INFO  steel_front::engine::game] ai: npcs=8 near=8 far=0 idle=0 patrol=0 chase=0 attack=8 tactics=[8, 0, 0, 0, 0, 0, 0, 0]
[2026-08-17T11:41:55Z INFO  steel_front::engine::game] game: wave=1 enemies=8 enemy_hp=100 hp=100/100 score=0 phys_us=4 ai_us=470 audio_us=17 net_us=0
[2026-08-17T11:41:55Z INFO  steel_front] cam: yaw=0.0 pitch=0.0 dist=3.4 mode=FirstPerson cycle_us=2922 update_us=33 render_us=2888
[2026-08-17T11:41:56Z INFO  steel_front::engine::renderer] visible=65536/65536 near=65536 far=0 fps=362.7 frame_us=2163 cull_us=0 terrain_us=0 wait_fence_us=1797 acquire_us=0 record_us=60 submit_us=56 present_us=230 terrain_lod=high blend=0.000 quality=中画质 marker=84 npc=56
[2026-08-17T11:41:56Z INFO  steel_front::engine::game] ai: npcs=8 near=8 far=0 idle=0 patrol=0 chase=0 attack=8 tactics=[8, 0, 0, 0, 0, 0, 0, 0]
[2026-08-17T11:41:56Z INFO  steel_front::engine::game] game: wave=1 enemies=8 enemy_hp=100 hp=100/100 score=0 phys_us=5 ai_us=819 audio_us=19 net_us=0
[2026-08-17T11:41:56Z INFO  steel_front] cam: yaw=0.0 pitch=0.0 dist=3.4 mode=FirstPerson cycle_us=2840 update_us=27 render_us=2812
[2026-08-17T11:41:57Z INFO  steel_front::engine::renderer] visible=65536/65536 near=65536 far=0 fps=350.5 frame_us=2266 cull_us=1 terrain_us=0 wait_fence_us=2204 acquire_us=1 record_us=57 submit_us=46 present_us=233 terrain_lod=high blend=0.000 quality=中画质 marker=84 npc=56
[2026-08-17T11:41:57Z INFO  steel_front::engine::game] ai: npcs=8 near=8 far=0 idle=0 patrol=0 chase=0 attack=8 tactics=[8, 0, 0, 0, 0, 0, 0, 0]
[2026-08-17T11:41:57Z INFO  steel_front::engine::game] game: wave=1 enemies=8 enemy_hp=100 hp=100/100 score=0 phys_us=2 ai_us=503 audio_us=32 net_us=0
[2026-08-17T11:41:57Z INFO  steel_front] cam: yaw=0.0 pitch=0.0 dist=3.4 mode=FirstPerson cycle_us=2828 update_us=25 render_us=2802
[2026-08-17T11:41:58Z INFO  steel_front::engine::renderer] visible=65536/65536 near=65536 far=0 fps=372.8 frame_us=2094 cull_us=0 terrain_us=0 wait_fence_us=1984 acquire_us=1 record_us=41 submit_us=45 present_us=312 terrain_lod=high blend=0.000 quality=中画质 marker=84 npc=56
[2026-08-17T11:41:58Z INFO  steel_front::engine::game] ai: npcs=8 near=8 far=0 idle=0 patrol=0 chase=0 attack=8 tactics=[8, 0, 0, 0, 0, 0, 0, 0]
[2026-08-17T11:41:58Z INFO  steel_front::engine::game] game: wave=1 enemies=8 enemy_hp=100 hp=100/100 score=0 phys_us=2 ai_us=552 audio_us=35 net_us=0
[2026-08-17T11:41:58Z INFO  steel_front] cam: yaw=0.0 pitch=0.0 dist=3.4 mode=FirstPerson cycle_us=2619 update_us=71 render_us=2547
[2026-08-17T11:41:59Z INFO  steel_front::engine::renderer] visible=65536/65536 near=65536 far=0 fps=373.8 frame_us=1922 cull_us=0 terrain_us=0 wait_fence_us=2370 acquire_us=1 record_us=24 submit_us=21 present_us=147 terrain_lod=high blend=0.000 quality=中画质 marker=84 npc=56
[2026-08-17T11:41:59Z INFO  steel_front] size diag: window_inner=2560x1600 hud=2560x1600
[2026-08-17T11:41:59Z INFO  steel_front] size diag: window_inner=2560x1600 hud=2560x1600
[2026-08-17T11:41:59Z INFO  steel_front] size diag: window_inner=2560x1600 hud=2560x1600
[2026-08-17T11:41:59Z INFO  steel_front] size diag: window_inner=2560x1600 hud=2560x1600
[2026-08-17T11:41:59Z INFO  steel_front] size diag: window_inner=2560x1600 hud=2560x1600
[2026-08-17T11:41:59Z INFO  steel_front] size diag: window_inner=2560x1600 hud=2560x1600
[2026-08-17T11:41:59Z INFO  steel_front] size diag: window_inner=2560x1600 hud=2560x1600
[2026-08-17T11:41:59Z INFO  steel_front] size diag: window_inner=2560x1600 hud=2560x1600
[2026-08-17T11:41:59Z INFO  steel_front] size diag: window_inner=2560x1600 hud=2560x1600
[2026-08-17T11:41:59Z INFO  steel_front] size diag: window_inner=2560x1600 hud=2560x1600
[2026-08-17T11:41:59Z INFO  steel_front] size diag: window_inner=2560x1600 hud=2560x1600
[2026-08-17T11:41:59Z INFO  steel_front] size diag: window_inner=2560x1600 hud=2560x1600
[2026-08-17T11:41:59Z INFO  steel_front] size diag: window_inner=2560x1600 hud=2560x1600
[2026-08-17T11:41:59Z INFO  steel_front] size diag: window_inner=2560x1600 hud=2560x1600
[2026-08-17T11:41:59Z INFO  steel_front] size diag: window_inner=2560x1600 hud=2560x1600
[2026-08-17T11:41:59Z INFO  steel_front] size diag: window_inner=2560x1600 hud=2560x1600
[2026-08-17T11:41:59Z INFO  steel_front] size diag: window_inner=2560x1600 hud=2560x1600
[2026-08-17T11:41:59Z INFO  steel_front] size diag: window_inner=2560x1600 hud=2560x1600
[2026-08-17T11:41:59Z INFO  steel_front::engine::game] ai: npcs=8 near=8 far=0 idle=0 patrol=0 chase=0 attack=8 tactics=[8, 0, 0, 0, 0, 0, 0, 0]
[2026-08-17T11:41:59Z INFO  steel_front::engine::game] game: wave=1 enemies=8 enemy_hp=100 hp=100/100 score=0 phys_us=3 ai_us=262 audio_us=15 net_us=0
[2026-08-17T11:41:59Z INFO  steel_front] size diag: window_inner=2560x1600 hud=2560x1600
[2026-08-17T11:41:59Z INFO  steel_front] cam: yaw=0.0 pitch=0.0 dist=3.4 mode=FirstPerson cycle_us=2482 update_us=48 render_us=2433
[2026-08-17T11:42:00Z INFO  steel_front::engine::renderer] visible=65536/65536 near=65536 far=0 fps=375.2 frame_us=2071 cull_us=1 terrain_us=0 wait_fence_us=1920 acquire_us=1 record_us=29 submit_us=35 present_us=160 terrain_lod=high blend=0.000 quality=中画质 marker=84 npc=56
[2026-08-17T11:42:00Z INFO  steel_front::engine::game] ai: npcs=8 near=8 far=0 idle=0 patrol=0 chase=0 attack=8 tactics=[8, 0, 0, 0, 0, 0, 0, 0]
[2026-08-17T11:42:00Z INFO  steel_front::engine::game] game: wave=1 enemies=8 enemy_hp=100 hp=100/100 score=0 phys_us=1 ai_us=458 audio_us=25 net_us=0
[2026-08-17T11:42:00Z INFO  steel_front] cam: yaw=0.0 pitch=0.0 dist=3.4 mode=FirstPerson cycle_us=2738 update_us=40 render_us=2697
[2026-08-17T11:42:01Z INFO  steel_front::engine::renderer] visible=65536/65536 near=65536 far=0 fps=374.5 frame_us=2218 cull_us=0 terrain_us=0 wait_fence_us=2325 acquire_us=1 record_us=40 submit_us=24 present_us=114 terrain_lod=high blend=0.000 quality=中画质 marker=84 npc=56
[2026-08-17T11:42:01Z INFO  steel_front::engine::game] ai: npcs=8 near=8 far=0 idle=0 patrol=0 chase=0 attack=8 tactics=[8, 0, 0, 0, 0, 0, 0, 0]
[2026-08-17T11:42:01Z INFO  steel_front::engine::game] game: wave=1 enemies=8 enemy_hp=100 hp=100/100 score=0 phys_us=2 ai_us=422 audio_us=11 net_us=0
[2026-08-17T11:42:01Z INFO  steel_front] cam: yaw=0.0 pitch=0.0 dist=3.4 mode=FirstPerson cycle_us=2801 update_us=32 render_us=2767
[2026-08-17T11:42:02Z INFO  steel_front::engine::renderer] visible=65536/65536 near=65536 far=0 fps=358.6 frame_us=2175 cull_us=0 terrain_us=0 wait_fence_us=1949 acquire_us=1 record_us=37 submit_us=31 present_us=344 terrain_lod=high blend=0.000 quality=中画质 marker=84 npc=56
[2026-08-17T11:42:02Z INFO  steel_front::engine::game] ai: npcs=8 near=8 far=0 idle=0 patrol=0 chase=0 attack=8 tactics=[8, 0, 0, 0, 0, 0, 0, 0]
[2026-08-17T11:42:02Z INFO  steel_front::engine::game] game: wave=1 enemies=8 enemy_hp=100 hp=100/100 score=0 phys_us=1 ai_us=384 audio_us=23 net_us=0
[2026-08-17T11:42:02Z INFO  steel_front] cam: yaw=0.0 pitch=0.0 dist=3.4 mode=FirstPerson cycle_us=2721 update_us=20 render_us=2700
[2026-08-17T11:42:03Z INFO  steel_front::engine::renderer] visible=65536/65536 near=65536 far=0 fps=375.8 frame_us=2298 cull_us=0 terrain_us=0 wait_fence_us=1839 acquire_us=1 record_us=47 submit_us=94 present_us=221 terrain_lod=high blend=0.000 quality=中画质 marker=84 npc=56
[2026-08-17T11:42:03Z INFO  steel_front::engine::game] ai: npcs=8 near=8 far=0 idle=0 patrol=0 chase=0 attack=8 tactics=[8, 0, 0, 0, 0, 0, 0, 0]
[2026-08-17T11:42:03Z INFO  steel_front::engine::game] game: wave=1 enemies=8 enemy_hp=100 hp=100/100 score=0 phys_us=2 ai_us=391 audio_us=29 net_us=0
[2026-08-17T11:42:03Z INFO  steel_front] cam: yaw=0.0 pitch=0.0 dist=3.4 mode=FirstPerson cycle_us=3308 update_us=47 render_us=3260
[2026-08-17T11:42:04Z INFO  steel_front::engine::renderer] visible=65536/65536 near=65536 far=0 fps=358.0 frame_us=2090 cull_us=0 terrain_us=0 wait_fence_us=2113 acquire_us=1 record_us=55 submit_us=47 present_us=282 terrain_lod=high blend=0.000 quality=中画质 marker=84 npc=56
[2026-08-17T11:42:04Z INFO  steel_front] size diag: window_inner=2560x1600 hud=2560x1600
[2026-08-17T11:42:04Z INFO  steel_front] size diag: window_inner=2560x1600 hud=2560x1600
[2026-08-17T11:42:04Z INFO  steel_front] size diag: window_inner=2560x1600 hud=2560x1600
[2026-08-17T11:42:04Z INFO  steel_front] size diag: window_inner=2560x1600 hud=2560x1600
[2026-08-17T11:42:04Z INFO  steel_front] size diag: window_inner=2560x1600 hud=2560x1600
[2026-08-17T11:42:04Z INFO  steel_front] size diag: window_inner=2560x1600 hud=2560x1600
[2026-08-17T11:42:04Z INFO  steel_front] size diag: window_inner=2560x1600 hud=2560x1600
[2026-08-17T11:42:04Z INFO  steel_front] size diag: window_inner=2560x1600 hud=2560x1600
[2026-08-17T11:42:04Z INFO  steel_front] size diag: window_inner=2560x1600 hud=2560x1600
[2026-08-17T11:42:04Z INFO  steel_front] size diag: window_inner=2560x1600 hud=2560x1600
[2026-08-17T11:42:04Z INFO  steel_front] size diag: window_inner=2560x1600 hud=2560x1600
[2026-08-17T11:42:04Z INFO  steel_front] size diag: window_inner=2560x1600 hud=2560x1600
[2026-08-17T11:42:04Z INFO  steel_front] size diag: window_inner=2560x1600 hud=2560x1600
[2026-08-17T11:42:04Z INFO  steel_front] size diag: window_inner=2560x1600 hud=2560x1600
[2026-08-17T11:42:04Z INFO  steel_front] size diag: window_inner=2560x1600 hud=2560x1600
[2026-08-17T11:42:04Z INFO  steel_front] size diag: window_inner=2560x1600 hud=2560x1600
[2026-08-17T11:42:04Z INFO  steel_front] size diag: window_inner=2560x1600 hud=2560x1600
[2026-08-17T11:42:04Z INFO  steel_front] size diag: window_inner=2560x1600 hud=2560x1600
[2026-08-17T11:42:04Z INFO  steel_front::engine::game] ai: npcs=8 near=8 far=0 idle=0 patrol=0 chase=0 attack=8 tactics=[8, 0, 0, 0, 0, 0, 0, 0]
[2026-08-17T11:42:04Z INFO  steel_front::engine::game] game: wave=1 enemies=8 enemy_hp=100 hp=100/100 score=0 phys_us=1 ai_us=412 audio_us=19 net_us=0
[2026-08-17T11:42:04Z INFO  steel_front] cam: yaw=0.0 pitch=0.0 dist=3.4 mode=FirstPerson cycle_us=2475 update_us=36 render_us=2438
[2026-08-17T11:42:05Z INFO  steel_front::engine::renderer] visible=65536/65536 near=65536 far=0 fps=365.6 frame_us=2160 cull_us=0 terrain_us=0 wait_fence_us=2365 acquire_us=1 record_us=23 submit_us=43 present_us=140 terrain_lod=high blend=0.000 quality=中画质 marker=84 npc=56
[2026-08-17T11:42:05Z INFO  steel_front::engine::game] ai: npcs=8 near=8 far=0 idle=0 patrol=0 chase=0 attack=8 tactics=[8, 0, 0, 0, 0, 0, 0, 0]
[2026-08-17T11:42:05Z INFO  steel_front::engine::game] game: wave=1 enemies=8 enemy_hp=100 hp=100/100 score=0 phys_us=2 ai_us=459 audio_us=18 net_us=0
[2026-08-17T11:42:05Z INFO  steel_front] cam: yaw=0.0 pitch=0.0 dist=3.4 mode=FirstPerson cycle_us=2713 update_us=42 render_us=2671
[2026-08-17T11:42:06Z INFO  steel_front::engine::renderer] visible=65536/65536 near=65536 far=0 fps=364.7 frame_us=2272 cull_us=0 terrain_us=0 wait_fence_us=1923 acquire_us=0 record_us=22 submit_us=22 present_us=172 terrain_lod=high blend=0.000 quality=中画质 marker=84 npc=56
[2026-08-17T11:42:06Z INFO  steel_front::engine::game] ai: npcs=8 near=8 far=0 idle=0 patrol=0 chase=0 attack=8 tactics=[8, 0, 0, 0, 0, 0, 0, 0]
[2026-08-17T11:42:06Z INFO  steel_front::engine::game] game: wave=1 enemies=8 enemy_hp=100 hp=100/100 score=0 phys_us=1 ai_us=519 audio_us=14 net_us=0
[2026-08-17T11:42:06Z INFO  steel_front] cam: yaw=0.0 pitch=0.0 dist=3.4 mode=FirstPerson cycle_us=2556 update_us=40 render_us=2516
[2026-08-17T11:42:07Z INFO  steel_front::engine::renderer] visible=65536/65536 near=65536 far=0 fps=368.0 frame_us=2525 cull_us=0 terrain_us=0 wait_fence_us=1838 acquire_us=1 record_us=37 submit_us=34 present_us=215 terrain_lod=high blend=0.000 quality=中画质 marker=84 npc=56
[2026-08-17T11:42:07Z INFO  steel_front::engine::game] ai: npcs=8 near=8 far=0 idle=0 patrol=0 chase=0 attack=8 tactics=[8, 0, 0, 0, 0, 0, 0, 0]
[2026-08-17T11:42:07Z INFO  steel_front::engine::game] game: wave=1 enemies=8 enemy_hp=100 hp=100/100 score=0 phys_us=2 ai_us=497 audio_us=16 net_us=0
[2026-08-17T11:42:07Z INFO  steel_front] cam: yaw=0.0 pitch=0.0 dist=3.4 mode=FirstPerson cycle_us=3306 update_us=27 render_us=3279
[2026-08-17T11:42:08Z INFO  steel_front::engine::renderer] visible=65536/65536 near=65536 far=0 fps=365.0 frame_us=2095 cull_us=0 terrain_us=0 wait_fence_us=2168 acquire_us=1 record_us=36 submit_us=32 present_us=302 terrain_lod=high blend=0.000 quality=中画质 marker=84 npc=56
[2026-08-17T11:42:08Z INFO  steel_front::engine::game] ai: npcs=8 near=8 far=0 idle=0 patrol=0 chase=0 attack=8 tactics=[8, 0, 0, 0, 0, 0, 0, 0]
[2026-08-17T11:42:08Z INFO  steel_front::engine::game] game: wave=1 enemies=8 enemy_hp=100 hp=100/100 score=0 phys_us=2 ai_us=411 audio_us=12 net_us=0
[2026-08-17T11:42:08Z INFO  steel_front] cam: yaw=0.0 pitch=0.0 dist=3.4 mode=FirstPerson cycle_us=2551 update_us=47 render_us=2503
[2026-08-17T11:42:09Z INFO  steel_front::engine::renderer] visible=65536/65536 near=65536 far=0 fps=369.7 frame_us=2220 cull_us=1 terrain_us=0 wait_fence_us=2108 acquire_us=1 record_us=31 submit_us=28 present_us=301 terrain_lod=high blend=0.000 quality=中画质 marker=84 npc=56
[2026-08-17T11:42:09Z INFO  steel_front] size diag: window_inner=2560x1600 hud=2560x1600
[2026-08-17T11:42:09Z INFO  steel_front] size diag: window_inner=2560x1600 hud=2560x1600
[2026-08-17T11:42:09Z INFO  steel_front] size diag: window_inner=2560x1600 hud=2560x1600
[2026-08-17T11:42:09Z INFO  steel_front] size diag: window_inner=2560x1600 hud=2560x1600
[2026-08-17T11:42:09Z INFO  steel_front] size diag: window_inner=2560x1600 hud=2560x1600
[2026-08-17T11:42:09Z INFO  steel_front] size diag: window_inner=2560x1600 hud=2560x1600
[2026-08-17T11:42:09Z INFO  steel_front] size diag: window_inner=2560x1600 hud=2560x1600
[2026-08-17T11:42:09Z INFO  steel_front] size diag: window_inner=2560x1600 hud=2560x1600
[2026-08-17T11:42:09Z INFO  steel_front] size diag: window_inner=2560x1600 hud=2560x1600
[2026-08-17T11:42:09Z INFO  steel_front] size diag: window_inner=2560x1600 hud=2560x1600
[2026-08-17T11:42:09Z INFO  steel_front] size diag: window_inner=2560x1600 hud=2560x1600
[2026-08-17T11:42:09Z INFO  steel_front] size diag: window_inner=2560x1600 hud=2560x1600
[2026-08-17T11:42:09Z INFO  steel_front] size diag: window_inner=2560x1600 hud=2560x1600
[2026-08-17T11:42:09Z INFO  steel_front] size diag: window_inner=2560x1600 hud=2560x1600
[2026-08-17T11:42:09Z INFO  steel_front] size diag: window_inner=2560x1600 hud=2560x1600
[2026-08-17T11:42:09Z INFO  steel_front] size diag: window_inner=2560x1600 hud=2560x1600
[2026-08-17T11:42:09Z INFO  steel_front] size diag: window_inner=2560x1600 hud=2560x1600
[2026-08-17T11:42:09Z INFO  steel_front] size diag: window_inner=2560x1600 hud=2560x1600
[2026-08-17T11:42:09Z INFO  steel_front] size diag: window_inner=2560x1600 hud=2560x1600
[2026-08-17T11:42:09Z INFO  steel_front::engine::game] ai: npcs=8 near=8 far=0 idle=0 patrol=0 chase=0 attack=8 tactics=[8, 0, 0, 0, 0, 0, 0, 0]
[2026-08-17T11:42:09Z INFO  steel_front::engine::game] game: wave=1 enemies=8 enemy_hp=100 hp=100/100 score=0 phys_us=2 ai_us=536 audio_us=20 net_us=0
[2026-08-17T11:42:09Z INFO  steel_front] cam: yaw=0.0 pitch=0.0 dist=3.4 mode=FirstPerson cycle_us=2565 update_us=47 render_us=2518
[2026-08-17T11:42:10Z INFO  steel_front::engine::renderer] visible=65536/65536 near=65536 far=0 fps=356.1 frame_us=2489 cull_us=1 terrain_us=0 wait_fence_us=1866 acquire_us=1 record_us=169 submit_us=57 present_us=297 terrain_lod=high blend=0.000 quality=中画质 marker=84 npc=56
[2026-08-17T11:42:10Z INFO  steel_front::engine::game] ai: npcs=8 near=8 far=0 idle=0 patrol=0 chase=0 attack=8 tactics=[8, 0, 0, 0, 0, 0, 0, 0]
[2026-08-17T11:42:10Z INFO  steel_front::engine::game] game: wave=1 enemies=8 enemy_hp=100 hp=100/100 score=0 phys_us=1 ai_us=745 audio_us=31 net_us=0
[2026-08-17T11:42:10Z INFO  steel_front] cam: yaw=0.0 pitch=0.0 dist=3.4 mode=FirstPerson cycle_us=2570 update_us=26 render_us=2544
[2026-08-17T11:42:11Z INFO  steel_front::engine::renderer] visible=65536/65536 near=65536 far=0 fps=354.3 frame_us=2316 cull_us=0 terrain_us=0 wait_fence_us=1830 acquire_us=0 record_us=55 submit_us=64 present_us=213 terrain_lod=high blend=0.000 quality=中画质 marker=84 npc=56
[2026-08-17T11:42:11Z INFO  steel_front::engine::game] ai: npcs=8 near=8 far=0 idle=0 patrol=0 chase=0 attack=8 tactics=[8, 0, 0, 0, 0, 0, 0, 0]
[2026-08-17T11:42:11Z INFO  steel_front::engine::game] game: wave=1 enemies=8 enemy_hp=100 hp=100/100 score=0 phys_us=1 ai_us=174 audio_us=12 net_us=0
[2026-08-17T11:42:11Z INFO  steel_front] cam: yaw=0.0 pitch=0.0 dist=3.4 mode=FirstPerson cycle_us=2502 update_us=28 render_us=2474
[2026-08-17T11:42:12Z INFO  steel_front::engine::renderer] visible=65536/65536 near=65536 far=0 fps=359.9 frame_us=2278 cull_us=0 terrain_us=0 wait_fence_us=1665 acquire_us=1 record_us=58 submit_us=56 present_us=225 terrain_lod=high blend=0.000 quality=中画质 marker=84 npc=56
[2026-08-17T11:42:12Z INFO  steel_front::engine::game] ai: npcs=8 near=8 far=0 idle=0 patrol=0 chase=0 attack=8 tactics=[8, 0, 0, 0, 0, 0, 0, 0]
[2026-08-17T11:42:12Z INFO  steel_front::engine::game] game: wave=1 enemies=8 enemy_hp=100 hp=100/100 score=0 phys_us=2 ai_us=309 audio_us=37 net_us=0
[2026-08-17T11:42:12Z INFO  steel_front] cam: yaw=0.0 pitch=0.0 dist=3.4 mode=FirstPerson cycle_us=2695 update_us=32 render_us=2663
[2026-08-17T11:42:13Z INFO  steel_front::engine::renderer] visible=65536/65536 near=65536 far=0 fps=358.7 frame_us=2156 cull_us=1 terrain_us=0 wait_fence_us=1800 acquire_us=1 record_us=57 submit_us=47 present_us=256 terrain_lod=high blend=0.000 quality=中画质 marker=84 npc=56
[2026-08-17T11:42:13Z INFO  steel_front::engine::game] ai: npcs=8 near=8 far=0 idle=0 patrol=0 chase=0 attack=8 tactics=[8, 0, 0, 0, 0, 0, 0, 0]
[2026-08-17T11:42:13Z INFO  steel_front::engine::game] game: wave=1 enemies=8 enemy_hp=100 hp=100/100 score=0 phys_us=2 ai_us=482 audio_us=18 net_us=1
[2026-08-17T11:42:13Z INFO  steel_front] cam: yaw=0.0 pitch=0.0 dist=3.4 mode=FirstPerson cycle_us=2902 update_us=22 render_us=2880
[2026-08-17T11:42:14Z INFO  steel_front::engine::renderer] visible=65536/65536 near=65536 far=0 fps=361.5 frame_us=2040 cull_us=0 terrain_us=0 wait_fence_us=1993 acquire_us=1 record_us=58 submit_us=50 present_us=275 terrain_lod=high blend=0.000 quality=中画质 marker=84 npc=56
[2026-08-17T11:42:14Z INFO  steel_front] size diag: window_inner=2560x1600 hud=2560x1600
[2026-08-17T11:42:14Z INFO  steel_front] size diag: window_inner=2560x1600 hud=2560x1600
[2026-08-17T11:42:14Z INFO  steel_front] size diag: window_inner=2560x1600 hud=2560x1600
[2026-08-17T11:42:14Z INFO  steel_front] size diag: window_inner=2560x1600 hud=2560x1600
[2026-08-17T11:42:14Z INFO  steel_front] size diag: window_inner=2560x1600 hud=2560x1600
[2026-08-17T11:42:14Z INFO  steel_front] size diag: window_inner=2560x1600 hud=2560x1600
[2026-08-17T11:42:14Z INFO  steel_front] size diag: window_inner=2560x1600 hud=2560x1600
[2026-08-17T11:42:14Z INFO  steel_front] size diag: window_inner=2560x1600 hud=2560x1600
[2026-08-17T11:42:14Z INFO  steel_front] size diag: window_inner=2560x1600 hud=2560x1600
[2026-08-17T11:42:14Z INFO  steel_front] size diag: window_inner=2560x1600 hud=2560x1600
[2026-08-17T11:42:14Z INFO  steel_front] size diag: window_inner=2560x1600 hud=2560x1600
[2026-08-17T11:42:14Z INFO  steel_front] size diag: window_inner=2560x1600 hud=2560x1600
[2026-08-17T11:42:14Z INFO  steel_front] size diag: window_inner=2560x1600 hud=2560x1600
[2026-08-17T11:42:14Z INFO  steel_front] size diag: window_inner=2560x1600 hud=2560x1600
[2026-08-17T11:42:14Z INFO  steel_front] size diag: window_inner=2560x1600 hud=2560x1600
[2026-08-17T11:42:14Z INFO  steel_front] size diag: window_inner=2560x1600 hud=2560x1600
[2026-08-17T11:42:14Z INFO  steel_front] size diag: window_inner=2560x1600 hud=2560x1600
[2026-08-17T11:42:14Z INFO  steel_front] size diag: window_inner=2560x1600 hud=2560x1600
[2026-08-17T11:42:14Z INFO  steel_front::engine::game] ai: npcs=8 near=8 far=0 idle=0 patrol=0 chase=0 attack=8 tactics=[8, 0, 0, 0, 0, 0, 0, 0]
[2026-08-17T11:42:14Z INFO  steel_front::engine::game] game: wave=1 enemies=8 enemy_hp=100 hp=100/100 score=0 phys_us=1 ai_us=355 audio_us=24 net_us=0
[2026-08-17T11:42:14Z INFO  steel_front] cam: yaw=0.0 pitch=0.0 dist=3.4 mode=FirstPerson cycle_us=2521 update_us=24 render_us=2497
[2026-08-17T11:42:15Z INFO  steel_front::engine::renderer] visible=65536/65536 near=65536 far=0 fps=367.1 frame_us=2504 cull_us=0 terrain_us=0 wait_fence_us=1920 acquire_us=1 record_us=38 submit_us=56 present_us=176 terrain_lod=high blend=0.000 quality=中画质 marker=84 npc=56
[2026-08-17T11:42:15Z INFO  steel_front::engine::game] ai: npcs=8 near=8 far=0 idle=0 patrol=0 chase=0 attack=8 tactics=[8, 0, 0, 0, 0, 0, 0, 0]
[2026-08-17T11:42:15Z INFO  steel_front::engine::game] game: wave=1 enemies=8 enemy_hp=100 hp=100/100 score=0 phys_us=4 ai_us=492 audio_us=28 net_us=0
[2026-08-17T11:42:15Z INFO  steel_front] cam: yaw=0.0 pitch=0.0 dist=3.4 mode=FirstPerson cycle_us=2779 update_us=26 render_us=2753
[2026-08-17T11:42:16Z INFO  steel_front::engine::renderer] visible=65536/65536 near=65536 far=0 fps=366.9 frame_us=1772 cull_us=0 terrain_us=0 wait_fence_us=2358 acquire_us=0 record_us=56 submit_us=52 present_us=300 terrain_lod=high blend=0.000 quality=中画质 marker=84 npc=56
[2026-08-17T11:42:16Z INFO  steel_front::engine::game] ai: npcs=8 near=8 far=0 idle=0 patrol=0 chase=0 attack=8 tactics=[8, 0, 0, 0, 0, 0, 0, 0]
[2026-08-17T11:42:16Z INFO  steel_front::engine::game] game: wave=1 enemies=8 enemy_hp=100 hp=100/100 score=0 phys_us=2 ai_us=450 audio_us=23 net_us=0
[2026-08-17T11:42:16Z INFO  steel_front] cam: yaw=0.0 pitch=0.0 dist=3.4 mode=FirstPerson cycle_us=2925 update_us=44 render_us=2881
[2026-08-17T11:42:17Z INFO  steel_front::engine::renderer] visible=65536/65536 near=65536 far=0 fps=368.5 frame_us=2242 cull_us=0 terrain_us=0 wait_fence_us=2055 acquire_us=0 record_us=33 submit_us=27 present_us=127 terrain_lod=high blend=0.000 quality=中画质 marker=84 npc=56
[2026-08-17T11:42:17Z INFO  steel_front::engine::game] ai: npcs=8 near=8 far=0 idle=0 patrol=0 chase=0 attack=8 tactics=[8, 0, 0, 0, 0, 0, 0, 0]
[2026-08-17T11:42:17Z INFO  steel_front::engine::game] game: wave=1 enemies=8 enemy_hp=100 hp=100/100 score=0 phys_us=2 ai_us=501 audio_us=24 net_us=0
[2026-08-17T11:42:17Z INFO  steel_front] cam: yaw=0.0 pitch=0.0 dist=3.4 mode=FirstPerson cycle_us=3141 update_us=24 render_us=3116
[2026-08-17T11:42:18Z INFO  steel_front::engine::renderer] visible=65536/65536 near=65536 far=0 fps=364.9 frame_us=2923 cull_us=1 terrain_us=0 wait_fence_us=2030 acquire_us=1 record_us=54 submit_us=58 present_us=265 terrain_lod=high blend=0.000 quality=中画质 marker=84 npc=56
[2026-08-17T11:42:18Z INFO  steel_front::engine::game] ai: npcs=8 near=8 far=0 idle=0 patrol=0 chase=0 attack=8 tactics=[8, 0, 0, 0, 0, 0, 0, 0]
[2026-08-17T11:42:18Z INFO  steel_front::engine::game] game: wave=1 enemies=8 enemy_hp=100 hp=100/100 score=0 phys_us=2 ai_us=522 audio_us=28 net_us=0
[2026-08-17T11:42:18Z INFO  steel_front] cam: yaw=0.0 pitch=0.0 dist=3.4 mode=FirstPerson cycle_us=2312 update_us=34 render_us=2278
[2026-08-17T11:42:19Z INFO  steel_front::engine::renderer] visible=65536/65536 near=65536 far=0 fps=363.8 frame_us=2063 cull_us=1 terrain_us=0 wait_fence_us=1876 acquire_us=1 record_us=52 submit_us=23 present_us=159 terrain_lod=high blend=0.000 quality=中画质 marker=84 npc=56
[2026-08-17T11:42:19Z INFO  steel_front] size diag: window_inner=2560x1600 hud=2560x1600
[2026-08-17T11:42:19Z INFO  steel_front] size diag: window_inner=2560x1600 hud=2560x1600
[2026-08-17T11:42:19Z INFO  steel_front] size diag: window_inner=2560x1600 hud=2560x1600
[2026-08-17T11:42:19Z INFO  steel_front] size diag: window_inner=2560x1600 hud=2560x1600
[2026-08-17T11:42:19Z INFO  steel_front] size diag: window_inner=2560x1600 hud=2560x1600
[2026-08-17T11:42:19Z INFO  steel_front] size diag: window_inner=2560x1600 hud=2560x1600
[2026-08-17T11:42:19Z INFO  steel_front] size diag: window_inner=2560x1600 hud=2560x1600
[2026-08-17T11:42:19Z INFO  steel_front] size diag: window_inner=2560x1600 hud=2560x1600
[2026-08-17T11:42:19Z INFO  steel_front] size diag: window_inner=2560x1600 hud=2560x1600
[2026-08-17T11:42:19Z INFO  steel_front] size diag: window_inner=2560x1600 hud=2560x1600
[2026-08-17T11:42:19Z INFO  steel_front] size diag: window_inner=2560x1600 hud=2560x1600
[2026-08-17T11:42:19Z INFO  steel_front] size diag: window_inner=2560x1600 hud=2560x1600
[2026-08-17T11:42:19Z INFO  steel_front] size diag: window_inner=2560x1600 hud=2560x1600
[2026-08-17T11:42:19Z INFO  steel_front] size diag: window_inner=2560x1600 hud=2560x1600
[2026-08-17T11:42:19Z INFO  steel_front] size diag: window_inner=2560x1600 hud=2560x1600
[2026-08-17T11:42:19Z INFO  steel_front] size diag: window_inner=2560x1600 hud=2560x1600
[2026-08-17T11:42:19Z INFO  steel_front] size diag: window_inner=2560x1600 hud=2560x1600
[2026-08-17T11:42:19Z INFO  steel_front] size diag: window_inner=2560x1600 hud=2560x1600
[2026-08-17T11:42:19Z INFO  steel_front::engine::game] ai: npcs=8 near=8 far=0 idle=0 patrol=0 chase=0 attack=8 tactics=[8, 0, 0, 0, 0, 0, 0, 0]
[2026-08-17T11:42:19Z INFO  steel_front::engine::game] game: wave=1 enemies=8 enemy_hp=100 hp=100/100 score=0 phys_us=2 ai_us=514 audio_us=31 net_us=0
[2026-08-17T11:42:19Z INFO  steel_front] cam: yaw=0.0 pitch=0.0 dist=3.4 mode=FirstPerson cycle_us=3134 update_us=28 render_us=3105
[2026-08-17T11:42:20Z INFO  steel_front::engine::renderer] visible=65536/65536 near=65536 far=0 fps=358.7 frame_us=2178 cull_us=0 terrain_us=0 wait_fence_us=1882 acquire_us=1 record_us=42 submit_us=33 present_us=206 terrain_lod=high blend=0.000 quality=中画质 marker=84 npc=56
[2026-08-17T11:42:20Z INFO  steel_front::engine::game] ai: npcs=8 near=8 far=0 idle=0 patrol=0 chase=0 attack=8 tactics=[8, 0, 0, 0, 0, 0, 0, 0]
[2026-08-17T11:42:20Z INFO  steel_front::engine::game] game: wave=1 enemies=8 enemy_hp=100 hp=100/100 score=0 phys_us=1 ai_us=534 audio_us=29 net_us=0
[2026-08-17T11:42:20Z INFO  steel_front] cam: yaw=0.0 pitch=0.0 dist=3.4 mode=FirstPerson cycle_us=2966 update_us=19 render_us=2946
[2026-08-17T11:42:21Z INFO  steel_front::engine::renderer] visible=65536/65536 near=65536 far=0 fps=364.9 frame_us=2443 cull_us=0 terrain_us=0 wait_fence_us=2204 acquire_us=0 record_us=32 submit_us=28 present_us=232 terrain_lod=high blend=0.000 quality=中画质 marker=84 npc=56
[2026-08-17T11:42:21Z INFO  steel_front::engine::game] ai: npcs=8 near=8 far=0 idle=0 patrol=0 chase=0 attack=8 tactics=[8, 0, 0, 0, 0, 0, 0, 0]
[2026-08-17T11:42:21Z INFO  steel_front::engine::game] game: wave=1 enemies=8 enemy_hp=100 hp=100/100 score=0 phys_us=2 ai_us=455 audio_us=33 net_us=0
[2026-08-17T11:42:21Z INFO  steel_front] cam: yaw=0.0 pitch=0.0 dist=3.4 mode=FirstPerson cycle_us=2596 update_us=22 render_us=2574
[2026-08-17T11:42:22Z INFO  steel_front::engine::renderer] visible=65536/65536 near=65536 far=0 fps=362.2 frame_us=2125 cull_us=1 terrain_us=0 wait_fence_us=1589 acquire_us=1 record_us=48 submit_us=39 present_us=241 terrain_lod=high blend=0.000 quality=中画质 marker=84 npc=56
[2026-08-17T11:42:22Z INFO  steel_front::engine::game] ai: npcs=8 near=8 far=0 idle=0 patrol=0 chase=0 attack=8 tactics=[8, 0, 0, 0, 0, 0, 0, 0]
[2026-08-17T11:42:22Z INFO  steel_front::engine::game] game: wave=1 enemies=8 enemy_hp=100 hp=100/100 score=0 phys_us=4 ai_us=458 audio_us=18 net_us=0
[2026-08-17T11:42:22Z INFO  steel_front] cam: yaw=0.0 pitch=0.0 dist=3.4 mode=FirstPerson cycle_us=2350 update_us=37 render_us=2313
[2026-08-17T11:42:23Z INFO  steel_front::engine::renderer] visible=65536/65536 near=65536 far=0 fps=375.0 frame_us=2222 cull_us=0 terrain_us=0 wait_fence_us=2244 acquire_us=1 record_us=51 submit_us=44 present_us=430 terrain_lod=high blend=0.000 quality=中画质 marker=84 npc=56
[2026-08-17T11:42:23Z INFO  steel_front::engine::game] ai: npcs=8 near=8 far=0 idle=0 patrol=0 chase=0 attack=8 tactics=[8, 0, 0, 0, 0, 0, 0, 0]
[2026-08-17T11:42:23Z INFO  steel_front::engine::game] game: wave=1 enemies=8 enemy_hp=100 hp=100/100 score=0 phys_us=2 ai_us=442 audio_us=25 net_us=0
[2026-08-17T11:42:23Z INFO  steel_front] cam: yaw=0.0 pitch=0.0 dist=3.4 mode=FirstPerson cycle_us=2705 update_us=23 render_us=2682
[2026-08-17T11:42:24Z INFO  steel_front::engine::renderer] visible=65536/65536 near=65536 far=0 fps=375.2 frame_us=2263 cull_us=0 terrain_us=0 wait_fence_us=1701 acquire_us=0 record_us=42 submit_us=33 present_us=221 terrain_lod=high blend=0.000 quality=中画质 marker=84 npc=56
[2026-08-17T11:42:24Z INFO  steel_front] size diag: window_inner=2560x1600 hud=2560x1600
[2026-08-17T11:42:24Z INFO  steel_front] size diag: window_inner=2560x1600 hud=2560x1600
[2026-08-17T11:42:24Z INFO  steel_front] size diag: window_inner=2560x1600 hud=2560x1600
[2026-08-17T11:42:24Z INFO  steel_front] size diag: window_inner=2560x1600 hud=2560x1600
[2026-08-17T11:42:24Z INFO  steel_front] size diag: window_inner=2560x1600 hud=2560x1600
[2026-08-17T11:42:24Z INFO  steel_front] size diag: window_inner=2560x1600 hud=2560x1600
[2026-08-17T11:42:24Z INFO  steel_front] size diag: window_inner=2560x1600 hud=2560x1600
[2026-08-17T11:42:24Z INFO  steel_front] size diag: window_inner=2560x1600 hud=2560x1600
[2026-08-17T11:42:24Z INFO  steel_front] size diag: window_inner=2560x1600 hud=2560x1600
[2026-08-17T11:42:24Z INFO  steel_front] size diag: window_inner=2560x1600 hud=2560x1600
[2026-08-17T11:42:24Z INFO  steel_front] size diag: window_inner=2560x1600 hud=2560x1600
[2026-08-17T11:42:24Z INFO  steel_front] size diag: window_inner=2560x1600 hud=2560x1600
[2026-08-17T11:42:24Z INFO  steel_front] size diag: window_inner=2560x1600 hud=2560x1600
[2026-08-17T11:42:24Z INFO  steel_front] size diag: window_inner=2560x1600 hud=2560x1600
[2026-08-17T11:42:24Z INFO  steel_front] size diag: window_inner=2560x1600 hud=2560x1600
[2026-08-17T11:42:24Z INFO  steel_front] size diag: window_inner=2560x1600 hud=2560x1600
[2026-08-17T11:42:24Z INFO  steel_front] size diag: window_inner=2560x1600 hud=2560x1600
[2026-08-17T11:42:24Z INFO  steel_front] size diag: window_inner=2560x1600 hud=2560x1600
[2026-08-17T11:42:24Z INFO  steel_front] size diag: window_inner=2560x1600 hud=2560x1600
[2026-08-17T11:42:24Z INFO  steel_front::engine::game] ai: npcs=8 near=8 far=0 idle=0 patrol=0 chase=0 attack=8 tactics=[8, 0, 0, 0, 0, 0, 0, 0]
[2026-08-17T11:42:24Z INFO  steel_front::engine::game] game: wave=1 enemies=8 enemy_hp=100 hp=100/100 score=0 phys_us=1 ai_us=340 audio_us=25 net_us=0
[2026-08-17T11:42:24Z INFO  steel_front] cam: yaw=0.0 pitch=0.0 dist=3.4 mode=FirstPerson cycle_us=2986 update_us=23 render_us=2963
[2026-08-17T11:42:25Z INFO  steel_front::engine::renderer] visible=65536/65536 near=65536 far=0 fps=365.4 frame_us=2238 cull_us=0 terrain_us=0 wait_fence_us=1985 acquire_us=1 record_us=41 submit_us=32 present_us=400 terrain_lod=high blend=0.000 quality=中画质 marker=84 npc=56
[2026-08-17T11:42:25Z INFO  steel_front::engine::game] ai: npcs=8 near=8 far=0 idle=0 patrol=0 chase=0 attack=8 tactics=[8, 0, 0, 0, 0, 0, 0, 0]
[2026-08-17T11:42:25Z INFO  steel_front::engine::game] game: wave=1 enemies=8 enemy_hp=100 hp=100/100 score=0 phys_us=1 ai_us=387 audio_us=20 net_us=0
[2026-08-17T11:42:25Z INFO  steel_front] cam: yaw=0.0 pitch=0.0 dist=3.4 mode=FirstPerson cycle_us=2447 update_us=73 render_us=2373
[2026-08-17T11:42:26Z INFO  steel_front::engine::renderer] visible=65536/65536 near=65536 far=0 fps=376.2 frame_us=2317 cull_us=0 terrain_us=0 wait_fence_us=1476 acquire_us=1 record_us=76 submit_us=19 present_us=134 terrain_lod=high blend=0.000 quality=中画质 marker=84 npc=56
[2026-08-17T11:42:26Z INFO  steel_front::engine::game] ai: npcs=8 near=8 far=0 idle=0 patrol=0 chase=0 attack=8 tactics=[8, 0, 0, 0, 0, 0, 0, 0]
[2026-08-17T11:42:26Z INFO  steel_front::engine::game] game: wave=1 enemies=8 enemy_hp=100 hp=100/100 score=0 phys_us=2 ai_us=466 audio_us=31 net_us=0
[2026-08-17T11:42:26Z INFO  steel_front] cam: yaw=0.0 pitch=0.0 dist=3.4 mode=FirstPerson cycle_us=2383 update_us=42 render_us=2340
[2026-08-17T11:42:27Z INFO  steel_front::engine::renderer] visible=65536/65536 near=65536 far=0 fps=354.3 frame_us=2717 cull_us=1 terrain_us=0 wait_fence_us=865 acquire_us=1 record_us=172 submit_us=112 present_us=782 terrain_lod=high blend=0.000 quality=中画质 marker=84 npc=56
[2026-08-17T11:42:27Z INFO  steel_front::engine::game] ai: npcs=8 near=8 far=0 idle=0 patrol=0 chase=0 attack=8 tactics=[8, 0, 0, 0, 0, 0, 0, 0]
[2026-08-17T11:42:27Z INFO  steel_front::engine::game] game: wave=1 enemies=8 enemy_hp=100 hp=100/100 score=0 phys_us=1 ai_us=461 audio_us=20 net_us=0
[2026-08-17T11:42:27Z INFO  steel_front] cam: yaw=0.0 pitch=0.0 dist=3.4 mode=FirstPerson cycle_us=2475 update_us=46 render_us=2429
[2026-08-17T11:42:28Z INFO  steel_front::engine::renderer] visible=65536/65536 near=65536 far=0 fps=359.0 frame_us=2213 cull_us=0 terrain_us=0 wait_fence_us=2070 acquire_us=1 record_us=43 submit_us=68 present_us=377 terrain_lod=high blend=0.000 quality=中画质 marker=84 npc=56
[2026-08-17T11:42:28Z INFO  steel_front::engine::game] ai: npcs=8 near=8 far=0 idle=0 patrol=0 chase=0 attack=8 tactics=[8, 0, 0, 0, 0, 0, 0, 0]
[2026-08-17T11:42:28Z INFO  steel_front::engine::game] game: wave=1 enemies=8 enemy_hp=100 hp=100/100 score=0 phys_us=4 ai_us=645 audio_us=40 net_us=0
[2026-08-17T11:42:28Z INFO  steel_front] cam: yaw=0.0 pitch=0.0 dist=3.4 mode=FirstPerson cycle_us=3128 update_us=27 render_us=3101
[2026-08-17T11:42:29Z INFO  steel_front::engine::renderer] visible=65536/65536 near=65536 far=0 fps=358.4 frame_us=2616 cull_us=0 terrain_us=0 wait_fence_us=1910 acquire_us=1 record_us=50 submit_us=206 present_us=322 terrain_lod=high blend=0.000 quality=中画质 marker=84 npc=56
[2026-08-17T11:42:29Z INFO  steel_front] size diag: window_inner=2560x1600 hud=2560x1600
[2026-08-17T11:42:29Z INFO  steel_front] size diag: window_inner=2560x1600 hud=2560x1600
[2026-08-17T11:42:29Z INFO  steel_front] size diag: window_inner=2560x1600 hud=2560x1600
[2026-08-17T11:42:29Z INFO  steel_front] size diag: window_inner=2560x1600 hud=2560x1600
[2026-08-17T11:42:29Z INFO  steel_front] size diag: window_inner=2560x1600 hud=2560x1600
[2026-08-17T11:42:29Z INFO  steel_front] size diag: window_inner=2560x1600 hud=2560x1600
[2026-08-17T11:42:29Z INFO  steel_front] size diag: window_inner=2560x1600 hud=2560x1600
[2026-08-17T11:42:29Z INFO  steel_front] size diag: window_inner=2560x1600 hud=2560x1600
[2026-08-17T11:42:29Z INFO  steel_front] size diag: window_inner=2560x1600 hud=2560x1600
[2026-08-17T11:42:29Z INFO  steel_front] size diag: window_inner=2560x1600 hud=2560x1600
[2026-08-17T11:42:29Z INFO  steel_front] size diag: window_inner=2560x1600 hud=2560x1600
[2026-08-17T11:42:29Z INFO  steel_front] size diag: window_inner=2560x1600 hud=2560x1600
[2026-08-17T11:42:29Z INFO  steel_front] size diag: window_inner=2560x1600 hud=2560x1600
[2026-08-17T11:42:29Z INFO  steel_front] size diag: window_inner=2560x1600 hud=2560x1600
[2026-08-17T11:42:29Z INFO  steel_front] size diag: window_inner=2560x1600 hud=2560x1600
[2026-08-17T11:42:29Z INFO  steel_front] size diag: window_inner=2560x1600 hud=2560x1600
[2026-08-17T11:42:29Z INFO  steel_front] size diag: window_inner=2560x1600 hud=2560x1600
[2026-08-17T11:42:29Z INFO  steel_front] size diag: window_inner=2560x1600 hud=2560x1600
[2026-08-17T11:42:29Z INFO  steel_front] size diag: window_inner=2560x1600 hud=2560x1600
[2026-08-17T11:42:29Z INFO  steel_front::engine::game] ai: npcs=8 near=8 far=0 idle=0 patrol=0 chase=0 attack=8 tactics=[8, 0, 0, 0, 0, 0, 0, 0]
[2026-08-17T11:42:29Z INFO  steel_front::engine::game] game: wave=1 enemies=8 enemy_hp=100 hp=100/100 score=0 phys_us=1 ai_us=529 audio_us=30 net_us=0
[2026-08-17T11:42:29Z INFO  steel_front] cam: yaw=0.0 pitch=0.0 dist=3.4 mode=FirstPerson cycle_us=2721 update_us=37 render_us=2683
[2026-08-17T11:42:30Z INFO  steel_front::engine::renderer] visible=65536/65536 near=65536 far=0 fps=366.4 frame_us=2674 cull_us=0 terrain_us=0 wait_fence_us=2010 acquire_us=0 record_us=52 submit_us=64 present_us=521 terrain_lod=high blend=0.000 quality=中画质 marker=84 npc=56
[2026-08-17T11:42:30Z INFO  steel_front::engine::game] ai: npcs=8 near=8 far=0 idle=0 patrol=0 chase=0 attack=8 tactics=[8, 0, 0, 0, 0, 0, 0, 0]
[2026-08-17T11:42:30Z INFO  steel_front::engine::game] game: wave=1 enemies=8 enemy_hp=100 hp=100/100 score=0 phys_us=1 ai_us=398 audio_us=29 net_us=0
[2026-08-17T11:42:30Z INFO  steel_front] cam: yaw=0.0 pitch=0.0 dist=3.4 mode=FirstPerson cycle_us=2775 update_us=41 render_us=2734
[2026-08-17T11:42:31Z INFO  steel_front::engine::renderer] visible=65536/65536 near=65536 far=0 fps=365.7 frame_us=2504 cull_us=1 terrain_us=0 wait_fence_us=1920 acquire_us=1 record_us=30 submit_us=30 present_us=512 terrain_lod=high blend=0.000 quality=中画质 marker=84 npc=56
[2026-08-17T11:42:31Z INFO  steel_front::engine::game] ai: npcs=8 near=8 far=0 idle=0 patrol=0 chase=0 attack=8 tactics=[8, 0, 0, 0, 0, 0, 0, 0]
[2026-08-17T11:42:31Z INFO  steel_front::engine::game] game: wave=1 enemies=8 enemy_hp=100 hp=100/100 score=0 phys_us=1 ai_us=533 audio_us=26 net_us=0
[2026-08-17T11:42:31Z INFO  steel_front] cam: yaw=0.0 pitch=0.0 dist=3.4 mode=FirstPerson cycle_us=2751 update_us=43 render_us=2708
[2026-08-17T11:42:32Z INFO  steel_front::engine::renderer] visible=65536/65536 near=65536 far=0 fps=366.5 frame_us=2634 cull_us=0 terrain_us=0 wait_fence_us=1629 acquire_us=0 record_us=47 submit_us=40 present_us=324 terrain_lod=high blend=0.000 quality=中画质 marker=84 npc=56
[2026-08-17T11:42:32Z INFO  steel_front::engine::game] ai: npcs=8 near=8 far=0 idle=0 patrol=0 chase=0 attack=8 tactics=[8, 0, 0, 0, 0, 0, 0, 0]
[2026-08-17T11:42:32Z INFO  steel_front::engine::game] game: wave=1 enemies=8 enemy_hp=100 hp=100/100 score=0 phys_us=1 ai_us=454 audio_us=29 net_us=0
[2026-08-17T11:42:32Z INFO  steel_front] cam: yaw=0.0 pitch=0.0 dist=3.4 mode=FirstPerson cycle_us=2362 update_us=38 render_us=2323
[2026-08-17T11:42:33Z INFO  steel_front::engine::renderer] visible=65536/65536 near=65536 far=0 fps=366.1 frame_us=1864 cull_us=1 terrain_us=0 wait_fence_us=2366 acquire_us=1 record_us=27 submit_us=37 present_us=126 terrain_lod=high blend=0.000 quality=中画质 marker=84 npc=56
[2026-08-17T11:42:33Z INFO  steel_front::engine::game] ai: npcs=8 near=8 far=0 idle=0 patrol=0 chase=0 attack=8 tactics=[8, 0, 0, 0, 0, 0, 0, 0]
[2026-08-17T11:42:33Z INFO  steel_front::engine::game] game: wave=1 enemies=8 enemy_hp=100 hp=100/100 score=0 phys_us=1 ai_us=686 audio_us=32 net_us=0
[2026-08-17T11:42:33Z INFO  steel_front] cam: yaw=0.0 pitch=0.0 dist=3.4 mode=FirstPerson cycle_us=2809 update_us=33 render_us=2776
[2026-08-17T11:42:34Z INFO  steel_front::engine::renderer] visible=65536/65536 near=65536 far=0 fps=366.5 frame_us=2600 cull_us=0 terrain_us=0 wait_fence_us=1724 acquire_us=1 record_us=53 submit_us=81 present_us=235 terrain_lod=high blend=0.000 quality=中画质 marker=84 npc=56
[2026-08-17T11:42:34Z INFO  steel_front] size diag: window_inner=2560x1600 hud=2560x1600
[2026-08-17T11:42:34Z INFO  steel_front] size diag: window_inner=2560x1600 hud=2560x1600
[2026-08-17T11:42:34Z INFO  steel_front] size diag: window_inner=2560x1600 hud=2560x1600
[2026-08-17T11:42:34Z INFO  steel_front] size diag: window_inner=2560x1600 hud=2560x1600
[2026-08-17T11:42:34Z INFO  steel_front] size diag: window_inner=2560x1600 hud=2560x1600
[2026-08-17T11:42:34Z INFO  steel_front] size diag: window_inner=2560x1600 hud=2560x1600
[2026-08-17T11:42:34Z INFO  steel_front] size diag: window_inner=2560x1600 hud=2560x1600
[2026-08-17T11:42:34Z INFO  steel_front] size diag: window_inner=2560x1600 hud=2560x1600
[2026-08-17T11:42:34Z INFO  steel_front] size diag: window_inner=2560x1600 hud=2560x1600
[2026-08-17T11:42:34Z INFO  steel_front] size diag: window_inner=2560x1600 hud=2560x1600
[2026-08-17T11:42:34Z INFO  steel_front] size diag: window_inner=2560x1600 hud=2560x1600
[2026-08-17T11:42:34Z INFO  steel_front] size diag: window_inner=2560x1600 hud=2560x1600
[2026-08-17T11:42:34Z INFO  steel_front] size diag: window_inner=2560x1600 hud=2560x1600
[2026-08-17T11:42:34Z INFO  steel_front] size diag: window_inner=2560x1600 hud=2560x1600
[2026-08-17T11:42:34Z INFO  steel_front] size diag: window_inner=2560x1600 hud=2560x1600
[2026-08-17T11:42:34Z INFO  steel_front] size diag: window_inner=2560x1600 hud=2560x1600
[2026-08-17T11:42:34Z INFO  steel_front] size diag: window_inner=2560x1600 hud=2560x1600
[2026-08-17T11:42:34Z INFO  steel_front] size diag: window_inner=2560x1600 hud=2560x1600
[2026-08-17T11:42:34Z INFO  steel_front::engine::game] ai: npcs=8 near=8 far=0 idle=0 patrol=0 chase=0 attack=8 tactics=[8, 0, 0, 0, 0, 0, 0, 0]
[2026-08-17T11:42:34Z INFO  steel_front::engine::game] game: wave=1 enemies=8 enemy_hp=100 hp=100/100 score=0 phys_us=2 ai_us=581 audio_us=26 net_us=0
[2026-08-17T11:42:34Z INFO  steel_front] cam: yaw=0.0 pitch=0.0 dist=3.4 mode=FirstPerson cycle_us=2949 update_us=46 render_us=2902
[2026-08-17T11:42:35Z INFO  steel_front::engine::renderer] visible=65536/65536 near=65536 far=0 fps=366.2 frame_us=2289 cull_us=0 terrain_us=0 wait_fence_us=2092 acquire_us=0 record_us=30 submit_us=29 present_us=238 terrain_lod=high blend=0.000 quality=中画质 marker=84 npc=56
[2026-08-17T11:42:35Z INFO  steel_front::engine::game] ai: npcs=8 near=8 far=0 idle=0 patrol=0 chase=0 attack=8 tactics=[8, 0, 0, 0, 0, 0, 0, 0]
[2026-08-17T11:42:35Z INFO  steel_front::engine::game] game: wave=1 enemies=8 enemy_hp=100 hp=100/100 score=0 phys_us=2 ai_us=915 audio_us=21 net_us=0
[2026-08-17T11:42:35Z INFO  steel_front] cam: yaw=0.0 pitch=0.0 dist=3.4 mode=FirstPerson cycle_us=2534 update_us=38 render_us=2495
[2026-08-17T11:42:36Z INFO  steel_front::engine::renderer] visible=65536/65536 near=65536 far=0 fps=357.7 frame_us=2160 cull_us=0 terrain_us=0 wait_fence_us=1956 acquire_us=1 record_us=36 submit_us=150 present_us=230 terrain_lod=high blend=0.000 quality=中画质 marker=84 npc=56
[2026-08-17T11:42:36Z INFO  steel_front::engine::game] ai: npcs=8 near=8 far=0 idle=0 patrol=0 chase=0 attack=8 tactics=[8, 0, 0, 0, 0, 0, 0, 0]
[2026-08-17T11:42:36Z INFO  steel_front::engine::game] game: wave=1 enemies=8 enemy_hp=100 hp=100/100 score=0 phys_us=2 ai_us=569 audio_us=25 net_us=0
[2026-08-17T11:42:36Z INFO  steel_front] cam: yaw=0.0 pitch=0.0 dist=3.4 mode=FirstPerson cycle_us=3167 update_us=36 render_us=3130
[2026-08-17T11:42:37Z INFO  steel_front::engine::renderer] visible=65536/65536 near=65536 far=0 fps=360.2 frame_us=2307 cull_us=0 terrain_us=0 wait_fence_us=1720 acquire_us=1 record_us=53 submit_us=57 present_us=219 terrain_lod=high blend=0.000 quality=中画质 marker=84 npc=56
[2026-08-17T11:42:37Z INFO  steel_front::engine::game] ai: npcs=8 near=8 far=0 idle=0 patrol=0 chase=0 attack=8 tactics=[8, 0, 0, 0, 0, 0, 0, 0]
[2026-08-17T11:42:37Z INFO  steel_front::engine::game] game: wave=1 enemies=8 enemy_hp=100 hp=100/100 score=0 phys_us=2 ai_us=786 audio_us=27 net_us=0
[2026-08-17T11:42:37Z INFO  steel_front] cam: yaw=0.0 pitch=0.0 dist=3.4 mode=FirstPerson cycle_us=2943 update_us=37 render_us=2906
[2026-08-17T11:42:38Z INFO  steel_front::engine::renderer] visible=65536/65536 near=65536 far=0 fps=366.7 frame_us=2204 cull_us=6 terrain_us=0 wait_fence_us=1786 acquire_us=10 record_us=70 submit_us=61 present_us=290 terrain_lod=high blend=0.000 quality=中画质 marker=84 npc=56
[2026-08-17T11:42:38Z INFO  steel_front::engine::game] ai: npcs=8 near=8 far=0 idle=0 patrol=0 chase=0 attack=8 tactics=[8, 0, 0, 0, 0, 0, 0, 0]
[2026-08-17T11:42:38Z INFO  steel_front::engine::game] game: wave=1 enemies=8 enemy_hp=100 hp=100/100 score=0 phys_us=1 ai_us=556 audio_us=26 net_us=0
[2026-08-17T11:42:38Z INFO  steel_front] cam: yaw=0.0 pitch=0.0 dist=3.4 mode=FirstPerson cycle_us=2485 update_us=24 render_us=2460
[2026-08-17T11:42:39Z INFO  steel_front::engine::renderer] visible=65536/65536 near=65536 far=0 fps=358.9 frame_us=2476 cull_us=0 terrain_us=0 wait_fence_us=2010 acquire_us=1 record_us=66 submit_us=52 present_us=525 terrain_lod=high blend=0.000 quality=中画质 marker=84 npc=56
[2026-08-17T11:42:39Z INFO  steel_front] size diag: window_inner=2560x1600 hud=2560x1600
[2026-08-17T11:42:39Z INFO  steel_front] size diag: window_inner=2560x1600 hud=2560x1600
[2026-08-17T11:42:39Z INFO  steel_front] size diag: window_inner=2560x1600 hud=2560x1600
[2026-08-17T11:42:39Z INFO  steel_front] size diag: window_inner=2560x1600 hud=2560x1600
[2026-08-17T11:42:39Z INFO  steel_front] size diag: window_inner=2560x1600 hud=2560x1600
[2026-08-17T11:42:39Z INFO  steel_front] size diag: window_inner=2560x1600 hud=2560x1600
[2026-08-17T11:42:39Z INFO  steel_front] size diag: window_inner=2560x1600 hud=2560x1600
[2026-08-17T11:42:39Z INFO  steel_front] size diag: window_inner=2560x1600 hud=2560x1600
[2026-08-17T11:42:39Z INFO  steel_front] size diag: window_inner=2560x1600 hud=2560x1600
[2026-08-17T11:42:39Z INFO  steel_front] size diag: window_inner=2560x1600 hud=2560x1600
[2026-08-17T11:42:39Z INFO  steel_front] size diag: window_inner=2560x1600 hud=2560x1600
[2026-08-17T11:42:39Z INFO  steel_front] size diag: window_inner=2560x1600 hud=2560x1600
[2026-08-17T11:42:39Z INFO  steel_front] size diag: window_inner=2560x1600 hud=2560x1600
[2026-08-17T11:42:39Z INFO  steel_front] size diag: window_inner=2560x1600 hud=2560x1600
[2026-08-17T11:42:39Z INFO  steel_front] size diag: window_inner=2560x1600 hud=2560x1600
[2026-08-17T11:42:39Z INFO  steel_front] size diag: window_inner=2560x1600 hud=2560x1600
[2026-08-17T11:42:39Z INFO  steel_front] size diag: window_inner=2560x1600 hud=2560x1600
[2026-08-17T11:42:39Z INFO  steel_front] size diag: window_inner=2560x1600 hud=2560x1600
[2026-08-17T11:42:39Z INFO  steel_front::engine::game] ai: npcs=8 near=8 far=0 idle=0 patrol=0 chase=0 attack=8 tactics=[8, 0, 0, 0, 0, 0, 0, 0]
[2026-08-17T11:42:39Z INFO  steel_front::engine::game] game: wave=1 enemies=8 enemy_hp=100 hp=100/100 score=0 phys_us=2 ai_us=662 audio_us=13 net_us=0
[2026-08-17T11:42:39Z INFO  steel_front] cam: yaw=0.0 pitch=0.0 dist=3.4 mode=FirstPerson cycle_us=2495 update_us=43 render_us=2451
[2026-08-17T11:42:40Z INFO  steel_front::engine::renderer] visible=65536/65536 near=65536 far=0 fps=374.3 frame_us=2432 cull_us=0 terrain_us=0 wait_fence_us=1656 acquire_us=0 record_us=127 submit_us=46 present_us=226 terrain_lod=high blend=0.000 quality=中画质 marker=84 npc=56
[2026-08-17T11:42:40Z INFO  steel_front::engine::game] ai: npcs=8 near=8 far=0 idle=0 patrol=0 chase=0 attack=8 tactics=[8, 0, 0, 0, 0, 0, 0, 0]
[2026-08-17T11:42:40Z INFO  steel_front::engine::game] game: wave=1 enemies=8 enemy_hp=100 hp=100/100 score=0 phys_us=2 ai_us=489 audio_us=32 net_us=0
[2026-08-17T11:42:40Z INFO  steel_front] cam: yaw=0.0 pitch=0.0 dist=3.4 mode=FirstPerson cycle_us=2460 update_us=40 render_us=2420
[2026-08-17T11:42:41Z INFO  steel_front::engine::renderer] visible=65536/65536 near=65536 far=0 fps=375.0 frame_us=2579 cull_us=0 terrain_us=0 wait_fence_us=1656 acquire_us=0 record_us=58 submit_us=51 present_us=257 terrain_lod=high blend=0.000 quality=中画质 marker=84 npc=56
[2026-08-17T11:42:41Z INFO  steel_front::engine::game] ai: npcs=8 near=8 far=0 idle=0 patrol=0 chase=0 attack=8 tactics=[8, 0, 0, 0, 0, 0, 0, 0]
[2026-08-17T11:42:41Z INFO  steel_front::engine::game] game: wave=1 enemies=8 enemy_hp=100 hp=100/100 score=0 phys_us=1 ai_us=466 audio_us=16 net_us=0
[2026-08-17T11:42:41Z INFO  steel_front] cam: yaw=0.0 pitch=0.0 dist=3.4 mode=FirstPerson cycle_us=2778 update_us=37 render_us=2740
[2026-08-17T11:42:42Z INFO  steel_front::engine::renderer] visible=65536/65536 near=65536 far=0 fps=365.8 frame_us=3325 cull_us=2 terrain_us=0 wait_fence_us=2470 acquire_us=1 record_us=75 submit_us=68 present_us=205 terrain_lod=high blend=0.000 quality=中画质 marker=72 npc=56
[2026-08-17T11:42:42Z INFO  steel_front::engine::game] ai: npcs=8 near=8 far=0 idle=0 patrol=0 chase=0 attack=8 tactics=[8, 0, 0, 0, 0, 0, 0, 0]
[2026-08-17T11:42:42Z INFO  steel_front::engine::game] game: wave=1 enemies=8 enemy_hp=100 hp=100/100 score=0 phys_us=1 ai_us=386 audio_us=26 net_us=0
[2026-08-17T11:42:42Z INFO  steel_front] cam: yaw=0.0 pitch=0.0 dist=3.4 mode=FirstPerson cycle_us=2528 update_us=39 render_us=2489
[2026-08-17T11:42:43Z INFO  steel_front::engine::renderer] visible=65536/65536 near=65536 far=0 fps=375.4 frame_us=2540 cull_us=0 terrain_us=0 wait_fence_us=1830 acquire_us=1 record_us=52 submit_us=59 present_us=504 terrain_lod=high blend=0.000 quality=中画质 marker=84 npc=56
[2026-08-17T11:42:43Z INFO  steel_front::engine::game] ai: npcs=8 near=8 far=0 idle=0 patrol=0 chase=0 attack=8 tactics=[8, 0, 0, 0, 0, 0, 0, 0]
[2026-08-17T11:42:43Z INFO  steel_front::engine::game] game: wave=1 enemies=8 enemy_hp=100 hp=100/100 score=0 phys_us=1 ai_us=463 audio_us=13 net_us=0
[2026-08-17T11:42:43Z INFO  steel_front] cam: yaw=0.0 pitch=0.0 dist=3.4 mode=FirstPerson cycle_us=2823 update_us=18 render_us=2805
[2026-08-17T11:42:44Z INFO  steel_front] size diag: window_inner=2560x1600 hud=2560x1600
[2026-08-17T11:42:44Z INFO  steel_front] size diag: window_inner=2560x1600 hud=2560x1600
[2026-08-17T11:42:44Z INFO  steel_front::engine::renderer] visible=65536/65536 near=65536 far=0 fps=363.1 frame_us=2016 cull_us=1 terrain_us=0 wait_fence_us=1487 acquire_us=1 record_us=55 submit_us=68 present_us=239 terrain_lod=high blend=0.000 quality=中画质 marker=74 npc=56
[2026-08-17T11:42:44Z INFO  steel_front] size diag: window_inner=2560x1600 hud=2560x1600
[2026-08-17T11:42:44Z INFO  steel_front] size diag: window_inner=2560x1600 hud=2560x1600
[2026-08-17T11:42:44Z INFO  steel_front] size diag: window_inner=2560x1600 hud=2560x1600
[2026-08-17T11:42:44Z INFO  steel_front] size diag: window_inner=2560x1600 hud=2560x1600
[2026-08-17T11:42:44Z INFO  steel_front] size diag: window_inner=2560x1600 hud=2560x1600
[2026-08-17T11:42:44Z INFO  steel_front] size diag: window_inner=2560x1600 hud=2560x1600
[2026-08-17T11:42:44Z INFO  steel_front] size diag: window_inner=2560x1600 hud=2560x1600
[2026-08-17T11:42:44Z INFO  steel_front] size diag: window_inner=2560x1600 hud=2560x1600
[2026-08-17T11:42:44Z INFO  steel_front] size diag: window_inner=2560x1600 hud=2560x1600
[2026-08-17T11:42:44Z INFO  steel_front] size diag: window_inner=2560x1600 hud=2560x1600
[2026-08-17T11:42:44Z INFO  steel_front] size diag: window_inner=2560x1600 hud=2560x1600
[2026-08-17T11:42:44Z INFO  steel_front] size diag: window_inner=2560x1600 hud=2560x1600
[2026-08-17T11:42:44Z INFO  steel_front] size diag: window_inner=2560x1600 hud=2560x1600
[2026-08-17T11:42:44Z INFO  steel_front] size diag: window_inner=2560x1600 hud=2560x1600
[2026-08-17T11:42:44Z INFO  steel_front] size diag: window_inner=2560x1600 hud=2560x1600
[2026-08-17T11:42:44Z INFO  steel_front::engine::game] ai: npcs=8 near=8 far=0 idle=0 patrol=0 chase=0 attack=8 tactics=[8, 0, 0, 0, 0, 0, 0, 0]
[2026-08-17T11:42:44Z INFO  steel_front::engine::game] game: wave=1 enemies=8 enemy_hp=100 hp=100/100 score=0 phys_us=2 ai_us=598 audio_us=28 net_us=0
[2026-08-17T11:42:44Z INFO  steel_front] cam: yaw=0.0 pitch=0.0 dist=3.4 mode=FirstPerson cycle_us=2855 update_us=37 render_us=2818
[2026-08-17T11:42:45Z INFO  steel_front::engine::renderer] visible=65536/65536 near=65536 far=0 fps=362.3 frame_us=2061 cull_us=0 terrain_us=0 wait_fence_us=2088 acquire_us=1 record_us=36 submit_us=59 present_us=212 terrain_lod=high blend=0.000 quality=中画质 marker=84 npc=56
[2026-08-17T11:42:45Z INFO  steel_front::engine::game] ai: npcs=8 near=8 far=0 idle=0 patrol=0 chase=0 attack=8 tactics=[8, 0, 0, 0, 0, 0, 0, 0]
[2026-08-17T11:42:45Z INFO  steel_front::engine::game] game: wave=1 enemies=8 enemy_hp=100 hp=100/100 score=0 phys_us=1 ai_us=602 audio_us=31 net_us=0
[2026-08-17T11:42:45Z INFO  steel_front] cam: yaw=0.0 pitch=0.0 dist=3.4 mode=FirstPerson cycle_us=3222 update_us=34 render_us=3188
[2026-08-17T11:42:46Z INFO  steel_front::engine::renderer] visible=65536/65536 near=65536 far=0 fps=363.5 frame_us=2804 cull_us=2 terrain_us=0 wait_fence_us=1545 acquire_us=5 record_us=55 submit_us=72 present_us=564 terrain_lod=high blend=0.000 quality=中画质 marker=84 npc=56
[2026-08-17T11:42:46Z INFO  steel_front::engine::game] ai: npcs=8 near=8 far=0 idle=0 patrol=0 chase=0 attack=8 tactics=[8, 0, 0, 0, 0, 0, 0, 0]
[2026-08-17T11:42:46Z INFO  steel_front::engine::game] game: wave=1 enemies=8 enemy_hp=100 hp=100/100 score=0 phys_us=1 ai_us=508 audio_us=25 net_us=0
[2026-08-17T11:42:46Z INFO  steel_front] cam: yaw=0.0 pitch=0.0 dist=3.4 mode=FirstPerson cycle_us=2820 update_us=26 render_us=2794
[2026-08-17T11:42:47Z INFO  steel_front::engine::renderer] visible=65536/65536 near=65536 far=0 fps=359.0 frame_us=2399 cull_us=0 terrain_us=0 wait_fence_us=1625 acquire_us=1 record_us=109 submit_us=31 present_us=358 terrain_lod=high blend=0.000 quality=中画质 marker=84 npc=56
[2026-08-17T11:42:47Z INFO  steel_front::engine::game] ai: npcs=8 near=8 far=0 idle=0 patrol=0 chase=0 attack=8 tactics=[8, 0, 0, 0, 0, 0, 0, 0]
[2026-08-17T11:42:47Z INFO  steel_front::engine::game] game: wave=1 enemies=8 enemy_hp=100 hp=100/100 score=0 phys_us=2 ai_us=581 audio_us=18 net_us=0
[2026-08-17T11:42:47Z INFO  steel_front] cam: yaw=0.0 pitch=0.0 dist=3.4 mode=FirstPerson cycle_us=2579 update_us=26 render_us=2552
[2026-08-17T11:42:48Z INFO  steel_front::engine::renderer] visible=65536/65536 near=65536 far=0 fps=362.4 frame_us=2289 cull_us=1 terrain_us=0 wait_fence_us=2011 acquire_us=1 record_us=67 submit_us=49 present_us=156 terrain_lod=high blend=0.000 quality=中画质 marker=84 npc=56
[2026-08-17T11:42:48Z INFO  steel_front::engine::game] ai: npcs=8 near=8 far=0 idle=0 patrol=0 chase=0 attack=8 tactics=[8, 0, 0, 0, 0, 0, 0, 0]
[2026-08-17T11:42:48Z INFO  steel_front::engine::game] game: wave=1 enemies=8 enemy_hp=100 hp=100/100 score=0 phys_us=2 ai_us=288 audio_us=27 net_us=0
[2026-08-17T11:42:48Z INFO  steel_front] cam: yaw=0.0 pitch=0.0 dist=3.4 mode=FirstPerson cycle_us=2458 update_us=69 render_us=2389
[2026-08-17T11:42:49Z INFO  steel_front] size diag: window_inner=2560x1600 hud=2560x1600
[2026-08-17T11:42:49Z INFO  steel_front] size diag: window_inner=2560x1600 hud=2560x1600
[2026-08-17T11:42:49Z INFO  steel_front] size diag: window_inner=2560x1600 hud=2560x1600
[2026-08-17T11:42:49Z INFO  steel_front] size diag: window_inner=2560x1600 hud=2560x1600
[2026-08-17T11:42:49Z INFO  steel_front] size diag: window_inner=2560x1600 hud=2560x1600
[2026-08-17T11:42:49Z INFO  steel_front] size diag: window_inner=2560x1600 hud=2560x1600
[2026-08-17T11:42:49Z INFO  steel_front::engine::renderer] visible=65536/65536 near=65536 far=0 fps=365.3 frame_us=2016 cull_us=0 terrain_us=0 wait_fence_us=1869 acquire_us=1 record_us=61 submit_us=83 present_us=420 terrain_lod=high blend=0.000 quality=中画质 marker=84 npc=56
[2026-08-17T11:42:49Z INFO  steel_front] size diag: window_inner=2560x1600 hud=2560x1600
[2026-08-17T11:42:49Z INFO  steel_front] size diag: window_inner=2560x1600 hud=2560x1600
[2026-08-17T11:42:49Z INFO  steel_front] size diag: window_inner=2560x1600 hud=2560x1600
[2026-08-17T11:42:49Z INFO  steel_front] size diag: window_inner=2560x1600 hud=2560x1600
[2026-08-17T11:42:49Z INFO  steel_front] size diag: window_inner=2560x1600 hud=2560x1600
[2026-08-17T11:42:49Z INFO  steel_front] size diag: window_inner=2560x1600 hud=2560x1600
[2026-08-17T11:42:49Z INFO  steel_front] size diag: window_inner=2560x1600 hud=2560x1600
[2026-08-17T11:42:49Z INFO  steel_front] size diag: window_inner=2560x1600 hud=2560x1600
[2026-08-17T11:42:49Z INFO  steel_front] size diag: window_inner=2560x1600 hud=2560x1600
[2026-08-17T11:42:49Z INFO  steel_front] size diag: window_inner=2560x1600 hud=2560x1600
[2026-08-17T11:42:49Z INFO  steel_front] size diag: window_inner=2560x1600 hud=2560x1600
[2026-08-17T11:42:49Z INFO  steel_front] size diag: window_inner=2560x1600 hud=2560x1600
[2026-08-17T11:42:49Z INFO  steel_front::engine::game] ai: npcs=8 near=8 far=0 idle=0 patrol=0 chase=0 attack=8 tactics=[8, 0, 0, 0, 0, 0, 0, 0]
[2026-08-17T11:42:49Z INFO  steel_front::engine::game] game: wave=1 enemies=8 enemy_hp=100 hp=100/100 score=0 phys_us=2 ai_us=545 audio_us=28 net_us=0
[2026-08-17T11:42:49Z INFO  steel_front] cam: yaw=0.0 pitch=0.0 dist=3.4 mode=FirstPerson cycle_us=2821 update_us=44 render_us=2777
[2026-08-17T11:42:50Z INFO  steel_front::engine::renderer] visible=65536/65536 near=65536 far=0 fps=367.5 frame_us=2430 cull_us=1 terrain_us=0 wait_fence_us=1760 acquire_us=1 record_us=65 submit_us=72 present_us=272 terrain_lod=high blend=0.000 quality=中画质 marker=84 npc=56
[2026-08-17T11:42:50Z INFO  steel_front::engine::game] ai: npcs=8 near=8 far=0 idle=0 patrol=0 chase=0 attack=8 tactics=[8, 0, 0, 0, 0, 0, 0, 0]
[2026-08-17T11:42:50Z INFO  steel_front::engine::game] game: wave=1 enemies=8 enemy_hp=100 hp=100/100 score=0 phys_us=2 ai_us=453 audio_us=22 net_us=0
[2026-08-17T11:42:50Z INFO  steel_front] cam: yaw=0.0 pitch=0.0 dist=3.4 mode=FirstPerson cycle_us=2862 update_us=35 render_us=2827
[2026-08-17T11:42:51Z INFO  steel_front::engine::renderer] visible=65536/65536 near=65536 far=0 fps=364.6 frame_us=2321 cull_us=0 terrain_us=0 wait_fence_us=1784 acquire_us=1 record_us=55 submit_us=43 present_us=242 terrain_lod=high blend=0.000 quality=中画质 marker=84 npc=56
[2026-08-17T11:42:51Z INFO  steel_front::engine::game] ai: npcs=8 near=8 far=0 idle=0 patrol=0 chase=0 attack=8 tactics=[8, 0, 0, 0, 0, 0, 0, 0]
[2026-08-17T11:42:51Z INFO  steel_front::engine::game] game: wave=1 enemies=8 enemy_hp=100 hp=100/100 score=0 phys_us=4 ai_us=504 audio_us=31 net_us=0
[2026-08-17T11:42:51Z INFO  steel_front] cam: yaw=0.0 pitch=0.0 dist=3.4 mode=FirstPerson cycle_us=2722 update_us=37 render_us=2685
[2026-08-17T11:42:52Z INFO  steel_front::engine::renderer] visible=65536/65536 near=65536 far=0 fps=365.3 frame_us=2150 cull_us=0 terrain_us=0 wait_fence_us=1927 acquire_us=1 record_us=50 submit_us=49 present_us=227 terrain_lod=high blend=0.000 quality=中画质 marker=82 npc=56
[2026-08-17T11:42:52Z INFO  steel_front::engine::game] ai: npcs=8 near=8 far=0 idle=0 patrol=0 chase=0 attack=8 tactics=[8, 0, 0, 0, 0, 0, 0, 0]
[2026-08-17T11:42:52Z INFO  steel_front::engine::game] game: wave=1 enemies=8 enemy_hp=100 hp=100/100 score=0 phys_us=1 ai_us=191 audio_us=17 net_us=0
[2026-08-17T11:42:52Z INFO  steel_front] cam: yaw=0.0 pitch=0.0 dist=3.4 mode=FirstPerson cycle_us=3195 update_us=48 render_us=3146
[2026-08-17T11:42:53Z INFO  steel_front::engine::renderer] visible=65536/65536 near=65536 far=0 fps=358.4 frame_us=2645 cull_us=3 terrain_us=0 wait_fence_us=1724 acquire_us=1 record_us=56 submit_us=52 present_us=227 terrain_lod=high blend=0.000 quality=中画质 marker=84 npc=56
[2026-08-17T11:42:53Z INFO  steel_front::engine::game] ai: npcs=8 near=8 far=0 idle=0 patrol=0 chase=0 attack=8 tactics=[8, 0, 0, 0, 0, 0, 0, 0]
[2026-08-17T11:42:53Z INFO  steel_front::engine::game] game: wave=1 enemies=8 enemy_hp=100 hp=100/100 score=0 phys_us=2 ai_us=534 audio_us=29 net_us=0
[2026-08-17T11:42:53Z INFO  steel_front] cam: yaw=0.0 pitch=0.0 dist=3.4 mode=FirstPerson cycle_us=2392 update_us=43 render_us=2348
[2026-08-17T11:42:54Z INFO  steel_front] size diag: window_inner=2560x1600 hud=2560x1600
[2026-08-17T11:42:54Z INFO  steel_front] size diag: window_inner=2560x1600 hud=2560x1600
[2026-08-17T11:42:54Z INFO  steel_front] size diag: window_inner=2560x1600 hud=2560x1600
[2026-08-17T11:42:54Z INFO  steel_front] size diag: window_inner=2560x1600 hud=2560x1600
[2026-08-17T11:42:54Z INFO  steel_front] size diag: window_inner=2560x1600 hud=2560x1600
[2026-08-17T11:42:54Z INFO  steel_front] size diag: window_inner=2560x1600 hud=2560x1600
[2026-08-17T11:42:54Z INFO  steel_front] size diag: window_inner=2560x1600 hud=2560x1600
[2026-08-17T11:42:54Z INFO  steel_front] size diag: window_inner=2560x1600 hud=2560x1600
[2026-08-17T11:42:54Z INFO  steel_front] size diag: window_inner=2560x1600 hud=2560x1600
[2026-08-17T11:42:54Z INFO  steel_front] size diag: window_inner=2560x1600 hud=2560x1600
[2026-08-17T11:42:54Z INFO  steel_front::engine::renderer] visible=65536/65536 near=65536 far=0 fps=365.9 frame_us=2349 cull_us=1 terrain_us=0 wait_fence_us=1524 acquire_us=1 record_us=40 submit_us=39 present_us=258 terrain_lod=high blend=0.000 quality=中画质 marker=84 npc=56
[2026-08-17T11:42:54Z INFO  steel_front] size diag: window_inner=2560x1600 hud=2560x1600
[2026-08-17T11:42:54Z INFO  steel_front] size diag: window_inner=2560x1600 hud=2560x1600
[2026-08-17T11:42:54Z INFO  steel_front] size diag: window_inner=2560x1600 hud=2560x1600
[2026-08-17T11:42:54Z INFO  steel_front] size diag: window_inner=2560x1600 hud=2560x1600
[2026-08-17T11:42:54Z INFO  steel_front] size diag: window_inner=2560x1600 hud=2560x1600
[2026-08-17T11:42:54Z INFO  steel_front] size diag: window_inner=2560x1600 hud=2560x1600
[2026-08-17T11:42:54Z INFO  steel_front] size diag: window_inner=2560x1600 hud=2560x1600
[2026-08-17T11:42:54Z INFO  steel_front] size diag: window_inner=2560x1600 hud=2560x1600
[2026-08-17T11:42:54Z INFO  steel_front::engine::game] ai: npcs=8 near=8 far=0 idle=0 patrol=0 chase=0 attack=8 tactics=[8, 0, 0, 0, 0, 0, 0, 0]
[2026-08-17T11:42:54Z INFO  steel_front::engine::game] game: wave=1 enemies=8 enemy_hp=100 hp=100/100 score=0 phys_us=2 ai_us=599 audio_us=21 net_us=0
[2026-08-17T11:42:54Z INFO  steel_front] cam: yaw=0.0 pitch=0.0 dist=3.4 mode=FirstPerson cycle_us=3343 update_us=19 render_us=3323
[2026-08-17T11:42:55Z INFO  steel_front::engine::renderer] visible=65536/65536 near=65536 far=0 fps=363.4 frame_us=2204 cull_us=0 terrain_us=0 wait_fence_us=2057 acquire_us=1 record_us=38 submit_us=32 present_us=220 terrain_lod=high blend=0.000 quality=中画质 marker=84 npc=56
[2026-08-17T11:42:55Z INFO  steel_front::engine::game] ai: npcs=8 near=8 far=0 idle=0 patrol=0 chase=0 attack=8 tactics=[8, 0, 0, 0, 0, 0, 0, 0]
[2026-08-17T11:42:55Z INFO  steel_front::engine::game] game: wave=1 enemies=8 enemy_hp=100 hp=100/100 score=0 phys_us=2 ai_us=638 audio_us=33 net_us=0
[2026-08-17T11:42:55Z INFO  steel_front] cam: yaw=0.0 pitch=0.0 dist=3.4 mode=FirstPerson cycle_us=2640 update_us=40 render_us=2599
[2026-08-17T11:42:56Z INFO  steel_front::engine::renderer] visible=65536/65536 near=65536 far=0 fps=367.1 frame_us=3262 cull_us=1 terrain_us=0 wait_fence_us=1607 acquire_us=1 record_us=41 submit_us=38 present_us=621 terrain_lod=high blend=0.000 quality=中画质 marker=84 npc=56
[2026-08-17T11:42:56Z INFO  steel_front::engine::game] ai: npcs=8 near=8 far=0 idle=0 patrol=0 chase=0 attack=8 tactics=[8, 0, 0, 0, 0, 0, 0, 0]
[2026-08-17T11:42:56Z INFO  steel_front::engine::game] game: wave=1 enemies=8 enemy_hp=100 hp=100/100 score=0 phys_us=2 ai_us=501 audio_us=13 net_us=0
[2026-08-17T11:42:56Z INFO  steel_front] cam: yaw=0.0 pitch=0.0 dist=3.4 mode=FirstPerson cycle_us=2938 update_us=23 render_us=2915
[2026-08-17T11:42:57Z INFO  steel_front::engine::renderer] visible=65536/65536 near=65536 far=0 fps=368.7 frame_us=2024 cull_us=0 terrain_us=0 wait_fence_us=1827 acquire_us=1 record_us=37 submit_us=31 present_us=202 terrain_lod=high blend=0.000 quality=中画质 marker=84 npc=56
[2026-08-17T11:42:57Z INFO  steel_front::engine::game] ai: npcs=8 near=8 far=0 idle=0 patrol=0 chase=0 attack=8 tactics=[8, 0, 0, 0, 0, 0, 0, 0]
[2026-08-17T11:42:57Z INFO  steel_front::engine::game] game: wave=1 enemies=8 enemy_hp=100 hp=100/100 score=0 phys_us=2 ai_us=566 audio_us=24 net_us=0
[2026-08-17T11:42:57Z INFO  steel_front] cam: yaw=0.0 pitch=0.0 dist=3.4 mode=FirstPerson cycle_us=2211 update_us=83 render_us=2128
[2026-08-17T11:42:58Z INFO  steel_front::engine::renderer] visible=65536/65536 near=65536 far=0 fps=366.2 frame_us=1969 cull_us=0 terrain_us=0 wait_fence_us=2359 acquire_us=1 record_us=22 submit_us=21 present_us=145 terrain_lod=high blend=0.000 quality=中画质 marker=84 npc=56
[2026-08-17T11:42:58Z INFO  steel_front::engine::game] ai: npcs=8 near=8 far=0 idle=0 patrol=0 chase=0 attack=8 tactics=[8, 0, 0, 0, 0, 0, 0, 0]
[2026-08-17T11:42:58Z INFO  steel_front::engine::game] game: wave=1 enemies=8 enemy_hp=100 hp=100/100 score=0 phys_us=1 ai_us=516 audio_us=29 net_us=0
[2026-08-17T11:42:58Z INFO  steel_front] cam: yaw=0.0 pitch=0.0 dist=3.4 mode=FirstPerson cycle_us=2645 update_us=35 render_us=2609
[2026-08-17T11:42:59Z INFO  steel_front] size diag: window_inner=2560x1600 hud=2560x1600
[2026-08-17T11:42:59Z INFO  steel_front] size diag: window_inner=2560x1600 hud=2560x1600
[2026-08-17T11:42:59Z INFO  steel_front] size diag: window_inner=2560x1600 hud=2560x1600
[2026-08-17T11:42:59Z INFO  steel_front] size diag: window_inner=2560x1600 hud=2560x1600
[2026-08-17T11:42:59Z INFO  steel_front] size diag: window_inner=2560x1600 hud=2560x1600
[2026-08-17T11:42:59Z INFO  steel_front] size diag: window_inner=2560x1600 hud=2560x1600
[2026-08-17T11:42:59Z INFO  steel_front] size diag: window_inner=2560x1600 hud=2560x1600
[2026-08-17T11:42:59Z INFO  steel_front] size diag: window_inner=2560x1600 hud=2560x1600
[2026-08-17T11:42:59Z INFO  steel_front] size diag: window_inner=2560x1600 hud=2560x1600
[2026-08-17T11:42:59Z INFO  steel_front] size diag: window_inner=2560x1600 hud=2560x1600
[2026-08-17T11:42:59Z INFO  steel_front] size diag: window_inner=2560x1600 hud=2560x1600
[2026-08-17T11:42:59Z INFO  steel_front] size diag: window_inner=2560x1600 hud=2560x1600
[2026-08-17T11:42:59Z INFO  steel_front] size diag: window_inner=2560x1600 hud=2560x1600
[2026-08-17T11:42:59Z INFO  steel_front] size diag: window_inner=2560x1600 hud=2560x1600
[2026-08-17T11:42:59Z INFO  steel_front::engine::renderer] visible=65536/65536 near=65536 far=0 fps=366.8 frame_us=2181 cull_us=0 terrain_us=0 wait_fence_us=1751 acquire_us=1 record_us=50 submit_us=50 present_us=216 terrain_lod=high blend=0.000 quality=中画质 marker=84 npc=56
[2026-08-17T11:42:59Z INFO  steel_front] size diag: window_inner=2560x1600 hud=2560x1600
[2026-08-17T11:42:59Z INFO  steel_front] size diag: window_inner=2560x1600 hud=2560x1600
[2026-08-17T11:42:59Z INFO  steel_front] size diag: window_inner=2560x1600 hud=2560x1600
[2026-08-17T11:42:59Z INFO  steel_front] size diag: window_inner=2560x1600 hud=2560x1600
[2026-08-17T11:42:59Z INFO  steel_front::engine::game] ai: npcs=8 near=8 far=0 idle=0 patrol=0 chase=0 attack=8 tactics=[8, 0, 0, 0, 0, 0, 0, 0]
[2026-08-17T11:42:59Z INFO  steel_front::engine::game] game: wave=1 enemies=8 enemy_hp=100 hp=100/100 score=0 phys_us=2 ai_us=476 audio_us=22 net_us=0
[2026-08-17T11:42:59Z INFO  steel_front] cam: yaw=0.0 pitch=0.0 dist=3.4 mode=FirstPerson cycle_us=2431 update_us=40 render_us=2390
[2026-08-17T11:43:00Z INFO  steel_front::engine::renderer] visible=65536/65536 near=65536 far=0 fps=367.2 frame_us=2252 cull_us=0 terrain_us=0 wait_fence_us=2181 acquire_us=0 record_us=58 submit_us=45 present_us=233 terrain_lod=high blend=0.000 quality=中画质 marker=84 npc=56
[2026-08-17T11:43:00Z INFO  steel_front::engine::game] ai: npcs=8 near=8 far=0 idle=0 patrol=0 chase=0 attack=8 tactics=[8, 0, 0, 0, 0, 0, 0, 0]
[2026-08-17T11:43:00Z INFO  steel_front::engine::game] game: wave=1 enemies=8 enemy_hp=100 hp=100/100 score=0 phys_us=2 ai_us=527 audio_us=66 net_us=0
[2026-08-17T11:43:00Z INFO  steel_front] cam: yaw=0.0 pitch=0.0 dist=3.4 mode=FirstPerson cycle_us=2662 update_us=72 render_us=2590
[2026-08-17T11:43:01Z INFO  steel_front::engine::renderer] visible=65536/65536 near=65536 far=0 fps=368.0 frame_us=2082 cull_us=0 terrain_us=0 wait_fence_us=2269 acquire_us=1 record_us=41 submit_us=34 present_us=219 terrain_lod=high blend=0.000 quality=中画质 marker=84 npc=56
[2026-08-17T11:43:01Z INFO  steel_front::engine::game] ai: npcs=8 near=8 far=0 idle=0 patrol=0 chase=0 attack=8 tactics=[8, 0, 0, 0, 0, 0, 0, 0]
[2026-08-17T11:43:01Z INFO  steel_front::engine::game] game: wave=1 enemies=8 enemy_hp=100 hp=100/100 score=0 phys_us=2 ai_us=580 audio_us=32 net_us=0
[2026-08-17T11:43:01Z INFO  steel_front] cam: yaw=0.0 pitch=0.0 dist=3.4 mode=FirstPerson cycle_us=3187 update_us=20 render_us=3166
[2026-08-17T11:43:02Z INFO  steel_front::engine::renderer] visible=65536/65536 near=65536 far=0 fps=365.8 frame_us=2353 cull_us=1 terrain_us=0 wait_fence_us=1756 acquire_us=1 record_us=45 submit_us=35 present_us=218 terrain_lod=high blend=0.000 quality=中画质 marker=84 npc=56
[2026-08-17T11:43:02Z INFO  steel_front::engine::game] ai: npcs=8 near=8 far=0 idle=0 patrol=0 chase=0 attack=8 tactics=[8, 0, 0, 0, 0, 0, 0, 0]
[2026-08-17T11:43:02Z INFO  steel_front::engine::game] game: wave=1 enemies=8 enemy_hp=100 hp=100/100 score=0 phys_us=1 ai_us=444 audio_us=15 net_us=0
[2026-08-17T11:43:03Z INFO  steel_front] cam: yaw=0.0 pitch=0.0 dist=3.4 mode=FirstPerson cycle_us=2700 update_us=35 render_us=2665
[2026-08-17T11:43:03Z INFO  steel_front::engine::renderer] visible=65536/65536 near=65536 far=0 fps=366.1 frame_us=2170 cull_us=0 terrain_us=0 wait_fence_us=2027 acquire_us=0 record_us=42 submit_us=32 present_us=208 terrain_lod=high blend=0.000 quality=中画质 marker=84 npc=56
[2026-08-17T11:43:03Z INFO  steel_front::engine::game] ai: npcs=8 near=8 far=0 idle=0 patrol=0 chase=0 attack=8 tactics=[8, 0, 0, 0, 0, 0, 0, 0]
[2026-08-17T11:43:03Z INFO  steel_front::engine::game] game: wave=1 enemies=8 enemy_hp=100 hp=100/100 score=0 phys_us=2 ai_us=561 audio_us=29 net_us=0
[2026-08-17T11:43:04Z INFO  steel_front] cam: yaw=0.0 pitch=0.0 dist=3.4 mode=FirstPerson cycle_us=2562 update_us=38 render_us=2524
[2026-08-17T11:43:04Z INFO  steel_front] size diag: window_inner=2560x1600 hud=2560x1600
[2026-08-17T11:43:04Z INFO  steel_front] size diag: window_inner=2560x1600 hud=2560x1600
[2026-08-17T11:43:04Z INFO  steel_front] size diag: window_inner=2560x1600 hud=2560x1600
[2026-08-17T11:43:04Z INFO  steel_front] size diag: window_inner=2560x1600 hud=2560x1600
[2026-08-17T11:43:04Z INFO  steel_front] size diag: window_inner=2560x1600 hud=2560x1600
[2026-08-17T11:43:04Z INFO  steel_front] size diag: window_inner=2560x1600 hud=2560x1600
[2026-08-17T11:43:04Z INFO  steel_front] size diag: window_inner=2560x1600 hud=2560x1600
[2026-08-17T11:43:04Z INFO  steel_front] size diag: window_inner=2560x1600 hud=2560x1600
[2026-08-17T11:43:04Z INFO  steel_front] size diag: window_inner=2560x1600 hud=2560x1600
[2026-08-17T11:43:04Z INFO  steel_front] size diag: window_inner=2560x1600 hud=2560x1600
[2026-08-17T11:43:04Z INFO  steel_front] size diag: window_inner=2560x1600 hud=2560x1600
[2026-08-17T11:43:04Z INFO  steel_front] size diag: window_inner=2560x1600 hud=2560x1600
[2026-08-17T11:43:04Z INFO  steel_front] size diag: window_inner=2560x1600 hud=2560x1600
[2026-08-17T11:43:04Z INFO  steel_front] size diag: window_inner=2560x1600 hud=2560x1600
[2026-08-17T11:43:04Z INFO  steel_front] size diag: window_inner=2560x1600 hud=2560x1600
[2026-08-17T11:43:04Z INFO  steel_front] size diag: window_inner=2560x1600 hud=2560x1600
[2026-08-17T11:43:04Z INFO  steel_front] size diag: window_inner=2560x1600 hud=2560x1600
[2026-08-17T11:43:04Z INFO  steel_front] size diag: window_inner=2560x1600 hud=2560x1600
[2026-08-17T11:43:04Z INFO  steel_front::engine::renderer] visible=65536/65536 near=65536 far=0 fps=367.6 frame_us=1804 cull_us=0 terrain_us=0 wait_fence_us=2162 acquire_us=1 record_us=43 submit_us=36 present_us=210 terrain_lod=high blend=0.000 quality=中画质 marker=84 npc=56
[2026-08-17T11:43:04Z INFO  steel_front::engine::game] ai: npcs=8 near=8 far=0 idle=0 patrol=0 chase=0 attack=8 tactics=[8, 0, 0, 0, 0, 0, 0, 0]
[2026-08-17T11:43:04Z INFO  steel_front::engine::game] game: wave=1 enemies=8 enemy_hp=100 hp=100/100 score=0 phys_us=2 ai_us=591 audio_us=12 net_us=0
[2026-08-17T11:43:05Z INFO  steel_front] cam: yaw=0.0 pitch=0.0 dist=3.4 mode=FirstPerson cycle_us=2912 update_us=44 render_us=2867
[2026-08-17T11:43:05Z INFO  steel_front::engine::renderer] visible=65536/65536 near=65536 far=0 fps=368.9 frame_us=2340 cull_us=0 terrain_us=0 wait_fence_us=2658 acquire_us=1 record_us=45 submit_us=39 present_us=255 terrain_lod=high blend=0.000 quality=中画质 marker=84 npc=56
[2026-08-17T11:43:05Z INFO  steel_front::engine::game] ai: npcs=8 near=8 far=0 idle=0 patrol=0 chase=0 attack=8 tactics=[8, 0, 0, 0, 0, 0, 0, 0]
[2026-08-17T11:43:05Z INFO  steel_front::engine::game] game: wave=1 enemies=8 enemy_hp=100 hp=100/100 score=0 phys_us=2 ai_us=646 audio_us=28 net_us=0
[2026-08-17T11:43:06Z INFO  steel_front] cam: yaw=0.0 pitch=0.0 dist=3.4 mode=FirstPerson cycle_us=3025 update_us=18 render_us=3006
[2026-08-17T11:43:06Z INFO  steel_front::engine::renderer] visible=65536/65536 near=65536 far=0 fps=367.5 frame_us=2169 cull_us=0 terrain_us=0 wait_fence_us=1950 acquire_us=1 record_us=60 submit_us=20 present_us=176 terrain_lod=high blend=0.000 quality=中画质 marker=84 npc=56
[2026-08-17T11:43:06Z INFO  steel_front::engine::game] ai: npcs=8 near=8 far=0 idle=0 patrol=0 chase=0 attack=8 tactics=[8, 0, 0, 0, 0, 0, 0, 0]
[2026-08-17T11:43:06Z INFO  steel_front::engine::game] game: wave=1 enemies=8 enemy_hp=100 hp=100/100 score=0 phys_us=2 ai_us=642 audio_us=26 net_us=0
[2026-08-17T11:43:07Z INFO  steel_front] cam: yaw=0.0 pitch=0.0 dist=3.4 mode=FirstPerson cycle_us=2342 update_us=41 render_us=2301
[2026-08-17T11:43:07Z INFO  steel_front::engine::renderer] visible=65536/65536 near=65536 far=0 fps=368.0 frame_us=3539 cull_us=0 terrain_us=0 wait_fence_us=1390 acquire_us=1 record_us=205 submit_us=100 present_us=410 terrain_lod=high blend=0.000 quality=中画质 marker=84 npc=56
[2026-08-17T11:43:07Z INFO  steel_front::engine::game] ai: npcs=8 near=8 far=0 idle=0 patrol=0 chase=0 attack=8 tactics=[8, 0, 0, 0, 0, 0, 0, 0]
[2026-08-17T11:43:07Z INFO  steel_front::engine::game] game: wave=1 enemies=8 enemy_hp=100 hp=100/100 score=0 phys_us=2 ai_us=690 audio_us=17 net_us=0
[2026-08-17T11:43:08Z INFO  steel_front] cam: yaw=0.0 pitch=0.0 dist=3.4 mode=FirstPerson cycle_us=2837 update_us=38 render_us=2798
[2026-08-17T11:43:08Z INFO  steel_front::engine::renderer] visible=65536/65536 near=65536 far=0 fps=368.4 frame_us=2146 cull_us=0 terrain_us=0 wait_fence_us=2088 acquire_us=1 record_us=36 submit_us=31 present_us=297 terrain_lod=high blend=0.000 quality=中画质 marker=84 npc=56
[2026-08-17T11:43:08Z INFO  steel_front::engine::game] ai: npcs=8 near=8 far=0 idle=0 patrol=0 chase=0 attack=8 tactics=[8, 0, 0, 0, 0, 0, 0, 0]
[2026-08-17T11:43:08Z INFO  steel_front::engine::game] game: wave=1 enemies=8 enemy_hp=100 hp=100/100 score=0 phys_us=2 ai_us=455 audio_us=30 net_us=0
[2026-08-17T11:43:09Z INFO  steel_front] cam: yaw=0.0 pitch=0.0 dist=3.4 mode=FirstPerson cycle_us=2690 update_us=41 render_us=2648
[2026-08-17T11:43:09Z INFO  steel_front] size diag: window_inner=2560x1600 hud=2560x1600
[2026-08-17T11:43:09Z INFO  steel_front] size diag: window_inner=2560x1600 hud=2560x1600
[2026-08-17T11:43:09Z INFO  steel_front] size diag: window_inner=2560x1600 hud=2560x1600
[2026-08-17T11:43:09Z INFO  steel_front] size diag: window_inner=2560x1600 hud=2560x1600
[2026-08-17T11:43:09Z INFO  steel_front] size diag: window_inner=2560x1600 hud=2560x1600
[2026-08-17T11:43:09Z INFO  steel_front] size diag: window_inner=2560x1600 hud=2560x1600
[2026-08-17T11:43:09Z INFO  steel_front] size diag: window_inner=2560x1600 hud=2560x1600
[2026-08-17T11:43:09Z INFO  steel_front] size diag: window_inner=2560x1600 hud=2560x1600
[2026-08-17T11:43:09Z INFO  steel_front] size diag: window_inner=2560x1600 hud=2560x1600
[2026-08-17T11:43:09Z INFO  steel_front] size diag: window_inner=2560x1600 hud=2560x1600
[2026-08-17T11:43:09Z INFO  steel_front] size diag: window_inner=2560x1600 hud=2560x1600
[2026-08-17T11:43:09Z INFO  steel_front] size diag: window_inner=2560x1600 hud=2560x1600
[2026-08-17T11:43:09Z INFO  steel_front] size diag: window_inner=2560x1600 hud=2560x1600
[2026-08-17T11:43:09Z INFO  steel_front] size diag: window_inner=2560x1600 hud=2560x1600
[2026-08-17T11:43:09Z INFO  steel_front] size diag: window_inner=2560x1600 hud=2560x1600
[2026-08-17T11:43:09Z INFO  steel_front] size diag: window_inner=2560x1600 hud=2560x1600
[2026-08-17T11:43:09Z INFO  steel_front] size diag: window_inner=2560x1600 hud=2560x1600
[2026-08-17T11:43:09Z INFO  steel_front] size diag: window_inner=2560x1600 hud=2560x1600
[2026-08-17T11:43:09Z INFO  steel_front] size diag: window_inner=2560x1600 hud=2560x1600
[2026-08-17T11:43:09Z INFO  steel_front::engine::renderer] visible=65536/65536 near=65536 far=0 fps=366.9 frame_us=2050 cull_us=0 terrain_us=0 wait_fence_us=2117 acquire_us=0 record_us=44 submit_us=31 present_us=259 terrain_lod=high blend=0.000 quality=中画质 marker=84 npc=56
[2026-08-17T11:43:09Z INFO  steel_front::engine::game] ai: npcs=8 near=8 far=0 idle=0 patrol=0 chase=0 attack=8 tactics=[8, 0, 0, 0, 0, 0, 0, 0]
[2026-08-17T11:43:09Z INFO  steel_front::engine::game] game: wave=1 enemies=8 enemy_hp=100 hp=100/100 score=0 phys_us=1 ai_us=413 audio_us=31 net_us=0
[2026-08-17T11:43:10Z INFO  steel_front] cam: yaw=0.0 pitch=0.0 dist=3.4 mode=FirstPerson cycle_us=2396 update_us=36 render_us=2358
[2026-08-17T11:43:10Z INFO  steel_front::engine::renderer] visible=65536/65536 near=65536 far=0 fps=367.4 frame_us=2626 cull_us=0 terrain_us=0 wait_fence_us=1811 acquire_us=0 record_us=36 submit_us=31 present_us=205 terrain_lod=high blend=0.000 quality=中画质 marker=84 npc=56
[2026-08-17T11:43:10Z INFO  steel_front::engine::game] ai: npcs=8 near=8 far=0 idle=0 patrol=0 chase=0 attack=8 tactics=[8, 0, 0, 0, 0, 0, 0, 0]
[2026-08-17T11:43:10Z INFO  steel_front::engine::game] game: wave=1 enemies=8 enemy_hp=100 hp=100/100 score=0 phys_us=2 ai_us=629 audio_us=33 net_us=0
[2026-08-17T11:43:11Z INFO  steel_front] cam: yaw=0.0 pitch=0.0 dist=3.4 mode=FirstPerson cycle_us=3037 update_us=20 render_us=3016
[2026-08-17T11:43:11Z INFO  steel_front::engine::renderer] visible=65536/65536 near=65536 far=0 fps=366.6 frame_us=2284 cull_us=0 terrain_us=0 wait_fence_us=1719 acquire_us=1 record_us=36 submit_us=48 present_us=274 terrain_lod=high blend=0.000 quality=中画质 marker=84 npc=56
[2026-08-17T11:43:11Z INFO  steel_front::engine::game] ai: npcs=8 near=8 far=0 idle=0 patrol=0 chase=0 attack=8 tactics=[8, 0, 0, 0, 0, 0, 0, 0]
[2026-08-17T11:43:11Z INFO  steel_front::engine::game] game: wave=1 enemies=8 enemy_hp=100 hp=100/100 score=0 phys_us=3 ai_us=518 audio_us=28 net_us=0
[2026-08-17T11:43:12Z INFO  steel_front] cam: yaw=0.0 pitch=0.0 dist=3.4 mode=FirstPerson cycle_us=3313 update_us=19 render_us=3293
[2026-08-17T11:43:12Z INFO  steel_front::engine::renderer] visible=65536/65536 near=65536 far=0 fps=363.1 frame_us=2062 cull_us=1 terrain_us=0 wait_fence_us=2172 acquire_us=1 record_us=20 submit_us=19 present_us=275 terrain_lod=high blend=0.000 quality=中画质 marker=84 npc=56
[2026-08-17T11:43:12Z INFO  steel_front::engine::game] ai: npcs=8 near=8 far=0 idle=0 patrol=0 chase=0 attack=8 tactics=[8, 0, 0, 0, 0, 0, 0, 0]
[2026-08-17T11:43:12Z INFO  steel_front::engine::game] game: wave=1 enemies=8 enemy_hp=100 hp=100/100 score=0 phys_us=2 ai_us=578 audio_us=15 net_us=0
[2026-08-17T11:43:13Z INFO  steel_front] cam: yaw=0.0 pitch=0.0 dist=3.4 mode=FirstPerson cycle_us=2466 update_us=35 render_us=2430
[2026-08-17T11:43:13Z INFO  steel_front::engine::renderer] visible=65536/65536 near=65536 far=0 fps=365.4 frame_us=2887 cull_us=0 terrain_us=0 wait_fence_us=1582 acquire_us=0 record_us=28 submit_us=63 present_us=626 terrain_lod=high blend=0.000 quality=中画质 marker=84 npc=56
[2026-08-17T11:43:13Z INFO  steel_front::engine::game] ai: npcs=8 near=8 far=0 idle=0 patrol=0 chase=0 attack=8 tactics=[8, 0, 0, 0, 0, 0, 0, 0]
[2026-08-17T11:43:13Z INFO  steel_front::engine::game] game: wave=1 enemies=8 enemy_hp=100 hp=100/100 score=0 phys_us=1 ai_us=607 audio_us=23 net_us=0
[2026-08-17T11:43:14Z INFO  steel_front] cam: yaw=0.0 pitch=0.0 dist=3.4 mode=FirstPerson cycle_us=2829 update_us=45 render_us=2783
[2026-08-17T11:43:14Z INFO  steel_front] size diag: window_inner=2560x1600 hud=2560x1600
[2026-08-17T11:43:14Z INFO  steel_front] size diag: window_inner=2560x1600 hud=2560x1600
[2026-08-17T11:43:14Z INFO  steel_front] size diag: window_inner=2560x1600 hud=2560x1600
[2026-08-17T11:43:14Z INFO  steel_front] size diag: window_inner=2560x1600 hud=2560x1600
[2026-08-17T11:43:14Z INFO  steel_front] size diag: window_inner=2560x1600 hud=2560x1600
[2026-08-17T11:43:14Z INFO  steel_front] size diag: window_inner=2560x1600 hud=2560x1600
[2026-08-17T11:43:14Z INFO  steel_front] size diag: window_inner=2560x1600 hud=2560x1600
[2026-08-17T11:43:14Z INFO  steel_front] size diag: window_inner=2560x1600 hud=2560x1600
[2026-08-17T11:43:14Z INFO  steel_front] size diag: window_inner=2560x1600 hud=2560x1600
[2026-08-17T11:43:14Z INFO  steel_front] size diag: window_inner=2560x1600 hud=2560x1600
[2026-08-17T11:43:14Z INFO  steel_front] size diag: window_inner=2560x1600 hud=2560x1600
[2026-08-17T11:43:14Z INFO  steel_front] size diag: window_inner=2560x1600 hud=2560x1600
[2026-08-17T11:43:14Z INFO  steel_front] size diag: window_inner=2560x1600 hud=2560x1600
[2026-08-17T11:43:14Z INFO  steel_front] size diag: window_inner=2560x1600 hud=2560x1600
[2026-08-17T11:43:14Z INFO  steel_front] size diag: window_inner=2560x1600 hud=2560x1600
[2026-08-17T11:43:14Z INFO  steel_front] size diag: window_inner=2560x1600 hud=2560x1600
[2026-08-17T11:43:14Z INFO  steel_front] size diag: window_inner=2560x1600 hud=2560x1600
[2026-08-17T11:43:14Z INFO  steel_front] size diag: window_inner=2560x1600 hud=2560x1600
[2026-08-17T11:43:14Z INFO  steel_front] size diag: window_inner=2560x1600 hud=2560x1600
[2026-08-17T11:43:14Z INFO  steel_front::engine::renderer] visible=65536/65536 near=65536 far=0 fps=370.1 frame_us=2295 cull_us=0 terrain_us=0 wait_fence_us=2104 acquire_us=1 record_us=37 submit_us=35 present_us=231 terrain_lod=high blend=0.000 quality=中画质 marker=84 npc=56
[2026-08-17T11:43:14Z INFO  steel_front::engine::game] ai: npcs=8 near=8 far=0 idle=0 patrol=0 chase=0 attack=8 tactics=[8, 0, 0, 0, 0, 0, 0, 0]
[2026-08-17T11:43:14Z INFO  steel_front::engine::game] game: wave=1 enemies=8 enemy_hp=100 hp=100/100 score=0 phys_us=2 ai_us=474 audio_us=25 net_us=0
[2026-08-17T11:43:15Z INFO  steel_front] cam: yaw=0.0 pitch=0.0 dist=3.4 mode=FirstPerson cycle_us=2926 update_us=21 render_us=2904
[2026-08-17T11:43:15Z INFO  steel_front::engine::renderer] visible=65536/65536 near=65536 far=0 fps=364.7 frame_us=2390 cull_us=0 terrain_us=0 wait_fence_us=2179 acquire_us=1 record_us=38 submit_us=34 present_us=307 terrain_lod=high blend=0.000 quality=中画质 marker=84 npc=56
[2026-08-17T11:43:15Z INFO  steel_front::engine::game] ai: npcs=8 near=8 far=0 idle=0 patrol=0 chase=0 attack=8 tactics=[8, 0, 0, 0, 0, 0, 0, 0]
[2026-08-17T11:43:15Z INFO  steel_front::engine::game] game: wave=1 enemies=8 enemy_hp=100 hp=100/100 score=0 phys_us=2 ai_us=703 audio_us=14 net_us=0
[2026-08-17T11:43:16Z INFO  steel_front] cam: yaw=0.0 pitch=0.0 dist=3.4 mode=FirstPerson cycle_us=2394 update_us=36 render_us=2358
[2026-08-17T11:43:16Z INFO  steel_front::engine::renderer] visible=65536/65536 near=65536 far=0 fps=367.4 frame_us=2590 cull_us=0 terrain_us=0 wait_fence_us=2158 acquire_us=1 record_us=45 submit_us=153 present_us=239 terrain_lod=high blend=0.000 quality=中画质 marker=84 npc=56
[2026-08-17T11:43:16Z INFO  steel_front::engine::game] ai: npcs=8 near=8 far=0 idle=0 patrol=0 chase=0 attack=8 tactics=[8, 0, 0, 0, 0, 0, 0, 0]
[2026-08-17T11:43:16Z INFO  steel_front::engine::game] game: wave=1 enemies=8 enemy_hp=100 hp=100/100 score=0 phys_us=2 ai_us=438 audio_us=26 net_us=0
[2026-08-17T11:43:17Z INFO  steel_front] cam: yaw=0.0 pitch=0.0 dist=3.4 mode=FirstPerson cycle_us=3281 update_us=43 render_us=3238
[2026-08-17T11:43:17Z INFO  steel_front::engine::renderer] visible=65536/65536 near=65536 far=0 fps=367.3 frame_us=2277 cull_us=0 terrain_us=0 wait_fence_us=2067 acquire_us=1 record_us=53 submit_us=66 present_us=227 terrain_lod=high blend=0.000 quality=中画质 marker=84 npc=56
[2026-08-17T11:43:17Z INFO  steel_front::engine::game] ai: npcs=8 near=8 far=0 idle=0 patrol=0 chase=0 attack=8 tactics=[8, 0, 0, 0, 0, 0, 0, 0]
[2026-08-17T11:43:17Z INFO  steel_front::engine::game] game: wave=1 enemies=8 enemy_hp=100 hp=100/100 score=0 phys_us=1 ai_us=509 audio_us=15 net_us=0
[2026-08-17T11:43:18Z INFO  steel_front] cam: yaw=0.0 pitch=0.0 dist=3.4 mode=FirstPerson cycle_us=2761 update_us=35 render_us=2725
[2026-08-17T11:43:18Z INFO  steel_front::engine::renderer] visible=65536/65536 near=65536 far=0 fps=367.0 frame_us=2115 cull_us=1 terrain_us=0 wait_fence_us=2273 acquire_us=1 record_us=59 submit_us=45 present_us=176 terrain_lod=high blend=0.000 quality=中画质 marker=84 npc=56
[2026-08-17T11:43:18Z INFO  steel_front::engine::game] ai: npcs=8 near=8 far=0 idle=0 patrol=0 chase=0 attack=8 tactics=[8, 0, 0, 0, 0, 0, 0, 0]
[2026-08-17T11:43:18Z INFO  steel_front::engine::game] game: wave=1 enemies=8 enemy_hp=100 hp=100/100 score=0 phys_us=2 ai_us=613 audio_us=15 net_us=0
[2026-08-17T11:43:19Z INFO  steel_front] cam: yaw=0.0 pitch=0.0 dist=3.4 mode=FirstPerson cycle_us=2609 update_us=25 render_us=2584
[2026-08-17T11:43:19Z INFO  steel_front] size diag: window_inner=2560x1600 hud=2560x1600
[2026-08-17T11:43:19Z INFO  steel_front] size diag: window_inner=2560x1600 hud=2560x1600
[2026-08-17T11:43:19Z INFO  steel_front] size diag: window_inner=2560x1600 hud=2560x1600
[2026-08-17T11:43:19Z INFO  steel_front] size diag: window_inner=2560x1600 hud=2560x1600
[2026-08-17T11:43:19Z INFO  steel_front] size diag: window_inner=2560x1600 hud=2560x1600
[2026-08-17T11:43:19Z INFO  steel_front] size diag: window_inner=2560x1600 hud=2560x1600
[2026-08-17T11:43:19Z INFO  steel_front] size diag: window_inner=2560x1600 hud=2560x1600
[2026-08-17T11:43:19Z INFO  steel_front] size diag: window_inner=2560x1600 hud=2560x1600
[2026-08-17T11:43:19Z INFO  steel_front] size diag: window_inner=2560x1600 hud=2560x1600
[2026-08-17T11:43:19Z INFO  steel_front] size diag: window_inner=2560x1600 hud=2560x1600
[2026-08-17T11:43:19Z INFO  steel_front] size diag: window_inner=2560x1600 hud=2560x1600
[2026-08-17T11:43:19Z INFO  steel_front] size diag: window_inner=2560x1600 hud=2560x1600
[2026-08-17T11:43:19Z INFO  steel_front] size diag: window_inner=2560x1600 hud=2560x1600
[2026-08-17T11:43:19Z INFO  steel_front] size diag: window_inner=2560x1600 hud=2560x1600
[2026-08-17T11:43:19Z INFO  steel_front] size diag: window_inner=2560x1600 hud=2560x1600
[2026-08-17T11:43:19Z INFO  steel_front] size diag: window_inner=2560x1600 hud=2560x1600
[2026-08-17T11:43:19Z INFO  steel_front] size diag: window_inner=2560x1600 hud=2560x1600
[2026-08-17T11:43:19Z INFO  steel_front] size diag: window_inner=2560x1600 hud=2560x1600
[2026-08-17T11:43:19Z INFO  steel_front] size diag: window_inner=2560x1600 hud=2560x1600
[2026-08-17T11:43:19Z INFO  steel_front::engine::renderer] visible=65536/65536 near=65536 far=0 fps=368.4 frame_us=2225 cull_us=0 terrain_us=0 wait_fence_us=1928 acquire_us=1 record_us=54 submit_us=46 present_us=377 terrain_lod=high blend=0.000 quality=中画质 marker=84 npc=56
[2026-08-17T11:43:19Z INFO  steel_front::engine::game] ai: npcs=8 near=8 far=0 idle=0 patrol=0 chase=0 attack=8 tactics=[8, 0, 0, 0, 0, 0, 0, 0]
[2026-08-17T11:43:19Z INFO  steel_front::engine::game] game: wave=1 enemies=8 enemy_hp=100 hp=100/100 score=0 phys_us=2 ai_us=242 audio_us=12 net_us=0
[2026-08-17T11:43:20Z INFO  steel_front] cam: yaw=0.0 pitch=0.0 dist=3.4 mode=FirstPerson cycle_us=2821 update_us=33 render_us=2787
[2026-08-17T11:43:20Z INFO  steel_front::engine::renderer] visible=65536/65536 near=65536 far=0 fps=366.5 frame_us=2486 cull_us=0 terrain_us=0 wait_fence_us=1946 acquire_us=1 record_us=52 submit_us=64 present_us=213 terrain_lod=high blend=0.000 quality=中画质 marker=84 npc=56
[2026-08-17T11:43:20Z INFO  steel_front::engine::game] ai: npcs=8 near=8 far=0 idle=0 patrol=0 chase=0 attack=8 tactics=[8, 0, 0, 0, 0, 0, 0, 0]
[2026-08-17T11:43:20Z INFO  steel_front::engine::game] game: wave=1 enemies=8 enemy_hp=100 hp=100/100 score=0 phys_us=1 ai_us=386 audio_us=25 net_us=0
[2026-08-17T11:43:21Z INFO  steel_front] cam: yaw=0.0 pitch=0.0 dist=3.4 mode=FirstPerson cycle_us=2911 update_us=68 render_us=2842
[2026-08-17T11:43:21Z INFO  steel_front::engine::renderer] visible=65536/65536 near=65536 far=0 fps=367.5 frame_us=2277 cull_us=0 terrain_us=0 wait_fence_us=1809 acquire_us=0 record_us=52 submit_us=48 present_us=212 terrain_lod=high blend=0.000 quality=中画质 marker=84 npc=56
[2026-08-17T11:43:21Z INFO  steel_front::engine::game] ai: npcs=8 near=8 far=0 idle=0 patrol=0 chase=0 attack=8 tactics=[8, 0, 0, 0, 0, 0, 0, 0]
[2026-08-17T11:43:21Z INFO  steel_front::engine::game] game: wave=1 enemies=8 enemy_hp=100 hp=100/100 score=0 phys_us=2 ai_us=659 audio_us=21 net_us=0
[2026-08-17T11:43:22Z INFO  steel_front] cam: yaw=0.0 pitch=0.0 dist=3.4 mode=FirstPerson cycle_us=2481 update_us=40 render_us=2441
[2026-08-17T11:43:22Z INFO  steel_front::engine::renderer] visible=65536/65536 near=65536 far=0 fps=366.7 frame_us=2300 cull_us=0 terrain_us=0 wait_fence_us=2074 acquire_us=1 record_us=52 submit_us=49 present_us=214 terrain_lod=high blend=0.000 quality=中画质 marker=84 npc=56
[2026-08-17T11:43:22Z INFO  steel_front::engine::game] ai: npcs=8 near=8 far=0 idle=0 patrol=0 chase=0 attack=8 tactics=[8, 0, 0, 0, 0, 0, 0, 0]
[2026-08-17T11:43:22Z INFO  steel_front::engine::game] game: wave=1 enemies=8 enemy_hp=100 hp=100/100 score=0 phys_us=2 ai_us=451 audio_us=27 net_us=0
[2026-08-17T11:43:23Z INFO  steel_front] cam: yaw=0.0 pitch=0.0 dist=3.4 mode=FirstPerson cycle_us=2441 update_us=40 render_us=2400
[2026-08-17T11:43:23Z INFO  steel_front::engine::renderer] visible=65536/65536 near=65536 far=0 fps=367.1 frame_us=2638 cull_us=0 terrain_us=0 wait_fence_us=1860 acquire_us=1 record_us=52 submit_us=63 present_us=213 terrain_lod=high blend=0.000 quality=中画质 marker=84 npc=56
[2026-08-17T11:43:23Z INFO  steel_front::engine::game] ai: npcs=8 near=8 far=0 idle=0 patrol=0 chase=0 attack=8 tactics=[8, 0, 0, 0, 0, 0, 0, 0]
[2026-08-17T11:43:23Z INFO  steel_front::engine::game] game: wave=1 enemies=8 enemy_hp=100 hp=100/100 score=0 phys_us=1 ai_us=543 audio_us=27 net_us=0
[2026-08-17T11:43:24Z INFO  steel_front] cam: yaw=0.0 pitch=0.0 dist=3.4 mode=FirstPerson cycle_us=2724 update_us=38 render_us=2685
[2026-08-17T11:43:24Z INFO  steel_front] size diag: window_inner=2560x1600 hud=2560x1600
[2026-08-17T11:43:24Z INFO  steel_front] size diag: window_inner=2560x1600 hud=2560x1600
[2026-08-17T11:43:24Z INFO  steel_front] size diag: window_inner=2560x1600 hud=2560x1600
[2026-08-17T11:43:24Z INFO  steel_front] size diag: window_inner=2560x1600 hud=2560x1600
[2026-08-17T11:43:24Z INFO  steel_front] size diag: window_inner=2560x1600 hud=2560x1600
[2026-08-17T11:43:24Z INFO  steel_front] size diag: window_inner=2560x1600 hud=2560x1600
[2026-08-17T11:43:24Z INFO  steel_front] size diag: window_inner=2560x1600 hud=2560x1600
[2026-08-17T11:43:24Z INFO  steel_front] size diag: window_inner=2560x1600 hud=2560x1600
[2026-08-17T11:43:24Z INFO  steel_front] size diag: window_inner=2560x1600 hud=2560x1600
[2026-08-17T11:43:24Z INFO  steel_front] size diag: window_inner=2560x1600 hud=2560x1600
[2026-08-17T11:43:24Z INFO  steel_front] size diag: window_inner=2560x1600 hud=2560x1600
[2026-08-17T11:43:24Z INFO  steel_front] size diag: window_inner=2560x1600 hud=2560x1600
[2026-08-17T11:43:24Z INFO  steel_front] size diag: window_inner=2560x1600 hud=2560x1600
[2026-08-17T11:43:24Z INFO  steel_front] size diag: window_inner=2560x1600 hud=2560x1600
[2026-08-17T11:43:24Z INFO  steel_front] size diag: window_inner=2560x1600 hud=2560x1600
[2026-08-17T11:43:24Z INFO  steel_front] size diag: window_inner=2560x1600 hud=2560x1600
[2026-08-17T11:43:24Z INFO  steel_front] size diag: window_inner=2560x1600 hud=2560x1600
[2026-08-17T11:43:24Z INFO  steel_front] size diag: window_inner=2560x1600 hud=2560x1600
[2026-08-17T11:43:24Z INFO  steel_front::engine::renderer] visible=65536/65536 near=65536 far=0 fps=368.4 frame_us=2367 cull_us=0 terrain_us=0 wait_fence_us=1932 acquire_us=1 record_us=54 submit_us=47 present_us=195 terrain_lod=high blend=0.000 quality=中画质 marker=84 npc=56
[2026-08-17T11:43:24Z INFO  steel_front::engine::game] ai: npcs=8 near=8 far=0 idle=0 patrol=0 chase=0 attack=8 tactics=[8, 0, 0, 0, 0, 0, 0, 0]
[2026-08-17T11:43:24Z INFO  steel_front::engine::game] game: wave=1 enemies=8 enemy_hp=100 hp=100/100 score=0 phys_us=2 ai_us=558 audio_us=30 net_us=0
[2026-08-17T11:43:25Z INFO  steel_front] cam: yaw=0.0 pitch=0.0 dist=3.4 mode=FirstPerson cycle_us=2877 update_us=25 render_us=2851
[2026-08-17T11:43:25Z INFO  steel_front::engine::renderer] visible=65536/65536 near=65536 far=0 fps=364.2 frame_us=2091 cull_us=1 terrain_us=0 wait_fence_us=2492 acquire_us=1 record_us=64 submit_us=63 present_us=334 terrain_lod=high blend=0.000 quality=中画质 marker=84 npc=56
[2026-08-17T11:43:25Z INFO  steel_front::engine::game] ai: npcs=8 near=8 far=0 idle=0 patrol=0 chase=0 attack=8 tactics=[8, 0, 0, 0, 0, 0, 0, 0]
[2026-08-17T11:43:25Z INFO  steel_front::engine::game] game: wave=1 enemies=8 enemy_hp=100 hp=100/100 score=0 phys_us=4 ai_us=24396 audio_us=39 net_us=0
[2026-08-17T11:43:26Z INFO  steel_front] cam: yaw=0.0 pitch=0.0 dist=3.4 mode=FirstPerson cycle_us=2332 update_us=41 render_us=2290
[2026-08-17T11:43:26Z INFO  steel_front::engine::renderer] visible=65536/65536 near=65536 far=0 fps=358.2 frame_us=2510 cull_us=0 terrain_us=0 wait_fence_us=1830 acquire_us=1 record_us=37 submit_us=36 present_us=221 terrain_lod=high blend=0.000 quality=中画质 marker=84 npc=56
[2026-08-17T11:43:26Z INFO  steel_front::engine::game] ai: npcs=8 near=8 far=0 idle=0 patrol=0 chase=0 attack=8 tactics=[8, 0, 0, 0, 0, 0, 0, 0]
[2026-08-17T11:43:26Z INFO  steel_front::engine::game] game: wave=1 enemies=8 enemy_hp=100 hp=100/100 score=0 phys_us=1 ai_us=1064 audio_us=13 net_us=0
[2026-08-17T11:43:27Z INFO  steel_front] cam: yaw=0.0 pitch=0.0 dist=3.4 mode=FirstPerson cycle_us=2579 update_us=24 render_us=2555
[2026-08-17T11:43:27Z INFO  steel_front::engine::renderer] visible=65536/65536 near=65536 far=0 fps=366.5 frame_us=1906 cull_us=0 terrain_us=0 wait_fence_us=1776 acquire_us=1 record_us=47 submit_us=99 present_us=389 terrain_lod=high blend=0.000 quality=中画质 marker=84 npc=56
[2026-08-17T11:43:27Z INFO  steel_front::engine::game] ai: npcs=8 near=8 far=0 idle=0 patrol=0 chase=0 attack=8 tactics=[8, 0, 0, 0, 0, 0, 0, 0]
[2026-08-17T11:43:27Z INFO  steel_front::engine::game] game: wave=1 enemies=8 enemy_hp=100 hp=100/100 score=0 phys_us=2 ai_us=763 audio_us=24 net_us=0
[2026-08-17T11:43:28Z INFO  steel_front] cam: yaw=0.0 pitch=0.0 dist=3.4 mode=FirstPerson cycle_us=2765 update_us=26 render_us=2739
[2026-08-17T11:43:28Z INFO  steel_front::engine::renderer] visible=65536/65536 near=65536 far=0 fps=366.4 frame_us=2260 cull_us=0 terrain_us=0 wait_fence_us=2000 acquire_us=1 record_us=29 submit_us=45 present_us=125 terrain_lod=high blend=0.000 quality=中画质 marker=84 npc=56
[2026-08-17T11:43:28Z INFO  steel_front::engine::game] ai: npcs=8 near=8 far=0 idle=0 patrol=0 chase=0 attack=8 tactics=[8, 0, 0, 0, 0, 0, 0, 0]
[2026-08-17T11:43:28Z INFO  steel_front::engine::game] game: wave=1 enemies=8 enemy_hp=100 hp=100/100 score=0 phys_us=1 ai_us=532 audio_us=24 net_us=0
[2026-08-17T11:43:29Z INFO  steel_front] cam: yaw=0.0 pitch=0.0 dist=3.4 mode=FirstPerson cycle_us=2515 update_us=49 render_us=2466
[2026-08-17T11:43:29Z INFO  steel_front] size diag: window_inner=2560x1600 hud=2560x1600
[2026-08-17T11:43:29Z INFO  steel_front] size diag: window_inner=2560x1600 hud=2560x1600
[2026-08-17T11:43:29Z INFO  steel_front] size diag: window_inner=2560x1600 hud=2560x1600
[2026-08-17T11:43:29Z INFO  steel_front] size diag: window_inner=2560x1600 hud=2560x1600
[2026-08-17T11:43:29Z INFO  steel_front] size diag: window_inner=2560x1600 hud=2560x1600
[2026-08-17T11:43:29Z INFO  steel_front] size diag: window_inner=2560x1600 hud=2560x1600
[2026-08-17T11:43:29Z INFO  steel_front] size diag: window_inner=2560x1600 hud=2560x1600
[2026-08-17T11:43:29Z INFO  steel_front] size diag: window_inner=2560x1600 hud=2560x1600
[2026-08-17T11:43:29Z INFO  steel_front] size diag: window_inner=2560x1600 hud=2560x1600
[2026-08-17T11:43:29Z INFO  steel_front] size diag: window_inner=2560x1600 hud=2560x1600
[2026-08-17T11:43:29Z INFO  steel_front] size diag: window_inner=2560x1600 hud=2560x1600
[2026-08-17T11:43:29Z INFO  steel_front] size diag: window_inner=2560x1600 hud=2560x1600
[2026-08-17T11:43:29Z INFO  steel_front] size diag: window_inner=2560x1600 hud=2560x1600
[2026-08-17T11:43:29Z INFO  steel_front] size diag: window_inner=2560x1600 hud=2560x1600
[2026-08-17T11:43:29Z INFO  steel_front] size diag: window_inner=2560x1600 hud=2560x1600
[2026-08-17T11:43:29Z INFO  steel_front] size diag: window_inner=2560x1600 hud=2560x1600
[2026-08-17T11:43:29Z INFO  steel_front] size diag: window_inner=2560x1600 hud=2560x1600
[2026-08-17T11:43:29Z INFO  steel_front] size diag: window_inner=2560x1600 hud=2560x1600
[2026-08-17T11:43:29Z INFO  steel_front::engine::renderer] visible=65536/65536 near=65536 far=0 fps=369.3 frame_us=2606 cull_us=0 terrain_us=0 wait_fence_us=1999 acquire_us=1 record_us=49 submit_us=188 present_us=463 terrain_lod=high blend=0.000 quality=中画质 marker=84 npc=56
[2026-08-17T11:43:29Z INFO  steel_front::engine::game] ai: npcs=8 near=8 far=0 idle=0 patrol=0 chase=0 attack=8 tactics=[8, 0, 0, 0, 0, 0, 0, 0]
[2026-08-17T11:43:29Z INFO  steel_front::engine::game] game: wave=1 enemies=8 enemy_hp=100 hp=100/100 score=0 phys_us=1 ai_us=559 audio_us=20 net_us=0
[2026-08-17T11:43:30Z INFO  steel_front] cam: yaw=0.0 pitch=0.0 dist=3.4 mode=FirstPerson cycle_us=2380 update_us=42 render_us=2338
[2026-08-17T11:43:30Z INFO  steel_front::engine::renderer] visible=65536/65536 near=65536 far=0 fps=364.7 frame_us=2727 cull_us=0 terrain_us=0 wait_fence_us=1849 acquire_us=1 record_us=46 submit_us=36 present_us=221 terrain_lod=high blend=0.000 quality=中画质 marker=84 npc=56
[2026-08-17T11:43:30Z INFO  steel_front::engine::game] ai: npcs=8 near=8 far=0 idle=0 patrol=0 chase=0 attack=8 tactics=[8, 0, 0, 0, 0, 0, 0, 0]
[2026-08-17T11:43:30Z INFO  steel_front::engine::game] game: wave=1 enemies=8 enemy_hp=100 hp=100/100 score=0 phys_us=2 ai_us=529 audio_us=17 net_us=0
[2026-08-17T11:43:31Z INFO  steel_front] cam: yaw=0.0 pitch=0.0 dist=3.4 mode=FirstPerson cycle_us=2744 update_us=37 render_us=2706
[2026-08-17T11:43:31Z INFO  steel_front::engine::renderer] visible=65536/65536 near=65536 far=0 fps=368.2 frame_us=2483 cull_us=0 terrain_us=0 wait_fence_us=1795 acquire_us=1 record_us=52 submit_us=35 present_us=558 terrain_lod=high blend=0.000 quality=中画质 marker=84 npc=56
[2026-08-17T11:43:31Z INFO  steel_front::engine::game] ai: npcs=8 near=8 far=0 idle=0 patrol=0 chase=0 attack=8 tactics=[8, 0, 0, 0, 0, 0, 0, 0]
[2026-08-17T11:43:31Z INFO  steel_front::engine::game] game: wave=1 enemies=8 enemy_hp=100 hp=100/100 score=0 phys_us=2 ai_us=498 audio_us=31 net_us=0
[2026-08-17T11:43:32Z INFO  steel_front] cam: yaw=0.0 pitch=0.0 dist=3.4 mode=FirstPerson cycle_us=3329 update_us=43 render_us=3286
[2026-08-17T11:43:32Z INFO  steel_front::engine::renderer] visible=65536/65536 near=65536 far=0 fps=362.7 frame_us=2262 cull_us=0 terrain_us=0 wait_fence_us=1758 acquire_us=1 record_us=23 submit_us=37 present_us=189 terrain_lod=high blend=0.000 quality=中画质 marker=84 npc=56
[2026-08-17T11:43:32Z INFO  steel_front::engine::game] ai: npcs=8 near=8 far=0 idle=0 patrol=0 chase=0 attack=8 tactics=[8, 0, 0, 0, 0, 0, 0, 0]
[2026-08-17T11:43:32Z INFO  steel_front::engine::game] game: wave=1 enemies=8 enemy_hp=100 hp=100/100 score=0 phys_us=1 ai_us=542 audio_us=33 net_us=0
[2026-08-17T11:43:33Z INFO  steel_front] cam: yaw=0.0 pitch=0.0 dist=3.4 mode=FirstPerson cycle_us=2362 update_us=47 render_us=2314
[2026-08-17T11:43:33Z INFO  steel_front::engine::renderer] visible=65536/65536 near=65536 far=0 fps=371.3 frame_us=2032 cull_us=0 terrain_us=0 wait_fence_us=1660 acquire_us=1 record_us=45 submit_us=34 present_us=239 terrain_lod=high blend=0.000 quality=中画质 marker=84 npc=56
[2026-08-17T11:43:33Z INFO  steel_front::engine::game] ai: npcs=8 near=8 far=0 idle=0 patrol=0 chase=0 attack=8 tactics=[8, 0, 0, 0, 0, 0, 0, 0]
[2026-08-17T11:43:33Z INFO  steel_front::engine::game] game: wave=1 enemies=8 enemy_hp=100 hp=100/100 score=0 phys_us=3 ai_us=412 audio_us=17 net_us=0
[2026-08-17T11:43:34Z INFO  steel_front] cam: yaw=0.0 pitch=0.0 dist=3.4 mode=FirstPerson cycle_us=2566 update_us=42 render_us=2523
[2026-08-17T11:43:34Z INFO  steel_front] size diag: window_inner=2560x1600 hud=2560x1600
[2026-08-17T11:43:34Z INFO  steel_front] size diag: window_inner=2560x1600 hud=2560x1600
[2026-08-17T11:43:34Z INFO  steel_front] size diag: window_inner=2560x1600 hud=2560x1600
[2026-08-17T11:43:34Z INFO  steel_front] size diag: window_inner=2560x1600 hud=2560x1600
[2026-08-17T11:43:34Z INFO  steel_front] size diag: window_inner=2560x1600 hud=2560x1600
[2026-08-17T11:43:34Z INFO  steel_front] size diag: window_inner=2560x1600 hud=2560x1600
[2026-08-17T11:43:34Z INFO  steel_front] size diag: window_inner=2560x1600 hud=2560x1600
[2026-08-17T11:43:34Z INFO  steel_front] size diag: window_inner=2560x1600 hud=2560x1600
[2026-08-17T11:43:34Z INFO  steel_front] size diag: window_inner=2560x1600 hud=2560x1600
[2026-08-17T11:43:34Z INFO  steel_front] size diag: window_inner=2560x1600 hud=2560x1600
[2026-08-17T11:43:34Z INFO  steel_front] size diag: window_inner=2560x1600 hud=2560x1600
[2026-08-17T11:43:34Z INFO  steel_front] size diag: window_inner=2560x1600 hud=2560x1600
[2026-08-17T11:43:34Z INFO  steel_front] size diag: window_inner=2560x1600 hud=2560x1600
[2026-08-17T11:43:34Z INFO  steel_front] size diag: window_inner=2560x1600 hud=2560x1600
[2026-08-17T11:43:34Z INFO  steel_front] size diag: window_inner=2560x1600 hud=2560x1600
[2026-08-17T11:43:34Z INFO  steel_front] size diag: window_inner=2560x1600 hud=2560x1600
[2026-08-17T11:43:34Z INFO  steel_front] size diag: window_inner=2560x1600 hud=2560x1600
[2026-08-17T11:43:34Z INFO  steel_front] size diag: window_inner=2560x1600 hud=2560x1600
[2026-08-17T11:43:34Z INFO  steel_front] size diag: window_inner=2560x1600 hud=2560x1600
[2026-08-17T11:43:34Z INFO  steel_front::engine::renderer] visible=65536/65536 near=65536 far=0 fps=376.8 frame_us=2450 cull_us=0 terrain_us=0 wait_fence_us=1893 acquire_us=1 record_us=55 submit_us=19 present_us=536 terrain_lod=high blend=0.000 quality=中画质 marker=84 npc=56
[2026-08-17T11:43:34Z INFO  steel_front::engine::game] ai: npcs=8 near=8 far=0 idle=0 patrol=0 chase=0 attack=8 tactics=[8, 0, 0, 0, 0, 0, 0, 0]
[2026-08-17T11:43:34Z INFO  steel_front::engine::game] game: wave=1 enemies=8 enemy_hp=100 hp=100/100 score=0 phys_us=1 ai_us=548 audio_us=25 net_us=0
[2026-08-17T11:43:35Z INFO  steel_front] cam: yaw=0.0 pitch=0.0 dist=3.4 mode=FirstPerson cycle_us=3318 update_us=43 render_us=3275
[2026-08-17T11:43:35Z INFO  steel_front::engine::renderer] visible=65536/65536 near=65536 far=0 fps=375.3 frame_us=2170 cull_us=0 terrain_us=0 wait_fence_us=2024 acquire_us=1 record_us=41 submit_us=33 present_us=294 terrain_lod=high blend=0.000 quality=中画质 marker=84 npc=56
[2026-08-17T11:43:35Z INFO  steel_front::engine::game] ai: npcs=8 near=8 far=0 idle=0 patrol=0 chase=0 attack=8 tactics=[8, 0, 0, 0, 0, 0, 0, 0]
[2026-08-17T11:43:35Z INFO  steel_front::engine::game] game: wave=1 enemies=8 enemy_hp=100 hp=100/100 score=0 phys_us=1 ai_us=381 audio_us=26 net_us=0
[2026-08-17T11:43:36Z INFO  steel_front] cam: yaw=0.0 pitch=0.0 dist=3.4 mode=FirstPerson cycle_us=2846 update_us=30 render_us=2816
[2026-08-17T11:43:36Z INFO  steel_front::engine::renderer] visible=65536/65536 near=65536 far=0 fps=367.4 frame_us=2389 cull_us=0 terrain_us=0 wait_fence_us=1808 acquire_us=0 record_us=41 submit_us=54 present_us=208 terrain_lod=high blend=0.000 quality=中画质 marker=84 npc=56
[2026-08-17T11:43:36Z INFO  steel_front::engine::game] ai: npcs=8 near=8 far=0 idle=0 patrol=0 chase=0 attack=8 tactics=[8, 0, 0, 0, 0, 0, 0, 0]
[2026-08-17T11:43:36Z INFO  steel_front::engine::game] game: wave=1 enemies=8 enemy_hp=100 hp=100/100 score=0 phys_us=2 ai_us=460 audio_us=22 net_us=0
[2026-08-17T11:43:37Z INFO  steel_front] cam: yaw=0.0 pitch=0.0 dist=3.4 mode=FirstPerson cycle_us=2668 update_us=21 render_us=2646
[2026-08-17T11:43:37Z INFO  steel_front::engine::renderer] visible=65536/65536 near=65536 far=0 fps=375.9 frame_us=2156 cull_us=0 terrain_us=0 wait_fence_us=1682 acquire_us=0 record_us=41 submit_us=33 present_us=260 terrain_lod=high blend=0.000 quality=中画质 marker=84 npc=56
[2026-08-17T11:43:37Z INFO  steel_front::engine::game] ai: npcs=8 near=8 far=0 idle=0 patrol=0 chase=0 attack=8 tactics=[8, 0, 0, 0, 0, 0, 0, 0]
[2026-08-17T11:43:37Z INFO  steel_front::engine::game] game: wave=1 enemies=8 enemy_hp=100 hp=100/100 score=0 phys_us=1 ai_us=386 audio_us=13 net_us=0
[2026-08-17T11:43:38Z INFO  steel_front] cam: yaw=0.0 pitch=0.0 dist=3.4 mode=FirstPerson cycle_us=3990 update_us=72 render_us=3918
[2026-08-17T11:43:38Z INFO  steel_front::engine::renderer] visible=65536/65536 near=65536 far=0 fps=350.6 frame_us=2195 cull_us=0 terrain_us=0 wait_fence_us=2104 acquire_us=1 record_us=44 submit_us=36 present_us=323 terrain_lod=high blend=0.000 quality=中画质 marker=84 npc=56
[2026-08-17T11:43:38Z INFO  steel_front::engine::game] ai: npcs=8 near=8 far=0 idle=0 patrol=0 chase=0 attack=8 tactics=[8, 0, 0, 0, 0, 0, 0, 0]
[2026-08-17T11:43:38Z INFO  steel_front::engine::game] game: wave=1 enemies=8 enemy_hp=100 hp=100/100 score=0 phys_us=1 ai_us=477 audio_us=28 net_us=0
[2026-08-17T11:43:39Z INFO  steel_front] cam: yaw=0.0 pitch=0.0 dist=3.4 mode=FirstPerson cycle_us=2872 update_us=41 render_us=2830
[2026-08-17T11:43:39Z INFO  steel_front] size diag: window_inner=2560x1600 hud=2560x1600
[2026-08-17T11:43:39Z INFO  steel_front] size diag: window_inner=2560x1600 hud=2560x1600
[2026-08-17T11:43:39Z INFO  steel_front] size diag: window_inner=2560x1600 hud=2560x1600
[2026-08-17T11:43:39Z INFO  steel_front] size diag: window_inner=2560x1600 hud=2560x1600
[2026-08-17T11:43:39Z INFO  steel_front] size diag: window_inner=2560x1600 hud=2560x1600
[2026-08-17T11:43:39Z INFO  steel_front] size diag: window_inner=2560x1600 hud=2560x1600
[2026-08-17T11:43:39Z INFO  steel_front] size diag: window_inner=2560x1600 hud=2560x1600
[2026-08-17T11:43:39Z INFO  steel_front] size diag: window_inner=2560x1600 hud=2560x1600
[2026-08-17T11:43:39Z INFO  steel_front] size diag: window_inner=2560x1600 hud=2560x1600
[2026-08-17T11:43:39Z INFO  steel_front] size diag: window_inner=2560x1600 hud=2560x1600
[2026-08-17T11:43:39Z INFO  steel_front] size diag: window_inner=2560x1600 hud=2560x1600
[2026-08-17T11:43:39Z INFO  steel_front] size diag: window_inner=2560x1600 hud=2560x1600
[2026-08-17T11:43:39Z INFO  steel_front] size diag: window_inner=2560x1600 hud=2560x1600
[2026-08-17T11:43:39Z INFO  steel_front] size diag: window_inner=2560x1600 hud=2560x1600
[2026-08-17T11:43:39Z INFO  steel_front] size diag: window_inner=2560x1600 hud=2560x1600
[2026-08-17T11:43:39Z INFO  steel_front] size diag: window_inner=2560x1600 hud=2560x1600
[2026-08-17T11:43:39Z INFO  steel_front] size diag: window_inner=2560x1600 hud=2560x1600
[2026-08-17T11:43:39Z INFO  steel_front] size diag: window_inner=2560x1600 hud=2560x1600
[2026-08-17T11:43:39Z INFO  steel_front::engine::renderer] visible=65536/65536 near=65536 far=0 fps=362.1 frame_us=2285 cull_us=0 terrain_us=0 wait_fence_us=1748 acquire_us=1 record_us=42 submit_us=33 present_us=210 terrain_lod=high blend=0.000 quality=中画质 marker=84 npc=56
[2026-08-17T11:43:39Z INFO  steel_front::engine::game] ai: npcs=8 near=8 far=0 idle=0 patrol=0 chase=0 attack=8 tactics=[8, 0, 0, 0, 0, 0, 0, 0]
[2026-08-17T11:43:39Z INFO  steel_front::engine::game] game: wave=1 enemies=8 enemy_hp=100 hp=100/100 score=0 phys_us=1 ai_us=583 audio_us=35 net_us=0
[2026-08-17T11:43:40Z INFO  steel_front] cam: yaw=0.0 pitch=0.0 dist=3.4 mode=FirstPerson cycle_us=2806 update_us=36 render_us=2770
[2026-08-17T11:43:40Z INFO  steel_front::engine::renderer] visible=65536/65536 near=65536 far=0 fps=361.3 frame_us=1474 cull_us=0 terrain_us=0 wait_fence_us=1946 acquire_us=1 record_us=42 submit_us=42 present_us=327 terrain_lod=high blend=0.000 quality=中画质 marker=84 npc=56
[2026-08-17T11:43:40Z INFO  steel_front::engine::game] ai: npcs=8 near=8 far=0 idle=0 patrol=0 chase=0 attack=8 tactics=[8, 0, 0, 0, 0, 0, 0, 0]
[2026-08-17T11:43:40Z INFO  steel_front::engine::game] game: wave=1 enemies=8 enemy_hp=100 hp=100/100 score=0 phys_us=1 ai_us=1109 audio_us=16 net_us=0
[2026-08-17T11:43:41Z INFO  steel_front] cam: yaw=0.0 pitch=0.0 dist=3.4 mode=FirstPerson cycle_us=2781 update_us=21 render_us=2760
[2026-08-17T11:43:41Z INFO  steel_front::engine::renderer] visible=65536/65536 near=65536 far=0 fps=366.3 frame_us=2419 cull_us=0 terrain_us=0 wait_fence_us=1714 acquire_us=0 record_us=41 submit_us=44 present_us=242 terrain_lod=high blend=0.000 quality=中画质 marker=84 npc=56
[2026-08-17T11:43:41Z INFO  steel_front::engine::game] ai: npcs=8 near=8 far=0 idle=0 patrol=0 chase=0 attack=8 tactics=[8, 0, 0, 0, 0, 0, 0, 0]
[2026-08-17T11:43:41Z INFO  steel_front::engine::game] game: wave=1 enemies=8 enemy_hp=100 hp=100/100 score=0 phys_us=2 ai_us=456 audio_us=25 net_us=0
[2026-08-17T11:43:42Z INFO  steel_front] cam: yaw=0.0 pitch=0.0 dist=3.4 mode=FirstPerson cycle_us=2549 update_us=36 render_us=2513
[2026-08-17T11:43:42Z INFO  steel_front::engine::renderer] visible=65536/65536 near=65536 far=0 fps=366.0 frame_us=2296 cull_us=0 terrain_us=0 wait_fence_us=1972 acquire_us=1 record_us=29 submit_us=32 present_us=145 terrain_lod=high blend=0.000 quality=中画质 marker=84 npc=56
[2026-08-17T11:43:42Z INFO  steel_front::engine::game] ai: npcs=8 near=8 far=0 idle=0 patrol=0 chase=0 attack=8 tactics=[8, 0, 0, 0, 0, 0, 0, 0]
[2026-08-17T11:43:42Z INFO  steel_front::engine::game] game: wave=1 enemies=8 enemy_hp=100 hp=100/100 score=0 phys_us=2 ai_us=440 audio_us=29 net_us=0
[2026-08-17T11:43:43Z INFO  steel_front] cam: yaw=0.0 pitch=0.0 dist=3.4 mode=FirstPerson cycle_us=2514 update_us=31 render_us=2482
[2026-08-17T11:43:43Z INFO  steel_front::engine::renderer] visible=65536/65536 near=65536 far=0 fps=368.5 frame_us=2168 cull_us=1 terrain_us=0 wait_fence_us=1559 acquire_us=1 record_us=57 submit_us=44 present_us=347 terrain_lod=high blend=0.000 quality=中画质 marker=84 npc=56
[2026-08-17T11:43:43Z INFO  steel_front::engine::game] ai: npcs=8 near=8 far=0 idle=0 patrol=0 chase=0 attack=8 tactics=[8, 0, 0, 0, 0, 0, 0, 0]
[2026-08-17T11:43:43Z INFO  steel_front::engine::game] game: wave=1 enemies=8 enemy_hp=100 hp=100/100 score=0 phys_us=1 ai_us=730 audio_us=28 net_us=0
[2026-08-17T11:43:44Z INFO  steel_front] cam: yaw=0.0 pitch=0.0 dist=3.4 mode=FirstPerson cycle_us=2622 update_us=50 render_us=2571
[2026-08-17T11:43:44Z INFO  steel_front] size diag: window_inner=2560x1600 hud=2560x1600
[2026-08-17T11:43:44Z INFO  steel_front] size diag: window_inner=2560x1600 hud=2560x1600
[2026-08-17T11:43:44Z INFO  steel_front] size diag: window_inner=2560x1600 hud=2560x1600
[2026-08-17T11:43:44Z INFO  steel_front] size diag: window_inner=2560x1600 hud=2560x1600
[2026-08-17T11:43:44Z INFO  steel_front] size diag: window_inner=2560x1600 hud=2560x1600
[2026-08-17T11:43:44Z INFO  steel_front] size diag: window_inner=2560x1600 hud=2560x1600
[2026-08-17T11:43:44Z INFO  steel_front] size diag: window_inner=2560x1600 hud=2560x1600
[2026-08-17T11:43:44Z INFO  steel_front] size diag: window_inner=2560x1600 hud=2560x1600
[2026-08-17T11:43:44Z INFO  steel_front] size diag: window_inner=2560x1600 hud=2560x1600
[2026-08-17T11:43:44Z INFO  steel_front] size diag: window_inner=2560x1600 hud=2560x1600
[2026-08-17T11:43:44Z INFO  steel_front] size diag: window_inner=2560x1600 hud=2560x1600
[2026-08-17T11:43:44Z INFO  steel_front] size diag: window_inner=2560x1600 hud=2560x1600
[2026-08-17T11:43:44Z INFO  steel_front] size diag: window_inner=2560x1600 hud=2560x1600
[2026-08-17T11:43:44Z INFO  steel_front] size diag: window_inner=2560x1600 hud=2560x1600
[2026-08-17T11:43:44Z INFO  steel_front] size diag: window_inner=2560x1600 hud=2560x1600
[2026-08-17T11:43:44Z INFO  steel_front] size diag: window_inner=2560x1600 hud=2560x1600
[2026-08-17T11:43:44Z INFO  steel_front] size diag: window_inner=2560x1600 hud=2560x1600
[2026-08-17T11:43:44Z INFO  steel_front::engine::renderer] visible=65536/65536 near=65536 far=0 fps=348.4 frame_us=2232 cull_us=0 terrain_us=0 wait_fence_us=2010 acquire_us=1 record_us=33 submit_us=25 present_us=488 terrain_lod=high blend=0.000 quality=中画质 marker=82 npc=56
[2026-08-17T11:43:44Z INFO  steel_front::engine::game] ai: npcs=8 near=8 far=0 idle=0 patrol=0 chase=0 attack=8 tactics=[8, 0, 0, 0, 0, 0, 0, 0]
[2026-08-17T11:43:44Z INFO  steel_front::engine::game] game: wave=1 enemies=8 enemy_hp=100 hp=100/100 score=0 phys_us=2 ai_us=477 audio_us=27 net_us=0
[2026-08-17T11:43:45Z INFO  steel_front] cam: yaw=0.0 pitch=0.0 dist=3.4 mode=FirstPerson cycle_us=2565 update_us=50 render_us=2515
[2026-08-17T11:43:45Z INFO  steel_front::engine::renderer] visible=65536/65536 near=65536 far=0 fps=356.6 frame_us=2569 cull_us=3 terrain_us=0 wait_fence_us=1888 acquire_us=1 record_us=45 submit_us=35 present_us=177 terrain_lod=high blend=0.000 quality=中画质 marker=84 npc=56
[2026-08-17T11:43:45Z INFO  steel_front::engine::game] ai: npcs=8 near=8 far=0 idle=0 patrol=0 chase=0 attack=8 tactics=[8, 0, 0, 0, 0, 0, 0, 0]
[2026-08-17T11:43:45Z INFO  steel_front::engine::game] game: wave=1 enemies=8 enemy_hp=100 hp=100/100 score=0 phys_us=1 ai_us=698 audio_us=13 net_us=0
[2026-08-17T11:43:46Z INFO  steel_front] cam: yaw=0.0 pitch=0.0 dist=3.4 mode=FirstPerson cycle_us=2531 update_us=36 render_us=2495
[2026-08-17T11:43:46Z INFO  steel_front::engine::renderer] visible=65536/65536 near=65536 far=0 fps=365.6 frame_us=2725 cull_us=0 terrain_us=0 wait_fence_us=1265 acquire_us=1 record_us=63 submit_us=22 present_us=607 terrain_lod=high blend=0.000 quality=中画质 marker=84 npc=56
[2026-08-17T11:43:46Z INFO  steel_front::engine::game] ai: npcs=8 near=8 far=0 idle=0 patrol=0 chase=0 attack=8 tactics=[8, 0, 0, 0, 0, 0, 0, 0]
[2026-08-17T11:43:46Z INFO  steel_front::engine::game] game: wave=1 enemies=8 enemy_hp=100 hp=100/100 score=0 phys_us=2 ai_us=544 audio_us=18 net_us=0
[2026-08-17T11:43:47Z INFO  steel_front] cam: yaw=0.0 pitch=0.0 dist=3.4 mode=FirstPerson cycle_us=3345 update_us=31 render_us=3314
[2026-08-17T11:43:47Z INFO  steel_front::engine::renderer] visible=65536/65536 near=65536 far=0 fps=353.4 frame_us=2259 cull_us=1 terrain_us=0 wait_fence_us=2114 acquire_us=1 record_us=48 submit_us=51 present_us=304 terrain_lod=high blend=0.000 quality=中画质 marker=84 npc=56
[2026-08-17T11:43:47Z INFO  steel_front::engine::game] ai: npcs=8 near=8 far=0 idle=0 patrol=0 chase=0 attack=8 tactics=[8, 0, 0, 0, 0, 0, 0, 0]
[2026-08-17T11:43:47Z INFO  steel_front::engine::game] game: wave=1 enemies=8 enemy_hp=100 hp=100/100 score=0 phys_us=1 ai_us=830 audio_us=18 net_us=0
[2026-08-17T11:43:48Z INFO  steel_front] cam: yaw=0.0 pitch=0.0 dist=3.4 mode=FirstPerson cycle_us=2970 update_us=31 render_us=2939
[2026-08-17T11:43:48Z INFO  steel_front::engine::renderer] visible=65536/65536 near=65536 far=0 fps=352.1 frame_us=2434 cull_us=1 terrain_us=0 wait_fence_us=1734 acquire_us=1 record_us=54 submit_us=34 present_us=324 terrain_lod=high blend=0.000 quality=中画质 marker=84 npc=56
[2026-08-17T11:43:48Z INFO  steel_front::engine::game] ai: npcs=8 near=8 far=0 idle=0 patrol=0 chase=0 attack=8 tactics=[8, 0, 0, 0, 0, 0, 0, 0]
[2026-08-17T11:43:48Z INFO  steel_front::engine::game] game: wave=1 enemies=8 enemy_hp=100 hp=100/100 score=0 phys_us=1 ai_us=937 audio_us=15 net_us=0
[2026-08-17T11:43:49Z INFO  steel_front] cam: yaw=0.0 pitch=0.0 dist=3.4 mode=FirstPerson cycle_us=2426 update_us=38 render_us=2388
[2026-08-17T11:43:49Z INFO  steel_front] size diag: window_inner=2560x1600 hud=2560x1600
[2026-08-17T11:43:49Z INFO  steel_front] size diag: window_inner=2560x1600 hud=2560x1600
[2026-08-17T11:43:49Z INFO  steel_front] size diag: window_inner=2560x1600 hud=2560x1600
[2026-08-17T11:43:49Z INFO  steel_front] size diag: window_inner=2560x1600 hud=2560x1600
[2026-08-17T11:43:49Z INFO  steel_front] size diag: window_inner=2560x1600 hud=2560x1600
[2026-08-17T11:43:49Z INFO  steel_front] size diag: window_inner=2560x1600 hud=2560x1600
[2026-08-17T11:43:49Z INFO  steel_front] size diag: window_inner=2560x1600 hud=2560x1600
[2026-08-17T11:43:49Z INFO  steel_front] size diag: window_inner=2560x1600 hud=2560x1600
[2026-08-17T11:43:49Z INFO  steel_front] size diag: window_inner=2560x1600 hud=2560x1600
[2026-08-17T11:43:49Z INFO  steel_front] size diag: window_inner=2560x1600 hud=2560x1600
[2026-08-17T11:43:49Z INFO  steel_front] size diag: window_inner=2560x1600 hud=2560x1600
[2026-08-17T11:43:49Z INFO  steel_front] size diag: window_inner=2560x1600 hud=2560x1600
[2026-08-17T11:43:49Z INFO  steel_front] size diag: window_inner=2560x1600 hud=2560x1600
[2026-08-17T11:43:49Z INFO  steel_front] size diag: window_inner=2560x1600 hud=2560x1600
[2026-08-17T11:43:49Z INFO  steel_front] size diag: window_inner=2560x1600 hud=2560x1600
[2026-08-17T11:43:49Z INFO  steel_front] size diag: window_inner=2560x1600 hud=2560x1600
[2026-08-17T11:43:49Z INFO  steel_front] size diag: window_inner=2560x1600 hud=2560x1600
[2026-08-17T11:43:49Z INFO  steel_front] size diag: window_inner=2560x1600 hud=2560x1600
[2026-08-17T11:43:49Z INFO  steel_front] size diag: window_inner=2560x1600 hud=2560x1600
[2026-08-17T11:43:49Z INFO  steel_front::engine::renderer] visible=65536/65536 near=65536 far=0 fps=371.5 frame_us=1545 cull_us=1 terrain_us=0 wait_fence_us=2254 acquire_us=1 record_us=29 submit_us=32 present_us=149 terrain_lod=high blend=0.000 quality=中画质 marker=84 npc=56
[2026-08-17T11:43:49Z INFO  steel_front::engine::game] ai: npcs=8 near=8 far=0 idle=0 patrol=0 chase=0 attack=8 tactics=[8, 0, 0, 0, 0, 0, 0, 0]
[2026-08-17T11:43:49Z INFO  steel_front::engine::game] game: wave=1 enemies=8 enemy_hp=100 hp=100/100 score=0 phys_us=5 ai_us=333 audio_us=15 net_us=0
[2026-08-17T11:43:50Z INFO  steel_front] cam: yaw=0.0 pitch=0.0 dist=3.4 mode=FirstPerson cycle_us=2870 update_us=39 render_us=2830
[2026-08-17T11:43:50Z INFO  steel_front::engine::renderer] visible=65536/65536 near=65536 far=0 fps=375.2 frame_us=2696 cull_us=0 terrain_us=0 wait_fence_us=1671 acquire_us=1 record_us=51 submit_us=49 present_us=249 terrain_lod=high blend=0.000 quality=中画质 marker=84 npc=56
[2026-08-17T11:43:50Z INFO  steel_front::engine::game] ai: npcs=8 near=8 far=0 idle=0 patrol=0 chase=0 attack=8 tactics=[8, 0, 0, 0, 0, 0, 0, 0]
[2026-08-17T11:43:50Z INFO  steel_front::engine::game] game: wave=1 enemies=8 enemy_hp=100 hp=100/100 score=0 phys_us=1 ai_us=465 audio_us=59 net_us=0
[2026-08-17T11:43:51Z INFO  steel_front] cam: yaw=0.0 pitch=0.0 dist=3.4 mode=FirstPerson cycle_us=2552 update_us=24 render_us=2528
[2026-08-17T11:43:51Z INFO  steel_front::engine::renderer] visible=65536/65536 near=65536 far=0 fps=370.6 frame_us=3567 cull_us=1 terrain_us=0 wait_fence_us=2821 acquire_us=1 record_us=42 submit_us=73 present_us=236 terrain_lod=high blend=0.000 quality=中画质 marker=78 npc=56
[2026-08-17T11:43:51Z INFO  steel_front::engine::game] ai: npcs=8 near=8 far=0 idle=0 patrol=0 chase=0 attack=8 tactics=[8, 0, 0, 0, 0, 0, 0, 0]
[2026-08-17T11:43:51Z INFO  steel_front::engine::game] game: wave=1 enemies=8 enemy_hp=100 hp=100/100 score=0 phys_us=2 ai_us=470 audio_us=25 net_us=0
[2026-08-17T11:43:52Z INFO  steel_front] cam: yaw=0.0 pitch=0.0 dist=3.4 mode=FirstPerson cycle_us=2597 update_us=23 render_us=2573
[2026-08-17T11:43:52Z INFO  steel_front::engine::renderer] visible=65536/65536 near=65536 far=0 fps=371.9 frame_us=2313 cull_us=1 terrain_us=0 wait_fence_us=1740 acquire_us=4 record_us=39 submit_us=32 present_us=241 terrain_lod=high blend=0.000 quality=中画质 marker=84 npc=56
[2026-08-17T11:43:52Z INFO  steel_front::engine::game] ai: npcs=8 near=8 far=0 idle=0 patrol=0 chase=0 attack=8 tactics=[8, 0, 0, 0, 0, 0, 0, 0]
[2026-08-17T11:43:52Z INFO  steel_front::engine::game] game: wave=1 enemies=8 enemy_hp=100 hp=100/100 score=0 phys_us=2 ai_us=452 audio_us=33 net_us=0
[2026-08-17T11:43:53Z INFO  steel_front] cam: yaw=0.0 pitch=0.0 dist=3.4 mode=FirstPerson cycle_us=2452 update_us=38 render_us=2413
[2026-08-17T11:43:53Z INFO  steel_front::engine::renderer] visible=65536/65536 near=65536 far=0 fps=370.3 frame_us=2771 cull_us=0 terrain_us=0 wait_fence_us=1495 acquire_us=1 record_us=46 submit_us=38 present_us=557 terrain_lod=high blend=0.000 quality=中画质 marker=84 npc=56
[2026-08-17T11:43:53Z INFO  steel_front::engine::game] ai: npcs=8 near=8 far=0 idle=0 patrol=0 chase=0 attack=8 tactics=[8, 0, 0, 0, 0, 0, 0, 0]
[2026-08-17T11:43:53Z INFO  steel_front::engine::game] game: wave=1 enemies=8 enemy_hp=100 hp=100/100 score=0 phys_us=2 ai_us=469 audio_us=26 net_us=0
[2026-08-17T11:43:54Z INFO  steel_front] cam: yaw=0.0 pitch=0.0 dist=3.4 mode=FirstPerson cycle_us=3034 update_us=40 render_us=2994
[2026-08-17T11:43:54Z INFO  steel_front] size diag: window_inner=2560x1600 hud=2560x1600
[2026-08-17T11:43:54Z INFO  steel_front] size diag: window_inner=2560x1600 hud=2560x1600
[2026-08-17T11:43:54Z INFO  steel_front] size diag: window_inner=2560x1600 hud=2560x1600
[2026-08-17T11:43:54Z INFO  steel_front] size diag: window_inner=2560x1600 hud=2560x1600
[2026-08-17T11:43:54Z INFO  steel_front] size diag: window_inner=2560x1600 hud=2560x1600
[2026-08-17T11:43:54Z INFO  steel_front] size diag: window_inner=2560x1600 hud=2560x1600
[2026-08-17T11:43:54Z INFO  steel_front] size diag: window_inner=2560x1600 hud=2560x1600
[2026-08-17T11:43:54Z INFO  steel_front] size diag: window_inner=2560x1600 hud=2560x1600
[2026-08-17T11:43:54Z INFO  steel_front] size diag: window_inner=2560x1600 hud=2560x1600
[2026-08-17T11:43:54Z INFO  steel_front] size diag: window_inner=2560x1600 hud=2560x1600
[2026-08-17T11:43:54Z INFO  steel_front] size diag: window_inner=2560x1600 hud=2560x1600
[2026-08-17T11:43:54Z INFO  steel_front] size diag: window_inner=2560x1600 hud=2560x1600
[2026-08-17T11:43:54Z INFO  steel_front] size diag: window_inner=2560x1600 hud=2560x1600
[2026-08-17T11:43:54Z INFO  steel_front] size diag: window_inner=2560x1600 hud=2560x1600
[2026-08-17T11:43:54Z INFO  steel_front] size diag: window_inner=2560x1600 hud=2560x1600
[2026-08-17T11:43:54Z INFO  steel_front] size diag: window_inner=2560x1600 hud=2560x1600
[2026-08-17T11:43:54Z INFO  steel_front] size diag: window_inner=2560x1600 hud=2560x1600
[2026-08-17T11:43:54Z INFO  steel_front] size diag: window_inner=2560x1600 hud=2560x1600
[2026-08-17T11:43:54Z INFO  steel_front::engine::renderer] visible=65536/65536 near=65536 far=0 fps=341.9 frame_us=2120 cull_us=0 terrain_us=0 wait_fence_us=2426 acquire_us=1 record_us=28 submit_us=27 present_us=176 terrain_lod=high blend=0.000 quality=中画质 marker=84 npc=56
[2026-08-17T11:43:54Z INFO  steel_front::engine::game] ai: npcs=8 near=8 far=0 idle=0 patrol=0 chase=0 attack=8 tactics=[8, 0, 0, 0, 0, 0, 0, 0]
[2026-08-17T11:43:54Z INFO  steel_front::engine::game] game: wave=1 enemies=8 enemy_hp=100 hp=100/100 score=0 phys_us=2 ai_us=311 audio_us=35 net_us=0
[2026-08-17T11:43:55Z INFO  steel_front] cam: yaw=0.0 pitch=0.0 dist=3.4 mode=FirstPerson cycle_us=3186 update_us=33 render_us=3153
[2026-08-17T11:43:55Z INFO  steel_front::engine::renderer] visible=65536/65536 near=65536 far=0 fps=357.9 frame_us=2446 cull_us=1 terrain_us=0 wait_fence_us=1679 acquire_us=1 record_us=84 submit_us=53 present_us=335 terrain_lod=high blend=0.000 quality=中画质 marker=84 npc=56
[2026-08-17T11:43:55Z INFO  steel_front::engine::game] ai: npcs=8 near=8 far=0 idle=0 patrol=0 chase=0 attack=8 tactics=[8, 0, 0, 0, 0, 0, 0, 0]
[2026-08-17T11:43:55Z INFO  steel_front::engine::game] game: wave=1 enemies=8 enemy_hp=100 hp=100/100 score=0 phys_us=4 ai_us=560 audio_us=26 net_us=0
[2026-08-17T11:43:56Z INFO  steel_front] cam: yaw=0.0 pitch=0.0 dist=3.4 mode=FirstPerson cycle_us=2780 update_us=36 render_us=2743
[2026-08-17T11:43:56Z INFO  steel_front::engine::renderer] visible=65536/65536 near=65536 far=0 fps=363.9 frame_us=2243 cull_us=0 terrain_us=0 wait_fence_us=1867 acquire_us=1 record_us=43 submit_us=35 present_us=213 terrain_lod=high blend=0.000 quality=中画质 marker=84 npc=56
[2026-08-17T11:43:56Z INFO  steel_front::engine::game] ai: npcs=8 near=8 far=0 idle=0 patrol=0 chase=0 attack=8 tactics=[8, 0, 0, 0, 0, 0, 0, 0]
[2026-08-17T11:43:56Z INFO  steel_front::engine::game] game: wave=1 enemies=8 enemy_hp=100 hp=100/100 score=0 phys_us=2 ai_us=554 audio_us=27 net_us=0
[2026-08-17T11:43:57Z INFO  steel_front] cam: yaw=0.0 pitch=0.0 dist=3.4 mode=FirstPerson cycle_us=3015 update_us=42 render_us=2973
[2026-08-17T11:43:57Z INFO  steel_front::engine::renderer] visible=65536/65536 near=65536 far=0 fps=364.6 frame_us=2326 cull_us=0 terrain_us=0 wait_fence_us=2068 acquire_us=1 record_us=47 submit_us=31 present_us=292 terrain_lod=high blend=0.000 quality=中画质 marker=84 npc=56
[2026-08-17T11:43:57Z INFO  steel_front::engine::game] ai: npcs=8 near=8 far=0 idle=0 patrol=0 chase=0 attack=8 tactics=[8, 0, 0, 0, 0, 0, 0, 0]
[2026-08-17T11:43:57Z INFO  steel_front::engine::game] game: wave=1 enemies=8 enemy_hp=100 hp=100/100 score=0 phys_us=2 ai_us=557 audio_us=22 net_us=0
[2026-08-17T11:43:58Z INFO  steel_front] cam: yaw=0.0 pitch=0.0 dist=3.4 mode=FirstPerson cycle_us=3155 update_us=48 render_us=3106
[2026-08-17T11:43:58Z INFO  steel_front::engine::renderer] visible=65536/65536 near=65536 far=0 fps=362.9 frame_us=2171 cull_us=0 terrain_us=0 wait_fence_us=1972 acquire_us=1 record_us=41 submit_us=32 present_us=296 terrain_lod=high blend=0.000 quality=中画质 marker=84 npc=56
[2026-08-17T11:43:58Z INFO  steel_front::engine::game] ai: npcs=8 near=8 far=0 idle=0 patrol=0 chase=0 attack=8 tactics=[8, 0, 0, 0, 0, 0, 0, 0]
[2026-08-17T11:43:58Z INFO  steel_front::engine::game] game: wave=1 enemies=8 enemy_hp=100 hp=100/100 score=0 phys_us=1 ai_us=436 audio_us=14 net_us=0
[2026-08-17T11:43:59Z INFO  steel_front] cam: yaw=0.0 pitch=0.0 dist=3.4 mode=FirstPerson cycle_us=2902 update_us=20 render_us=2882
[2026-08-17T11:43:59Z INFO  steel_front] size diag: window_inner=2560x1600 hud=2560x1600
[2026-08-17T11:43:59Z INFO  steel_front] size diag: window_inner=2560x1600 hud=2560x1600
[2026-08-17T11:43:59Z INFO  steel_front] size diag: window_inner=2560x1600 hud=2560x1600
[2026-08-17T11:43:59Z INFO  steel_front] size diag: window_inner=2560x1600 hud=2560x1600
[2026-08-17T11:43:59Z INFO  steel_front] size diag: window_inner=2560x1600 hud=2560x1600
[2026-08-17T11:43:59Z INFO  steel_front] size diag: window_inner=2560x1600 hud=2560x1600
[2026-08-17T11:43:59Z INFO  steel_front] size diag: window_inner=2560x1600 hud=2560x1600
[2026-08-17T11:43:59Z INFO  steel_front] size diag: window_inner=2560x1600 hud=2560x1600
[2026-08-17T11:43:59Z INFO  steel_front] size diag: window_inner=2560x1600 hud=2560x1600
[2026-08-17T11:43:59Z INFO  steel_front] size diag: window_inner=2560x1600 hud=2560x1600
[2026-08-17T11:43:59Z INFO  steel_front] size diag: window_inner=2560x1600 hud=2560x1600
[2026-08-17T11:43:59Z INFO  steel_front] size diag: window_inner=2560x1600 hud=2560x1600
[2026-08-17T11:43:59Z INFO  steel_front] size diag: window_inner=2560x1600 hud=2560x1600
[2026-08-17T11:43:59Z INFO  steel_front] size diag: window_inner=2560x1600 hud=2560x1600
[2026-08-17T11:43:59Z INFO  steel_front] size diag: window_inner=2560x1600 hud=2560x1600
[2026-08-17T11:43:59Z INFO  steel_front] size diag: window_inner=2560x1600 hud=2560x1600
[2026-08-17T11:43:59Z INFO  steel_front] size diag: window_inner=2560x1600 hud=2560x1600
[2026-08-17T11:43:59Z INFO  steel_front] size diag: window_inner=2560x1600 hud=2560x1600
[2026-08-17T11:43:59Z INFO  steel_front] size diag: window_inner=2560x1600 hud=2560x1600
[2026-08-17T11:43:59Z INFO  steel_front::engine::renderer] visible=65536/65536 near=65536 far=0 fps=365.0 frame_us=2194 cull_us=1 terrain_us=0 wait_fence_us=2005 acquire_us=1 record_us=71 submit_us=55 present_us=332 terrain_lod=high blend=0.000 quality=中画质 marker=84 npc=56
[2026-08-17T11:43:59Z INFO  steel_front::engine::game] ai: npcs=8 near=8 far=0 idle=0 patrol=0 chase=0 attack=8 tactics=[8, 0, 0, 0, 0, 0, 0, 0]
[2026-08-17T11:43:59Z INFO  steel_front::engine::game] game: wave=1 enemies=8 enemy_hp=100 hp=100/100 score=0 phys_us=2 ai_us=478 audio_us=18 net_us=0
[2026-08-17T11:44:00Z INFO  steel_front] cam: yaw=0.0 pitch=0.0 dist=3.4 mode=FirstPerson cycle_us=3309 update_us=25 render_us=3283
[2026-08-17T11:44:00Z INFO  steel_front::engine::renderer] visible=65536/65536 near=65536 far=0 fps=365.9 frame_us=2245 cull_us=0 terrain_us=0 wait_fence_us=2041 acquire_us=1 record_us=122 submit_us=47 present_us=328 terrain_lod=high blend=0.000 quality=中画质 marker=84 npc=56
[2026-08-17T11:44:00Z INFO  steel_front::engine::game] ai: npcs=8 near=8 far=0 idle=0 patrol=0 chase=0 attack=8 tactics=[8, 0, 0, 0, 0, 0, 0, 0]
[2026-08-17T11:44:00Z INFO  steel_front::engine::game] game: wave=1 enemies=8 enemy_hp=100 hp=100/100 score=0 phys_us=1 ai_us=452 audio_us=31 net_us=0
[2026-08-17T11:44:01Z INFO  steel_front] cam: yaw=0.0 pitch=0.0 dist=3.4 mode=FirstPerson cycle_us=2492 update_us=37 render_us=2454
[2026-08-17T11:44:01Z INFO  steel_front::engine::renderer] visible=65536/65536 near=65536 far=0 fps=368.5 frame_us=1921 cull_us=0 terrain_us=0 wait_fence_us=2413 acquire_us=1 record_us=21 submit_us=40 present_us=124 terrain_lod=high blend=0.000 quality=中画质 marker=84 npc=56
[2026-08-17T11:44:01Z INFO  steel_front::engine::game] ai: npcs=8 near=8 far=0 idle=0 patrol=0 chase=0 attack=8 tactics=[8, 0, 0, 0, 0, 0, 0, 0]
[2026-08-17T11:44:01Z INFO  steel_front::engine::game] game: wave=1 enemies=8 enemy_hp=100 hp=100/100 score=0 phys_us=1 ai_us=644 audio_us=29 net_us=0
[2026-08-17T11:44:02Z INFO  steel_front] cam: yaw=0.0 pitch=0.0 dist=3.4 mode=FirstPerson cycle_us=2840 update_us=36 render_us=2803
[2026-08-17T11:44:02Z INFO  steel_front::engine::renderer] visible=65536/65536 near=65536 far=0 fps=361.5 frame_us=2256 cull_us=25 terrain_us=0 wait_fence_us=1906 acquire_us=1 record_us=23 submit_us=35 present_us=197 terrain_lod=high blend=0.000 quality=中画质 marker=84 npc=56
[2026-08-17T11:44:02Z INFO  steel_front::engine::game] ai: npcs=8 near=8 far=0 idle=0 patrol=0 chase=0 attack=8 tactics=[8, 0, 0, 0, 0, 0, 0, 0]
[2026-08-17T11:44:02Z INFO  steel_front::engine::game] game: wave=1 enemies=8 enemy_hp=100 hp=100/100 score=0 phys_us=5 ai_us=743 audio_us=107 net_us=0
[2026-08-17T11:44:03Z INFO  steel_front] cam: yaw=0.0 pitch=0.0 dist=3.4 mode=FirstPerson cycle_us=2482 update_us=39 render_us=2442
[2026-08-17T11:44:03Z INFO  steel_front::engine::renderer] visible=65536/65536 near=65536 far=0 fps=358.8 frame_us=2600 cull_us=0 terrain_us=0 wait_fence_us=2077 acquire_us=1 record_us=41 submit_us=25 present_us=152 terrain_lod=high blend=0.000 quality=中画质 marker=84 npc=56
[2026-08-17T11:44:03Z INFO  steel_front::engine::game] ai: npcs=8 near=8 far=0 idle=0 patrol=0 chase=0 attack=8 tactics=[8, 0, 0, 0, 0, 0, 0, 0]
[2026-08-17T11:44:03Z INFO  steel_front::engine::game] game: wave=1 enemies=8 enemy_hp=100 hp=100/100 score=0 phys_us=5 ai_us=620 audio_us=15 net_us=0
[2026-08-17T11:44:04Z INFO  steel_front] cam: yaw=0.0 pitch=0.0 dist=3.4 mode=FirstPerson cycle_us=3309 update_us=54 render_us=3254
[2026-08-17T11:44:04Z INFO  steel_front] size diag: window_inner=2560x1600 hud=2560x1600
[2026-08-17T11:44:04Z INFO  steel_front] size diag: window_inner=2560x1600 hud=2560x1600
[2026-08-17T11:44:04Z INFO  steel_front] size diag: window_inner=2560x1600 hud=2560x1600
[2026-08-17T11:44:04Z INFO  steel_front] size diag: window_inner=2560x1600 hud=2560x1600
[2026-08-17T11:44:04Z INFO  steel_front] size diag: window_inner=2560x1600 hud=2560x1600
[2026-08-17T11:44:04Z INFO  steel_front] size diag: window_inner=2560x1600 hud=2560x1600
[2026-08-17T11:44:04Z INFO  steel_front] size diag: window_inner=2560x1600 hud=2560x1600
[2026-08-17T11:44:04Z INFO  steel_front] size diag: window_inner=2560x1600 hud=2560x1600
[2026-08-17T11:44:04Z INFO  steel_front] size diag: window_inner=2560x1600 hud=2560x1600
[2026-08-17T11:44:04Z INFO  steel_front] size diag: window_inner=2560x1600 hud=2560x1600
[2026-08-17T11:44:04Z INFO  steel_front] size diag: window_inner=2560x1600 hud=2560x1600
[2026-08-17T11:44:04Z INFO  steel_front] size diag: window_inner=2560x1600 hud=2560x1600
[2026-08-17T11:44:04Z INFO  steel_front] size diag: window_inner=2560x1600 hud=2560x1600
[2026-08-17T11:44:04Z INFO  steel_front] size diag: window_inner=2560x1600 hud=2560x1600
[2026-08-17T11:44:04Z INFO  steel_front] size diag: window_inner=2560x1600 hud=2560x1600
[2026-08-17T11:44:04Z INFO  steel_front] size diag: window_inner=2560x1600 hud=2560x1600
[2026-08-17T11:44:04Z INFO  steel_front] size diag: window_inner=2560x1600 hud=2560x1600
[2026-08-17T11:44:04Z INFO  steel_front] size diag: window_inner=2560x1600 hud=2560x1600
[2026-08-17T11:44:04Z INFO  steel_front::engine::renderer] visible=65536/65536 near=65536 far=0 fps=361.9 frame_us=2280 cull_us=0 terrain_us=0 wait_fence_us=1850 acquire_us=0 record_us=45 submit_us=60 present_us=419 terrain_lod=high blend=0.000 quality=中画质 marker=84 npc=56
[2026-08-17T11:44:04Z INFO  steel_front::engine::game] ai: npcs=8 near=8 far=0 idle=0 patrol=0 chase=0 attack=8 tactics=[8, 0, 0, 0, 0, 0, 0, 0]
[2026-08-17T11:44:04Z INFO  steel_front::engine::game] game: wave=1 enemies=8 enemy_hp=100 hp=100/100 score=0 phys_us=2 ai_us=261 audio_us=12 net_us=0
[2026-08-17T11:44:05Z INFO  steel_front] cam: yaw=0.0 pitch=0.0 dist=3.4 mode=FirstPerson cycle_us=2920 update_us=21 render_us=2898
[2026-08-17T11:44:05Z INFO  steel_front::engine::renderer] visible=65536/65536 near=65536 far=0 fps=366.2 frame_us=1938 cull_us=0 terrain_us=0 wait_fence_us=2452 acquire_us=1 record_us=27 submit_us=20 present_us=144 terrain_lod=high blend=0.000 quality=中画质 marker=84 npc=56
[2026-08-17T11:44:05Z INFO  steel_front::engine::game] ai: npcs=8 near=8 far=0 idle=0 patrol=0 chase=0 attack=8 tactics=[8, 0, 0, 0, 0, 0, 0, 0]
[2026-08-17T11:44:05Z INFO  steel_front::engine::game] game: wave=1 enemies=8 enemy_hp=100 hp=100/100 score=0 phys_us=2 ai_us=309 audio_us=27 net_us=0
[2026-08-17T11:44:06Z INFO  steel_front] cam: yaw=0.0 pitch=0.0 dist=3.4 mode=FirstPerson cycle_us=2537 update_us=41 render_us=2495
[2026-08-17T11:44:06Z INFO  steel_front::engine::renderer] visible=65536/65536 near=65536 far=0 fps=365.4 frame_us=2238 cull_us=0 terrain_us=0 wait_fence_us=2022 acquire_us=1 record_us=28 submit_us=27 present_us=125 terrain_lod=high blend=0.000 quality=中画质 marker=84 npc=56
[2026-08-17T11:44:06Z INFO  steel_front::engine::game] ai: npcs=8 near=8 far=0 idle=0 patrol=0 chase=0 attack=8 tactics=[8, 0, 0, 0, 0, 0, 0, 0]
[2026-08-17T11:44:06Z INFO  steel_front::engine::game] game: wave=1 enemies=8 enemy_hp=100 hp=100/100 score=0 phys_us=2 ai_us=525 audio_us=15 net_us=0
[2026-08-17T11:44:07Z INFO  steel_front] cam: yaw=0.0 pitch=0.0 dist=3.4 mode=FirstPerson cycle_us=2399 update_us=26 render_us=2372
[2026-08-17T11:44:07Z INFO  steel_front::engine::renderer] visible=65536/65536 near=65536 far=0 fps=366.8 frame_us=2083 cull_us=0 terrain_us=0 wait_fence_us=1694 acquire_us=0 record_us=45 submit_us=35 present_us=230 terrain_lod=high blend=0.000 quality=中画质 marker=84 npc=56
[2026-08-17T11:44:07Z INFO  steel_front::engine::game] ai: npcs=8 near=8 far=0 idle=0 patrol=0 chase=0 attack=8 tactics=[8, 0, 0, 0, 0, 0, 0, 0]
[2026-08-17T11:44:07Z INFO  steel_front::engine::game] game: wave=1 enemies=8 enemy_hp=100 hp=100/100 score=0 phys_us=1 ai_us=553 audio_us=25 net_us=0
[2026-08-17T11:44:08Z INFO  steel_front] cam: yaw=0.0 pitch=0.0 dist=3.4 mode=FirstPerson cycle_us=2876 update_us=33 render_us=2843
[2026-08-17T11:44:08Z INFO  steel_front::engine::renderer] visible=65536/65536 near=65536 far=0 fps=367.2 frame_us=2087 cull_us=0 terrain_us=0 wait_fence_us=2375 acquire_us=1 record_us=23 submit_us=19 present_us=129 terrain_lod=high blend=0.000 quality=中画质 marker=84 npc=56
[2026-08-17T11:44:08Z INFO  steel_front::engine::game] ai: npcs=8 near=8 far=0 idle=0 patrol=0 chase=0 attack=8 tactics=[8, 0, 0, 0, 0, 0, 0, 0]
[2026-08-17T11:44:08Z INFO  steel_front::engine::game] game: wave=1 enemies=8 enemy_hp=100 hp=100/100 score=0 phys_us=3 ai_us=324 audio_us=17 net_us=0
[2026-08-17T11:44:09Z INFO  steel_front] cam: yaw=0.0 pitch=0.0 dist=3.4 mode=FirstPerson cycle_us=2398 update_us=39 render_us=2359
[2026-08-17T11:44:09Z INFO  steel_front] size diag: window_inner=2560x1600 hud=2560x1600
[2026-08-17T11:44:09Z INFO  steel_front] size diag: window_inner=2560x1600 hud=2560x1600
[2026-08-17T11:44:09Z INFO  steel_front] size diag: window_inner=2560x1600 hud=2560x1600
[2026-08-17T11:44:09Z INFO  steel_front] size diag: window_inner=2560x1600 hud=2560x1600
[2026-08-17T11:44:09Z INFO  steel_front] size diag: window_inner=2560x1600 hud=2560x1600
[2026-08-17T11:44:09Z INFO  steel_front] size diag: window_inner=2560x1600 hud=2560x1600
[2026-08-17T11:44:09Z INFO  steel_front] size diag: window_inner=2560x1600 hud=2560x1600
[2026-08-17T11:44:09Z INFO  steel_front] size diag: window_inner=2560x1600 hud=2560x1600
[2026-08-17T11:44:09Z INFO  steel_front] size diag: window_inner=2560x1600 hud=2560x1600
[2026-08-17T11:44:09Z INFO  steel_front] size diag: window_inner=2560x1600 hud=2560x1600
[2026-08-17T11:44:09Z INFO  steel_front] size diag: window_inner=2560x1600 hud=2560x1600
[2026-08-17T11:44:09Z INFO  steel_front] size diag: window_inner=2560x1600 hud=2560x1600
[2026-08-17T11:44:09Z INFO  steel_front] size diag: window_inner=2560x1600 hud=2560x1600
[2026-08-17T11:44:09Z INFO  steel_front] size diag: window_inner=2560x1600 hud=2560x1600
[2026-08-17T11:44:09Z INFO  steel_front] size diag: window_inner=2560x1600 hud=2560x1600
[2026-08-17T11:44:09Z INFO  steel_front] size diag: window_inner=2560x1600 hud=2560x1600
[2026-08-17T11:44:09Z INFO  steel_front] size diag: window_inner=2560x1600 hud=2560x1600
[2026-08-17T11:44:09Z INFO  steel_front] size diag: window_inner=2560x1600 hud=2560x1600
[2026-08-17T11:44:09Z INFO  steel_front::engine::renderer] visible=65536/65536 near=65536 far=0 fps=367.2 frame_us=2569 cull_us=0 terrain_us=0 wait_fence_us=1955 acquire_us=0 record_us=82 submit_us=22 present_us=147 terrain_lod=high blend=0.000 quality=中画质 marker=84 npc=56
[2026-08-17T11:44:09Z INFO  steel_front::engine::game] ai: npcs=8 near=8 far=0 idle=0 patrol=0 chase=0 attack=8 tactics=[8, 0, 0, 0, 0, 0, 0, 0]
[2026-08-17T11:44:09Z INFO  steel_front::engine::game] game: wave=1 enemies=8 enemy_hp=100 hp=100/100 score=0 phys_us=2 ai_us=869 audio_us=29 net_us=0
[2026-08-17T11:44:10Z INFO  steel_front] cam: yaw=0.0 pitch=0.0 dist=3.4 mode=FirstPerson cycle_us=2862 update_us=20 render_us=2841
[2026-08-17T11:44:10Z INFO  steel_front::engine::renderer] visible=65536/65536 near=65536 far=0 fps=366.0 frame_us=2437 cull_us=0 terrain_us=0 wait_fence_us=2022 acquire_us=1 record_us=42 submit_us=26 present_us=136 terrain_lod=high blend=0.000 quality=中画质 marker=84 npc=56
[2026-08-17T11:44:10Z INFO  steel_front::engine::game] ai: npcs=8 near=8 far=0 idle=0 patrol=0 chase=0 attack=8 tactics=[8, 0, 0, 0, 0, 0, 0, 0]
[2026-08-17T11:44:10Z INFO  steel_front::engine::game] game: wave=1 enemies=8 enemy_hp=100 hp=100/100 score=0 phys_us=2 ai_us=493 audio_us=12 net_us=0
[2026-08-17T11:44:11Z INFO  steel_front] cam: yaw=0.0 pitch=0.0 dist=3.4 mode=FirstPerson cycle_us=3142 update_us=37 render_us=3104
[2026-08-17T11:44:11Z INFO  steel_front::engine::renderer] visible=65536/65536 near=65536 far=0 fps=366.1 frame_us=1919 cull_us=0 terrain_us=0 wait_fence_us=2418 acquire_us=1 record_us=24 submit_us=20 present_us=132 terrain_lod=high blend=0.000 quality=中画质 marker=84 npc=56
[2026-08-17T11:44:11Z INFO  steel_front::engine::game] ai: npcs=8 near=8 far=0 idle=0 patrol=0 chase=0 attack=8 tactics=[8, 0, 0, 0, 0, 0, 0, 0]
[2026-08-17T11:44:11Z INFO  steel_front::engine::game] game: wave=1 enemies=8 enemy_hp=100 hp=100/100 score=0 phys_us=1 ai_us=568 audio_us=26 net_us=0
[2026-08-17T11:44:12Z INFO  steel_front] cam: yaw=0.0 pitch=0.0 dist=3.4 mode=FirstPerson cycle_us=3006 update_us=21 render_us=2985
[2026-08-17T11:44:12Z INFO  steel_front::engine::renderer] visible=65536/65536 near=65536 far=0 fps=364.7 frame_us=2618 cull_us=1 terrain_us=0 wait_fence_us=1516 acquire_us=1 record_us=55 submit_us=81 present_us=293 terrain_lod=high blend=0.000 quality=中画质 marker=84 npc=56
[2026-08-17T11:44:12Z INFO  steel_front::engine::game] ai: npcs=8 near=8 far=0 idle=0 patrol=0 chase=0 attack=8 tactics=[8, 0, 0, 0, 0, 0, 0, 0]
[2026-08-17T11:44:12Z INFO  steel_front::engine::game] game: wave=1 enemies=8 enemy_hp=100 hp=100/100 score=0 phys_us=2 ai_us=980 audio_us=13 net_us=0
[2026-08-17T11:44:13Z INFO  steel_front] cam: yaw=0.0 pitch=0.0 dist=3.4 mode=FirstPerson cycle_us=2312 update_us=36 render_us=2276
[2026-08-17T11:44:13Z INFO  steel_front::engine::renderer] visible=65536/65536 near=65536 far=0 fps=367.8 frame_us=2603 cull_us=0 terrain_us=0 wait_fence_us=1764 acquire_us=1 record_us=43 submit_us=33 present_us=225 terrain_lod=high blend=0.000 quality=中画质 marker=84 npc=56
[2026-08-17T11:44:13Z INFO  steel_front::engine::game] ai: npcs=8 near=8 far=0 idle=0 patrol=0 chase=0 attack=8 tactics=[8, 0, 0, 0, 0, 0, 0, 0]
[2026-08-17T11:44:13Z INFO  steel_front::engine::game] game: wave=1 enemies=8 enemy_hp=100 hp=100/100 score=0 phys_us=2 ai_us=514 audio_us=18 net_us=0
[2026-08-17T11:44:14Z INFO  steel_front] cam: yaw=0.0 pitch=0.0 dist=3.4 mode=FirstPerson cycle_us=2705 update_us=30 render_us=2673
[2026-08-17T11:44:14Z INFO  steel_front] size diag: window_inner=2560x1600 hud=2560x1600
[2026-08-17T11:44:14Z INFO  steel_front] size diag: window_inner=2560x1600 hud=2560x1600
[2026-08-17T11:44:14Z INFO  steel_front] size diag: window_inner=2560x1600 hud=2560x1600
[2026-08-17T11:44:14Z INFO  steel_front] size diag: window_inner=2560x1600 hud=2560x1600
[2026-08-17T11:44:14Z INFO  steel_front] size diag: window_inner=2560x1600 hud=2560x1600
[2026-08-17T11:44:14Z INFO  steel_front] size diag: window_inner=2560x1600 hud=2560x1600
[2026-08-17T11:44:14Z INFO  steel_front] size diag: window_inner=2560x1600 hud=2560x1600
[2026-08-17T11:44:14Z INFO  steel_front] size diag: window_inner=2560x1600 hud=2560x1600
[2026-08-17T11:44:14Z INFO  steel_front] size diag: window_inner=2560x1600 hud=2560x1600
[2026-08-17T11:44:14Z INFO  steel_front] size diag: window_inner=2560x1600 hud=2560x1600
[2026-08-17T11:44:14Z INFO  steel_front] size diag: window_inner=2560x1600 hud=2560x1600
[2026-08-17T11:44:14Z INFO  steel_front] size diag: window_inner=2560x1600 hud=2560x1600
[2026-08-17T11:44:14Z INFO  steel_front] size diag: window_inner=2560x1600 hud=2560x1600
[2026-08-17T11:44:14Z INFO  steel_front] size diag: window_inner=2560x1600 hud=2560x1600
[2026-08-17T11:44:14Z INFO  steel_front] size diag: window_inner=2560x1600 hud=2560x1600
[2026-08-17T11:44:14Z INFO  steel_front] size diag: window_inner=2560x1600 hud=2560x1600
[2026-08-17T11:44:14Z INFO  steel_front] size diag: window_inner=2560x1600 hud=2560x1600
[2026-08-17T11:44:14Z INFO  steel_front::engine::renderer] visible=65536/65536 near=65536 far=0 fps=354.9 frame_us=2073 cull_us=0 terrain_us=0 wait_fence_us=2563 acquire_us=1 record_us=28 submit_us=21 present_us=149 terrain_lod=high blend=0.000 quality=中画质 marker=84 npc=56
[2026-08-17T11:44:14Z INFO  steel_front::engine::game] ai: npcs=8 near=8 far=0 idle=0 patrol=0 chase=0 attack=8 tactics=[8, 0, 0, 0, 0, 0, 0, 0]
[2026-08-17T11:44:14Z INFO  steel_front::engine::game] game: wave=1 enemies=8 enemy_hp=100 hp=100/100 score=0 phys_us=1 ai_us=664 audio_us=24 net_us=0
[2026-08-17T11:44:15Z INFO  steel_front] cam: yaw=0.0 pitch=0.0 dist=3.4 mode=FirstPerson cycle_us=3159 update_us=21 render_us=3138
[2026-08-17T11:44:15Z INFO  steel_front::engine::renderer] visible=65536/65536 near=65536 far=0 fps=361.7 frame_us=2653 cull_us=0 terrain_us=0 wait_fence_us=1809 acquire_us=1 record_us=43 submit_us=36 present_us=211 terrain_lod=high blend=0.000 quality=中画质 marker=84 npc=56
[2026-08-17T11:44:15Z INFO  steel_front::engine::game] ai: npcs=8 near=8 far=0 idle=0 patrol=0 chase=0 attack=8 tactics=[8, 0, 0, 0, 0, 0, 0, 0]
[2026-08-17T11:44:15Z INFO  steel_front::engine::game] game: wave=1 enemies=8 enemy_hp=100 hp=100/100 score=0 phys_us=1 ai_us=211 audio_us=33 net_us=0
[2026-08-17T11:44:16Z INFO  steel_front] cam: yaw=0.0 pitch=0.0 dist=3.4 mode=FirstPerson cycle_us=2482 update_us=26 render_us=2456
[2026-08-17T11:44:16Z INFO  steel_front::engine::renderer] visible=65536/65536 near=65536 far=0 fps=374.6 frame_us=2214 cull_us=0 terrain_us=0 wait_fence_us=1617 acquire_us=1 record_us=47 submit_us=41 present_us=232 terrain_lod=high blend=0.000 quality=中画质 marker=84 npc=56
[2026-08-17T11:44:16Z INFO  steel_front::engine::game] ai: npcs=8 near=8 far=0 idle=0 patrol=0 chase=0 attack=8 tactics=[8, 0, 0, 0, 0, 0, 0, 0]
[2026-08-17T11:44:16Z INFO  steel_front::engine::game] game: wave=1 enemies=8 enemy_hp=100 hp=100/100 score=0 phys_us=1 ai_us=436 audio_us=15 net_us=0
[2026-08-17T11:44:17Z INFO  steel_front] cam: yaw=0.0 pitch=0.0 dist=3.4 mode=FirstPerson cycle_us=2490 update_us=42 render_us=2448
[2026-08-17T11:44:17Z INFO  steel_front::engine::renderer] visible=65536/65536 near=65536 far=0 fps=374.7 frame_us=2225 cull_us=0 terrain_us=0 wait_fence_us=2289 acquire_us=0 record_us=23 submit_us=19 present_us=129 terrain_lod=high blend=0.000 quality=中画质 marker=84 npc=56
[2026-08-17T11:44:17Z INFO  steel_front::engine::game] ai: npcs=8 near=8 far=0 idle=0 patrol=0 chase=0 attack=8 tactics=[8, 0, 0, 0, 0, 0, 0, 0]
[2026-08-17T11:44:17Z INFO  steel_front::engine::game] game: wave=1 enemies=8 enemy_hp=100 hp=100/100 score=0 phys_us=1 ai_us=387 audio_us=28 net_us=0
[2026-08-17T11:44:18Z INFO  steel_front] cam: yaw=0.0 pitch=0.0 dist=3.4 mode=FirstPerson cycle_us=2897 update_us=35 render_us=2862
[2026-08-17T11:44:18Z INFO  steel_front::engine::renderer] visible=65536/65536 near=65536 far=0 fps=365.5 frame_us=2484 cull_us=0 terrain_us=0 wait_fence_us=1827 acquire_us=1 record_us=41 submit_us=109 present_us=234 terrain_lod=high blend=0.000 quality=中画质 marker=84 npc=56
[2026-08-17T11:44:18Z INFO  steel_front::engine::game] ai: npcs=8 near=8 far=0 idle=0 patrol=0 chase=0 attack=8 tactics=[8, 0, 0, 0, 0, 0, 0, 0]
[2026-08-17T11:44:18Z INFO  steel_front::engine::game] game: wave=1 enemies=8 enemy_hp=100 hp=100/100 score=0 phys_us=1 ai_us=389 audio_us=28 net_us=0
[2026-08-17T11:44:19Z INFO  steel_front] cam: yaw=0.0 pitch=0.0 dist=3.4 mode=FirstPerson cycle_us=2781 update_us=36 render_us=2745
[2026-08-17T11:44:19Z INFO  steel_front] size diag: window_inner=2560x1600 hud=2560x1600
[2026-08-17T11:44:19Z INFO  steel_front] size diag: window_inner=2560x1600 hud=2560x1600
[2026-08-17T11:44:19Z INFO  steel_front] size diag: window_inner=2560x1600 hud=2560x1600
[2026-08-17T11:44:19Z INFO  steel_front] size diag: window_inner=2560x1600 hud=2560x1600
[2026-08-17T11:44:19Z INFO  steel_front] size diag: window_inner=2560x1600 hud=2560x1600
[2026-08-17T11:44:19Z INFO  steel_front] size diag: window_inner=2560x1600 hud=2560x1600
[2026-08-17T11:44:19Z INFO  steel_front] size diag: window_inner=2560x1600 hud=2560x1600
[2026-08-17T11:44:19Z INFO  steel_front] size diag: window_inner=2560x1600 hud=2560x1600
[2026-08-17T11:44:19Z INFO  steel_front] size diag: window_inner=2560x1600 hud=2560x1600
[2026-08-17T11:44:19Z INFO  steel_front] size diag: window_inner=2560x1600 hud=2560x1600
[2026-08-17T11:44:19Z INFO  steel_front] size diag: window_inner=2560x1600 hud=2560x1600
[2026-08-17T11:44:19Z INFO  steel_front] size diag: window_inner=2560x1600 hud=2560x1600
[2026-08-17T11:44:19Z INFO  steel_front] size diag: window_inner=2560x1600 hud=2560x1600
[2026-08-17T11:44:19Z INFO  steel_front] size diag: window_inner=2560x1600 hud=2560x1600
[2026-08-17T11:44:19Z INFO  steel_front] size diag: window_inner=2560x1600 hud=2560x1600
[2026-08-17T11:44:19Z INFO  steel_front] size diag: window_inner=2560x1600 hud=2560x1600
[2026-08-17T11:44:19Z INFO  steel_front] size diag: window_inner=2560x1600 hud=2560x1600
[2026-08-17T11:44:19Z INFO  steel_front] size diag: window_inner=2560x1600 hud=2560x1600
[2026-08-17T11:44:19Z INFO  steel_front] size diag: window_inner=2560x1600 hud=2560x1600
[2026-08-17T11:44:19Z INFO  steel_front::engine::renderer] visible=65536/65536 near=65536 far=0 fps=376.2 frame_us=2059 cull_us=0 terrain_us=0 wait_fence_us=1801 acquire_us=1 record_us=40 submit_us=30 present_us=209 terrain_lod=high blend=0.000 quality=中画质 marker=84 npc=56
[2026-08-17T11:44:19Z INFO  steel_front::engine::game] ai: npcs=8 near=8 far=0 idle=0 patrol=0 chase=0 attack=8 tactics=[8, 0, 0, 0, 0, 0, 0, 0]
[2026-08-17T11:44:19Z INFO  steel_front::engine::game] game: wave=1 enemies=8 enemy_hp=100 hp=100/100 score=0 phys_us=2 ai_us=400 audio_us=26 net_us=0
[2026-08-17T11:44:20Z INFO  steel_front] cam: yaw=0.0 pitch=0.0 dist=3.4 mode=FirstPerson cycle_us=2652 update_us=37 render_us=2614
[2026-08-17T11:44:20Z INFO  steel_front::engine::renderer] visible=65536/65536 near=65536 far=0 fps=361.5 frame_us=2363 cull_us=0 terrain_us=0 wait_fence_us=1863 acquire_us=1 record_us=41 submit_us=33 present_us=473 terrain_lod=high blend=0.000 quality=中画质 marker=84 npc=56
[2026-08-17T11:44:20Z INFO  steel_front::engine::game] ai: npcs=8 near=8 far=0 idle=0 patrol=0 chase=0 attack=8 tactics=[8, 0, 0, 0, 0, 0, 0, 0]
[2026-08-17T11:44:20Z INFO  steel_front::engine::game] game: wave=1 enemies=8 enemy_hp=100 hp=100/100 score=0 phys_us=2 ai_us=759 audio_us=19 net_us=0
[2026-08-17T11:44:21Z INFO  steel_front] cam: yaw=0.0 pitch=0.0 dist=3.4 mode=FirstPerson cycle_us=3007 update_us=37 render_us=2970
[2026-08-17T11:44:21Z INFO  steel_front::engine::renderer] visible=65536/65536 near=65536 far=0 fps=360.6 frame_us=2382 cull_us=0 terrain_us=0 wait_fence_us=1815 acquire_us=0 record_us=43 submit_us=36 present_us=288 terrain_lod=high blend=0.000 quality=中画质 marker=84 npc=56
[2026-08-17T11:44:21Z INFO  steel_front::engine::game] ai: npcs=8 near=8 far=0 idle=0 patrol=0 chase=0 attack=8 tactics=[8, 0, 0, 0, 0, 0, 0, 0]
[2026-08-17T11:44:21Z INFO  steel_front::engine::game] game: wave=1 enemies=8 enemy_hp=100 hp=100/100 score=0 phys_us=1 ai_us=574 audio_us=13 net_us=0
[2026-08-17T11:44:22Z INFO  steel_front] cam: yaw=0.0 pitch=0.0 dist=3.4 mode=FirstPerson cycle_us=2637 update_us=43 render_us=2594
[2026-08-17T11:44:22Z INFO  steel_front::engine::renderer] visible=65536/65536 near=65536 far=0 fps=363.4 frame_us=2384 cull_us=0 terrain_us=0 wait_fence_us=1859 acquire_us=1 record_us=41 submit_us=31 present_us=257 terrain_lod=high blend=0.000 quality=中画质 marker=84 npc=56
[2026-08-17T11:44:22Z INFO  steel_front::engine::game] ai: npcs=8 near=8 far=0 idle=0 patrol=0 chase=0 attack=8 tactics=[8, 0, 0, 0, 0, 0, 0, 0]
[2026-08-17T11:44:22Z INFO  steel_front::engine::game] game: wave=1 enemies=8 enemy_hp=100 hp=100/100 score=0 phys_us=3 ai_us=731 audio_us=16 net_us=0
[2026-08-17T11:44:23Z INFO  steel_front] cam: yaw=0.0 pitch=0.0 dist=3.4 mode=FirstPerson cycle_us=2689 update_us=42 render_us=2646
[2026-08-17T11:44:23Z INFO  steel_front::engine::renderer] visible=65536/65536 near=65536 far=0 fps=364.0 frame_us=2104 cull_us=0 terrain_us=0 wait_fence_us=2223 acquire_us=1 record_us=41 submit_us=34 present_us=278 terrain_lod=high blend=0.000 quality=中画质 marker=84 npc=56
[2026-08-17T11:44:23Z INFO  steel_front::engine::game] ai: npcs=8 near=8 far=0 idle=0 patrol=0 chase=0 attack=8 tactics=[8, 0, 0, 0, 0, 0, 0, 0]
[2026-08-17T11:44:23Z INFO  steel_front::engine::game] game: wave=1 enemies=8 enemy_hp=100 hp=100/100 score=0 phys_us=2 ai_us=400 audio_us=31 net_us=0
[2026-08-17T11:44:24Z INFO  steel_front] cam: yaw=0.0 pitch=0.0 dist=3.4 mode=FirstPerson cycle_us=3392 update_us=43 render_us=3348
[2026-08-17T11:44:24Z INFO  steel_front] size diag: window_inner=2560x1600 hud=2560x1600
[2026-08-17T11:44:24Z INFO  steel_front] size diag: window_inner=2560x1600 hud=2560x1600
[2026-08-17T11:44:24Z INFO  steel_front] size diag: window_inner=2560x1600 hud=2560x1600
[2026-08-17T11:44:24Z INFO  steel_front] size diag: window_inner=2560x1600 hud=2560x1600
[2026-08-17T11:44:24Z INFO  steel_front] size diag: window_inner=2560x1600 hud=2560x1600
[2026-08-17T11:44:24Z INFO  steel_front] size diag: window_inner=2560x1600 hud=2560x1600
[2026-08-17T11:44:24Z INFO  steel_front] size diag: window_inner=2560x1600 hud=2560x1600
[2026-08-17T11:44:24Z INFO  steel_front] size diag: window_inner=2560x1600 hud=2560x1600
[2026-08-17T11:44:24Z INFO  steel_front] size diag: window_inner=2560x1600 hud=2560x1600
[2026-08-17T11:44:24Z INFO  steel_front] size diag: window_inner=2560x1600 hud=2560x1600
[2026-08-17T11:44:24Z INFO  steel_front] size diag: window_inner=2560x1600 hud=2560x1600
[2026-08-17T11:44:24Z INFO  steel_front] size diag: window_inner=2560x1600 hud=2560x1600
[2026-08-17T11:44:24Z INFO  steel_front] size diag: window_inner=2560x1600 hud=2560x1600
[2026-08-17T11:44:24Z INFO  steel_front] size diag: window_inner=2560x1600 hud=2560x1600
[2026-08-17T11:44:24Z INFO  steel_front] size diag: window_inner=2560x1600 hud=2560x1600
[2026-08-17T11:44:24Z INFO  steel_front] size diag: window_inner=2560x1600 hud=2560x1600
[2026-08-17T11:44:24Z INFO  steel_front] size diag: window_inner=2560x1600 hud=2560x1600
[2026-08-17T11:44:24Z INFO  steel_front] size diag: window_inner=2560x1600 hud=2560x1600
[2026-08-17T11:44:24Z INFO  steel_front] size diag: window_inner=2560x1600 hud=2560x1600
[2026-08-17T11:44:24Z INFO  steel_front::engine::renderer] visible=65536/65536 near=65536 far=0 fps=364.7 frame_us=2446 cull_us=0 terrain_us=0 wait_fence_us=1832 acquire_us=0 record_us=115 submit_us=136 present_us=200 terrain_lod=high blend=0.000 quality=中画质 marker=84 npc=56
[2026-08-17T11:44:24Z INFO  steel_front::engine::game] ai: npcs=8 near=8 far=0 idle=0 patrol=0 chase=0 attack=8 tactics=[8, 0, 0, 0, 0, 0, 0, 0]
[2026-08-17T11:44:24Z INFO  steel_front::engine::game] game: wave=1 enemies=8 enemy_hp=100 hp=100/100 score=0 phys_us=2 ai_us=493 audio_us=24 net_us=0
[2026-08-17T11:44:25Z INFO  steel_front] cam: yaw=0.0 pitch=0.0 dist=3.4 mode=FirstPerson cycle_us=2660 update_us=38 render_us=2621
[2026-08-17T11:44:25Z INFO  steel_front::engine::renderer] visible=65536/65536 near=65536 far=0 fps=367.1 frame_us=1960 cull_us=0 terrain_us=0 wait_fence_us=2189 acquire_us=1 record_us=23 submit_us=24 present_us=161 terrain_lod=high blend=0.000 quality=中画质 marker=84 npc=56
[2026-08-17T11:44:25Z INFO  steel_front::engine::game] ai: npcs=8 near=8 far=0 idle=0 patrol=0 chase=0 attack=8 tactics=[8, 0, 0, 0, 0, 0, 0, 0]
[2026-08-17T11:44:25Z INFO  steel_front::engine::game] game: wave=1 enemies=8 enemy_hp=100 hp=100/100 score=0 phys_us=2 ai_us=483 audio_us=29 net_us=0
[2026-08-17T11:44:26Z INFO  steel_front] cam: yaw=0.0 pitch=0.0 dist=3.4 mode=FirstPerson cycle_us=2615 update_us=22 render_us=2593
[2026-08-17T11:44:26Z INFO  steel_front::engine::renderer] visible=65536/65536 near=65536 far=0 fps=369.4 frame_us=2648 cull_us=0 terrain_us=0 wait_fence_us=1805 acquire_us=0 record_us=37 submit_us=39 present_us=210 terrain_lod=high blend=0.000 quality=中画质 marker=84 npc=56
[2026-08-17T11:44:26Z INFO  steel_front::engine::game] ai: npcs=8 near=8 far=0 idle=0 patrol=0 chase=0 attack=8 tactics=[8, 0, 0, 0, 0, 0, 0, 0]
[2026-08-17T11:44:26Z INFO  steel_front::engine::game] game: wave=1 enemies=8 enemy_hp=100 hp=100/100 score=0 phys_us=1 ai_us=574 audio_us=32 net_us=0
[2026-08-17T11:44:27Z INFO  steel_front] cam: yaw=0.0 pitch=0.0 dist=3.4 mode=FirstPerson cycle_us=2930 update_us=38 render_us=2892
[2026-08-17T11:44:27Z INFO  steel_front::engine::renderer] visible=65536/65536 near=65536 far=0 fps=357.9 frame_us=2898 cull_us=0 terrain_us=0 wait_fence_us=1639 acquire_us=1 record_us=48 submit_us=36 present_us=280 terrain_lod=high blend=0.000 quality=中画质 marker=84 npc=56
[2026-08-17T11:44:27Z INFO  steel_front::engine::game] ai: npcs=8 near=8 far=0 idle=0 patrol=0 chase=0 attack=8 tactics=[8, 0, 0, 0, 0, 0, 0, 0]
[2026-08-17T11:44:27Z INFO  steel_front::engine::game] game: wave=1 enemies=8 enemy_hp=100 hp=100/100 score=0 phys_us=2 ai_us=646 audio_us=33 net_us=0
[2026-08-17T11:44:28Z INFO  steel_front] cam: yaw=0.0 pitch=0.0 dist=3.4 mode=FirstPerson cycle_us=2397 update_us=42 render_us=2353
[2026-08-17T11:44:28Z INFO  steel_front::engine::renderer] visible=65536/65536 near=65536 far=0 fps=360.9 frame_us=2476 cull_us=0 terrain_us=0 wait_fence_us=1750 acquire_us=0 record_us=37 submit_us=39 present_us=210 terrain_lod=high blend=0.000 quality=中画质 marker=84 npc=56
[2026-08-17T11:44:28Z INFO  steel_front::engine::game] ai: npcs=8 near=8 far=0 idle=0 patrol=0 chase=0 attack=8 tactics=[8, 0, 0, 0, 0, 0, 0, 0]
[2026-08-17T11:44:28Z INFO  steel_front::engine::game] game: wave=1 enemies=8 enemy_hp=100 hp=100/100 score=0 phys_us=2 ai_us=233 audio_us=35 net_us=0
[2026-08-17T11:44:29Z INFO  steel_front] cam: yaw=0.0 pitch=0.0 dist=3.4 mode=FirstPerson cycle_us=2978 update_us=29 render_us=2948
[2026-08-17T11:44:29Z INFO  steel_front] size diag: window_inner=2560x1600 hud=2560x1600
[2026-08-17T11:44:29Z INFO  steel_front] size diag: window_inner=2560x1600 hud=2560x1600
[2026-08-17T11:44:29Z INFO  steel_front] size diag: window_inner=2560x1600 hud=2560x1600
[2026-08-17T11:44:29Z INFO  steel_front] size diag: window_inner=2560x1600 hud=2560x1600
[2026-08-17T11:44:29Z INFO  steel_front] size diag: window_inner=2560x1600 hud=2560x1600
[2026-08-17T11:44:29Z INFO  steel_front] size diag: window_inner=2560x1600 hud=2560x1600
[2026-08-17T11:44:29Z INFO  steel_front] size diag: window_inner=2560x1600 hud=2560x1600
[2026-08-17T11:44:29Z INFO  steel_front] size diag: window_inner=2560x1600 hud=2560x1600
[2026-08-17T11:44:29Z INFO  steel_front] size diag: window_inner=2560x1600 hud=2560x1600
[2026-08-17T11:44:29Z INFO  steel_front] size diag: window_inner=2560x1600 hud=2560x1600
[2026-08-17T11:44:29Z INFO  steel_front] size diag: window_inner=2560x1600 hud=2560x1600
[2026-08-17T11:44:29Z INFO  steel_front] size diag: window_inner=2560x1600 hud=2560x1600
[2026-08-17T11:44:29Z INFO  steel_front] size diag: window_inner=2560x1600 hud=2560x1600
[2026-08-17T11:44:29Z INFO  steel_front] size diag: window_inner=2560x1600 hud=2560x1600
[2026-08-17T11:44:29Z INFO  steel_front] size diag: window_inner=2560x1600 hud=2560x1600
[2026-08-17T11:44:29Z INFO  steel_front] size diag: window_inner=2560x1600 hud=2560x1600
[2026-08-17T11:44:29Z INFO  steel_front::engine::renderer] visible=65536/65536 near=65536 far=0 fps=351.4 frame_us=2119 cull_us=1 terrain_us=0 wait_fence_us=2055 acquire_us=1 record_us=37 submit_us=35 present_us=218 terrain_lod=high blend=0.000 quality=中画质 marker=84 npc=56
[2026-08-17T11:44:29Z INFO  steel_front::engine::game] ai: npcs=8 near=8 far=0 idle=0 patrol=0 chase=0 attack=8 tactics=[8, 0, 0, 0, 0, 0, 0, 0]
[2026-08-17T11:44:29Z INFO  steel_front::engine::game] game: wave=1 enemies=8 enemy_hp=100 hp=100/100 score=0 phys_us=2 ai_us=836 audio_us=31 net_us=0
[2026-08-17T11:44:30Z INFO  steel_front] cam: yaw=0.0 pitch=0.0 dist=3.4 mode=FirstPerson cycle_us=2910 update_us=24 render_us=2885
[2026-08-17T11:44:30Z INFO  steel_front::engine::renderer] visible=65536/65536 near=65536 far=0 fps=358.1 frame_us=2749 cull_us=1 terrain_us=0 wait_fence_us=1688 acquire_us=1 record_us=100 submit_us=87 present_us=514 terrain_lod=high blend=0.000 quality=中画质 marker=84 npc=56
[2026-08-17T11:44:30Z INFO  steel_front::engine::game] ai: npcs=8 near=8 far=0 idle=0 patrol=0 chase=0 attack=8 tactics=[8, 0, 0, 0, 0, 0, 0, 0]
[2026-08-17T11:44:30Z INFO  steel_front::engine::game] game: wave=1 enemies=8 enemy_hp=100 hp=100/100 score=0 phys_us=2 ai_us=572 audio_us=29 net_us=0
[2026-08-17T11:44:31Z INFO  steel_front] cam: yaw=0.0 pitch=0.0 dist=3.4 mode=FirstPerson cycle_us=2958 update_us=36 render_us=2921
[2026-08-17T11:44:31Z INFO  steel_front::engine::renderer] visible=65536/65536 near=65536 far=0 fps=357.7 frame_us=2364 cull_us=0 terrain_us=0 wait_fence_us=1852 acquire_us=1 record_us=44 submit_us=41 present_us=245 terrain_lod=high blend=0.000 quality=中画质 marker=84 npc=56
[2026-08-17T11:44:31Z INFO  steel_front::engine::game] ai: npcs=8 near=8 far=0 idle=0 patrol=0 chase=0 attack=8 tactics=[8, 0, 0, 0, 0, 0, 0, 0]
[2026-08-17T11:44:31Z INFO  steel_front::engine::game] game: wave=1 enemies=8 enemy_hp=100 hp=100/100 score=0 phys_us=1 ai_us=443 audio_us=22 net_us=0
[2026-08-17T11:44:32Z INFO  steel_front] cam: yaw=0.0 pitch=0.0 dist=3.4 mode=FirstPerson cycle_us=2520 update_us=37 render_us=2482
[2026-08-17T11:44:32Z INFO  steel_front::engine::renderer] visible=65536/65536 near=65536 far=0 fps=366.2 frame_us=2181 cull_us=0 terrain_us=0 wait_fence_us=2089 acquire_us=0 record_us=37 submit_us=32 present_us=318 terrain_lod=high blend=0.000 quality=中画质 marker=84 npc=56
[2026-08-17T11:44:32Z INFO  steel_front::engine::game] ai: npcs=8 near=8 far=0 idle=0 patrol=0 chase=0 attack=8 tactics=[8, 0, 0, 0, 0, 0, 0, 0]
[2026-08-17T11:44:32Z INFO  steel_front::engine::game] game: wave=1 enemies=8 enemy_hp=100 hp=100/100 score=0 phys_us=1 ai_us=188 audio_us=33 net_us=0
[2026-08-17T11:44:33Z INFO  steel_front] cam: yaw=0.0 pitch=0.0 dist=3.4 mode=FirstPerson cycle_us=2820 update_us=20 render_us=2799
[2026-08-17T11:44:33Z INFO  steel_front::engine::renderer] visible=65536/65536 near=65536 far=0 fps=365.9 frame_us=1841 cull_us=0 terrain_us=0 wait_fence_us=2015 acquire_us=1 record_us=38 submit_us=33 present_us=304 terrain_lod=high blend=0.000 quality=中画质 marker=84 npc=56
[2026-08-17T11:44:33Z INFO  steel_front::engine::game] ai: npcs=8 near=8 far=0 idle=0 patrol=0 chase=0 attack=8 tactics=[8, 0, 0, 0, 0, 0, 0, 0]
[2026-08-17T11:44:33Z INFO  steel_front::engine::game] game: wave=1 enemies=8 enemy_hp=100 hp=100/100 score=0 phys_us=1 ai_us=441 audio_us=21 net_us=0
[2026-08-17T11:44:34Z INFO  steel_front] cam: yaw=0.0 pitch=0.0 dist=3.4 mode=FirstPerson cycle_us=2619 update_us=38 render_us=2581
[2026-08-17T11:44:34Z INFO  steel_front] size diag: window_inner=2560x1600 hud=2560x1600
[2026-08-17T11:44:34Z INFO  steel_front] size diag: window_inner=2560x1600 hud=2560x1600
[2026-08-17T11:44:34Z INFO  steel_front] size diag: window_inner=2560x1600 hud=2560x1600
[2026-08-17T11:44:34Z INFO  steel_front] size diag: window_inner=2560x1600 hud=2560x1600
[2026-08-17T11:44:34Z INFO  steel_front] size diag: window_inner=2560x1600 hud=2560x1600
[2026-08-17T11:44:34Z INFO  steel_front] size diag: window_inner=2560x1600 hud=2560x1600
[2026-08-17T11:44:34Z INFO  steel_front] size diag: window_inner=2560x1600 hud=2560x1600
[2026-08-17T11:44:34Z INFO  steel_front] size diag: window_inner=2560x1600 hud=2560x1600
[2026-08-17T11:44:34Z INFO  steel_front] size diag: window_inner=2560x1600 hud=2560x1600
[2026-08-17T11:44:34Z INFO  steel_front] size diag: window_inner=2560x1600 hud=2560x1600
[2026-08-17T11:44:34Z INFO  steel_front] size diag: window_inner=2560x1600 hud=2560x1600
[2026-08-17T11:44:34Z INFO  steel_front] size diag: window_inner=2560x1600 hud=2560x1600
[2026-08-17T11:44:34Z INFO  steel_front] size diag: window_inner=2560x1600 hud=2560x1600
[2026-08-17T11:44:34Z INFO  steel_front] size diag: window_inner=2560x1600 hud=2560x1600
[2026-08-17T11:44:34Z INFO  steel_front] size diag: window_inner=2560x1600 hud=2560x1600
[2026-08-17T11:44:34Z INFO  steel_front] size diag: window_inner=2560x1600 hud=2560x1600
[2026-08-17T11:44:34Z INFO  steel_front] size diag: window_inner=2560x1600 hud=2560x1600
[2026-08-17T11:44:34Z INFO  steel_front] size diag: window_inner=2560x1600 hud=2560x1600
[2026-08-17T11:44:34Z INFO  steel_front::engine::renderer] visible=65536/65536 near=65536 far=0 fps=367.0 frame_us=2386 cull_us=0 terrain_us=0 wait_fence_us=1445 acquire_us=1 record_us=43 submit_us=35 present_us=249 terrain_lod=high blend=0.000 quality=中画质 marker=84 npc=56
[2026-08-17T11:44:34Z INFO  steel_front::engine::game] ai: npcs=8 near=8 far=0 idle=0 patrol=0 chase=0 attack=8 tactics=[8, 0, 0, 0, 0, 0, 0, 0]
[2026-08-17T11:44:34Z INFO  steel_front::engine::game] game: wave=1 enemies=8 enemy_hp=100 hp=100/100 score=0 phys_us=2 ai_us=453 audio_us=29 net_us=0
[2026-08-17T11:44:35Z INFO  steel_front] cam: yaw=0.0 pitch=0.0 dist=3.4 mode=FirstPerson cycle_us=1930 update_us=44 render_us=1886
[2026-08-17T11:44:35Z INFO  steel_front::engine::renderer] visible=65536/65536 near=65536 far=0 fps=363.8 frame_us=2168 cull_us=0 terrain_us=0 wait_fence_us=2064 acquire_us=1 record_us=20 submit_us=19 present_us=130 terrain_lod=high blend=0.000 quality=中画质 marker=84 npc=56
[2026-08-17T11:44:35Z INFO  steel_front::engine::game] ai: npcs=8 near=8 far=0 idle=0 patrol=0 chase=0 attack=8 tactics=[8, 0, 0, 0, 0, 0, 0, 0]
[2026-08-17T11:44:35Z INFO  steel_front::engine::game] game: wave=1 enemies=8 enemy_hp=100 hp=100/100 score=0 phys_us=4 ai_us=544 audio_us=15 net_us=0
[2026-08-17T11:44:36Z INFO  steel_front] cam: yaw=0.0 pitch=0.0 dist=3.4 mode=FirstPerson cycle_us=2481 update_us=41 render_us=2439
[2026-08-17T11:44:36Z INFO  steel_front::engine::renderer] visible=65536/65536 near=65536 far=0 fps=367.6 frame_us=2130 cull_us=0 terrain_us=0 wait_fence_us=1789 acquire_us=1 record_us=37 submit_us=32 present_us=207 terrain_lod=high blend=0.000 quality=中画质 marker=84 npc=56
[2026-08-17T11:44:36Z INFO  steel_front::engine::game] ai: npcs=8 near=8 far=0 idle=0 patrol=0 chase=0 attack=8 tactics=[8, 0, 0, 0, 0, 0, 0, 0]
[2026-08-17T11:44:36Z INFO  steel_front::engine::game] game: wave=1 enemies=8 enemy_hp=100 hp=100/100 score=0 phys_us=4 ai_us=536 audio_us=15 net_us=0
[2026-08-17T11:44:37Z INFO  steel_front] cam: yaw=0.0 pitch=0.0 dist=3.4 mode=FirstPerson cycle_us=2964 update_us=20 render_us=2943
[2026-08-17T11:44:37Z INFO  steel_front::engine::renderer] visible=65536/65536 near=65536 far=0 fps=367.0 frame_us=2145 cull_us=0 terrain_us=0 wait_fence_us=2084 acquire_us=1 record_us=36 submit_us=31 present_us=251 terrain_lod=high blend=0.000 quality=中画质 marker=84 npc=56
[2026-08-17T11:44:37Z INFO  steel_front::engine::game] ai: npcs=8 near=8 far=0 idle=0 patrol=0 chase=0 attack=8 tactics=[8, 0, 0, 0, 0, 0, 0, 0]
[2026-08-17T11:44:37Z INFO  steel_front::engine::game] game: wave=1 enemies=8 enemy_hp=100 hp=100/100 score=0 phys_us=2 ai_us=1093 audio_us=19 net_us=0
[2026-08-17T11:44:38Z INFO  steel_front] cam: yaw=0.0 pitch=0.0 dist=3.4 mode=FirstPerson cycle_us=2737 update_us=36 render_us=2700
[2026-08-17T11:44:38Z INFO  steel_front::engine::renderer] visible=65536/65536 near=65536 far=0 fps=363.8 frame_us=2448 cull_us=3 terrain_us=0 wait_fence_us=1710 acquire_us=2 record_us=59 submit_us=46 present_us=269 terrain_lod=high blend=0.000 quality=中画质 marker=84 npc=56
[2026-08-17T11:44:38Z INFO  steel_front::engine::game] ai: npcs=8 near=8 far=0 idle=0 patrol=0 chase=0 attack=8 tactics=[8, 0, 0, 0, 0, 0, 0, 0]
[2026-08-17T11:44:38Z INFO  steel_front::engine::game] game: wave=1 enemies=8 enemy_hp=100 hp=100/100 score=0 phys_us=2 ai_us=540 audio_us=27 net_us=0
[2026-08-17T11:44:39Z INFO  steel_front] cam: yaw=0.0 pitch=0.0 dist=3.4 mode=FirstPerson cycle_us=2596 update_us=29 render_us=2566
[2026-08-17T11:44:39Z INFO  steel_front] size diag: window_inner=2560x1600 hud=2560x1600
[2026-08-17T11:44:39Z INFO  steel_front] size diag: window_inner=2560x1600 hud=2560x1600
[2026-08-17T11:44:39Z INFO  steel_front] size diag: window_inner=2560x1600 hud=2560x1600
[2026-08-17T11:44:39Z INFO  steel_front] size diag: window_inner=2560x1600 hud=2560x1600
[2026-08-17T11:44:39Z INFO  steel_front] size diag: window_inner=2560x1600 hud=2560x1600
[2026-08-17T11:44:39Z INFO  steel_front] size diag: window_inner=2560x1600 hud=2560x1600
[2026-08-17T11:44:39Z INFO  steel_front] size diag: window_inner=2560x1600 hud=2560x1600
[2026-08-17T11:44:39Z INFO  steel_front] size diag: window_inner=2560x1600 hud=2560x1600
[2026-08-17T11:44:39Z INFO  steel_front] size diag: window_inner=2560x1600 hud=2560x1600
[2026-08-17T11:44:39Z INFO  steel_front] size diag: window_inner=2560x1600 hud=2560x1600
[2026-08-17T11:44:39Z INFO  steel_front] size diag: window_inner=2560x1600 hud=2560x1600
[2026-08-17T11:44:39Z INFO  steel_front] size diag: window_inner=2560x1600 hud=2560x1600
[2026-08-17T11:44:39Z INFO  steel_front] size diag: window_inner=2560x1600 hud=2560x1600
[2026-08-17T11:44:39Z INFO  steel_front] size diag: window_inner=2560x1600 hud=2560x1600
[2026-08-17T11:44:39Z INFO  steel_front] size diag: window_inner=2560x1600 hud=2560x1600
[2026-08-17T11:44:39Z INFO  steel_front] size diag: window_inner=2560x1600 hud=2560x1600
[2026-08-17T11:44:39Z INFO  steel_front] size diag: window_inner=2560x1600 hud=2560x1600
[2026-08-17T11:44:39Z INFO  steel_front] size diag: window_inner=2560x1600 hud=2560x1600
[2026-08-17T11:44:39Z INFO  steel_front::engine::renderer] visible=65536/65536 near=65536 far=0 fps=369.2 frame_us=2259 cull_us=0 terrain_us=0 wait_fence_us=2029 acquire_us=1 record_us=38 submit_us=32 present_us=218 terrain_lod=high blend=0.000 quality=中画质 marker=84 npc=56
[2026-08-17T11:44:39Z INFO  steel_front::engine::game] ai: npcs=8 near=8 far=0 idle=0 patrol=0 chase=0 attack=8 tactics=[8, 0, 0, 0, 0, 0, 0, 0]
[2026-08-17T11:44:39Z INFO  steel_front::engine::game] game: wave=1 enemies=8 enemy_hp=100 hp=100/100 score=0 phys_us=4 ai_us=643 audio_us=29 net_us=2
[2026-08-17T11:44:40Z INFO  steel_front] cam: yaw=0.0 pitch=0.0 dist=3.4 mode=FirstPerson cycle_us=2927 update_us=19 render_us=2908
[2026-08-17T11:44:40Z INFO  steel_front::engine::renderer] visible=65536/65536 near=65536 far=0 fps=362.5 frame_us=2266 cull_us=0 terrain_us=0 wait_fence_us=1987 acquire_us=0 record_us=40 submit_us=32 present_us=308 terrain_lod=high blend=0.000 quality=中画质 marker=84 npc=56
[2026-08-17T11:44:40Z INFO  steel_front::engine::game] ai: npcs=8 near=8 far=0 idle=0 patrol=0 chase=0 attack=8 tactics=[8, 0, 0, 0, 0, 0, 0, 0]
[2026-08-17T11:44:40Z INFO  steel_front::engine::game] game: wave=1 enemies=8 enemy_hp=100 hp=100/100 score=0 phys_us=5 ai_us=948 audio_us=15 net_us=0
[2026-08-17T11:44:41Z INFO  steel_front] cam: yaw=0.0 pitch=0.0 dist=3.4 mode=FirstPerson cycle_us=2344 update_us=23 render_us=2320
[2026-08-17T11:44:41Z INFO  steel_front::engine::renderer] visible=65536/65536 near=65536 far=0 fps=366.6 frame_us=3659 cull_us=1 terrain_us=0 wait_fence_us=1024 acquire_us=1 record_us=187 submit_us=171 present_us=685 terrain_lod=high blend=0.000 quality=中画质 marker=84 npc=56
[2026-08-17T11:44:41Z INFO  steel_front::engine::game] ai: npcs=8 near=8 far=0 idle=0 patrol=0 chase=0 attack=8 tactics=[8, 0, 0, 0, 0, 0, 0, 0]
[2026-08-17T11:44:41Z INFO  steel_front::engine::game] game: wave=1 enemies=8 enemy_hp=100 hp=100/100 score=0 phys_us=2 ai_us=532 audio_us=28 net_us=0
[2026-08-17T11:44:42Z INFO  steel_front] cam: yaw=0.0 pitch=0.0 dist=3.4 mode=FirstPerson cycle_us=2734 update_us=41 render_us=2692
[2026-08-17T11:44:42Z INFO  steel_front::engine::renderer] visible=65536/65536 near=65536 far=0 fps=367.2 frame_us=2003 cull_us=1 terrain_us=0 wait_fence_us=2424 acquire_us=3 record_us=21 submit_us=61 present_us=132 terrain_lod=high blend=0.000 quality=中画质 marker=84 npc=56
[2026-08-17T11:44:42Z INFO  steel_front::engine::game] ai: npcs=8 near=8 far=0 idle=0 patrol=0 chase=0 attack=8 tactics=[8, 0, 0, 0, 0, 0, 0, 0]
[2026-08-17T11:44:42Z INFO  steel_front::engine::game] game: wave=1 enemies=8 enemy_hp=100 hp=100/100 score=0 phys_us=1 ai_us=498 audio_us=17 net_us=0
[2026-08-17T11:44:43Z INFO  steel_front] cam: yaw=0.0 pitch=0.0 dist=3.4 mode=FirstPerson cycle_us=2570 update_us=31 render_us=2538
[2026-08-17T11:44:43Z INFO  steel_front::engine::renderer] visible=65536/65536 near=65536 far=0 fps=367.8 frame_us=2317 cull_us=0 terrain_us=0 wait_fence_us=2139 acquire_us=1 record_us=22 submit_us=23 present_us=345 terrain_lod=high blend=0.000 quality=中画质 marker=84 npc=56
[2026-08-17T11:44:43Z INFO  steel_front::engine::game] ai: npcs=8 near=8 far=0 idle=0 patrol=0 chase=0 attack=8 tactics=[8, 0, 0, 0, 0, 0, 0, 0]
[2026-08-17T11:44:43Z INFO  steel_front::engine::game] game: wave=1 enemies=8 enemy_hp=100 hp=100/100 score=0 phys_us=2 ai_us=505 audio_us=14 net_us=0
[2026-08-17T11:44:44Z INFO  steel_front] cam: yaw=0.0 pitch=0.0 dist=3.4 mode=FirstPerson cycle_us=2795 update_us=38 render_us=2757
[2026-08-17T11:44:44Z INFO  steel_front] size diag: window_inner=2560x1600 hud=2560x1600
[2026-08-17T11:44:44Z INFO  steel_front] size diag: window_inner=2560x1600 hud=2560x1600
[2026-08-17T11:44:44Z INFO  steel_front] size diag: window_inner=2560x1600 hud=2560x1600
[2026-08-17T11:44:44Z INFO  steel_front] size diag: window_inner=2560x1600 hud=2560x1600
[2026-08-17T11:44:44Z INFO  steel_front] size diag: window_inner=2560x1600 hud=2560x1600
[2026-08-17T11:44:44Z INFO  steel_front] size diag: window_inner=2560x1600 hud=2560x1600
[2026-08-17T11:44:44Z INFO  steel_front] size diag: window_inner=2560x1600 hud=2560x1600
[2026-08-17T11:44:44Z INFO  steel_front] size diag: window_inner=2560x1600 hud=2560x1600
[2026-08-17T11:44:44Z INFO  steel_front] size diag: window_inner=2560x1600 hud=2560x1600
[2026-08-17T11:44:44Z INFO  steel_front] size diag: window_inner=2560x1600 hud=2560x1600
[2026-08-17T11:44:44Z INFO  steel_front] size diag: window_inner=2560x1600 hud=2560x1600
[2026-08-17T11:44:44Z INFO  steel_front] size diag: window_inner=2560x1600 hud=2560x1600
[2026-08-17T11:44:44Z INFO  steel_front] size diag: window_inner=2560x1600 hud=2560x1600
[2026-08-17T11:44:44Z INFO  steel_front] size diag: window_inner=2560x1600 hud=2560x1600
[2026-08-17T11:44:44Z INFO  steel_front] size diag: window_inner=2560x1600 hud=2560x1600
[2026-08-17T11:44:44Z INFO  steel_front] size diag: window_inner=2560x1600 hud=2560x1600
[2026-08-17T11:44:44Z INFO  steel_front] size diag: window_inner=2560x1600 hud=2560x1600
[2026-08-17T11:44:44Z INFO  steel_front] size diag: window_inner=2560x1600 hud=2560x1600
[2026-08-17T11:44:44Z INFO  steel_front::engine::renderer] visible=65536/65536 near=65536 far=0 fps=368.1 frame_us=1972 cull_us=1 terrain_us=0 wait_fence_us=2172 acquire_us=2 record_us=38 submit_us=51 present_us=186 terrain_lod=high blend=0.000 quality=中画质 marker=84 npc=56
[2026-08-17T11:44:44Z INFO  steel_front::engine::game] ai: npcs=8 near=8 far=0 idle=0 patrol=0 chase=0 attack=8 tactics=[8, 0, 0, 0, 0, 0, 0, 0]
[2026-08-17T11:44:44Z INFO  steel_front::engine::game] game: wave=1 enemies=8 enemy_hp=100 hp=100/100 score=0 phys_us=2 ai_us=412 audio_us=35 net_us=0
[2026-08-17T11:44:45Z INFO  steel_front] cam: yaw=0.0 pitch=0.0 dist=3.4 mode=FirstPerson cycle_us=2387 update_us=47 render_us=2339
[2026-08-17T11:44:45Z INFO  steel_front::engine::renderer] visible=65536/65536 near=65536 far=0 fps=369.1 frame_us=2129 cull_us=0 terrain_us=0 wait_fence_us=2215 acquire_us=1 record_us=41 submit_us=36 present_us=265 terrain_lod=high blend=0.000 quality=中画质 marker=84 npc=56
[2026-08-17T11:44:45Z INFO  steel_front::engine::game] ai: npcs=8 near=8 far=0 idle=0 patrol=0 chase=0 attack=8 tactics=[8, 0, 0, 0, 0, 0, 0, 0]
[2026-08-17T11:44:45Z INFO  steel_front::engine::game] game: wave=1 enemies=8 enemy_hp=100 hp=100/100 score=0 phys_us=2 ai_us=697 audio_us=20 net_us=1
[2026-08-17T11:44:46Z INFO  steel_front] cam: yaw=0.0 pitch=0.0 dist=3.4 mode=FirstPerson cycle_us=2524 update_us=35 render_us=2488
[2026-08-17T11:44:46Z INFO  steel_front::engine::renderer] visible=65536/65536 near=65536 far=0 fps=365.4 frame_us=2631 cull_us=0 terrain_us=0 wait_fence_us=1706 acquire_us=0 record_us=68 submit_us=35 present_us=317 terrain_lod=high blend=0.000 quality=中画质 marker=84 npc=56
[2026-08-17T11:44:46Z INFO  steel_front::engine::game] ai: npcs=8 near=8 far=0 idle=0 patrol=0 chase=0 attack=8 tactics=[8, 0, 0, 0, 0, 0, 0, 0]
[2026-08-17T11:44:46Z INFO  steel_front::engine::game] game: wave=1 enemies=8 enemy_hp=100 hp=100/100 score=0 phys_us=2 ai_us=546 audio_us=22 net_us=0
[2026-08-17T11:44:47Z INFO  steel_front] cam: yaw=0.0 pitch=0.0 dist=3.4 mode=FirstPerson cycle_us=2990 update_us=19 render_us=2970
[2026-08-17T11:44:47Z INFO  steel_front::engine::renderer] visible=65536/65536 near=65536 far=0 fps=366.9 frame_us=2140 cull_us=0 terrain_us=0 wait_fence_us=1816 acquire_us=1 record_us=37 submit_us=30 present_us=197 terrain_lod=high blend=0.000 quality=中画质 marker=84 npc=56
[2026-08-17T11:44:47Z INFO  steel_front::engine::game] ai: npcs=8 near=8 far=0 idle=0 patrol=0 chase=0 attack=8 tactics=[8, 0, 0, 0, 0, 0, 0, 0]
[2026-08-17T11:44:47Z INFO  steel_front::engine::game] game: wave=1 enemies=8 enemy_hp=100 hp=100/100 score=0 phys_us=1 ai_us=368 audio_us=26 net_us=0
[2026-08-17T11:44:48Z INFO  steel_front] cam: yaw=0.0 pitch=0.0 dist=3.4 mode=FirstPerson cycle_us=2590 update_us=21 render_us=2568
[2026-08-17T11:44:48Z INFO  steel_front::engine::renderer] visible=65536/65536 near=65536 far=0 fps=375.1 frame_us=2198 cull_us=0 terrain_us=0 wait_fence_us=2089 acquire_us=1 record_us=42 submit_us=32 present_us=442 terrain_lod=high blend=0.000 quality=中画质 marker=84 npc=56
[2026-08-17T11:44:48Z INFO  steel_front::engine::game] ai: npcs=8 near=8 far=0 idle=0 patrol=0 chase=0 attack=8 tactics=[8, 0, 0, 0, 0, 0, 0, 0]
[2026-08-17T11:44:48Z INFO  steel_front::engine::game] game: wave=1 enemies=8 enemy_hp=100 hp=100/100 score=0 phys_us=1 ai_us=379 audio_us=14 net_us=0
[2026-08-17T11:44:49Z INFO  steel_front] cam: yaw=0.0 pitch=0.0 dist=3.4 mode=FirstPerson cycle_us=2750 update_us=43 render_us=2706
[2026-08-17T11:44:49Z INFO  steel_front] size diag: window_inner=2560x1600 hud=2560x1600
[2026-08-17T11:44:49Z INFO  steel_front] size diag: window_inner=2560x1600 hud=2560x1600
[2026-08-17T11:44:49Z INFO  steel_front] size diag: window_inner=2560x1600 hud=2560x1600
[2026-08-17T11:44:49Z INFO  steel_front] size diag: window_inner=2560x1600 hud=2560x1600
[2026-08-17T11:44:49Z INFO  steel_front] size diag: window_inner=2560x1600 hud=2560x1600
[2026-08-17T11:44:49Z INFO  steel_front] size diag: window_inner=2560x1600 hud=2560x1600
[2026-08-17T11:44:49Z INFO  steel_front] size diag: window_inner=2560x1600 hud=2560x1600
[2026-08-17T11:44:49Z INFO  steel_front] size diag: window_inner=2560x1600 hud=2560x1600
[2026-08-17T11:44:49Z INFO  steel_front] size diag: window_inner=2560x1600 hud=2560x1600
[2026-08-17T11:44:49Z INFO  steel_front] size diag: window_inner=2560x1600 hud=2560x1600
[2026-08-17T11:44:49Z INFO  steel_front] size diag: window_inner=2560x1600 hud=2560x1600
[2026-08-17T11:44:49Z INFO  steel_front] size diag: window_inner=2560x1600 hud=2560x1600
[2026-08-17T11:44:49Z INFO  steel_front] size diag: window_inner=2560x1600 hud=2560x1600
[2026-08-17T11:44:49Z INFO  steel_front] size diag: window_inner=2560x1600 hud=2560x1600
[2026-08-17T11:44:49Z INFO  steel_front] size diag: window_inner=2560x1600 hud=2560x1600
[2026-08-17T11:44:49Z INFO  steel_front] size diag: window_inner=2560x1600 hud=2560x1600
[2026-08-17T11:44:49Z INFO  steel_front] size diag: window_inner=2560x1600 hud=2560x1600
[2026-08-17T11:44:49Z INFO  steel_front] size diag: window_inner=2560x1600 hud=2560x1600
[2026-08-17T11:44:49Z INFO  steel_front] size diag: window_inner=2560x1600 hud=2560x1600
[2026-08-17T11:44:49Z INFO  steel_front::engine::renderer] visible=65536/65536 near=65536 far=0 fps=374.6 frame_us=2788 cull_us=2 terrain_us=0 wait_fence_us=1215 acquire_us=2 record_us=67 submit_us=52 present_us=618 terrain_lod=high blend=0.000 quality=中画质 marker=84 npc=56
[2026-08-17T11:44:49Z INFO  steel_front::engine::game] ai: npcs=8 near=8 far=0 idle=0 patrol=0 chase=0 attack=8 tactics=[8, 0, 0, 0, 0, 0, 0, 0]
[2026-08-17T11:44:49Z INFO  steel_front::engine::game] game: wave=1 enemies=8 enemy_hp=100 hp=100/100 score=0 phys_us=2 ai_us=627 audio_us=26 net_us=0
[2026-08-17T11:44:50Z INFO  steel_front] cam: yaw=0.0 pitch=0.0 dist=3.4 mode=FirstPerson cycle_us=2466 update_us=53 render_us=2413
[2026-08-17T11:44:50Z INFO  steel_front::engine::renderer] visible=65536/65536 near=65536 far=0 fps=368.7 frame_us=2617 cull_us=0 terrain_us=0 wait_fence_us=1923 acquire_us=1 record_us=90 submit_us=30 present_us=501 terrain_lod=high blend=0.000 quality=中画质 marker=84 npc=56
[2026-08-17T11:44:50Z INFO  steel_front::engine::game] ai: npcs=8 near=8 far=0 idle=0 patrol=0 chase=0 attack=8 tactics=[8, 0, 0, 0, 0, 0, 0, 0]
[2026-08-17T11:44:50Z INFO  steel_front::engine::game] game: wave=1 enemies=8 enemy_hp=100 hp=100/100 score=0 phys_us=1 ai_us=364 audio_us=16 net_us=0
[2026-08-17T11:44:51Z INFO  steel_front] cam: yaw=0.0 pitch=0.0 dist=3.4 mode=FirstPerson cycle_us=2690 update_us=37 render_us=2653
[2026-08-17T11:44:51Z INFO  steel_front::engine::game] map: level 1 generated: 36 obstacle bodies (wall=20 block=0 barrier=0 tree=3 building=6 ruin=7), 203 grid cells blocked
[2026-08-17T11:44:51Z INFO  steel_front::engine::game] game: purged 8 leftover npcs on run start
[2026-08-17T11:44:51Z INFO  steel_front::engine::game] wave: npc #8 spawn (65.3, 0.0, 25.3)
[2026-08-17T11:44:51Z INFO  steel_front::engine::game] wave: npc #9 spawn (6.1, 0.0, 39.5)
[2026-08-17T11:44:51Z INFO  steel_front::engine::game] wave: npc #10 spawn (-46.8, 0.0, 37.6)
[2026-08-17T11:44:51Z INFO  steel_front::engine::game] wave: npc #11 spawn (-74.6, 0.0, -28.9)
[2026-08-17T11:44:51Z INFO  steel_front::engine::game] wave: npc #12 spawn (-7.6, 0.0, -49.4)
[2026-08-17T11:44:51Z INFO  steel_front::engine::game] wave: npc #13 spawn (54.6, 0.0, -43.9)
[2026-08-17T11:44:51Z INFO  steel_front::engine::game] wave: wave 1 spawned 6 enemies (kind=Normal total=6 speed=4.0 hp=100 effective=1)
[2026-08-17T11:44:51Z INFO  steel_front::engine::game] game: run started (wave 1)
[2026-08-17T11:44:51Z INFO  steel_front] input: cursor captured (mouse look on, grab=locked, look=relative)
[2026-08-17T11:44:51Z INFO  steel_front::engine::game] physics: 36 events this frame (GroundHit, GroundHit, GroundHit, GroundHit, GroundHit, GroundHit, GroundHit, GroundHit, GroundHit, GroundHit, GroundHit, GroundHit, GroundHit, GroundHit, GroundHit, GroundHit, GroundHit, GroundHit, GroundHit, GroundHit, GroundHit, GroundHit, GroundHit, GroundHit, GroundHit, GroundHit, GroundHit, GroundHit, GroundHit, GroundHit, GroundHit, GroundHit, GroundHit, GroundHit, GroundHit, GroundHit)
[2026-08-17T11:44:51Z INFO  steel_front::engine::renderer] visible=65536/65536 near=65536 far=0 fps=365.2 frame_us=1290 cull_us=1 terrain_us=0 wait_fence_us=1075 acquire_us=1 record_us=32 submit_us=30 present_us=247 terrain_lod=high blend=0.000 quality=中画质 marker=60 npc=98
[2026-08-17T11:44:51Z INFO  steel_front::engine::game] ai: npcs=6 near=6 far=0 idle=0 patrol=3 chase=3 attack=0 tactics=[4, 1, 1, 0, 0, 0, 0, 0]
[2026-08-17T11:44:51Z INFO  steel_front::engine::game] game: wave=1 enemies=6 enemy_hp=100 hp=100/100 score=0 phys_us=2 ai_us=402 audio_us=17 net_us=0
[2026-08-17T11:44:51Z INFO  steel_front] input: cursor released (window unfocused)
[2026-08-17T11:44:52Z INFO  steel_front] cam: yaw=0.0 pitch=0.0 dist=3.4 mode=FirstPerson cycle_us=2355 update_us=50 render_us=2305
[2026-08-17T11:44:52Z INFO  steel_front::engine::renderer] visible=65536/65536 near=65536 far=0 fps=367.5 frame_us=2048 cull_us=2 terrain_us=0 wait_fence_us=643 acquire_us=1 record_us=65 submit_us=65 present_us=664 terrain_lod=high blend=0.000 quality=中画质 marker=36 npc=98
[2026-08-17T11:44:52Z INFO  steel_front::engine::game] ai: npcs=6 near=6 far=0 idle=0 patrol=3 chase=3 attack=0 tactics=[4, 1, 1, 0, 0, 0, 0, 0]
[2026-08-17T11:44:52Z INFO  steel_front::engine::game] game: wave=1 enemies=6 enemy_hp=100 hp=100/100 score=0 phys_us=3 ai_us=360 audio_us=18 net_us=0
[2026-08-17T11:44:53Z INFO  steel_front] cam: yaw=0.0 pitch=0.0 dist=3.4 mode=FirstPerson cycle_us=2435 update_us=28 render_us=2407
