[2026-08-17T11:37:39Z INFO  steel_front] ========================================
[2026-08-17T11:37:39Z INFO  steel_front]   钢铁前线 (Steel Front) v0.1.0
[2026-08-17T11:37:39Z INFO  steel_front]   二战FPS游戏引擎 - Rust + Vulkan
[2026-08-17T11:37:39Z INFO  steel_front] ========================================
[2026-08-17T11:37:39Z INFO  steel_front::engine::cpu] cpu: vendor=Amd threads=32 primary=[0, 1, 2, 3, 4, 5, 6, 7, 8, 9, 10, 11, 12, 13, 14, 15] secondary=[16, 17, 18, 19, 20, 21, 22, 23, 24, 25, 26, 27, 28, 29, 30, 31] e_cores=0 avx2=true avx512=true scene_set=[0, 1, 2, 3, 4, 5, 6, 7, 8, 9, 10, 11, 12, 13, 14, 15] ai_set=[16, 17, 18, 19, 20, 21, 22, 23, 24, 25, 26, 27, 28, 29, 30, 31] physical_primary=[0, 1, 2, 3, 4, 5, 6, 7, 8, 9, 10, 11, 12, 13, 14, 15] physical_secondary=[16, 17, 18, 19, 20, 21, 22, 23, 24, 25, 26, 27, 28, 29, 30, 31] smt=[]
[2026-08-17T11:37:39Z INFO  steel_front::engine::cpu] cpu: 非 Linux 平台，跳过线程手工绑定（交给系统调度）
[2026-08-17T11:37:39Z INFO  steel_front::engine::cpu] cpu: ai_pool 创建（8 工作线程，绑定 vCPU [16, 17, 18, 19, 20, 21, 22, 23, 24, 25, 26, 27, 28, 29, 30, 31]）
[2026-08-17T11:37:39Z INFO  steel_front::engine::game] map: level 1 generated: 36 obstacle bodies (wall=20 block=0 barrier=0 tree=3 building=6 ruin=7), 203 grid cells blocked
[2026-08-17T11:37:40Z INFO  steel_front] 窗口创建成功: 2560x1600
[2026-08-17T11:37:40Z INFO  steel_front] winit inner_size: 2560x1600 scale_factor=1.50
[2026-08-17T11:37:40Z WARN  steel_front::engine::renderer] 验证层不可用，将不使用
[2026-08-17T11:37:40Z INFO  steel_front::engine::renderer] 选择物理设备: NVIDIA GeForce RTX 5060 Laptop GPU
[2026-08-17T11:37:40Z INFO  steel_front::engine::gpu_caps] gpu-caps: 设备 NVIDIA GeForce RTX 5060 Laptop GPU 硬件能力探测（WSLg/dzn 视角）
[2026-08-17T11:37:40Z INFO  steel_front::engine::gpu_caps] gpu-caps: 可用 device 扩展 280 个
[2026-08-17T11:37:40Z INFO  steel_front::engine::gpu_caps] gpu-caps: -- 光追扩展 --
[2026-08-17T11:37:40Z INFO  steel_front::engine::gpu_caps] gpu-caps:   VK_KHR_ray_tracing_pipeline = true
[2026-08-17T11:37:40Z INFO  steel_front::engine::gpu_caps] gpu-caps:   VK_KHR_acceleration_structure = true
[2026-08-17T11:37:40Z INFO  steel_front::engine::gpu_caps] gpu-caps:   VK_KHR_ray_query = true
[2026-08-17T11:37:40Z INFO  steel_front::engine::gpu_caps] gpu-caps:   VK_KHR_deferred_host_operations = true
[2026-08-17T11:37:40Z INFO  steel_front::engine::gpu_caps] gpu-caps:   VK_KHR_buffer_device_address = true
[2026-08-17T11:37:40Z INFO  steel_front::engine::gpu_caps] gpu-caps:   VK_KHR_ray_tracing_position_fetch = true
[2026-08-17T11:37:40Z INFO  steel_front::engine::gpu_caps] gpu-caps:   VK_NV_ray_tracing = true
[2026-08-17T11:37:40Z INFO  steel_front::engine::gpu_caps] gpu-caps: -- Tensor Core / 协作矩阵 --
[2026-08-17T11:37:40Z INFO  steel_front::engine::gpu_caps] gpu-caps:   VK_KHR_cooperative_matrix = true
[2026-08-17T11:37:40Z INFO  steel_front::engine::gpu_caps] gpu-caps:   VK_NV_cooperative_matrix = true
[2026-08-17T11:37:40Z INFO  steel_front::engine::gpu_caps] gpu-caps:   VK_NV_compute_shader_derivatives = true
[2026-08-17T11:37:40Z INFO  steel_front::engine::gpu_caps] gpu-caps: -- DLSS / NVIDIA 私有 --
[2026-08-17T11:37:40Z INFO  steel_front::engine::gpu_caps] gpu-caps:   VK_NVX_image_view_handle = true
[2026-08-17T11:37:40Z INFO  steel_front::engine::gpu_caps] gpu-caps:   VK_NVX_binary_import = true
[2026-08-17T11:37:40Z INFO  steel_front::engine::gpu_caps] gpu-caps:   VK_NV_cuda_kernel = true
[2026-08-17T11:37:40Z INFO  steel_front::engine::gpu_caps] gpu-caps:   VK_NV_external_memory = true
[2026-08-17T11:37:40Z INFO  steel_front::engine::gpu_caps] gpu-caps: -- 其它新特性 --
[2026-08-17T11:37:40Z INFO  steel_front::engine::gpu_caps] gpu-caps:   VK_EXT_mesh_shader = true
[2026-08-17T11:37:40Z INFO  steel_front::engine::gpu_caps] gpu-caps:   VK_KHR_shader_object = false
[2026-08-17T11:37:40Z INFO  steel_front::engine::gpu_caps] gpu-caps:   VK_KHR_dynamic_rendering = true
[2026-08-17T11:37:40Z INFO  steel_front::engine::gpu_caps] gpu-caps: RT 特性 ray_tracing_pipeline=true acceleration_structure=true buffer_device_address=true ray_query=true
[2026-08-17T11:37:40Z INFO  steel_front::engine::gpu_caps] gpu-caps: RT 管线属性 shaderGroupHandleSize=32B maxRecursionDepth=31 maxRayDispatchInvocationCount=1073741824
[2026-08-17T11:37:40Z INFO  steel_front::engine::gpu_caps] gpu-caps: 【结论】光追探测 device 创建成功 → RT Core 路径可用（dzn→DXR）
[2026-08-17T11:37:40Z INFO  steel_front::engine::gpu_caps] gpu-caps: CUDA 直通（Tensor Core 可编程访问）=false（libcuda in /usr/lib/wsl/lib）
[2026-08-17T11:37:40Z INFO  steel_front::engine::gpu_caps] gpu-caps: 【结论】Vulkan-DLSS（NVIDIA 私有扩展）=true；可直接接 DLSS SDK
[2026-08-17T11:37:40Z INFO  steel_front::engine::renderer] VK_EXT_mesh_shader 可用：启用可选网格着色器渲染路径
[2026-08-17T11:37:40Z INFO  steel_front::engine::renderer] swapchain diag: current_extent=2560x1600 final=2560x1600
[2026-08-17T11:37:40Z INFO  steel_front::engine::renderer] 交换链初始化完成: 2560x1600, 格式: B8G8R8A8_SRGB, 图像数: 3, present_mode: MAILBOX
[2026-08-17T11:37:40Z INFO  steel_front::engine::renderer] 实例缓冲创建完成: 65536 个实例，stride 80 字节，2 帧双缓冲 HOST_VISIBLE|HOST_COHERENT（每帧压缩上传）
[2026-08-17T11:37:40Z INFO  steel_front::engine::renderer] instances=65536 draw_calls=1
[2026-08-17T11:37:40Z INFO  steel_front::engine::renderer] 深度缓冲创建完成: 3 张 2560x1600 D32_SFLOAT
[2026-08-17T11:37:40Z INFO  steel_front::engine::renderer] Descriptor Set Layout: binding 0 = UBO(view/proj), binding 1 = 贴图, binding 2 = 实例 STORAGE_BUFFER, binding 3 = 采样器
[2026-08-17T11:37:40Z INFO  steel_front::engine::renderer] Descriptor 初始化完成（2 帧）
[2026-08-17T11:37:40Z INFO  steel_front::engine::renderer] 远档 LOD 几何创建完成: 8 顶点 / 12 索引（十字双 quad）
[2026-08-17T11:37:40Z INFO  steel_front::engine::renderer] 地面平铺 quad 几何创建完成: 4 顶点 / 6 索引（无侧壁）
[2026-08-17T11:37:40Z INFO  steel_front::engine::renderer] 球体几何创建完成: 325 顶点 / 1728 索引（爆炸球形扩散）
[2026-08-17T11:37:40Z INFO  steel_front::engine::renderer] 地形 LOD[0] 创建完成: 66049 顶点 / 393216 索引（257×257 网格，间距 2）
[2026-08-17T11:37:40Z INFO  steel_front::engine::renderer] 地形 LOD[1] 创建完成: 16641 顶点 / 98304 索引（129×129 网格，间距 4）
[2026-08-17T11:37:40Z INFO  steel_front::engine::renderer] 地形 LOD[2] 创建完成: 4225 顶点 / 24576 索引（65×65 网格，间距 8）
[2026-08-17T11:37:40Z INFO  steel_front::engine::renderer] 地形 3 级 LOD 全部创建完成（高/中/低）
[2026-08-17T11:37:40Z INFO  steel_front::engine::renderer] 图形管线创建完成
[2026-08-17T11:37:40Z INFO  steel_front::engine::renderer] 网格着色器 maxMeshWorkGroupCount[0] = 4194304（地面场 65536 按此分块）
[2026-08-17T11:37:40Z INFO  steel_front::engine::renderer] 网格着色器管线创建完成（VK_EXT_mesh_shader）
[2026-08-17T11:37:40Z INFO  steel_front::engine::renderer] HUD 覆盖层初始化完成（独立 pipeline，容量 4096 quads）
[2026-08-17T11:37:40Z INFO  steel_front::engine::renderer] 纹理初始化完成: 512x512（10 mip，来源=程序化地面材质）
[2026-08-17T11:37:40Z INFO  steel_front::engine::renderer] 程序化皮肤纹理初始化完成: 512x512（marker=木板墙, npc=迷彩军服, RV3D_SKIN_TEX=off（纯色回退））
[2026-08-17T11:37:40Z INFO  steel_front::engine::renderer] 阴影贴图资源创建完成: 2048x2048 D32_SFLOAT
[2026-08-17T11:37:40Z INFO  steel_front::engine::renderer] 阴影 depth-only 管线创建完成
[2026-08-17T11:37:40Z INFO  steel_front] Vulkan 渲染器初始化成功
[2026-08-17T11:37:40Z INFO  steel_front] settings: 分辨率保持 2560x1600
[2026-08-17T11:37:40Z INFO  steel_front] settings: 应用画质 中画质
[2026-08-17T11:37:40Z INFO  steel_front::engine::renderer] 画质预设已切换: 中画质
[2026-08-17T11:37:40Z INFO  steel_front] 性能日志已创建（logs/perf_*.log）
[2026-08-17T11:37:40Z INFO  steel_front] 窗口大小变化: 1898x1061
[2026-08-17T11:37:40Z INFO  steel_front::engine::renderer] swapchain diag: current_extent=2560x1600 final=2560x1600
[2026-08-17T11:37:40Z INFO  steel_front::engine::renderer] 交换链初始化完成: 2560x1600, 格式: B8G8R8A8_SRGB, 图像数: 3, present_mode: MAILBOX
[2026-08-17T11:37:40Z INFO  steel_front::engine::renderer] 深度缓冲创建完成: 3 张 2560x1600 D32_SFLOAT
[2026-08-17T11:37:40Z INFO  steel_front] 窗口大小变化: 1920x1117
[2026-08-17T11:37:40Z INFO  steel_front::engine::renderer] swapchain diag: current_extent=2560x1600 final=2560x1600
[2026-08-17T11:37:40Z INFO  steel_front::engine::renderer] 交换链初始化完成: 2560x1600, 格式: B8G8R8A8_SRGB, 图像数: 3, present_mode: MAILBOX
[2026-08-17T11:37:40Z INFO  steel_front::engine::renderer] 深度缓冲创建完成: 3 张 2560x1600 D32_SFLOAT
[2026-08-17T11:37:40Z INFO  steel_front] 窗口大小变化: 2560x1600
[2026-08-17T11:37:40Z INFO  steel_front::engine::renderer] swapchain diag: current_extent=2560x1600 final=2560x1600
[2026-08-17T11:37:40Z INFO  steel_front::engine::renderer] 交换链初始化完成: 2560x1600, 格式: B8G8R8A8_SRGB, 图像数: 3, present_mode: MAILBOX
[2026-08-17T11:37:40Z INFO  steel_front::engine::renderer] 深度缓冲创建完成: 3 张 2560x1600 D32_SFLOAT
[2026-08-17T11:37:40Z INFO  steel_front] 窗口大小变化: 2560x1600
[2026-08-17T11:37:40Z INFO  steel_front::engine::renderer] swapchain diag: current_extent=2560x1600 final=2560x1600
[2026-08-17T11:37:40Z INFO  steel_front::engine::renderer] 交换链初始化完成: 2560x1600, 格式: B8G8R8A8_SRGB, 图像数: 3, present_mode: MAILBOX
[2026-08-17T11:37:40Z INFO  steel_front::engine::renderer] 深度缓冲创建完成: 3 张 2560x1600 D32_SFLOAT
[2026-08-17T11:37:40Z INFO  steel_front] cam: yaw=0.0 pitch=0.0 dist=3.4 mode=FirstPerson cycle_us=2661 update_us=15 render_us=2645
[2026-08-17T11:37:41Z INFO  steel_front::engine::renderer] visible=65536/65536 near=65536 far=0 fps=307.6 frame_us=2273 cull_us=0 terrain_us=0 wait_fence_us=1938 acquire_us=1 record_us=36 submit_us=32 present_us=226 terrain_lod=high blend=0.000 quality=中画质 marker=36 npc=56
[2026-08-17T11:37:41Z INFO  steel_front::engine::game] ai: npcs=8 near=8 far=0 idle=0 patrol=0 chase=8 attack=0 tactics=[8, 0, 0, 0, 0, 0, 0, 0]
[2026-08-17T11:37:41Z INFO  steel_front::engine::game] game: wave=1 enemies=8 enemy_hp=100 hp=100/100 score=0 phys_us=1 ai_us=386 audio_us=8 net_us=0
[2026-08-17T11:37:41Z INFO  steel_front] cam: yaw=0.0 pitch=0.0 dist=3.4 mode=FirstPerson cycle_us=2913 update_us=30 render_us=2883
[2026-08-17T11:37:42Z INFO  steel_front::engine::renderer] visible=65536/65536 near=65536 far=0 fps=376.3 frame_us=2332 cull_us=0 terrain_us=0 wait_fence_us=2396 acquire_us=2 record_us=84 submit_us=22 present_us=133 terrain_lod=high blend=0.000 quality=中画质 marker=36 npc=56
[2026-08-17T11:37:42Z INFO  steel_front::engine::game] ai: npcs=8 near=8 far=0 idle=0 patrol=0 chase=8 attack=0 tactics=[8, 0, 0, 0, 0, 0, 0, 0]
[2026-08-17T11:37:42Z INFO  steel_front::engine::game] game: wave=1 enemies=8 enemy_hp=100 hp=100/100 score=0 phys_us=1 ai_us=342 audio_us=18 net_us=0
[2026-08-17T11:37:42Z INFO  steel_front] cam: yaw=0.0 pitch=0.0 dist=3.4 mode=FirstPerson cycle_us=2472 update_us=35 render_us=2436
[2026-08-17T11:37:43Z INFO  steel_front::engine::renderer] visible=65536/65536 near=65536 far=0 fps=376.1 frame_us=2481 cull_us=0 terrain_us=0 wait_fence_us=1687 acquire_us=0 record_us=104 submit_us=36 present_us=208 terrain_lod=high blend=0.000 quality=中画质 marker=36 npc=56
[2026-08-17T11:37:43Z INFO  steel_front::engine::game] ai: npcs=8 near=8 far=0 idle=0 patrol=0 chase=8 attack=0 tactics=[8, 0, 0, 0, 0, 0, 0, 0]
[2026-08-17T11:37:43Z INFO  steel_front::engine::game] game: wave=1 enemies=8 enemy_hp=100 hp=100/100 score=0 phys_us=0 ai_us=357 audio_us=7 net_us=0
[2026-08-17T11:37:43Z INFO  steel_front] cam: yaw=0.0 pitch=0.0 dist=3.4 mode=FirstPerson cycle_us=2795 update_us=20 render_us=2775
[2026-08-17T11:37:44Z INFO  steel_front::engine::renderer] visible=65536/65536 near=65536 far=0 fps=378.3 frame_us=1992 cull_us=0 terrain_us=0 wait_fence_us=1793 acquire_us=1 record_us=44 submit_us=33 present_us=205 terrain_lod=high blend=0.000 quality=中画质 marker=36 npc=56
[2026-08-17T11:37:44Z INFO  steel_front::engine::game] ai: npcs=8 near=8 far=0 idle=0 patrol=0 chase=8 attack=0 tactics=[8, 0, 0, 0, 0, 0, 0, 0]
[2026-08-17T11:37:44Z INFO  steel_front::engine::game] game: wave=1 enemies=8 enemy_hp=100 hp=100/100 score=0 phys_us=1 ai_us=478 audio_us=10 net_us=0
[2026-08-17T11:37:44Z INFO  steel_front] cam: yaw=0.0 pitch=0.0 dist=3.4 mode=FirstPerson cycle_us=2588 update_us=16 render_us=2572
[2026-08-17T11:37:45Z INFO  steel_front::engine::game] npc: #3 stand (3.4, 0.0, 11.5)
[2026-08-17T11:37:45Z INFO  steel_front::engine::renderer] visible=65536/65536 near=65536 far=0 fps=376.4 frame_us=2094 cull_us=0 terrain_us=0 wait_fence_us=2229 acquire_us=1 record_us=66 submit_us=35 present_us=206 terrain_lod=high blend=0.000 quality=中画质 marker=51 npc=56
[2026-08-17T11:37:45Z INFO  steel_front] size diag: window_inner=2560x1600 hud=2560x1600
[2026-08-17T11:37:45Z INFO  steel_front] size diag: window_inner=2560x1600 hud=2560x1600
[2026-08-17T11:37:45Z INFO  steel_front] size diag: window_inner=2560x1600 hud=2560x1600
[2026-08-17T11:37:45Z INFO  steel_front::engine::game] ai: npcs=8 near=8 far=0 idle=0 patrol=0 chase=7 attack=1 tactics=[8, 0, 0, 0, 0, 0, 0, 0]
[2026-08-17T11:37:45Z INFO  steel_front::engine::game] game: wave=1 enemies=8 enemy_hp=100 hp=100/100 score=0 phys_us=1 ai_us=154 audio_us=9 net_us=0
[2026-08-17T11:37:45Z INFO  steel_front] size diag: window_inner=2560x1600 hud=2560x1600
[2026-08-17T11:37:45Z INFO  steel_front] size diag: window_inner=2560x1600 hud=2560x1600
[2026-08-17T11:37:45Z INFO  steel_front] size diag: window_inner=2560x1600 hud=2560x1600
[2026-08-17T11:37:45Z INFO  steel_front] size diag: window_inner=2560x1600 hud=2560x1600
[2026-08-17T11:37:45Z INFO  steel_front] size diag: window_inner=2560x1600 hud=2560x1600
[2026-08-17T11:37:45Z INFO  steel_front] size diag: window_inner=2560x1600 hud=2560x1600
[2026-08-17T11:37:45Z INFO  steel_front] size diag: window_inner=2560x1600 hud=2560x1600
[2026-08-17T11:37:45Z INFO  steel_front] size diag: window_inner=2560x1600 hud=2560x1600
[2026-08-17T11:37:45Z INFO  steel_front] size diag: window_inner=2560x1600 hud=2560x1600
[2026-08-17T11:37:45Z INFO  steel_front] size diag: window_inner=2560x1600 hud=2560x1600
[2026-08-17T11:37:45Z INFO  steel_front] size diag: window_inner=2560x1600 hud=2560x1600
[2026-08-17T11:37:45Z INFO  steel_front] size diag: window_inner=2560x1600 hud=2560x1600
[2026-08-17T11:37:45Z INFO  steel_front] size diag: window_inner=2560x1600 hud=2560x1600
[2026-08-17T11:37:45Z INFO  steel_front] size diag: window_inner=2560x1600 hud=2560x1600
[2026-08-17T11:37:45Z INFO  steel_front] size diag: window_inner=2560x1600 hud=2560x1600
[2026-08-17T11:37:45Z INFO  steel_front] size diag: window_inner=2560x1600 hud=2560x1600
[2026-08-17T11:37:45Z INFO  steel_front::engine::game] npc: #4 stand (4.0, 0.0, -11.3)
[2026-08-17T11:37:45Z INFO  steel_front] cam: yaw=0.0 pitch=0.0 dist=3.4 mode=FirstPerson cycle_us=2480 update_us=36 render_us=2443
[2026-08-17T11:37:46Z INFO  steel_front::engine::renderer] visible=65536/65536 near=65536 far=0 fps=377.9 frame_us=2249 cull_us=0 terrain_us=0 wait_fence_us=2261 acquire_us=1 record_us=62 submit_us=34 present_us=242 terrain_lod=high blend=0.000 quality=中画质 marker=36 npc=56
[2026-08-17T11:37:46Z INFO  steel_front::engine::game] ai: npcs=8 near=8 far=0 idle=0 patrol=0 chase=6 attack=2 tactics=[8, 0, 0, 0, 0, 0, 0, 0]
[2026-08-17T11:37:46Z INFO  steel_front::engine::game] game: wave=1 enemies=8 enemy_hp=100 hp=100/100 score=0 phys_us=2 ai_us=462 audio_us=9 net_us=0
[2026-08-17T11:37:46Z INFO  steel_front::engine::game] npc: #1 stand (-11.4, 0.0, 3.6)
[2026-08-17T11:37:46Z INFO  steel_front] cam: yaw=0.0 pitch=0.0 dist=3.4 mode=FirstPerson cycle_us=3141 update_us=13 render_us=3127
[2026-08-17T11:37:47Z INFO  steel_front::engine::renderer] visible=65536/65536 near=65536 far=0 fps=361.3 frame_us=2634 cull_us=0 terrain_us=0 wait_fence_us=1761 acquire_us=0 record_us=83 submit_us=36 present_us=227 terrain_lod=high blend=0.000 quality=中画质 marker=61 npc=56
[2026-08-17T11:37:47Z INFO  steel_front::engine::game] ai: npcs=8 near=8 far=0 idle=0 patrol=0 chase=5 attack=3 tactics=[8, 0, 0, 0, 0, 0, 0, 0]
[2026-08-17T11:37:47Z INFO  steel_front::engine::game] game: wave=1 enemies=8 enemy_hp=100 hp=100/100 score=0 phys_us=5 ai_us=434 audio_us=57 net_us=0
[2026-08-17T11:37:47Z INFO  steel_front] cam: yaw=0.0 pitch=0.0 dist=3.4 mode=FirstPerson cycle_us=2998 update_us=31 render_us=2967
[2026-08-17T11:37:48Z INFO  steel_front::engine::renderer] visible=65536/65536 near=65536 far=0 fps=370.9 frame_us=2439 cull_us=0 terrain_us=0 wait_fence_us=1917 acquire_us=0 record_us=45 submit_us=31 present_us=285 terrain_lod=high blend=0.000 quality=中画质 marker=52 npc=56
[2026-08-17T11:37:48Z INFO  steel_front::engine::game] ai: npcs=8 near=8 far=0 idle=0 patrol=0 chase=5 attack=3 tactics=[8, 0, 0, 0, 0, 0, 0, 0]
[2026-08-17T11:37:48Z INFO  steel_front::engine::game] game: wave=1 enemies=8 enemy_hp=100 hp=100/100 score=0 phys_us=2 ai_us=386 audio_us=18 net_us=0
[2026-08-17T11:37:48Z INFO  steel_front] cam: yaw=0.0 pitch=0.0 dist=3.4 mode=FirstPerson cycle_us=2477 update_us=15 render_us=2461
[2026-08-17T11:37:49Z INFO  steel_front::engine::renderer] visible=65536/65536 near=65536 far=0 fps=371.1 frame_us=2164 cull_us=0 terrain_us=0 wait_fence_us=2200 acquire_us=0 record_us=45 submit_us=34 present_us=393 terrain_lod=high blend=0.000 quality=中画质 marker=62 npc=56
[2026-08-17T11:37:49Z INFO  steel_front::engine::game] ai: npcs=8 near=8 far=0 idle=0 patrol=0 chase=5 attack=3 tactics=[8, 0, 0, 0, 0, 0, 0, 0]
[2026-08-17T11:37:49Z INFO  steel_front::engine::game] game: wave=1 enemies=8 enemy_hp=100 hp=100/100 score=0 phys_us=0 ai_us=342 audio_us=20 net_us=0
[2026-08-17T11:37:49Z INFO  steel_front] cam: yaw=0.0 pitch=0.0 dist=3.4 mode=FirstPerson cycle_us=2937 update_us=14 render_us=2923
[2026-08-17T11:37:50Z INFO  steel_front::engine::renderer] visible=65536/65536 near=65536 far=0 fps=371.6 frame_us=2549 cull_us=0 terrain_us=0 wait_fence_us=1965 acquire_us=1 record_us=45 submit_us=31 present_us=229 terrain_lod=high blend=0.000 quality=中画质 marker=54 npc=56
[2026-08-17T11:37:50Z INFO  steel_front] size diag: window_inner=2560x1600 hud=2560x1600
[2026-08-17T11:37:50Z INFO  steel_front] size diag: window_inner=2560x1600 hud=2560x1600
[2026-08-17T11:37:50Z INFO  steel_front] size diag: window_inner=2560x1600 hud=2560x1600
[2026-08-17T11:37:50Z INFO  steel_front] size diag: window_inner=2560x1600 hud=2560x1600
[2026-08-17T11:37:50Z INFO  steel_front] size diag: window_inner=2560x1600 hud=2560x1600
[2026-08-17T11:37:50Z INFO  steel_front] size diag: window_inner=2560x1600 hud=2560x1600
[2026-08-17T11:37:50Z INFO  steel_front] size diag: window_inner=2560x1600 hud=2560x1600
[2026-08-17T11:37:50Z INFO  steel_front::engine::game] ai: npcs=8 near=8 far=0 idle=0 patrol=0 chase=5 attack=3 tactics=[8, 0, 0, 0, 0, 0, 0, 0]
[2026-08-17T11:37:50Z INFO  steel_front::engine::game] game: wave=1 enemies=8 enemy_hp=100 hp=100/100 score=0 phys_us=0 ai_us=135 audio_us=23 net_us=0
[2026-08-17T11:37:50Z INFO  steel_front] size diag: window_inner=2560x1600 hud=2560x1600
[2026-08-17T11:37:50Z INFO  steel_front] size diag: window_inner=2560x1600 hud=2560x1600
[2026-08-17T11:37:50Z INFO  steel_front] size diag: window_inner=2560x1600 hud=2560x1600
[2026-08-17T11:37:50Z INFO  steel_front] size diag: window_inner=2560x1600 hud=2560x1600
[2026-08-17T11:37:50Z INFO  steel_front] size diag: window_inner=2560x1600 hud=2560x1600
[2026-08-17T11:37:50Z INFO  steel_front] size diag: window_inner=2560x1600 hud=2560x1600
[2026-08-17T11:37:50Z INFO  steel_front] size diag: window_inner=2560x1600 hud=2560x1600
[2026-08-17T11:37:50Z INFO  steel_front] size diag: window_inner=2560x1600 hud=2560x1600
[2026-08-17T11:37:50Z INFO  steel_front] size diag: window_inner=2560x1600 hud=2560x1600
[2026-08-17T11:37:50Z INFO  steel_front] size diag: window_inner=2560x1600 hud=2560x1600
[2026-08-17T11:37:50Z INFO  steel_front] size diag: window_inner=2560x1600 hud=2560x1600
[2026-08-17T11:37:50Z INFO  steel_front] size diag: window_inner=2560x1600 hud=2560x1600
[2026-08-17T11:37:50Z INFO  steel_front] cam: yaw=0.0 pitch=0.0 dist=3.4 mode=FirstPerson cycle_us=2476 update_us=24 render_us=2452
[2026-08-17T11:37:51Z INFO  steel_front::engine::game] npc: #5 stand (11.8, 0.0, 2.0)
[2026-08-17T11:37:51Z INFO  steel_front::engine::renderer] visible=65536/65536 near=65536 far=0 fps=371.6 frame_us=1869 cull_us=0 terrain_us=0 wait_fence_us=2177 acquire_us=1 record_us=19 submit_us=14 present_us=108 terrain_lod=high blend=0.000 quality=中画质 marker=61 npc=56
[2026-08-17T11:37:51Z INFO  steel_front::engine::game] ai: npcs=8 near=8 far=0 idle=0 patrol=0 chase=4 attack=4 tactics=[8, 0, 0, 0, 0, 0, 0, 0]
[2026-08-17T11:37:51Z INFO  steel_front::engine::game] game: wave=1 enemies=8 enemy_hp=100 hp=100/100 score=0 phys_us=2 ai_us=227 audio_us=26 net_us=0
[2026-08-17T11:37:51Z INFO  steel_front] cam: yaw=0.0 pitch=0.0 dist=3.4 mode=FirstPerson cycle_us=2509 update_us=22 render_us=2486
[2026-08-17T11:37:52Z INFO  steel_front::engine::game] npc: #7 stand (11.5, 0.0, 3.4)
[2026-08-17T11:37:52Z INFO  steel_front::engine::renderer] visible=65536/65536 near=65536 far=0 fps=371.3 frame_us=1899 cull_us=0 terrain_us=0 wait_fence_us=2385 acquire_us=1 record_us=20 submit_us=16 present_us=128 terrain_lod=high blend=0.000 quality=中画质 marker=74 npc=56
[2026-08-17T11:37:52Z INFO  steel_front::engine::game] ai: npcs=8 near=8 far=0 idle=0 patrol=0 chase=3 attack=5 tactics=[8, 0, 0, 0, 0, 0, 0, 0]
[2026-08-17T11:37:52Z INFO  steel_front::engine::game] game: wave=1 enemies=8 enemy_hp=100 hp=100/100 score=0 phys_us=2 ai_us=425 audio_us=13 net_us=0
[2026-08-17T11:37:52Z INFO  steel_front] cam: yaw=0.0 pitch=0.0 dist=3.4 mode=FirstPerson cycle_us=3007 update_us=38 render_us=2968
[2026-08-17T11:37:53Z INFO  steel_front::engine::renderer] visible=65536/65536 near=65536 far=0 fps=370.5 frame_us=2504 cull_us=0 terrain_us=0 wait_fence_us=2339 acquire_us=1 record_us=50 submit_us=60 present_us=257 terrain_lod=high blend=0.000 quality=中画质 marker=81 npc=56
[2026-08-17T11:37:53Z INFO  steel_front::engine::game] ai: npcs=8 near=8 far=0 idle=0 patrol=0 chase=3 attack=5 tactics=[8, 0, 0, 0, 0, 0, 0, 0]
[2026-08-17T11:37:53Z INFO  steel_front::engine::game] game: wave=1 enemies=8 enemy_hp=100 hp=100/100 score=0 phys_us=2 ai_us=376 audio_us=26 net_us=0
[2026-08-17T11:37:53Z INFO  steel_front::engine::game] npc: #2 stand (1.9, 0.0, -11.8)
[2026-08-17T11:37:53Z INFO  steel_front] cam: yaw=0.0 pitch=0.0 dist=3.4 mode=FirstPerson cycle_us=2752 update_us=17 render_us=2734
[2026-08-17T11:37:53Z INFO  steel_front::engine::game] npc: #0 stand (2.9, 0.0, -11.6)
[2026-08-17T11:37:54Z INFO  steel_front::engine::renderer] visible=65536/65536 near=65536 far=0 fps=366.6 frame_us=2152 cull_us=0 terrain_us=0 wait_fence_us=2379 acquire_us=1 record_us=57 submit_us=62 present_us=148 terrain_lod=high blend=0.000 quality=中画质 marker=81 npc=56
[2026-08-17T11:37:54Z INFO  steel_front::engine::game] ai: npcs=8 near=8 far=0 idle=0 patrol=0 chase=1 attack=7 tactics=[8, 0, 0, 0, 0, 0, 0, 0]
[2026-08-17T11:37:54Z INFO  steel_front::engine::game] game: wave=1 enemies=8 enemy_hp=100 hp=100/100 score=0 phys_us=2 ai_us=431 audio_us=11 net_us=0
[2026-08-17T11:37:54Z INFO  steel_front] cam: yaw=0.0 pitch=0.0 dist=3.4 mode=FirstPerson cycle_us=2531 update_us=43 render_us=2487
[2026-08-17T11:37:55Z INFO  steel_front::engine::renderer] visible=65536/65536 near=65536 far=0 fps=370.5 frame_us=2367 cull_us=0 terrain_us=0 wait_fence_us=1984 acquire_us=1 record_us=34 submit_us=40 present_us=394 terrain_lod=high blend=0.000 quality=中画质 marker=84 npc=56
[2026-08-17T11:37:55Z INFO  steel_front] size diag: window_inner=2560x1600 hud=2560x1600
[2026-08-17T11:37:55Z INFO  steel_front] size diag: window_inner=2560x1600 hud=2560x1600
[2026-08-17T11:37:55Z INFO  steel_front] size diag: window_inner=2560x1600 hud=2560x1600
[2026-08-17T11:37:55Z INFO  steel_front] size diag: window_inner=2560x1600 hud=2560x1600
[2026-08-17T11:37:55Z INFO  steel_front] size diag: window_inner=2560x1600 hud=2560x1600
[2026-08-17T11:37:55Z INFO  steel_front] size diag: window_inner=2560x1600 hud=2560x1600
[2026-08-17T11:37:55Z INFO  steel_front] size diag: window_inner=2560x1600 hud=2560x1600
[2026-08-17T11:37:55Z INFO  steel_front] size diag: window_inner=2560x1600 hud=2560x1600
[2026-08-17T11:37:55Z INFO  steel_front] size diag: window_inner=2560x1600 hud=2560x1600
[2026-08-17T11:37:55Z INFO  steel_front::engine::game] ai: npcs=8 near=8 far=0 idle=0 patrol=0 chase=1 attack=7 tactics=[8, 0, 0, 0, 0, 0, 0, 0]
[2026-08-17T11:37:55Z INFO  steel_front::engine::game] game: wave=1 enemies=8 enemy_hp=100 hp=100/100 score=0 phys_us=2 ai_us=222 audio_us=30 net_us=0
[2026-08-17T11:37:55Z INFO  steel_front] size diag: window_inner=2560x1600 hud=2560x1600
[2026-08-17T11:37:55Z INFO  steel_front] size diag: window_inner=2560x1600 hud=2560x1600
[2026-08-17T11:37:55Z INFO  steel_front] size diag: window_inner=2560x1600 hud=2560x1600
[2026-08-17T11:37:55Z INFO  steel_front] size diag: window_inner=2560x1600 hud=2560x1600
[2026-08-17T11:37:55Z INFO  steel_front] size diag: window_inner=2560x1600 hud=2560x1600
[2026-08-17T11:37:55Z INFO  steel_front] size diag: window_inner=2560x1600 hud=2560x1600
[2026-08-17T11:37:55Z INFO  steel_front] size diag: window_inner=2560x1600 hud=2560x1600
[2026-08-17T11:37:55Z INFO  steel_front] size diag: window_inner=2560x1600 hud=2560x1600
[2026-08-17T11:37:55Z INFO  steel_front] size diag: window_inner=2560x1600 hud=2560x1600
[2026-08-17T11:37:55Z INFO  steel_front] cam: yaw=0.0 pitch=0.0 dist=3.4 mode=FirstPerson cycle_us=2649 update_us=33 render_us=2615
[2026-08-17T11:37:56Z INFO  steel_front::engine::renderer] visible=65536/65536 near=65536 far=0 fps=371.3 frame_us=2332 cull_us=0 terrain_us=0 wait_fence_us=1992 acquire_us=1 record_us=17 submit_us=19 present_us=251 terrain_lod=high blend=0.000 quality=中画质 marker=83 npc=56
[2026-08-17T11:37:56Z INFO  steel_front::engine::game] ai: npcs=8 near=8 far=0 idle=0 patrol=0 chase=1 attack=7 tactics=[8, 0, 0, 0, 0, 0, 0, 0]
[2026-08-17T11:37:56Z INFO  steel_front::engine::game] game: wave=1 enemies=8 enemy_hp=100 hp=100/100 score=0 phys_us=2 ai_us=454 audio_us=23 net_us=0
[2026-08-17T11:37:56Z INFO  steel_front] cam: yaw=0.0 pitch=0.0 dist=3.4 mode=FirstPerson cycle_us=2625 update_us=16 render_us=2608
[2026-08-17T11:37:57Z INFO  steel_front::engine::renderer] visible=65536/65536 near=65536 far=0 fps=370.6 frame_us=2451 cull_us=0 terrain_us=0 wait_fence_us=1808 acquire_us=0 record_us=36 submit_us=30 present_us=237 terrain_lod=high blend=0.000 quality=中画质 marker=84 npc=56
[2026-08-17T11:37:57Z INFO  steel_front::engine::game] ai: npcs=8 near=8 far=0 idle=0 patrol=0 chase=1 attack=7 tactics=[8, 0, 0, 0, 0, 0, 0, 0]
[2026-08-17T11:37:57Z INFO  steel_front::engine::game] game: wave=1 enemies=8 enemy_hp=100 hp=100/100 score=0 phys_us=1 ai_us=409 audio_us=27 net_us=0
[2026-08-17T11:37:57Z INFO  steel_front::engine::game] npc: #6 stand (2.1, 0.0, -11.8)
[2026-08-17T11:37:57Z INFO  steel_front] cam: yaw=0.0 pitch=0.0 dist=3.4 mode=FirstPerson cycle_us=2692 update_us=42 render_us=2650
[2026-08-17T11:37:58Z INFO  steel_front::engine::renderer] visible=65536/65536 near=65536 far=0 fps=370.0 frame_us=2365 cull_us=0 terrain_us=0 wait_fence_us=2298 acquire_us=0 record_us=18 submit_us=18 present_us=279 terrain_lod=high blend=0.000 quality=中画质 marker=84 npc=56
[2026-08-17T11:37:58Z INFO  steel_front::engine::game] ai: npcs=8 near=8 far=0 idle=0 patrol=0 chase=0 attack=8 tactics=[8, 0, 0, 0, 0, 0, 0, 0]
[2026-08-17T11:37:58Z INFO  steel_front::engine::game] game: wave=1 enemies=8 enemy_hp=100 hp=100/100 score=0 phys_us=2 ai_us=449 audio_us=11 net_us=0
[2026-08-17T11:37:58Z INFO  steel_front] cam: yaw=0.0 pitch=0.0 dist=3.4 mode=FirstPerson cycle_us=2861 update_us=38 render_us=2823
[2026-08-17T11:37:59Z INFO  steel_front::engine::renderer] visible=65536/65536 near=65536 far=0 fps=358.3 frame_us=2508 cull_us=0 terrain_us=0 wait_fence_us=1775 acquire_us=1 record_us=37 submit_us=31 present_us=255 terrain_lod=high blend=0.000 quality=中画质 marker=84 npc=56
[2026-08-17T11:37:59Z INFO  steel_front::engine::game] ai: npcs=8 near=8 far=0 idle=0 patrol=0 chase=0 attack=8 tactics=[8, 0, 0, 0, 0, 0, 0, 0]
[2026-08-17T11:37:59Z INFO  steel_front::engine::game] game: wave=1 enemies=8 enemy_hp=100 hp=100/100 score=0 phys_us=1 ai_us=416 audio_us=29 net_us=0
[2026-08-17T11:37:59Z INFO  steel_front] cam: yaw=0.0 pitch=0.0 dist=3.4 mode=FirstPerson cycle_us=2682 update_us=37 render_us=2645
[2026-08-17T11:38:00Z INFO  steel_front::engine::renderer] visible=65536/65536 near=65536 far=0 fps=375.8 frame_us=2095 cull_us=0 terrain_us=0 wait_fence_us=2107 acquire_us=1 record_us=48 submit_us=44 present_us=221 terrain_lod=high blend=0.000 quality=中画质 marker=84 npc=56
[2026-08-17T11:38:00Z INFO  steel_front] size diag: window_inner=2560x1600 hud=2560x1600
[2026-08-17T11:38:00Z INFO  steel_front] size diag: window_inner=2560x1600 hud=2560x1600
[2026-08-17T11:38:00Z INFO  steel_front] size diag: window_inner=2560x1600 hud=2560x1600
[2026-08-17T11:38:00Z INFO  steel_front] size diag: window_inner=2560x1600 hud=2560x1600
[2026-08-17T11:38:00Z INFO  steel_front] size diag: window_inner=2560x1600 hud=2560x1600
[2026-08-17T11:38:00Z INFO  steel_front] size diag: window_inner=2560x1600 hud=2560x1600
[2026-08-17T11:38:00Z INFO  steel_front] size diag: window_inner=2560x1600 hud=2560x1600
[2026-08-17T11:38:00Z INFO  steel_front] size diag: window_inner=2560x1600 hud=2560x1600
[2026-08-17T11:38:00Z INFO  steel_front] size diag: window_inner=2560x1600 hud=2560x1600
[2026-08-17T11:38:00Z INFO  steel_front] size diag: window_inner=2560x1600 hud=2560x1600
[2026-08-17T11:38:00Z INFO  steel_front] size diag: window_inner=2560x1600 hud=2560x1600
[2026-08-17T11:38:00Z INFO  steel_front] size diag: window_inner=2560x1600 hud=2560x1600
[2026-08-17T11:38:00Z INFO  steel_front::engine::game] ai: npcs=8 near=8 far=0 idle=0 patrol=0 chase=0 attack=8 tactics=[8, 0, 0, 0, 0, 0, 0, 0]
[2026-08-17T11:38:00Z INFO  steel_front::engine::game] game: wave=1 enemies=8 enemy_hp=100 hp=100/100 score=0 phys_us=1 ai_us=165 audio_us=29 net_us=0
[2026-08-17T11:38:00Z INFO  steel_front] size diag: window_inner=2560x1600 hud=2560x1600
[2026-08-17T11:38:00Z INFO  steel_front] size diag: window_inner=2560x1600 hud=2560x1600
[2026-08-17T11:38:00Z INFO  steel_front] size diag: window_inner=2560x1600 hud=2560x1600
[2026-08-17T11:38:00Z INFO  steel_front] size diag: window_inner=2560x1600 hud=2560x1600
[2026-08-17T11:38:00Z INFO  steel_front] size diag: window_inner=2560x1600 hud=2560x1600
[2026-08-17T11:38:00Z INFO  steel_front] size diag: window_inner=2560x1600 hud=2560x1600
[2026-08-17T11:38:00Z INFO  steel_front] size diag: window_inner=2560x1600 hud=2560x1600
[2026-08-17T11:38:00Z INFO  steel_front] cam: yaw=0.0 pitch=0.0 dist=3.4 mode=FirstPerson cycle_us=2503 update_us=40 render_us=2463
[2026-08-17T11:38:01Z INFO  steel_front::engine::renderer] visible=65536/65536 near=65536 far=0 fps=361.7 frame_us=2126 cull_us=0 terrain_us=0 wait_fence_us=2041 acquire_us=1 record_us=56 submit_us=46 present_us=221 terrain_lod=high blend=0.000 quality=中画质 marker=84 npc=56
[2026-08-17T11:38:01Z INFO  steel_front::engine::game] ai: npcs=8 near=8 far=0 idle=0 patrol=0 chase=0 attack=8 tactics=[8, 0, 0, 0, 0, 0, 0, 0]
[2026-08-17T11:38:01Z INFO  steel_front::engine::game] game: wave=1 enemies=8 enemy_hp=100 hp=100/100 score=0 phys_us=2 ai_us=705 audio_us=38 net_us=0
[2026-08-17T11:38:01Z INFO  steel_front] cam: yaw=0.0 pitch=0.0 dist=3.4 mode=FirstPerson cycle_us=2488 update_us=40 render_us=2448
[2026-08-17T11:38:02Z INFO  steel_front::engine::renderer] visible=65536/65536 near=65536 far=0 fps=364.9 frame_us=2092 cull_us=0 terrain_us=0 wait_fence_us=2275 acquire_us=0 record_us=43 submit_us=41 present_us=218 terrain_lod=high blend=0.000 quality=中画质 marker=84 npc=56
[2026-08-17T11:38:02Z INFO  steel_front::engine::game] ai: npcs=8 near=8 far=0 idle=0 patrol=0 chase=0 attack=8 tactics=[8, 0, 0, 0, 0, 0, 0, 0]
[2026-08-17T11:38:02Z INFO  steel_front::engine::game] game: wave=1 enemies=8 enemy_hp=100 hp=100/100 score=0 phys_us=2 ai_us=490 audio_us=76 net_us=0
[2026-08-17T11:38:02Z INFO  steel_front] cam: yaw=0.0 pitch=0.0 dist=3.4 mode=FirstPerson cycle_us=2788 update_us=41 render_us=2747
[2026-08-17T11:38:03Z INFO  steel_front::engine::renderer] visible=65536/65536 near=65536 far=0 fps=360.2 frame_us=2531 cull_us=0 terrain_us=0 wait_fence_us=1895 acquire_us=1 record_us=24 submit_us=20 present_us=142 terrain_lod=high blend=0.000 quality=中画质 marker=84 npc=56
[2026-08-17T11:38:03Z INFO  steel_front::engine::game] ai: npcs=8 near=8 far=0 idle=0 patrol=0 chase=0 attack=8 tactics=[8, 0, 0, 0, 0, 0, 0, 0]
[2026-08-17T11:38:03Z INFO  steel_front::engine::game] game: wave=1 enemies=8 enemy_hp=100 hp=100/100 score=0 phys_us=0 ai_us=608 audio_us=28 net_us=0
[2026-08-17T11:38:03Z INFO  steel_front] cam: yaw=0.0 pitch=0.0 dist=3.4 mode=FirstPerson cycle_us=2834 update_us=53 render_us=2781
[2026-08-17T11:38:04Z INFO  steel_front::engine::renderer] visible=65536/65536 near=65536 far=0 fps=364.3 frame_us=2533 cull_us=0 terrain_us=0 wait_fence_us=2161 acquire_us=1 record_us=37 submit_us=28 present_us=198 terrain_lod=high blend=0.000 quality=中画质 marker=84 npc=56
[2026-08-17T11:38:04Z INFO  steel_front::engine::game] ai: npcs=8 near=8 far=0 idle=0 patrol=0 chase=0 attack=8 tactics=[8, 0, 0, 0, 0, 0, 0, 0]
[2026-08-17T11:38:04Z INFO  steel_front::engine::game] game: wave=1 enemies=8 enemy_hp=100 hp=100/100 score=0 phys_us=1 ai_us=429 audio_us=15 net_us=0
[2026-08-17T11:38:04Z INFO  steel_front] cam: yaw=0.0 pitch=0.0 dist=3.4 mode=FirstPerson cycle_us=3148 update_us=45 render_us=3103
[2026-08-17T11:38:05Z INFO  steel_front::engine::renderer] visible=65536/65536 near=65536 far=0 fps=364.2 frame_us=2588 cull_us=0 terrain_us=0 wait_fence_us=1729 acquire_us=0 record_us=50 submit_us=49 present_us=282 terrain_lod=high blend=0.000 quality=中画质 marker=84 npc=56
[2026-08-17T11:38:05Z INFO  steel_front] size diag: window_inner=2560x1600 hud=2560x1600
[2026-08-17T11:38:05Z INFO  steel_front] size diag: window_inner=2560x1600 hud=2560x1600
[2026-08-17T11:38:05Z INFO  steel_front] size diag: window_inner=2560x1600 hud=2560x1600
[2026-08-17T11:38:05Z INFO  steel_front] size diag: window_inner=2560x1600 hud=2560x1600
[2026-08-17T11:38:05Z INFO  steel_front] size diag: window_inner=2560x1600 hud=2560x1600
[2026-08-17T11:38:05Z INFO  steel_front] size diag: window_inner=2560x1600 hud=2560x1600
[2026-08-17T11:38:05Z INFO  steel_front] size diag: window_inner=2560x1600 hud=2560x1600
[2026-08-17T11:38:05Z INFO  steel_front] size diag: window_inner=2560x1600 hud=2560x1600
[2026-08-17T11:38:05Z INFO  steel_front] size diag: window_inner=2560x1600 hud=2560x1600
[2026-08-17T11:38:05Z INFO  steel_front] size diag: window_inner=2560x1600 hud=2560x1600
[2026-08-17T11:38:05Z INFO  steel_front] size diag: window_inner=2560x1600 hud=2560x1600
[2026-08-17T11:38:05Z INFO  steel_front] size diag: window_inner=2560x1600 hud=2560x1600
[2026-08-17T11:38:05Z INFO  steel_front] size diag: window_inner=2560x1600 hud=2560x1600
[2026-08-17T11:38:05Z INFO  steel_front] size diag: window_inner=2560x1600 hud=2560x1600
[2026-08-17T11:38:05Z INFO  steel_front::engine::game] ai: npcs=8 near=8 far=0 idle=0 patrol=0 chase=0 attack=8 tactics=[8, 0, 0, 0, 0, 0, 0, 0]
[2026-08-17T11:38:05Z INFO  steel_front::engine::game] game: wave=1 enemies=8 enemy_hp=100 hp=100/100 score=0 phys_us=1 ai_us=141 audio_us=13 net_us=0
[2026-08-17T11:38:05Z INFO  steel_front] size diag: window_inner=2560x1600 hud=2560x1600
[2026-08-17T11:38:05Z INFO  steel_front] size diag: window_inner=2560x1600 hud=2560x1600
[2026-08-17T11:38:05Z INFO  steel_front] size diag: window_inner=2560x1600 hud=2560x1600
[2026-08-17T11:38:05Z INFO  steel_front] size diag: window_inner=2560x1600 hud=2560x1600
[2026-08-17T11:38:05Z INFO  steel_front] size diag: window_inner=2560x1600 hud=2560x1600
[2026-08-17T11:38:05Z INFO  steel_front] cam: yaw=0.0 pitch=0.0 dist=3.4 mode=FirstPerson cycle_us=2316 update_us=24 render_us=2292
[2026-08-17T11:38:06Z INFO  steel_front::engine::renderer] visible=65536/65536 near=65536 far=0 fps=372.7 frame_us=2683 cull_us=0 terrain_us=0 wait_fence_us=1596 acquire_us=0 record_us=84 submit_us=34 present_us=475 terrain_lod=high blend=0.000 quality=中画质 marker=84 npc=56
[2026-08-17T11:38:06Z INFO  steel_front::engine::game] ai: npcs=8 near=8 far=0 idle=0 patrol=0 chase=0 attack=8 tactics=[8, 0, 0, 0, 0, 0, 0, 0]
[2026-08-17T11:38:06Z INFO  steel_front::engine::game] game: wave=1 enemies=8 enemy_hp=100 hp=100/100 score=0 phys_us=1 ai_us=408 audio_us=11 net_us=0
[2026-08-17T11:38:06Z INFO  steel_front] cam: yaw=0.0 pitch=0.0 dist=3.4 mode=FirstPerson cycle_us=2719 update_us=38 render_us=2680
[2026-08-17T11:38:07Z INFO  steel_front::engine::game] map: level 1 generated: 36 obstacle bodies (wall=20 block=0 barrier=0 tree=3 building=6 ruin=7), 203 grid cells blocked
[2026-08-17T11:38:07Z INFO  steel_front::engine::game] game: purged 8 leftover npcs on run start
[2026-08-17T11:38:07Z INFO  steel_front::engine::game] wave: npc #8 spawn (65.3, 0.0, 25.3)
[2026-08-17T11:38:07Z INFO  steel_front::engine::game] wave: npc #9 spawn (6.1, 0.0, 39.5)
[2026-08-17T11:38:07Z INFO  steel_front::engine::game] wave: npc #10 spawn (-46.8, 0.0, 37.6)
[2026-08-17T11:38:07Z INFO  steel_front::engine::game] wave: npc #11 spawn (-74.6, 0.0, -28.9)
[2026-08-17T11:38:07Z INFO  steel_front::engine::game] wave: npc #12 spawn (-7.6, 0.0, -49.4)
[2026-08-17T11:38:07Z INFO  steel_front::engine::game] wave: npc #13 spawn (54.6, 0.0, -43.9)
[2026-08-17T11:38:07Z INFO  steel_front::engine::game] wave: wave 1 spawned 6 enemies (kind=Normal total=6 speed=4.0 hp=100 effective=1)
[2026-08-17T11:38:07Z INFO  steel_front::engine::game] game: run started (wave 1)
[2026-08-17T11:38:07Z INFO  steel_front] 截图已保存: screenshots\steel_front_1786966687.png
[2026-08-17T11:38:07Z INFO  steel_front] input: cursor captured (mouse look on, grab=locked, look=relative)
[2026-08-17T11:38:07Z INFO  steel_front::engine::game] physics: 36 events this frame (GroundHit, GroundHit, GroundHit, GroundHit, GroundHit, GroundHit, GroundHit, GroundHit, GroundHit, GroundHit, GroundHit, GroundHit, GroundHit, GroundHit, GroundHit, GroundHit, GroundHit, GroundHit, GroundHit, GroundHit, GroundHit, GroundHit, GroundHit, GroundHit, GroundHit, GroundHit, GroundHit, GroundHit, GroundHit, GroundHit, GroundHit, GroundHit, GroundHit, GroundHit, GroundHit, GroundHit)
[2026-08-17T11:38:07Z INFO  steel_front::engine::renderer] 截图已保存: screenshots\steel_front_1786966687.png
[2026-08-17T11:38:07Z INFO  steel_front::engine::renderer] visible=65536/65536 near=65536 far=0 fps=330.7 frame_us=1586 cull_us=1 terrain_us=0 wait_fence_us=1592 acquire_us=1 record_us=40 submit_us=39 present_us=175 terrain_lod=high blend=0.000 quality=中画质 marker=36 npc=98
[2026-08-17T11:38:07Z INFO  steel_front::engine::game] ai: npcs=6 near=6 far=0 idle=0 patrol=3 chase=3 attack=0 tactics=[4, 1, 1, 0, 0, 0, 0, 0]
[2026-08-17T11:38:07Z INFO  steel_front::engine::game] game: wave=1 enemies=6 enemy_hp=100 hp=100/100 score=0 phys_us=2 ai_us=447 audio_us=13 net_us=0
[2026-08-17T11:38:07Z INFO  steel_front] cam: yaw=0.0 pitch=0.0 dist=3.4 mode=FirstPerson cycle_us=2358 update_us=42 render_us=2316
[2026-08-17T11:38:08Z INFO  steel_front::engine::renderer] visible=65536/65536 near=65536 far=0 fps=393.9 frame_us=1926 cull_us=1 terrain_us=0 wait_fence_us=1669 acquire_us=1 record_us=37 submit_us=33 present_us=206 terrain_lod=high blend=0.000 quality=中画质 marker=36 npc=98
[2026-08-17T11:38:08Z INFO  steel_front::engine::game] ai: npcs=6 near=6 far=0 idle=0 patrol=3 chase=3 attack=0 tactics=[4, 1, 1, 0, 0, 0, 0, 0]
[2026-08-17T11:38:08Z INFO  steel_front::engine::game] game: wave=1 enemies=6 enemy_hp=100 hp=100/100 score=0 phys_us=1 ai_us=384 audio_us=26 net_us=0
[2026-08-17T11:38:08Z INFO  steel_front] cam: yaw=0.0 pitch=0.0 dist=3.4 mode=FirstPerson cycle_us=2668 update_us=40 render_us=2628
[2026-08-17T11:38:09Z INFO  steel_front::engine::renderer] visible=65536/65536 near=65536 far=0 fps=393.9 frame_us=1865 cull_us=1 terrain_us=0 wait_fence_us=1168 acquire_us=0 record_us=48 submit_us=61 present_us=285 terrain_lod=high blend=0.000 quality=中画质 marker=36 npc=98
[2026-08-17T11:38:09Z INFO  steel_front::engine::game] ai: npcs=6 near=6 far=0 idle=0 patrol=3 chase=3 attack=0 tactics=[4, 1, 1, 0, 0, 0, 0, 0]
[2026-08-17T11:38:09Z INFO  steel_front::engine::game] game: wave=1 enemies=6 enemy_hp=100 hp=100/100 score=0 phys_us=2 ai_us=407 audio_us=26 net_us=0
[2026-08-17T11:38:09Z INFO  steel_front] cam: yaw=0.0 pitch=0.0 dist=3.4 mode=FirstPerson cycle_us=2394 update_us=38 render_us=2356
[2026-08-17T11:38:10Z INFO  steel_front::engine::renderer] visible=65536/65536 near=65536 far=0 fps=389.2 frame_us=1838 cull_us=1 terrain_us=0 wait_fence_us=1508 acquire_us=1 record_us=39 submit_us=47 present_us=146 terrain_lod=high blend=0.000 quality=中画质 marker=36 npc=98
[2026-08-17T11:38:10Z INFO  steel_front] size diag: window_inner=2560x1600 hud=2560x1600
[2026-08-17T11:38:10Z INFO  steel_front] size diag: window_inner=2560x1600 hud=2560x1600
[2026-08-17T11:38:10Z INFO  steel_front] size diag: window_inner=2560x1600 hud=2560x1600
[2026-08-17T11:38:10Z INFO  steel_front] size diag: window_inner=2560x1600 hud=2560x1600
[2026-08-17T11:38:10Z INFO  steel_front] size diag: window_inner=2560x1600 hud=2560x1600
[2026-08-17T11:38:10Z INFO  steel_front] size diag: window_inner=2560x1600 hud=2560x1600
[2026-08-17T11:38:10Z INFO  steel_front] size diag: window_inner=2560x1600 hud=2560x1600
[2026-08-17T11:38:10Z INFO  steel_front] size diag: window_inner=2560x1600 hud=2560x1600
[2026-08-17T11:38:10Z INFO  steel_front] size diag: window_inner=2560x1600 hud=2560x1600
[2026-08-17T11:38:10Z INFO  steel_front] size diag: window_inner=2560x1600 hud=2560x1600
[2026-08-17T11:38:10Z INFO  steel_front] size diag: window_inner=2560x1600 hud=2560x1600
[2026-08-17T11:38:10Z INFO  steel_front] size diag: window_inner=2560x1600 hud=2560x1600
[2026-08-17T11:38:10Z INFO  steel_front] size diag: window_inner=2560x1600 hud=2560x1600
[2026-08-17T11:38:10Z INFO  steel_front] size diag: window_inner=2560x1600 hud=2560x1600
[2026-08-17T11:38:10Z INFO  steel_front] size diag: window_inner=2560x1600 hud=2560x1600
[2026-08-17T11:38:10Z INFO  steel_front] size diag: window_inner=2560x1600 hud=2560x1600
[2026-08-17T11:38:10Z INFO  steel_front::engine::game] ai: npcs=6 near=6 far=0 idle=0 patrol=1 chase=5 attack=0 tactics=[4, 1, 1, 0, 0, 0, 0, 0]
[2026-08-17T11:38:10Z INFO  steel_front::engine::game] game: wave=1 enemies=6 enemy_hp=100 hp=100/100 score=0 phys_us=2 ai_us=225 audio_us=10 net_us=0
[2026-08-17T11:38:10Z INFO  steel_front] size diag: window_inner=2560x1600 hud=2560x1600
[2026-08-17T11:38:10Z INFO  steel_front] size diag: window_inner=2560x1600 hud=2560x1600
[2026-08-17T11:38:10Z INFO  steel_front] size diag: window_inner=2560x1600 hud=2560x1600
[2026-08-17T11:38:10Z INFO  steel_front] size diag: window_inner=2560x1600 hud=2560x1600
[2026-08-17T11:38:10Z INFO  steel_front] cam: yaw=0.0 pitch=0.0 dist=3.4 mode=FirstPerson cycle_us=2440 update_us=23 render_us=2416
[2026-08-17T11:38:11Z INFO  steel_front::engine::renderer] visible=65536/65536 near=65536 far=0 fps=389.4 frame_us=1485 cull_us=1 terrain_us=0 wait_fence_us=1736 acquire_us=1 record_us=33 submit_us=36 present_us=169 terrain_lod=high blend=0.000 quality=中画质 marker=36 npc=98
[2026-08-17T11:38:11Z INFO  steel_front::engine::game] ai: npcs=6 near=6 far=0 idle=0 patrol=1 chase=5 attack=0 tactics=[4, 1, 1, 0, 0, 0, 0, 0]
[2026-08-17T11:38:11Z INFO  steel_front::engine::game] game: wave=1 enemies=6 enemy_hp=100 hp=100/100 score=0 phys_us=1 ai_us=208 audio_us=14 net_us=0
[2026-08-17T11:38:11Z INFO  steel_front] cam: yaw=0.0 pitch=0.0 dist=3.4 mode=FirstPerson cycle_us=2411 update_us=37 render_us=2374
[2026-08-17T11:38:12Z INFO  steel_front::engine::renderer] visible=65536/65536 near=65536 far=0 fps=382.5 frame_us=2348 cull_us=1 terrain_us=0 wait_fence_us=1028 acquire_us=0 record_us=50 submit_us=50 present_us=274 terrain_lod=high blend=0.000 quality=中画质 marker=36 npc=98
[2026-08-17T11:38:12Z INFO  steel_front::engine::game] ai: npcs=6 near=6 far=0 idle=0 patrol=1 chase=5 attack=0 tactics=[4, 1, 1, 0, 0, 0, 0, 0]
[2026-08-17T11:38:12Z INFO  steel_front::engine::game] game: wave=1 enemies=6 enemy_hp=100 hp=100/100 score=0 phys_us=1 ai_us=404 audio_us=24 net_us=0
[2026-08-17T11:38:12Z INFO  steel_front] cam: yaw=0.0 pitch=0.0 dist=3.4 mode=FirstPerson cycle_us=2731 update_us=37 render_us=2693
[2026-08-17T11:38:13Z INFO  steel_front::engine::renderer] visible=65536/65536 near=65536 far=0 fps=392.7 frame_us=2250 cull_us=1 terrain_us=0 wait_fence_us=1369 acquire_us=0 record_us=49 submit_us=47 present_us=221 terrain_lod=high blend=0.000 quality=中画质 marker=36 npc=98
[2026-08-17T11:38:13Z INFO  steel_front::engine::game] ai: npcs=6 near=6 far=0 idle=0 patrol=1 chase=5 attack=0 tactics=[4, 1, 1, 0, 0, 0, 0, 0]
[2026-08-17T11:38:13Z INFO  steel_front::engine::game] game: wave=1 enemies=6 enemy_hp=100 hp=100/100 score=0 phys_us=1 ai_us=388 audio_us=23 net_us=0
[2026-08-17T11:38:13Z INFO  steel_front] cam: yaw=0.0 pitch=0.0 dist=3.4 mode=FirstPerson cycle_us=3015 update_us=45 render_us=2969
[2026-08-17T11:38:14Z INFO  steel_front::engine::renderer] visible=65536/65536 near=65536 far=0 fps=371.4 frame_us=1750 cull_us=1 terrain_us=0 wait_fence_us=1091 acquire_us=1 record_us=52 submit_us=49 present_us=550 terrain_lod=high blend=0.000 quality=中画质 marker=36 npc=98
[2026-08-17T11:38:14Z INFO  steel_front::engine::game] ai: npcs=6 near=5 far=1 idle=0 patrol=1 chase=5 attack=0 tactics=[4, 1, 1, 0, 0, 0, 0, 0]
[2026-08-17T11:38:14Z INFO  steel_front::engine::game] game: wave=1 enemies=6 enemy_hp=100 hp=100/100 score=0 phys_us=2 ai_us=575 audio_us=25 net_us=0
[2026-08-17T11:38:14Z INFO  steel_front] cam: yaw=0.0 pitch=0.0 dist=3.4 mode=FirstPerson cycle_us=2680 update_us=26 render_us=2653
[2026-08-17T11:38:15Z INFO  steel_front::engine::renderer] visible=65536/65536 near=65536 far=0 fps=380.4 frame_us=1704 cull_us=1 terrain_us=0 wait_fence_us=1541 acquire_us=1 record_us=48 submit_us=45 present_us=277 terrain_lod=high blend=0.000 quality=中画质 marker=36 npc=98
[2026-08-17T11:38:15Z INFO  steel_front] size diag: window_inner=2560x1600 hud=2560x1600
[2026-08-17T11:38:15Z INFO  steel_front] size diag: window_inner=2560x1600 hud=2560x1600
[2026-08-17T11:38:15Z INFO  steel_front] size diag: window_inner=2560x1600 hud=2560x1600
[2026-08-17T11:38:15Z INFO  steel_front] size diag: window_inner=2560x1600 hud=2560x1600
[2026-08-17T11:38:15Z INFO  steel_front] size diag: window_inner=2560x1600 hud=2560x1600
[2026-08-17T11:38:15Z INFO  steel_front] size diag: window_inner=2560x1600 hud=2560x1600
[2026-08-17T11:38:15Z INFO  steel_front] size diag: window_inner=2560x1600 hud=2560x1600
[2026-08-17T11:38:15Z INFO  steel_front] size diag: window_inner=2560x1600 hud=2560x1600
[2026-08-17T11:38:15Z INFO  steel_front] size diag: window_inner=2560x1600 hud=2560x1600
[2026-08-17T11:38:15Z INFO  steel_front] size diag: window_inner=2560x1600 hud=2560x1600
[2026-08-17T11:38:15Z INFO  steel_front] size diag: window_inner=2560x1600 hud=2560x1600
[2026-08-17T11:38:15Z INFO  steel_front] size diag: window_inner=2560x1600 hud=2560x1600
[2026-08-17T11:38:15Z INFO  steel_front] size diag: window_inner=2560x1600 hud=2560x1600
[2026-08-17T11:38:15Z INFO  steel_front] size diag: window_inner=2560x1600 hud=2560x1600
[2026-08-17T11:38:15Z INFO  steel_front] size diag: window_inner=2560x1600 hud=2560x1600
[2026-08-17T11:38:15Z INFO  steel_front] size diag: window_inner=2560x1600 hud=2560x1600
[2026-08-17T11:38:15Z INFO  steel_front] size diag: window_inner=2560x1600 hud=2560x1600
[2026-08-17T11:38:15Z INFO  steel_front::engine::game] ai: npcs=6 near=5 far=1 idle=0 patrol=1 chase=5 attack=0 tactics=[4, 1, 1, 0, 0, 0, 0, 0]
[2026-08-17T11:38:15Z INFO  steel_front::engine::game] game: wave=1 enemies=6 enemy_hp=100 hp=100/100 score=0 phys_us=1 ai_us=182 audio_us=16 net_us=0
[2026-08-17T11:38:15Z INFO  steel_front] size diag: window_inner=2560x1600 hud=2560x1600
[2026-08-17T11:38:15Z INFO  steel_front] size diag: window_inner=2560x1600 hud=2560x1600
[2026-08-17T11:38:16Z INFO  steel_front] cam: yaw=0.0 pitch=0.0 dist=3.4 mode=FirstPerson cycle_us=2811 update_us=38 render_us=2772
[2026-08-17T11:38:16Z INFO  steel_front::engine::renderer] visible=65536/65536 near=65536 far=0 fps=378.7 frame_us=2416 cull_us=0 terrain_us=0 wait_fence_us=1258 acquire_us=1 record_us=30 submit_us=41 present_us=318 terrain_lod=high blend=0.000 quality=中画质 marker=36 npc=98
[2026-08-17T11:38:16Z INFO  steel_front::engine::game] ai: npcs=6 near=5 far=1 idle=0 patrol=1 chase=5 attack=0 tactics=[4, 1, 1, 0, 0, 0, 0, 0]
[2026-08-17T11:38:16Z INFO  steel_front::engine::game] game: wave=1 enemies=6 enemy_hp=100 hp=100/100 score=0 phys_us=2 ai_us=612 audio_us=28 net_us=0
[2026-08-17T11:38:17Z INFO  steel_front] cam: yaw=0.0 pitch=0.0 dist=3.4 mode=FirstPerson cycle_us=2480 update_us=38 render_us=2440
[2026-08-17T11:38:17Z INFO  steel_front::engine::game] npc: #9 stand (6.7, 0.0, 10.0)
[2026-08-17T11:38:17Z INFO  steel_front::engine::renderer] visible=65536/65536 near=65536 far=0 fps=383.7 frame_us=1618 cull_us=1 terrain_us=0 wait_fence_us=1602 acquire_us=1 record_us=32 submit_us=33 present_us=150 terrain_lod=high blend=0.000 quality=中画质 marker=36 npc=42
[2026-08-17T11:38:17Z INFO  steel_front::engine::game] ai: npcs=6 near=5 far=1 idle=0 patrol=1 chase=4 attack=1 tactics=[4, 1, 1, 0, 0, 0, 0, 0]
[2026-08-17T11:38:17Z INFO  steel_front::engine::game] game: wave=1 enemies=6 enemy_hp=100 hp=95/100 score=0 phys_us=4 ai_us=717 audio_us=18 net_us=1
[2026-08-17T11:38:18Z INFO  steel_front] cam: yaw=0.0 pitch=0.0 dist=3.4 mode=FirstPerson cycle_us=2620 update_us=26 render_us=2593
[2026-08-17T11:38:18Z INFO  steel_front::engine::renderer] visible=65536/65536 near=65536 far=0 fps=392.9 frame_us=1773 cull_us=1 terrain_us=0 wait_fence_us=1102 acquire_us=1 record_us=40 submit_us=38 present_us=214 terrain_lod=high blend=0.000 quality=中画质 marker=63 npc=42
[2026-08-17T11:38:18Z INFO  steel_front::engine::game] ai: npcs=6 near=5 far=1 idle=0 patrol=1 chase=4 attack=1 tactics=[4, 1, 1, 0, 0, 0, 0, 0]
[2026-08-17T11:38:18Z INFO  steel_front::engine::game] game: wave=1 enemies=6 enemy_hp=100 hp=90/100 score=0 phys_us=1 ai_us=444 audio_us=23 net_us=0
[2026-08-17T11:38:19Z INFO  steel_front] cam: yaw=0.0 pitch=0.0 dist=3.4 mode=FirstPerson cycle_us=2695 update_us=33 render_us=2661
[2026-08-17T11:38:19Z INFO  steel_front::engine::renderer] visible=65536/65536 near=65536 far=0 fps=382.4 frame_us=1643 cull_us=1 terrain_us=0 wait_fence_us=1313 acquire_us=1 record_us=38 submit_us=37 present_us=294 terrain_lod=high blend=0.000 quality=中画质 marker=36 npc=42
[2026-08-17T11:38:19Z INFO  steel_front::engine::game] ai: npcs=6 near=5 far=1 idle=0 patrol=1 chase=4 attack=1 tactics=[4, 1, 1, 0, 0, 0, 0, 0]
[2026-08-17T11:38:19Z INFO  steel_front::engine::game] game: wave=1 enemies=6 enemy_hp=100 hp=85/100 score=0 phys_us=2 ai_us=557 audio_us=16 net_us=0
[2026-08-17T11:38:20Z INFO  steel_front] cam: yaw=0.0 pitch=0.0 dist=3.4 mode=FirstPerson cycle_us=2550 update_us=35 render_us=2514
[2026-08-17T11:38:20Z INFO  steel_front::engine::renderer] visible=65536/65536 near=65536 far=0 fps=379.6 frame_us=1840 cull_us=1 terrain_us=0 wait_fence_us=1410 acquire_us=1 record_us=22 submit_us=19 present_us=137 terrain_lod=high blend=0.000 quality=中画质 marker=63 npc=42
[2026-08-17T11:38:20Z INFO  steel_front] size diag: window_inner=2560x1600 hud=2560x1600
[2026-08-17T11:38:20Z INFO  steel_front] size diag: window_inner=2560x1600 hud=2560x1600
[2026-08-17T11:38:20Z INFO  steel_front] size diag: window_inner=2560x1600 hud=2560x1600
[2026-08-17T11:38:20Z INFO  steel_front] size diag: window_inner=2560x1600 hud=2560x1600
[2026-08-17T11:38:20Z INFO  steel_front] size diag: window_inner=2560x1600 hud=2560x1600
[2026-08-17T11:38:20Z INFO  steel_front] size diag: window_inner=2560x1600 hud=2560x1600
[2026-08-17T11:38:20Z INFO  steel_front] size diag: window_inner=2560x1600 hud=2560x1600
[2026-08-17T11:38:20Z INFO  steel_front] size diag: window_inner=2560x1600 hud=2560x1600
[2026-08-17T11:38:20Z INFO  steel_front] size diag: window_inner=2560x1600 hud=2560x1600
[2026-08-17T11:38:20Z INFO  steel_front] size diag: window_inner=2560x1600 hud=2560x1600
[2026-08-17T11:38:20Z INFO  steel_front] size diag: window_inner=2560x1600 hud=2560x1600
[2026-08-17T11:38:20Z INFO  steel_front] size diag: window_inner=2560x1600 hud=2560x1600
[2026-08-17T11:38:20Z INFO  steel_front] size diag: window_inner=2560x1600 hud=2560x1600
[2026-08-17T11:38:20Z INFO  steel_front] size diag: window_inner=2560x1600 hud=2560x1600
[2026-08-17T11:38:20Z INFO  steel_front] size diag: window_inner=2560x1600 hud=2560x1600
[2026-08-17T11:38:20Z INFO  steel_front] size diag: window_inner=2560x1600 hud=2560x1600
[2026-08-17T11:38:20Z INFO  steel_front] size diag: window_inner=2560x1600 hud=2560x1600
[2026-08-17T11:38:20Z INFO  steel_front] size diag: window_inner=2560x1600 hud=2560x1600
[2026-08-17T11:38:20Z INFO  steel_front] size diag: window_inner=2560x1600 hud=2560x1600
[2026-08-17T11:38:20Z INFO  steel_front::engine::game] ai: npcs=6 near=5 far=1 idle=0 patrol=1 chase=4 attack=1 tactics=[4, 1, 1, 0, 0, 0, 0, 0]
[2026-08-17T11:38:20Z INFO  steel_front::engine::game] game: wave=1 enemies=6 enemy_hp=100 hp=80/100 score=0 phys_us=2 ai_us=217 audio_us=26 net_us=0
[2026-08-17T11:38:21Z INFO  steel_front] cam: yaw=0.0 pitch=0.0 dist=3.4 mode=FirstPerson cycle_us=2565 update_us=39 render_us=2526
[2026-08-17T11:38:21Z INFO  steel_front::engine::renderer] visible=65536/65536 near=65536 far=0 fps=385.9 frame_us=1769 cull_us=1 terrain_us=0 wait_fence_us=674 acquire_us=1 record_us=30 submit_us=47 present_us=475 terrain_lod=high blend=0.000 quality=中画质 marker=36 npc=42
[2026-08-17T11:38:21Z INFO  steel_front::engine::game] ai: npcs=6 near=5 far=1 idle=0 patrol=1 chase=4 attack=1 tactics=[4, 1, 1, 0, 0, 0, 0, 0]
[2026-08-17T11:38:21Z INFO  steel_front::engine::game] game: wave=1 enemies=6 enemy_hp=100 hp=75/100 score=0 phys_us=2 ai_us=805 audio_us=22 net_us=0
[2026-08-17T11:38:21Z INFO  steel_front::engine::game] npc: #12 stand (2.1, 0.0, -11.8)
[2026-08-17T11:38:22Z INFO  steel_front] cam: yaw=0.0 pitch=0.0 dist=3.4 mode=FirstPerson cycle_us=2677 update_us=26 render_us=2651
[2026-08-17T11:38:22Z INFO  steel_front::engine::renderer] visible=65536/65536 near=65536 far=0 fps=370.8 frame_us=1824 cull_us=1 terrain_us=0 wait_fence_us=1564 acquire_us=1 record_us=22 submit_us=34 present_us=224 terrain_lod=high blend=0.000 quality=中画质 marker=62 npc=42
[2026-08-17T11:38:22Z INFO  steel_front::engine::game] ai: npcs=6 near=5 far=1 idle=0 patrol=2 chase=2 attack=2 tactics=[4, 1, 1, 0, 0, 0, 0, 0]
[2026-08-17T11:38:22Z INFO  steel_front::engine::game] game: wave=1 enemies=6 enemy_hp=100 hp=70/100 score=0 phys_us=2 ai_us=662 audio_us=25 net_us=0
[2026-08-17T11:38:23Z INFO  steel_front] cam: yaw=0.0 pitch=0.0 dist=3.4 mode=FirstPerson cycle_us=2536 update_us=41 render_us=2494
[2026-08-17T11:38:23Z INFO  steel_front::engine::renderer] visible=65536/65536 near=65536 far=0 fps=383.6 frame_us=2064 cull_us=0 terrain_us=0 wait_fence_us=1420 acquire_us=1 record_us=70 submit_us=37 present_us=225 terrain_lod=high blend=0.000 quality=中画质 marker=36 npc=42
[2026-08-17T11:38:23Z INFO  steel_front::engine::game] ai: npcs=6 near=5 far=1 idle=0 patrol=1 chase=3 attack=2 tactics=[4, 1, 1, 0, 0, 0, 0, 0]
[2026-08-17T11:38:23Z INFO  steel_front::engine::game] game: wave=1 enemies=6 enemy_hp=100 hp=65/100 score=0 phys_us=2 ai_us=676 audio_us=13 net_us=0
[2026-08-17T11:38:24Z INFO  steel_front] cam: yaw=0.0 pitch=0.0 dist=3.4 mode=FirstPerson cycle_us=3011 update_us=26 render_us=2985
[2026-08-17T11:38:24Z INFO  steel_front::engine::renderer] visible=65536/65536 near=65536 far=0 fps=382.0 frame_us=1795 cull_us=1 terrain_us=0 wait_fence_us=1056 acquire_us=1 record_us=36 submit_us=33 present_us=343 terrain_lod=high blend=0.000 quality=中画质 marker=63 npc=42
[2026-08-17T11:38:24Z INFO  steel_front::engine::game] ai: npcs=6 near=5 far=1 idle=0 patrol=1 chase=3 attack=2 tactics=[4, 1, 1, 0, 0, 0, 0, 0]
[2026-08-17T11:38:24Z INFO  steel_front::engine::game] game: wave=1 enemies=6 enemy_hp=100 hp=60/100 score=0 phys_us=2 ai_us=509 audio_us=18 net_us=0
[2026-08-17T11:38:25Z INFO  steel_front] cam: yaw=0.0 pitch=0.0 dist=3.4 mode=FirstPerson cycle_us=2389 update_us=20 render_us=2368
[2026-08-17T11:38:25Z INFO  steel_front::engine::renderer] visible=65536/65536 near=65536 far=0 fps=385.8 frame_us=1829 cull_us=0 terrain_us=0 wait_fence_us=1592 acquire_us=1 record_us=24 submit_us=22 present_us=355 terrain_lod=high blend=0.000 quality=中画质 marker=36 npc=42
[2026-08-17T11:38:25Z INFO  steel_front] size diag: window_inner=2560x1600 hud=2560x1600
[2026-08-17T11:38:25Z INFO  steel_front] size diag: window_inner=2560x1600 hud=2560x1600
[2026-08-17T11:38:25Z INFO  steel_front] size diag: window_inner=2560x1600 hud=2560x1600
[2026-08-17T11:38:25Z INFO  steel_front] size diag: window_inner=2560x1600 hud=2560x1600
[2026-08-17T11:38:25Z INFO  steel_front] size diag: window_inner=2560x1600 hud=2560x1600
[2026-08-17T11:38:25Z INFO  steel_front] size diag: window_inner=2560x1600 hud=2560x1600
[2026-08-17T11:38:25Z INFO  steel_front] size diag: window_inner=2560x1600 hud=2560x1600
[2026-08-17T11:38:25Z INFO  steel_front] size diag: window_inner=2560x1600 hud=2560x1600
[2026-08-17T11:38:25Z INFO  steel_front] size diag: window_inner=2560x1600 hud=2560x1600
[2026-08-17T11:38:25Z INFO  steel_front] size diag: window_inner=2560x1600 hud=2560x1600
[2026-08-17T11:38:25Z INFO  steel_front] size diag: window_inner=2560x1600 hud=2560x1600
[2026-08-17T11:38:25Z INFO  steel_front] size diag: window_inner=2560x1600 hud=2560x1600
[2026-08-17T11:38:25Z INFO  steel_front] size diag: window_inner=2560x1600 hud=2560x1600
[2026-08-17T11:38:25Z INFO  steel_front] size diag: window_inner=2560x1600 hud=2560x1600
[2026-08-17T11:38:25Z INFO  steel_front] size diag: window_inner=2560x1600 hud=2560x1600
[2026-08-17T11:38:25Z INFO  steel_front] size diag: window_inner=2560x1600 hud=2560x1600
[2026-08-17T11:38:25Z INFO  steel_front] size diag: window_inner=2560x1600 hud=2560x1600
[2026-08-17T11:38:25Z INFO  steel_front] size diag: window_inner=2560x1600 hud=2560x1600
[2026-08-17T11:38:25Z INFO  steel_front] size diag: window_inner=2560x1600 hud=2560x1600
[2026-08-17T11:38:25Z INFO  steel_front] size diag: window_inner=2560x1600 hud=2560x1600
[2026-08-17T11:38:25Z INFO  steel_front::engine::game] ai: npcs=6 near=5 far=1 idle=0 patrol=1 chase=3 attack=2 tactics=[4, 1, 1, 0, 0, 0, 0, 0]
[2026-08-17T11:38:25Z INFO  steel_front::engine::game] game: wave=1 enemies=6 enemy_hp=100 hp=55/100 score=0 phys_us=1 ai_us=155 audio_us=23 net_us=0
[2026-08-17T11:38:26Z INFO  steel_front] cam: yaw=0.0 pitch=0.0 dist=3.4 mode=FirstPerson cycle_us=2122 update_us=28 render_us=2094
[2026-08-17T11:38:26Z INFO  steel_front::engine::renderer] visible=65536/65536 near=65536 far=0 fps=384.4 frame_us=1978 cull_us=1 terrain_us=0 wait_fence_us=1386 acquire_us=1 record_us=40 submit_us=39 present_us=225 terrain_lod=high blend=0.000 quality=中画质 marker=62 npc=42
[2026-08-17T11:38:26Z INFO  steel_front::engine::game] ai: npcs=6 near=5 far=1 idle=0 patrol=1 chase=3 attack=2 tactics=[4, 1, 1, 0, 0, 0, 0, 0]
[2026-08-17T11:38:26Z INFO  steel_front::engine::game] game: wave=1 enemies=6 enemy_hp=100 hp=50/100 score=0 phys_us=2 ai_us=559 audio_us=29 net_us=0
[2026-08-17T11:38:26Z INFO  steel_front::engine::game] npc: #10 stand (-12.0, 0.0, 0.3)
[2026-08-17T11:38:27Z INFO  steel_front] cam: yaw=0.0 pitch=0.0 dist=3.4 mode=FirstPerson cycle_us=2297 update_us=40 render_us=2257
[2026-08-17T11:38:27Z INFO  steel_front::engine::renderer] visible=65536/65536 near=65536 far=0 fps=385.7 frame_us=2261 cull_us=0 terrain_us=0 wait_fence_us=1304 acquire_us=2 record_us=51 submit_us=43 present_us=346 terrain_lod=high blend=0.000 quality=中画质 marker=36 npc=42
[2026-08-17T11:38:27Z INFO  steel_front::engine::game] ai: npcs=6 near=5 far=1 idle=0 patrol=1 chase=2 attack=3 tactics=[4, 1, 1, 0, 0, 0, 0, 0]
[2026-08-17T11:38:27Z INFO  steel_front::engine::game] game: wave=1 enemies=6 enemy_hp=100 hp=45/100 score=0 phys_us=1 ai_us=243 audio_us=23 net_us=0
[2026-08-17T11:38:28Z INFO  steel_front] cam: yaw=0.0 pitch=0.0 dist=3.4 mode=FirstPerson cycle_us=2802 update_us=27 render_us=2774
[2026-08-17T11:38:28Z INFO  steel_front::engine::renderer] visible=65536/65536 near=65536 far=0 fps=384.4 frame_us=1526 cull_us=1 terrain_us=0 wait_fence_us=1832 acquire_us=1 record_us=33 submit_us=28 present_us=250 terrain_lod=high blend=0.000 quality=中画质 marker=62 npc=42
[2026-08-17T11:38:28Z INFO  steel_front::engine::game] ai: npcs=6 near=5 far=1 idle=0 patrol=1 chase=2 attack=3 tactics=[4, 1, 1, 0, 0, 0, 0, 0]
[2026-08-17T11:38:28Z INFO  steel_front::engine::game] game: wave=1 enemies=6 enemy_hp=100 hp=40/100 score=0 phys_us=2 ai_us=604 audio_us=26 net_us=0
[2026-08-17T11:38:29Z INFO  steel_front] cam: yaw=0.0 pitch=0.0 dist=3.4 mode=FirstPerson cycle_us=2946 update_us=23 render_us=2923
[2026-08-17T11:38:29Z INFO  steel_front::engine::renderer] visible=65536/65536 near=65536 far=0 fps=386.9 frame_us=1685 cull_us=1 terrain_us=0 wait_fence_us=1564 acquire_us=1 record_us=39 submit_us=73 present_us=403 terrain_lod=high blend=0.000 quality=中画质 marker=36 npc=42
[2026-08-17T11:38:29Z INFO  steel_front::engine::game] ai: npcs=6 near=5 far=1 idle=0 patrol=1 chase=2 attack=3 tactics=[4, 1, 1, 0, 0, 0, 0, 0]
[2026-08-17T11:38:29Z INFO  steel_front::engine::game] game: wave=1 enemies=6 enemy_hp=100 hp=35/100 score=0 phys_us=2 ai_us=480 audio_us=25 net_us=0
[2026-08-17T11:38:30Z INFO  steel_front] cam: yaw=0.0 pitch=0.0 dist=3.4 mode=FirstPerson cycle_us=2834 update_us=40 render_us=2794
[2026-08-17T11:38:30Z INFO  steel_front::engine::renderer] visible=65536/65536 near=65536 far=0 fps=373.8 frame_us=1789 cull_us=1 terrain_us=0 wait_fence_us=1481 acquire_us=1 record_us=56 submit_us=55 present_us=291 terrain_lod=high blend=0.000 quality=中画质 marker=60 npc=42
[2026-08-17T11:38:30Z INFO  steel_front] size diag: window_inner=2560x1600 hud=2560x1600
[2026-08-17T11:38:30Z INFO  steel_front] size diag: window_inner=2560x1600 hud=2560x1600
[2026-08-17T11:38:30Z INFO  steel_front] size diag: window_inner=2560x1600 hud=2560x1600
[2026-08-17T11:38:30Z INFO  steel_front] size diag: window_inner=2560x1600 hud=2560x1600
[2026-08-17T11:38:30Z INFO  steel_front] size diag: window_inner=2560x1600 hud=2560x1600
[2026-08-17T11:38:30Z INFO  steel_front] size diag: window_inner=2560x1600 hud=2560x1600
[2026-08-17T11:38:30Z INFO  steel_front] size diag: window_inner=2560x1600 hud=2560x1600
[2026-08-17T11:38:30Z INFO  steel_front] size diag: window_inner=2560x1600 hud=2560x1600
[2026-08-17T11:38:30Z INFO  steel_front] size diag: window_inner=2560x1600 hud=2560x1600
[2026-08-17T11:38:30Z INFO  steel_front] size diag: window_inner=2560x1600 hud=2560x1600
[2026-08-17T11:38:30Z INFO  steel_front] size diag: window_inner=2560x1600 hud=2560x1600
[2026-08-17T11:38:30Z INFO  steel_front] size diag: window_inner=2560x1600 hud=2560x1600
[2026-08-17T11:38:30Z INFO  steel_front] size diag: window_inner=2560x1600 hud=2560x1600
[2026-08-17T11:38:30Z INFO  steel_front] size diag: window_inner=2560x1600 hud=2560x1600
[2026-08-17T11:38:30Z INFO  steel_front] size diag: window_inner=2560x1600 hud=2560x1600
[2026-08-17T11:38:30Z INFO  steel_front] size diag: window_inner=2560x1600 hud=2560x1600
[2026-08-17T11:38:30Z INFO  steel_front] size diag: window_inner=2560x1600 hud=2560x1600
[2026-08-17T11:38:30Z INFO  steel_front] size diag: window_inner=2560x1600 hud=2560x1600
[2026-08-17T11:38:30Z INFO  steel_front] size diag: window_inner=2560x1600 hud=2560x1600
[2026-08-17T11:38:30Z INFO  steel_front::engine::game] ai: npcs=6 near=5 far=1 idle=0 patrol=1 chase=2 attack=3 tactics=[4, 1, 1, 0, 0, 0, 0, 0]
[2026-08-17T11:38:30Z INFO  steel_front::engine::game] game: wave=1 enemies=6 enemy_hp=100 hp=30/100 score=0 phys_us=2 ai_us=518 audio_us=30 net_us=0
[2026-08-17T11:38:31Z INFO  steel_front] cam: yaw=0.0 pitch=0.0 dist=3.4 mode=FirstPerson cycle_us=2286 update_us=40 render_us=2245
[2026-08-17T11:38:31Z INFO  steel_front::engine::renderer] visible=65536/65536 near=65536 far=0 fps=380.3 frame_us=2255 cull_us=0 terrain_us=0 wait_fence_us=1209 acquire_us=1 record_us=39 submit_us=35 present_us=210 terrain_lod=high blend=0.000 quality=中画质 marker=36 npc=42
[2026-08-17T11:38:31Z INFO  steel_front::engine::game] ai: npcs=6 near=5 far=1 idle=0 patrol=1 chase=2 attack=3 tactics=[4, 1, 1, 0, 0, 0, 0, 0]
[2026-08-17T11:38:31Z INFO  steel_front::engine::game] game: wave=1 enemies=6 enemy_hp=100 hp=25/100 score=0 phys_us=2 ai_us=498 audio_us=21 net_us=0
[2026-08-17T11:38:32Z INFO  steel_front] cam: yaw=0.0 pitch=0.0 dist=3.4 mode=FirstPerson cycle_us=2118 update_us=25 render_us=2093
[2026-08-17T11:38:32Z INFO  steel_front::engine::renderer] visible=65536/65536 near=65536 far=0 fps=377.3 frame_us=1821 cull_us=1 terrain_us=0 wait_fence_us=1656 acquire_us=1 record_us=40 submit_us=43 present_us=341 terrain_lod=high blend=0.000 quality=中画质 marker=61 npc=42
[2026-08-17T11:38:32Z INFO  steel_front::engine::game] ai: npcs=6 near=5 far=1 idle=0 patrol=1 chase=2 attack=3 tactics=[4, 1, 1, 0, 0, 0, 0, 0]
[2026-08-17T11:38:32Z INFO  steel_front::engine::game] game: wave=1 enemies=6 enemy_hp=100 hp=20/100 score=0 phys_us=1 ai_us=513 audio_us=24 net_us=0
[2026-08-17T11:38:33Z INFO  steel_front] cam: yaw=0.0 pitch=0.0 dist=3.4 mode=FirstPerson cycle_us=2517 update_us=34 render_us=2482
[2026-08-17T11:38:33Z INFO  steel_front::engine::renderer] visible=65536/65536 near=65536 far=0 fps=384.8 frame_us=1628 cull_us=1 terrain_us=0 wait_fence_us=1698 acquire_us=1 record_us=36 submit_us=34 present_us=276 terrain_lod=high blend=0.000 quality=中画质 marker=36 npc=42
[2026-08-17T11:38:33Z INFO  steel_front::engine::game] ai: npcs=6 near=5 far=1 idle=0 patrol=1 chase=2 attack=3 tactics=[4, 1, 1, 0, 0, 0, 0, 0]
[2026-08-17T11:38:33Z INFO  steel_front::engine::game] game: wave=1 enemies=6 enemy_hp=100 hp=15/100 score=0 phys_us=2 ai_us=500 audio_us=14 net_us=0
[2026-08-17T11:38:34Z INFO  steel_front] cam: yaw=0.0 pitch=0.0 dist=3.4 mode=FirstPerson cycle_us=2325 update_us=34 render_us=2291
[2026-08-17T11:38:34Z INFO  steel_front::engine::renderer] visible=65536/65536 near=65536 far=0 fps=394.2 frame_us=2322 cull_us=1 terrain_us=0 wait_fence_us=978 acquire_us=1 record_us=90 submit_us=72 present_us=501 terrain_lod=high blend=0.000 quality=中画质 marker=63 npc=42
[2026-08-17T11:38:34Z INFO  steel_front::engine::game] ai: npcs=6 near=5 far=1 idle=0 patrol=1 chase=2 attack=3 tactics=[4, 1, 1, 0, 0, 0, 0, 0]
[2026-08-17T11:38:34Z INFO  steel_front::engine::game] game: wave=1 enemies=6 enemy_hp=100 hp=10/100 score=0 phys_us=3 ai_us=627 audio_us=26 net_us=0
[2026-08-17T11:38:35Z INFO  steel_front] cam: yaw=0.0 pitch=0.0 dist=3.4 mode=FirstPerson cycle_us=2772 update_us=23 render_us=2748
[2026-08-17T11:38:35Z INFO  steel_front::engine::renderer] visible=65536/65536 near=65536 far=0 fps=393.0 frame_us=1401 cull_us=0 terrain_us=0 wait_fence_us=1302 acquire_us=1 record_us=106 submit_us=20 present_us=130 terrain_lod=high blend=0.000 quality=中画质 marker=36 npc=42
[2026-08-17T11:38:35Z INFO  steel_front] size diag: window_inner=2560x1600 hud=2560x1600
[2026-08-17T11:38:35Z INFO  steel_front] size diag: window_inner=2560x1600 hud=2560x1600
[2026-08-17T11:38:35Z INFO  steel_front] size diag: window_inner=2560x1600 hud=2560x1600
[2026-08-17T11:38:35Z INFO  steel_front] size diag: window_inner=2560x1600 hud=2560x1600
[2026-08-17T11:38:35Z INFO  steel_front] size diag: window_inner=2560x1600 hud=2560x1600
[2026-08-17T11:38:35Z INFO  steel_front] size diag: window_inner=2560x1600 hud=2560x1600
[2026-08-17T11:38:35Z INFO  steel_front] size diag: window_inner=2560x1600 hud=2560x1600
[2026-08-17T11:38:35Z INFO  steel_front] size diag: window_inner=2560x1600 hud=2560x1600
[2026-08-17T11:38:35Z INFO  steel_front] size diag: window_inner=2560x1600 hud=2560x1600
[2026-08-17T11:38:35Z INFO  steel_front] size diag: window_inner=2560x1600 hud=2560x1600
[2026-08-17T11:38:35Z INFO  steel_front] size diag: window_inner=2560x1600 hud=2560x1600
[2026-08-17T11:38:35Z INFO  steel_front] size diag: window_inner=2560x1600 hud=2560x1600
[2026-08-17T11:38:35Z INFO  steel_front] size diag: window_inner=2560x1600 hud=2560x1600
[2026-08-17T11:38:35Z INFO  steel_front] size diag: window_inner=2560x1600 hud=2560x1600
[2026-08-17T11:38:35Z INFO  steel_front] size diag: window_inner=2560x1600 hud=2560x1600
[2026-08-17T11:38:35Z INFO  steel_front] size diag: window_inner=2560x1600 hud=2560x1600
[2026-08-17T11:38:35Z INFO  steel_front] size diag: window_inner=2560x1600 hud=2560x1600
[2026-08-17T11:38:35Z INFO  steel_front] size diag: window_inner=2560x1600 hud=2560x1600
[2026-08-17T11:38:35Z INFO  steel_front] size diag: window_inner=2560x1600 hud=2560x1600
[2026-08-17T11:38:35Z INFO  steel_front] size diag: window_inner=2560x1600 hud=2560x1600
[2026-08-17T11:38:35Z INFO  steel_front::engine::game] ai: npcs=6 near=5 far=1 idle=0 patrol=1 chase=2 attack=3 tactics=[4, 1, 1, 0, 0, 0, 0, 0]
[2026-08-17T11:38:35Z INFO  steel_front::engine::game] game: wave=1 enemies=6 enemy_hp=100 hp=5/100 score=0 phys_us=1 ai_us=363 audio_us=28 net_us=0
[2026-08-17T11:38:36Z INFO  steel_front] cam: yaw=0.0 pitch=0.0 dist=3.4 mode=FirstPerson cycle_us=2532 update_us=42 render_us=2489
[2026-08-17T11:38:36Z INFO  steel_front::engine::game] game: player down, score=0 wave=1 (GameOver: gameplay frozen, projectiles coast without kills)
[2026-08-17T11:38:36Z INFO  steel_front] input: cursor released
[2026-08-17T11:38:36Z INFO  steel_front::engine::renderer] visible=65536/65536 near=65536 far=0 fps=378.7 frame_us=2093 cull_us=0 terrain_us=0 wait_fence_us=2446 acquire_us=1 record_us=19 submit_us=16 present_us=145 terrain_lod=high blend=0.000 quality=中画质 marker=63 npc=42
[2026-08-17T11:38:36Z INFO  steel_front::engine::game] game: wave=1 enemies=6 enemy_hp=100 hp=0/100 score=0 phys_us=1 ai_us=0 audio_us=28 net_us=0
[2026-08-17T11:38:37Z INFO  steel_front] cam: yaw=0.0 pitch=0.0 dist=3.4 mode=FirstPerson cycle_us=2964 update_us=39 render_us=2925
[2026-08-17T11:38:37Z INFO  steel_front::engine::renderer] visible=65536/65536 near=65536 far=0 fps=382.2 frame_us=2508 cull_us=0 terrain_us=0 wait_fence_us=1733 acquire_us=1 record_us=57 submit_us=54 present_us=294 terrain_lod=high blend=0.000 quality=中画质 marker=36 npc=42
[2026-08-17T11:38:37Z INFO  steel_front::engine::game] game: wave=1 enemies=6 enemy_hp=100 hp=0/100 score=0 phys_us=2 ai_us=0 audio_us=26 net_us=0
[2026-08-17T11:38:38Z INFO  steel_front] cam: yaw=0.0 pitch=0.0 dist=3.4 mode=FirstPerson cycle_us=3447 update_us=43 render_us=3403
[2026-08-17T11:38:38Z INFO  steel_front::engine::renderer] visible=65536/65536 near=65536 far=0 fps=346.2 frame_us=2552 cull_us=1 terrain_us=0 wait_fence_us=1756 acquire_us=2 record_us=33 submit_us=31 present_us=322 terrain_lod=high blend=0.000 quality=中画质 marker=61 npc=42
[2026-08-17T11:38:38Z INFO  steel_front::engine::game] game: wave=1 enemies=6 enemy_hp=100 hp=0/100 score=0 phys_us=1 ai_us=0 audio_us=23 net_us=0
[2026-08-17T11:38:39Z INFO  steel_front] cam: yaw=0.0 pitch=0.0 dist=3.4 mode=FirstPerson cycle_us=3080 update_us=50 render_us=3030
[2026-08-17T11:38:39Z INFO  steel_front::engine::renderer] visible=65536/65536 near=65536 far=0 fps=367.9 frame_us=2332 cull_us=0 terrain_us=0 wait_fence_us=2218 acquire_us=1 record_us=36 submit_us=41 present_us=307 terrain_lod=high blend=0.000 quality=中画质 marker=36 npc=42
[2026-08-17T11:38:39Z INFO  steel_front::engine::game] game: wave=1 enemies=6 enemy_hp=100 hp=0/100 score=0 phys_us=2 ai_us=0 audio_us=12 net_us=0
[2026-08-17T11:38:40Z INFO  steel_front] cam: yaw=0.0 pitch=0.0 dist=3.4 mode=FirstPerson cycle_us=2333 update_us=31 render_us=2301
[2026-08-17T11:38:40Z INFO  steel_front::engine::renderer] visible=65536/65536 near=65536 far=0 fps=374.7 frame_us=2374 cull_us=1 terrain_us=0 wait_fence_us=2161 acquire_us=1 record_us=21 submit_us=22 present_us=138 terrain_lod=high blend=0.000 quality=中画质 marker=62 npc=42
[2026-08-17T11:38:40Z INFO  steel_front] size diag: window_inner=2560x1600 hud=2560x1600
[2026-08-17T11:38:40Z INFO  steel_front] size diag: window_inner=2560x1600 hud=2560x1600
[2026-08-17T11:38:40Z INFO  steel_front] size diag: window_inner=2560x1600 hud=2560x1600
[2026-08-17T11:38:40Z INFO  steel_front] size diag: window_inner=2560x1600 hud=2560x1600
[2026-08-17T11:38:40Z INFO  steel_front] size diag: window_inner=2560x1600 hud=2560x1600
[2026-08-17T11:38:40Z INFO  steel_front] size diag: window_inner=2560x1600 hud=2560x1600
[2026-08-17T11:38:40Z INFO  steel_front] size diag: window_inner=2560x1600 hud=2560x1600
[2026-08-17T11:38:40Z INFO  steel_front] size diag: window_inner=2560x1600 hud=2560x1600
[2026-08-17T11:38:40Z INFO  steel_front] size diag: window_inner=2560x1600 hud=2560x1600
[2026-08-17T11:38:40Z INFO  steel_front] size diag: window_inner=2560x1600 hud=2560x1600
[2026-08-17T11:38:40Z INFO  steel_front] size diag: window_inner=2560x1600 hud=2560x1600
[2026-08-17T11:38:40Z INFO  steel_front] size diag: window_inner=2560x1600 hud=2560x1600
[2026-08-17T11:38:40Z INFO  steel_front] size diag: window_inner=2560x1600 hud=2560x1600
[2026-08-17T11:38:40Z INFO  steel_front] size diag: window_inner=2560x1600 hud=2560x1600
[2026-08-17T11:38:40Z INFO  steel_front] size diag: window_inner=2560x1600 hud=2560x1600
[2026-08-17T11:38:40Z INFO  steel_front] size diag: window_inner=2560x1600 hud=2560x1600
[2026-08-17T11:38:40Z INFO  steel_front] size diag: window_inner=2560x1600 hud=2560x1600
[2026-08-17T11:38:40Z INFO  steel_front] size diag: window_inner=2560x1600 hud=2560x1600
[2026-08-17T11:38:40Z INFO  steel_front::engine::game] game: wave=1 enemies=6 enemy_hp=100 hp=0/100 score=0 phys_us=1 ai_us=0 audio_us=13 net_us=0
[2026-08-17T11:38:41Z INFO  steel_front] cam: yaw=0.0 pitch=0.0 dist=3.4 mode=FirstPerson cycle_us=2869 update_us=23 render_us=2845
[2026-08-17T11:38:41Z INFO  steel_front::engine::renderer] visible=65536/65536 near=65536 far=0 fps=376.8 frame_us=3091 cull_us=0 terrain_us=0 wait_fence_us=1796 acquire_us=1 record_us=36 submit_us=46 present_us=377 terrain_lod=high blend=0.000 quality=中画质 marker=36 npc=42
[2026-08-17T11:38:41Z INFO  steel_front::engine::game] game: wave=1 enemies=6 enemy_hp=100 hp=0/100 score=0 phys_us=2 ai_us=0 audio_us=74 net_us=0
[2026-08-17T11:38:42Z INFO  steel_front] cam: yaw=0.0 pitch=0.0 dist=3.4 mode=FirstPerson cycle_us=2698 update_us=20 render_us=2678
[2026-08-17T11:38:42Z INFO  steel_front::engine::renderer] visible=65536/65536 near=65536 far=0 fps=377.1 frame_us=2597 cull_us=0 terrain_us=0 wait_fence_us=2403 acquire_us=0 record_us=58 submit_us=40 present_us=257 terrain_lod=high blend=0.000 quality=中画质 marker=62 npc=42
[2026-08-17T11:38:42Z INFO  steel_front::engine::game] game: wave=1 enemies=6 enemy_hp=100 hp=0/100 score=0 phys_us=1 ai_us=0 audio_us=27 net_us=0
[2026-08-17T11:38:43Z INFO  steel_front] cam: yaw=0.0 pitch=0.0 dist=3.4 mode=FirstPerson cycle_us=2624 update_us=43 render_us=2580
[2026-08-17T11:38:43Z INFO  steel_front::engine::renderer] visible=65536/65536 near=65536 far=0 fps=376.8 frame_us=2227 cull_us=0 terrain_us=0 wait_fence_us=2357 acquire_us=1 record_us=55 submit_us=44 present_us=218 terrain_lod=high blend=0.000 quality=中画质 marker=36 npc=42
[2026-08-17T11:38:43Z INFO  steel_front::engine::game] game: wave=1 enemies=6 enemy_hp=100 hp=0/100 score=0 phys_us=2 ai_us=0 audio_us=25 net_us=0
[2026-08-17T11:38:44Z INFO  steel_front] cam: yaw=0.0 pitch=0.0 dist=3.4 mode=FirstPerson cycle_us=2620 update_us=19 render_us=2601
[2026-08-17T11:38:44Z INFO  steel_front::engine::renderer] visible=65536/65536 near=65536 far=0 fps=377.3 frame_us=2986 cull_us=0 terrain_us=0 wait_fence_us=2096 acquire_us=1 record_us=37 submit_us=31 present_us=313 terrain_lod=high blend=0.000 quality=中画质 marker=62 npc=42
[2026-08-17T11:38:44Z INFO  steel_front::engine::game] game: wave=1 enemies=6 enemy_hp=100 hp=0/100 score=0 phys_us=2 ai_us=0 audio_us=13 net_us=0
[2026-08-17T11:38:45Z INFO  steel_front] cam: yaw=0.0 pitch=0.0 dist=3.4 mode=FirstPerson cycle_us=2544 update_us=32 render_us=2511
[2026-08-17T11:38:45Z INFO  steel_front::engine::renderer] visible=65536/65536 near=65536 far=0 fps=378.5 frame_us=2098 cull_us=0 terrain_us=0 wait_fence_us=2462 acquire_us=1 record_us=20 submit_us=17 present_us=127 terrain_lod=high blend=0.000 quality=中画质 marker=36 npc=42
[2026-08-17T11:38:45Z INFO  steel_front] size diag: window_inner=2560x1600 hud=2560x1600
[2026-08-17T11:38:45Z INFO  steel_front] size diag: window_inner=2560x1600 hud=2560x1600
[2026-08-17T11:38:45Z INFO  steel_front] size diag: window_inner=2560x1600 hud=2560x1600
[2026-08-17T11:38:45Z INFO  steel_front] size diag: window_inner=2560x1600 hud=2560x1600
[2026-08-17T11:38:45Z INFO  steel_front] size diag: window_inner=2560x1600 hud=2560x1600
[2026-08-17T11:38:45Z INFO  steel_front] size diag: window_inner=2560x1600 hud=2560x1600
[2026-08-17T11:38:45Z INFO  steel_front] size diag: window_inner=2560x1600 hud=2560x1600
[2026-08-17T11:38:45Z INFO  steel_front] size diag: window_inner=2560x1600 hud=2560x1600
[2026-08-17T11:38:45Z INFO  steel_front] size diag: window_inner=2560x1600 hud=2560x1600
[2026-08-17T11:38:45Z INFO  steel_front] size diag: window_inner=2560x1600 hud=2560x1600
[2026-08-17T11:38:45Z INFO  steel_front] size diag: window_inner=2560x1600 hud=2560x1600
[2026-08-17T11:38:45Z INFO  steel_front] size diag: window_inner=2560x1600 hud=2560x1600
[2026-08-17T11:38:45Z INFO  steel_front] size diag: window_inner=2560x1600 hud=2560x1600
[2026-08-17T11:38:45Z INFO  steel_front] size diag: window_inner=2560x1600 hud=2560x1600
[2026-08-17T11:38:45Z INFO  steel_front] size diag: window_inner=2560x1600 hud=2560x1600
[2026-08-17T11:38:45Z INFO  steel_front] size diag: window_inner=2560x1600 hud=2560x1600
[2026-08-17T11:38:45Z INFO  steel_front] size diag: window_inner=2560x1600 hud=2560x1600
[2026-08-17T11:38:45Z INFO  steel_front] size diag: window_inner=2560x1600 hud=2560x1600
[2026-08-17T11:38:45Z INFO  steel_front] size diag: window_inner=2560x1600 hud=2560x1600
[2026-08-17T11:38:45Z INFO  steel_front::engine::game] game: wave=1 enemies=6 enemy_hp=100 hp=0/100 score=0 phys_us=3 ai_us=0 audio_us=15 net_us=0
[2026-08-17T11:38:46Z INFO  steel_front] cam: yaw=0.0 pitch=0.0 dist=3.4 mode=FirstPerson cycle_us=3290 update_us=19 render_us=3270
[2026-08-17T11:38:46Z INFO  steel_front::engine::renderer] visible=65536/65536 near=65536 far=0 fps=376.6 frame_us=2144 cull_us=1 terrain_us=0 wait_fence_us=2713 acquire_us=1 record_us=22 submit_us=22 present_us=154 terrain_lod=high blend=0.000 quality=中画质 marker=62 npc=42
[2026-08-17T11:38:46Z INFO  steel_front::engine::game] game: wave=1 enemies=6 enemy_hp=100 hp=0/100 score=0 phys_us=4 ai_us=0 audio_us=37 net_us=0
[2026-08-17T11:38:47Z INFO  steel_front] cam: yaw=0.0 pitch=0.0 dist=3.4 mode=FirstPerson cycle_us=3174 update_us=27 render_us=3147
[2026-08-17T11:38:47Z INFO  steel_front::engine::renderer] visible=65536/65536 near=65536 far=0 fps=369.1 frame_us=2900 cull_us=0 terrain_us=0 wait_fence_us=2023 acquire_us=0 record_us=37 submit_us=30 present_us=382 terrain_lod=high blend=0.000 quality=中画质 marker=36 npc=42
[2026-08-17T11:38:47Z INFO  steel_front::engine::game] game: wave=1 enemies=6 enemy_hp=100 hp=0/100 score=0 phys_us=3 ai_us=0 audio_us=26 net_us=0
[2026-08-17T11:38:48Z INFO  steel_front] cam: yaw=0.0 pitch=0.0 dist=3.4 mode=FirstPerson cycle_us=2571 update_us=25 render_us=2545
[2026-08-17T11:38:48Z INFO  steel_front::engine::renderer] visible=65536/65536 near=65536 far=0 fps=369.9 frame_us=2455 cull_us=0 terrain_us=0 wait_fence_us=2020 acquire_us=0 record_us=38 submit_us=34 present_us=270 terrain_lod=high blend=0.000 quality=中画质 marker=62 npc=42
[2026-08-17T11:38:48Z INFO  steel_front::engine::game] game: wave=1 enemies=6 enemy_hp=100 hp=0/100 score=0 phys_us=2 ai_us=0 audio_us=32 net_us=0
[2026-08-17T11:38:49Z INFO  steel_front] cam: yaw=0.0 pitch=0.0 dist=3.4 mode=FirstPerson cycle_us=2733 update_us=16 render_us=2717
[2026-08-17T11:38:49Z INFO  steel_front::engine::renderer] visible=65536/65536 near=65536 far=0 fps=375.5 frame_us=2222 cull_us=0 terrain_us=0 wait_fence_us=2503 acquire_us=0 record_us=28 submit_us=22 present_us=264 terrain_lod=high blend=0.000 quality=中画质 marker=36 npc=42
[2026-08-17T11:38:49Z INFO  steel_front::engine::game] game: wave=1 enemies=6 enemy_hp=100 hp=0/100 score=0 phys_us=1 ai_us=0 audio_us=25 net_us=0
[2026-08-17T11:38:50Z INFO  steel_front] cam: yaw=0.0 pitch=0.0 dist=3.4 mode=FirstPerson cycle_us=2675 update_us=19 render_us=2656
[2026-08-17T11:38:50Z INFO  steel_front::engine::renderer] visible=65536/65536 near=65536 far=0 fps=376.1 frame_us=2633 cull_us=0 terrain_us=0 wait_fence_us=1844 acquire_us=1 record_us=127 submit_us=65 present_us=331 terrain_lod=high blend=0.000 quality=中画质 marker=62 npc=42
[2026-08-17T11:38:50Z INFO  steel_front] size diag: window_inner=2560x1600 hud=2560x1600
[2026-08-17T11:38:50Z INFO  steel_front] size diag: window_inner=2560x1600 hud=2560x1600
[2026-08-17T11:38:50Z INFO  steel_front] size diag: window_inner=2560x1600 hud=2560x1600
[2026-08-17T11:38:50Z INFO  steel_front] size diag: window_inner=2560x1600 hud=2560x1600
[2026-08-17T11:38:50Z INFO  steel_front] size diag: window_inner=2560x1600 hud=2560x1600
[2026-08-17T11:38:50Z INFO  steel_front] size diag: window_inner=2560x1600 hud=2560x1600
[2026-08-17T11:38:50Z INFO  steel_front] size diag: window_inner=2560x1600 hud=2560x1600
[2026-08-17T11:38:50Z INFO  steel_front] size diag: window_inner=2560x1600 hud=2560x1600
[2026-08-17T11:38:50Z INFO  steel_front] size diag: window_inner=2560x1600 hud=2560x1600
[2026-08-17T11:38:50Z INFO  steel_front] size diag: window_inner=2560x1600 hud=2560x1600
[2026-08-17T11:38:50Z INFO  steel_front] size diag: window_inner=2560x1600 hud=2560x1600
[2026-08-17T11:38:50Z INFO  steel_front] size diag: window_inner=2560x1600 hud=2560x1600
[2026-08-17T11:38:50Z INFO  steel_front] size diag: window_inner=2560x1600 hud=2560x1600
[2026-08-17T11:38:50Z INFO  steel_front] size diag: window_inner=2560x1600 hud=2560x1600
[2026-08-17T11:38:50Z INFO  steel_front] size diag: window_inner=2560x1600 hud=2560x1600
[2026-08-17T11:38:50Z INFO  steel_front] size diag: window_inner=2560x1600 hud=2560x1600
[2026-08-17T11:38:50Z INFO  steel_front] size diag: window_inner=2560x1600 hud=2560x1600
[2026-08-17T11:38:50Z INFO  steel_front] size diag: window_inner=2560x1600 hud=2560x1600
[2026-08-17T11:38:50Z INFO  steel_front::engine::game] game: wave=1 enemies=6 enemy_hp=100 hp=0/100 score=0 phys_us=2 ai_us=0 audio_us=27 net_us=0
[2026-08-17T11:38:51Z INFO  steel_front] cam: yaw=0.0 pitch=0.0 dist=3.4 mode=FirstPerson cycle_us=2390 update_us=39 render_us=2351
[2026-08-17T11:38:51Z INFO  steel_front::engine::renderer] visible=65536/65536 near=65536 far=0 fps=376.4 frame_us=2244 cull_us=0 terrain_us=0 wait_fence_us=2460 acquire_us=1 record_us=26 submit_us=27 present_us=130 terrain_lod=high blend=0.000 quality=中画质 marker=36 npc=42
[2026-08-17T11:38:51Z INFO  steel_front::engine::game] game: wave=1 enemies=6 enemy_hp=100 hp=0/100 score=0 phys_us=2 ai_us=0 audio_us=12 net_us=0
[2026-08-17T11:38:52Z INFO  steel_front] cam: yaw=0.0 pitch=0.0 dist=3.4 mode=FirstPerson cycle_us=2657 update_us=39 render_us=2618
[2026-08-17T11:38:52Z INFO  steel_front::engine::renderer] visible=65536/65536 near=65536 far=0 fps=376.9 frame_us=2484 cull_us=0 terrain_us=0 wait_fence_us=2041 acquire_us=1 record_us=67 submit_us=38 present_us=375 terrain_lod=high blend=0.000 quality=中画质 marker=62 npc=42
[2026-08-17T11:38:52Z INFO  steel_front::engine::game] game: wave=1 enemies=6 enemy_hp=100 hp=0/100 score=0 phys_us=1 ai_us=0 audio_us=28 net_us=0
[2026-08-17T11:38:53Z INFO  steel_front] cam: yaw=0.0 pitch=0.0 dist=3.4 mode=FirstPerson cycle_us=2662 update_us=54 render_us=2607
[2026-08-17T11:38:53Z INFO  steel_front::engine::renderer] visible=65536/65536 near=65536 far=0 fps=375.4 frame_us=2641 cull_us=0 terrain_us=0 wait_fence_us=584 acquire_us=1 record_us=49 submit_us=27 present_us=644 terrain_lod=high blend=0.000 quality=中画质 marker=36 npc=42
[2026-08-17T11:38:53Z INFO  steel_front::engine::game] game: wave=1 enemies=6 enemy_hp=100 hp=0/100 score=0 phys_us=1 ai_us=0 audio_us=12 net_us=0
[2026-08-17T11:38:54Z INFO  steel_front] cam: yaw=0.0 pitch=0.0 dist=3.4 mode=FirstPerson cycle_us=2357 update_us=22 render_us=2335
[2026-08-17T11:38:54Z INFO  steel_front::engine::renderer] visible=65536/65536 near=65536 far=0 fps=377.6 frame_us=2712 cull_us=0 terrain_us=0 wait_fence_us=2122 acquire_us=1 record_us=78 submit_us=20 present_us=123 terrain_lod=high blend=0.000 quality=中画质 marker=62 npc=42
[2026-08-17T11:38:54Z INFO  steel_front::engine::game] game: wave=1 enemies=6 enemy_hp=100 hp=0/100 score=0 phys_us=2 ai_us=0 audio_us=13 net_us=0
[2026-08-17T11:38:55Z INFO  steel_front] cam: yaw=0.0 pitch=0.0 dist=3.4 mode=FirstPerson cycle_us=2970 update_us=16 render_us=2954
[2026-08-17T11:38:55Z INFO  steel_front::engine::renderer] visible=65536/65536 near=65536 far=0 fps=375.8 frame_us=2335 cull_us=0 terrain_us=0 wait_fence_us=1991 acquire_us=1 record_us=61 submit_us=23 present_us=142 terrain_lod=high blend=0.000 quality=中画质 marker=36 npc=42
[2026-08-17T11:38:55Z INFO  steel_front] size diag: window_inner=2560x1600 hud=2560x1600
[2026-08-17T11:38:55Z INFO  steel_front] size diag: window_inner=2560x1600 hud=2560x1600
[2026-08-17T11:38:55Z INFO  steel_front] size diag: window_inner=2560x1600 hud=2560x1600
[2026-08-17T11:38:55Z INFO  steel_front] size diag: window_inner=2560x1600 hud=2560x1600
[2026-08-17T11:38:55Z INFO  steel_front] size diag: window_inner=2560x1600 hud=2560x1600
[2026-08-17T11:38:55Z INFO  steel_front] size diag: window_inner=2560x1600 hud=2560x1600
[2026-08-17T11:38:55Z INFO  steel_front] size diag: window_inner=2560x1600 hud=2560x1600
[2026-08-17T11:38:55Z INFO  steel_front] size diag: window_inner=2560x1600 hud=2560x1600
[2026-08-17T11:38:55Z INFO  steel_front] size diag: window_inner=2560x1600 hud=2560x1600
[2026-08-17T11:38:55Z INFO  steel_front] size diag: window_inner=2560x1600 hud=2560x1600
[2026-08-17T11:38:55Z INFO  steel_front] size diag: window_inner=2560x1600 hud=2560x1600
[2026-08-17T11:38:55Z INFO  steel_front] size diag: window_inner=2560x1600 hud=2560x1600
[2026-08-17T11:38:55Z INFO  steel_front] size diag: window_inner=2560x1600 hud=2560x1600
[2026-08-17T11:38:55Z INFO  steel_front] size diag: window_inner=2560x1600 hud=2560x1600
[2026-08-17T11:38:55Z INFO  steel_front] size diag: window_inner=2560x1600 hud=2560x1600
[2026-08-17T11:38:55Z INFO  steel_front] size diag: window_inner=2560x1600 hud=2560x1600
[2026-08-17T11:38:55Z INFO  steel_front] size diag: window_inner=2560x1600 hud=2560x1600
[2026-08-17T11:38:55Z INFO  steel_front] size diag: window_inner=2560x1600 hud=2560x1600
[2026-08-17T11:38:55Z INFO  steel_front] size diag: window_inner=2560x1600 hud=2560x1600
[2026-08-17T11:38:55Z INFO  steel_front::engine::game] game: wave=1 enemies=6 enemy_hp=100 hp=0/100 score=0 phys_us=3 ai_us=0 audio_us=27 net_us=0
[2026-08-17T11:38:56Z INFO  steel_front] cam: yaw=0.0 pitch=0.0 dist=3.4 mode=FirstPerson cycle_us=2549 update_us=19 render_us=2530
[2026-08-17T11:38:56Z INFO  steel_front::engine::renderer] visible=65536/65536 near=65536 far=0 fps=375.8 frame_us=2569 cull_us=0 terrain_us=0 wait_fence_us=2064 acquire_us=0 record_us=85 submit_us=63 present_us=602 terrain_lod=high blend=0.000 quality=中画质 marker=61 npc=42
[2026-08-17T11:38:56Z INFO  steel_front::engine::game] game: wave=1 enemies=6 enemy_hp=100 hp=0/100 score=0 phys_us=2 ai_us=0 audio_us=24 net_us=0
[2026-08-17T11:38:57Z INFO  steel_front] cam: yaw=0.0 pitch=0.0 dist=3.4 mode=FirstPerson cycle_us=2525 update_us=24 render_us=2501
[2026-08-17T11:38:57Z INFO  steel_front::engine::renderer] visible=65536/65536 near=65536 far=0 fps=377.4 frame_us=2830 cull_us=0 terrain_us=0 wait_fence_us=1795 acquire_us=1 record_us=102 submit_us=50 present_us=344 terrain_lod=high blend=0.000 quality=中画质 marker=36 npc=42
[2026-08-17T11:38:57Z INFO  steel_front::engine::game] game: wave=1 enemies=6 enemy_hp=100 hp=0/100 score=0 phys_us=1 ai_us=0 audio_us=28 net_us=0
[2026-08-17T11:38:58Z INFO  steel_front] cam: yaw=0.0 pitch=0.0 dist=3.4 mode=FirstPerson cycle_us=2542 update_us=41 render_us=2500
[2026-08-17T11:38:58Z INFO  steel_front::engine::renderer] visible=65536/65536 near=65536 far=0 fps=379.5 frame_us=2582 cull_us=0 terrain_us=0 wait_fence_us=2133 acquire_us=1 record_us=49 submit_us=49 present_us=214 terrain_lod=high blend=0.000 quality=中画质 marker=62 npc=42
[2026-08-17T11:38:58Z INFO  steel_front::engine::game] game: wave=1 enemies=6 enemy_hp=100 hp=0/100 score=0 phys_us=1 ai_us=0 audio_us=30 net_us=0
[2026-08-17T11:38:59Z INFO  steel_front] cam: yaw=0.0 pitch=0.0 dist=3.4 mode=FirstPerson cycle_us=2852 update_us=20 render_us=2831
[2026-08-17T11:38:59Z INFO  steel_front::engine::renderer] visible=65536/65536 near=65536 far=0 fps=376.0 frame_us=2307 cull_us=0 terrain_us=0 wait_fence_us=2198 acquire_us=1 record_us=55 submit_us=45 present_us=254 terrain_lod=high blend=0.000 quality=中画质 marker=36 npc=42
[2026-08-17T11:38:59Z INFO  steel_front::engine::game] game: wave=1 enemies=6 enemy_hp=100 hp=0/100 score=0 phys_us=1 ai_us=0 audio_us=25 net_us=0
[2026-08-17T11:39:00Z INFO  steel_front] cam: yaw=0.0 pitch=0.0 dist=3.4 mode=FirstPerson cycle_us=2536 update_us=21 render_us=2514
[2026-08-17T11:39:00Z INFO  steel_front::engine::renderer] visible=65536/65536 near=65536 far=0 fps=376.3 frame_us=2777 cull_us=0 terrain_us=0 wait_fence_us=2115 acquire_us=0 record_us=47 submit_us=59 present_us=206 terrain_lod=high blend=0.000 quality=中画质 marker=62 npc=42
[2026-08-17T11:39:00Z INFO  steel_front] size diag: window_inner=2560x1600 hud=2560x1600
[2026-08-17T11:39:00Z INFO  steel_front] size diag: window_inner=2560x1600 hud=2560x1600
[2026-08-17T11:39:00Z INFO  steel_front] size diag: window_inner=2560x1600 hud=2560x1600
[2026-08-17T11:39:00Z INFO  steel_front] size diag: window_inner=2560x1600 hud=2560x1600
[2026-08-17T11:39:00Z INFO  steel_front] size diag: window_inner=2560x1600 hud=2560x1600
[2026-08-17T11:39:00Z INFO  steel_front] size diag: window_inner=2560x1600 hud=2560x1600
[2026-08-17T11:39:00Z INFO  steel_front] size diag: window_inner=2560x1600 hud=2560x1600
[2026-08-17T11:39:00Z INFO  steel_front] size diag: window_inner=2560x1600 hud=2560x1600
[2026-08-17T11:39:00Z INFO  steel_front] size diag: window_inner=2560x1600 hud=2560x1600
[2026-08-17T11:39:00Z INFO  steel_front] size diag: window_inner=2560x1600 hud=2560x1600
[2026-08-17T11:39:00Z INFO  steel_front] size diag: window_inner=2560x1600 hud=2560x1600
[2026-08-17T11:39:00Z INFO  steel_front] size diag: window_inner=2560x1600 hud=2560x1600
[2026-08-17T11:39:00Z INFO  steel_front] size diag: window_inner=2560x1600 hud=2560x1600
[2026-08-17T11:39:00Z INFO  steel_front] size diag: window_inner=2560x1600 hud=2560x1600
[2026-08-17T11:39:00Z INFO  steel_front] size diag: window_inner=2560x1600 hud=2560x1600
[2026-08-17T11:39:00Z INFO  steel_front] size diag: window_inner=2560x1600 hud=2560x1600
[2026-08-17T11:39:00Z INFO  steel_front] size diag: window_inner=2560x1600 hud=2560x1600
[2026-08-17T11:39:00Z INFO  steel_front] size diag: window_inner=2560x1600 hud=2560x1600
[2026-08-17T11:39:00Z INFO  steel_front] size diag: window_inner=2560x1600 hud=2560x1600
[2026-08-17T11:39:00Z INFO  steel_front::engine::game] game: wave=1 enemies=6 enemy_hp=100 hp=0/100 score=0 phys_us=3 ai_us=0 audio_us=20 net_us=0
[2026-08-17T11:39:01Z INFO  steel_front] cam: yaw=0.0 pitch=0.0 dist=3.4 mode=FirstPerson cycle_us=2435 update_us=36 render_us=2398
[2026-08-17T11:39:01Z INFO  steel_front::engine::renderer] visible=65536/65536 near=65536 far=0 fps=375.7 frame_us=2502 cull_us=0 terrain_us=0 wait_fence_us=1936 acquire_us=1 record_us=48 submit_us=61 present_us=213 terrain_lod=high blend=0.000 quality=中画质 marker=36 npc=42
[2026-08-17T11:39:01Z INFO  steel_front::engine::game] game: wave=1 enemies=6 enemy_hp=100 hp=0/100 score=0 phys_us=2 ai_us=0 audio_us=14 net_us=0
[2026-08-17T11:39:02Z INFO  steel_front] cam: yaw=0.0 pitch=0.0 dist=3.4 mode=FirstPerson cycle_us=2569 update_us=33 render_us=2535
[2026-08-17T11:39:02Z INFO  steel_front::engine::renderer] visible=65536/65536 near=65536 far=0 fps=378.7 frame_us=2334 cull_us=0 terrain_us=0 wait_fence_us=2002 acquire_us=1 record_us=71 submit_us=72 present_us=230 terrain_lod=high blend=0.000 quality=中画质 marker=62 npc=42
[2026-08-17T11:39:02Z INFO  steel_front::engine::game] game: wave=1 enemies=6 enemy_hp=100 hp=0/100 score=0 phys_us=2 ai_us=0 audio_us=14 net_us=0
[2026-08-17T11:39:03Z INFO  steel_front] cam: yaw=0.0 pitch=0.0 dist=3.4 mode=FirstPerson cycle_us=2368 update_us=34 render_us=2334
[2026-08-17T11:39:03Z INFO  steel_front::engine::renderer] visible=65536/65536 near=65536 far=0 fps=373.5 frame_us=2137 cull_us=0 terrain_us=0 wait_fence_us=2271 acquire_us=1 record_us=47 submit_us=42 present_us=220 terrain_lod=high blend=0.000 quality=中画质 marker=36 npc=42
[2026-08-17T11:39:03Z INFO  steel_front::engine::game] game: wave=1 enemies=6 enemy_hp=100 hp=0/100 score=0 phys_us=1 ai_us=0 audio_us=17 net_us=0
[2026-08-17T11:39:04Z INFO  steel_front] cam: yaw=0.0 pitch=0.0 dist=3.4 mode=FirstPerson cycle_us=3131 update_us=15 render_us=3115
[2026-08-17T11:39:04Z INFO  steel_front::engine::renderer] visible=65536/65536 near=65536 far=0 fps=371.7 frame_us=2326 cull_us=0 terrain_us=0 wait_fence_us=2157 acquire_us=1 record_us=28 submit_us=27 present_us=139 terrain_lod=high blend=0.000 quality=中画质 marker=61 npc=42
[2026-08-17T11:39:04Z INFO  steel_front::engine::game] game: wave=1 enemies=6 enemy_hp=100 hp=0/100 score=0 phys_us=1 ai_us=0 audio_us=13 net_us=0
[2026-08-17T11:39:05Z INFO  steel_front] cam: yaw=0.0 pitch=0.0 dist=3.4 mode=FirstPerson cycle_us=2247 update_us=47 render_us=2200
[2026-08-17T11:39:05Z INFO  steel_front::engine::renderer] visible=65536/65536 near=65536 far=0 fps=369.4 frame_us=3250 cull_us=0 terrain_us=0 wait_fence_us=1317 acquire_us=1 record_us=244 submit_us=241 present_us=572 terrain_lod=high blend=0.000 quality=中画质 marker=36 npc=42
[2026-08-17T11:39:05Z INFO  steel_front] size diag: window_inner=2560x1600 hud=2560x1600
[2026-08-17T11:39:05Z INFO  steel_front] size diag: window_inner=2560x1600 hud=2560x1600
[2026-08-17T11:39:05Z INFO  steel_front] size diag: window_inner=2560x1600 hud=2560x1600
[2026-08-17T11:39:05Z INFO  steel_front] size diag: window_inner=2560x1600 hud=2560x1600
[2026-08-17T11:39:05Z INFO  steel_front] size diag: window_inner=2560x1600 hud=2560x1600
[2026-08-17T11:39:05Z INFO  steel_front] size diag: window_inner=2560x1600 hud=2560x1600
[2026-08-17T11:39:05Z INFO  steel_front] size diag: window_inner=2560x1600 hud=2560x1600
[2026-08-17T11:39:05Z INFO  steel_front] size diag: window_inner=2560x1600 hud=2560x1600
[2026-08-17T11:39:05Z INFO  steel_front] size diag: window_inner=2560x1600 hud=2560x1600
[2026-08-17T11:39:05Z INFO  steel_front] size diag: window_inner=2560x1600 hud=2560x1600
[2026-08-17T11:39:05Z INFO  steel_front] size diag: window_inner=2560x1600 hud=2560x1600
[2026-08-17T11:39:05Z INFO  steel_front] size diag: window_inner=2560x1600 hud=2560x1600
[2026-08-17T11:39:05Z INFO  steel_front] size diag: window_inner=2560x1600 hud=2560x1600
[2026-08-17T11:39:05Z INFO  steel_front] size diag: window_inner=2560x1600 hud=2560x1600
[2026-08-17T11:39:05Z INFO  steel_front] size diag: window_inner=2560x1600 hud=2560x1600
[2026-08-17T11:39:05Z INFO  steel_front] size diag: window_inner=2560x1600 hud=2560x1600
[2026-08-17T11:39:05Z INFO  steel_front] size diag: window_inner=2560x1600 hud=2560x1600
[2026-08-17T11:39:05Z INFO  steel_front] size diag: window_inner=2560x1600 hud=2560x1600
[2026-08-17T11:39:05Z INFO  steel_front::engine::game] game: wave=1 enemies=6 enemy_hp=100 hp=0/100 score=0 phys_us=4 ai_us=0 audio_us=18 net_us=0
[2026-08-17T11:39:06Z INFO  steel_front] cam: yaw=0.0 pitch=0.0 dist=3.4 mode=FirstPerson cycle_us=3079 update_us=22 render_us=3056
[2026-08-17T11:39:06Z INFO  steel_front::engine::renderer] visible=65536/65536 near=65536 far=0 fps=377.0 frame_us=2429 cull_us=1 terrain_us=0 wait_fence_us=2221 acquire_us=1 record_us=47 submit_us=42 present_us=218 terrain_lod=high blend=0.000 quality=中画质 marker=62 npc=42
[2026-08-17T11:39:06Z INFO  steel_front::engine::game] game: wave=1 enemies=6 enemy_hp=100 hp=0/100 score=0 phys_us=5 ai_us=0 audio_us=19 net_us=0
[2026-08-17T11:39:07Z INFO  steel_front] cam: yaw=0.0 pitch=0.0 dist=3.4 mode=FirstPerson cycle_us=2730 update_us=32 render_us=2696
[2026-08-17T11:39:07Z INFO  steel_front::engine::renderer] visible=65536/65536 near=65536 far=0 fps=383.6 frame_us=2635 cull_us=0 terrain_us=0 wait_fence_us=2103 acquire_us=1 record_us=30 submit_us=28 present_us=198 terrain_lod=high blend=0.000 quality=中画质 marker=36 npc=42
[2026-08-17T11:39:07Z INFO  steel_front::engine::game] game: wave=1 enemies=6 enemy_hp=100 hp=0/100 score=0 phys_us=5 ai_us=0 audio_us=13 net_us=0
[2026-08-17T11:39:08Z INFO  steel_front] cam: yaw=0.0 pitch=0.0 dist=3.4 mode=FirstPerson cycle_us=2476 update_us=33 render_us=2441
[2026-08-17T11:39:08Z INFO  steel_front::engine::renderer] visible=65536/65536 near=65536 far=0 fps=382.2 frame_us=2424 cull_us=0 terrain_us=0 wait_fence_us=2280 acquire_us=1 record_us=29 submit_us=46 present_us=278 terrain_lod=high blend=0.000 quality=中画质 marker=62 npc=42
[2026-08-17T11:39:08Z INFO  steel_front::engine::game] game: wave=1 enemies=6 enemy_hp=100 hp=0/100 score=0 phys_us=2 ai_us=0 audio_us=23 net_us=0
[2026-08-17T11:39:09Z INFO  steel_front] cam: yaw=0.0 pitch=0.0 dist=3.4 mode=FirstPerson cycle_us=2393 update_us=34 render_us=2358
[2026-08-17T11:39:09Z INFO  steel_front::engine::renderer] visible=65536/65536 near=65536 far=0 fps=373.6 frame_us=2288 cull_us=0 terrain_us=0 wait_fence_us=2193 acquire_us=1 record_us=45 submit_us=43 present_us=219 terrain_lod=high blend=0.000 quality=中画质 marker=36 npc=42
[2026-08-17T11:39:09Z INFO  steel_front::engine::game] game: wave=1 enemies=6 enemy_hp=100 hp=0/100 score=0 phys_us=1 ai_us=0 audio_us=29 net_us=0
[2026-08-17T11:39:10Z INFO  steel_front] cam: yaw=0.0 pitch=0.0 dist=3.4 mode=FirstPerson cycle_us=2418 update_us=31 render_us=2387
[2026-08-17T11:39:10Z INFO  steel_front::engine::renderer] visible=65536/65536 near=65536 far=0 fps=382.8 frame_us=2435 cull_us=0 terrain_us=0 wait_fence_us=2176 acquire_us=1 record_us=26 submit_us=26 present_us=122 terrain_lod=high blend=0.000 quality=中画质 marker=62 npc=42
[2026-08-17T11:39:10Z INFO  steel_front] size diag: window_inner=2560x1600 hud=2560x1600
[2026-08-17T11:39:10Z INFO  steel_front] size diag: window_inner=2560x1600 hud=2560x1600
[2026-08-17T11:39:10Z INFO  steel_front] size diag: window_inner=2560x1600 hud=2560x1600
[2026-08-17T11:39:10Z INFO  steel_front] size diag: window_inner=2560x1600 hud=2560x1600
[2026-08-17T11:39:10Z INFO  steel_front] size diag: window_inner=2560x1600 hud=2560x1600
[2026-08-17T11:39:10Z INFO  steel_front] size diag: window_inner=2560x1600 hud=2560x1600
[2026-08-17T11:39:10Z INFO  steel_front] size diag: window_inner=2560x1600 hud=2560x1600
[2026-08-17T11:39:10Z INFO  steel_front] size diag: window_inner=2560x1600 hud=2560x1600
[2026-08-17T11:39:10Z INFO  steel_front] size diag: window_inner=2560x1600 hud=2560x1600
[2026-08-17T11:39:10Z INFO  steel_front] size diag: window_inner=2560x1600 hud=2560x1600
[2026-08-17T11:39:10Z INFO  steel_front] size diag: window_inner=2560x1600 hud=2560x1600
[2026-08-17T11:39:10Z INFO  steel_front] size diag: window_inner=2560x1600 hud=2560x1600
[2026-08-17T11:39:10Z INFO  steel_front] size diag: window_inner=2560x1600 hud=2560x1600
[2026-08-17T11:39:10Z INFO  steel_front] size diag: window_inner=2560x1600 hud=2560x1600
[2026-08-17T11:39:10Z INFO  steel_front] size diag: window_inner=2560x1600 hud=2560x1600
[2026-08-17T11:39:10Z INFO  steel_front] size diag: window_inner=2560x1600 hud=2560x1600
[2026-08-17T11:39:10Z INFO  steel_front] size diag: window_inner=2560x1600 hud=2560x1600
[2026-08-17T11:39:10Z INFO  steel_front] size diag: window_inner=2560x1600 hud=2560x1600
[2026-08-17T11:39:10Z INFO  steel_front] size diag: window_inner=2560x1600 hud=2560x1600
[2026-08-17T11:39:10Z INFO  steel_front::engine::game] game: wave=1 enemies=6 enemy_hp=100 hp=0/100 score=0 phys_us=1 ai_us=0 audio_us=26 net_us=0
[2026-08-17T11:39:11Z INFO  steel_front] cam: yaw=0.0 pitch=0.0 dist=3.4 mode=FirstPerson cycle_us=2657 update_us=32 render_us=2624
[2026-08-17T11:39:11Z INFO  steel_front::engine::renderer] visible=65536/65536 near=65536 far=0 fps=359.4 frame_us=2078 cull_us=0 terrain_us=0 wait_fence_us=2192 acquire_us=1 record_us=52 submit_us=49 present_us=237 terrain_lod=high blend=0.000 quality=中画质 marker=36 npc=42
[2026-08-17T11:39:11Z INFO  steel_front::engine::game] game: wave=1 enemies=6 enemy_hp=100 hp=0/100 score=0 phys_us=2 ai_us=0 audio_us=24 net_us=0
[2026-08-17T11:39:12Z INFO  steel_front] cam: yaw=0.0 pitch=0.0 dist=3.4 mode=FirstPerson cycle_us=2521 update_us=31 render_us=2490
[2026-08-17T11:39:12Z INFO  steel_front::engine::renderer] visible=65536/65536 near=65536 far=0 fps=376.8 frame_us=2555 cull_us=1 terrain_us=0 wait_fence_us=2052 acquire_us=1 record_us=57 submit_us=45 present_us=595 terrain_lod=high blend=0.000 quality=中画质 marker=62 npc=42
[2026-08-17T11:39:12Z INFO  steel_front::engine::game] game: wave=1 enemies=6 enemy_hp=100 hp=0/100 score=0 phys_us=2 ai_us=0 audio_us=14 net_us=0
[2026-08-17T11:39:13Z INFO  steel_front] cam: yaw=0.0 pitch=0.0 dist=3.4 mode=FirstPerson cycle_us=2677 update_us=37 render_us=2639
[2026-08-17T11:39:13Z INFO  steel_front::engine::renderer] visible=65536/65536 near=65536 far=0 fps=374.3 frame_us=2868 cull_us=0 terrain_us=0 wait_fence_us=1806 acquire_us=0 record_us=147 submit_us=47 present_us=212 terrain_lod=high blend=0.000 quality=中画质 marker=36 npc=42
[2026-08-17T11:39:13Z INFO  steel_front::engine::game] game: wave=1 enemies=6 enemy_hp=100 hp=0/100 score=0 phys_us=2 ai_us=0 audio_us=26 net_us=0
[2026-08-17T11:39:14Z INFO  steel_front] cam: yaw=0.0 pitch=0.0 dist=3.4 mode=FirstPerson cycle_us=2876 update_us=33 render_us=2842
[2026-08-17T11:39:14Z INFO  steel_front::engine::renderer] visible=65536/65536 near=65536 far=0 fps=373.8 frame_us=2850 cull_us=0 terrain_us=0 wait_fence_us=1976 acquire_us=0 record_us=127 submit_us=35 present_us=199 terrain_lod=high blend=0.000 quality=中画质 marker=61 npc=42
[2026-08-17T11:39:14Z INFO  steel_front::engine::game] game: wave=1 enemies=6 enemy_hp=100 hp=0/100 score=0 phys_us=1 ai_us=0 audio_us=32 net_us=0
[2026-08-17T11:39:15Z INFO  steel_front] cam: yaw=0.0 pitch=0.0 dist=3.4 mode=FirstPerson cycle_us=2378 update_us=32 render_us=2346
[2026-08-17T11:39:15Z INFO  steel_front] size diag: window_inner=2560x1600 hud=2560x1600
[2026-08-17T11:39:15Z INFO  steel_front] size diag: window_inner=2560x1600 hud=2560x1600
[2026-08-17T11:39:15Z INFO  steel_front::engine::renderer] visible=65536/65536 near=65536 far=0 fps=376.0 frame_us=1739 cull_us=0 terrain_us=0 wait_fence_us=1561 acquire_us=1 record_us=159 submit_us=52 present_us=301 terrain_lod=high blend=0.000 quality=中画质 marker=37 npc=42
[2026-08-17T11:39:15Z INFO  steel_front] size diag: window_inner=2560x1600 hud=2560x1600
[2026-08-17T11:39:15Z INFO  steel_front] size diag: window_inner=2560x1600 hud=2560x1600
[2026-08-17T11:39:15Z INFO  steel_front] size diag: window_inner=2560x1600 hud=2560x1600
[2026-08-17T11:39:15Z INFO  steel_front] size diag: window_inner=2560x1600 hud=2560x1600
[2026-08-17T11:39:15Z INFO  steel_front] size diag: window_inner=2560x1600 hud=2560x1600
[2026-08-17T11:39:15Z INFO  steel_front] size diag: window_inner=2560x1600 hud=2560x1600
[2026-08-17T11:39:15Z INFO  steel_front] size diag: window_inner=2560x1600 hud=2560x1600
[2026-08-17T11:39:15Z INFO  steel_front] size diag: window_inner=2560x1600 hud=2560x1600
[2026-08-17T11:39:15Z INFO  steel_front] size diag: window_inner=2560x1600 hud=2560x1600
[2026-08-17T11:39:15Z INFO  steel_front] size diag: window_inner=2560x1600 hud=2560x1600
[2026-08-17T11:39:15Z INFO  steel_front] size diag: window_inner=2560x1600 hud=2560x1600
[2026-08-17T11:39:15Z INFO  steel_front] size diag: window_inner=2560x1600 hud=2560x1600
[2026-08-17T11:39:15Z INFO  steel_front] size diag: window_inner=2560x1600 hud=2560x1600
[2026-08-17T11:39:15Z INFO  steel_front] size diag: window_inner=2560x1600 hud=2560x1600
[2026-08-17T11:39:15Z INFO  steel_front] size diag: window_inner=2560x1600 hud=2560x1600
[2026-08-17T11:39:15Z INFO  steel_front] size diag: window_inner=2560x1600 hud=2560x1600
[2026-08-17T11:39:15Z INFO  steel_front::engine::game] game: wave=1 enemies=6 enemy_hp=100 hp=0/100 score=0 phys_us=1 ai_us=0 audio_us=14 net_us=0
[2026-08-17T11:39:16Z INFO  steel_front] cam: yaw=0.0 pitch=0.0 dist=3.4 mode=FirstPerson cycle_us=2682 update_us=33 render_us=2648
[2026-08-17T11:39:16Z INFO  steel_front::engine::renderer] visible=65536/65536 near=65536 far=0 fps=375.4 frame_us=2521 cull_us=2 terrain_us=0 wait_fence_us=2416 acquire_us=2 record_us=111 submit_us=42 present_us=175 terrain_lod=high blend=0.000 quality=中画质 marker=62 npc=42
[2026-08-17T11:39:16Z INFO  steel_front::engine::game] game: wave=1 enemies=6 enemy_hp=100 hp=0/100 score=0 phys_us=2 ai_us=0 audio_us=20 net_us=0
[2026-08-17T11:39:17Z INFO  steel_front] cam: yaw=0.0 pitch=0.0 dist=3.4 mode=FirstPerson cycle_us=2813 update_us=22 render_us=2791
[2026-08-17T11:39:17Z INFO  steel_front::engine::renderer] visible=65536/65536 near=65536 far=0 fps=376.3 frame_us=2501 cull_us=0 terrain_us=0 wait_fence_us=1920 acquire_us=1 record_us=54 submit_us=64 present_us=206 terrain_lod=high blend=0.000 quality=中画质 marker=39 npc=42
[2026-08-17T11:39:17Z INFO  steel_front::engine::game] game: wave=1 enemies=6 enemy_hp=100 hp=0/100 score=0 phys_us=3 ai_us=0 audio_us=22 net_us=0
[2026-08-17T11:39:18Z INFO  steel_front] cam: yaw=0.0 pitch=0.0 dist=3.4 mode=FirstPerson cycle_us=2585 update_us=17 render_us=2567
[2026-08-17T11:39:18Z INFO  steel_front::engine::renderer] visible=65536/65536 near=65536 far=0 fps=374.2 frame_us=2239 cull_us=0 terrain_us=0 wait_fence_us=2333 acquire_us=1 record_us=116 submit_us=25 present_us=162 terrain_lod=high blend=0.000 quality=中画质 marker=62 npc=42
[2026-08-17T11:39:18Z INFO  steel_front::engine::game] game: wave=1 enemies=6 enemy_hp=100 hp=0/100 score=0 phys_us=2 ai_us=0 audio_us=24 net_us=0
[2026-08-17T11:39:19Z INFO  steel_front] cam: yaw=0.0 pitch=0.0 dist=3.4 mode=FirstPerson cycle_us=2400 update_us=42 render_us=2358
[2026-08-17T11:39:19Z INFO  steel_front::engine::renderer] visible=65536/65536 near=65536 far=0 fps=375.0 frame_us=3758 cull_us=0 terrain_us=0 wait_fence_us=2755 acquire_us=1 record_us=205 submit_us=93 present_us=674 terrain_lod=high blend=0.000 quality=中画质 marker=39 npc=42
[2026-08-17T11:39:19Z INFO  steel_front::engine::game] game: wave=1 enemies=6 enemy_hp=100 hp=0/100 score=0 phys_us=1 ai_us=0 audio_us=24 net_us=0
[2026-08-17T11:39:20Z INFO  steel_front] cam: yaw=0.0 pitch=0.0 dist=3.4 mode=FirstPerson cycle_us=2691 update_us=32 render_us=2659
[2026-08-17T11:39:20Z INFO  steel_front] size diag: window_inner=2560x1600 hud=2560x1600
[2026-08-17T11:39:20Z INFO  steel_front] size diag: window_inner=2560x1600 hud=2560x1600
[2026-08-17T11:39:20Z INFO  steel_front] size diag: window_inner=2560x1600 hud=2560x1600
[2026-08-17T11:39:20Z INFO  steel_front] size diag: window_inner=2560x1600 hud=2560x1600
[2026-08-17T11:39:20Z INFO  steel_front] size diag: window_inner=2560x1600 hud=2560x1600
[2026-08-17T11:39:20Z INFO  steel_front] size diag: window_inner=2560x1600 hud=2560x1600
[2026-08-17T11:39:20Z INFO  steel_front] size diag: window_inner=2560x1600 hud=2560x1600
[2026-08-17T11:39:20Z INFO  steel_front::engine::renderer] visible=65536/65536 near=65536 far=0 fps=371.1 frame_us=2428 cull_us=0 terrain_us=0 wait_fence_us=1901 acquire_us=1 record_us=139 submit_us=48 present_us=231 terrain_lod=high blend=0.000 quality=中画质 marker=62 npc=42
[2026-08-17T11:39:20Z INFO  steel_front] size diag: window_inner=2560x1600 hud=2560x1600
[2026-08-17T11:39:20Z INFO  steel_front] size diag: window_inner=2560x1600 hud=2560x1600
[2026-08-17T11:39:20Z INFO  steel_front] size diag: window_inner=2560x1600 hud=2560x1600
[2026-08-17T11:39:20Z INFO  steel_front] size diag: window_inner=2560x1600 hud=2560x1600
[2026-08-17T11:39:20Z INFO  steel_front] size diag: window_inner=2560x1600 hud=2560x1600
[2026-08-17T11:39:20Z INFO  steel_front] size diag: window_inner=2560x1600 hud=2560x1600
[2026-08-17T11:39:20Z INFO  steel_front] size diag: window_inner=2560x1600 hud=2560x1600
[2026-08-17T11:39:20Z INFO  steel_front] size diag: window_inner=2560x1600 hud=2560x1600
[2026-08-17T11:39:20Z INFO  steel_front] size diag: window_inner=2560x1600 hud=2560x1600
[2026-08-17T11:39:20Z INFO  steel_front] size diag: window_inner=2560x1600 hud=2560x1600
[2026-08-17T11:39:20Z INFO  steel_front] size diag: window_inner=2560x1600 hud=2560x1600
[2026-08-17T11:39:20Z INFO  steel_front] size diag: window_inner=2560x1600 hud=2560x1600
[2026-08-17T11:39:20Z INFO  steel_front::engine::game] game: wave=1 enemies=6 enemy_hp=100 hp=0/100 score=0 phys_us=2 ai_us=0 audio_us=16 net_us=0
[2026-08-17T11:39:21Z INFO  steel_front] cam: yaw=0.0 pitch=0.0 dist=3.4 mode=FirstPerson cycle_us=2596 update_us=36 render_us=2560
[2026-08-17T11:39:21Z INFO  steel_front::engine::renderer] visible=65536/65536 near=65536 far=0 fps=371.3 frame_us=2383 cull_us=0 terrain_us=0 wait_fence_us=2121 acquire_us=1 record_us=133 submit_us=50 present_us=226 terrain_lod=high blend=0.000 quality=中画质 marker=43 npc=42
[2026-08-17T11:39:21Z INFO  steel_front::engine::game] game: wave=1 enemies=6 enemy_hp=100 hp=0/100 score=0 phys_us=1 ai_us=0 audio_us=24 net_us=0
[2026-08-17T11:39:22Z INFO  steel_front] cam: yaw=0.0 pitch=0.0 dist=3.4 mode=FirstPerson cycle_us=2471 update_us=34 render_us=2437
[2026-08-17T11:39:22Z INFO  steel_front::engine::renderer] visible=65536/65536 near=65536 far=0 fps=371.2 frame_us=2488 cull_us=0 terrain_us=0 wait_fence_us=1797 acquire_us=1 record_us=123 submit_us=47 present_us=237 terrain_lod=high blend=0.000 quality=中画质 marker=61 npc=42
[2026-08-17T11:39:22Z INFO  steel_front::engine::game] game: wave=1 enemies=6 enemy_hp=100 hp=0/100 score=0 phys_us=2 ai_us=0 audio_us=33 net_us=0
[2026-08-17T11:39:23Z INFO  steel_front] cam: yaw=0.0 pitch=0.0 dist=3.4 mode=FirstPerson cycle_us=2523 update_us=28 render_us=2494
[2026-08-17T11:39:23Z INFO  steel_front::engine::renderer] visible=65536/65536 near=65536 far=0 fps=373.3 frame_us=2356 cull_us=0 terrain_us=0 wait_fence_us=2167 acquire_us=0 record_us=116 submit_us=45 present_us=209 terrain_lod=high blend=0.000 quality=中画质 marker=45 npc=42
[2026-08-17T11:39:23Z INFO  steel_front::engine::game] game: wave=1 enemies=6 enemy_hp=100 hp=0/100 score=0 phys_us=1 ai_us=0 audio_us=11 net_us=0
[2026-08-17T11:39:24Z INFO  steel_front] cam: yaw=0.0 pitch=0.0 dist=3.4 mode=FirstPerson cycle_us=2826 update_us=36 render_us=2789
[2026-08-17T11:39:24Z INFO  steel_front::engine::renderer] visible=65536/65536 near=65536 far=0 fps=374.3 frame_us=2302 cull_us=1 terrain_us=0 wait_fence_us=1851 acquire_us=1 record_us=31 submit_us=28 present_us=150 terrain_lod=high blend=0.000 quality=中画质 marker=62 npc=42
[2026-08-17T11:39:24Z INFO  steel_front::engine::game] game: wave=1 enemies=6 enemy_hp=100 hp=0/100 score=0 phys_us=2 ai_us=0 audio_us=14 net_us=0
[2026-08-17T11:39:25Z INFO  steel_front] cam: yaw=0.0 pitch=0.0 dist=3.4 mode=FirstPerson cycle_us=2293 update_us=37 render_us=2255
[2026-08-17T11:39:25Z INFO  steel_front] size diag: window_inner=2560x1600 hud=2560x1600
[2026-08-17T11:39:25Z INFO  steel_front] size diag: window_inner=2560x1600 hud=2560x1600
[2026-08-17T11:39:25Z INFO  steel_front] size diag: window_inner=2560x1600 hud=2560x1600
[2026-08-17T11:39:25Z INFO  steel_front] size diag: window_inner=2560x1600 hud=2560x1600
[2026-08-17T11:39:25Z INFO  steel_front] size diag: window_inner=2560x1600 hud=2560x1600
[2026-08-17T11:39:25Z INFO  steel_front] size diag: window_inner=2560x1600 hud=2560x1600
[2026-08-17T11:39:25Z INFO  steel_front] size diag: window_inner=2560x1600 hud=2560x1600
[2026-08-17T11:39:25Z INFO  steel_front] size diag: window_inner=2560x1600 hud=2560x1600
[2026-08-17T11:39:25Z INFO  steel_front] size diag: window_inner=2560x1600 hud=2560x1600
[2026-08-17T11:39:25Z INFO  steel_front] size diag: window_inner=2560x1600 hud=2560x1600
[2026-08-17T11:39:25Z INFO  steel_front] size diag: window_inner=2560x1600 hud=2560x1600
[2026-08-17T11:39:25Z INFO  steel_front] size diag: window_inner=2560x1600 hud=2560x1600
[2026-08-17T11:39:25Z INFO  steel_front::engine::renderer] visible=65536/65536 near=65536 far=0 fps=377.0 frame_us=2129 cull_us=0 terrain_us=0 wait_fence_us=2298 acquire_us=1 record_us=62 submit_us=52 present_us=233 terrain_lod=high blend=0.000 quality=中画质 marker=47 npc=42
[2026-08-17T11:39:25Z INFO  steel_front] size diag: window_inner=2560x1600 hud=2560x1600
[2026-08-17T11:39:25Z INFO  steel_front] size diag: window_inner=2560x1600 hud=2560x1600
[2026-08-17T11:39:25Z INFO  steel_front] size diag: window_inner=2560x1600 hud=2560x1600
[2026-08-17T11:39:25Z INFO  steel_front] size diag: window_inner=2560x1600 hud=2560x1600
[2026-08-17T11:39:25Z INFO  steel_front] size diag: window_inner=2560x1600 hud=2560x1600
[2026-08-17T11:39:25Z INFO  steel_front] size diag: window_inner=2560x1600 hud=2560x1600
[2026-08-17T11:39:25Z INFO  steel_front] size diag: window_inner=2560x1600 hud=2560x1600
[2026-08-17T11:39:25Z INFO  steel_front::engine::game] game: wave=1 enemies=6 enemy_hp=100 hp=0/100 score=0 phys_us=2 ai_us=0 audio_us=14 net_us=0
[2026-08-17T11:39:26Z INFO  steel_front] cam: yaw=0.0 pitch=0.0 dist=3.4 mode=FirstPerson cycle_us=2538 update_us=36 render_us=2502
[2026-08-17T11:39:26Z INFO  steel_front::engine::renderer] visible=65536/65536 near=65536 far=0 fps=370.1 frame_us=2806 cull_us=0 terrain_us=0 wait_fence_us=1974 acquire_us=1 record_us=86 submit_us=46 present_us=233 terrain_lod=high blend=0.000 quality=中画质 marker=61 npc=42
[2026-08-17T11:39:26Z INFO  steel_front::engine::game] game: wave=1 enemies=6 enemy_hp=100 hp=0/100 score=0 phys_us=1 ai_us=0 audio_us=15 net_us=0
[2026-08-17T11:39:27Z INFO  steel_front] cam: yaw=0.0 pitch=0.0 dist=3.4 mode=FirstPerson cycle_us=2740 update_us=28 render_us=2712
[2026-08-17T11:39:27Z INFO  steel_front::engine::renderer] visible=65536/65536 near=65536 far=0 fps=380.2 frame_us=2050 cull_us=1 terrain_us=0 wait_fence_us=1921 acquire_us=1 record_us=64 submit_us=48 present_us=199 terrain_lod=high blend=0.000 quality=中画质 marker=49 npc=42
[2026-08-17T11:39:27Z INFO  steel_front::engine::game] game: wave=1 enemies=6 enemy_hp=100 hp=0/100 score=0 phys_us=2 ai_us=0 audio_us=18 net_us=0
[2026-08-17T11:39:28Z INFO  steel_front] cam: yaw=0.0 pitch=0.0 dist=3.4 mode=FirstPerson cycle_us=2676 update_us=25 render_us=2650
[2026-08-17T11:39:28Z INFO  steel_front::engine::renderer] visible=65536/65536 near=65536 far=0 fps=380.6 frame_us=2354 cull_us=0 terrain_us=0 wait_fence_us=2290 acquire_us=0 record_us=101 submit_us=33 present_us=149 terrain_lod=high blend=0.000 quality=中画质 marker=62 npc=42
[2026-08-17T11:39:28Z INFO  steel_front::engine::game] game: wave=1 enemies=6 enemy_hp=100 hp=0/100 score=0 phys_us=1 ai_us=0 audio_us=15 net_us=0
[2026-08-17T11:39:29Z INFO  steel_front] cam: yaw=0.0 pitch=0.0 dist=3.4 mode=FirstPerson cycle_us=2624 update_us=32 render_us=2592
[2026-08-17T11:39:29Z INFO  steel_front::engine::renderer] visible=65536/65536 near=65536 far=0 fps=373.2 frame_us=2595 cull_us=0 terrain_us=0 wait_fence_us=1815 acquire_us=1 record_us=113 submit_us=47 present_us=209 terrain_lod=high blend=0.000 quality=中画质 marker=51 npc=42
[2026-08-17T11:39:29Z INFO  steel_front::engine::game] game: wave=1 enemies=6 enemy_hp=100 hp=0/100 score=0 phys_us=2 ai_us=0 audio_us=26 net_us=0
[2026-08-17T11:39:30Z INFO  steel_front] cam: yaw=0.0 pitch=0.0 dist=3.4 mode=FirstPerson cycle_us=2725 update_us=31 render_us=2693
[2026-08-17T11:39:30Z INFO  steel_front] size diag: window_inner=2560x1600 hud=2560x1600
[2026-08-17T11:39:30Z INFO  steel_front] size diag: window_inner=2560x1600 hud=2560x1600
[2026-08-17T11:39:30Z INFO  steel_front] size diag: window_inner=2560x1600 hud=2560x1600
[2026-08-17T11:39:30Z INFO  steel_front] size diag: window_inner=2560x1600 hud=2560x1600
[2026-08-17T11:39:30Z INFO  steel_front] size diag: window_inner=2560x1600 hud=2560x1600
[2026-08-17T11:39:30Z INFO  steel_front] size diag: window_inner=2560x1600 hud=2560x1600
[2026-08-17T11:39:30Z INFO  steel_front] size diag: window_inner=2560x1600 hud=2560x1600
[2026-08-17T11:39:30Z INFO  steel_front] size diag: window_inner=2560x1600 hud=2560x1600
[2026-08-17T11:39:30Z INFO  steel_front] size diag: window_inner=2560x1600 hud=2560x1600
[2026-08-17T11:39:30Z INFO  steel_front] size diag: window_inner=2560x1600 hud=2560x1600
[2026-08-17T11:39:30Z INFO  steel_front] size diag: window_inner=2560x1600 hud=2560x1600
[2026-08-17T11:39:30Z INFO  steel_front] size diag: window_inner=2560x1600 hud=2560x1600
[2026-08-17T11:39:30Z INFO  steel_front] size diag: window_inner=2560x1600 hud=2560x1600
[2026-08-17T11:39:30Z INFO  steel_front] size diag: window_inner=2560x1600 hud=2560x1600
[2026-08-17T11:39:30Z INFO  steel_front] size diag: window_inner=2560x1600 hud=2560x1600
[2026-08-17T11:39:30Z INFO  steel_front] size diag: window_inner=2560x1600 hud=2560x1600
[2026-08-17T11:39:30Z INFO  steel_front] size diag: window_inner=2560x1600 hud=2560x1600
[2026-08-17T11:39:30Z INFO  steel_front::engine::renderer] visible=65536/65536 near=65536 far=0 fps=383.2 frame_us=2051 cull_us=0 terrain_us=0 wait_fence_us=2015 acquire_us=1 record_us=120 submit_us=47 present_us=219 terrain_lod=high blend=0.000 quality=中画质 marker=62 npc=42
[2026-08-17T11:39:30Z INFO  steel_front] size diag: window_inner=2560x1600 hud=2560x1600
[2026-08-17T11:39:30Z INFO  steel_front] size diag: window_inner=2560x1600 hud=2560x1600
[2026-08-17T11:39:30Z INFO  steel_front] size diag: window_inner=2560x1600 hud=2560x1600
[2026-08-17T11:39:30Z INFO  steel_front::engine::game] game: wave=1 enemies=6 enemy_hp=100 hp=0/100 score=0 phys_us=2 ai_us=0 audio_us=18 net_us=0
[2026-08-17T11:39:31Z INFO  steel_front] cam: yaw=0.0 pitch=0.0 dist=3.4 mode=FirstPerson cycle_us=3102 update_us=19 render_us=3083
[2026-08-17T11:39:31Z INFO  steel_front::engine::renderer] visible=65536/65536 near=65536 far=0 fps=364.0 frame_us=2321 cull_us=0 terrain_us=0 wait_fence_us=2258 acquire_us=1 record_us=117 submit_us=73 present_us=212 terrain_lod=high blend=0.000 quality=中画质 marker=52 npc=42
[2026-08-17T11:39:31Z INFO  steel_front::engine::game] game: wave=1 enemies=6 enemy_hp=100 hp=0/100 score=0 phys_us=4 ai_us=0 audio_us=26 net_us=0
[2026-08-17T11:39:32Z INFO  steel_front] cam: yaw=0.0 pitch=0.0 dist=3.4 mode=FirstPerson cycle_us=2633 update_us=30 render_us=2603
[2026-08-17T11:39:32Z INFO  steel_front::engine::renderer] visible=65536/65536 near=65536 far=0 fps=375.1 frame_us=2570 cull_us=1 terrain_us=0 wait_fence_us=2025 acquire_us=3 record_us=39 submit_us=32 present_us=206 terrain_lod=high blend=0.000 quality=中画质 marker=62 npc=42
[2026-08-17T11:39:32Z INFO  steel_front::engine::game] game: wave=1 enemies=6 enemy_hp=100 hp=0/100 score=0 phys_us=1 ai_us=0 audio_us=19 net_us=0
[2026-08-17T11:39:33Z INFO  steel_front] cam: yaw=0.0 pitch=0.0 dist=3.4 mode=FirstPerson cycle_us=2832 update_us=36 render_us=2795
[2026-08-17T11:39:33Z INFO  steel_front::engine::renderer] visible=65536/65536 near=65536 far=0 fps=376.3 frame_us=2261 cull_us=0 terrain_us=0 wait_fence_us=1918 acquire_us=1 record_us=41 submit_us=37 present_us=234 terrain_lod=high blend=0.000 quality=中画质 marker=54 npc=42
[2026-08-17T11:39:33Z INFO  steel_front::engine::game] game: wave=1 enemies=6 enemy_hp=100 hp=0/100 score=0 phys_us=2 ai_us=0 audio_us=13 net_us=0
[2026-08-17T11:39:34Z INFO  steel_front] cam: yaw=0.0 pitch=0.0 dist=3.4 mode=FirstPerson cycle_us=2625 update_us=40 render_us=2585
[2026-08-17T11:39:34Z INFO  steel_front::engine::renderer] visible=65536/65536 near=65536 far=0 fps=377.6 frame_us=2323 cull_us=1 terrain_us=0 wait_fence_us=2323 acquire_us=1 record_us=20 submit_us=26 present_us=332 terrain_lod=high blend=0.000 quality=中画质 marker=62 npc=42
[2026-08-17T11:39:34Z INFO  steel_front::engine::game] game: wave=1 enemies=6 enemy_hp=100 hp=0/100 score=0 phys_us=2 ai_us=0 audio_us=107 net_us=0
[2026-08-17T11:39:35Z INFO  steel_front] cam: yaw=0.0 pitch=0.0 dist=3.4 mode=FirstPerson cycle_us=3292 update_us=47 render_us=3244
[2026-08-17T11:39:35Z INFO  steel_front] size diag: window_inner=2560x1600 hud=2560x1600
[2026-08-17T11:39:35Z INFO  steel_front] size diag: window_inner=2560x1600 hud=2560x1600
[2026-08-17T11:39:35Z INFO  steel_front] size diag: window_inner=2560x1600 hud=2560x1600
[2026-08-17T11:39:35Z INFO  steel_front] size diag: window_inner=2560x1600 hud=2560x1600
[2026-08-17T11:39:35Z INFO  steel_front] size diag: window_inner=2560x1600 hud=2560x1600
[2026-08-17T11:39:35Z INFO  steel_front] size diag: window_inner=2560x1600 hud=2560x1600
[2026-08-17T11:39:35Z INFO  steel_front] size diag: window_inner=2560x1600 hud=2560x1600
[2026-08-17T11:39:35Z INFO  steel_front] size diag: window_inner=2560x1600 hud=2560x1600
[2026-08-17T11:39:35Z INFO  steel_front] size diag: window_inner=2560x1600 hud=2560x1600
[2026-08-17T11:39:35Z INFO  steel_front] size diag: window_inner=2560x1600 hud=2560x1600
[2026-08-17T11:39:35Z INFO  steel_front] size diag: window_inner=2560x1600 hud=2560x1600
[2026-08-17T11:39:35Z INFO  steel_front] size diag: window_inner=2560x1600 hud=2560x1600
[2026-08-17T11:39:35Z INFO  steel_front] size diag: window_inner=2560x1600 hud=2560x1600
[2026-08-17T11:39:35Z INFO  steel_front] size diag: window_inner=2560x1600 hud=2560x1600
[2026-08-17T11:39:35Z INFO  steel_front] size diag: window_inner=2560x1600 hud=2560x1600
[2026-08-17T11:39:35Z INFO  steel_front] size diag: window_inner=2560x1600 hud=2560x1600
[2026-08-17T11:39:35Z INFO  steel_front] size diag: window_inner=2560x1600 hud=2560x1600
[2026-08-17T11:39:35Z INFO  steel_front] size diag: window_inner=2560x1600 hud=2560x1600
[2026-08-17T11:39:35Z INFO  steel_front] size diag: window_inner=2560x1600 hud=2560x1600
[2026-08-17T11:39:35Z INFO  steel_front::engine::renderer] visible=65536/65536 near=65536 far=0 fps=374.6 frame_us=2195 cull_us=0 terrain_us=0 wait_fence_us=2103 acquire_us=1 record_us=23 submit_us=41 present_us=126 terrain_lod=high blend=0.000 quality=中画质 marker=55 npc=42
[2026-08-17T11:39:35Z INFO  steel_front::engine::game] game: wave=1 enemies=6 enemy_hp=100 hp=0/100 score=0 phys_us=2 ai_us=0 audio_us=15 net_us=0
[2026-08-17T11:39:36Z INFO  steel_front] cam: yaw=0.0 pitch=0.0 dist=3.4 mode=FirstPerson cycle_us=2683 update_us=21 render_us=2661
[2026-08-17T11:39:36Z INFO  steel_front::engine::renderer] visible=65536/65536 near=65536 far=0 fps=375.1 frame_us=2091 cull_us=0 terrain_us=0 wait_fence_us=1955 acquire_us=1 record_us=36 submit_us=30 present_us=196 terrain_lod=high blend=0.000 quality=中画质 marker=62 npc=42
[2026-08-17T11:39:36Z INFO  steel_front::engine::game] game: wave=1 enemies=6 enemy_hp=100 hp=0/100 score=0 phys_us=1 ai_us=0 audio_us=13 net_us=0
[2026-08-17T11:39:37Z INFO  steel_front] cam: yaw=0.0 pitch=0.0 dist=3.4 mode=FirstPerson cycle_us=2307 update_us=19 render_us=2287
[2026-08-17T11:39:37Z INFO  steel_front::engine::renderer] visible=65536/65536 near=65536 far=0 fps=376.2 frame_us=2473 cull_us=0 terrain_us=0 wait_fence_us=1941 acquire_us=1 record_us=47 submit_us=61 present_us=295 terrain_lod=high blend=0.000 quality=中画质 marker=57 npc=42
[2026-08-17T11:39:37Z INFO  steel_front::engine::game] game: wave=1 enemies=6 enemy_hp=100 hp=0/100 score=0 phys_us=2 ai_us=0 audio_us=12 net_us=0
[2026-08-17T11:39:38Z INFO  steel_front] cam: yaw=0.0 pitch=0.0 dist=3.4 mode=FirstPerson cycle_us=2464 update_us=32 render_us=2432
[2026-08-17T11:39:38Z INFO  steel_front::engine::renderer] visible=65536/65536 near=65536 far=0 fps=375.6 frame_us=2569 cull_us=0 terrain_us=0 wait_fence_us=1860 acquire_us=1 record_us=58 submit_us=56 present_us=232 terrain_lod=high blend=0.000 quality=中画质 marker=62 npc=42
[2026-08-17T11:39:38Z INFO  steel_front::engine::game] game: wave=1 enemies=6 enemy_hp=100 hp=0/100 score=0 phys_us=1 ai_us=0 audio_us=16 net_us=0
[2026-08-17T11:39:39Z INFO  steel_front] cam: yaw=0.0 pitch=0.0 dist=3.4 mode=FirstPerson cycle_us=2618 update_us=18 render_us=2600
[2026-08-17T11:39:39Z INFO  steel_front::engine::renderer] visible=65536/65536 near=65536 far=0 fps=376.9 frame_us=2489 cull_us=0 terrain_us=0 wait_fence_us=1950 acquire_us=1 record_us=41 submit_us=41 present_us=225 terrain_lod=high blend=0.000 quality=中画质 marker=58 npc=42
[2026-08-17T11:39:39Z INFO  steel_front::engine::game] game: wave=1 enemies=6 enemy_hp=100 hp=0/100 score=0 phys_us=1 ai_us=0 audio_us=26 net_us=0
[2026-08-17T11:39:40Z INFO  steel_front] cam: yaw=0.0 pitch=0.0 dist=3.4 mode=FirstPerson cycle_us=3434 update_us=26 render_us=3407
[2026-08-17T11:39:40Z INFO  steel_front] size diag: window_inner=2560x1600 hud=2560x1600
[2026-08-17T11:39:40Z INFO  steel_front] size diag: window_inner=2560x1600 hud=2560x1600
[2026-08-17T11:39:40Z INFO  steel_front] size diag: window_inner=2560x1600 hud=2560x1600
[2026-08-17T11:39:40Z INFO  steel_front] size diag: window_inner=2560x1600 hud=2560x1600
[2026-08-17T11:39:40Z INFO  steel_front] size diag: window_inner=2560x1600 hud=2560x1600
[2026-08-17T11:39:40Z INFO  steel_front] size diag: window_inner=2560x1600 hud=2560x1600
[2026-08-17T11:39:40Z INFO  steel_front] size diag: window_inner=2560x1600 hud=2560x1600
[2026-08-17T11:39:40Z INFO  steel_front] size diag: window_inner=2560x1600 hud=2560x1600
[2026-08-17T11:39:40Z INFO  steel_front] size diag: window_inner=2560x1600 hud=2560x1600
[2026-08-17T11:39:40Z INFO  steel_front] size diag: window_inner=2560x1600 hud=2560x1600
[2026-08-17T11:39:40Z INFO  steel_front] size diag: window_inner=2560x1600 hud=2560x1600
[2026-08-17T11:39:40Z INFO  steel_front] size diag: window_inner=2560x1600 hud=2560x1600
[2026-08-17T11:39:40Z INFO  steel_front] size diag: window_inner=2560x1600 hud=2560x1600
[2026-08-17T11:39:40Z INFO  steel_front] size diag: window_inner=2560x1600 hud=2560x1600
[2026-08-17T11:39:40Z INFO  steel_front] size diag: window_inner=2560x1600 hud=2560x1600
[2026-08-17T11:39:40Z INFO  steel_front] size diag: window_inner=2560x1600 hud=2560x1600
[2026-08-17T11:39:40Z INFO  steel_front] size diag: window_inner=2560x1600 hud=2560x1600
[2026-08-17T11:39:40Z INFO  steel_front] size diag: window_inner=2560x1600 hud=2560x1600
[2026-08-17T11:39:40Z INFO  steel_front] size diag: window_inner=2560x1600 hud=2560x1600
[2026-08-17T11:39:40Z INFO  steel_front::engine::renderer] visible=65536/65536 near=65536 far=0 fps=370.3 frame_us=2489 cull_us=1 terrain_us=0 wait_fence_us=1961 acquire_us=1 record_us=71 submit_us=33 present_us=515 terrain_lod=high blend=0.000 quality=中画质 marker=62 npc=42
[2026-08-17T11:39:40Z INFO  steel_front::engine::game] game: wave=1 enemies=6 enemy_hp=100 hp=0/100 score=0 phys_us=2 ai_us=0 audio_us=15 net_us=0
[2026-08-17T11:39:41Z INFO  steel_front] cam: yaw=0.0 pitch=0.0 dist=3.4 mode=FirstPerson cycle_us=3088 update_us=17 render_us=3070
[2026-08-17T11:39:41Z INFO  steel_front::engine::renderer] visible=65536/65536 near=65536 far=0 fps=375.1 frame_us=2602 cull_us=0 terrain_us=0 wait_fence_us=1868 acquire_us=0 record_us=36 submit_us=31 present_us=258 terrain_lod=high blend=0.000 quality=中画质 marker=60 npc=42
[2026-08-17T11:39:41Z INFO  steel_front::engine::game] game: wave=1 enemies=6 enemy_hp=100 hp=0/100 score=0 phys_us=2 ai_us=0 audio_us=32 net_us=0
[2026-08-17T11:39:42Z INFO  steel_front] cam: yaw=0.0 pitch=0.0 dist=3.4 mode=FirstPerson cycle_us=3147 update_us=35 render_us=3112
[2026-08-17T11:39:42Z INFO  steel_front::engine::renderer] visible=65536/65536 near=65536 far=0 fps=377.9 frame_us=3122 cull_us=1 terrain_us=0 wait_fence_us=1471 acquire_us=1 record_us=229 submit_us=252 present_us=441 terrain_lod=high blend=0.000 quality=中画质 marker=61 npc=42
[2026-08-17T11:39:42Z INFO  steel_front::engine::game] game: wave=1 enemies=6 enemy_hp=100 hp=0/100 score=0 phys_us=1 ai_us=0 audio_us=27 net_us=0
[2026-08-17T11:39:43Z INFO  steel_front] cam: yaw=0.0 pitch=0.0 dist=3.4 mode=FirstPerson cycle_us=2674 update_us=34 render_us=2640
[2026-08-17T11:39:43Z INFO  steel_front::engine::renderer] visible=65536/65536 near=65536 far=0 fps=378.4 frame_us=2307 cull_us=0 terrain_us=0 wait_fence_us=2138 acquire_us=1 record_us=54 submit_us=33 present_us=309 terrain_lod=high blend=0.000 quality=中画质 marker=61 npc=42
[2026-08-17T11:39:43Z INFO  steel_front::engine::game] game: wave=1 enemies=6 enemy_hp=100 hp=0/100 score=0 phys_us=1 ai_us=0 audio_us=12 net_us=0
[2026-08-17T11:39:44Z INFO  steel_front] cam: yaw=0.0 pitch=0.0 dist=3.4 mode=FirstPerson cycle_us=2917 update_us=56 render_us=2860
[2026-08-17T11:39:44Z INFO  steel_front::engine::renderer] visible=65536/65536 near=65536 far=0 fps=372.0 frame_us=2572 cull_us=0 terrain_us=0 wait_fence_us=2218 acquire_us=1 record_us=90 submit_us=77 present_us=412 terrain_lod=high blend=0.000 quality=中画质 marker=62 npc=42
[2026-08-17T11:39:44Z INFO  steel_front::engine::game] game: wave=1 enemies=6 enemy_hp=100 hp=0/100 score=0 phys_us=1 ai_us=0 audio_us=26 net_us=0
[2026-08-17T11:39:45Z INFO  steel_front] cam: yaw=0.0 pitch=0.0 dist=3.4 mode=FirstPerson cycle_us=2641 update_us=21 render_us=2619
[2026-08-17T11:39:45Z INFO  steel_front] size diag: window_inner=2560x1600 hud=2560x1600
[2026-08-17T11:39:45Z INFO  steel_front] size diag: window_inner=2560x1600 hud=2560x1600
[2026-08-17T11:39:45Z INFO  steel_front] size diag: window_inner=2560x1600 hud=2560x1600
[2026-08-17T11:39:45Z INFO  steel_front] size diag: window_inner=2560x1600 hud=2560x1600
[2026-08-17T11:39:45Z INFO  steel_front] size diag: window_inner=2560x1600 hud=2560x1600
[2026-08-17T11:39:45Z INFO  steel_front] size diag: window_inner=2560x1600 hud=2560x1600
[2026-08-17T11:39:45Z INFO  steel_front] size diag: window_inner=2560x1600 hud=2560x1600
[2026-08-17T11:39:45Z INFO  steel_front] size diag: window_inner=2560x1600 hud=2560x1600
[2026-08-17T11:39:45Z INFO  steel_front] size diag: window_inner=2560x1600 hud=2560x1600
[2026-08-17T11:39:45Z INFO  steel_front] size diag: window_inner=2560x1600 hud=2560x1600
[2026-08-17T11:39:45Z INFO  steel_front] size diag: window_inner=2560x1600 hud=2560x1600
[2026-08-17T11:39:45Z INFO  steel_front] size diag: window_inner=2560x1600 hud=2560x1600
[2026-08-17T11:39:45Z INFO  steel_front] size diag: window_inner=2560x1600 hud=2560x1600
[2026-08-17T11:39:45Z INFO  steel_front] size diag: window_inner=2560x1600 hud=2560x1600
[2026-08-17T11:39:45Z INFO  steel_front] size diag: window_inner=2560x1600 hud=2560x1600
[2026-08-17T11:39:45Z INFO  steel_front] size diag: window_inner=2560x1600 hud=2560x1600
[2026-08-17T11:39:45Z INFO  steel_front] size diag: window_inner=2560x1600 hud=2560x1600
[2026-08-17T11:39:45Z INFO  steel_front] size diag: window_inner=2560x1600 hud=2560x1600
[2026-08-17T11:39:45Z INFO  steel_front::engine::renderer] visible=65536/65536 near=65536 far=0 fps=370.1 frame_us=2505 cull_us=1 terrain_us=0 wait_fence_us=2141 acquire_us=1 record_us=82 submit_us=67 present_us=355 terrain_lod=high blend=0.000 quality=中画质 marker=61 npc=42
[2026-08-17T11:39:45Z INFO  steel_front::engine::game] game: wave=1 enemies=6 enemy_hp=100 hp=0/100 score=0 phys_us=2 ai_us=0 audio_us=18 net_us=0
[2026-08-17T11:39:46Z INFO  steel_front] cam: yaw=0.0 pitch=0.0 dist=3.4 mode=FirstPerson cycle_us=2974 update_us=30 render_us=2944
[2026-08-17T11:39:46Z INFO  steel_front::engine::renderer] visible=65536/65536 near=65536 far=0 fps=380.0 frame_us=2131 cull_us=0 terrain_us=0 wait_fence_us=2317 acquire_us=1 record_us=56 submit_us=40 present_us=211 terrain_lod=high blend=0.000 quality=中画质 marker=62 npc=42
[2026-08-17T11:39:46Z INFO  steel_front::engine::game] game: wave=1 enemies=6 enemy_hp=100 hp=0/100 score=0 phys_us=2 ai_us=0 audio_us=12 net_us=0
[2026-08-17T11:39:47Z INFO  steel_front] cam: yaw=0.0 pitch=0.0 dist=3.4 mode=FirstPerson cycle_us=2454 update_us=20 render_us=2433
[2026-08-17T11:39:47Z INFO  steel_front::engine::renderer] visible=65536/65536 near=65536 far=0 fps=382.2 frame_us=2070 cull_us=1 terrain_us=0 wait_fence_us=1918 acquire_us=1 record_us=62 submit_us=45 present_us=211 terrain_lod=high blend=0.000 quality=中画质 marker=62 npc=42
[2026-08-17T11:39:47Z INFO  steel_front::engine::game] game: wave=1 enemies=6 enemy_hp=100 hp=0/100 score=0 phys_us=1 ai_us=0 audio_us=13 net_us=0
[2026-08-17T11:39:48Z INFO  steel_front] cam: yaw=0.0 pitch=0.0 dist=3.4 mode=FirstPerson cycle_us=3248 update_us=16 render_us=3231
[2026-08-17T11:39:48Z INFO  steel_front::engine::renderer] visible=65536/65536 near=65536 far=0 fps=373.2 frame_us=2103 cull_us=1 terrain_us=0 wait_fence_us=2270 acquire_us=1 record_us=53 submit_us=45 present_us=209 terrain_lod=high blend=0.000 quality=中画质 marker=62 npc=42
[2026-08-17T11:39:48Z INFO  steel_front::engine::game] game: wave=1 enemies=6 enemy_hp=100 hp=0/100 score=0 phys_us=1 ai_us=0 audio_us=26 net_us=0
[2026-08-17T11:39:49Z INFO  steel_front] cam: yaw=0.0 pitch=0.0 dist=3.4 mode=FirstPerson cycle_us=2609 update_us=33 render_us=2575
[2026-08-17T11:39:49Z INFO  steel_front::engine::renderer] visible=65536/65536 near=65536 far=0 fps=382.4 frame_us=2620 cull_us=0 terrain_us=0 wait_fence_us=2008 acquire_us=1 record_us=75 submit_us=46 present_us=258 terrain_lod=high blend=0.000 quality=中画质 marker=62 npc=42
[2026-08-17T11:39:49Z INFO  steel_front::engine::game] game: wave=1 enemies=6 enemy_hp=100 hp=0/100 score=0 phys_us=2 ai_us=0 audio_us=14 net_us=0
[2026-08-17T11:39:50Z INFO  steel_front] cam: yaw=0.0 pitch=0.0 dist=3.4 mode=FirstPerson cycle_us=2227 update_us=40 render_us=2187
[2026-08-17T11:39:50Z INFO  steel_front] size diag: window_inner=2560x1600 hud=2560x1600
[2026-08-17T11:39:50Z INFO  steel_front] size diag: window_inner=2560x1600 hud=2560x1600
[2026-08-17T11:39:50Z INFO  steel_front] size diag: window_inner=2560x1600 hud=2560x1600
[2026-08-17T11:39:50Z INFO  steel_front] size diag: window_inner=2560x1600 hud=2560x1600
[2026-08-17T11:39:50Z INFO  steel_front] size diag: window_inner=2560x1600 hud=2560x1600
[2026-08-17T11:39:50Z INFO  steel_front] size diag: window_inner=2560x1600 hud=2560x1600
[2026-08-17T11:39:50Z INFO  steel_front] size diag: window_inner=2560x1600 hud=2560x1600
[2026-08-17T11:39:50Z INFO  steel_front] size diag: window_inner=2560x1600 hud=2560x1600
[2026-08-17T11:39:50Z INFO  steel_front] size diag: window_inner=2560x1600 hud=2560x1600
[2026-08-17T11:39:50Z INFO  steel_front] size diag: window_inner=2560x1600 hud=2560x1600
[2026-08-17T11:39:50Z INFO  steel_front] size diag: window_inner=2560x1600 hud=2560x1600
[2026-08-17T11:39:50Z INFO  steel_front] size diag: window_inner=2560x1600 hud=2560x1600
[2026-08-17T11:39:50Z INFO  steel_front] size diag: window_inner=2560x1600 hud=2560x1600
[2026-08-17T11:39:50Z INFO  steel_front] size diag: window_inner=2560x1600 hud=2560x1600
[2026-08-17T11:39:50Z INFO  steel_front] size diag: window_inner=2560x1600 hud=2560x1600
[2026-08-17T11:39:50Z INFO  steel_front] size diag: window_inner=2560x1600 hud=2560x1600
[2026-08-17T11:39:50Z INFO  steel_front] size diag: window_inner=2560x1600 hud=2560x1600
[2026-08-17T11:39:50Z INFO  steel_front] size diag: window_inner=2560x1600 hud=2560x1600
[2026-08-17T11:39:50Z INFO  steel_front] size diag: window_inner=2560x1600 hud=2560x1600
[2026-08-17T11:39:50Z INFO  steel_front::engine::renderer] visible=65536/65536 near=65536 far=0 fps=369.9 frame_us=2474 cull_us=0 terrain_us=0 wait_fence_us=2119 acquire_us=1 record_us=37 submit_us=46 present_us=140 terrain_lod=high blend=0.000 quality=中画质 marker=62 npc=42
[2026-08-17T11:39:50Z INFO  steel_front::engine::game] game: wave=1 enemies=6 enemy_hp=100 hp=0/100 score=0 phys_us=2 ai_us=0 audio_us=35 net_us=0
[2026-08-17T11:39:51Z INFO  steel_front] cam: yaw=0.0 pitch=0.0 dist=3.4 mode=FirstPerson cycle_us=2507 update_us=19 render_us=2488
[2026-08-17T11:39:51Z INFO  steel_front::engine::renderer] visible=65536/65536 near=65536 far=0 fps=378.4 frame_us=2117 cull_us=1 terrain_us=0 wait_fence_us=2282 acquire_us=1 record_us=56 submit_us=43 present_us=208 terrain_lod=high blend=0.000 quality=中画质 marker=62 npc=42
[2026-08-17T11:39:51Z INFO  steel_front::engine::game] game: wave=1 enemies=6 enemy_hp=100 hp=0/100 score=0 phys_us=1 ai_us=0 audio_us=25 net_us=0
[2026-08-17T11:39:52Z INFO  steel_front] cam: yaw=0.0 pitch=0.0 dist=3.4 mode=FirstPerson cycle_us=2940 update_us=33 render_us=2906
[2026-08-17T11:39:52Z INFO  steel_front::engine::renderer] visible=65536/65536 near=65536 far=0 fps=376.0 frame_us=2305 cull_us=0 terrain_us=0 wait_fence_us=2175 acquire_us=0 record_us=62 submit_us=50 present_us=238 terrain_lod=high blend=0.000 quality=中画质 marker=62 npc=42
[2026-08-17T11:39:52Z INFO  steel_front::engine::game] game: wave=1 enemies=6 enemy_hp=100 hp=0/100 score=0 phys_us=4 ai_us=0 audio_us=11 net_us=0
[2026-08-17T11:39:53Z INFO  steel_front] cam: yaw=0.0 pitch=0.0 dist=3.4 mode=FirstPerson cycle_us=2465 update_us=34 render_us=2431
[2026-08-17T11:39:53Z INFO  steel_front::engine::renderer] visible=65536/65536 near=65536 far=0 fps=376.4 frame_us=2526 cull_us=1 terrain_us=0 wait_fence_us=1908 acquire_us=1 record_us=43 submit_us=39 present_us=680 terrain_lod=high blend=0.000 quality=中画质 marker=61 npc=42
[2026-08-17T11:39:53Z INFO  steel_front::engine::game] game: wave=1 enemies=6 enemy_hp=100 hp=0/100 score=0 phys_us=2 ai_us=0 audio_us=27 net_us=0
[2026-08-17T11:39:54Z INFO  steel_front] cam: yaw=0.0 pitch=0.0 dist=3.4 mode=FirstPerson cycle_us=2842 update_us=23 render_us=2818
[2026-08-17T11:39:54Z INFO  steel_front::engine::renderer] visible=65536/65536 near=65536 far=0 fps=376.5 frame_us=2371 cull_us=1 terrain_us=0 wait_fence_us=2158 acquire_us=1 record_us=59 submit_us=21 present_us=131 terrain_lod=high blend=0.000 quality=中画质 marker=62 npc=42
[2026-08-17T11:39:54Z INFO  steel_front::engine::game] game: wave=1 enemies=6 enemy_hp=100 hp=0/100 score=0 phys_us=2 ai_us=0 audio_us=16 net_us=0
[2026-08-17T11:39:55Z INFO  steel_front] cam: yaw=0.0 pitch=0.0 dist=3.4 mode=FirstPerson cycle_us=2388 update_us=31 render_us=2356
[2026-08-17T11:39:55Z INFO  steel_front] size diag: window_inner=2560x1600 hud=2560x1600
[2026-08-17T11:39:55Z INFO  steel_front] size diag: window_inner=2560x1600 hud=2560x1600
[2026-08-17T11:39:55Z INFO  steel_front] size diag: window_inner=2560x1600 hud=2560x1600
[2026-08-17T11:39:55Z INFO  steel_front] size diag: window_inner=2560x1600 hud=2560x1600
[2026-08-17T11:39:55Z INFO  steel_front] size diag: window_inner=2560x1600 hud=2560x1600
[2026-08-17T11:39:55Z INFO  steel_front] size diag: window_inner=2560x1600 hud=2560x1600
[2026-08-17T11:39:55Z INFO  steel_front] size diag: window_inner=2560x1600 hud=2560x1600
[2026-08-17T11:39:55Z INFO  steel_front] size diag: window_inner=2560x1600 hud=2560x1600
[2026-08-17T11:39:55Z INFO  steel_front] size diag: window_inner=2560x1600 hud=2560x1600
[2026-08-17T11:39:55Z INFO  steel_front] size diag: window_inner=2560x1600 hud=2560x1600
[2026-08-17T11:39:55Z INFO  steel_front] size diag: window_inner=2560x1600 hud=2560x1600
[2026-08-17T11:39:55Z INFO  steel_front] size diag: window_inner=2560x1600 hud=2560x1600
[2026-08-17T11:39:55Z INFO  steel_front] size diag: window_inner=2560x1600 hud=2560x1600
[2026-08-17T11:39:55Z INFO  steel_front] size diag: window_inner=2560x1600 hud=2560x1600
[2026-08-17T11:39:55Z INFO  steel_front] size diag: window_inner=2560x1600 hud=2560x1600
[2026-08-17T11:39:55Z INFO  steel_front] size diag: window_inner=2560x1600 hud=2560x1600
[2026-08-17T11:39:55Z INFO  steel_front] size diag: window_inner=2560x1600 hud=2560x1600
[2026-08-17T11:39:55Z INFO  steel_front] size diag: window_inner=2560x1600 hud=2560x1600
[2026-08-17T11:39:55Z INFO  steel_front::engine::renderer] visible=65536/65536 near=65536 far=0 fps=377.4 frame_us=2266 cull_us=1 terrain_us=0 wait_fence_us=2248 acquire_us=1 record_us=57 submit_us=48 present_us=211 terrain_lod=high blend=0.000 quality=中画质 marker=61 npc=42
[2026-08-17T11:39:55Z INFO  steel_front::engine::game] game: wave=1 enemies=6 enemy_hp=100 hp=0/100 score=0 phys_us=2 ai_us=0 audio_us=21 net_us=0
[2026-08-17T11:39:56Z INFO  steel_front] cam: yaw=0.0 pitch=0.0 dist=3.4 mode=FirstPerson cycle_us=2844 update_us=47 render_us=2796
[2026-08-17T11:39:56Z INFO  steel_front::engine::renderer] visible=65536/65536 near=65536 far=0 fps=375.4 frame_us=2774 cull_us=0 terrain_us=0 wait_fence_us=1917 acquire_us=1 record_us=54 submit_us=46 present_us=277 terrain_lod=high blend=0.000 quality=中画质 marker=62 npc=42
[2026-08-17T11:39:56Z INFO  steel_front::engine::game] game: wave=1 enemies=6 enemy_hp=100 hp=0/100 score=0 phys_us=2 ai_us=0 audio_us=17 net_us=0
[2026-08-17T11:39:57Z INFO  steel_front] cam: yaw=0.0 pitch=0.0 dist=3.4 mode=FirstPerson cycle_us=2473 update_us=26 render_us=2446
[2026-08-17T11:39:57Z INFO  steel_front::engine::renderer] visible=65536/65536 near=65536 far=0 fps=376.1 frame_us=2249 cull_us=0 terrain_us=0 wait_fence_us=2186 acquire_us=1 record_us=141 submit_us=45 present_us=210 terrain_lod=high blend=0.000 quality=中画质 marker=62 npc=42
[2026-08-17T11:39:57Z INFO  steel_front::engine::game] game: wave=1 enemies=6 enemy_hp=100 hp=0/100 score=0 phys_us=2 ai_us=0 audio_us=27 net_us=0
[2026-08-17T11:39:58Z INFO  steel_front] cam: yaw=0.0 pitch=0.0 dist=3.4 mode=FirstPerson cycle_us=3109 update_us=35 render_us=3074
[2026-08-17T11:39:58Z INFO  steel_front::engine::renderer] visible=65536/65536 near=65536 far=0 fps=374.4 frame_us=2733 cull_us=1 terrain_us=0 wait_fence_us=1849 acquire_us=1 record_us=72 submit_us=97 present_us=249 terrain_lod=high blend=0.000 quality=中画质 marker=60 npc=42
[2026-08-17T11:39:58Z INFO  steel_front::engine::game] game: wave=1 enemies=6 enemy_hp=100 hp=0/100 score=0 phys_us=4 ai_us=0 audio_us=18 net_us=0
[2026-08-17T11:39:59Z INFO  steel_front] cam: yaw=0.0 pitch=0.0 dist=3.4 mode=FirstPerson cycle_us=3315 update_us=32 render_us=3283
[2026-08-17T11:39:59Z INFO  steel_front::engine::renderer] visible=65536/65536 near=65536 far=0 fps=363.0 frame_us=3249 cull_us=0 terrain_us=0 wait_fence_us=1811 acquire_us=1 record_us=173 submit_us=50 present_us=410 terrain_lod=high blend=0.000 quality=中画质 marker=62 npc=42
[2026-08-17T11:39:59Z INFO  steel_front::engine::game] game: wave=1 enemies=6 enemy_hp=100 hp=0/100 score=0 phys_us=1 ai_us=0 audio_us=30 net_us=0
[2026-08-17T11:40:00Z INFO  steel_front] cam: yaw=0.0 pitch=0.0 dist=3.4 mode=FirstPerson cycle_us=2752 update_us=19 render_us=2732
[2026-08-17T11:40:00Z INFO  steel_front] size diag: window_inner=2560x1600 hud=2560x1600
[2026-08-17T11:40:00Z INFO  steel_front] size diag: window_inner=2560x1600 hud=2560x1600
[2026-08-17T11:40:00Z INFO  steel_front] size diag: window_inner=2560x1600 hud=2560x1600
[2026-08-17T11:40:00Z INFO  steel_front] size diag: window_inner=2560x1600 hud=2560x1600
[2026-08-17T11:40:00Z INFO  steel_front] size diag: window_inner=2560x1600 hud=2560x1600
[2026-08-17T11:40:00Z INFO  steel_front] size diag: window_inner=2560x1600 hud=2560x1600
[2026-08-17T11:40:00Z INFO  steel_front] size diag: window_inner=2560x1600 hud=2560x1600
[2026-08-17T11:40:00Z INFO  steel_front] size diag: window_inner=2560x1600 hud=2560x1600
[2026-08-17T11:40:00Z INFO  steel_front] size diag: window_inner=2560x1600 hud=2560x1600
[2026-08-17T11:40:00Z INFO  steel_front] size diag: window_inner=2560x1600 hud=2560x1600
[2026-08-17T11:40:00Z INFO  steel_front] size diag: window_inner=2560x1600 hud=2560x1600
[2026-08-17T11:40:00Z INFO  steel_front] size diag: window_inner=2560x1600 hud=2560x1600
[2026-08-17T11:40:00Z INFO  steel_front] size diag: window_inner=2560x1600 hud=2560x1600
[2026-08-17T11:40:00Z INFO  steel_front] size diag: window_inner=2560x1600 hud=2560x1600
[2026-08-17T11:40:00Z INFO  steel_front] size diag: window_inner=2560x1600 hud=2560x1600
[2026-08-17T11:40:00Z INFO  steel_front] size diag: window_inner=2560x1600 hud=2560x1600
[2026-08-17T11:40:00Z INFO  steel_front] size diag: window_inner=2560x1600 hud=2560x1600
[2026-08-17T11:40:00Z INFO  steel_front::engine::renderer] visible=65536/65536 near=65536 far=0 fps=370.1 frame_us=2298 cull_us=0 terrain_us=0 wait_fence_us=2174 acquire_us=0 record_us=54 submit_us=44 present_us=264 terrain_lod=high blend=0.000 quality=中画质 marker=62 npc=42
[2026-08-17T11:40:00Z INFO  steel_front::engine::game] game: wave=1 enemies=6 enemy_hp=100 hp=0/100 score=0 phys_us=1 ai_us=0 audio_us=15 net_us=0
[2026-08-17T11:40:01Z INFO  steel_front] cam: yaw=0.0 pitch=0.0 dist=3.4 mode=FirstPerson cycle_us=2577 update_us=16 render_us=2560
[2026-08-17T11:40:01Z INFO  steel_front::engine::renderer] visible=65536/65536 near=65536 far=0 fps=374.7 frame_us=2299 cull_us=0 terrain_us=0 wait_fence_us=2164 acquire_us=1 record_us=131 submit_us=43 present_us=209 terrain_lod=high blend=0.000 quality=中画质 marker=62 npc=42
[2026-08-17T11:40:01Z INFO  steel_front::engine::game] game: wave=1 enemies=6 enemy_hp=100 hp=0/100 score=0 phys_us=3 ai_us=0 audio_us=14 net_us=0
[2026-08-17T11:40:02Z INFO  steel_front] cam: yaw=0.0 pitch=0.0 dist=3.4 mode=FirstPerson cycle_us=2438 update_us=32 render_us=2405
[2026-08-17T11:40:02Z INFO  steel_front::engine::renderer] visible=65536/65536 near=65536 far=0 fps=374.9 frame_us=2876 cull_us=0 terrain_us=0 wait_fence_us=1687 acquire_us=1 record_us=55 submit_us=63 present_us=508 terrain_lod=high blend=0.000 quality=中画质 marker=62 npc=42
[2026-08-17T11:40:02Z INFO  steel_front::engine::game] game: wave=1 enemies=6 enemy_hp=100 hp=0/100 score=0 phys_us=2 ai_us=0 audio_us=17 net_us=0
[2026-08-17T11:40:03Z INFO  steel_front] cam: yaw=0.0 pitch=0.0 dist=3.4 mode=FirstPerson cycle_us=3014 update_us=16 render_us=2997
[2026-08-17T11:40:03Z INFO  steel_front::engine::renderer] visible=65536/65536 near=65536 far=0 fps=374.9 frame_us=2464 cull_us=0 terrain_us=0 wait_fence_us=2127 acquire_us=1 record_us=53 submit_us=27 present_us=156 terrain_lod=high blend=0.000 quality=中画质 marker=62 npc=42
[2026-08-17T11:40:03Z INFO  steel_front::engine::game] game: wave=1 enemies=6 enemy_hp=100 hp=0/100 score=0 phys_us=2 ai_us=0 audio_us=27 net_us=0
[2026-08-17T11:40:04Z INFO  steel_front] cam: yaw=0.0 pitch=0.0 dist=3.4 mode=FirstPerson cycle_us=2999 update_us=39 render_us=2960
[2026-08-17T11:40:04Z INFO  steel_front::engine::renderer] visible=65536/65536 near=65536 far=0 fps=374.4 frame_us=2320 cull_us=1 terrain_us=0 wait_fence_us=1841 acquire_us=1 record_us=60 submit_us=83 present_us=226 terrain_lod=high blend=0.000 quality=中画质 marker=62 npc=42
[2026-08-17T11:40:04Z INFO  steel_front::engine::game] game: wave=1 enemies=6 enemy_hp=100 hp=0/100 score=0 phys_us=1 ai_us=0 audio_us=14 net_us=0
[2026-08-17T11:40:05Z INFO  steel_front] cam: yaw=0.0 pitch=0.0 dist=3.4 mode=FirstPerson cycle_us=2539 update_us=38 render_us=2501
[2026-08-17T11:40:05Z INFO  steel_front] size diag: window_inner=2560x1600 hud=2560x1600
[2026-08-17T11:40:05Z INFO  steel_front] size diag: window_inner=2560x1600 hud=2560x1600
[2026-08-17T11:40:05Z INFO  steel_front] size diag: window_inner=2560x1600 hud=2560x1600
[2026-08-17T11:40:05Z INFO  steel_front] size diag: window_inner=2560x1600 hud=2560x1600
[2026-08-17T11:40:05Z INFO  steel_front] size diag: window_inner=2560x1600 hud=2560x1600
[2026-08-17T11:40:05Z INFO  steel_front] size diag: window_inner=2560x1600 hud=2560x1600
[2026-08-17T11:40:05Z INFO  steel_front] size diag: window_inner=2560x1600 hud=2560x1600
[2026-08-17T11:40:05Z INFO  steel_front] size diag: window_inner=2560x1600 hud=2560x1600
[2026-08-17T11:40:05Z INFO  steel_front] size diag: window_inner=2560x1600 hud=2560x1600
[2026-08-17T11:40:05Z INFO  steel_front] size diag: window_inner=2560x1600 hud=2560x1600
[2026-08-17T11:40:05Z INFO  steel_front] size diag: window_inner=2560x1600 hud=2560x1600
[2026-08-17T11:40:05Z INFO  steel_front] size diag: window_inner=2560x1600 hud=2560x1600
[2026-08-17T11:40:05Z INFO  steel_front] size diag: window_inner=2560x1600 hud=2560x1600
[2026-08-17T11:40:05Z INFO  steel_front] size diag: window_inner=2560x1600 hud=2560x1600
[2026-08-17T11:40:05Z INFO  steel_front] size diag: window_inner=2560x1600 hud=2560x1600
[2026-08-17T11:40:05Z INFO  steel_front] size diag: window_inner=2560x1600 hud=2560x1600
[2026-08-17T11:40:05Z INFO  steel_front] size diag: window_inner=2560x1600 hud=2560x1600
[2026-08-17T11:40:05Z INFO  steel_front] size diag: window_inner=2560x1600 hud=2560x1600
[2026-08-17T11:40:05Z INFO  steel_front] size diag: window_inner=2560x1600 hud=2560x1600
[2026-08-17T11:40:05Z INFO  steel_front::engine::renderer] visible=65536/65536 near=65536 far=0 fps=374.5 frame_us=2398 cull_us=0 terrain_us=0 wait_fence_us=2218 acquire_us=1 record_us=98 submit_us=44 present_us=211 terrain_lod=high blend=0.000 quality=中画质 marker=62 npc=42
[2026-08-17T11:40:05Z INFO  steel_front::engine::game] game: wave=1 enemies=6 enemy_hp=100 hp=0/100 score=0 phys_us=1 ai_us=0 audio_us=29 net_us=0
[2026-08-17T11:40:06Z INFO  steel_front] cam: yaw=0.0 pitch=0.0 dist=3.4 mode=FirstPerson cycle_us=2868 update_us=18 render_us=2850
[2026-08-17T11:40:06Z INFO  steel_front::engine::renderer] visible=65536/65536 near=65536 far=0 fps=376.3 frame_us=2544 cull_us=0 terrain_us=0 wait_fence_us=2165 acquire_us=0 record_us=57 submit_us=55 present_us=238 terrain_lod=high blend=0.000 quality=中画质 marker=62 npc=42
[2026-08-17T11:40:06Z INFO  steel_front::engine::game] game: wave=1 enemies=6 enemy_hp=100 hp=0/100 score=0 phys_us=2 ai_us=0 audio_us=25 net_us=0
[2026-08-17T11:40:07Z INFO  steel_front] cam: yaw=0.0 pitch=0.0 dist=3.4 mode=FirstPerson cycle_us=2995 update_us=30 render_us=2963
[2026-08-17T11:40:07Z INFO  steel_front::engine::renderer] visible=65536/65536 near=65536 far=0 fps=375.6 frame_us=2352 cull_us=1 terrain_us=0 wait_fence_us=1981 acquire_us=1 record_us=47 submit_us=41 present_us=200 terrain_lod=high blend=0.000 quality=中画质 marker=62 npc=42
[2026-08-17T11:40:07Z INFO  steel_front::engine::game] game: wave=1 enemies=6 enemy_hp=100 hp=0/100 score=0 phys_us=1 ai_us=0 audio_us=22 net_us=0
[2026-08-17T11:40:08Z INFO  steel_front] cam: yaw=0.0 pitch=0.0 dist=3.4 mode=FirstPerson cycle_us=2766 update_us=34 render_us=2731
[2026-08-17T11:40:08Z INFO  steel_front::engine::renderer] visible=65536/65536 near=65536 far=0 fps=375.5 frame_us=2103 cull_us=1 terrain_us=0 wait_fence_us=2225 acquire_us=1 record_us=56 submit_us=47 present_us=213 terrain_lod=high blend=0.000 quality=中画质 marker=62 npc=42
[2026-08-17T11:40:08Z INFO  steel_front::engine::game] game: wave=1 enemies=6 enemy_hp=100 hp=0/100 score=0 phys_us=2 ai_us=0 audio_us=18 net_us=0
[2026-08-17T11:40:09Z INFO  steel_front] cam: yaw=0.0 pitch=0.0 dist=3.4 mode=FirstPerson cycle_us=2768 update_us=34 render_us=2733
[2026-08-17T11:40:09Z INFO  steel_front::engine::renderer] visible=65536/65536 near=65536 far=0 fps=374.5 frame_us=2596 cull_us=0 terrain_us=0 wait_fence_us=2108 acquire_us=1 record_us=90 submit_us=48 present_us=214 terrain_lod=high blend=0.000 quality=中画质 marker=62 npc=42
[2026-08-17T11:40:09Z INFO  steel_front::engine::game] game: wave=1 enemies=6 enemy_hp=100 hp=0/100 score=0 phys_us=1 ai_us=0 audio_us=18 net_us=0
[2026-08-17T11:40:10Z INFO  steel_front] cam: yaw=0.0 pitch=0.0 dist=3.4 mode=FirstPerson cycle_us=2393 update_us=17 render_us=2375
[2026-08-17T11:40:10Z INFO  steel_front] size diag: window_inner=2560x1600 hud=2560x1600
[2026-08-17T11:40:10Z INFO  steel_front] size diag: window_inner=2560x1600 hud=2560x1600
[2026-08-17T11:40:10Z INFO  steel_front] size diag: window_inner=2560x1600 hud=2560x1600
[2026-08-17T11:40:10Z INFO  steel_front] size diag: window_inner=2560x1600 hud=2560x1600
[2026-08-17T11:40:10Z INFO  steel_front] size diag: window_inner=2560x1600 hud=2560x1600
[2026-08-17T11:40:10Z INFO  steel_front] size diag: window_inner=2560x1600 hud=2560x1600
[2026-08-17T11:40:10Z INFO  steel_front] size diag: window_inner=2560x1600 hud=2560x1600
[2026-08-17T11:40:10Z INFO  steel_front] size diag: window_inner=2560x1600 hud=2560x1600
[2026-08-17T11:40:10Z INFO  steel_front] size diag: window_inner=2560x1600 hud=2560x1600
[2026-08-17T11:40:10Z INFO  steel_front] size diag: window_inner=2560x1600 hud=2560x1600
[2026-08-17T11:40:10Z INFO  steel_front] size diag: window_inner=2560x1600 hud=2560x1600
[2026-08-17T11:40:10Z INFO  steel_front] size diag: window_inner=2560x1600 hud=2560x1600
[2026-08-17T11:40:10Z INFO  steel_front] size diag: window_inner=2560x1600 hud=2560x1600
[2026-08-17T11:40:10Z INFO  steel_front] size diag: window_inner=2560x1600 hud=2560x1600
[2026-08-17T11:40:10Z INFO  steel_front] size diag: window_inner=2560x1600 hud=2560x1600
[2026-08-17T11:40:10Z INFO  steel_front] size diag: window_inner=2560x1600 hud=2560x1600
[2026-08-17T11:40:10Z INFO  steel_front] size diag: window_inner=2560x1600 hud=2560x1600
[2026-08-17T11:40:10Z INFO  steel_front] size diag: window_inner=2560x1600 hud=2560x1600
[2026-08-17T11:40:10Z INFO  steel_front::engine::renderer] visible=65536/65536 near=65536 far=0 fps=373.0 frame_us=2543 cull_us=0 terrain_us=0 wait_fence_us=2399 acquire_us=0 record_us=79 submit_us=33 present_us=137 terrain_lod=high blend=0.000 quality=中画质 marker=62 npc=42
[2026-08-17T11:40:10Z INFO  steel_front::engine::game] game: wave=1 enemies=6 enemy_hp=100 hp=0/100 score=0 phys_us=1 ai_us=0 audio_us=27 net_us=0
[2026-08-17T11:40:11Z INFO  steel_front] cam: yaw=0.0 pitch=0.0 dist=3.4 mode=FirstPerson cycle_us=1633 update_us=26 render_us=1606
[2026-08-17T11:40:11Z INFO  steel_front::engine::renderer] visible=65536/65536 near=65536 far=0 fps=374.8 frame_us=1417 cull_us=1 terrain_us=0 wait_fence_us=2439 acquire_us=1 record_us=32 submit_us=44 present_us=146 terrain_lod=high blend=0.000 quality=中画质 marker=62 npc=42
[2026-08-17T11:40:11Z INFO  steel_front::engine::game] game: wave=1 enemies=6 enemy_hp=100 hp=0/100 score=0 phys_us=1 ai_us=0 audio_us=19 net_us=0
[2026-08-17T11:40:12Z INFO  steel_front] cam: yaw=0.0 pitch=0.0 dist=3.4 mode=FirstPerson cycle_us=2729 update_us=25 render_us=2704
[2026-08-17T11:40:12Z INFO  steel_front::engine::renderer] visible=65536/65536 near=65536 far=0 fps=364.1 frame_us=2758 cull_us=1 terrain_us=0 wait_fence_us=2055 acquire_us=1 record_us=46 submit_us=107 present_us=207 terrain_lod=high blend=0.000 quality=中画质 marker=61 npc=42
[2026-08-17T11:40:12Z INFO  steel_front::engine::game] game: wave=1 enemies=6 enemy_hp=100 hp=0/100 score=0 phys_us=2 ai_us=0 audio_us=27 net_us=0
[2026-08-17T11:40:13Z INFO  steel_front] cam: yaw=0.0 pitch=0.0 dist=3.4 mode=FirstPerson cycle_us=3341 update_us=19 render_us=3321
