[2026-08-17T11:09:10Z INFO  steel_front] ========================================
[2026-08-17T11:09:10Z INFO  steel_front]   钢铁前线 (Steel Front) v0.1.0
[2026-08-17T11:09:10Z INFO  steel_front]   二战FPS游戏引擎 - Rust + Vulkan
[2026-08-17T11:09:10Z INFO  steel_front] ========================================
[2026-08-17T11:09:10Z INFO  steel_front::engine::cpu] cpu: vendor=Amd threads=32 primary=[0, 1, 2, 3, 4, 5, 6, 7, 8, 9, 10, 11, 12, 13, 14, 15] secondary=[16, 17, 18, 19, 20, 21, 22, 23, 24, 25, 26, 27, 28, 29, 30, 31] e_cores=0 avx2=true avx512=true scene_set=[0, 1, 2, 3, 4, 5, 6, 7, 8, 9, 10, 11, 12, 13, 14, 15] ai_set=[16, 17, 18, 19, 20, 21, 22, 23, 24, 25, 26, 27, 28, 29, 30, 31] physical_primary=[0, 1, 2, 3, 4, 5, 6, 7, 8, 9, 10, 11, 12, 13, 14, 15] physical_secondary=[16, 17, 18, 19, 20, 21, 22, 23, 24, 25, 26, 27, 28, 29, 30, 31] smt=[]
[2026-08-17T11:09:10Z INFO  steel_front::engine::cpu] cpu: 非 Linux 平台，跳过线程手工绑定（交给系统调度）
[2026-08-17T11:09:10Z INFO  steel_front::engine::cpu] cpu: ai_pool 创建（8 工作线程，绑定 vCPU [16, 17, 18, 19, 20, 21, 22, 23, 24, 25, 26, 27, 28, 29, 30, 31]）
[2026-08-17T11:09:10Z INFO  steel_front::engine::game] map: level 1 generated: 36 obstacle bodies (wall=20 block=0 barrier=0 tree=3 building=6 ruin=7), 203 grid cells blocked
[2026-08-17T11:09:10Z INFO  steel_front] 窗口创建成功: 2560x1600
[2026-08-17T11:09:10Z INFO  steel_front] winit inner_size: 2560x1600 scale_factor=1.50
[2026-08-17T11:09:10Z WARN  steel_front::engine::renderer] 验证层不可用，将不使用
[2026-08-17T11:09:10Z INFO  steel_front::engine::renderer] 选择物理设备: NVIDIA GeForce RTX 5060 Laptop GPU
[2026-08-17T11:09:10Z INFO  steel_front::engine::gpu_caps] gpu-caps: 设备 NVIDIA GeForce RTX 5060 Laptop GPU 硬件能力探测（WSLg/dzn 视角）
[2026-08-17T11:09:10Z INFO  steel_front::engine::gpu_caps] gpu-caps: 可用 device 扩展 280 个
[2026-08-17T11:09:10Z INFO  steel_front::engine::gpu_caps] gpu-caps: -- 光追扩展 --
[2026-08-17T11:09:10Z INFO  steel_front::engine::gpu_caps] gpu-caps:   VK_KHR_ray_tracing_pipeline = true
[2026-08-17T11:09:10Z INFO  steel_front::engine::gpu_caps] gpu-caps:   VK_KHR_acceleration_structure = true
[2026-08-17T11:09:10Z INFO  steel_front::engine::gpu_caps] gpu-caps:   VK_KHR_ray_query = true
[2026-08-17T11:09:10Z INFO  steel_front::engine::gpu_caps] gpu-caps:   VK_KHR_deferred_host_operations = true
[2026-08-17T11:09:10Z INFO  steel_front::engine::gpu_caps] gpu-caps:   VK_KHR_buffer_device_address = true
[2026-08-17T11:09:10Z INFO  steel_front::engine::gpu_caps] gpu-caps:   VK_KHR_ray_tracing_position_fetch = true
[2026-08-17T11:09:10Z INFO  steel_front::engine::gpu_caps] gpu-caps:   VK_NV_ray_tracing = true
[2026-08-17T11:09:10Z INFO  steel_front::engine::gpu_caps] gpu-caps: -- Tensor Core / 协作矩阵 --
[2026-08-17T11:09:10Z INFO  steel_front::engine::gpu_caps] gpu-caps:   VK_KHR_cooperative_matrix = true
[2026-08-17T11:09:10Z INFO  steel_front::engine::gpu_caps] gpu-caps:   VK_NV_cooperative_matrix = true
[2026-08-17T11:09:10Z INFO  steel_front::engine::gpu_caps] gpu-caps:   VK_NV_compute_shader_derivatives = true
[2026-08-17T11:09:10Z INFO  steel_front::engine::gpu_caps] gpu-caps: -- DLSS / NVIDIA 私有 --
[2026-08-17T11:09:10Z INFO  steel_front::engine::gpu_caps] gpu-caps:   VK_NVX_image_view_handle = true
[2026-08-17T11:09:10Z INFO  steel_front::engine::gpu_caps] gpu-caps:   VK_NVX_binary_import = true
[2026-08-17T11:09:10Z INFO  steel_front::engine::gpu_caps] gpu-caps:   VK_NV_cuda_kernel = true
[2026-08-17T11:09:10Z INFO  steel_front::engine::gpu_caps] gpu-caps:   VK_NV_external_memory = true
[2026-08-17T11:09:10Z INFO  steel_front::engine::gpu_caps] gpu-caps: -- 其它新特性 --
[2026-08-17T11:09:10Z INFO  steel_front::engine::gpu_caps] gpu-caps:   VK_EXT_mesh_shader = true
[2026-08-17T11:09:10Z INFO  steel_front::engine::gpu_caps] gpu-caps:   VK_KHR_shader_object = false
[2026-08-17T11:09:10Z INFO  steel_front::engine::gpu_caps] gpu-caps:   VK_KHR_dynamic_rendering = true
[2026-08-17T11:09:10Z INFO  steel_front::engine::gpu_caps] gpu-caps: RT 特性 ray_tracing_pipeline=true acceleration_structure=true buffer_device_address=true ray_query=true
[2026-08-17T11:09:10Z INFO  steel_front::engine::gpu_caps] gpu-caps: RT 管线属性 shaderGroupHandleSize=32B maxRecursionDepth=31 maxRayDispatchInvocationCount=1073741824
[2026-08-17T11:09:10Z INFO  steel_front::engine::gpu_caps] gpu-caps: 【结论】光追探测 device 创建成功 → RT Core 路径可用（dzn→DXR）
[2026-08-17T11:09:10Z INFO  steel_front::engine::gpu_caps] gpu-caps: CUDA 直通（Tensor Core 可编程访问）=false（libcuda in /usr/lib/wsl/lib）
[2026-08-17T11:09:10Z INFO  steel_front::engine::gpu_caps] gpu-caps: 【结论】Vulkan-DLSS（NVIDIA 私有扩展）=true；可直接接 DLSS SDK
[2026-08-17T11:09:10Z INFO  steel_front::engine::renderer] VK_EXT_mesh_shader 可用：启用可选网格着色器渲染路径
[2026-08-17T11:09:10Z INFO  steel_front::engine::renderer] swapchain diag: current_extent=2560x1600 final=2560x1600
[2026-08-17T11:09:10Z INFO  steel_front::engine::renderer] 交换链初始化完成: 2560x1600, 格式: B8G8R8A8_SRGB, 图像数: 3, present_mode: MAILBOX
[2026-08-17T11:09:10Z INFO  steel_front::engine::renderer] 实例缓冲创建完成: 65536 个实例，stride 80 字节，2 帧双缓冲 HOST_VISIBLE|HOST_COHERENT（每帧压缩上传）
[2026-08-17T11:09:10Z INFO  steel_front::engine::renderer] instances=65536 draw_calls=1
[2026-08-17T11:09:10Z INFO  steel_front::engine::renderer] 深度缓冲创建完成: 3 张 2560x1600 D32_SFLOAT
[2026-08-17T11:09:10Z INFO  steel_front::engine::renderer] Descriptor Set Layout: binding 0 = UBO(view/proj), binding 1 = 贴图, binding 2 = 实例 STORAGE_BUFFER, binding 3 = 采样器
[2026-08-17T11:09:10Z INFO  steel_front::engine::renderer] Descriptor 初始化完成（2 帧）
[2026-08-17T11:09:10Z INFO  steel_front::engine::renderer] 远档 LOD 几何创建完成: 8 顶点 / 12 索引（十字双 quad）
[2026-08-17T11:09:10Z INFO  steel_front::engine::renderer] 地面平铺 quad 几何创建完成: 4 顶点 / 6 索引（无侧壁）
[2026-08-17T11:09:10Z INFO  steel_front::engine::renderer] 球体几何创建完成: 325 顶点 / 1728 索引（爆炸球形扩散）
[2026-08-17T11:09:10Z INFO  steel_front::engine::renderer] 地形 LOD[0] 创建完成: 66049 顶点 / 393216 索引（257×257 网格，间距 2）
[2026-08-17T11:09:10Z INFO  steel_front::engine::renderer] 地形 LOD[1] 创建完成: 16641 顶点 / 98304 索引（129×129 网格，间距 4）
[2026-08-17T11:09:10Z INFO  steel_front::engine::renderer] 地形 LOD[2] 创建完成: 4225 顶点 / 24576 索引（65×65 网格，间距 8）
[2026-08-17T11:09:10Z INFO  steel_front::engine::renderer] 地形 3 级 LOD 全部创建完成（高/中/低）
[2026-08-17T11:09:10Z INFO  steel_front::engine::renderer] 图形管线创建完成
[2026-08-17T11:09:10Z INFO  steel_front::engine::renderer] 网格着色器 maxMeshWorkGroupCount[0] = 4194304（地面场 65536 按此分块）
[2026-08-17T11:09:10Z INFO  steel_front::engine::renderer] 网格着色器管线创建完成（VK_EXT_mesh_shader）
[2026-08-17T11:09:10Z INFO  steel_front::engine::renderer] HUD 覆盖层初始化完成（独立 pipeline，容量 4096 quads）
[2026-08-17T11:09:10Z INFO  steel_front::engine::renderer] 纹理初始化完成: 512x512（10 mip，来源=程序化地面材质）
[2026-08-17T11:09:10Z INFO  steel_front::engine::renderer] 程序化皮肤纹理初始化完成: 512x512（marker=木板墙, npc=迷彩军服, RV3D_SKIN_TEX=off（纯色回退））
[2026-08-17T11:09:10Z INFO  steel_front::engine::renderer] 阴影贴图资源创建完成: 2048x2048 D32_SFLOAT
[2026-08-17T11:09:10Z INFO  steel_front::engine::renderer] 阴影 depth-only 管线创建完成
[2026-08-17T11:09:10Z INFO  steel_front] Vulkan 渲染器初始化成功
[2026-08-17T11:09:10Z INFO  steel_front] settings: 分辨率保持 2560x1600
[2026-08-17T11:09:10Z INFO  steel_front] settings: 应用画质 中画质
[2026-08-17T11:09:10Z INFO  steel_front::engine::renderer] 画质预设已切换: 中画质
[2026-08-17T11:09:10Z INFO  steel_front] 性能日志已创建（logs/perf_*.log）
[2026-08-17T11:09:10Z INFO  steel_front] 窗口大小变化: 1898x1061
[2026-08-17T11:09:10Z INFO  steel_front::engine::renderer] swapchain diag: current_extent=2560x1600 final=2560x1600
[2026-08-17T11:09:10Z INFO  steel_front::engine::renderer] 交换链初始化完成: 2560x1600, 格式: B8G8R8A8_SRGB, 图像数: 3, present_mode: MAILBOX
[2026-08-17T11:09:10Z INFO  steel_front::engine::renderer] 深度缓冲创建完成: 3 张 2560x1600 D32_SFLOAT
[2026-08-17T11:09:10Z INFO  steel_front] 窗口大小变化: 1920x1117
[2026-08-17T11:09:10Z INFO  steel_front::engine::renderer] swapchain diag: current_extent=2560x1600 final=2560x1600
[2026-08-17T11:09:10Z INFO  steel_front::engine::renderer] 交换链初始化完成: 2560x1600, 格式: B8G8R8A8_SRGB, 图像数: 3, present_mode: MAILBOX
[2026-08-17T11:09:10Z INFO  steel_front::engine::renderer] 深度缓冲创建完成: 3 张 2560x1600 D32_SFLOAT
[2026-08-17T11:09:10Z INFO  steel_front] 窗口大小变化: 2560x1600
[2026-08-17T11:09:10Z INFO  steel_front::engine::renderer] swapchain diag: current_extent=2560x1600 final=2560x1600
[2026-08-17T11:09:10Z INFO  steel_front::engine::renderer] 交换链初始化完成: 2560x1600, 格式: B8G8R8A8_SRGB, 图像数: 3, present_mode: MAILBOX
[2026-08-17T11:09:10Z INFO  steel_front::engine::renderer] 深度缓冲创建完成: 3 张 2560x1600 D32_SFLOAT
[2026-08-17T11:09:10Z INFO  steel_front] 窗口大小变化: 2560x1600
[2026-08-17T11:09:10Z INFO  steel_front::engine::renderer] swapchain diag: current_extent=2560x1600 final=2560x1600
[2026-08-17T11:09:10Z INFO  steel_front::engine::renderer] 交换链初始化完成: 2560x1600, 格式: B8G8R8A8_SRGB, 图像数: 3, present_mode: MAILBOX
[2026-08-17T11:09:10Z INFO  steel_front::engine::renderer] 深度缓冲创建完成: 3 张 2560x1600 D32_SFLOAT
[2026-08-17T11:09:11Z INFO  steel_front] cam: yaw=0.0 pitch=0.0 dist=3.4 mode=FirstPerson cycle_us=2539 update_us=29 render_us=2509
[2026-08-17T11:09:11Z INFO  steel_front::engine::renderer] visible=65536/65536 near=65536 far=0 fps=312.7 frame_us=2439 cull_us=0 terrain_us=0 wait_fence_us=2110 acquire_us=1 record_us=36 submit_us=32 present_us=247 terrain_lod=high blend=0.000 quality=中画质 marker=36 npc=56
[2026-08-17T11:09:11Z INFO  steel_front::engine::game] ai: npcs=8 near=8 far=0 idle=0 patrol=0 chase=8 attack=0 tactics=[8, 0, 0, 0, 0, 0, 0, 0]
[2026-08-17T11:09:11Z INFO  steel_front::engine::game] game: wave=1 enemies=8 enemy_hp=100 hp=100/100 score=0 phys_us=1 ai_us=447 audio_us=7 net_us=0
[2026-08-17T11:09:12Z INFO  steel_front] cam: yaw=0.0 pitch=0.0 dist=3.4 mode=FirstPerson cycle_us=2483 update_us=30 render_us=2452
[2026-08-17T11:09:12Z INFO  steel_front::engine::renderer] visible=65536/65536 near=65536 far=0 fps=375.4 frame_us=2103 cull_us=0 terrain_us=0 wait_fence_us=1823 acquire_us=1 record_us=48 submit_us=47 present_us=209 terrain_lod=high blend=0.000 quality=中画质 marker=36 npc=56
[2026-08-17T11:09:12Z INFO  steel_front::engine::game] ai: npcs=8 near=8 far=0 idle=0 patrol=0 chase=8 attack=0 tactics=[8, 0, 0, 0, 0, 0, 0, 0]
[2026-08-17T11:09:12Z INFO  steel_front::engine::game] game: wave=1 enemies=8 enemy_hp=100 hp=100/100 score=0 phys_us=1 ai_us=420 audio_us=21 net_us=0
[2026-08-17T11:09:13Z INFO  steel_front] cam: yaw=0.0 pitch=0.0 dist=3.4 mode=FirstPerson cycle_us=2682 update_us=32 render_us=2649
[2026-08-17T11:09:13Z INFO  steel_front::engine::renderer] visible=65536/65536 near=65536 far=0 fps=376.0 frame_us=2435 cull_us=0 terrain_us=0 wait_fence_us=2063 acquire_us=1 record_us=40 submit_us=32 present_us=297 terrain_lod=high blend=0.000 quality=中画质 marker=36 npc=56
[2026-08-17T11:09:13Z INFO  steel_front::engine::game] ai: npcs=8 near=8 far=0 idle=0 patrol=0 chase=8 attack=0 tactics=[8, 0, 0, 0, 0, 0, 0, 0]
[2026-08-17T11:09:13Z INFO  steel_front::engine::game] game: wave=1 enemies=8 enemy_hp=100 hp=100/100 score=0 phys_us=2 ai_us=448 audio_us=11 net_us=0
[2026-08-17T11:09:14Z INFO  steel_front] cam: yaw=0.0 pitch=0.0 dist=3.4 mode=FirstPerson cycle_us=2412 update_us=30 render_us=2381
[2026-08-17T11:09:14Z INFO  steel_front::engine::renderer] visible=65536/65536 near=65536 far=0 fps=377.5 frame_us=2369 cull_us=0 terrain_us=0 wait_fence_us=1853 acquire_us=1 record_us=41 submit_us=114 present_us=233 terrain_lod=high blend=0.000 quality=中画质 marker=36 npc=56
[2026-08-17T11:09:14Z INFO  steel_front::engine::game] ai: npcs=8 near=8 far=0 idle=0 patrol=0 chase=8 attack=0 tactics=[8, 0, 0, 0, 0, 0, 0, 0]
[2026-08-17T11:09:14Z INFO  steel_front::engine::game] game: wave=1 enemies=8 enemy_hp=100 hp=100/100 score=0 phys_us=1 ai_us=469 audio_us=18 net_us=0
[2026-08-17T11:09:15Z INFO  steel_front] cam: yaw=0.0 pitch=0.0 dist=3.4 mode=FirstPerson cycle_us=2805 update_us=30 render_us=2775
[2026-08-17T11:09:15Z INFO  steel_front::engine::game] npc: #3 stand (3.4, 0.0, 11.5)
[2026-08-17T11:09:15Z INFO  steel_front::engine::renderer] visible=65536/65536 near=65536 far=0 fps=376.7 frame_us=2752 cull_us=0 terrain_us=0 wait_fence_us=1723 acquire_us=0 record_us=37 submit_us=37 present_us=211 terrain_lod=high blend=0.000 quality=中画质 marker=54 npc=56
[2026-08-17T11:09:15Z INFO  steel_front] size diag: window_inner=2560x1600 hud=2560x1600
[2026-08-17T11:09:15Z INFO  steel_front] size diag: window_inner=2560x1600 hud=2560x1600
[2026-08-17T11:09:15Z INFO  steel_front] size diag: window_inner=2560x1600 hud=2560x1600
[2026-08-17T11:09:15Z INFO  steel_front::engine::game] ai: npcs=8 near=8 far=0 idle=0 patrol=0 chase=7 attack=1 tactics=[8, 0, 0, 0, 0, 0, 0, 0]
[2026-08-17T11:09:15Z INFO  steel_front::engine::game] game: wave=1 enemies=8 enemy_hp=100 hp=100/100 score=0 phys_us=2 ai_us=199 audio_us=23 net_us=0
[2026-08-17T11:09:15Z INFO  steel_front] size diag: window_inner=2560x1600 hud=2560x1600
[2026-08-17T11:09:15Z INFO  steel_front] size diag: window_inner=2560x1600 hud=2560x1600
[2026-08-17T11:09:15Z INFO  steel_front] size diag: window_inner=2560x1600 hud=2560x1600
[2026-08-17T11:09:15Z INFO  steel_front] size diag: window_inner=2560x1600 hud=2560x1600
[2026-08-17T11:09:15Z INFO  steel_front] size diag: window_inner=2560x1600 hud=2560x1600
[2026-08-17T11:09:15Z INFO  steel_front] size diag: window_inner=2560x1600 hud=2560x1600
[2026-08-17T11:09:15Z INFO  steel_front] size diag: window_inner=2560x1600 hud=2560x1600
[2026-08-17T11:09:15Z INFO  steel_front] size diag: window_inner=2560x1600 hud=2560x1600
[2026-08-17T11:09:15Z INFO  steel_front] size diag: window_inner=2560x1600 hud=2560x1600
[2026-08-17T11:09:15Z INFO  steel_front] size diag: window_inner=2560x1600 hud=2560x1600
[2026-08-17T11:09:15Z INFO  steel_front] size diag: window_inner=2560x1600 hud=2560x1600
[2026-08-17T11:09:15Z INFO  steel_front] size diag: window_inner=2560x1600 hud=2560x1600
[2026-08-17T11:09:15Z INFO  steel_front] size diag: window_inner=2560x1600 hud=2560x1600
[2026-08-17T11:09:15Z INFO  steel_front] size diag: window_inner=2560x1600 hud=2560x1600
[2026-08-17T11:09:15Z INFO  steel_front] size diag: window_inner=2560x1600 hud=2560x1600
[2026-08-17T11:09:15Z INFO  steel_front] size diag: window_inner=2560x1600 hud=2560x1600
[2026-08-17T11:09:15Z INFO  steel_front::engine::game] npc: #4 stand (4.0, 0.0, -11.3)
[2026-08-17T11:09:16Z INFO  steel_front] cam: yaw=0.0 pitch=0.0 dist=3.4 mode=FirstPerson cycle_us=2421 update_us=23 render_us=2397
[2026-08-17T11:09:16Z INFO  steel_front::engine::renderer] visible=65536/65536 near=65536 far=0 fps=377.5 frame_us=2395 cull_us=0 terrain_us=0 wait_fence_us=2269 acquire_us=1 record_us=37 submit_us=28 present_us=232 terrain_lod=high blend=0.000 quality=中画质 marker=36 npc=56
[2026-08-17T11:09:16Z INFO  steel_front::engine::game] ai: npcs=8 near=8 far=0 idle=0 patrol=0 chase=6 attack=2 tactics=[8, 0, 0, 0, 0, 0, 0, 0]
[2026-08-17T11:09:16Z INFO  steel_front::engine::game] game: wave=1 enemies=8 enemy_hp=100 hp=100/100 score=0 phys_us=1 ai_us=321 audio_us=25 net_us=0
[2026-08-17T11:09:17Z INFO  steel_front::engine::game] npc: #1 stand (-11.4, 0.0, 3.6)
[2026-08-17T11:09:17Z INFO  steel_front] cam: yaw=0.0 pitch=0.0 dist=3.4 mode=FirstPerson cycle_us=2820 update_us=19 render_us=2800
[2026-08-17T11:09:17Z INFO  steel_front::engine::renderer] visible=65536/65536 near=65536 far=0 fps=361.1 frame_us=2507 cull_us=0 terrain_us=0 wait_fence_us=1781 acquire_us=1 record_us=36 submit_us=30 present_us=229 terrain_lod=high blend=0.000 quality=中画质 marker=61 npc=56
[2026-08-17T11:09:17Z INFO  steel_front::engine::game] ai: npcs=8 near=8 far=0 idle=0 patrol=0 chase=5 attack=3 tactics=[8, 0, 0, 0, 0, 0, 0, 0]
[2026-08-17T11:09:17Z INFO  steel_front::engine::game] game: wave=1 enemies=8 enemy_hp=100 hp=100/100 score=0 phys_us=2 ai_us=433 audio_us=23 net_us=0
[2026-08-17T11:09:18Z INFO  steel_front] cam: yaw=0.0 pitch=0.0 dist=3.4 mode=FirstPerson cycle_us=2501 update_us=32 render_us=2468
[2026-08-17T11:09:18Z INFO  steel_front::engine::renderer] visible=65536/65536 near=65536 far=0 fps=371.0 frame_us=2652 cull_us=0 terrain_us=0 wait_fence_us=1827 acquire_us=0 record_us=36 submit_us=30 present_us=249 terrain_lod=high blend=0.000 quality=中画质 marker=56 npc=56
[2026-08-17T11:09:18Z INFO  steel_front::engine::game] ai: npcs=8 near=8 far=0 idle=0 patrol=0 chase=5 attack=3 tactics=[8, 0, 0, 0, 0, 0, 0, 0]
[2026-08-17T11:09:18Z INFO  steel_front::engine::game] game: wave=1 enemies=8 enemy_hp=100 hp=100/100 score=0 phys_us=1 ai_us=450 audio_us=18 net_us=0
[2026-08-17T11:09:19Z INFO  steel_front] cam: yaw=0.0 pitch=0.0 dist=3.4 mode=FirstPerson cycle_us=3186 update_us=15 render_us=3171
[2026-08-17T11:09:19Z INFO  steel_front::engine::renderer] visible=65536/65536 near=65536 far=0 fps=370.9 frame_us=2475 cull_us=0 terrain_us=0 wait_fence_us=1808 acquire_us=1 record_us=39 submit_us=31 present_us=250 terrain_lod=high blend=0.000 quality=中画质 marker=61 npc=56
[2026-08-17T11:09:19Z INFO  steel_front::engine::game] ai: npcs=8 near=8 far=0 idle=0 patrol=0 chase=5 attack=3 tactics=[8, 0, 0, 0, 0, 0, 0, 0]
[2026-08-17T11:09:19Z INFO  steel_front::engine::game] game: wave=1 enemies=8 enemy_hp=100 hp=100/100 score=0 phys_us=2 ai_us=465 audio_us=20 net_us=0
[2026-08-17T11:09:20Z INFO  steel_front] cam: yaw=0.0 pitch=0.0 dist=3.4 mode=FirstPerson cycle_us=2537 update_us=31 render_us=2505
[2026-08-17T11:09:20Z INFO  steel_front::engine::renderer] visible=65536/65536 near=65536 far=0 fps=371.2 frame_us=2100 cull_us=0 terrain_us=0 wait_fence_us=2238 acquire_us=1 record_us=37 submit_us=30 present_us=276 terrain_lod=high blend=0.000 quality=中画质 marker=57 npc=56
[2026-08-17T11:09:20Z INFO  steel_front] size diag: window_inner=2560x1600 hud=2560x1600
[2026-08-17T11:09:20Z INFO  steel_front] size diag: window_inner=2560x1600 hud=2560x1600
[2026-08-17T11:09:20Z INFO  steel_front] size diag: window_inner=2560x1600 hud=2560x1600
[2026-08-17T11:09:20Z INFO  steel_front] size diag: window_inner=2560x1600 hud=2560x1600
[2026-08-17T11:09:20Z INFO  steel_front] size diag: window_inner=2560x1600 hud=2560x1600
[2026-08-17T11:09:20Z INFO  steel_front] size diag: window_inner=2560x1600 hud=2560x1600
[2026-08-17T11:09:20Z INFO  steel_front] size diag: window_inner=2560x1600 hud=2560x1600
[2026-08-17T11:09:20Z INFO  steel_front::engine::game] ai: npcs=8 near=8 far=0 idle=0 patrol=0 chase=5 attack=3 tactics=[8, 0, 0, 0, 0, 0, 0, 0]
[2026-08-17T11:09:20Z INFO  steel_front::engine::game] game: wave=1 enemies=8 enemy_hp=100 hp=100/100 score=0 phys_us=1 ai_us=136 audio_us=22 net_us=0
[2026-08-17T11:09:20Z INFO  steel_front] size diag: window_inner=2560x1600 hud=2560x1600
[2026-08-17T11:09:20Z INFO  steel_front] size diag: window_inner=2560x1600 hud=2560x1600
[2026-08-17T11:09:20Z INFO  steel_front] size diag: window_inner=2560x1600 hud=2560x1600
[2026-08-17T11:09:20Z INFO  steel_front] size diag: window_inner=2560x1600 hud=2560x1600
[2026-08-17T11:09:20Z INFO  steel_front] size diag: window_inner=2560x1600 hud=2560x1600
[2026-08-17T11:09:20Z INFO  steel_front] size diag: window_inner=2560x1600 hud=2560x1600
[2026-08-17T11:09:20Z INFO  steel_front] size diag: window_inner=2560x1600 hud=2560x1600
[2026-08-17T11:09:20Z INFO  steel_front] size diag: window_inner=2560x1600 hud=2560x1600
[2026-08-17T11:09:20Z INFO  steel_front] size diag: window_inner=2560x1600 hud=2560x1600
[2026-08-17T11:09:20Z INFO  steel_front] size diag: window_inner=2560x1600 hud=2560x1600
[2026-08-17T11:09:20Z INFO  steel_front] size diag: window_inner=2560x1600 hud=2560x1600
[2026-08-17T11:09:20Z INFO  steel_front] size diag: window_inner=2560x1600 hud=2560x1600
[2026-08-17T11:09:21Z INFO  steel_front] cam: yaw=0.0 pitch=0.0 dist=3.4 mode=FirstPerson cycle_us=2716 update_us=17 render_us=2698
[2026-08-17T11:09:21Z INFO  steel_front::engine::game] npc: #5 stand (11.8, 0.0, 2.0)
[2026-08-17T11:09:21Z INFO  steel_front::engine::renderer] visible=65536/65536 near=65536 far=0 fps=371.6 frame_us=2152 cull_us=0 terrain_us=0 wait_fence_us=2122 acquire_us=1 record_us=20 submit_us=16 present_us=125 terrain_lod=high blend=0.000 quality=中画质 marker=61 npc=56
[2026-08-17T11:09:21Z INFO  steel_front::engine::game] ai: npcs=8 near=8 far=0 idle=0 patrol=0 chase=4 attack=4 tactics=[8, 0, 0, 0, 0, 0, 0, 0]
[2026-08-17T11:09:21Z INFO  steel_front::engine::game] game: wave=1 enemies=8 enemy_hp=100 hp=100/100 score=0 phys_us=2 ai_us=161 audio_us=23 net_us=0
[2026-08-17T11:09:22Z INFO  steel_front] cam: yaw=0.0 pitch=0.0 dist=3.4 mode=FirstPerson cycle_us=2318 update_us=37 render_us=2280
[2026-08-17T11:09:22Z INFO  steel_front::engine::game] npc: #7 stand (11.5, 0.0, 3.4)
[2026-08-17T11:09:22Z INFO  steel_front::engine::renderer] visible=65536/65536 near=65536 far=0 fps=370.5 frame_us=2249 cull_us=1 terrain_us=0 wait_fence_us=2393 acquire_us=1 record_us=30 submit_us=25 present_us=132 terrain_lod=high blend=0.000 quality=中画质 marker=80 npc=56
[2026-08-17T11:09:22Z INFO  steel_front::engine::game] ai: npcs=8 near=8 far=0 idle=0 patrol=0 chase=3 attack=5 tactics=[8, 0, 0, 0, 0, 0, 0, 0]
[2026-08-17T11:09:22Z INFO  steel_front::engine::game] game: wave=1 enemies=8 enemy_hp=100 hp=100/100 score=0 phys_us=2 ai_us=446 audio_us=16 net_us=0
[2026-08-17T11:09:23Z INFO  steel_front] cam: yaw=0.0 pitch=0.0 dist=3.4 mode=FirstPerson cycle_us=2833 update_us=21 render_us=2812
[2026-08-17T11:09:23Z INFO  steel_front::engine::renderer] visible=65536/65536 near=65536 far=0 fps=370.4 frame_us=2037 cull_us=1 terrain_us=0 wait_fence_us=2112 acquire_us=1 record_us=49 submit_us=41 present_us=240 terrain_lod=high blend=0.000 quality=中画质 marker=84 npc=56
[2026-08-17T11:09:23Z INFO  steel_front::engine::game] ai: npcs=8 near=8 far=0 idle=0 patrol=0 chase=3 attack=5 tactics=[8, 0, 0, 0, 0, 0, 0, 0]
[2026-08-17T11:09:23Z INFO  steel_front::engine::game] game: wave=1 enemies=8 enemy_hp=100 hp=100/100 score=0 phys_us=2 ai_us=617 audio_us=28 net_us=0
[2026-08-17T11:09:24Z INFO  steel_front::engine::game] npc: #2 stand (1.9, 0.0, -11.8)
[2026-08-17T11:09:24Z INFO  steel_front::engine::game] npc: #0 stand (2.9, 0.0, -11.6)
[2026-08-17T11:09:24Z INFO  steel_front] cam: yaw=0.0 pitch=0.0 dist=3.4 mode=FirstPerson cycle_us=2852 update_us=19 render_us=2833
[2026-08-17T11:09:24Z INFO  steel_front::engine::renderer] visible=65536/65536 near=65536 far=0 fps=367.4 frame_us=2170 cull_us=0 terrain_us=0 wait_fence_us=1830 acquire_us=1 record_us=51 submit_us=49 present_us=286 terrain_lod=high blend=0.000 quality=中画质 marker=84 npc=56
[2026-08-17T11:09:24Z INFO  steel_front::engine::game] ai: npcs=8 near=8 far=0 idle=0 patrol=0 chase=1 attack=7 tactics=[8, 0, 0, 0, 0, 0, 0, 0]
[2026-08-17T11:09:24Z INFO  steel_front::engine::game] game: wave=1 enemies=8 enemy_hp=100 hp=100/100 score=0 phys_us=5 ai_us=554 audio_us=26 net_us=0
[2026-08-17T11:09:25Z INFO  steel_front] cam: yaw=0.0 pitch=0.0 dist=3.4 mode=FirstPerson cycle_us=2378 update_us=42 render_us=2335
[2026-08-17T11:09:25Z INFO  steel_front::engine::renderer] visible=65536/65536 near=65536 far=0 fps=371.1 frame_us=2122 cull_us=1 terrain_us=0 wait_fence_us=2101 acquire_us=1 record_us=48 submit_us=40 present_us=260 terrain_lod=high blend=0.000 quality=中画质 marker=84 npc=56
[2026-08-17T11:09:25Z INFO  steel_front] size diag: window_inner=2560x1600 hud=2560x1600
[2026-08-17T11:09:25Z INFO  steel_front] size diag: window_inner=2560x1600 hud=2560x1600
[2026-08-17T11:09:25Z INFO  steel_front] size diag: window_inner=2560x1600 hud=2560x1600
[2026-08-17T11:09:25Z INFO  steel_front] size diag: window_inner=2560x1600 hud=2560x1600
[2026-08-17T11:09:25Z INFO  steel_front] size diag: window_inner=2560x1600 hud=2560x1600
[2026-08-17T11:09:25Z INFO  steel_front] size diag: window_inner=2560x1600 hud=2560x1600
[2026-08-17T11:09:25Z INFO  steel_front] size diag: window_inner=2560x1600 hud=2560x1600
[2026-08-17T11:09:25Z INFO  steel_front] size diag: window_inner=2560x1600 hud=2560x1600
[2026-08-17T11:09:25Z INFO  steel_front] size diag: window_inner=2560x1600 hud=2560x1600
[2026-08-17T11:09:25Z INFO  steel_front] size diag: window_inner=2560x1600 hud=2560x1600
[2026-08-17T11:09:25Z INFO  steel_front::engine::game] ai: npcs=8 near=8 far=0 idle=0 patrol=0 chase=1 attack=7 tactics=[8, 0, 0, 0, 0, 0, 0, 0]
[2026-08-17T11:09:25Z INFO  steel_front::engine::game] game: wave=1 enemies=8 enemy_hp=100 hp=100/100 score=0 phys_us=1 ai_us=115 audio_us=25 net_us=0
[2026-08-17T11:09:25Z INFO  steel_front] size diag: window_inner=2560x1600 hud=2560x1600
[2026-08-17T11:09:25Z INFO  steel_front] size diag: window_inner=2560x1600 hud=2560x1600
[2026-08-17T11:09:25Z INFO  steel_front] size diag: window_inner=2560x1600 hud=2560x1600
[2026-08-17T11:09:25Z INFO  steel_front] size diag: window_inner=2560x1600 hud=2560x1600
[2026-08-17T11:09:25Z INFO  steel_front] size diag: window_inner=2560x1600 hud=2560x1600
[2026-08-17T11:09:25Z INFO  steel_front] size diag: window_inner=2560x1600 hud=2560x1600
[2026-08-17T11:09:25Z INFO  steel_front] size diag: window_inner=2560x1600 hud=2560x1600
[2026-08-17T11:09:25Z INFO  steel_front] size diag: window_inner=2560x1600 hud=2560x1600
[2026-08-17T11:09:25Z INFO  steel_front] size diag: window_inner=2560x1600 hud=2560x1600
[2026-08-17T11:09:26Z INFO  steel_front] cam: yaw=0.0 pitch=0.0 dist=3.4 mode=FirstPerson cycle_us=2941 update_us=18 render_us=2923
[2026-08-17T11:09:26Z INFO  steel_front::engine::renderer] visible=65536/65536 near=65536 far=0 fps=370.6 frame_us=2695 cull_us=0 terrain_us=0 wait_fence_us=1910 acquire_us=1 record_us=49 submit_us=46 present_us=255 terrain_lod=high blend=0.000 quality=中画质 marker=84 npc=56
[2026-08-17T11:09:26Z INFO  steel_front::engine::game] ai: npcs=8 near=8 far=0 idle=0 patrol=0 chase=1 attack=7 tactics=[8, 0, 0, 0, 0, 0, 0, 0]
[2026-08-17T11:09:26Z INFO  steel_front::engine::game] game: wave=1 enemies=8 enemy_hp=100 hp=100/100 score=0 phys_us=4 ai_us=630 audio_us=25 net_us=0
[2026-08-17T11:09:27Z INFO  steel_front] cam: yaw=0.0 pitch=0.0 dist=3.4 mode=FirstPerson cycle_us=3021 update_us=22 render_us=2999
[2026-08-17T11:09:27Z INFO  steel_front::engine::renderer] visible=65536/65536 near=65536 far=0 fps=370.5 frame_us=2610 cull_us=0 terrain_us=0 wait_fence_us=1873 acquire_us=1 record_us=49 submit_us=61 present_us=234 terrain_lod=high blend=0.000 quality=中画质 marker=84 npc=56
[2026-08-17T11:09:27Z INFO  steel_front::engine::game] ai: npcs=8 near=8 far=0 idle=0 patrol=0 chase=1 attack=7 tactics=[8, 0, 0, 0, 0, 0, 0, 0]
[2026-08-17T11:09:27Z INFO  steel_front::engine::game] game: wave=1 enemies=8 enemy_hp=100 hp=100/100 score=0 phys_us=1 ai_us=491 audio_us=28 net_us=0
[2026-08-17T11:09:28Z INFO  steel_front::engine::game] npc: #6 stand (2.1, 0.0, -11.8)
[2026-08-17T11:09:28Z INFO  steel_front] cam: yaw=0.0 pitch=0.0 dist=3.4 mode=FirstPerson cycle_us=2414 update_us=28 render_us=2386
[2026-08-17T11:09:28Z INFO  steel_front::engine::renderer] visible=65536/65536 near=65536 far=0 fps=370.0 frame_us=2084 cull_us=0 terrain_us=0 wait_fence_us=2132 acquire_us=1 record_us=48 submit_us=42 present_us=236 terrain_lod=high blend=0.000 quality=中画质 marker=84 npc=56
[2026-08-17T11:09:28Z INFO  steel_front::engine::game] ai: npcs=8 near=8 far=0 idle=0 patrol=0 chase=0 attack=8 tactics=[8, 0, 0, 0, 0, 0, 0, 0]
[2026-08-17T11:09:28Z INFO  steel_front::engine::game] game: wave=1 enemies=8 enemy_hp=100 hp=100/100 score=0 phys_us=1 ai_us=418 audio_us=26 net_us=0
[2026-08-17T11:09:29Z INFO  steel_front] cam: yaw=0.0 pitch=0.0 dist=3.4 mode=FirstPerson cycle_us=2747 update_us=34 render_us=2713
[2026-08-17T11:09:29Z INFO  steel_front::engine::renderer] visible=65536/65536 near=65536 far=0 fps=363.4 frame_us=2466 cull_us=0 terrain_us=0 wait_fence_us=1920 acquire_us=1 record_us=49 submit_us=45 present_us=243 terrain_lod=high blend=0.000 quality=中画质 marker=84 npc=56
[2026-08-17T11:09:29Z INFO  steel_front::engine::game] ai: npcs=8 near=8 far=0 idle=0 patrol=0 chase=0 attack=8 tactics=[8, 0, 0, 0, 0, 0, 0, 0]
[2026-08-17T11:09:29Z INFO  steel_front::engine::game] game: wave=1 enemies=8 enemy_hp=100 hp=100/100 score=0 phys_us=2 ai_us=270 audio_us=16 net_us=0
[2026-08-17T11:09:30Z INFO  steel_front] cam: yaw=0.0 pitch=0.0 dist=3.4 mode=FirstPerson cycle_us=2998 update_us=22 render_us=2976
[2026-08-17T11:09:30Z INFO  steel_front::engine::renderer] visible=65536/65536 near=65536 far=0 fps=360.0 frame_us=2622 cull_us=0 terrain_us=0 wait_fence_us=2278 acquire_us=1 record_us=49 submit_us=46 present_us=225 terrain_lod=high blend=0.000 quality=中画质 marker=84 npc=56
[2026-08-17T11:09:30Z INFO  steel_front] size diag: window_inner=2560x1600 hud=2560x1600
[2026-08-17T11:09:30Z INFO  steel_front] size diag: window_inner=2560x1600 hud=2560x1600
[2026-08-17T11:09:30Z INFO  steel_front] size diag: window_inner=2560x1600 hud=2560x1600
[2026-08-17T11:09:30Z INFO  steel_front] size diag: window_inner=2560x1600 hud=2560x1600
[2026-08-17T11:09:30Z INFO  steel_front] size diag: window_inner=2560x1600 hud=2560x1600
[2026-08-17T11:09:30Z INFO  steel_front] size diag: window_inner=2560x1600 hud=2560x1600
[2026-08-17T11:09:30Z INFO  steel_front] size diag: window_inner=2560x1600 hud=2560x1600
[2026-08-17T11:09:30Z INFO  steel_front] size diag: window_inner=2560x1600 hud=2560x1600
[2026-08-17T11:09:30Z INFO  steel_front] size diag: window_inner=2560x1600 hud=2560x1600
[2026-08-17T11:09:30Z INFO  steel_front] size diag: window_inner=2560x1600 hud=2560x1600
[2026-08-17T11:09:30Z INFO  steel_front] size diag: window_inner=2560x1600 hud=2560x1600
[2026-08-17T11:09:30Z INFO  steel_front] size diag: window_inner=2560x1600 hud=2560x1600
[2026-08-17T11:09:30Z INFO  steel_front::engine::game] ai: npcs=8 near=8 far=0 idle=0 patrol=0 chase=0 attack=8 tactics=[8, 0, 0, 0, 0, 0, 0, 0]
[2026-08-17T11:09:30Z INFO  steel_front::engine::game] game: wave=1 enemies=8 enemy_hp=100 hp=100/100 score=0 phys_us=2 ai_us=178 audio_us=26 net_us=0
[2026-08-17T11:09:30Z INFO  steel_front] size diag: window_inner=2560x1600 hud=2560x1600
[2026-08-17T11:09:30Z INFO  steel_front] size diag: window_inner=2560x1600 hud=2560x1600
[2026-08-17T11:09:30Z INFO  steel_front] size diag: window_inner=2560x1600 hud=2560x1600
[2026-08-17T11:09:30Z INFO  steel_front] size diag: window_inner=2560x1600 hud=2560x1600
[2026-08-17T11:09:30Z INFO  steel_front] size diag: window_inner=2560x1600 hud=2560x1600
[2026-08-17T11:09:30Z INFO  steel_front] size diag: window_inner=2560x1600 hud=2560x1600
[2026-08-17T11:09:30Z INFO  steel_front] size diag: window_inner=2560x1600 hud=2560x1600
[2026-08-17T11:09:31Z INFO  steel_front] cam: yaw=0.0 pitch=0.0 dist=3.4 mode=FirstPerson cycle_us=2686 update_us=39 render_us=2646
[2026-08-17T11:09:31Z INFO  steel_front::engine::renderer] visible=65536/65536 near=65536 far=0 fps=370.4 frame_us=2734 cull_us=0 terrain_us=0 wait_fence_us=1896 acquire_us=0 record_us=55 submit_us=49 present_us=222 terrain_lod=high blend=0.000 quality=中画质 marker=84 npc=56
[2026-08-17T11:09:31Z INFO  steel_front::engine::game] ai: npcs=8 near=8 far=0 idle=0 patrol=0 chase=0 attack=8 tactics=[8, 0, 0, 0, 0, 0, 0, 0]
[2026-08-17T11:09:31Z INFO  steel_front::engine::game] game: wave=1 enemies=8 enemy_hp=100 hp=100/100 score=0 phys_us=1 ai_us=420 audio_us=30 net_us=0
[2026-08-17T11:09:32Z INFO  steel_front] cam: yaw=0.0 pitch=0.0 dist=3.4 mode=FirstPerson cycle_us=2341 update_us=20 render_us=2320
[2026-08-17T11:09:32Z INFO  steel_front::engine::renderer] visible=65536/65536 near=65536 far=0 fps=369.5 frame_us=2599 cull_us=0 terrain_us=0 wait_fence_us=1777 acquire_us=0 record_us=54 submit_us=48 present_us=227 terrain_lod=high blend=0.000 quality=中画质 marker=84 npc=56
[2026-08-17T11:09:32Z INFO  steel_front::engine::game] ai: npcs=8 near=8 far=0 idle=0 patrol=0 chase=0 attack=8 tactics=[8, 0, 0, 0, 0, 0, 0, 0]
[2026-08-17T11:09:32Z INFO  steel_front::engine::game] game: wave=1 enemies=8 enemy_hp=100 hp=100/100 score=0 phys_us=1 ai_us=399 audio_us=12 net_us=0
[2026-08-17T11:09:33Z INFO  steel_front] cam: yaw=0.0 pitch=0.0 dist=3.4 mode=FirstPerson cycle_us=2957 update_us=19 render_us=2938
[2026-08-17T11:09:33Z INFO  steel_front::engine::renderer] visible=65536/65536 near=65536 far=0 fps=367.6 frame_us=2412 cull_us=0 terrain_us=0 wait_fence_us=2009 acquire_us=0 record_us=61 submit_us=53 present_us=237 terrain_lod=high blend=0.000 quality=中画质 marker=84 npc=56
[2026-08-17T11:09:33Z INFO  steel_front::engine::game] ai: npcs=8 near=8 far=0 idle=0 patrol=0 chase=0 attack=8 tactics=[8, 0, 0, 0, 0, 0, 0, 0]
[2026-08-17T11:09:33Z INFO  steel_front::engine::game] game: wave=1 enemies=8 enemy_hp=100 hp=100/100 score=0 phys_us=2 ai_us=471 audio_us=25 net_us=0
[2026-08-17T11:09:34Z INFO  steel_front] cam: yaw=0.0 pitch=0.0 dist=3.4 mode=FirstPerson cycle_us=3164 update_us=24 render_us=3140
[2026-08-17T11:09:34Z INFO  steel_front::engine::renderer] visible=65536/65536 near=65536 far=0 fps=369.6 frame_us=1990 cull_us=0 terrain_us=0 wait_fence_us=2053 acquire_us=1 record_us=34 submit_us=30 present_us=132 terrain_lod=high blend=0.000 quality=中画质 marker=84 npc=56
[2026-08-17T11:09:34Z INFO  steel_front::engine::game] ai: npcs=8 near=8 far=0 idle=0 patrol=0 chase=0 attack=8 tactics=[8, 0, 0, 0, 0, 0, 0, 0]
[2026-08-17T11:09:34Z INFO  steel_front::engine::game] game: wave=1 enemies=8 enemy_hp=100 hp=100/100 score=0 phys_us=1 ai_us=401 audio_us=27 net_us=0
[2026-08-17T11:09:35Z INFO  steel_front] cam: yaw=0.0 pitch=0.0 dist=3.4 mode=FirstPerson cycle_us=2846 update_us=23 render_us=2823
[2026-08-17T11:09:35Z INFO  steel_front::engine::renderer] visible=65536/65536 near=65536 far=0 fps=369.6 frame_us=2004 cull_us=0 terrain_us=0 wait_fence_us=1928 acquire_us=0 record_us=34 submit_us=83 present_us=220 terrain_lod=high blend=0.000 quality=中画质 marker=84 npc=56
[2026-08-17T11:09:35Z INFO  steel_front] size diag: window_inner=2560x1600 hud=2560x1600
[2026-08-17T11:09:35Z INFO  steel_front] size diag: window_inner=2560x1600 hud=2560x1600
[2026-08-17T11:09:35Z INFO  steel_front] size diag: window_inner=2560x1600 hud=2560x1600
[2026-08-17T11:09:35Z INFO  steel_front] size diag: window_inner=2560x1600 hud=2560x1600
[2026-08-17T11:09:35Z INFO  steel_front] size diag: window_inner=2560x1600 hud=2560x1600
[2026-08-17T11:09:35Z INFO  steel_front] size diag: window_inner=2560x1600 hud=2560x1600
[2026-08-17T11:09:35Z INFO  steel_front] size diag: window_inner=2560x1600 hud=2560x1600
[2026-08-17T11:09:35Z INFO  steel_front] size diag: window_inner=2560x1600 hud=2560x1600
[2026-08-17T11:09:35Z INFO  steel_front] size diag: window_inner=2560x1600 hud=2560x1600
[2026-08-17T11:09:35Z INFO  steel_front] size diag: window_inner=2560x1600 hud=2560x1600
[2026-08-17T11:09:35Z INFO  steel_front] size diag: window_inner=2560x1600 hud=2560x1600
[2026-08-17T11:09:35Z INFO  steel_front] size diag: window_inner=2560x1600 hud=2560x1600
[2026-08-17T11:09:35Z INFO  steel_front] size diag: window_inner=2560x1600 hud=2560x1600
[2026-08-17T11:09:35Z INFO  steel_front] size diag: window_inner=2560x1600 hud=2560x1600
[2026-08-17T11:09:35Z INFO  steel_front] size diag: window_inner=2560x1600 hud=2560x1600
[2026-08-17T11:09:35Z INFO  steel_front::engine::game] ai: npcs=8 near=8 far=0 idle=0 patrol=0 chase=0 attack=8 tactics=[8, 0, 0, 0, 0, 0, 0, 0]
[2026-08-17T11:09:35Z INFO  steel_front::engine::game] game: wave=1 enemies=8 enemy_hp=100 hp=100/100 score=0 phys_us=1 ai_us=188 audio_us=13 net_us=0
[2026-08-17T11:09:35Z INFO  steel_front] size diag: window_inner=2560x1600 hud=2560x1600
[2026-08-17T11:09:35Z INFO  steel_front] size diag: window_inner=2560x1600 hud=2560x1600
[2026-08-17T11:09:35Z INFO  steel_front] size diag: window_inner=2560x1600 hud=2560x1600
[2026-08-17T11:09:36Z INFO  steel_front] cam: yaw=0.0 pitch=0.0 dist=3.4 mode=FirstPerson cycle_us=2805 update_us=35 render_us=2770
[2026-08-17T11:09:36Z INFO  steel_front::engine::renderer] visible=65536/65536 near=65536 far=0 fps=368.5 frame_us=2370 cull_us=0 terrain_us=0 wait_fence_us=1788 acquire_us=1 record_us=53 submit_us=46 present_us=243 terrain_lod=high blend=0.000 quality=中画质 marker=84 npc=56
[2026-08-17T11:09:36Z INFO  steel_front::engine::game] ai: npcs=8 near=8 far=0 idle=0 patrol=0 chase=0 attack=8 tactics=[8, 0, 0, 0, 0, 0, 0, 0]
[2026-08-17T11:09:36Z INFO  steel_front::engine::game] game: wave=1 enemies=8 enemy_hp=100 hp=100/100 score=0 phys_us=2 ai_us=415 audio_us=25 net_us=0
[2026-08-17T11:09:37Z INFO  steel_front] cam: yaw=0.0 pitch=0.0 dist=3.4 mode=FirstPerson cycle_us=2190 update_us=36 render_us=2154
[2026-08-17T11:09:37Z INFO  steel_front::engine::renderer] visible=65536/65536 near=65536 far=0 fps=367.1 frame_us=2694 cull_us=0 terrain_us=0 wait_fence_us=1860 acquire_us=1 record_us=53 submit_us=58 present_us=244 terrain_lod=high blend=0.000 quality=中画质 marker=84 npc=56
[2026-08-17T11:09:37Z INFO  steel_front::engine::game] ai: npcs=8 near=8 far=0 idle=0 patrol=0 chase=0 attack=8 tactics=[8, 0, 0, 0, 0, 0, 0, 0]
[2026-08-17T11:09:37Z INFO  steel_front::engine::game] game: wave=1 enemies=8 enemy_hp=100 hp=100/100 score=0 phys_us=2 ai_us=658 audio_us=13 net_us=0
[2026-08-17T11:09:38Z INFO  steel_front] cam: yaw=0.0 pitch=0.0 dist=3.4 mode=FirstPerson cycle_us=2529 update_us=42 render_us=2487
[2026-08-17T11:09:38Z INFO  steel_front::engine::renderer] visible=65536/65536 near=65536 far=0 fps=364.9 frame_us=2660 cull_us=0 terrain_us=0 wait_fence_us=1866 acquire_us=1 record_us=52 submit_us=62 present_us=203 terrain_lod=high blend=0.000 quality=中画质 marker=84 npc=56
[2026-08-17T11:09:38Z INFO  steel_front::engine::game] ai: npcs=8 near=8 far=0 idle=0 patrol=0 chase=0 attack=8 tactics=[8, 0, 0, 0, 0, 0, 0, 0]
[2026-08-17T11:09:38Z INFO  steel_front::engine::game] game: wave=1 enemies=8 enemy_hp=100 hp=100/100 score=0 phys_us=2 ai_us=453 audio_us=26 net_us=0
[2026-08-17T11:09:39Z INFO  steel_front] cam: yaw=0.0 pitch=0.0 dist=3.4 mode=FirstPerson cycle_us=2432 update_us=53 render_us=2378
[2026-08-17T11:09:39Z INFO  steel_front::engine::renderer] visible=65536/65536 near=65536 far=0 fps=366.6 frame_us=2378 cull_us=0 terrain_us=0 wait_fence_us=1731 acquire_us=0 record_us=52 submit_us=45 present_us=252 terrain_lod=high blend=0.000 quality=中画质 marker=84 npc=56
[2026-08-17T11:09:39Z INFO  steel_front::engine::game] ai: npcs=8 near=8 far=0 idle=0 patrol=0 chase=0 attack=8 tactics=[8, 0, 0, 0, 0, 0, 0, 0]
[2026-08-17T11:09:39Z INFO  steel_front::engine::game] game: wave=1 enemies=8 enemy_hp=100 hp=100/100 score=0 phys_us=1 ai_us=424 audio_us=18 net_us=0
[2026-08-17T11:09:40Z INFO  steel_front] cam: yaw=0.0 pitch=0.0 dist=3.4 mode=FirstPerson cycle_us=2740 update_us=34 render_us=2705
[2026-08-17T11:09:40Z INFO  steel_front::engine::renderer] visible=65536/65536 near=65536 far=0 fps=368.5 frame_us=2233 cull_us=0 terrain_us=0 wait_fence_us=2051 acquire_us=0 record_us=31 submit_us=45 present_us=230 terrain_lod=high blend=0.000 quality=中画质 marker=84 npc=56
[2026-08-17T11:09:40Z INFO  steel_front] size diag: window_inner=2560x1600 hud=2560x1600
[2026-08-17T11:09:40Z INFO  steel_front] size diag: window_inner=2560x1600 hud=2560x1600
[2026-08-17T11:09:40Z INFO  steel_front] size diag: window_inner=2560x1600 hud=2560x1600
[2026-08-17T11:09:40Z INFO  steel_front] size diag: window_inner=2560x1600 hud=2560x1600
[2026-08-17T11:09:40Z INFO  steel_front] size diag: window_inner=2560x1600 hud=2560x1600
[2026-08-17T11:09:40Z INFO  steel_front] size diag: window_inner=2560x1600 hud=2560x1600
[2026-08-17T11:09:40Z INFO  steel_front] size diag: window_inner=2560x1600 hud=2560x1600
[2026-08-17T11:09:40Z INFO  steel_front] size diag: window_inner=2560x1600 hud=2560x1600
[2026-08-17T11:09:40Z INFO  steel_front] size diag: window_inner=2560x1600 hud=2560x1600
[2026-08-17T11:09:40Z INFO  steel_front] size diag: window_inner=2560x1600 hud=2560x1600
[2026-08-17T11:09:40Z INFO  steel_front] size diag: window_inner=2560x1600 hud=2560x1600
[2026-08-17T11:09:40Z INFO  steel_front] size diag: window_inner=2560x1600 hud=2560x1600
[2026-08-17T11:09:40Z INFO  steel_front] size diag: window_inner=2560x1600 hud=2560x1600
[2026-08-17T11:09:40Z INFO  steel_front] size diag: window_inner=2560x1600 hud=2560x1600
[2026-08-17T11:09:40Z INFO  steel_front] size diag: window_inner=2560x1600 hud=2560x1600
[2026-08-17T11:09:40Z INFO  steel_front] size diag: window_inner=2560x1600 hud=2560x1600
[2026-08-17T11:09:40Z INFO  steel_front] size diag: window_inner=2560x1600 hud=2560x1600
[2026-08-17T11:09:40Z INFO  steel_front::engine::game] ai: npcs=8 near=8 far=0 idle=0 patrol=0 chase=0 attack=8 tactics=[8, 0, 0, 0, 0, 0, 0, 0]
[2026-08-17T11:09:40Z INFO  steel_front::engine::game] game: wave=1 enemies=8 enemy_hp=100 hp=100/100 score=0 phys_us=1 ai_us=119 audio_us=14 net_us=0
[2026-08-17T11:09:40Z INFO  steel_front] size diag: window_inner=2560x1600 hud=2560x1600
[2026-08-17T11:09:41Z INFO  steel_front] cam: yaw=0.0 pitch=0.0 dist=3.4 mode=FirstPerson cycle_us=2743 update_us=24 render_us=2719
[2026-08-17T11:09:41Z INFO  steel_front::engine::renderer] visible=65536/65536 near=65536 far=0 fps=367.6 frame_us=1877 cull_us=0 terrain_us=0 wait_fence_us=2154 acquire_us=1 record_us=56 submit_us=52 present_us=251 terrain_lod=high blend=0.000 quality=中画质 marker=84 npc=56
[2026-08-17T11:09:41Z INFO  steel_front::engine::game] ai: npcs=8 near=8 far=0 idle=0 patrol=0 chase=0 attack=8 tactics=[8, 0, 0, 0, 0, 0, 0, 0]
[2026-08-17T11:09:41Z INFO  steel_front::engine::game] game: wave=1 enemies=8 enemy_hp=100 hp=100/100 score=0 phys_us=1 ai_us=424 audio_us=23 net_us=0
[2026-08-17T11:09:42Z INFO  steel_front] cam: yaw=0.0 pitch=0.0 dist=3.4 mode=FirstPerson cycle_us=2486 update_us=34 render_us=2452
[2026-08-17T11:09:42Z INFO  steel_front::engine::renderer] visible=65536/65536 near=65536 far=0 fps=368.8 frame_us=2372 cull_us=0 terrain_us=0 wait_fence_us=1938 acquire_us=1 record_us=54 submit_us=62 present_us=192 terrain_lod=high blend=0.000 quality=中画质 marker=84 npc=56
[2026-08-17T11:09:42Z INFO  steel_front::engine::game] ai: npcs=8 near=8 far=0 idle=0 patrol=0 chase=0 attack=8 tactics=[8, 0, 0, 0, 0, 0, 0, 0]
[2026-08-17T11:09:42Z INFO  steel_front::engine::game] game: wave=1 enemies=8 enemy_hp=100 hp=100/100 score=0 phys_us=2 ai_us=478 audio_us=27 net_us=0
[2026-08-17T11:09:43Z INFO  steel_front] cam: yaw=0.0 pitch=0.0 dist=3.4 mode=FirstPerson cycle_us=3149 update_us=41 render_us=3108
[2026-08-17T11:09:43Z INFO  steel_front::engine::renderer] visible=65536/65536 near=65536 far=0 fps=369.1 frame_us=2750 cull_us=0 terrain_us=0 wait_fence_us=1869 acquire_us=1 record_us=39 submit_us=36 present_us=203 terrain_lod=high blend=0.000 quality=中画质 marker=84 npc=56
[2026-08-17T11:09:43Z INFO  steel_front::engine::game] ai: npcs=8 near=8 far=0 idle=0 patrol=0 chase=0 attack=8 tactics=[8, 0, 0, 0, 0, 0, 0, 0]
[2026-08-17T11:09:43Z INFO  steel_front::engine::game] game: wave=1 enemies=8 enemy_hp=100 hp=100/100 score=0 phys_us=1 ai_us=434 audio_us=14 net_us=0
[2026-08-17T11:09:44Z INFO  steel_front] cam: yaw=0.0 pitch=0.0 dist=3.4 mode=FirstPerson cycle_us=2244 update_us=39 render_us=2205
[2026-08-17T11:09:44Z INFO  steel_front::engine::renderer] visible=65536/65536 near=65536 far=0 fps=369.2 frame_us=2979 cull_us=0 terrain_us=0 wait_fence_us=2053 acquire_us=1 record_us=68 submit_us=55 present_us=474 terrain_lod=high blend=0.000 quality=中画质 marker=84 npc=56
[2026-08-17T11:09:44Z INFO  steel_front::engine::game] ai: npcs=8 near=8 far=0 idle=0 patrol=0 chase=0 attack=8 tactics=[8, 0, 0, 0, 0, 0, 0, 0]
[2026-08-17T11:09:44Z INFO  steel_front::engine::game] game: wave=1 enemies=8 enemy_hp=100 hp=100/100 score=0 phys_us=2 ai_us=477 audio_us=36 net_us=0
[2026-08-17T11:09:45Z INFO  steel_front] cam: yaw=0.0 pitch=0.0 dist=3.4 mode=FirstPerson cycle_us=2629 update_us=21 render_us=2607
[2026-08-17T11:09:45Z INFO  steel_front::engine::renderer] visible=65536/65536 near=65536 far=0 fps=370.0 frame_us=2397 cull_us=0 terrain_us=0 wait_fence_us=1916 acquire_us=1 record_us=48 submit_us=52 present_us=197 terrain_lod=high blend=0.000 quality=中画质 marker=84 npc=56
[2026-08-17T11:09:45Z INFO  steel_front] size diag: window_inner=2560x1600 hud=2560x1600
[2026-08-17T11:09:45Z INFO  steel_front] size diag: window_inner=2560x1600 hud=2560x1600
[2026-08-17T11:09:45Z INFO  steel_front] size diag: window_inner=2560x1600 hud=2560x1600
[2026-08-17T11:09:45Z INFO  steel_front] size diag: window_inner=2560x1600 hud=2560x1600
[2026-08-17T11:09:45Z INFO  steel_front] size diag: window_inner=2560x1600 hud=2560x1600
[2026-08-17T11:09:45Z INFO  steel_front] size diag: window_inner=2560x1600 hud=2560x1600
[2026-08-17T11:09:45Z INFO  steel_front] size diag: window_inner=2560x1600 hud=2560x1600
[2026-08-17T11:09:45Z INFO  steel_front] size diag: window_inner=2560x1600 hud=2560x1600
[2026-08-17T11:09:45Z INFO  steel_front] size diag: window_inner=2560x1600 hud=2560x1600
[2026-08-17T11:09:45Z INFO  steel_front] size diag: window_inner=2560x1600 hud=2560x1600
[2026-08-17T11:09:45Z INFO  steel_front] size diag: window_inner=2560x1600 hud=2560x1600
[2026-08-17T11:09:45Z INFO  steel_front] size diag: window_inner=2560x1600 hud=2560x1600
[2026-08-17T11:09:45Z INFO  steel_front] size diag: window_inner=2560x1600 hud=2560x1600
[2026-08-17T11:09:45Z INFO  steel_front] size diag: window_inner=2560x1600 hud=2560x1600
[2026-08-17T11:09:45Z INFO  steel_front] size diag: window_inner=2560x1600 hud=2560x1600
[2026-08-17T11:09:45Z INFO  steel_front] size diag: window_inner=2560x1600 hud=2560x1600
[2026-08-17T11:09:45Z INFO  steel_front] size diag: window_inner=2560x1600 hud=2560x1600
[2026-08-17T11:09:45Z INFO  steel_front] size diag: window_inner=2560x1600 hud=2560x1600
[2026-08-17T11:09:45Z INFO  steel_front::engine::game] ai: npcs=8 near=8 far=0 idle=0 patrol=0 chase=0 attack=8 tactics=[8, 0, 0, 0, 0, 0, 0, 0]
[2026-08-17T11:09:45Z INFO  steel_front::engine::game] game: wave=1 enemies=8 enemy_hp=100 hp=100/100 score=0 phys_us=1 ai_us=420 audio_us=27 net_us=0
[2026-08-17T11:09:46Z INFO  steel_front] cam: yaw=0.0 pitch=0.0 dist=3.4 mode=FirstPerson cycle_us=2832 update_us=37 render_us=2794
[2026-08-17T11:09:46Z INFO  steel_front::engine::renderer] visible=65536/65536 near=65536 far=0 fps=369.8 frame_us=2345 cull_us=1 terrain_us=0 wait_fence_us=1851 acquire_us=1 record_us=27 submit_us=26 present_us=192 terrain_lod=high blend=0.000 quality=中画质 marker=84 npc=56
[2026-08-17T11:09:46Z INFO  steel_front::engine::game] ai: npcs=8 near=8 far=0 idle=0 patrol=0 chase=0 attack=8 tactics=[8, 0, 0, 0, 0, 0, 0, 0]
[2026-08-17T11:09:46Z INFO  steel_front::engine::game] game: wave=1 enemies=8 enemy_hp=100 hp=100/100 score=0 phys_us=2 ai_us=478 audio_us=43 net_us=0
[2026-08-17T11:09:47Z INFO  steel_front] cam: yaw=0.0 pitch=0.0 dist=3.4 mode=FirstPerson cycle_us=2308 update_us=39 render_us=2268
[2026-08-17T11:09:47Z INFO  steel_front::engine::renderer] visible=65536/65536 near=65536 far=0 fps=368.8 frame_us=2301 cull_us=2 terrain_us=0 wait_fence_us=1602 acquire_us=1 record_us=73 submit_us=91 present_us=470 terrain_lod=high blend=0.000 quality=中画质 marker=84 npc=56
[2026-08-17T11:09:47Z INFO  steel_front::engine::game] ai: npcs=8 near=8 far=0 idle=0 patrol=0 chase=0 attack=8 tactics=[8, 0, 0, 0, 0, 0, 0, 0]
[2026-08-17T11:09:47Z INFO  steel_front::engine::game] game: wave=1 enemies=8 enemy_hp=100 hp=100/100 score=0 phys_us=2 ai_us=509 audio_us=30 net_us=0
[2026-08-17T11:09:48Z INFO  steel_front] cam: yaw=0.0 pitch=0.0 dist=3.4 mode=FirstPerson cycle_us=3009 update_us=20 render_us=2988
[2026-08-17T11:09:48Z INFO  steel_front::engine::renderer] visible=65536/65536 near=65536 far=0 fps=369.6 frame_us=2187 cull_us=0 terrain_us=0 wait_fence_us=2049 acquire_us=1 record_us=52 submit_us=47 present_us=331 terrain_lod=high blend=0.000 quality=中画质 marker=84 npc=56
[2026-08-17T11:09:48Z INFO  steel_front::engine::game] ai: npcs=8 near=8 far=0 idle=0 patrol=0 chase=0 attack=8 tactics=[8, 0, 0, 0, 0, 0, 0, 0]
[2026-08-17T11:09:48Z INFO  steel_front::engine::game] game: wave=1 enemies=8 enemy_hp=100 hp=100/100 score=0 phys_us=2 ai_us=478 audio_us=27 net_us=0
[2026-08-17T11:09:49Z INFO  steel_front] cam: yaw=0.0 pitch=0.0 dist=3.4 mode=FirstPerson cycle_us=2349 update_us=38 render_us=2311
[2026-08-17T11:09:49Z INFO  steel_front::engine::renderer] visible=65536/65536 near=65536 far=0 fps=368.4 frame_us=2651 cull_us=0 terrain_us=0 wait_fence_us=1741 acquire_us=0 record_us=50 submit_us=65 present_us=215 terrain_lod=high blend=0.000 quality=中画质 marker=84 npc=56
[2026-08-17T11:09:49Z INFO  steel_front::engine::game] ai: npcs=8 near=8 far=0 idle=0 patrol=0 chase=0 attack=8 tactics=[8, 0, 0, 0, 0, 0, 0, 0]
[2026-08-17T11:09:49Z INFO  steel_front::engine::game] game: wave=1 enemies=8 enemy_hp=100 hp=100/100 score=0 phys_us=1 ai_us=383 audio_us=14 net_us=0
[2026-08-17T11:09:50Z INFO  steel_front] cam: yaw=0.0 pitch=0.0 dist=3.4 mode=FirstPerson cycle_us=2460 update_us=39 render_us=2420
[2026-08-17T11:09:50Z INFO  steel_front::engine::renderer] visible=65536/65536 near=65536 far=0 fps=370.4 frame_us=2472 cull_us=0 terrain_us=0 wait_fence_us=1729 acquire_us=1 record_us=48 submit_us=50 present_us=211 terrain_lod=high blend=0.000 quality=中画质 marker=84 npc=56
[2026-08-17T11:09:50Z INFO  steel_front] size diag: window_inner=2560x1600 hud=2560x1600
[2026-08-17T11:09:50Z INFO  steel_front] size diag: window_inner=2560x1600 hud=2560x1600
[2026-08-17T11:09:50Z INFO  steel_front] size diag: window_inner=2560x1600 hud=2560x1600
[2026-08-17T11:09:50Z INFO  steel_front] size diag: window_inner=2560x1600 hud=2560x1600
[2026-08-17T11:09:50Z INFO  steel_front] size diag: window_inner=2560x1600 hud=2560x1600
[2026-08-17T11:09:50Z INFO  steel_front] size diag: window_inner=2560x1600 hud=2560x1600
[2026-08-17T11:09:50Z INFO  steel_front] size diag: window_inner=2560x1600 hud=2560x1600
[2026-08-17T11:09:50Z INFO  steel_front] size diag: window_inner=2560x1600 hud=2560x1600
[2026-08-17T11:09:50Z INFO  steel_front] size diag: window_inner=2560x1600 hud=2560x1600
[2026-08-17T11:09:50Z INFO  steel_front] size diag: window_inner=2560x1600 hud=2560x1600
[2026-08-17T11:09:50Z INFO  steel_front] size diag: window_inner=2560x1600 hud=2560x1600
[2026-08-17T11:09:50Z INFO  steel_front] size diag: window_inner=2560x1600 hud=2560x1600
[2026-08-17T11:09:50Z INFO  steel_front] size diag: window_inner=2560x1600 hud=2560x1600
[2026-08-17T11:09:50Z INFO  steel_front] size diag: window_inner=2560x1600 hud=2560x1600
[2026-08-17T11:09:50Z INFO  steel_front] size diag: window_inner=2560x1600 hud=2560x1600
[2026-08-17T11:09:50Z INFO  steel_front] size diag: window_inner=2560x1600 hud=2560x1600
[2026-08-17T11:09:50Z INFO  steel_front] size diag: window_inner=2560x1600 hud=2560x1600
[2026-08-17T11:09:50Z INFO  steel_front] size diag: window_inner=2560x1600 hud=2560x1600
[2026-08-17T11:09:50Z INFO  steel_front] size diag: window_inner=2560x1600 hud=2560x1600
[2026-08-17T11:09:50Z INFO  steel_front::engine::game] ai: npcs=8 near=8 far=0 idle=0 patrol=0 chase=0 attack=8 tactics=[8, 0, 0, 0, 0, 0, 0, 0]
[2026-08-17T11:09:50Z INFO  steel_front::engine::game] game: wave=1 enemies=8 enemy_hp=100 hp=100/100 score=0 phys_us=2 ai_us=349 audio_us=14 net_us=0
[2026-08-17T11:09:51Z INFO  steel_front] cam: yaw=0.0 pitch=0.0 dist=3.4 mode=FirstPerson cycle_us=2711 update_us=36 render_us=2675
[2026-08-17T11:09:51Z INFO  steel_front::engine::renderer] visible=65536/65536 near=65536 far=0 fps=371.4 frame_us=2190 cull_us=1 terrain_us=0 wait_fence_us=2117 acquire_us=1 record_us=48 submit_us=63 present_us=286 terrain_lod=high blend=0.000 quality=中画质 marker=84 npc=56
[2026-08-17T11:09:51Z INFO  steel_front::engine::game] ai: npcs=8 near=8 far=0 idle=0 patrol=0 chase=0 attack=8 tactics=[8, 0, 0, 0, 0, 0, 0, 0]
[2026-08-17T11:09:51Z INFO  steel_front::engine::game] game: wave=1 enemies=8 enemy_hp=100 hp=100/100 score=0 phys_us=3 ai_us=179 audio_us=17 net_us=0
[2026-08-17T11:09:52Z INFO  steel_front] cam: yaw=0.0 pitch=0.0 dist=3.4 mode=FirstPerson cycle_us=2670 update_us=44 render_us=2626
[2026-08-17T11:09:52Z INFO  steel_front::engine::renderer] visible=65536/65536 near=65536 far=0 fps=371.0 frame_us=2425 cull_us=0 terrain_us=0 wait_fence_us=1826 acquire_us=0 record_us=47 submit_us=80 present_us=208 terrain_lod=high blend=0.000 quality=中画质 marker=84 npc=56
[2026-08-17T11:09:52Z INFO  steel_front::engine::game] ai: npcs=8 near=8 far=0 idle=0 patrol=0 chase=0 attack=8 tactics=[8, 0, 0, 0, 0, 0, 0, 0]
[2026-08-17T11:09:52Z INFO  steel_front::engine::game] game: wave=1 enemies=8 enemy_hp=100 hp=100/100 score=0 phys_us=2 ai_us=505 audio_us=27 net_us=0
[2026-08-17T11:09:53Z INFO  steel_front] cam: yaw=0.0 pitch=0.0 dist=3.4 mode=FirstPerson cycle_us=2548 update_us=22 render_us=2526
[2026-08-17T11:09:53Z INFO  steel_front::engine::renderer] visible=65536/65536 near=65536 far=0 fps=369.7 frame_us=2504 cull_us=1 terrain_us=0 wait_fence_us=1790 acquire_us=63 record_us=139 submit_us=58 present_us=281 terrain_lod=high blend=0.000 quality=中画质 marker=84 npc=56
[2026-08-17T11:09:53Z INFO  steel_front::engine::game] ai: npcs=8 near=8 far=0 idle=0 patrol=0 chase=0 attack=8 tactics=[8, 0, 0, 0, 0, 0, 0, 0]
[2026-08-17T11:09:53Z INFO  steel_front::engine::game] game: wave=1 enemies=8 enemy_hp=100 hp=100/100 score=0 phys_us=1 ai_us=509 audio_us=39 net_us=0
[2026-08-17T11:09:54Z INFO  steel_front] cam: yaw=0.0 pitch=0.0 dist=3.4 mode=FirstPerson cycle_us=2614 update_us=44 render_us=2570
[2026-08-17T11:09:54Z INFO  steel_front::engine::renderer] visible=65536/65536 near=65536 far=0 fps=369.1 frame_us=2193 cull_us=0 terrain_us=0 wait_fence_us=2373 acquire_us=1 record_us=41 submit_us=31 present_us=147 terrain_lod=high blend=0.000 quality=中画质 marker=84 npc=56
[2026-08-17T11:09:54Z INFO  steel_front::engine::game] ai: npcs=8 near=8 far=0 idle=0 patrol=0 chase=0 attack=8 tactics=[8, 0, 0, 0, 0, 0, 0, 0]
[2026-08-17T11:09:54Z INFO  steel_front::engine::game] game: wave=1 enemies=8 enemy_hp=100 hp=100/100 score=0 phys_us=1 ai_us=396 audio_us=26 net_us=0
[2026-08-17T11:09:55Z INFO  steel_front] cam: yaw=0.0 pitch=0.0 dist=3.4 mode=FirstPerson cycle_us=3079 update_us=22 render_us=3056
[2026-08-17T11:09:55Z INFO  steel_front::engine::renderer] visible=65536/65536 near=65536 far=0 fps=370.6 frame_us=2318 cull_us=0 terrain_us=0 wait_fence_us=2185 acquire_us=0 record_us=28 submit_us=30 present_us=127 terrain_lod=high blend=0.000 quality=中画质 marker=84 npc=56
[2026-08-17T11:09:55Z INFO  steel_front] size diag: window_inner=2560x1600 hud=2560x1600
[2026-08-17T11:09:55Z INFO  steel_front] size diag: window_inner=2560x1600 hud=2560x1600
[2026-08-17T11:09:55Z INFO  steel_front] size diag: window_inner=2560x1600 hud=2560x1600
[2026-08-17T11:09:55Z INFO  steel_front] size diag: window_inner=2560x1600 hud=2560x1600
[2026-08-17T11:09:55Z INFO  steel_front] size diag: window_inner=2560x1600 hud=2560x1600
[2026-08-17T11:09:55Z INFO  steel_front] size diag: window_inner=2560x1600 hud=2560x1600
[2026-08-17T11:09:55Z INFO  steel_front] size diag: window_inner=2560x1600 hud=2560x1600
[2026-08-17T11:09:55Z INFO  steel_front] size diag: window_inner=2560x1600 hud=2560x1600
[2026-08-17T11:09:55Z INFO  steel_front] size diag: window_inner=2560x1600 hud=2560x1600
[2026-08-17T11:09:55Z INFO  steel_front] size diag: window_inner=2560x1600 hud=2560x1600
[2026-08-17T11:09:55Z INFO  steel_front] size diag: window_inner=2560x1600 hud=2560x1600
[2026-08-17T11:09:55Z INFO  steel_front] size diag: window_inner=2560x1600 hud=2560x1600
[2026-08-17T11:09:55Z INFO  steel_front] size diag: window_inner=2560x1600 hud=2560x1600
[2026-08-17T11:09:55Z INFO  steel_front] size diag: window_inner=2560x1600 hud=2560x1600
[2026-08-17T11:09:55Z INFO  steel_front] size diag: window_inner=2560x1600 hud=2560x1600
[2026-08-17T11:09:55Z INFO  steel_front] size diag: window_inner=2560x1600 hud=2560x1600
[2026-08-17T11:09:55Z INFO  steel_front] size diag: window_inner=2560x1600 hud=2560x1600
[2026-08-17T11:09:55Z INFO  steel_front] size diag: window_inner=2560x1600 hud=2560x1600
[2026-08-17T11:09:55Z INFO  steel_front::engine::game] ai: npcs=8 near=8 far=0 idle=0 patrol=0 chase=0 attack=8 tactics=[8, 0, 0, 0, 0, 0, 0, 0]
[2026-08-17T11:09:55Z INFO  steel_front::engine::game] game: wave=1 enemies=8 enemy_hp=100 hp=100/100 score=0 phys_us=1 ai_us=335 audio_us=27 net_us=0
[2026-08-17T11:09:56Z INFO  steel_front] cam: yaw=0.0 pitch=0.0 dist=3.4 mode=FirstPerson cycle_us=2632 update_us=35 render_us=2596
[2026-08-17T11:09:56Z INFO  steel_front::engine::renderer] visible=65536/65536 near=65536 far=0 fps=370.6 frame_us=2047 cull_us=1 terrain_us=0 wait_fence_us=1804 acquire_us=2 record_us=41 submit_us=48 present_us=182 terrain_lod=high blend=0.000 quality=中画质 marker=84 npc=56
[2026-08-17T11:09:56Z INFO  steel_front::engine::game] ai: npcs=8 near=8 far=0 idle=0 patrol=0 chase=0 attack=8 tactics=[8, 0, 0, 0, 0, 0, 0, 0]
[2026-08-17T11:09:56Z INFO  steel_front::engine::game] game: wave=1 enemies=8 enemy_hp=100 hp=100/100 score=0 phys_us=4 ai_us=590 audio_us=28 net_us=0
[2026-08-17T11:09:57Z INFO  steel_front] cam: yaw=0.0 pitch=0.0 dist=3.4 mode=FirstPerson cycle_us=2861 update_us=24 render_us=2836
[2026-08-17T11:09:57Z INFO  steel_front::engine::renderer] visible=65536/65536 near=65536 far=0 fps=369.6 frame_us=2204 cull_us=0 terrain_us=0 wait_fence_us=2157 acquire_us=1 record_us=47 submit_us=45 present_us=215 terrain_lod=high blend=0.000 quality=中画质 marker=84 npc=56
[2026-08-17T11:09:57Z INFO  steel_front::engine::game] ai: npcs=8 near=8 far=0 idle=0 patrol=0 chase=0 attack=8 tactics=[8, 0, 0, 0, 0, 0, 0, 0]
[2026-08-17T11:09:57Z INFO  steel_front::engine::game] game: wave=1 enemies=8 enemy_hp=100 hp=100/100 score=0 phys_us=3 ai_us=796 audio_us=26 net_us=0
[2026-08-17T11:09:58Z INFO  steel_front] cam: yaw=0.0 pitch=0.0 dist=3.4 mode=FirstPerson cycle_us=2542 update_us=34 render_us=2507
[2026-08-17T11:09:58Z INFO  steel_front::engine::renderer] visible=65536/65536 near=65536 far=0 fps=368.1 frame_us=2383 cull_us=1 terrain_us=0 wait_fence_us=2182 acquire_us=1 record_us=28 submit_us=30 present_us=137 terrain_lod=high blend=0.000 quality=中画质 marker=84 npc=56
[2026-08-17T11:09:58Z INFO  steel_front::engine::game] ai: npcs=8 near=8 far=0 idle=0 patrol=0 chase=0 attack=8 tactics=[8, 0, 0, 0, 0, 0, 0, 0]
[2026-08-17T11:09:58Z INFO  steel_front::engine::game] game: wave=1 enemies=8 enemy_hp=100 hp=100/100 score=0 phys_us=1 ai_us=351 audio_us=16 net_us=0
[2026-08-17T11:09:59Z INFO  steel_front] cam: yaw=0.0 pitch=0.0 dist=3.4 mode=FirstPerson cycle_us=3015 update_us=22 render_us=2992
[2026-08-17T11:09:59Z INFO  steel_front::engine::renderer] visible=65536/65536 near=65536 far=0 fps=370.2 frame_us=2258 cull_us=0 terrain_us=0 wait_fence_us=2049 acquire_us=0 record_us=47 submit_us=56 present_us=208 terrain_lod=high blend=0.000 quality=中画质 marker=84 npc=56
[2026-08-17T11:09:59Z INFO  steel_front::engine::game] ai: npcs=8 near=8 far=0 idle=0 patrol=0 chase=0 attack=8 tactics=[8, 0, 0, 0, 0, 0, 0, 0]
[2026-08-17T11:09:59Z INFO  steel_front::engine::game] game: wave=1 enemies=8 enemy_hp=100 hp=100/100 score=0 phys_us=1 ai_us=374 audio_us=23 net_us=0
[2026-08-17T11:10:00Z INFO  steel_front] cam: yaw=0.0 pitch=0.0 dist=3.4 mode=FirstPerson cycle_us=2955 update_us=38 render_us=2917
[2026-08-17T11:10:00Z INFO  steel_front::engine::renderer] visible=65536/65536 near=65536 far=0 fps=360.6 frame_us=2034 cull_us=0 terrain_us=0 wait_fence_us=2178 acquire_us=1 record_us=48 submit_us=54 present_us=210 terrain_lod=high blend=0.000 quality=中画质 marker=84 npc=56
[2026-08-17T11:10:00Z INFO  steel_front] size diag: window_inner=2560x1600 hud=2560x1600
[2026-08-17T11:10:00Z INFO  steel_front] size diag: window_inner=2560x1600 hud=2560x1600
[2026-08-17T11:10:00Z INFO  steel_front] size diag: window_inner=2560x1600 hud=2560x1600
[2026-08-17T11:10:00Z INFO  steel_front] size diag: window_inner=2560x1600 hud=2560x1600
[2026-08-17T11:10:00Z INFO  steel_front] size diag: window_inner=2560x1600 hud=2560x1600
[2026-08-17T11:10:00Z INFO  steel_front] size diag: window_inner=2560x1600 hud=2560x1600
[2026-08-17T11:10:00Z INFO  steel_front] size diag: window_inner=2560x1600 hud=2560x1600
[2026-08-17T11:10:00Z INFO  steel_front] size diag: window_inner=2560x1600 hud=2560x1600
[2026-08-17T11:10:00Z INFO  steel_front] size diag: window_inner=2560x1600 hud=2560x1600
[2026-08-17T11:10:00Z INFO  steel_front] size diag: window_inner=2560x1600 hud=2560x1600
[2026-08-17T11:10:00Z INFO  steel_front] size diag: window_inner=2560x1600 hud=2560x1600
[2026-08-17T11:10:00Z INFO  steel_front] size diag: window_inner=2560x1600 hud=2560x1600
[2026-08-17T11:10:00Z INFO  steel_front] size diag: window_inner=2560x1600 hud=2560x1600
[2026-08-17T11:10:00Z INFO  steel_front] size diag: window_inner=2560x1600 hud=2560x1600
[2026-08-17T11:10:00Z INFO  steel_front] size diag: window_inner=2560x1600 hud=2560x1600
[2026-08-17T11:10:00Z INFO  steel_front] size diag: window_inner=2560x1600 hud=2560x1600
[2026-08-17T11:10:00Z INFO  steel_front] size diag: window_inner=2560x1600 hud=2560x1600
[2026-08-17T11:10:00Z INFO  steel_front] size diag: window_inner=2560x1600 hud=2560x1600
[2026-08-17T11:10:00Z INFO  steel_front] size diag: window_inner=2560x1600 hud=2560x1600
[2026-08-17T11:10:00Z INFO  steel_front::engine::game] ai: npcs=8 near=8 far=0 idle=0 patrol=0 chase=0 attack=8 tactics=[8, 0, 0, 0, 0, 0, 0, 0]
[2026-08-17T11:10:00Z INFO  steel_front::engine::game] game: wave=1 enemies=8 enemy_hp=100 hp=100/100 score=0 phys_us=3 ai_us=374 audio_us=28 net_us=0
[2026-08-17T11:10:01Z INFO  steel_front] cam: yaw=0.0 pitch=0.0 dist=3.4 mode=FirstPerson cycle_us=2469 update_us=40 render_us=2429
[2026-08-17T11:10:01Z INFO  steel_front::engine::renderer] visible=65536/65536 near=65536 far=0 fps=370.4 frame_us=2471 cull_us=0 terrain_us=0 wait_fence_us=1738 acquire_us=1 record_us=49 submit_us=86 present_us=215 terrain_lod=high blend=0.000 quality=中画质 marker=84 npc=56
[2026-08-17T11:10:01Z INFO  steel_front::engine::game] ai: npcs=8 near=8 far=0 idle=0 patrol=0 chase=0 attack=8 tactics=[8, 0, 0, 0, 0, 0, 0, 0]
[2026-08-17T11:10:01Z INFO  steel_front::engine::game] game: wave=1 enemies=8 enemy_hp=100 hp=100/100 score=0 phys_us=2 ai_us=525 audio_us=30 net_us=0
[2026-08-17T11:10:02Z INFO  steel_front] cam: yaw=0.0 pitch=0.0 dist=3.4 mode=FirstPerson cycle_us=2557 update_us=39 render_us=2517
[2026-08-17T11:10:02Z INFO  steel_front::engine::renderer] visible=65536/65536 near=65536 far=0 fps=363.8 frame_us=2143 cull_us=6 terrain_us=0 wait_fence_us=2327 acquire_us=9 record_us=28 submit_us=22 present_us=320 terrain_lod=high blend=0.000 quality=中画质 marker=84 npc=56
[2026-08-17T11:10:02Z INFO  steel_front::engine::game] ai: npcs=8 near=8 far=0 idle=0 patrol=0 chase=0 attack=8 tactics=[8, 0, 0, 0, 0, 0, 0, 0]
[2026-08-17T11:10:02Z INFO  steel_front::engine::game] game: wave=1 enemies=8 enemy_hp=100 hp=100/100 score=0 phys_us=1 ai_us=660 audio_us=19 net_us=0
[2026-08-17T11:10:03Z INFO  steel_front] cam: yaw=0.0 pitch=0.0 dist=3.4 mode=FirstPerson cycle_us=2829 update_us=42 render_us=2787
[2026-08-17T11:10:03Z INFO  steel_front::engine::renderer] visible=65536/65536 near=65536 far=0 fps=366.9 frame_us=2180 cull_us=1 terrain_us=0 wait_fence_us=2062 acquire_us=1 record_us=52 submit_us=41 present_us=303 terrain_lod=high blend=0.000 quality=中画质 marker=84 npc=56
[2026-08-17T11:10:03Z INFO  steel_front::engine::game] ai: npcs=8 near=8 far=0 idle=0 patrol=0 chase=0 attack=8 tactics=[8, 0, 0, 0, 0, 0, 0, 0]
[2026-08-17T11:10:03Z INFO  steel_front::engine::game] game: wave=1 enemies=8 enemy_hp=100 hp=100/100 score=0 phys_us=3 ai_us=241 audio_us=19 net_us=1
[2026-08-17T11:10:04Z INFO  steel_front] cam: yaw=0.0 pitch=0.0 dist=3.4 mode=FirstPerson cycle_us=2378 update_us=43 render_us=2334
[2026-08-17T11:10:04Z INFO  steel_front::engine::renderer] visible=65536/65536 near=65536 far=0 fps=369.2 frame_us=2382 cull_us=0 terrain_us=0 wait_fence_us=1888 acquire_us=0 record_us=42 submit_us=36 present_us=213 terrain_lod=high blend=0.000 quality=中画质 marker=84 npc=56
[2026-08-17T11:10:04Z INFO  steel_front::engine::game] ai: npcs=8 near=8 far=0 idle=0 patrol=0 chase=0 attack=8 tactics=[8, 0, 0, 0, 0, 0, 0, 0]
[2026-08-17T11:10:04Z INFO  steel_front::engine::game] game: wave=1 enemies=8 enemy_hp=100 hp=100/100 score=0 phys_us=5 ai_us=566 audio_us=73 net_us=0
[2026-08-17T11:10:05Z INFO  steel_front] cam: yaw=0.0 pitch=0.0 dist=3.4 mode=FirstPerson cycle_us=2857 update_us=35 render_us=2821
[2026-08-17T11:10:05Z INFO  steel_front::engine::renderer] visible=65536/65536 near=65536 far=0 fps=369.0 frame_us=2633 cull_us=0 terrain_us=0 wait_fence_us=1403 acquire_us=1 record_us=27 submit_us=64 present_us=542 terrain_lod=high blend=0.000 quality=中画质 marker=84 npc=56
[2026-08-17T11:10:05Z INFO  steel_front] size diag: window_inner=2560x1600 hud=2560x1600
[2026-08-17T11:10:05Z INFO  steel_front] size diag: window_inner=2560x1600 hud=2560x1600
[2026-08-17T11:10:05Z INFO  steel_front] size diag: window_inner=2560x1600 hud=2560x1600
[2026-08-17T11:10:05Z INFO  steel_front] size diag: window_inner=2560x1600 hud=2560x1600
[2026-08-17T11:10:05Z INFO  steel_front] size diag: window_inner=2560x1600 hud=2560x1600
[2026-08-17T11:10:05Z INFO  steel_front] size diag: window_inner=2560x1600 hud=2560x1600
[2026-08-17T11:10:05Z INFO  steel_front] size diag: window_inner=2560x1600 hud=2560x1600
[2026-08-17T11:10:05Z INFO  steel_front] size diag: window_inner=2560x1600 hud=2560x1600
[2026-08-17T11:10:05Z INFO  steel_front] size diag: window_inner=2560x1600 hud=2560x1600
[2026-08-17T11:10:05Z INFO  steel_front] size diag: window_inner=2560x1600 hud=2560x1600
[2026-08-17T11:10:05Z INFO  steel_front] size diag: window_inner=2560x1600 hud=2560x1600
[2026-08-17T11:10:05Z INFO  steel_front] size diag: window_inner=2560x1600 hud=2560x1600
[2026-08-17T11:10:05Z INFO  steel_front] size diag: window_inner=2560x1600 hud=2560x1600
[2026-08-17T11:10:05Z INFO  steel_front] size diag: window_inner=2560x1600 hud=2560x1600
[2026-08-17T11:10:05Z INFO  steel_front] size diag: window_inner=2560x1600 hud=2560x1600
[2026-08-17T11:10:05Z INFO  steel_front] size diag: window_inner=2560x1600 hud=2560x1600
[2026-08-17T11:10:05Z INFO  steel_front] size diag: window_inner=2560x1600 hud=2560x1600
[2026-08-17T11:10:05Z INFO  steel_front] size diag: window_inner=2560x1600 hud=2560x1600
[2026-08-17T11:10:05Z INFO  steel_front] size diag: window_inner=2560x1600 hud=2560x1600
[2026-08-17T11:10:05Z INFO  steel_front::engine::game] ai: npcs=8 near=8 far=0 idle=0 patrol=0 chase=0 attack=8 tactics=[8, 0, 0, 0, 0, 0, 0, 0]
[2026-08-17T11:10:05Z INFO  steel_front::engine::game] game: wave=1 enemies=8 enemy_hp=100 hp=100/100 score=0 phys_us=1 ai_us=203 audio_us=25 net_us=0
[2026-08-17T11:10:06Z INFO  steel_front] cam: yaw=0.0 pitch=0.0 dist=3.4 mode=FirstPerson cycle_us=2969 update_us=36 render_us=2932
[2026-08-17T11:10:06Z INFO  steel_front::engine::renderer] visible=65536/65536 near=65536 far=0 fps=367.5 frame_us=2366 cull_us=0 terrain_us=0 wait_fence_us=2033 acquire_us=0 record_us=55 submit_us=50 present_us=222 terrain_lod=high blend=0.000 quality=中画质 marker=84 npc=56
[2026-08-17T11:10:06Z INFO  steel_front::engine::game] ai: npcs=8 near=8 far=0 idle=0 patrol=0 chase=0 attack=8 tactics=[8, 0, 0, 0, 0, 0, 0, 0]
[2026-08-17T11:10:06Z INFO  steel_front::engine::game] game: wave=1 enemies=8 enemy_hp=100 hp=100/100 score=0 phys_us=3 ai_us=189 audio_us=36 net_us=0
[2026-08-17T11:10:07Z INFO  steel_front] cam: yaw=0.0 pitch=0.0 dist=3.4 mode=FirstPerson cycle_us=2395 update_us=41 render_us=2354
[2026-08-17T11:10:07Z INFO  steel_front::engine::renderer] visible=65536/65536 near=65536 far=0 fps=371.0 frame_us=1982 cull_us=0 terrain_us=0 wait_fence_us=2186 acquire_us=0 record_us=53 submit_us=54 present_us=200 terrain_lod=high blend=0.000 quality=中画质 marker=84 npc=56
[2026-08-17T11:10:07Z INFO  steel_front::engine::game] ai: npcs=8 near=8 far=0 idle=0 patrol=0 chase=0 attack=8 tactics=[8, 0, 0, 0, 0, 0, 0, 0]
[2026-08-17T11:10:07Z INFO  steel_front::engine::game] game: wave=1 enemies=8 enemy_hp=100 hp=100/100 score=0 phys_us=2 ai_us=551 audio_us=29 net_us=0
[2026-08-17T11:10:08Z INFO  steel_front] cam: yaw=0.0 pitch=0.0 dist=3.4 mode=FirstPerson cycle_us=2773 update_us=38 render_us=2734
[2026-08-17T11:10:08Z INFO  steel_front::engine::renderer] visible=65536/65536 near=65536 far=0 fps=364.1 frame_us=2156 cull_us=1 terrain_us=0 wait_fence_us=2952 acquire_us=0 record_us=34 submit_us=84 present_us=174 terrain_lod=high blend=0.000 quality=中画质 marker=80 npc=56
[2026-08-17T11:10:08Z INFO  steel_front::engine::game] ai: npcs=8 near=8 far=0 idle=0 patrol=0 chase=0 attack=8 tactics=[8, 0, 0, 0, 0, 0, 0, 0]
[2026-08-17T11:10:08Z INFO  steel_front::engine::game] game: wave=1 enemies=8 enemy_hp=100 hp=100/100 score=0 phys_us=2 ai_us=422 audio_us=27 net_us=0
[2026-08-17T11:10:09Z INFO  steel_front] cam: yaw=0.0 pitch=0.0 dist=3.4 mode=FirstPerson cycle_us=3074 update_us=38 render_us=3035
[2026-08-17T11:10:09Z INFO  steel_front::engine::renderer] visible=65536/65536 near=65536 far=0 fps=370.9 frame_us=2520 cull_us=1 terrain_us=0 wait_fence_us=1543 acquire_us=1 record_us=74 submit_us=57 present_us=265 terrain_lod=high blend=0.000 quality=中画质 marker=84 npc=56
[2026-08-17T11:10:09Z INFO  steel_front::engine::game] ai: npcs=8 near=8 far=0 idle=0 patrol=0 chase=0 attack=8 tactics=[8, 0, 0, 0, 0, 0, 0, 0]
[2026-08-17T11:10:09Z INFO  steel_front::engine::game] game: wave=1 enemies=8 enemy_hp=100 hp=100/100 score=0 phys_us=2 ai_us=608 audio_us=28 net_us=0
[2026-08-17T11:10:10Z INFO  steel_front] cam: yaw=0.0 pitch=0.0 dist=3.4 mode=FirstPerson cycle_us=2928 update_us=57 render_us=2870
[2026-08-17T11:10:10Z INFO  steel_front::engine::renderer] visible=65536/65536 near=65536 far=0 fps=350.8 frame_us=2282 cull_us=1 terrain_us=0 wait_fence_us=1990 acquire_us=1 record_us=72 submit_us=59 present_us=259 terrain_lod=high blend=0.000 quality=中画质 marker=84 npc=56
[2026-08-17T11:10:10Z INFO  steel_front] size diag: window_inner=2560x1600 hud=2560x1600
[2026-08-17T11:10:10Z INFO  steel_front] size diag: window_inner=2560x1600 hud=2560x1600
[2026-08-17T11:10:10Z INFO  steel_front] size diag: window_inner=2560x1600 hud=2560x1600
[2026-08-17T11:10:10Z INFO  steel_front] size diag: window_inner=2560x1600 hud=2560x1600
[2026-08-17T11:10:10Z INFO  steel_front] size diag: window_inner=2560x1600 hud=2560x1600
[2026-08-17T11:10:10Z INFO  steel_front] size diag: window_inner=2560x1600 hud=2560x1600
[2026-08-17T11:10:10Z INFO  steel_front] size diag: window_inner=2560x1600 hud=2560x1600
[2026-08-17T11:10:10Z INFO  steel_front] size diag: window_inner=2560x1600 hud=2560x1600
[2026-08-17T11:10:10Z INFO  steel_front] size diag: window_inner=2560x1600 hud=2560x1600
[2026-08-17T11:10:10Z INFO  steel_front] size diag: window_inner=2560x1600 hud=2560x1600
[2026-08-17T11:10:10Z INFO  steel_front] size diag: window_inner=2560x1600 hud=2560x1600
[2026-08-17T11:10:10Z INFO  steel_front] size diag: window_inner=2560x1600 hud=2560x1600
[2026-08-17T11:10:10Z INFO  steel_front] size diag: window_inner=2560x1600 hud=2560x1600
[2026-08-17T11:10:10Z INFO  steel_front] size diag: window_inner=2560x1600 hud=2560x1600
[2026-08-17T11:10:10Z INFO  steel_front] size diag: window_inner=2560x1600 hud=2560x1600
[2026-08-17T11:10:10Z INFO  steel_front] size diag: window_inner=2560x1600 hud=2560x1600
[2026-08-17T11:10:10Z INFO  steel_front] size diag: window_inner=2560x1600 hud=2560x1600
[2026-08-17T11:10:10Z INFO  steel_front] size diag: window_inner=2560x1600 hud=2560x1600
[2026-08-17T11:10:10Z INFO  steel_front::engine::game] ai: npcs=8 near=8 far=0 idle=0 patrol=0 chase=0 attack=8 tactics=[8, 0, 0, 0, 0, 0, 0, 0]
[2026-08-17T11:10:10Z INFO  steel_front::engine::game] game: wave=1 enemies=8 enemy_hp=100 hp=100/100 score=0 phys_us=1 ai_us=737 audio_us=29 net_us=0
[2026-08-17T11:10:11Z INFO  steel_front] cam: yaw=0.0 pitch=0.0 dist=3.4 mode=FirstPerson cycle_us=2617 update_us=42 render_us=2575
[2026-08-17T11:10:11Z INFO  steel_front::engine::renderer] visible=65536/65536 near=65536 far=0 fps=366.5 frame_us=2064 cull_us=1 terrain_us=0 wait_fence_us=2348 acquire_us=1 record_us=125 submit_us=53 present_us=137 terrain_lod=high blend=0.000 quality=中画质 marker=84 npc=56
[2026-08-17T11:10:11Z INFO  steel_front::engine::game] ai: npcs=8 near=8 far=0 idle=0 patrol=0 chase=0 attack=8 tactics=[8, 0, 0, 0, 0, 0, 0, 0]
[2026-08-17T11:10:11Z INFO  steel_front::engine::game] game: wave=1 enemies=8 enemy_hp=100 hp=100/100 score=0 phys_us=1 ai_us=401 audio_us=13 net_us=0
[2026-08-17T11:10:12Z INFO  steel_front] cam: yaw=0.0 pitch=0.0 dist=3.4 mode=FirstPerson cycle_us=2849 update_us=35 render_us=2813
[2026-08-17T11:10:12Z INFO  steel_front::engine::renderer] visible=65536/65536 near=65536 far=0 fps=368.6 frame_us=2506 cull_us=1 terrain_us=0 wait_fence_us=1688 acquire_us=0 record_us=66 submit_us=68 present_us=255 terrain_lod=high blend=0.000 quality=中画质 marker=84 npc=56
[2026-08-17T11:10:12Z INFO  steel_front::engine::game] ai: npcs=8 near=8 far=0 idle=0 patrol=0 chase=0 attack=8 tactics=[8, 0, 0, 0, 0, 0, 0, 0]
[2026-08-17T11:10:12Z INFO  steel_front::engine::game] game: wave=1 enemies=8 enemy_hp=100 hp=100/100 score=0 phys_us=2 ai_us=469 audio_us=31 net_us=0
[2026-08-17T11:10:13Z INFO  steel_front] cam: yaw=0.0 pitch=0.0 dist=3.4 mode=FirstPerson cycle_us=3261 update_us=43 render_us=3218
[2026-08-17T11:10:13Z INFO  steel_front::engine::renderer] visible=65536/65536 near=65536 far=0 fps=369.9 frame_us=2411 cull_us=0 terrain_us=0 wait_fence_us=1883 acquire_us=1 record_us=72 submit_us=61 present_us=189 terrain_lod=high blend=0.000 quality=中画质 marker=84 npc=56
[2026-08-17T11:10:13Z INFO  steel_front::engine::game] ai: npcs=8 near=8 far=0 idle=0 patrol=0 chase=0 attack=8 tactics=[8, 0, 0, 0, 0, 0, 0, 0]
[2026-08-17T11:10:13Z INFO  steel_front::engine::game] game: wave=1 enemies=8 enemy_hp=100 hp=100/100 score=0 phys_us=1 ai_us=429 audio_us=15 net_us=0
[2026-08-17T11:10:14Z INFO  steel_front] cam: yaw=0.0 pitch=0.0 dist=3.4 mode=FirstPerson cycle_us=2521 update_us=22 render_us=2499
[2026-08-17T11:10:14Z INFO  steel_front::engine::renderer] visible=65536/65536 near=65536 far=0 fps=369.0 frame_us=2236 cull_us=0 terrain_us=0 wait_fence_us=1937 acquire_us=0 record_us=66 submit_us=93 present_us=367 terrain_lod=high blend=0.000 quality=中画质 marker=84 npc=56
[2026-08-17T11:10:14Z INFO  steel_front::engine::game] ai: npcs=8 near=8 far=0 idle=0 patrol=0 chase=0 attack=8 tactics=[8, 0, 0, 0, 0, 0, 0, 0]
[2026-08-17T11:10:14Z INFO  steel_front::engine::game] game: wave=1 enemies=8 enemy_hp=100 hp=100/100 score=0 phys_us=1 ai_us=369 audio_us=29 net_us=0
[2026-08-17T11:10:15Z INFO  steel_front] cam: yaw=0.0 pitch=0.0 dist=3.4 mode=FirstPerson cycle_us=2472 update_us=40 render_us=2431
[2026-08-17T11:10:15Z INFO  steel_front::engine::renderer] visible=65536/65536 near=65536 far=0 fps=370.0 frame_us=2025 cull_us=0 terrain_us=0 wait_fence_us=2267 acquire_us=1 record_us=53 submit_us=48 present_us=176 terrain_lod=high blend=0.000 quality=中画质 marker=84 npc=56
[2026-08-17T11:10:15Z INFO  steel_front] size diag: window_inner=2560x1600 hud=2560x1600
[2026-08-17T11:10:15Z INFO  steel_front] size diag: window_inner=2560x1600 hud=2560x1600
[2026-08-17T11:10:15Z INFO  steel_front] size diag: window_inner=2560x1600 hud=2560x1600
[2026-08-17T11:10:15Z INFO  steel_front] size diag: window_inner=2560x1600 hud=2560x1600
[2026-08-17T11:10:15Z INFO  steel_front] size diag: window_inner=2560x1600 hud=2560x1600
[2026-08-17T11:10:15Z INFO  steel_front] size diag: window_inner=2560x1600 hud=2560x1600
[2026-08-17T11:10:15Z INFO  steel_front] size diag: window_inner=2560x1600 hud=2560x1600
[2026-08-17T11:10:15Z INFO  steel_front] size diag: window_inner=2560x1600 hud=2560x1600
[2026-08-17T11:10:15Z INFO  steel_front] size diag: window_inner=2560x1600 hud=2560x1600
[2026-08-17T11:10:15Z INFO  steel_front] size diag: window_inner=2560x1600 hud=2560x1600
[2026-08-17T11:10:15Z INFO  steel_front] size diag: window_inner=2560x1600 hud=2560x1600
[2026-08-17T11:10:15Z INFO  steel_front] size diag: window_inner=2560x1600 hud=2560x1600
[2026-08-17T11:10:15Z INFO  steel_front] size diag: window_inner=2560x1600 hud=2560x1600
[2026-08-17T11:10:15Z INFO  steel_front] size diag: window_inner=2560x1600 hud=2560x1600
[2026-08-17T11:10:15Z INFO  steel_front] size diag: window_inner=2560x1600 hud=2560x1600
[2026-08-17T11:10:15Z INFO  steel_front] size diag: window_inner=2560x1600 hud=2560x1600
[2026-08-17T11:10:15Z INFO  steel_front] size diag: window_inner=2560x1600 hud=2560x1600
[2026-08-17T11:10:15Z INFO  steel_front] size diag: window_inner=2560x1600 hud=2560x1600
[2026-08-17T11:10:15Z INFO  steel_front::engine::game] ai: npcs=8 near=8 far=0 idle=0 patrol=0 chase=0 attack=8 tactics=[8, 0, 0, 0, 0, 0, 0, 0]
[2026-08-17T11:10:15Z INFO  steel_front::engine::game] game: wave=1 enemies=8 enemy_hp=100 hp=100/100 score=0 phys_us=1 ai_us=494 audio_us=29 net_us=0
[2026-08-17T11:10:16Z INFO  steel_front] cam: yaw=0.0 pitch=0.0 dist=3.4 mode=FirstPerson cycle_us=2740 update_us=23 render_us=2716
[2026-08-17T11:10:16Z INFO  steel_front::engine::renderer] visible=65536/65536 near=65536 far=0 fps=364.2 frame_us=2608 cull_us=0 terrain_us=0 wait_fence_us=2122 acquire_us=1 record_us=33 submit_us=33 present_us=178 terrain_lod=high blend=0.000 quality=中画质 marker=84 npc=56
[2026-08-17T11:10:16Z INFO  steel_front::engine::game] ai: npcs=8 near=8 far=0 idle=0 patrol=0 chase=0 attack=8 tactics=[8, 0, 0, 0, 0, 0, 0, 0]
[2026-08-17T11:10:16Z INFO  steel_front::engine::game] game: wave=1 enemies=8 enemy_hp=100 hp=100/100 score=0 phys_us=1 ai_us=421 audio_us=24 net_us=0
[2026-08-17T11:10:17Z INFO  steel_front] cam: yaw=0.0 pitch=0.0 dist=3.4 mode=FirstPerson cycle_us=2815 update_us=22 render_us=2792
[2026-08-17T11:10:17Z INFO  steel_front::engine::renderer] visible=65536/65536 near=65536 far=0 fps=372.5 frame_us=2381 cull_us=1 terrain_us=0 wait_fence_us=2278 acquire_us=1 record_us=34 submit_us=54 present_us=139 terrain_lod=high blend=0.000 quality=中画质 marker=84 npc=56
[2026-08-17T11:10:17Z INFO  steel_front::engine::game] ai: npcs=8 near=8 far=0 idle=0 patrol=0 chase=0 attack=8 tactics=[8, 0, 0, 0, 0, 0, 0, 0]
[2026-08-17T11:10:17Z INFO  steel_front::engine::game] game: wave=1 enemies=8 enemy_hp=100 hp=100/100 score=0 phys_us=3 ai_us=206 audio_us=32 net_us=0
[2026-08-17T11:10:18Z INFO  steel_front] cam: yaw=0.0 pitch=0.0 dist=3.4 mode=FirstPerson cycle_us=2929 update_us=31 render_us=2897
[2026-08-17T11:10:18Z INFO  steel_front::engine::renderer] visible=65536/65536 near=65536 far=0 fps=373.6 frame_us=1758 cull_us=0 terrain_us=0 wait_fence_us=2076 acquire_us=1 record_us=59 submit_us=73 present_us=250 terrain_lod=high blend=0.000 quality=中画质 marker=84 npc=56
[2026-08-17T11:10:18Z INFO  steel_front::engine::game] ai: npcs=8 near=8 far=0 idle=0 patrol=0 chase=0 attack=8 tactics=[8, 0, 0, 0, 0, 0, 0, 0]
[2026-08-17T11:10:18Z INFO  steel_front::engine::game] game: wave=1 enemies=8 enemy_hp=100 hp=100/100 score=0 phys_us=1 ai_us=396 audio_us=15 net_us=0
[2026-08-17T11:10:19Z INFO  steel_front] cam: yaw=0.0 pitch=0.0 dist=3.4 mode=FirstPerson cycle_us=3066 update_us=40 render_us=3025
[2026-08-17T11:10:19Z INFO  steel_front::engine::renderer] visible=65536/65536 near=65536 far=0 fps=369.9 frame_us=2308 cull_us=0 terrain_us=0 wait_fence_us=1906 acquire_us=1 record_us=33 submit_us=28 present_us=300 terrain_lod=high blend=0.000 quality=中画质 marker=84 npc=56
[2026-08-17T11:10:19Z INFO  steel_front::engine::game] ai: npcs=8 near=8 far=0 idle=0 patrol=0 chase=0 attack=8 tactics=[8, 0, 0, 0, 0, 0, 0, 0]
[2026-08-17T11:10:19Z INFO  steel_front::engine::game] game: wave=1 enemies=8 enemy_hp=100 hp=100/100 score=0 phys_us=1 ai_us=510 audio_us=33 net_us=0
[2026-08-17T11:10:20Z INFO  steel_front] cam: yaw=0.0 pitch=0.0 dist=3.4 mode=FirstPerson cycle_us=2808 update_us=19 render_us=2788
[2026-08-17T11:10:20Z INFO  steel_front] size diag: window_inner=2560x1600 hud=2560x1600
[2026-08-17T11:10:20Z INFO  steel_front] size diag: window_inner=2560x1600 hud=2560x1600
[2026-08-17T11:10:20Z INFO  steel_front::engine::renderer] visible=65536/65536 near=65536 far=0 fps=367.7 frame_us=1795 cull_us=0 terrain_us=0 wait_fence_us=2114 acquire_us=1 record_us=27 submit_us=27 present_us=140 terrain_lod=high blend=0.000 quality=中画质 marker=84 npc=56
[2026-08-17T11:10:20Z INFO  steel_front] size diag: window_inner=2560x1600 hud=2560x1600
[2026-08-17T11:10:20Z INFO  steel_front] size diag: window_inner=2560x1600 hud=2560x1600
[2026-08-17T11:10:20Z INFO  steel_front] size diag: window_inner=2560x1600 hud=2560x1600
[2026-08-17T11:10:20Z INFO  steel_front] size diag: window_inner=2560x1600 hud=2560x1600
[2026-08-17T11:10:20Z INFO  steel_front] size diag: window_inner=2560x1600 hud=2560x1600
[2026-08-17T11:10:20Z INFO  steel_front] size diag: window_inner=2560x1600 hud=2560x1600
[2026-08-17T11:10:20Z INFO  steel_front] size diag: window_inner=2560x1600 hud=2560x1600
[2026-08-17T11:10:20Z INFO  steel_front] size diag: window_inner=2560x1600 hud=2560x1600
[2026-08-17T11:10:20Z INFO  steel_front] size diag: window_inner=2560x1600 hud=2560x1600
[2026-08-17T11:10:20Z INFO  steel_front] size diag: window_inner=2560x1600 hud=2560x1600
[2026-08-17T11:10:20Z INFO  steel_front] size diag: window_inner=2560x1600 hud=2560x1600
[2026-08-17T11:10:20Z INFO  steel_front] size diag: window_inner=2560x1600 hud=2560x1600
[2026-08-17T11:10:20Z INFO  steel_front] size diag: window_inner=2560x1600 hud=2560x1600
[2026-08-17T11:10:20Z INFO  steel_front] size diag: window_inner=2560x1600 hud=2560x1600
[2026-08-17T11:10:20Z INFO  steel_front] size diag: window_inner=2560x1600 hud=2560x1600
[2026-08-17T11:10:20Z INFO  steel_front] size diag: window_inner=2560x1600 hud=2560x1600
[2026-08-17T11:10:20Z INFO  steel_front] size diag: window_inner=2560x1600 hud=2560x1600
[2026-08-17T11:10:20Z INFO  steel_front::engine::game] ai: npcs=8 near=8 far=0 idle=0 patrol=0 chase=0 attack=8 tactics=[8, 0, 0, 0, 0, 0, 0, 0]
[2026-08-17T11:10:20Z INFO  steel_front::engine::game] game: wave=1 enemies=8 enemy_hp=100 hp=100/100 score=0 phys_us=1 ai_us=317 audio_us=14 net_us=0
[2026-08-17T11:10:21Z INFO  steel_front] cam: yaw=0.0 pitch=0.0 dist=3.4 mode=FirstPerson cycle_us=2766 update_us=39 render_us=2726
[2026-08-17T11:10:21Z INFO  steel_front::engine::renderer] visible=65536/65536 near=65536 far=0 fps=371.9 frame_us=2399 cull_us=0 terrain_us=0 wait_fence_us=1788 acquire_us=27 record_us=53 submit_us=49 present_us=214 terrain_lod=high blend=0.000 quality=中画质 marker=84 npc=56
[2026-08-17T11:10:21Z INFO  steel_front::engine::game] ai: npcs=8 near=8 far=0 idle=0 patrol=0 chase=0 attack=8 tactics=[8, 0, 0, 0, 0, 0, 0, 0]
[2026-08-17T11:10:21Z INFO  steel_front::engine::game] game: wave=1 enemies=8 enemy_hp=100 hp=100/100 score=0 phys_us=2 ai_us=451 audio_us=31 net_us=0
[2026-08-17T11:10:22Z INFO  steel_front] cam: yaw=0.0 pitch=0.0 dist=3.4 mode=FirstPerson cycle_us=2912 update_us=22 render_us=2889
[2026-08-17T11:10:22Z INFO  steel_front::engine::renderer] visible=65536/65536 near=65536 far=0 fps=370.9 frame_us=1941 cull_us=0 terrain_us=0 wait_fence_us=1777 acquire_us=1 record_us=54 submit_us=46 present_us=218 terrain_lod=high blend=0.000 quality=中画质 marker=84 npc=56
[2026-08-17T11:10:22Z INFO  steel_front::engine::game] ai: npcs=8 near=8 far=0 idle=0 patrol=0 chase=0 attack=8 tactics=[8, 0, 0, 0, 0, 0, 0, 0]
[2026-08-17T11:10:22Z INFO  steel_front::engine::game] game: wave=1 enemies=8 enemy_hp=100 hp=100/100 score=0 phys_us=2 ai_us=636 audio_us=26 net_us=0
[2026-08-17T11:10:23Z INFO  steel_front] cam: yaw=0.0 pitch=0.0 dist=3.4 mode=FirstPerson cycle_us=2508 update_us=43 render_us=2465
[2026-08-17T11:10:23Z INFO  steel_front::engine::renderer] visible=65536/65536 near=65536 far=0 fps=368.2 frame_us=2261 cull_us=0 terrain_us=0 wait_fence_us=2306 acquire_us=0 record_us=53 submit_us=59 present_us=154 terrain_lod=high blend=0.000 quality=中画质 marker=84 npc=56
[2026-08-17T11:10:23Z INFO  steel_front::engine::game] ai: npcs=8 near=8 far=0 idle=0 patrol=0 chase=0 attack=8 tactics=[8, 0, 0, 0, 0, 0, 0, 0]
[2026-08-17T11:10:23Z INFO  steel_front::engine::game] game: wave=1 enemies=8 enemy_hp=100 hp=100/100 score=0 phys_us=2 ai_us=698 audio_us=15 net_us=0
[2026-08-17T11:10:24Z INFO  steel_front] cam: yaw=0.0 pitch=0.0 dist=3.4 mode=FirstPerson cycle_us=2567 update_us=37 render_us=2529
[2026-08-17T11:10:24Z INFO  steel_front::engine::renderer] visible=65536/65536 near=65536 far=0 fps=369.4 frame_us=2626 cull_us=0 terrain_us=0 wait_fence_us=1788 acquire_us=1 record_us=52 submit_us=48 present_us=227 terrain_lod=high blend=0.000 quality=中画质 marker=84 npc=56
[2026-08-17T11:10:24Z INFO  steel_front::engine::game] ai: npcs=8 near=8 far=0 idle=0 patrol=0 chase=0 attack=8 tactics=[8, 0, 0, 0, 0, 0, 0, 0]
[2026-08-17T11:10:24Z INFO  steel_front::engine::game] game: wave=1 enemies=8 enemy_hp=100 hp=100/100 score=0 phys_us=1 ai_us=424 audio_us=25 net_us=0
[2026-08-17T11:10:25Z INFO  steel_front] cam: yaw=0.0 pitch=0.0 dist=3.4 mode=FirstPerson cycle_us=2835 update_us=35 render_us=2799
[2026-08-17T11:10:25Z INFO  steel_front] size diag: window_inner=2560x1600 hud=2560x1600
[2026-08-17T11:10:25Z INFO  steel_front] size diag: window_inner=2560x1600 hud=2560x1600
[2026-08-17T11:10:25Z INFO  steel_front] size diag: window_inner=2560x1600 hud=2560x1600
[2026-08-17T11:10:25Z INFO  steel_front] size diag: window_inner=2560x1600 hud=2560x1600
[2026-08-17T11:10:25Z INFO  steel_front] size diag: window_inner=2560x1600 hud=2560x1600
[2026-08-17T11:10:25Z INFO  steel_front::engine::renderer] visible=65536/65536 near=65536 far=0 fps=368.9 frame_us=1874 cull_us=1 terrain_us=0 wait_fence_us=2114 acquire_us=1 record_us=55 submit_us=55 present_us=235 terrain_lod=high blend=0.000 quality=中画质 marker=84 npc=56
[2026-08-17T11:10:25Z INFO  steel_front] size diag: window_inner=2560x1600 hud=2560x1600
[2026-08-17T11:10:25Z INFO  steel_front] size diag: window_inner=2560x1600 hud=2560x1600
[2026-08-17T11:10:25Z INFO  steel_front] size diag: window_inner=2560x1600 hud=2560x1600
[2026-08-17T11:10:25Z INFO  steel_front] size diag: window_inner=2560x1600 hud=2560x1600
[2026-08-17T11:10:25Z INFO  steel_front] size diag: window_inner=2560x1600 hud=2560x1600
[2026-08-17T11:10:25Z INFO  steel_front] size diag: window_inner=2560x1600 hud=2560x1600
[2026-08-17T11:10:25Z INFO  steel_front] size diag: window_inner=2560x1600 hud=2560x1600
[2026-08-17T11:10:25Z INFO  steel_front] size diag: window_inner=2560x1600 hud=2560x1600
[2026-08-17T11:10:25Z INFO  steel_front] size diag: window_inner=2560x1600 hud=2560x1600
[2026-08-17T11:10:25Z INFO  steel_front] size diag: window_inner=2560x1600 hud=2560x1600
[2026-08-17T11:10:25Z INFO  steel_front] size diag: window_inner=2560x1600 hud=2560x1600
[2026-08-17T11:10:25Z INFO  steel_front] size diag: window_inner=2560x1600 hud=2560x1600
[2026-08-17T11:10:25Z INFO  steel_front] size diag: window_inner=2560x1600 hud=2560x1600
[2026-08-17T11:10:25Z INFO  steel_front::engine::game] ai: npcs=8 near=8 far=0 idle=0 patrol=0 chase=0 attack=8 tactics=[8, 0, 0, 0, 0, 0, 0, 0]
[2026-08-17T11:10:25Z INFO  steel_front::engine::game] game: wave=1 enemies=8 enemy_hp=100 hp=100/100 score=0 phys_us=1 ai_us=375 audio_us=24 net_us=0
[2026-08-17T11:10:26Z INFO  steel_front] cam: yaw=0.0 pitch=0.0 dist=3.4 mode=FirstPerson cycle_us=2957 update_us=36 render_us=2921
[2026-08-17T11:10:26Z INFO  steel_front::engine::renderer] visible=65536/65536 near=65536 far=0 fps=369.6 frame_us=2513 cull_us=2 terrain_us=0 wait_fence_us=1773 acquire_us=2 record_us=40 submit_us=77 present_us=311 terrain_lod=high blend=0.000 quality=中画质 marker=84 npc=56
[2026-08-17T11:10:26Z INFO  steel_front::engine::game] ai: npcs=8 near=8 far=0 idle=0 patrol=0 chase=0 attack=8 tactics=[8, 0, 0, 0, 0, 0, 0, 0]
[2026-08-17T11:10:26Z INFO  steel_front::engine::game] game: wave=1 enemies=8 enemy_hp=100 hp=100/100 score=0 phys_us=2 ai_us=603 audio_us=19 net_us=0
[2026-08-17T11:10:27Z INFO  steel_front] cam: yaw=0.0 pitch=0.0 dist=3.4 mode=FirstPerson cycle_us=2568 update_us=24 render_us=2543
[2026-08-17T11:10:27Z INFO  steel_front::engine::renderer] visible=65536/65536 near=65536 far=0 fps=368.0 frame_us=2408 cull_us=0 terrain_us=0 wait_fence_us=1842 acquire_us=1 record_us=54 submit_us=93 present_us=236 terrain_lod=high blend=0.000 quality=中画质 marker=84 npc=56
[2026-08-17T11:10:27Z INFO  steel_front::engine::game] ai: npcs=8 near=8 far=0 idle=0 patrol=0 chase=0 attack=8 tactics=[8, 0, 0, 0, 0, 0, 0, 0]
[2026-08-17T11:10:27Z INFO  steel_front::engine::game] game: wave=1 enemies=8 enemy_hp=100 hp=100/100 score=0 phys_us=1 ai_us=443 audio_us=25 net_us=0
[2026-08-17T11:10:28Z INFO  steel_front] cam: yaw=0.0 pitch=0.0 dist=3.4 mode=FirstPerson cycle_us=2449 update_us=34 render_us=2414
[2026-08-17T11:10:28Z INFO  steel_front::engine::renderer] visible=65536/65536 near=65536 far=0 fps=363.5 frame_us=2912 cull_us=0 terrain_us=0 wait_fence_us=1533 acquire_us=1 record_us=120 submit_us=105 present_us=276 terrain_lod=high blend=0.000 quality=中画质 marker=84 npc=56
[2026-08-17T11:10:28Z INFO  steel_front::engine::game] ai: npcs=8 near=8 far=0 idle=0 patrol=0 chase=0 attack=8 tactics=[8, 0, 0, 0, 0, 0, 0, 0]
[2026-08-17T11:10:28Z INFO  steel_front::engine::game] game: wave=1 enemies=8 enemy_hp=100 hp=100/100 score=0 phys_us=3 ai_us=546 audio_us=29 net_us=0
[2026-08-17T11:10:29Z INFO  steel_front] cam: yaw=0.0 pitch=0.0 dist=3.4 mode=FirstPerson cycle_us=2595 update_us=44 render_us=2551
[2026-08-17T11:10:29Z INFO  steel_front::engine::renderer] visible=65536/65536 near=65536 far=0 fps=367.4 frame_us=2104 cull_us=1 terrain_us=0 wait_fence_us=2110 acquire_us=1 record_us=87 submit_us=28 present_us=301 terrain_lod=high blend=0.000 quality=中画质 marker=84 npc=56
[2026-08-17T11:10:29Z INFO  steel_front::engine::game] ai: npcs=8 near=8 far=0 idle=0 patrol=0 chase=0 attack=8 tactics=[8, 0, 0, 0, 0, 0, 0, 0]
[2026-08-17T11:10:29Z INFO  steel_front::engine::game] game: wave=1 enemies=8 enemy_hp=100 hp=100/100 score=0 phys_us=1 ai_us=452 audio_us=31 net_us=0
[2026-08-17T11:10:30Z INFO  steel_front] cam: yaw=0.0 pitch=0.0 dist=3.4 mode=FirstPerson cycle_us=2487 update_us=42 render_us=2444
[2026-08-17T11:10:30Z INFO  steel_front] size diag: window_inner=2560x1600 hud=2560x1600
[2026-08-17T11:10:30Z INFO  steel_front] size diag: window_inner=2560x1600 hud=2560x1600
[2026-08-17T11:10:30Z INFO  steel_front] size diag: window_inner=2560x1600 hud=2560x1600
[2026-08-17T11:10:30Z INFO  steel_front] size diag: window_inner=2560x1600 hud=2560x1600
[2026-08-17T11:10:30Z INFO  steel_front] size diag: window_inner=2560x1600 hud=2560x1600
[2026-08-17T11:10:30Z INFO  steel_front] size diag: window_inner=2560x1600 hud=2560x1600
[2026-08-17T11:10:30Z INFO  steel_front] size diag: window_inner=2560x1600 hud=2560x1600
[2026-08-17T11:10:30Z INFO  steel_front] size diag: window_inner=2560x1600 hud=2560x1600
[2026-08-17T11:10:30Z INFO  steel_front::engine::renderer] visible=65536/65536 near=65536 far=0 fps=368.1 frame_us=2176 cull_us=0 terrain_us=0 wait_fence_us=1343 acquire_us=0 record_us=74 submit_us=110 present_us=253 terrain_lod=high blend=0.000 quality=中画质 marker=84 npc=56
[2026-08-17T11:10:30Z INFO  steel_front] size diag: window_inner=2560x1600 hud=2560x1600
[2026-08-17T11:10:30Z INFO  steel_front] size diag: window_inner=2560x1600 hud=2560x1600
[2026-08-17T11:10:30Z INFO  steel_front] size diag: window_inner=2560x1600 hud=2560x1600
[2026-08-17T11:10:30Z INFO  steel_front] size diag: window_inner=2560x1600 hud=2560x1600
[2026-08-17T11:10:30Z INFO  steel_front] size diag: window_inner=2560x1600 hud=2560x1600
[2026-08-17T11:10:30Z INFO  steel_front] size diag: window_inner=2560x1600 hud=2560x1600
[2026-08-17T11:10:30Z INFO  steel_front] size diag: window_inner=2560x1600 hud=2560x1600
[2026-08-17T11:10:30Z INFO  steel_front] size diag: window_inner=2560x1600 hud=2560x1600
[2026-08-17T11:10:30Z INFO  steel_front] size diag: window_inner=2560x1600 hud=2560x1600
[2026-08-17T11:10:30Z INFO  steel_front] size diag: window_inner=2560x1600 hud=2560x1600
[2026-08-17T11:10:30Z INFO  steel_front::engine::game] ai: npcs=8 near=8 far=0 idle=0 patrol=0 chase=0 attack=8 tactics=[8, 0, 0, 0, 0, 0, 0, 0]
[2026-08-17T11:10:30Z INFO  steel_front::engine::game] game: wave=1 enemies=8 enemy_hp=100 hp=100/100 score=0 phys_us=4 ai_us=401 audio_us=33 net_us=0
[2026-08-17T11:10:31Z INFO  steel_front] cam: yaw=0.0 pitch=0.0 dist=3.4 mode=FirstPerson cycle_us=2492 update_us=35 render_us=2456
[2026-08-17T11:10:31Z INFO  steel_front::engine::renderer] visible=65536/65536 near=65536 far=0 fps=369.7 frame_us=2402 cull_us=0 terrain_us=0 wait_fence_us=1871 acquire_us=1 record_us=49 submit_us=49 present_us=199 terrain_lod=high blend=0.000 quality=中画质 marker=84 npc=56
[2026-08-17T11:10:31Z INFO  steel_front::engine::game] ai: npcs=8 near=8 far=0 idle=0 patrol=0 chase=0 attack=8 tactics=[8, 0, 0, 0, 0, 0, 0, 0]
[2026-08-17T11:10:31Z INFO  steel_front::engine::game] game: wave=1 enemies=8 enemy_hp=100 hp=100/100 score=0 phys_us=2 ai_us=430 audio_us=17 net_us=0
[2026-08-17T11:10:32Z INFO  steel_front] cam: yaw=0.0 pitch=0.0 dist=3.4 mode=FirstPerson cycle_us=2775 update_us=40 render_us=2735
[2026-08-17T11:10:32Z INFO  steel_front::engine::renderer] visible=65536/65536 near=65536 far=0 fps=371.1 frame_us=2060 cull_us=0 terrain_us=0 wait_fence_us=2178 acquire_us=1 record_us=52 submit_us=46 present_us=212 terrain_lod=high blend=0.000 quality=中画质 marker=84 npc=56
[2026-08-17T11:10:32Z INFO  steel_front::engine::game] ai: npcs=8 near=8 far=0 idle=0 patrol=0 chase=0 attack=8 tactics=[8, 0, 0, 0, 0, 0, 0, 0]
[2026-08-17T11:10:32Z INFO  steel_front::engine::game] game: wave=1 enemies=8 enemy_hp=100 hp=100/100 score=0 phys_us=2 ai_us=554 audio_us=14 net_us=0
[2026-08-17T11:10:33Z INFO  steel_front] cam: yaw=0.0 pitch=0.0 dist=3.4 mode=FirstPerson cycle_us=2583 update_us=38 render_us=2545
[2026-08-17T11:10:33Z INFO  steel_front::engine::renderer] visible=65536/65536 near=65536 far=0 fps=370.2 frame_us=2398 cull_us=0 terrain_us=0 wait_fence_us=1762 acquire_us=0 record_us=42 submit_us=34 present_us=208 terrain_lod=high blend=0.000 quality=中画质 marker=84 npc=56
[2026-08-17T11:10:34Z INFO  steel_front::engine::game] ai: npcs=8 near=8 far=0 idle=0 patrol=0 chase=0 attack=8 tactics=[8, 0, 0, 0, 0, 0, 0, 0]
[2026-08-17T11:10:34Z INFO  steel_front::engine::game] game: wave=1 enemies=8 enemy_hp=100 hp=100/100 score=0 phys_us=3 ai_us=468 audio_us=14 net_us=0
[2026-08-17T11:10:34Z INFO  steel_front] cam: yaw=0.0 pitch=0.0 dist=3.4 mode=FirstPerson cycle_us=2805 update_us=20 render_us=2785
[2026-08-17T11:10:34Z INFO  steel_front::engine::renderer] visible=65536/65536 near=65536 far=0 fps=369.9 frame_us=2909 cull_us=0 terrain_us=0 wait_fence_us=1697 acquire_us=0 record_us=44 submit_us=37 present_us=235 terrain_lod=high blend=0.000 quality=中画质 marker=84 npc=56
[2026-08-17T11:10:35Z INFO  steel_front::engine::game] ai: npcs=8 near=8 far=0 idle=0 patrol=0 chase=0 attack=8 tactics=[8, 0, 0, 0, 0, 0, 0, 0]
[2026-08-17T11:10:35Z INFO  steel_front::engine::game] game: wave=1 enemies=8 enemy_hp=100 hp=100/100 score=0 phys_us=2 ai_us=501 audio_us=14 net_us=0
[2026-08-17T11:10:35Z INFO  steel_front] cam: yaw=0.0 pitch=0.0 dist=3.4 mode=FirstPerson cycle_us=2528 update_us=42 render_us=2486
[2026-08-17T11:10:35Z INFO  steel_front] size diag: window_inner=2560x1600 hud=2560x1600
[2026-08-17T11:10:35Z INFO  steel_front] size diag: window_inner=2560x1600 hud=2560x1600
[2026-08-17T11:10:35Z INFO  steel_front] size diag: window_inner=2560x1600 hud=2560x1600
[2026-08-17T11:10:35Z INFO  steel_front] size diag: window_inner=2560x1600 hud=2560x1600
[2026-08-17T11:10:35Z INFO  steel_front] size diag: window_inner=2560x1600 hud=2560x1600
[2026-08-17T11:10:35Z INFO  steel_front] size diag: window_inner=2560x1600 hud=2560x1600
[2026-08-17T11:10:35Z INFO  steel_front] size diag: window_inner=2560x1600 hud=2560x1600
[2026-08-17T11:10:35Z INFO  steel_front] size diag: window_inner=2560x1600 hud=2560x1600
[2026-08-17T11:10:35Z INFO  steel_front] size diag: window_inner=2560x1600 hud=2560x1600
[2026-08-17T11:10:35Z INFO  steel_front] size diag: window_inner=2560x1600 hud=2560x1600
[2026-08-17T11:10:35Z INFO  steel_front] size diag: window_inner=2560x1600 hud=2560x1600
[2026-08-17T11:10:35Z INFO  steel_front] size diag: window_inner=2560x1600 hud=2560x1600
[2026-08-17T11:10:35Z INFO  steel_front::engine::renderer] visible=65536/65536 near=65536 far=0 fps=370.8 frame_us=2628 cull_us=0 terrain_us=0 wait_fence_us=1870 acquire_us=0 record_us=24 submit_us=37 present_us=124 terrain_lod=high blend=0.000 quality=中画质 marker=84 npc=56
[2026-08-17T11:10:35Z INFO  steel_front] size diag: window_inner=2560x1600 hud=2560x1600
[2026-08-17T11:10:35Z INFO  steel_front] size diag: window_inner=2560x1600 hud=2560x1600
[2026-08-17T11:10:35Z INFO  steel_front] size diag: window_inner=2560x1600 hud=2560x1600
[2026-08-17T11:10:35Z INFO  steel_front] size diag: window_inner=2560x1600 hud=2560x1600
[2026-08-17T11:10:35Z INFO  steel_front] size diag: window_inner=2560x1600 hud=2560x1600
[2026-08-17T11:10:35Z INFO  steel_front] size diag: window_inner=2560x1600 hud=2560x1600
[2026-08-17T11:10:35Z INFO  steel_front] size diag: window_inner=2560x1600 hud=2560x1600
[2026-08-17T11:10:36Z INFO  steel_front::engine::game] ai: npcs=8 near=8 far=0 idle=0 patrol=0 chase=0 attack=8 tactics=[8, 0, 0, 0, 0, 0, 0, 0]
[2026-08-17T11:10:36Z INFO  steel_front::engine::game] game: wave=1 enemies=8 enemy_hp=100 hp=100/100 score=0 phys_us=2 ai_us=432 audio_us=21 net_us=0
[2026-08-17T11:10:36Z INFO  steel_front] cam: yaw=0.0 pitch=0.0 dist=3.4 mode=FirstPerson cycle_us=2926 update_us=27 render_us=2899
[2026-08-17T11:10:36Z INFO  steel_front::engine::renderer] visible=65536/65536 near=65536 far=0 fps=370.9 frame_us=2726 cull_us=0 terrain_us=0 wait_fence_us=1807 acquire_us=1 record_us=41 submit_us=36 present_us=205 terrain_lod=high blend=0.000 quality=中画质 marker=84 npc=56
[2026-08-17T11:10:37Z INFO  steel_front::engine::game] ai: npcs=8 near=8 far=0 idle=0 patrol=0 chase=0 attack=8 tactics=[8, 0, 0, 0, 0, 0, 0, 0]
[2026-08-17T11:10:37Z INFO  steel_front::engine::game] game: wave=1 enemies=8 enemy_hp=100 hp=100/100 score=0 phys_us=2 ai_us=474 audio_us=27 net_us=0
[2026-08-17T11:10:37Z INFO  steel_front] cam: yaw=0.0 pitch=0.0 dist=3.4 mode=FirstPerson cycle_us=2780 update_us=20 render_us=2759
[2026-08-17T11:10:37Z INFO  steel_front::engine::renderer] visible=65536/65536 near=65536 far=0 fps=371.2 frame_us=1882 cull_us=0 terrain_us=0 wait_fence_us=2371 acquire_us=1 record_us=25 submit_us=20 present_us=132 terrain_lod=high blend=0.000 quality=中画质 marker=84 npc=56
[2026-08-17T11:10:38Z INFO  steel_front::engine::game] ai: npcs=8 near=8 far=0 idle=0 patrol=0 chase=0 attack=8 tactics=[8, 0, 0, 0, 0, 0, 0, 0]
[2026-08-17T11:10:38Z INFO  steel_front::engine::game] game: wave=1 enemies=8 enemy_hp=100 hp=100/100 score=0 phys_us=2 ai_us=594 audio_us=32 net_us=0
[2026-08-17T11:10:38Z INFO  steel_front] cam: yaw=0.0 pitch=0.0 dist=3.4 mode=FirstPerson cycle_us=2472 update_us=39 render_us=2432
[2026-08-17T11:10:38Z INFO  steel_front::engine::renderer] visible=65536/65536 near=65536 far=0 fps=367.8 frame_us=2328 cull_us=1 terrain_us=0 wait_fence_us=2180 acquire_us=1 record_us=42 submit_us=31 present_us=246 terrain_lod=high blend=0.000 quality=中画质 marker=84 npc=56
[2026-08-17T11:10:39Z INFO  steel_front::engine::game] ai: npcs=8 near=8 far=0 idle=0 patrol=0 chase=0 attack=8 tactics=[8, 0, 0, 0, 0, 0, 0, 0]
[2026-08-17T11:10:39Z INFO  steel_front::engine::game] game: wave=1 enemies=8 enemy_hp=100 hp=100/100 score=0 phys_us=2 ai_us=385 audio_us=23 net_us=0
[2026-08-17T11:10:39Z INFO  steel_front] cam: yaw=0.0 pitch=0.0 dist=3.4 mode=FirstPerson cycle_us=2366 update_us=34 render_us=2332
[2026-08-17T11:10:39Z INFO  steel_front::engine::renderer] visible=65536/65536 near=65536 far=0 fps=370.2 frame_us=2453 cull_us=1 terrain_us=0 wait_fence_us=2230 acquire_us=1 record_us=25 submit_us=52 present_us=133 terrain_lod=high blend=0.000 quality=中画质 marker=84 npc=56
[2026-08-17T11:10:40Z INFO  steel_front::engine::game] ai: npcs=8 near=8 far=0 idle=0 patrol=0 chase=0 attack=8 tactics=[8, 0, 0, 0, 0, 0, 0, 0]
[2026-08-17T11:10:40Z INFO  steel_front::engine::game] game: wave=1 enemies=8 enemy_hp=100 hp=100/100 score=0 phys_us=2 ai_us=540 audio_us=24 net_us=0
[2026-08-17T11:10:40Z INFO  steel_front] cam: yaw=0.0 pitch=0.0 dist=3.4 mode=FirstPerson cycle_us=3111 update_us=19 render_us=3091
[2026-08-17T11:10:40Z INFO  steel_front] size diag: window_inner=2560x1600 hud=2560x1600
[2026-08-17T11:10:40Z INFO  steel_front] size diag: window_inner=2560x1600 hud=2560x1600
[2026-08-17T11:10:40Z INFO  steel_front] size diag: window_inner=2560x1600 hud=2560x1600
[2026-08-17T11:10:40Z INFO  steel_front] size diag: window_inner=2560x1600 hud=2560x1600
[2026-08-17T11:10:40Z INFO  steel_front] size diag: window_inner=2560x1600 hud=2560x1600
[2026-08-17T11:10:40Z INFO  steel_front] size diag: window_inner=2560x1600 hud=2560x1600
[2026-08-17T11:10:40Z INFO  steel_front] size diag: window_inner=2560x1600 hud=2560x1600
[2026-08-17T11:10:40Z INFO  steel_front] size diag: window_inner=2560x1600 hud=2560x1600
[2026-08-17T11:10:40Z INFO  steel_front] size diag: window_inner=2560x1600 hud=2560x1600
[2026-08-17T11:10:40Z INFO  steel_front] size diag: window_inner=2560x1600 hud=2560x1600
[2026-08-17T11:10:40Z INFO  steel_front] size diag: window_inner=2560x1600 hud=2560x1600
[2026-08-17T11:10:40Z INFO  steel_front] size diag: window_inner=2560x1600 hud=2560x1600
[2026-08-17T11:10:40Z INFO  steel_front] size diag: window_inner=2560x1600 hud=2560x1600
[2026-08-17T11:10:40Z INFO  steel_front] size diag: window_inner=2560x1600 hud=2560x1600
[2026-08-17T11:10:40Z INFO  steel_front::engine::renderer] visible=65536/65536 near=65536 far=0 fps=369.7 frame_us=1831 cull_us=0 terrain_us=0 wait_fence_us=1701 acquire_us=1 record_us=23 submit_us=18 present_us=151 terrain_lod=high blend=0.000 quality=中画质 marker=84 npc=56
[2026-08-17T11:10:40Z INFO  steel_front] size diag: window_inner=2560x1600 hud=2560x1600
[2026-08-17T11:10:40Z INFO  steel_front] size diag: window_inner=2560x1600 hud=2560x1600
[2026-08-17T11:10:40Z INFO  steel_front] size diag: window_inner=2560x1600 hud=2560x1600
[2026-08-17T11:10:40Z INFO  steel_front] size diag: window_inner=2560x1600 hud=2560x1600
[2026-08-17T11:10:41Z INFO  steel_front::engine::game] ai: npcs=8 near=8 far=0 idle=0 patrol=0 chase=0 attack=8 tactics=[8, 0, 0, 0, 0, 0, 0, 0]
[2026-08-17T11:10:41Z INFO  steel_front::engine::game] game: wave=1 enemies=8 enemy_hp=100 hp=100/100 score=0 phys_us=4 ai_us=513 audio_us=28 net_us=0
[2026-08-17T11:10:41Z INFO  steel_front] cam: yaw=0.0 pitch=0.0 dist=3.4 mode=FirstPerson cycle_us=2529 update_us=37 render_us=2490
[2026-08-17T11:10:41Z INFO  steel_front::engine::renderer] visible=65536/65536 near=65536 far=0 fps=368.9 frame_us=2167 cull_us=0 terrain_us=0 wait_fence_us=2057 acquire_us=0 record_us=42 submit_us=31 present_us=222 terrain_lod=high blend=0.000 quality=中画质 marker=84 npc=56
[2026-08-17T11:10:42Z INFO  steel_front::engine::game] ai: npcs=8 near=8 far=0 idle=0 patrol=0 chase=0 attack=8 tactics=[8, 0, 0, 0, 0, 0, 0, 0]
[2026-08-17T11:10:42Z INFO  steel_front::engine::game] game: wave=1 enemies=8 enemy_hp=100 hp=100/100 score=0 phys_us=2 ai_us=452 audio_us=17 net_us=0
[2026-08-17T11:10:42Z INFO  steel_front] cam: yaw=0.0 pitch=0.0 dist=3.4 mode=FirstPerson cycle_us=2358 update_us=38 render_us=2320
[2026-08-17T11:10:42Z INFO  steel_front::engine::renderer] visible=65536/65536 near=65536 far=0 fps=369.2 frame_us=2021 cull_us=0 terrain_us=0 wait_fence_us=2010 acquire_us=1 record_us=24 submit_us=39 present_us=129 terrain_lod=high blend=0.000 quality=中画质 marker=84 npc=56
[2026-08-17T11:10:43Z INFO  steel_front::engine::game] ai: npcs=8 near=8 far=0 idle=0 patrol=0 chase=0 attack=8 tactics=[8, 0, 0, 0, 0, 0, 0, 0]
[2026-08-17T11:10:43Z INFO  steel_front::engine::game] game: wave=1 enemies=8 enemy_hp=100 hp=100/100 score=0 phys_us=2 ai_us=240 audio_us=32 net_us=0
[2026-08-17T11:10:43Z INFO  steel_front] cam: yaw=0.0 pitch=0.0 dist=3.4 mode=FirstPerson cycle_us=2600 update_us=35 render_us=2564
[2026-08-17T11:10:43Z INFO  steel_front::engine::renderer] visible=65536/65536 near=65536 far=0 fps=370.8 frame_us=2404 cull_us=0 terrain_us=0 wait_fence_us=1748 acquire_us=0 record_us=43 submit_us=36 present_us=210 terrain_lod=high blend=0.000 quality=中画质 marker=84 npc=56
[2026-08-17T11:10:44Z INFO  steel_front::engine::game] ai: npcs=8 near=8 far=0 idle=0 patrol=0 chase=0 attack=8 tactics=[8, 0, 0, 0, 0, 0, 0, 0]
[2026-08-17T11:10:44Z INFO  steel_front::engine::game] game: wave=1 enemies=8 enemy_hp=100 hp=100/100 score=0 phys_us=3 ai_us=607 audio_us=46 net_us=0
[2026-08-17T11:10:44Z INFO  steel_front] cam: yaw=0.0 pitch=0.0 dist=3.4 mode=FirstPerson cycle_us=2928 update_us=19 render_us=2909
[2026-08-17T11:10:44Z INFO  steel_front::engine::renderer] visible=65536/65536 near=65536 far=0 fps=370.5 frame_us=2454 cull_us=0 terrain_us=0 wait_fence_us=2085 acquire_us=1 record_us=27 submit_us=21 present_us=271 terrain_lod=high blend=0.000 quality=中画质 marker=84 npc=56
[2026-08-17T11:10:45Z INFO  steel_front::engine::game] ai: npcs=8 near=8 far=0 idle=0 patrol=0 chase=0 attack=8 tactics=[8, 0, 0, 0, 0, 0, 0, 0]
[2026-08-17T11:10:45Z INFO  steel_front::engine::game] game: wave=1 enemies=8 enemy_hp=100 hp=100/100 score=0 phys_us=2 ai_us=472 audio_us=15 net_us=0
[2026-08-17T11:10:45Z INFO  steel_front] cam: yaw=0.0 pitch=0.0 dist=3.4 mode=FirstPerson cycle_us=2487 update_us=43 render_us=2444
[2026-08-17T11:10:45Z INFO  steel_front] size diag: window_inner=2560x1600 hud=2560x1600
[2026-08-17T11:10:45Z INFO  steel_front] size diag: window_inner=2560x1600 hud=2560x1600
[2026-08-17T11:10:45Z INFO  steel_front] size diag: window_inner=2560x1600 hud=2560x1600
[2026-08-17T11:10:45Z INFO  steel_front] size diag: window_inner=2560x1600 hud=2560x1600
[2026-08-17T11:10:45Z INFO  steel_front] size diag: window_inner=2560x1600 hud=2560x1600
[2026-08-17T11:10:45Z INFO  steel_front] size diag: window_inner=2560x1600 hud=2560x1600
[2026-08-17T11:10:45Z INFO  steel_front] size diag: window_inner=2560x1600 hud=2560x1600
[2026-08-17T11:10:45Z INFO  steel_front] size diag: window_inner=2560x1600 hud=2560x1600
[2026-08-17T11:10:45Z INFO  steel_front] size diag: window_inner=2560x1600 hud=2560x1600
[2026-08-17T11:10:45Z INFO  steel_front] size diag: window_inner=2560x1600 hud=2560x1600
[2026-08-17T11:10:45Z INFO  steel_front] size diag: window_inner=2560x1600 hud=2560x1600
[2026-08-17T11:10:45Z INFO  steel_front] size diag: window_inner=2560x1600 hud=2560x1600
[2026-08-17T11:10:45Z INFO  steel_front] size diag: window_inner=2560x1600 hud=2560x1600
[2026-08-17T11:10:45Z INFO  steel_front] size diag: window_inner=2560x1600 hud=2560x1600
[2026-08-17T11:10:45Z INFO  steel_front] size diag: window_inner=2560x1600 hud=2560x1600
[2026-08-17T11:10:45Z INFO  steel_front] size diag: window_inner=2560x1600 hud=2560x1600
[2026-08-17T11:10:45Z INFO  steel_front] size diag: window_inner=2560x1600 hud=2560x1600
[2026-08-17T11:10:45Z INFO  steel_front::engine::renderer] visible=65536/65536 near=65536 far=0 fps=369.7 frame_us=2118 cull_us=0 terrain_us=0 wait_fence_us=1884 acquire_us=0 record_us=45 submit_us=36 present_us=225 terrain_lod=high blend=0.000 quality=中画质 marker=84 npc=56
[2026-08-17T11:10:45Z INFO  steel_front] size diag: window_inner=2560x1600 hud=2560x1600
[2026-08-17T11:10:45Z INFO  steel_front] size diag: window_inner=2560x1600 hud=2560x1600
[2026-08-17T11:10:46Z INFO  steel_front::engine::game] ai: npcs=8 near=8 far=0 idle=0 patrol=0 chase=0 attack=8 tactics=[8, 0, 0, 0, 0, 0, 0, 0]
[2026-08-17T11:10:46Z INFO  steel_front::engine::game] game: wave=1 enemies=8 enemy_hp=100 hp=100/100 score=0 phys_us=2 ai_us=461 audio_us=24 net_us=0
[2026-08-17T11:10:46Z INFO  steel_front] cam: yaw=0.0 pitch=0.0 dist=3.4 mode=FirstPerson cycle_us=2684 update_us=39 render_us=2645
[2026-08-17T11:10:46Z INFO  steel_front::engine::renderer] visible=65536/65536 near=65536 far=0 fps=371.1 frame_us=2378 cull_us=1 terrain_us=0 wait_fence_us=1874 acquire_us=1 record_us=24 submit_us=31 present_us=271 terrain_lod=high blend=0.000 quality=中画质 marker=84 npc=56
[2026-08-17T11:10:47Z INFO  steel_front::engine::game] ai: npcs=8 near=8 far=0 idle=0 patrol=0 chase=0 attack=8 tactics=[8, 0, 0, 0, 0, 0, 0, 0]
[2026-08-17T11:10:47Z INFO  steel_front::engine::game] game: wave=1 enemies=8 enemy_hp=100 hp=100/100 score=0 phys_us=2 ai_us=438 audio_us=18 net_us=0
[2026-08-17T11:10:47Z INFO  steel_front] cam: yaw=0.0 pitch=0.0 dist=3.4 mode=FirstPerson cycle_us=2897 update_us=35 render_us=2861
[2026-08-17T11:10:47Z INFO  steel_front::engine::renderer] visible=65536/65536 near=65536 far=0 fps=371.7 frame_us=2488 cull_us=1 terrain_us=0 wait_fence_us=2118 acquire_us=1 record_us=23 submit_us=38 present_us=208 terrain_lod=high blend=0.000 quality=中画质 marker=84 npc=56
[2026-08-17T11:10:48Z INFO  steel_front::engine::game] ai: npcs=8 near=8 far=0 idle=0 patrol=0 chase=0 attack=8 tactics=[8, 0, 0, 0, 0, 0, 0, 0]
[2026-08-17T11:10:48Z INFO  steel_front::engine::game] game: wave=1 enemies=8 enemy_hp=100 hp=100/100 score=0 phys_us=2 ai_us=484 audio_us=28 net_us=0
[2026-08-17T11:10:48Z INFO  steel_front] cam: yaw=0.0 pitch=0.0 dist=3.4 mode=FirstPerson cycle_us=2447 update_us=36 render_us=2410
[2026-08-17T11:10:48Z INFO  steel_front::engine::renderer] visible=65536/65536 near=65536 far=0 fps=367.9 frame_us=2284 cull_us=0 terrain_us=0 wait_fence_us=2015 acquire_us=0 record_us=56 submit_us=68 present_us=551 terrain_lod=high blend=0.000 quality=中画质 marker=84 npc=56
[2026-08-17T11:10:49Z INFO  steel_front::engine::game] ai: npcs=8 near=8 far=0 idle=0 patrol=0 chase=0 attack=8 tactics=[8, 0, 0, 0, 0, 0, 0, 0]
[2026-08-17T11:10:49Z INFO  steel_front::engine::game] game: wave=1 enemies=8 enemy_hp=100 hp=100/100 score=0 phys_us=2 ai_us=429 audio_us=15 net_us=0
[2026-08-17T11:10:49Z INFO  steel_front] cam: yaw=0.0 pitch=0.0 dist=3.4 mode=FirstPerson cycle_us=2703 update_us=38 render_us=2665
[2026-08-17T11:10:49Z INFO  steel_front::engine::renderer] visible=65536/65536 near=65536 far=0 fps=370.1 frame_us=2331 cull_us=1 terrain_us=0 wait_fence_us=1681 acquire_us=1 record_us=84 submit_us=33 present_us=231 terrain_lod=high blend=0.000 quality=中画质 marker=84 npc=56
[2026-08-17T11:10:50Z INFO  steel_front::engine::game] ai: npcs=8 near=8 far=0 idle=0 patrol=0 chase=0 attack=8 tactics=[8, 0, 0, 0, 0, 0, 0, 0]
[2026-08-17T11:10:50Z INFO  steel_front::engine::game] game: wave=1 enemies=8 enemy_hp=100 hp=100/100 score=0 phys_us=1 ai_us=428 audio_us=18 net_us=0
[2026-08-17T11:10:50Z INFO  steel_front] cam: yaw=0.0 pitch=0.0 dist=3.4 mode=FirstPerson cycle_us=2404 update_us=38 render_us=2366
[2026-08-17T11:10:50Z INFO  steel_front] size diag: window_inner=2560x1600 hud=2560x1600
[2026-08-17T11:10:50Z INFO  steel_front] size diag: window_inner=2560x1600 hud=2560x1600
[2026-08-17T11:10:50Z INFO  steel_front] size diag: window_inner=2560x1600 hud=2560x1600
[2026-08-17T11:10:50Z INFO  steel_front] size diag: window_inner=2560x1600 hud=2560x1600
[2026-08-17T11:10:50Z INFO  steel_front] size diag: window_inner=2560x1600 hud=2560x1600
[2026-08-17T11:10:50Z INFO  steel_front] size diag: window_inner=2560x1600 hud=2560x1600
[2026-08-17T11:10:50Z INFO  steel_front] size diag: window_inner=2560x1600 hud=2560x1600
[2026-08-17T11:10:50Z INFO  steel_front] size diag: window_inner=2560x1600 hud=2560x1600
[2026-08-17T11:10:50Z INFO  steel_front] size diag: window_inner=2560x1600 hud=2560x1600
[2026-08-17T11:10:50Z INFO  steel_front] size diag: window_inner=2560x1600 hud=2560x1600
[2026-08-17T11:10:50Z INFO  steel_front] size diag: window_inner=2560x1600 hud=2560x1600
[2026-08-17T11:10:50Z INFO  steel_front] size diag: window_inner=2560x1600 hud=2560x1600
[2026-08-17T11:10:50Z INFO  steel_front] size diag: window_inner=2560x1600 hud=2560x1600
[2026-08-17T11:10:50Z INFO  steel_front] size diag: window_inner=2560x1600 hud=2560x1600
[2026-08-17T11:10:50Z INFO  steel_front] size diag: window_inner=2560x1600 hud=2560x1600
[2026-08-17T11:10:50Z INFO  steel_front] size diag: window_inner=2560x1600 hud=2560x1600
[2026-08-17T11:10:50Z INFO  steel_front] size diag: window_inner=2560x1600 hud=2560x1600
[2026-08-17T11:10:50Z INFO  steel_front] size diag: window_inner=2560x1600 hud=2560x1600
[2026-08-17T11:10:50Z INFO  steel_front::engine::renderer] visible=65536/65536 near=65536 far=0 fps=370.5 frame_us=2039 cull_us=1 terrain_us=0 wait_fence_us=1410 acquire_us=1 record_us=30 submit_us=32 present_us=252 terrain_lod=high blend=0.000 quality=中画质 marker=84 npc=56
[2026-08-17T11:10:51Z INFO  steel_front::engine::game] ai: npcs=8 near=8 far=0 idle=0 patrol=0 chase=0 attack=8 tactics=[8, 0, 0, 0, 0, 0, 0, 0]
[2026-08-17T11:10:51Z INFO  steel_front::engine::game] game: wave=1 enemies=8 enemy_hp=100 hp=100/100 score=0 phys_us=1 ai_us=407 audio_us=27 net_us=0
[2026-08-17T11:10:51Z INFO  steel_front] cam: yaw=0.0 pitch=0.0 dist=3.4 mode=FirstPerson cycle_us=2944 update_us=19 render_us=2925
[2026-08-17T11:10:51Z INFO  steel_front::engine::renderer] visible=65536/65536 near=65536 far=0 fps=371.2 frame_us=2816 cull_us=1 terrain_us=0 wait_fence_us=2109 acquire_us=1 record_us=46 submit_us=33 present_us=461 terrain_lod=high blend=0.000 quality=中画质 marker=84 npc=56
[2026-08-17T11:10:52Z INFO  steel_front::engine::game] ai: npcs=8 near=8 far=0 idle=0 patrol=0 chase=0 attack=8 tactics=[8, 0, 0, 0, 0, 0, 0, 0]
[2026-08-17T11:10:52Z INFO  steel_front::engine::game] game: wave=1 enemies=8 enemy_hp=100 hp=100/100 score=0 phys_us=1 ai_us=435 audio_us=24 net_us=0
[2026-08-17T11:10:52Z INFO  steel_front] cam: yaw=0.0 pitch=0.0 dist=3.4 mode=FirstPerson cycle_us=2690 update_us=41 render_us=2648
[2026-08-17T11:10:52Z INFO  steel_front::engine::renderer] visible=65536/65536 near=65536 far=0 fps=368.8 frame_us=2912 cull_us=0 terrain_us=0 wait_fence_us=1700 acquire_us=1 record_us=52 submit_us=39 present_us=309 terrain_lod=high blend=0.000 quality=中画质 marker=84 npc=56
[2026-08-17T11:10:53Z INFO  steel_front::engine::game] ai: npcs=8 near=8 far=0 idle=0 patrol=0 chase=0 attack=8 tactics=[8, 0, 0, 0, 0, 0, 0, 0]
[2026-08-17T11:10:53Z INFO  steel_front::engine::game] game: wave=1 enemies=8 enemy_hp=100 hp=100/100 score=0 phys_us=6 ai_us=665 audio_us=27 net_us=0
[2026-08-17T11:10:53Z INFO  steel_front] cam: yaw=0.0 pitch=0.0 dist=3.4 mode=FirstPerson cycle_us=2675 update_us=36 render_us=2638
[2026-08-17T11:10:53Z INFO  steel_front::engine::renderer] visible=65536/65536 near=65536 far=0 fps=371.8 frame_us=1932 cull_us=1 terrain_us=0 wait_fence_us=2355 acquire_us=1 record_us=48 submit_us=39 present_us=524 terrain_lod=high blend=0.000 quality=中画质 marker=84 npc=56
[2026-08-17T11:10:54Z INFO  steel_front::engine::game] ai: npcs=8 near=8 far=0 idle=0 patrol=0 chase=0 attack=8 tactics=[8, 0, 0, 0, 0, 0, 0, 0]
[2026-08-17T11:10:54Z INFO  steel_front::engine::game] game: wave=1 enemies=8 enemy_hp=100 hp=100/100 score=0 phys_us=2 ai_us=437 audio_us=15 net_us=0
[2026-08-17T11:10:54Z INFO  steel_front] cam: yaw=0.0 pitch=0.0 dist=3.4 mode=FirstPerson cycle_us=2562 update_us=35 render_us=2527
[2026-08-17T11:10:54Z INFO  steel_front::engine::renderer] visible=65536/65536 near=65536 far=0 fps=370.9 frame_us=2630 cull_us=0 terrain_us=0 wait_fence_us=1919 acquire_us=1 record_us=46 submit_us=51 present_us=876 terrain_lod=high blend=0.000 quality=中画质 marker=84 npc=56
[2026-08-17T11:10:55Z INFO  steel_front::engine::game] ai: npcs=8 near=8 far=0 idle=0 patrol=0 chase=0 attack=8 tactics=[8, 0, 0, 0, 0, 0, 0, 0]
[2026-08-17T11:10:55Z INFO  steel_front::engine::game] game: wave=1 enemies=8 enemy_hp=100 hp=100/100 score=0 phys_us=1 ai_us=542 audio_us=25 net_us=0
[2026-08-17T11:10:55Z INFO  steel_front] cam: yaw=0.0 pitch=0.0 dist=3.4 mode=FirstPerson cycle_us=2783 update_us=35 render_us=2748
[2026-08-17T11:10:55Z INFO  steel_front] size diag: window_inner=2560x1600 hud=2560x1600
[2026-08-17T11:10:55Z INFO  steel_front] size diag: window_inner=2560x1600 hud=2560x1600
[2026-08-17T11:10:55Z INFO  steel_front] size diag: window_inner=2560x1600 hud=2560x1600
[2026-08-17T11:10:55Z INFO  steel_front] size diag: window_inner=2560x1600 hud=2560x1600
[2026-08-17T11:10:55Z INFO  steel_front] size diag: window_inner=2560x1600 hud=2560x1600
[2026-08-17T11:10:55Z INFO  steel_front] size diag: window_inner=2560x1600 hud=2560x1600
[2026-08-17T11:10:55Z INFO  steel_front] size diag: window_inner=2560x1600 hud=2560x1600
[2026-08-17T11:10:55Z INFO  steel_front] size diag: window_inner=2560x1600 hud=2560x1600
[2026-08-17T11:10:55Z INFO  steel_front] size diag: window_inner=2560x1600 hud=2560x1600
[2026-08-17T11:10:55Z INFO  steel_front] size diag: window_inner=2560x1600 hud=2560x1600
[2026-08-17T11:10:55Z INFO  steel_front] size diag: window_inner=2560x1600 hud=2560x1600
[2026-08-17T11:10:55Z INFO  steel_front] size diag: window_inner=2560x1600 hud=2560x1600
[2026-08-17T11:10:55Z INFO  steel_front] size diag: window_inner=2560x1600 hud=2560x1600
[2026-08-17T11:10:55Z INFO  steel_front] size diag: window_inner=2560x1600 hud=2560x1600
[2026-08-17T11:10:55Z INFO  steel_front] size diag: window_inner=2560x1600 hud=2560x1600
[2026-08-17T11:10:55Z INFO  steel_front] size diag: window_inner=2560x1600 hud=2560x1600
[2026-08-17T11:10:55Z INFO  steel_front] size diag: window_inner=2560x1600 hud=2560x1600
[2026-08-17T11:10:55Z INFO  steel_front] size diag: window_inner=2560x1600 hud=2560x1600
[2026-08-17T11:10:55Z INFO  steel_front::engine::renderer] visible=65536/65536 near=65536 far=0 fps=369.0 frame_us=2719 cull_us=1 terrain_us=0 wait_fence_us=1831 acquire_us=1 record_us=47 submit_us=44 present_us=768 terrain_lod=high blend=0.000 quality=中画质 marker=84 npc=56
[2026-08-17T11:10:56Z INFO  steel_front::engine::game] ai: npcs=8 near=8 far=0 idle=0 patrol=0 chase=0 attack=8 tactics=[8, 0, 0, 0, 0, 0, 0, 0]
[2026-08-17T11:10:56Z INFO  steel_front::engine::game] game: wave=1 enemies=8 enemy_hp=100 hp=100/100 score=0 phys_us=2 ai_us=484 audio_us=23 net_us=0
[2026-08-17T11:10:56Z INFO  steel_front] cam: yaw=0.0 pitch=0.0 dist=3.4 mode=FirstPerson cycle_us=2686 update_us=46 render_us=2640
[2026-08-17T11:10:56Z INFO  steel_front::engine::renderer] visible=65536/65536 near=65536 far=0 fps=366.2 frame_us=2377 cull_us=1 terrain_us=0 wait_fence_us=1841 acquire_us=1 record_us=53 submit_us=46 present_us=258 terrain_lod=high blend=0.000 quality=中画质 marker=84 npc=56
[2026-08-17T11:10:57Z INFO  steel_front::engine::game] ai: npcs=8 near=8 far=0 idle=0 patrol=0 chase=0 attack=8 tactics=[8, 0, 0, 0, 0, 0, 0, 0]
[2026-08-17T11:10:57Z INFO  steel_front::engine::game] game: wave=1 enemies=8 enemy_hp=100 hp=100/100 score=0 phys_us=4 ai_us=485 audio_us=26 net_us=0
[2026-08-17T11:10:57Z INFO  steel_front] cam: yaw=0.0 pitch=0.0 dist=3.4 mode=FirstPerson cycle_us=2656 update_us=35 render_us=2620
[2026-08-17T11:10:57Z INFO  steel_front::engine::renderer] visible=65536/65536 near=65536 far=0 fps=365.2 frame_us=2156 cull_us=0 terrain_us=0 wait_fence_us=1948 acquire_us=1 record_us=47 submit_us=50 present_us=332 terrain_lod=high blend=0.000 quality=中画质 marker=84 npc=56
[2026-08-17T11:10:58Z INFO  steel_front::engine::game] ai: npcs=8 near=8 far=0 idle=0 patrol=0 chase=0 attack=8 tactics=[8, 0, 0, 0, 0, 0, 0, 0]
[2026-08-17T11:10:58Z INFO  steel_front::engine::game] game: wave=1 enemies=8 enemy_hp=100 hp=100/100 score=0 phys_us=1 ai_us=402 audio_us=15 net_us=0
[2026-08-17T11:10:58Z INFO  steel_front] cam: yaw=0.0 pitch=0.0 dist=3.4 mode=FirstPerson cycle_us=2463 update_us=41 render_us=2421
[2026-08-17T11:10:58Z INFO  steel_front::engine::renderer] visible=65536/65536 near=65536 far=0 fps=372.9 frame_us=2306 cull_us=1 terrain_us=0 wait_fence_us=2012 acquire_us=1 record_us=85 submit_us=65 present_us=289 terrain_lod=high blend=0.000 quality=中画质 marker=84 npc=56
[2026-08-17T11:10:59Z INFO  steel_front::engine::game] ai: npcs=8 near=8 far=0 idle=0 patrol=0 chase=0 attack=8 tactics=[8, 0, 0, 0, 0, 0, 0, 0]
[2026-08-17T11:10:59Z INFO  steel_front::engine::game] game: wave=1 enemies=8 enemy_hp=100 hp=100/100 score=0 phys_us=1 ai_us=390 audio_us=15 net_us=0
[2026-08-17T11:10:59Z INFO  steel_front] cam: yaw=0.0 pitch=0.0 dist=3.4 mode=FirstPerson cycle_us=2479 update_us=25 render_us=2454
[2026-08-17T11:10:59Z INFO  steel_front::engine::renderer] visible=65536/65536 near=65536 far=0 fps=375.1 frame_us=2548 cull_us=0 terrain_us=0 wait_fence_us=1784 acquire_us=1 record_us=42 submit_us=34 present_us=291 terrain_lod=high blend=0.000 quality=中画质 marker=84 npc=56
[2026-08-17T11:11:00Z INFO  steel_front::engine::game] ai: npcs=8 near=8 far=0 idle=0 patrol=0 chase=0 attack=8 tactics=[8, 0, 0, 0, 0, 0, 0, 0]
[2026-08-17T11:11:00Z INFO  steel_front::engine::game] game: wave=1 enemies=8 enemy_hp=100 hp=100/100 score=0 phys_us=1 ai_us=382 audio_us=24 net_us=0
[2026-08-17T11:11:00Z INFO  steel_front] cam: yaw=0.0 pitch=0.0 dist=3.4 mode=FirstPerson cycle_us=2794 update_us=35 render_us=2759
[2026-08-17T11:11:00Z INFO  steel_front] size diag: window_inner=2560x1600 hud=2560x1600
[2026-08-17T11:11:00Z INFO  steel_front] size diag: window_inner=2560x1600 hud=2560x1600
[2026-08-17T11:11:00Z INFO  steel_front] size diag: window_inner=2560x1600 hud=2560x1600
[2026-08-17T11:11:00Z INFO  steel_front] size diag: window_inner=2560x1600 hud=2560x1600
[2026-08-17T11:11:00Z INFO  steel_front] size diag: window_inner=2560x1600 hud=2560x1600
[2026-08-17T11:11:00Z INFO  steel_front] size diag: window_inner=2560x1600 hud=2560x1600
[2026-08-17T11:11:00Z INFO  steel_front] size diag: window_inner=2560x1600 hud=2560x1600
[2026-08-17T11:11:00Z INFO  steel_front] size diag: window_inner=2560x1600 hud=2560x1600
[2026-08-17T11:11:00Z INFO  steel_front] size diag: window_inner=2560x1600 hud=2560x1600
[2026-08-17T11:11:00Z INFO  steel_front] size diag: window_inner=2560x1600 hud=2560x1600
[2026-08-17T11:11:00Z INFO  steel_front] size diag: window_inner=2560x1600 hud=2560x1600
[2026-08-17T11:11:00Z INFO  steel_front] size diag: window_inner=2560x1600 hud=2560x1600
[2026-08-17T11:11:00Z INFO  steel_front] size diag: window_inner=2560x1600 hud=2560x1600
[2026-08-17T11:11:00Z INFO  steel_front] size diag: window_inner=2560x1600 hud=2560x1600
[2026-08-17T11:11:00Z INFO  steel_front] size diag: window_inner=2560x1600 hud=2560x1600
[2026-08-17T11:11:00Z INFO  steel_front] size diag: window_inner=2560x1600 hud=2560x1600
[2026-08-17T11:11:00Z INFO  steel_front] size diag: window_inner=2560x1600 hud=2560x1600
[2026-08-17T11:11:00Z INFO  steel_front] size diag: window_inner=2560x1600 hud=2560x1600
[2026-08-17T11:11:00Z INFO  steel_front::engine::renderer] visible=65536/65536 near=65536 far=0 fps=370.6 frame_us=2183 cull_us=0 terrain_us=0 wait_fence_us=1710 acquire_us=0 record_us=40 submit_us=31 present_us=273 terrain_lod=high blend=0.000 quality=中画质 marker=84 npc=56
[2026-08-17T11:11:01Z INFO  steel_front::engine::game] ai: npcs=8 near=8 far=0 idle=0 patrol=0 chase=0 attack=8 tactics=[8, 0, 0, 0, 0, 0, 0, 0]
[2026-08-17T11:11:01Z INFO  steel_front::engine::game] game: wave=1 enemies=8 enemy_hp=100 hp=100/100 score=0 phys_us=1 ai_us=396 audio_us=24 net_us=0
[2026-08-17T11:11:01Z INFO  steel_front] cam: yaw=0.0 pitch=0.0 dist=3.4 mode=FirstPerson cycle_us=2931 update_us=21 render_us=2910
[2026-08-17T11:11:01Z INFO  steel_front::engine::renderer] visible=65536/65536 near=65536 far=0 fps=365.2 frame_us=1963 cull_us=0 terrain_us=0 wait_fence_us=2292 acquire_us=1 record_us=41 submit_us=32 present_us=208 terrain_lod=high blend=0.000 quality=中画质 marker=84 npc=56
[2026-08-17T11:11:02Z INFO  steel_front::engine::game] ai: npcs=8 near=8 far=0 idle=0 patrol=0 chase=0 attack=8 tactics=[8, 0, 0, 0, 0, 0, 0, 0]
[2026-08-17T11:11:02Z INFO  steel_front::engine::game] game: wave=1 enemies=8 enemy_hp=100 hp=100/100 score=0 phys_us=1 ai_us=348 audio_us=25 net_us=0
[2026-08-17T11:11:02Z INFO  steel_front] cam: yaw=0.0 pitch=0.0 dist=3.4 mode=FirstPerson cycle_us=2483 update_us=38 render_us=2444
[2026-08-17T11:11:02Z INFO  steel_front::engine::renderer] visible=65536/65536 near=65536 far=0 fps=370.8 frame_us=2356 cull_us=0 terrain_us=0 wait_fence_us=1816 acquire_us=1 record_us=42 submit_us=119 present_us=233 terrain_lod=high blend=0.000 quality=中画质 marker=84 npc=56
[2026-08-17T11:11:03Z INFO  steel_front::engine::game] ai: npcs=8 near=8 far=0 idle=0 patrol=0 chase=0 attack=8 tactics=[8, 0, 0, 0, 0, 0, 0, 0]
[2026-08-17T11:11:03Z INFO  steel_front::engine::game] game: wave=1 enemies=8 enemy_hp=100 hp=100/100 score=0 phys_us=1 ai_us=401 audio_us=24 net_us=0
[2026-08-17T11:11:03Z INFO  steel_front] cam: yaw=0.0 pitch=0.0 dist=3.4 mode=FirstPerson cycle_us=2362 update_us=37 render_us=2324
[2026-08-17T11:11:03Z INFO  steel_front::engine::renderer] visible=65536/65536 near=65536 far=0 fps=371.4 frame_us=2257 cull_us=0 terrain_us=0 wait_fence_us=1717 acquire_us=0 record_us=44 submit_us=36 present_us=225 terrain_lod=high blend=0.000 quality=中画质 marker=84 npc=56
[2026-08-17T11:11:04Z INFO  steel_front::engine::game] ai: npcs=8 near=8 far=0 idle=0 patrol=0 chase=0 attack=8 tactics=[8, 0, 0, 0, 0, 0, 0, 0]
[2026-08-17T11:11:04Z INFO  steel_front::engine::game] game: wave=1 enemies=8 enemy_hp=100 hp=100/100 score=0 phys_us=2 ai_us=478 audio_us=25 net_us=0
[2026-08-17T11:11:04Z INFO  steel_front] cam: yaw=0.0 pitch=0.0 dist=3.4 mode=FirstPerson cycle_us=2717 update_us=26 render_us=2691
[2026-08-17T11:11:04Z INFO  steel_front::engine::renderer] visible=65536/65536 near=65536 far=0 fps=369.9 frame_us=2157 cull_us=0 terrain_us=0 wait_fence_us=2342 acquire_us=1 record_us=27 submit_us=33 present_us=138 terrain_lod=high blend=0.000 quality=中画质 marker=84 npc=56
[2026-08-17T11:11:05Z INFO  steel_front::engine::game] ai: npcs=8 near=8 far=0 idle=0 patrol=0 chase=0 attack=8 tactics=[8, 0, 0, 0, 0, 0, 0, 0]
[2026-08-17T11:11:05Z INFO  steel_front::engine::game] game: wave=1 enemies=8 enemy_hp=100 hp=100/100 score=0 phys_us=2 ai_us=454 audio_us=27 net_us=0
[2026-08-17T11:11:05Z INFO  steel_front] cam: yaw=0.0 pitch=0.0 dist=3.4 mode=FirstPerson cycle_us=2827 update_us=21 render_us=2806
[2026-08-17T11:11:05Z INFO  steel_front] size diag: window_inner=2560x1600 hud=2560x1600
[2026-08-17T11:11:05Z INFO  steel_front] size diag: window_inner=2560x1600 hud=2560x1600
[2026-08-17T11:11:05Z INFO  steel_front] size diag: window_inner=2560x1600 hud=2560x1600
[2026-08-17T11:11:05Z INFO  steel_front] size diag: window_inner=2560x1600 hud=2560x1600
[2026-08-17T11:11:05Z INFO  steel_front] size diag: window_inner=2560x1600 hud=2560x1600
[2026-08-17T11:11:05Z INFO  steel_front] size diag: window_inner=2560x1600 hud=2560x1600
[2026-08-17T11:11:05Z INFO  steel_front] size diag: window_inner=2560x1600 hud=2560x1600
[2026-08-17T11:11:05Z INFO  steel_front] size diag: window_inner=2560x1600 hud=2560x1600
[2026-08-17T11:11:05Z INFO  steel_front] size diag: window_inner=2560x1600 hud=2560x1600
[2026-08-17T11:11:05Z INFO  steel_front] size diag: window_inner=2560x1600 hud=2560x1600
[2026-08-17T11:11:05Z INFO  steel_front] size diag: window_inner=2560x1600 hud=2560x1600
[2026-08-17T11:11:05Z INFO  steel_front] size diag: window_inner=2560x1600 hud=2560x1600
[2026-08-17T11:11:05Z INFO  steel_front] size diag: window_inner=2560x1600 hud=2560x1600
[2026-08-17T11:11:05Z INFO  steel_front] size diag: window_inner=2560x1600 hud=2560x1600
[2026-08-17T11:11:05Z INFO  steel_front] size diag: window_inner=2560x1600 hud=2560x1600
[2026-08-17T11:11:05Z INFO  steel_front] size diag: window_inner=2560x1600 hud=2560x1600
[2026-08-17T11:11:05Z INFO  steel_front] size diag: window_inner=2560x1600 hud=2560x1600
[2026-08-17T11:11:05Z INFO  steel_front] size diag: window_inner=2560x1600 hud=2560x1600
[2026-08-17T11:11:05Z INFO  steel_front::engine::renderer] visible=65536/65536 near=65536 far=0 fps=368.1 frame_us=2362 cull_us=0 terrain_us=0 wait_fence_us=2009 acquire_us=1 record_us=42 submit_us=120 present_us=164 terrain_lod=high blend=0.000 quality=中画质 marker=84 npc=56
[2026-08-17T11:11:06Z INFO  steel_front::engine::game] ai: npcs=8 near=8 far=0 idle=0 patrol=0 chase=0 attack=8 tactics=[8, 0, 0, 0, 0, 0, 0, 0]
[2026-08-17T11:11:06Z INFO  steel_front::engine::game] game: wave=1 enemies=8 enemy_hp=100 hp=100/100 score=0 phys_us=3 ai_us=426 audio_us=26 net_us=0
[2026-08-17T11:11:06Z INFO  steel_front] cam: yaw=0.0 pitch=0.0 dist=3.4 mode=FirstPerson cycle_us=2822 update_us=43 render_us=2779
[2026-08-17T11:11:06Z INFO  steel_front::engine::renderer] visible=65536/65536 near=65536 far=0 fps=370.5 frame_us=2670 cull_us=0 terrain_us=0 wait_fence_us=1875 acquire_us=0 record_us=41 submit_us=33 present_us=203 terrain_lod=high blend=0.000 quality=中画质 marker=84 npc=56
[2026-08-17T11:11:07Z INFO  steel_front::engine::game] ai: npcs=8 near=8 far=0 idle=0 patrol=0 chase=0 attack=8 tactics=[8, 0, 0, 0, 0, 0, 0, 0]
[2026-08-17T11:11:07Z INFO  steel_front::engine::game] game: wave=1 enemies=8 enemy_hp=100 hp=100/100 score=0 phys_us=3 ai_us=487 audio_us=30 net_us=0
[2026-08-17T11:11:07Z INFO  steel_front] cam: yaw=0.0 pitch=0.0 dist=3.4 mode=FirstPerson cycle_us=2452 update_us=39 render_us=2412
[2026-08-17T11:11:07Z INFO  steel_front::engine::renderer] visible=65536/65536 near=65536 far=0 fps=369.6 frame_us=2271 cull_us=0 terrain_us=0 wait_fence_us=1948 acquire_us=1 record_us=41 submit_us=34 present_us=413 terrain_lod=high blend=0.000 quality=中画质 marker=84 npc=56
[2026-08-17T11:11:08Z INFO  steel_front::engine::game] ai: npcs=8 near=8 far=0 idle=0 patrol=0 chase=0 attack=8 tactics=[8, 0, 0, 0, 0, 0, 0, 0]
[2026-08-17T11:11:08Z INFO  steel_front::engine::game] game: wave=1 enemies=8 enemy_hp=100 hp=100/100 score=0 phys_us=3 ai_us=495 audio_us=13 net_us=0
[2026-08-17T11:11:08Z INFO  steel_front] cam: yaw=0.0 pitch=0.0 dist=3.4 mode=FirstPerson cycle_us=2431 update_us=20 render_us=2411
[2026-08-17T11:11:08Z INFO  steel_front::engine::renderer] visible=65536/65536 near=65536 far=0 fps=369.1 frame_us=2206 cull_us=1 terrain_us=0 wait_fence_us=2861 acquire_us=1 record_us=26 submit_us=21 present_us=139 terrain_lod=high blend=0.000 quality=中画质 marker=84 npc=56
[2026-08-17T11:11:09Z INFO  steel_front::engine::game] ai: npcs=8 near=8 far=0 idle=0 patrol=0 chase=0 attack=8 tactics=[8, 0, 0, 0, 0, 0, 0, 0]
[2026-08-17T11:11:09Z INFO  steel_front::engine::game] game: wave=1 enemies=8 enemy_hp=100 hp=100/100 score=0 phys_us=2 ai_us=486 audio_us=27 net_us=0
[2026-08-17T11:11:09Z INFO  steel_front] cam: yaw=0.0 pitch=0.0 dist=3.4 mode=FirstPerson cycle_us=2800 update_us=24 render_us=2775
[2026-08-17T11:11:09Z INFO  steel_front::engine::renderer] visible=65536/65536 near=65536 far=0 fps=369.6 frame_us=2726 cull_us=0 terrain_us=0 wait_fence_us=2031 acquire_us=1 record_us=31 submit_us=39 present_us=157 terrain_lod=high blend=0.000 quality=中画质 marker=84 npc=56
[2026-08-17T11:11:10Z INFO  steel_front::engine::game] ai: npcs=8 near=8 far=0 idle=0 patrol=0 chase=0 attack=8 tactics=[8, 0, 0, 0, 0, 0, 0, 0]
[2026-08-17T11:11:10Z INFO  steel_front::engine::game] game: wave=1 enemies=8 enemy_hp=100 hp=100/100 score=0 phys_us=2 ai_us=257 audio_us=24 net_us=0
[2026-08-17T11:11:10Z INFO  steel_front] cam: yaw=0.0 pitch=0.0 dist=3.4 mode=FirstPerson cycle_us=2981 update_us=25 render_us=2956
[2026-08-17T11:11:10Z INFO  steel_front] size diag: window_inner=2560x1600 hud=2560x1600
[2026-08-17T11:11:10Z INFO  steel_front] size diag: window_inner=2560x1600 hud=2560x1600
[2026-08-17T11:11:10Z INFO  steel_front] size diag: window_inner=2560x1600 hud=2560x1600
[2026-08-17T11:11:10Z INFO  steel_front] size diag: window_inner=2560x1600 hud=2560x1600
[2026-08-17T11:11:10Z INFO  steel_front] size diag: window_inner=2560x1600 hud=2560x1600
[2026-08-17T11:11:10Z INFO  steel_front] size diag: window_inner=2560x1600 hud=2560x1600
[2026-08-17T11:11:10Z INFO  steel_front] size diag: window_inner=2560x1600 hud=2560x1600
[2026-08-17T11:11:10Z INFO  steel_front] size diag: window_inner=2560x1600 hud=2560x1600
[2026-08-17T11:11:10Z INFO  steel_front] size diag: window_inner=2560x1600 hud=2560x1600
[2026-08-17T11:11:10Z INFO  steel_front] size diag: window_inner=2560x1600 hud=2560x1600
[2026-08-17T11:11:10Z INFO  steel_front] size diag: window_inner=2560x1600 hud=2560x1600
[2026-08-17T11:11:10Z INFO  steel_front] size diag: window_inner=2560x1600 hud=2560x1600
[2026-08-17T11:11:10Z INFO  steel_front] size diag: window_inner=2560x1600 hud=2560x1600
[2026-08-17T11:11:10Z INFO  steel_front] size diag: window_inner=2560x1600 hud=2560x1600
[2026-08-17T11:11:10Z INFO  steel_front] size diag: window_inner=2560x1600 hud=2560x1600
[2026-08-17T11:11:10Z INFO  steel_front] size diag: window_inner=2560x1600 hud=2560x1600
[2026-08-17T11:11:10Z INFO  steel_front] size diag: window_inner=2560x1600 hud=2560x1600
[2026-08-17T11:11:10Z INFO  steel_front] size diag: window_inner=2560x1600 hud=2560x1600
[2026-08-17T11:11:10Z INFO  steel_front::engine::renderer] visible=65536/65536 near=65536 far=0 fps=366.9 frame_us=2591 cull_us=0 terrain_us=0 wait_fence_us=1791 acquire_us=1 record_us=56 submit_us=43 present_us=323 terrain_lod=high blend=0.000 quality=中画质 marker=84 npc=56
[2026-08-17T11:11:11Z INFO  steel_front::engine::game] ai: npcs=8 near=8 far=0 idle=0 patrol=0 chase=0 attack=8 tactics=[8, 0, 0, 0, 0, 0, 0, 0]
[2026-08-17T11:11:11Z INFO  steel_front::engine::game] game: wave=1 enemies=8 enemy_hp=100 hp=100/100 score=0 phys_us=2 ai_us=459 audio_us=36 net_us=0
[2026-08-17T11:11:11Z INFO  steel_front] cam: yaw=0.0 pitch=0.0 dist=3.4 mode=FirstPerson cycle_us=2638 update_us=51 render_us=2586
[2026-08-17T11:11:11Z INFO  steel_front::engine::renderer] visible=65536/65536 near=65536 far=0 fps=369.1 frame_us=2544 cull_us=0 terrain_us=0 wait_fence_us=1640 acquire_us=0 record_us=50 submit_us=82 present_us=313 terrain_lod=high blend=0.000 quality=中画质 marker=84 npc=56
[2026-08-17T11:11:12Z INFO  steel_front::engine::game] ai: npcs=8 near=8 far=0 idle=0 patrol=0 chase=0 attack=8 tactics=[8, 0, 0, 0, 0, 0, 0, 0]
[2026-08-17T11:11:12Z INFO  steel_front::engine::game] game: wave=1 enemies=8 enemy_hp=100 hp=100/100 score=0 phys_us=4 ai_us=195 audio_us=14 net_us=0
[2026-08-17T11:11:12Z INFO  steel_front] cam: yaw=0.0 pitch=0.0 dist=3.4 mode=FirstPerson cycle_us=3043 update_us=44 render_us=2999
[2026-08-17T11:11:12Z INFO  steel_front::engine::renderer] visible=65536/65536 near=65536 far=0 fps=370.3 frame_us=2290 cull_us=0 terrain_us=0 wait_fence_us=2132 acquire_us=0 record_us=54 submit_us=47 present_us=218 terrain_lod=high blend=0.000 quality=中画质 marker=84 npc=56
[2026-08-17T11:11:13Z INFO  steel_front::engine::game] ai: npcs=8 near=8 far=0 idle=0 patrol=0 chase=0 attack=8 tactics=[8, 0, 0, 0, 0, 0, 0, 0]
[2026-08-17T11:11:13Z INFO  steel_front::engine::game] game: wave=1 enemies=8 enemy_hp=100 hp=100/100 score=0 phys_us=2 ai_us=432 audio_us=29 net_us=0
[2026-08-17T11:11:13Z INFO  steel_front] cam: yaw=0.0 pitch=0.0 dist=3.4 mode=FirstPerson cycle_us=2698 update_us=20 render_us=2678
[2026-08-17T11:11:13Z INFO  steel_front::engine::renderer] visible=65536/65536 near=65536 far=0 fps=368.9 frame_us=1991 cull_us=0 terrain_us=0 wait_fence_us=2186 acquire_us=1 record_us=56 submit_us=51 present_us=219 terrain_lod=high blend=0.000 quality=中画质 marker=84 npc=56
[2026-08-17T11:11:14Z INFO  steel_front::engine::game] ai: npcs=8 near=8 far=0 idle=0 patrol=0 chase=0 attack=8 tactics=[8, 0, 0, 0, 0, 0, 0, 0]
[2026-08-17T11:11:14Z INFO  steel_front::engine::game] game: wave=1 enemies=8 enemy_hp=100 hp=100/100 score=0 phys_us=2 ai_us=454 audio_us=18 net_us=0
[2026-08-17T11:11:14Z INFO  steel_front] cam: yaw=0.0 pitch=0.0 dist=3.4 mode=FirstPerson cycle_us=2941 update_us=25 render_us=2915
[2026-08-17T11:11:14Z INFO  steel_front::engine::renderer] visible=65536/65536 near=65536 far=0 fps=370.6 frame_us=1992 cull_us=0 terrain_us=0 wait_fence_us=1212 acquire_us=1 record_us=53 submit_us=49 present_us=347 terrain_lod=high blend=0.000 quality=中画质 marker=84 npc=56
[2026-08-17T11:11:15Z INFO  steel_front::engine::game] ai: npcs=8 near=8 far=0 idle=0 patrol=0 chase=0 attack=8 tactics=[8, 0, 0, 0, 0, 0, 0, 0]
[2026-08-17T11:11:15Z INFO  steel_front::engine::game] game: wave=1 enemies=8 enemy_hp=100 hp=100/100 score=0 phys_us=3 ai_us=475 audio_us=15 net_us=0
[2026-08-17T11:11:15Z INFO  steel_front] cam: yaw=0.0 pitch=0.0 dist=3.4 mode=FirstPerson cycle_us=2828 update_us=22 render_us=2806
[2026-08-17T11:11:15Z INFO  steel_front] size diag: window_inner=2560x1600 hud=2560x1600
[2026-08-17T11:11:15Z INFO  steel_front] size diag: window_inner=2560x1600 hud=2560x1600
[2026-08-17T11:11:15Z INFO  steel_front] size diag: window_inner=2560x1600 hud=2560x1600
[2026-08-17T11:11:15Z INFO  steel_front] size diag: window_inner=2560x1600 hud=2560x1600
[2026-08-17T11:11:15Z INFO  steel_front] size diag: window_inner=2560x1600 hud=2560x1600
[2026-08-17T11:11:15Z INFO  steel_front] size diag: window_inner=2560x1600 hud=2560x1600
[2026-08-17T11:11:15Z INFO  steel_front] size diag: window_inner=2560x1600 hud=2560x1600
[2026-08-17T11:11:15Z INFO  steel_front] size diag: window_inner=2560x1600 hud=2560x1600
[2026-08-17T11:11:15Z INFO  steel_front] size diag: window_inner=2560x1600 hud=2560x1600
[2026-08-17T11:11:15Z INFO  steel_front] size diag: window_inner=2560x1600 hud=2560x1600
[2026-08-17T11:11:15Z INFO  steel_front] size diag: window_inner=2560x1600 hud=2560x1600
[2026-08-17T11:11:15Z INFO  steel_front] size diag: window_inner=2560x1600 hud=2560x1600
[2026-08-17T11:11:15Z INFO  steel_front] size diag: window_inner=2560x1600 hud=2560x1600
[2026-08-17T11:11:15Z INFO  steel_front] size diag: window_inner=2560x1600 hud=2560x1600
[2026-08-17T11:11:15Z INFO  steel_front] size diag: window_inner=2560x1600 hud=2560x1600
[2026-08-17T11:11:15Z INFO  steel_front] size diag: window_inner=2560x1600 hud=2560x1600
[2026-08-17T11:11:15Z INFO  steel_front] size diag: window_inner=2560x1600 hud=2560x1600
[2026-08-17T11:11:15Z INFO  steel_front] size diag: window_inner=2560x1600 hud=2560x1600
[2026-08-17T11:11:15Z INFO  steel_front::engine::renderer] visible=65536/65536 near=65536 far=0 fps=370.4 frame_us=2373 cull_us=0 terrain_us=0 wait_fence_us=1943 acquire_us=1 record_us=32 submit_us=69 present_us=154 terrain_lod=high blend=0.000 quality=中画质 marker=84 npc=56
[2026-08-17T11:11:16Z INFO  steel_front::engine::game] ai: npcs=8 near=8 far=0 idle=0 patrol=0 chase=0 attack=8 tactics=[8, 0, 0, 0, 0, 0, 0, 0]
[2026-08-17T11:11:16Z INFO  steel_front::engine::game] game: wave=1 enemies=8 enemy_hp=100 hp=100/100 score=0 phys_us=2 ai_us=423 audio_us=24 net_us=0
[2026-08-17T11:11:16Z INFO  steel_front] cam: yaw=0.0 pitch=0.0 dist=3.4 mode=FirstPerson cycle_us=2439 update_us=95 render_us=2344
[2026-08-17T11:11:16Z INFO  steel_front::engine::renderer] visible=65536/65536 near=65536 far=0 fps=368.9 frame_us=2262 cull_us=1 terrain_us=0 wait_fence_us=1522 acquire_us=0 record_us=57 submit_us=47 present_us=349 terrain_lod=high blend=0.000 quality=中画质 marker=84 npc=56
[2026-08-17T11:11:17Z INFO  steel_front::engine::game] ai: npcs=8 near=8 far=0 idle=0 patrol=0 chase=0 attack=8 tactics=[8, 0, 0, 0, 0, 0, 0, 0]
[2026-08-17T11:11:17Z INFO  steel_front::engine::game] game: wave=1 enemies=8 enemy_hp=100 hp=100/100 score=0 phys_us=3 ai_us=639 audio_us=33 net_us=0
[2026-08-17T11:11:17Z INFO  steel_front] cam: yaw=0.0 pitch=0.0 dist=3.4 mode=FirstPerson cycle_us=2977 update_us=42 render_us=2934
[2026-08-17T11:11:17Z INFO  steel_front::engine::renderer] visible=65536/65536 near=65536 far=0 fps=369.8 frame_us=2246 cull_us=1 terrain_us=0 wait_fence_us=2299 acquire_us=1 record_us=35 submit_us=66 present_us=145 terrain_lod=high blend=0.000 quality=中画质 marker=84 npc=56
[2026-08-17T11:11:18Z INFO  steel_front::engine::game] ai: npcs=8 near=8 far=0 idle=0 patrol=0 chase=0 attack=8 tactics=[8, 0, 0, 0, 0, 0, 0, 0]
[2026-08-17T11:11:18Z INFO  steel_front::engine::game] game: wave=1 enemies=8 enemy_hp=100 hp=100/100 score=0 phys_us=3 ai_us=463 audio_us=18 net_us=0
[2026-08-17T11:11:18Z INFO  steel_front] cam: yaw=0.0 pitch=0.0 dist=3.4 mode=FirstPerson cycle_us=2374 update_us=39 render_us=2334
[2026-08-17T11:11:18Z INFO  steel_front::engine::renderer] visible=65536/65536 near=65536 far=0 fps=369.5 frame_us=1937 cull_us=0 terrain_us=0 wait_fence_us=2258 acquire_us=0 record_us=31 submit_us=66 present_us=141 terrain_lod=high blend=0.000 quality=中画质 marker=84 npc=56
[2026-08-17T11:11:19Z INFO  steel_front::engine::game] ai: npcs=8 near=8 far=0 idle=0 patrol=0 chase=0 attack=8 tactics=[8, 0, 0, 0, 0, 0, 0, 0]
[2026-08-17T11:11:19Z INFO  steel_front::engine::game] game: wave=1 enemies=8 enemy_hp=100 hp=100/100 score=0 phys_us=1 ai_us=401 audio_us=27 net_us=0
[2026-08-17T11:11:19Z INFO  steel_front] cam: yaw=0.0 pitch=0.0 dist=3.4 mode=FirstPerson cycle_us=2365 update_us=38 render_us=2327
[2026-08-17T11:11:19Z INFO  steel_front::engine::renderer] visible=65536/65536 near=65536 far=0 fps=370.3 frame_us=2529 cull_us=0 terrain_us=0 wait_fence_us=1711 acquire_us=1 record_us=52 submit_us=91 present_us=232 terrain_lod=high blend=0.000 quality=中画质 marker=84 npc=56
[2026-08-17T11:11:20Z INFO  steel_front::engine::game] ai: npcs=8 near=8 far=0 idle=0 patrol=0 chase=0 attack=8 tactics=[8, 0, 0, 0, 0, 0, 0, 0]
[2026-08-17T11:11:20Z INFO  steel_front::engine::game] game: wave=1 enemies=8 enemy_hp=100 hp=100/100 score=0 phys_us=2 ai_us=410 audio_us=24 net_us=0
[2026-08-17T11:11:20Z INFO  steel_front] cam: yaw=0.0 pitch=0.0 dist=3.4 mode=FirstPerson cycle_us=2480 update_us=41 render_us=2438
[2026-08-17T11:11:20Z INFO  steel_front] size diag: window_inner=2560x1600 hud=2560x1600
[2026-08-17T11:11:20Z INFO  steel_front] size diag: window_inner=2560x1600 hud=2560x1600
[2026-08-17T11:11:20Z INFO  steel_front] size diag: window_inner=2560x1600 hud=2560x1600
[2026-08-17T11:11:20Z INFO  steel_front] size diag: window_inner=2560x1600 hud=2560x1600
[2026-08-17T11:11:20Z INFO  steel_front] size diag: window_inner=2560x1600 hud=2560x1600
[2026-08-17T11:11:20Z INFO  steel_front] size diag: window_inner=2560x1600 hud=2560x1600
[2026-08-17T11:11:20Z INFO  steel_front] size diag: window_inner=2560x1600 hud=2560x1600
[2026-08-17T11:11:20Z INFO  steel_front] size diag: window_inner=2560x1600 hud=2560x1600
[2026-08-17T11:11:20Z INFO  steel_front] size diag: window_inner=2560x1600 hud=2560x1600
[2026-08-17T11:11:20Z INFO  steel_front] size diag: window_inner=2560x1600 hud=2560x1600
[2026-08-17T11:11:20Z INFO  steel_front] size diag: window_inner=2560x1600 hud=2560x1600
[2026-08-17T11:11:20Z INFO  steel_front] size diag: window_inner=2560x1600 hud=2560x1600
[2026-08-17T11:11:20Z INFO  steel_front] size diag: window_inner=2560x1600 hud=2560x1600
[2026-08-17T11:11:20Z INFO  steel_front] size diag: window_inner=2560x1600 hud=2560x1600
[2026-08-17T11:11:20Z INFO  steel_front] size diag: window_inner=2560x1600 hud=2560x1600
[2026-08-17T11:11:20Z INFO  steel_front] size diag: window_inner=2560x1600 hud=2560x1600
[2026-08-17T11:11:20Z INFO  steel_front] size diag: window_inner=2560x1600 hud=2560x1600
[2026-08-17T11:11:20Z INFO  steel_front] size diag: window_inner=2560x1600 hud=2560x1600
[2026-08-17T11:11:20Z INFO  steel_front::engine::renderer] visible=65536/65536 near=65536 far=0 fps=370.1 frame_us=2292 cull_us=0 terrain_us=0 wait_fence_us=2044 acquire_us=1 record_us=54 submit_us=48 present_us=231 terrain_lod=high blend=0.000 quality=中画质 marker=84 npc=56
[2026-08-17T11:11:21Z INFO  steel_front::engine::game] ai: npcs=8 near=8 far=0 idle=0 patrol=0 chase=0 attack=8 tactics=[8, 0, 0, 0, 0, 0, 0, 0]
[2026-08-17T11:11:21Z INFO  steel_front::engine::game] game: wave=1 enemies=8 enemy_hp=100 hp=100/100 score=0 phys_us=3 ai_us=434 audio_us=26 net_us=0
[2026-08-17T11:11:21Z INFO  steel_front] cam: yaw=0.0 pitch=0.0 dist=3.4 mode=FirstPerson cycle_us=3043 update_us=25 render_us=3017
[2026-08-17T11:11:21Z INFO  steel_front::engine::renderer] visible=65536/65536 near=65536 far=0 fps=369.2 frame_us=2353 cull_us=0 terrain_us=0 wait_fence_us=1875 acquire_us=1 record_us=120 submit_us=44 present_us=225 terrain_lod=high blend=0.000 quality=中画质 marker=84 npc=56
[2026-08-17T11:11:22Z INFO  steel_front::engine::game] ai: npcs=8 near=8 far=0 idle=0 patrol=0 chase=0 attack=8 tactics=[8, 0, 0, 0, 0, 0, 0, 0]
[2026-08-17T11:11:22Z INFO  steel_front::engine::game] game: wave=1 enemies=8 enemy_hp=100 hp=100/100 score=0 phys_us=2 ai_us=558 audio_us=24 net_us=0
[2026-08-17T11:11:22Z INFO  steel_front] cam: yaw=0.0 pitch=0.0 dist=3.4 mode=FirstPerson cycle_us=3055 update_us=19 render_us=3036
[2026-08-17T11:11:23Z INFO  steel_front::engine::renderer] visible=65536/65536 near=65536 far=0 fps=369.2 frame_us=2312 cull_us=0 terrain_us=0 wait_fence_us=2094 acquire_us=1 record_us=53 submit_us=48 present_us=214 terrain_lod=high blend=0.000 quality=中画质 marker=84 npc=56
[2026-08-17T11:11:23Z INFO  steel_front::engine::game] ai: npcs=8 near=8 far=0 idle=0 patrol=0 chase=0 attack=8 tactics=[8, 0, 0, 0, 0, 0, 0, 0]
[2026-08-17T11:11:23Z INFO  steel_front::engine::game] game: wave=1 enemies=8 enemy_hp=100 hp=100/100 score=0 phys_us=2 ai_us=278 audio_us=15 net_us=0
[2026-08-17T11:11:23Z INFO  steel_front] cam: yaw=0.0 pitch=0.0 dist=3.4 mode=FirstPerson cycle_us=2646 update_us=38 render_us=2607
[2026-08-17T11:11:24Z INFO  steel_front::engine::renderer] visible=65536/65536 near=65536 far=0 fps=368.2 frame_us=2502 cull_us=0 terrain_us=0 wait_fence_us=1654 acquire_us=0 record_us=58 submit_us=80 present_us=251 terrain_lod=high blend=0.000 quality=中画质 marker=84 npc=56
[2026-08-17T11:11:24Z INFO  steel_front::engine::game] ai: npcs=8 near=8 far=0 idle=0 patrol=0 chase=0 attack=8 tactics=[8, 0, 0, 0, 0, 0, 0, 0]
[2026-08-17T11:11:24Z INFO  steel_front::engine::game] game: wave=1 enemies=8 enemy_hp=100 hp=100/100 score=0 phys_us=1 ai_us=407 audio_us=26 net_us=0
[2026-08-17T11:11:24Z INFO  steel_front] cam: yaw=0.0 pitch=0.0 dist=3.4 mode=FirstPerson cycle_us=2542 update_us=46 render_us=2496
[2026-08-17T11:11:25Z INFO  steel_front::engine::renderer] visible=65536/65536 near=65536 far=0 fps=368.4 frame_us=2513 cull_us=1 terrain_us=0 wait_fence_us=1937 acquire_us=1 record_us=108 submit_us=49 present_us=318 terrain_lod=high blend=0.000 quality=中画质 marker=84 npc=56
[2026-08-17T11:11:25Z INFO  steel_front::engine::game] ai: npcs=8 near=8 far=0 idle=0 patrol=0 chase=0 attack=8 tactics=[8, 0, 0, 0, 0, 0, 0, 0]
[2026-08-17T11:11:25Z INFO  steel_front::engine::game] game: wave=1 enemies=8 enemy_hp=100 hp=100/100 score=0 phys_us=2 ai_us=393 audio_us=27 net_us=0
[2026-08-17T11:11:25Z INFO  steel_front] cam: yaw=0.0 pitch=0.0 dist=3.4 mode=FirstPerson cycle_us=2812 update_us=40 render_us=2772
[2026-08-17T11:11:25Z INFO  steel_front] size diag: window_inner=2560x1600 hud=2560x1600
[2026-08-17T11:11:25Z INFO  steel_front] size diag: window_inner=2560x1600 hud=2560x1600
[2026-08-17T11:11:25Z INFO  steel_front] size diag: window_inner=2560x1600 hud=2560x1600
[2026-08-17T11:11:25Z INFO  steel_front] size diag: window_inner=2560x1600 hud=2560x1600
[2026-08-17T11:11:25Z INFO  steel_front] size diag: window_inner=2560x1600 hud=2560x1600
[2026-08-17T11:11:25Z INFO  steel_front] size diag: window_inner=2560x1600 hud=2560x1600
[2026-08-17T11:11:25Z INFO  steel_front] size diag: window_inner=2560x1600 hud=2560x1600
[2026-08-17T11:11:25Z INFO  steel_front] size diag: window_inner=2560x1600 hud=2560x1600
[2026-08-17T11:11:25Z INFO  steel_front] size diag: window_inner=2560x1600 hud=2560x1600
[2026-08-17T11:11:25Z INFO  steel_front] size diag: window_inner=2560x1600 hud=2560x1600
[2026-08-17T11:11:25Z INFO  steel_front] size diag: window_inner=2560x1600 hud=2560x1600
[2026-08-17T11:11:25Z INFO  steel_front] size diag: window_inner=2560x1600 hud=2560x1600
[2026-08-17T11:11:25Z INFO  steel_front] size diag: window_inner=2560x1600 hud=2560x1600
[2026-08-17T11:11:25Z INFO  steel_front] size diag: window_inner=2560x1600 hud=2560x1600
[2026-08-17T11:11:25Z INFO  steel_front] size diag: window_inner=2560x1600 hud=2560x1600
[2026-08-17T11:11:25Z INFO  steel_front] size diag: window_inner=2560x1600 hud=2560x1600
[2026-08-17T11:11:25Z INFO  steel_front] size diag: window_inner=2560x1600 hud=2560x1600
[2026-08-17T11:11:25Z INFO  steel_front] size diag: window_inner=2560x1600 hud=2560x1600
[2026-08-17T11:11:26Z INFO  steel_front::engine::renderer] visible=65536/65536 near=65536 far=0 fps=370.3 frame_us=2533 cull_us=0 terrain_us=0 wait_fence_us=2025 acquire_us=1 record_us=30 submit_us=27 present_us=154 terrain_lod=high blend=0.000 quality=中画质 marker=84 npc=56
[2026-08-17T11:11:26Z INFO  steel_front::engine::game] ai: npcs=8 near=8 far=0 idle=0 patrol=0 chase=0 attack=8 tactics=[8, 0, 0, 0, 0, 0, 0, 0]
[2026-08-17T11:11:26Z INFO  steel_front::engine::game] game: wave=1 enemies=8 enemy_hp=100 hp=100/100 score=0 phys_us=2 ai_us=459 audio_us=22 net_us=0
[2026-08-17T11:11:26Z INFO  steel_front] cam: yaw=0.0 pitch=0.0 dist=3.4 mode=FirstPerson cycle_us=2830 update_us=36 render_us=2794
[2026-08-17T11:11:27Z INFO  steel_front::engine::renderer] visible=65536/65536 near=65536 far=0 fps=370.0 frame_us=2513 cull_us=1 terrain_us=0 wait_fence_us=1683 acquire_us=1 record_us=79 submit_us=83 present_us=761 terrain_lod=high blend=0.000 quality=中画质 marker=84 npc=56
[2026-08-17T11:11:27Z INFO  steel_front::engine::game] ai: npcs=8 near=8 far=0 idle=0 patrol=0 chase=0 attack=8 tactics=[8, 0, 0, 0, 0, 0, 0, 0]
[2026-08-17T11:11:27Z INFO  steel_front::engine::game] game: wave=1 enemies=8 enemy_hp=100 hp=100/100 score=0 phys_us=1 ai_us=461 audio_us=29 net_us=0
[2026-08-17T11:11:27Z INFO  steel_front] cam: yaw=0.0 pitch=0.0 dist=3.4 mode=FirstPerson cycle_us=2789 update_us=38 render_us=2751
[2026-08-17T11:11:28Z INFO  steel_front::engine::renderer] visible=65536/65536 near=65536 far=0 fps=370.1 frame_us=2562 cull_us=1 terrain_us=0 wait_fence_us=2161 acquire_us=1 record_us=54 submit_us=45 present_us=228 terrain_lod=high blend=0.000 quality=中画质 marker=84 npc=56
[2026-08-17T11:11:28Z INFO  steel_front::engine::game] ai: npcs=8 near=8 far=0 idle=0 patrol=0 chase=0 attack=8 tactics=[8, 0, 0, 0, 0, 0, 0, 0]
[2026-08-17T11:11:28Z INFO  steel_front::engine::game] game: wave=1 enemies=8 enemy_hp=100 hp=100/100 score=0 phys_us=2 ai_us=434 audio_us=27 net_us=0
[2026-08-17T11:11:28Z INFO  steel_front] cam: yaw=0.0 pitch=0.0 dist=3.4 mode=FirstPerson cycle_us=2645 update_us=32 render_us=2612
[2026-08-17T11:11:29Z INFO  steel_front::engine::renderer] visible=65536/65536 near=65536 far=0 fps=370.1 frame_us=2469 cull_us=2 terrain_us=0 wait_fence_us=2305 acquire_us=1 record_us=33 submit_us=32 present_us=177 terrain_lod=high blend=0.000 quality=中画质 marker=84 npc=56
[2026-08-17T11:11:29Z INFO  steel_front::engine::game] ai: npcs=8 near=8 far=0 idle=0 patrol=0 chase=0 attack=8 tactics=[8, 0, 0, 0, 0, 0, 0, 0]
[2026-08-17T11:11:29Z INFO  steel_front::engine::game] game: wave=1 enemies=8 enemy_hp=100 hp=100/100 score=0 phys_us=2 ai_us=493 audio_us=17 net_us=0
[2026-08-17T11:11:29Z INFO  steel_front] cam: yaw=0.0 pitch=0.0 dist=3.4 mode=FirstPerson cycle_us=2613 update_us=37 render_us=2576
[2026-08-17T11:11:30Z INFO  steel_front::engine::renderer] visible=65536/65536 near=65536 far=0 fps=369.1 frame_us=2208 cull_us=0 terrain_us=0 wait_fence_us=2262 acquire_us=1 record_us=31 submit_us=61 present_us=130 terrain_lod=high blend=0.000 quality=中画质 marker=84 npc=56
[2026-08-17T11:11:30Z INFO  steel_front::engine::game] ai: npcs=8 near=8 far=0 idle=0 patrol=0 chase=0 attack=8 tactics=[8, 0, 0, 0, 0, 0, 0, 0]
[2026-08-17T11:11:30Z INFO  steel_front::engine::game] game: wave=1 enemies=8 enemy_hp=100 hp=100/100 score=0 phys_us=3 ai_us=490 audio_us=15 net_us=0
[2026-08-17T11:11:30Z INFO  steel_front] cam: yaw=0.0 pitch=0.0 dist=3.4 mode=FirstPerson cycle_us=2933 update_us=36 render_us=2896
[2026-08-17T11:11:30Z INFO  steel_front] size diag: window_inner=2560x1600 hud=2560x1600
[2026-08-17T11:11:30Z INFO  steel_front] size diag: window_inner=2560x1600 hud=2560x1600
[2026-08-17T11:11:30Z INFO  steel_front] size diag: window_inner=2560x1600 hud=2560x1600
[2026-08-17T11:11:30Z INFO  steel_front] size diag: window_inner=2560x1600 hud=2560x1600
[2026-08-17T11:11:30Z INFO  steel_front] size diag: window_inner=2560x1600 hud=2560x1600
[2026-08-17T11:11:30Z INFO  steel_front] size diag: window_inner=2560x1600 hud=2560x1600
[2026-08-17T11:11:30Z INFO  steel_front] size diag: window_inner=2560x1600 hud=2560x1600
[2026-08-17T11:11:30Z INFO  steel_front] size diag: window_inner=2560x1600 hud=2560x1600
[2026-08-17T11:11:30Z INFO  steel_front] size diag: window_inner=2560x1600 hud=2560x1600
[2026-08-17T11:11:30Z INFO  steel_front] size diag: window_inner=2560x1600 hud=2560x1600
[2026-08-17T11:11:30Z INFO  steel_front] size diag: window_inner=2560x1600 hud=2560x1600
[2026-08-17T11:11:30Z INFO  steel_front] size diag: window_inner=2560x1600 hud=2560x1600
[2026-08-17T11:11:30Z INFO  steel_front] size diag: window_inner=2560x1600 hud=2560x1600
[2026-08-17T11:11:30Z INFO  steel_front] size diag: window_inner=2560x1600 hud=2560x1600
[2026-08-17T11:11:30Z INFO  steel_front] size diag: window_inner=2560x1600 hud=2560x1600
[2026-08-17T11:11:30Z INFO  steel_front] size diag: window_inner=2560x1600 hud=2560x1600
[2026-08-17T11:11:30Z INFO  steel_front] size diag: window_inner=2560x1600 hud=2560x1600
[2026-08-17T11:11:30Z INFO  steel_front] size diag: window_inner=2560x1600 hud=2560x1600
[2026-08-17T11:11:30Z INFO  steel_front] size diag: window_inner=2560x1600 hud=2560x1600
[2026-08-17T11:11:31Z INFO  steel_front::engine::renderer] visible=65536/65536 near=65536 far=0 fps=369.6 frame_us=3060 cull_us=0 terrain_us=0 wait_fence_us=1656 acquire_us=1 record_us=272 submit_us=136 present_us=458 terrain_lod=high blend=0.000 quality=中画质 marker=84 npc=56
[2026-08-17T11:11:31Z INFO  steel_front::engine::game] ai: npcs=8 near=8 far=0 idle=0 patrol=0 chase=0 attack=8 tactics=[8, 0, 0, 0, 0, 0, 0, 0]
[2026-08-17T11:11:31Z INFO  steel_front::engine::game] game: wave=1 enemies=8 enemy_hp=100 hp=100/100 score=0 phys_us=2 ai_us=479 audio_us=26 net_us=0
[2026-08-17T11:11:31Z INFO  steel_front] cam: yaw=0.0 pitch=0.0 dist=3.4 mode=FirstPerson cycle_us=2803 update_us=21 render_us=2782
[2026-08-17T11:11:32Z INFO  steel_front::engine::renderer] visible=65536/65536 near=65536 far=0 fps=371.5 frame_us=2593 cull_us=1 terrain_us=0 wait_fence_us=1948 acquire_us=1 record_us=38 submit_us=80 present_us=144 terrain_lod=high blend=0.000 quality=中画质 marker=84 npc=56
[2026-08-17T11:11:32Z INFO  steel_front::engine::game] ai: npcs=8 near=8 far=0 idle=0 patrol=0 chase=0 attack=8 tactics=[8, 0, 0, 0, 0, 0, 0, 0]
[2026-08-17T11:11:32Z INFO  steel_front::engine::game] game: wave=1 enemies=8 enemy_hp=100 hp=100/100 score=0 phys_us=2 ai_us=590 audio_us=16 net_us=0
[2026-08-17T11:11:32Z INFO  steel_front] cam: yaw=0.0 pitch=0.0 dist=3.4 mode=FirstPerson cycle_us=2837 update_us=38 render_us=2799
[2026-08-17T11:11:33Z INFO  steel_front::engine::renderer] visible=65536/65536 near=65536 far=0 fps=369.5 frame_us=2249 cull_us=0 terrain_us=0 wait_fence_us=1758 acquire_us=1 record_us=53 submit_us=48 present_us=216 terrain_lod=high blend=0.000 quality=中画质 marker=84 npc=56
[2026-08-17T11:11:33Z INFO  steel_front::engine::game] ai: npcs=8 near=8 far=0 idle=0 patrol=0 chase=0 attack=8 tactics=[8, 0, 0, 0, 0, 0, 0, 0]
[2026-08-17T11:11:33Z INFO  steel_front::engine::game] game: wave=1 enemies=8 enemy_hp=100 hp=100/100 score=0 phys_us=1 ai_us=424 audio_us=28 net_us=0
[2026-08-17T11:11:33Z INFO  steel_front] cam: yaw=0.0 pitch=0.0 dist=3.4 mode=FirstPerson cycle_us=3130 update_us=22 render_us=3108
[2026-08-17T11:11:34Z INFO  steel_front::engine::renderer] visible=65536/65536 near=65536 far=0 fps=370.6 frame_us=2188 cull_us=0 terrain_us=0 wait_fence_us=2276 acquire_us=1 record_us=32 submit_us=63 present_us=144 terrain_lod=high blend=0.000 quality=中画质 marker=84 npc=56
[2026-08-17T11:11:34Z INFO  steel_front::engine::game] ai: npcs=8 near=8 far=0 idle=0 patrol=0 chase=0 attack=8 tactics=[8, 0, 0, 0, 0, 0, 0, 0]
[2026-08-17T11:11:34Z INFO  steel_front::engine::game] game: wave=1 enemies=8 enemy_hp=100 hp=100/100 score=0 phys_us=2 ai_us=473 audio_us=26 net_us=0
[2026-08-17T11:11:34Z INFO  steel_front] cam: yaw=0.0 pitch=0.0 dist=3.4 mode=FirstPerson cycle_us=2512 update_us=41 render_us=2470
[2026-08-17T11:11:35Z INFO  steel_front::engine::renderer] visible=65536/65536 near=65536 far=0 fps=369.2 frame_us=2443 cull_us=0 terrain_us=0 wait_fence_us=2123 acquire_us=1 record_us=39 submit_us=43 present_us=224 terrain_lod=high blend=0.000 quality=中画质 marker=84 npc=56
[2026-08-17T11:11:35Z INFO  steel_front::engine::game] ai: npcs=8 near=8 far=0 idle=0 patrol=0 chase=0 attack=8 tactics=[8, 0, 0, 0, 0, 0, 0, 0]
[2026-08-17T11:11:35Z INFO  steel_front::engine::game] game: wave=1 enemies=8 enemy_hp=100 hp=100/100 score=0 phys_us=2 ai_us=495 audio_us=29 net_us=0
[2026-08-17T11:11:35Z INFO  steel_front] cam: yaw=0.0 pitch=0.0 dist=3.4 mode=FirstPerson cycle_us=2754 update_us=43 render_us=2710
[2026-08-17T11:11:35Z INFO  steel_front] size diag: window_inner=2560x1600 hud=2560x1600
[2026-08-17T11:11:35Z INFO  steel_front] size diag: window_inner=2560x1600 hud=2560x1600
[2026-08-17T11:11:35Z INFO  steel_front] size diag: window_inner=2560x1600 hud=2560x1600
[2026-08-17T11:11:35Z INFO  steel_front] size diag: window_inner=2560x1600 hud=2560x1600
[2026-08-17T11:11:35Z INFO  steel_front] size diag: window_inner=2560x1600 hud=2560x1600
[2026-08-17T11:11:35Z INFO  steel_front] size diag: window_inner=2560x1600 hud=2560x1600
[2026-08-17T11:11:35Z INFO  steel_front] size diag: window_inner=2560x1600 hud=2560x1600
[2026-08-17T11:11:35Z INFO  steel_front] size diag: window_inner=2560x1600 hud=2560x1600
[2026-08-17T11:11:35Z INFO  steel_front] size diag: window_inner=2560x1600 hud=2560x1600
[2026-08-17T11:11:35Z INFO  steel_front] size diag: window_inner=2560x1600 hud=2560x1600
[2026-08-17T11:11:35Z INFO  steel_front] size diag: window_inner=2560x1600 hud=2560x1600
[2026-08-17T11:11:35Z INFO  steel_front] size diag: window_inner=2560x1600 hud=2560x1600
[2026-08-17T11:11:35Z INFO  steel_front] size diag: window_inner=2560x1600 hud=2560x1600
[2026-08-17T11:11:35Z INFO  steel_front] size diag: window_inner=2560x1600 hud=2560x1600
[2026-08-17T11:11:35Z INFO  steel_front] size diag: window_inner=2560x1600 hud=2560x1600
[2026-08-17T11:11:35Z INFO  steel_front] size diag: window_inner=2560x1600 hud=2560x1600
[2026-08-17T11:11:35Z INFO  steel_front] size diag: window_inner=2560x1600 hud=2560x1600
[2026-08-17T11:11:35Z INFO  steel_front] size diag: window_inner=2560x1600 hud=2560x1600
[2026-08-17T11:11:35Z INFO  steel_front] size diag: window_inner=2560x1600 hud=2560x1600
[2026-08-17T11:11:36Z INFO  steel_front::engine::renderer] visible=65536/65536 near=65536 far=0 fps=369.8 frame_us=2461 cull_us=0 terrain_us=0 wait_fence_us=1535 acquire_us=1 record_us=73 submit_us=77 present_us=328 terrain_lod=high blend=0.000 quality=中画质 marker=84 npc=56
[2026-08-17T11:11:36Z INFO  steel_front::engine::game] ai: npcs=8 near=8 far=0 idle=0 patrol=0 chase=0 attack=8 tactics=[8, 0, 0, 0, 0, 0, 0, 0]
[2026-08-17T11:11:36Z INFO  steel_front::engine::game] game: wave=1 enemies=8 enemy_hp=100 hp=100/100 score=0 phys_us=2 ai_us=462 audio_us=25 net_us=0
[2026-08-17T11:11:36Z INFO  steel_front] cam: yaw=0.0 pitch=0.0 dist=3.4 mode=FirstPerson cycle_us=2640 update_us=41 render_us=2598
[2026-08-17T11:11:37Z INFO  steel_front::engine::renderer] visible=65536/65536 near=65536 far=0 fps=371.1 frame_us=1971 cull_us=0 terrain_us=0 wait_fence_us=2169 acquire_us=1 record_us=52 submit_us=49 present_us=214 terrain_lod=high blend=0.000 quality=中画质 marker=84 npc=56
[2026-08-17T11:11:37Z INFO  steel_front::engine::game] ai: npcs=8 near=8 far=0 idle=0 patrol=0 chase=0 attack=8 tactics=[8, 0, 0, 0, 0, 0, 0, 0]
[2026-08-17T11:11:37Z INFO  steel_front::engine::game] game: wave=1 enemies=8 enemy_hp=100 hp=100/100 score=0 phys_us=2 ai_us=481 audio_us=15 net_us=0
[2026-08-17T11:11:37Z INFO  steel_front] cam: yaw=0.0 pitch=0.0 dist=3.4 mode=FirstPerson cycle_us=2494 update_us=39 render_us=2455
[2026-08-17T11:11:38Z INFO  steel_front::engine::renderer] visible=65536/65536 near=65536 far=0 fps=369.2 frame_us=2134 cull_us=1 terrain_us=0 wait_fence_us=2270 acquire_us=1 record_us=32 submit_us=30 present_us=194 terrain_lod=high blend=0.000 quality=中画质 marker=84 npc=56
[2026-08-17T11:11:38Z INFO  steel_front::engine::game] ai: npcs=8 near=8 far=0 idle=0 patrol=0 chase=0 attack=8 tactics=[8, 0, 0, 0, 0, 0, 0, 0]
[2026-08-17T11:11:38Z INFO  steel_front::engine::game] game: wave=1 enemies=8 enemy_hp=100 hp=100/100 score=0 phys_us=2 ai_us=455 audio_us=26 net_us=0
[2026-08-17T11:11:38Z INFO  steel_front] cam: yaw=0.0 pitch=0.0 dist=3.4 mode=FirstPerson cycle_us=2851 update_us=35 render_us=2816
[2026-08-17T11:11:39Z INFO  steel_front::engine::renderer] visible=65536/65536 near=65536 far=0 fps=370.8 frame_us=2222 cull_us=0 terrain_us=0 wait_fence_us=1766 acquire_us=1 record_us=53 submit_us=49 present_us=213 terrain_lod=high blend=0.000 quality=中画质 marker=84 npc=56
[2026-08-17T11:11:39Z INFO  steel_front::engine::game] ai: npcs=8 near=8 far=0 idle=0 patrol=0 chase=0 attack=8 tactics=[8, 0, 0, 0, 0, 0, 0, 0]
[2026-08-17T11:11:39Z INFO  steel_front::engine::game] game: wave=1 enemies=8 enemy_hp=100 hp=100/100 score=0 phys_us=2 ai_us=479 audio_us=27 net_us=0
[2026-08-17T11:11:39Z INFO  steel_front] cam: yaw=0.0 pitch=0.0 dist=3.4 mode=FirstPerson cycle_us=2563 update_us=41 render_us=2521
[2026-08-17T11:11:40Z INFO  steel_front::engine::renderer] visible=65536/65536 near=65536 far=0 fps=369.8 frame_us=2179 cull_us=0 terrain_us=0 wait_fence_us=1911 acquire_us=1 record_us=53 submit_us=49 present_us=346 terrain_lod=high blend=0.000 quality=中画质 marker=84 npc=56
[2026-08-17T11:11:40Z INFO  steel_front::engine::game] ai: npcs=8 near=8 far=0 idle=0 patrol=0 chase=0 attack=8 tactics=[8, 0, 0, 0, 0, 0, 0, 0]
[2026-08-17T11:11:40Z INFO  steel_front::engine::game] game: wave=1 enemies=8 enemy_hp=100 hp=100/100 score=0 phys_us=2 ai_us=434 audio_us=23 net_us=0
[2026-08-17T11:11:40Z INFO  steel_front] cam: yaw=0.0 pitch=0.0 dist=3.4 mode=FirstPerson cycle_us=2333 update_us=38 render_us=2295
[2026-08-17T11:11:40Z INFO  steel_front] size diag: window_inner=2560x1600 hud=2560x1600
[2026-08-17T11:11:40Z INFO  steel_front] size diag: window_inner=2560x1600 hud=2560x1600
[2026-08-17T11:11:40Z INFO  steel_front] size diag: window_inner=2560x1600 hud=2560x1600
[2026-08-17T11:11:40Z INFO  steel_front] size diag: window_inner=2560x1600 hud=2560x1600
[2026-08-17T11:11:40Z INFO  steel_front] size diag: window_inner=2560x1600 hud=2560x1600
[2026-08-17T11:11:40Z INFO  steel_front] size diag: window_inner=2560x1600 hud=2560x1600
[2026-08-17T11:11:40Z INFO  steel_front] size diag: window_inner=2560x1600 hud=2560x1600
[2026-08-17T11:11:40Z INFO  steel_front] size diag: window_inner=2560x1600 hud=2560x1600
[2026-08-17T11:11:40Z INFO  steel_front] size diag: window_inner=2560x1600 hud=2560x1600
[2026-08-17T11:11:40Z INFO  steel_front] size diag: window_inner=2560x1600 hud=2560x1600
[2026-08-17T11:11:40Z INFO  steel_front] size diag: window_inner=2560x1600 hud=2560x1600
[2026-08-17T11:11:40Z INFO  steel_front] size diag: window_inner=2560x1600 hud=2560x1600
[2026-08-17T11:11:40Z INFO  steel_front] size diag: window_inner=2560x1600 hud=2560x1600
[2026-08-17T11:11:40Z INFO  steel_front] size diag: window_inner=2560x1600 hud=2560x1600
[2026-08-17T11:11:40Z INFO  steel_front] size diag: window_inner=2560x1600 hud=2560x1600
[2026-08-17T11:11:40Z INFO  steel_front] size diag: window_inner=2560x1600 hud=2560x1600
[2026-08-17T11:11:40Z INFO  steel_front] size diag: window_inner=2560x1600 hud=2560x1600
[2026-08-17T11:11:40Z INFO  steel_front] size diag: window_inner=2560x1600 hud=2560x1600
[2026-08-17T11:11:40Z INFO  steel_front] size diag: window_inner=2560x1600 hud=2560x1600
[2026-08-17T11:11:41Z INFO  steel_front::engine::renderer] visible=65536/65536 near=65536 far=0 fps=370.4 frame_us=2139 cull_us=0 terrain_us=0 wait_fence_us=1896 acquire_us=1 record_us=62 submit_us=55 present_us=247 terrain_lod=high blend=0.000 quality=中画质 marker=84 npc=56
[2026-08-17T11:11:41Z INFO  steel_front::engine::game] ai: npcs=8 near=8 far=0 idle=0 patrol=0 chase=0 attack=8 tactics=[8, 0, 0, 0, 0, 0, 0, 0]
[2026-08-17T11:11:41Z INFO  steel_front::engine::game] game: wave=1 enemies=8 enemy_hp=100 hp=100/100 score=0 phys_us=2 ai_us=573 audio_us=16 net_us=0
[2026-08-17T11:11:41Z INFO  steel_front] cam: yaw=0.0 pitch=0.0 dist=3.4 mode=FirstPerson cycle_us=2840 update_us=37 render_us=2803
[2026-08-17T11:11:42Z INFO  steel_front::engine::renderer] visible=65536/65536 near=65536 far=0 fps=369.2 frame_us=2124 cull_us=2 terrain_us=0 wait_fence_us=2018 acquire_us=1 record_us=88 submit_us=28 present_us=139 terrain_lod=high blend=0.000 quality=中画质 marker=84 npc=56
[2026-08-17T11:11:42Z INFO  steel_front::engine::game] ai: npcs=8 near=8 far=0 idle=0 patrol=0 chase=0 attack=8 tactics=[8, 0, 0, 0, 0, 0, 0, 0]
[2026-08-17T11:11:42Z INFO  steel_front::engine::game] game: wave=1 enemies=8 enemy_hp=100 hp=100/100 score=0 phys_us=1 ai_us=170 audio_us=27 net_us=0
[2026-08-17T11:11:42Z INFO  steel_front] cam: yaw=0.0 pitch=0.0 dist=3.4 mode=FirstPerson cycle_us=3146 update_us=25 render_us=3120
[2026-08-17T11:11:43Z INFO  steel_front::engine::renderer] visible=65536/65536 near=65536 far=0 fps=370.4 frame_us=2267 cull_us=0 terrain_us=0 wait_fence_us=2049 acquire_us=1 record_us=52 submit_us=51 present_us=212 terrain_lod=high blend=0.000 quality=中画质 marker=84 npc=56
[2026-08-17T11:11:43Z INFO  steel_front::engine::game] ai: npcs=8 near=8 far=0 idle=0 patrol=0 chase=0 attack=8 tactics=[8, 0, 0, 0, 0, 0, 0, 0]
[2026-08-17T11:11:43Z INFO  steel_front::engine::game] game: wave=1 enemies=8 enemy_hp=100 hp=100/100 score=0 phys_us=2 ai_us=590 audio_us=17 net_us=0
[2026-08-17T11:11:43Z INFO  steel_front] cam: yaw=0.0 pitch=0.0 dist=3.4 mode=FirstPerson cycle_us=2548 update_us=40 render_us=2508
[2026-08-17T11:11:44Z INFO  steel_front::engine::renderer] visible=65536/65536 near=65536 far=0 fps=370.8 frame_us=2209 cull_us=0 terrain_us=0 wait_fence_us=1997 acquire_us=1 record_us=118 submit_us=56 present_us=279 terrain_lod=high blend=0.000 quality=中画质 marker=84 npc=56
[2026-08-17T11:11:44Z INFO  steel_front::engine::game] ai: npcs=8 near=8 far=0 idle=0 patrol=0 chase=0 attack=8 tactics=[8, 0, 0, 0, 0, 0, 0, 0]
[2026-08-17T11:11:44Z INFO  steel_front::engine::game] game: wave=1 enemies=8 enemy_hp=100 hp=100/100 score=0 phys_us=1 ai_us=395 audio_us=26 net_us=0
[2026-08-17T11:11:44Z INFO  steel_front] cam: yaw=0.0 pitch=0.0 dist=3.4 mode=FirstPerson cycle_us=2512 update_us=37 render_us=2475
[2026-08-17T11:11:45Z INFO  steel_front::engine::renderer] visible=65536/65536 near=65536 far=0 fps=357.2 frame_us=2353 cull_us=1 terrain_us=0 wait_fence_us=1812 acquire_us=1 record_us=53 submit_us=47 present_us=215 terrain_lod=high blend=0.000 quality=中画质 marker=84 npc=56
[2026-08-17T11:11:45Z INFO  steel_front::engine::game] ai: npcs=8 near=8 far=0 idle=0 patrol=0 chase=0 attack=8 tactics=[8, 0, 0, 0, 0, 0, 0, 0]
[2026-08-17T11:11:45Z INFO  steel_front::engine::game] game: wave=1 enemies=8 enemy_hp=100 hp=100/100 score=0 phys_us=2 ai_us=489 audio_us=25 net_us=0
[2026-08-17T11:11:45Z INFO  steel_front] cam: yaw=0.0 pitch=0.0 dist=3.4 mode=FirstPerson cycle_us=2642 update_us=37 render_us=2605
[2026-08-17T11:11:45Z INFO  steel_front] size diag: window_inner=2560x1600 hud=2560x1600
[2026-08-17T11:11:45Z INFO  steel_front] size diag: window_inner=2560x1600 hud=2560x1600
[2026-08-17T11:11:45Z INFO  steel_front] size diag: window_inner=2560x1600 hud=2560x1600
[2026-08-17T11:11:45Z INFO  steel_front] size diag: window_inner=2560x1600 hud=2560x1600
[2026-08-17T11:11:45Z INFO  steel_front] size diag: window_inner=2560x1600 hud=2560x1600
[2026-08-17T11:11:45Z INFO  steel_front] size diag: window_inner=2560x1600 hud=2560x1600
[2026-08-17T11:11:45Z INFO  steel_front] size diag: window_inner=2560x1600 hud=2560x1600
[2026-08-17T11:11:45Z INFO  steel_front] size diag: window_inner=2560x1600 hud=2560x1600
[2026-08-17T11:11:45Z INFO  steel_front] size diag: window_inner=2560x1600 hud=2560x1600
[2026-08-17T11:11:45Z INFO  steel_front] size diag: window_inner=2560x1600 hud=2560x1600
[2026-08-17T11:11:45Z INFO  steel_front] size diag: window_inner=2560x1600 hud=2560x1600
[2026-08-17T11:11:45Z INFO  steel_front] size diag: window_inner=2560x1600 hud=2560x1600
[2026-08-17T11:11:45Z INFO  steel_front] size diag: window_inner=2560x1600 hud=2560x1600
[2026-08-17T11:11:45Z INFO  steel_front] size diag: window_inner=2560x1600 hud=2560x1600
[2026-08-17T11:11:45Z INFO  steel_front] size diag: window_inner=2560x1600 hud=2560x1600
[2026-08-17T11:11:45Z INFO  steel_front] size diag: window_inner=2560x1600 hud=2560x1600
[2026-08-17T11:11:45Z INFO  steel_front] size diag: window_inner=2560x1600 hud=2560x1600
[2026-08-17T11:11:46Z INFO  steel_front::engine::renderer] visible=65536/65536 near=65536 far=0 fps=368.7 frame_us=2068 cull_us=0 terrain_us=0 wait_fence_us=2264 acquire_us=0 record_us=41 submit_us=51 present_us=204 terrain_lod=high blend=0.000 quality=中画质 marker=84 npc=56
[2026-08-17T11:11:46Z INFO  steel_front::engine::game] ai: npcs=8 near=8 far=0 idle=0 patrol=0 chase=0 attack=8 tactics=[8, 0, 0, 0, 0, 0, 0, 0]
[2026-08-17T11:11:46Z INFO  steel_front::engine::game] game: wave=1 enemies=8 enemy_hp=100 hp=100/100 score=0 phys_us=2 ai_us=371 audio_us=23 net_us=0
[2026-08-17T11:11:46Z INFO  steel_front] cam: yaw=0.0 pitch=0.0 dist=3.4 mode=FirstPerson cycle_us=3060 update_us=21 render_us=3039
[2026-08-17T11:11:47Z INFO  steel_front::engine::renderer] visible=65536/65536 near=65536 far=0 fps=369.8 frame_us=1950 cull_us=0 terrain_us=0 wait_fence_us=2300 acquire_us=1 record_us=31 submit_us=62 present_us=133 terrain_lod=high blend=0.000 quality=中画质 marker=84 npc=56
[2026-08-17T11:11:47Z INFO  steel_front::engine::game] ai: npcs=8 near=8 far=0 idle=0 patrol=0 chase=0 attack=8 tactics=[8, 0, 0, 0, 0, 0, 0, 0]
[2026-08-17T11:11:47Z INFO  steel_front::engine::game] game: wave=1 enemies=8 enemy_hp=100 hp=100/100 score=0 phys_us=4 ai_us=462 audio_us=24 net_us=0
[2026-08-17T11:11:47Z INFO  steel_front] cam: yaw=0.0 pitch=0.0 dist=3.4 mode=FirstPerson cycle_us=2837 update_us=36 render_us=2800
[2026-08-17T11:11:48Z INFO  steel_front::engine::renderer] visible=65536/65536 near=65536 far=0 fps=369.8 frame_us=2142 cull_us=0 terrain_us=0 wait_fence_us=2289 acquire_us=1 record_us=124 submit_us=48 present_us=204 terrain_lod=high blend=0.000 quality=中画质 marker=84 npc=56
[2026-08-17T11:11:48Z INFO  steel_front::engine::game] ai: npcs=8 near=8 far=0 idle=0 patrol=0 chase=0 attack=8 tactics=[8, 0, 0, 0, 0, 0, 0, 0]
[2026-08-17T11:11:48Z INFO  steel_front::engine::game] game: wave=1 enemies=8 enemy_hp=100 hp=100/100 score=0 phys_us=1 ai_us=739 audio_us=15 net_us=0
[2026-08-17T11:11:48Z INFO  steel_front] cam: yaw=0.0 pitch=0.0 dist=3.4 mode=FirstPerson cycle_us=3307 update_us=21 render_us=3285
[2026-08-17T11:11:49Z INFO  steel_front::engine::renderer] visible=65536/65536 near=65536 far=0 fps=369.6 frame_us=2436 cull_us=0 terrain_us=0 wait_fence_us=1775 acquire_us=0 record_us=54 submit_us=44 present_us=234 terrain_lod=high blend=0.000 quality=中画质 marker=84 npc=56
[2026-08-17T11:11:49Z INFO  steel_front::engine::game] ai: npcs=8 near=8 far=0 idle=0 patrol=0 chase=0 attack=8 tactics=[8, 0, 0, 0, 0, 0, 0, 0]
[2026-08-17T11:11:49Z INFO  steel_front::engine::game] game: wave=1 enemies=8 enemy_hp=100 hp=100/100 score=0 phys_us=1 ai_us=357 audio_us=28 net_us=0
[2026-08-17T11:11:49Z INFO  steel_front] cam: yaw=0.0 pitch=0.0 dist=3.4 mode=FirstPerson cycle_us=2684 update_us=45 render_us=2638
[2026-08-17T11:11:50Z INFO  steel_front::engine::renderer] visible=65536/65536 near=65536 far=0 fps=371.0 frame_us=2278 cull_us=0 terrain_us=0 wait_fence_us=2252 acquire_us=1 record_us=35 submit_us=67 present_us=157 terrain_lod=high blend=0.000 quality=中画质 marker=84 npc=56
[2026-08-17T11:11:50Z INFO  steel_front::engine::game] ai: npcs=8 near=8 far=0 idle=0 patrol=0 chase=0 attack=8 tactics=[8, 0, 0, 0, 0, 0, 0, 0]
[2026-08-17T11:11:50Z INFO  steel_front::engine::game] game: wave=1 enemies=8 enemy_hp=100 hp=100/100 score=0 phys_us=1 ai_us=352 audio_us=13 net_us=0
[2026-08-17T11:11:50Z INFO  steel_front] cam: yaw=0.0 pitch=0.0 dist=3.4 mode=FirstPerson cycle_us=2775 update_us=47 render_us=2727
[2026-08-17T11:11:50Z INFO  steel_front] size diag: window_inner=2560x1600 hud=2560x1600
[2026-08-17T11:11:50Z INFO  steel_front] size diag: window_inner=2560x1600 hud=2560x1600
[2026-08-17T11:11:50Z INFO  steel_front] size diag: window_inner=2560x1600 hud=2560x1600
[2026-08-17T11:11:50Z INFO  steel_front] size diag: window_inner=2560x1600 hud=2560x1600
[2026-08-17T11:11:50Z INFO  steel_front] size diag: window_inner=2560x1600 hud=2560x1600
[2026-08-17T11:11:50Z INFO  steel_front] size diag: window_inner=2560x1600 hud=2560x1600
[2026-08-17T11:11:50Z INFO  steel_front] size diag: window_inner=2560x1600 hud=2560x1600
[2026-08-17T11:11:50Z INFO  steel_front] size diag: window_inner=2560x1600 hud=2560x1600
[2026-08-17T11:11:50Z INFO  steel_front] size diag: window_inner=2560x1600 hud=2560x1600
[2026-08-17T11:11:50Z INFO  steel_front] size diag: window_inner=2560x1600 hud=2560x1600
[2026-08-17T11:11:50Z INFO  steel_front] size diag: window_inner=2560x1600 hud=2560x1600
[2026-08-17T11:11:50Z INFO  steel_front] size diag: window_inner=2560x1600 hud=2560x1600
[2026-08-17T11:11:50Z INFO  steel_front] size diag: window_inner=2560x1600 hud=2560x1600
[2026-08-17T11:11:50Z INFO  steel_front] size diag: window_inner=2560x1600 hud=2560x1600
[2026-08-17T11:11:50Z INFO  steel_front] size diag: window_inner=2560x1600 hud=2560x1600
[2026-08-17T11:11:50Z INFO  steel_front] size diag: window_inner=2560x1600 hud=2560x1600
[2026-08-17T11:11:50Z INFO  steel_front] size diag: window_inner=2560x1600 hud=2560x1600
[2026-08-17T11:11:50Z INFO  steel_front] size diag: window_inner=2560x1600 hud=2560x1600
[2026-08-17T11:11:51Z INFO  steel_front::engine::renderer] visible=65536/65536 near=65536 far=0 fps=370.9 frame_us=2121 cull_us=1 terrain_us=0 wait_fence_us=2090 acquire_us=1 record_us=57 submit_us=50 present_us=238 terrain_lod=high blend=0.000 quality=中画质 marker=84 npc=56
[2026-08-17T11:11:51Z INFO  steel_front::engine::game] ai: npcs=8 near=8 far=0 idle=0 patrol=0 chase=0 attack=8 tactics=[8, 0, 0, 0, 0, 0, 0, 0]
[2026-08-17T11:11:51Z INFO  steel_front::engine::game] game: wave=1 enemies=8 enemy_hp=100 hp=100/100 score=0 phys_us=2 ai_us=387 audio_us=14 net_us=0
[2026-08-17T11:11:51Z INFO  steel_front] cam: yaw=0.0 pitch=0.0 dist=3.4 mode=FirstPerson cycle_us=3399 update_us=20 render_us=3378
[2026-08-17T11:11:52Z INFO  steel_front::engine::renderer] visible=65536/65536 near=65536 far=0 fps=369.7 frame_us=2287 cull_us=0 terrain_us=0 wait_fence_us=2029 acquire_us=1 record_us=32 submit_us=30 present_us=162 terrain_lod=high blend=0.000 quality=中画质 marker=84 npc=56
[2026-08-17T11:11:52Z INFO  steel_front::engine::game] ai: npcs=8 near=8 far=0 idle=0 patrol=0 chase=0 attack=8 tactics=[8, 0, 0, 0, 0, 0, 0, 0]
[2026-08-17T11:11:52Z INFO  steel_front::engine::game] game: wave=1 enemies=8 enemy_hp=100 hp=100/100 score=0 phys_us=2 ai_us=224 audio_us=13 net_us=0
[2026-08-17T11:11:52Z INFO  steel_front] cam: yaw=0.0 pitch=0.0 dist=3.4 mode=FirstPerson cycle_us=2355 update_us=38 render_us=2316
[2026-08-17T11:11:53Z INFO  steel_front::engine::renderer] visible=65536/65536 near=65536 far=0 fps=370.4 frame_us=2947 cull_us=1 terrain_us=0 wait_fence_us=1285 acquire_us=1 record_us=109 submit_us=77 present_us=333 terrain_lod=high blend=0.000 quality=中画质 marker=84 npc=56
[2026-08-17T11:11:53Z INFO  steel_front::engine::game] ai: npcs=8 near=8 far=0 idle=0 patrol=0 chase=0 attack=8 tactics=[8, 0, 0, 0, 0, 0, 0, 0]
[2026-08-17T11:11:53Z INFO  steel_front::engine::game] game: wave=1 enemies=8 enemy_hp=100 hp=100/100 score=0 phys_us=2 ai_us=375 audio_us=24 net_us=0
[2026-08-17T11:11:53Z INFO  steel_front] cam: yaw=0.0 pitch=0.0 dist=3.4 mode=FirstPerson cycle_us=2702 update_us=29 render_us=2672
[2026-08-17T11:11:54Z INFO  steel_front::engine::renderer] visible=65536/65536 near=65536 far=0 fps=370.0 frame_us=2219 cull_us=0 terrain_us=0 wait_fence_us=2106 acquire_us=0 record_us=54 submit_us=116 present_us=225 terrain_lod=high blend=0.000 quality=中画质 marker=84 npc=56
[2026-08-17T11:11:54Z INFO  steel_front::engine::game] ai: npcs=8 near=8 far=0 idle=0 patrol=0 chase=0 attack=8 tactics=[8, 0, 0, 0, 0, 0, 0, 0]
[2026-08-17T11:11:54Z INFO  steel_front::engine::game] game: wave=1 enemies=8 enemy_hp=100 hp=100/100 score=0 phys_us=2 ai_us=487 audio_us=15 net_us=0
[2026-08-17T11:11:54Z INFO  steel_front] cam: yaw=0.0 pitch=0.0 dist=3.4 mode=FirstPerson cycle_us=2767 update_us=18 render_us=2748
[2026-08-17T11:11:55Z INFO  steel_front::engine::renderer] visible=65536/65536 near=65536 far=0 fps=370.9 frame_us=2725 cull_us=1 terrain_us=0 wait_fence_us=1765 acquire_us=1 record_us=62 submit_us=79 present_us=234 terrain_lod=high blend=0.000 quality=中画质 marker=84 npc=56
[2026-08-17T11:11:55Z INFO  steel_front::engine::game] ai: npcs=8 near=8 far=0 idle=0 patrol=0 chase=0 attack=8 tactics=[8, 0, 0, 0, 0, 0, 0, 0]
[2026-08-17T11:11:55Z INFO  steel_front::engine::game] game: wave=1 enemies=8 enemy_hp=100 hp=100/100 score=0 phys_us=2 ai_us=407 audio_us=29 net_us=0
[2026-08-17T11:11:55Z INFO  steel_front] cam: yaw=0.0 pitch=0.0 dist=3.4 mode=FirstPerson cycle_us=2810 update_us=19 render_us=2791
[2026-08-17T11:11:55Z INFO  steel_front] size diag: window_inner=2560x1600 hud=2560x1600
[2026-08-17T11:11:55Z INFO  steel_front] size diag: window_inner=2560x1600 hud=2560x1600
[2026-08-17T11:11:55Z INFO  steel_front] size diag: window_inner=2560x1600 hud=2560x1600
[2026-08-17T11:11:55Z INFO  steel_front] size diag: window_inner=2560x1600 hud=2560x1600
[2026-08-17T11:11:55Z INFO  steel_front] size diag: window_inner=2560x1600 hud=2560x1600
[2026-08-17T11:11:55Z INFO  steel_front] size diag: window_inner=2560x1600 hud=2560x1600
[2026-08-17T11:11:55Z INFO  steel_front] size diag: window_inner=2560x1600 hud=2560x1600
[2026-08-17T11:11:55Z INFO  steel_front] size diag: window_inner=2560x1600 hud=2560x1600
[2026-08-17T11:11:55Z INFO  steel_front] size diag: window_inner=2560x1600 hud=2560x1600
[2026-08-17T11:11:55Z INFO  steel_front] size diag: window_inner=2560x1600 hud=2560x1600
[2026-08-17T11:11:55Z INFO  steel_front] size diag: window_inner=2560x1600 hud=2560x1600
[2026-08-17T11:11:55Z INFO  steel_front] size diag: window_inner=2560x1600 hud=2560x1600
[2026-08-17T11:11:55Z INFO  steel_front] size diag: window_inner=2560x1600 hud=2560x1600
[2026-08-17T11:11:55Z INFO  steel_front] size diag: window_inner=2560x1600 hud=2560x1600
[2026-08-17T11:11:55Z INFO  steel_front] size diag: window_inner=2560x1600 hud=2560x1600
[2026-08-17T11:11:55Z INFO  steel_front] size diag: window_inner=2560x1600 hud=2560x1600
[2026-08-17T11:11:55Z INFO  steel_front] size diag: window_inner=2560x1600 hud=2560x1600
[2026-08-17T11:11:55Z INFO  steel_front] size diag: window_inner=2560x1600 hud=2560x1600
[2026-08-17T11:11:56Z INFO  steel_front::engine::renderer] visible=65536/65536 near=65536 far=0 fps=369.7 frame_us=2435 cull_us=0 terrain_us=0 wait_fence_us=1952 acquire_us=1 record_us=54 submit_us=75 present_us=231 terrain_lod=high blend=0.000 quality=中画质 marker=84 npc=56
[2026-08-17T11:11:56Z INFO  steel_front::engine::game] ai: npcs=8 near=8 far=0 idle=0 patrol=0 chase=0 attack=8 tactics=[8, 0, 0, 0, 0, 0, 0, 0]
[2026-08-17T11:11:56Z INFO  steel_front::engine::game] game: wave=1 enemies=8 enemy_hp=100 hp=100/100 score=0 phys_us=2 ai_us=396 audio_us=17 net_us=0
[2026-08-17T11:11:56Z INFO  steel_front] cam: yaw=0.0 pitch=0.0 dist=3.4 mode=FirstPerson cycle_us=2456 update_us=46 render_us=2409
[2026-08-17T11:11:57Z INFO  steel_front::engine::renderer] visible=65536/65536 near=65536 far=0 fps=366.9 frame_us=2461 cull_us=0 terrain_us=0 wait_fence_us=1620 acquire_us=1 record_us=64 submit_us=62 present_us=241 terrain_lod=high blend=0.000 quality=中画质 marker=84 npc=56
[2026-08-17T11:11:57Z INFO  steel_front::engine::game] ai: npcs=8 near=8 far=0 idle=0 patrol=0 chase=0 attack=8 tactics=[8, 0, 0, 0, 0, 0, 0, 0]
[2026-08-17T11:11:57Z INFO  steel_front::engine::game] game: wave=1 enemies=8 enemy_hp=100 hp=100/100 score=0 phys_us=2 ai_us=523 audio_us=17 net_us=0
[2026-08-17T11:11:57Z INFO  steel_front] cam: yaw=0.0 pitch=0.0 dist=3.4 mode=FirstPerson cycle_us=2819 update_us=40 render_us=2779
[2026-08-17T11:11:58Z INFO  steel_front::engine::renderer] visible=65536/65536 near=65536 far=0 fps=370.2 frame_us=2080 cull_us=0 terrain_us=0 wait_fence_us=2542 acquire_us=1 record_us=32 submit_us=38 present_us=131 terrain_lod=high blend=0.000 quality=中画质 marker=84 npc=56
[2026-08-17T11:11:58Z INFO  steel_front::engine::game] ai: npcs=8 near=8 far=0 idle=0 patrol=0 chase=0 attack=8 tactics=[8, 0, 0, 0, 0, 0, 0, 0]
[2026-08-17T11:11:58Z INFO  steel_front::engine::game] game: wave=1 enemies=8 enemy_hp=100 hp=100/100 score=0 phys_us=2 ai_us=475 audio_us=13 net_us=0
[2026-08-17T11:11:58Z INFO  steel_front] cam: yaw=0.0 pitch=0.0 dist=3.4 mode=FirstPerson cycle_us=2712 update_us=67 render_us=2644
[2026-08-17T11:11:59Z INFO  steel_front::engine::renderer] visible=65536/65536 near=65536 far=0 fps=368.8 frame_us=2258 cull_us=0 terrain_us=0 wait_fence_us=2320 acquire_us=1 record_us=57 submit_us=52 present_us=207 terrain_lod=high blend=0.000 quality=中画质 marker=84 npc=56
[2026-08-17T11:11:59Z INFO  steel_front::engine::game] ai: npcs=8 near=8 far=0 idle=0 patrol=0 chase=0 attack=8 tactics=[8, 0, 0, 0, 0, 0, 0, 0]
[2026-08-17T11:11:59Z INFO  steel_front::engine::game] game: wave=1 enemies=8 enemy_hp=100 hp=100/100 score=0 phys_us=1 ai_us=420 audio_us=17 net_us=0
[2026-08-17T11:11:59Z INFO  steel_front] cam: yaw=0.0 pitch=0.0 dist=3.4 mode=FirstPerson cycle_us=2673 update_us=37 render_us=2636
[2026-08-17T11:12:00Z INFO  steel_front::engine::renderer] visible=65536/65536 near=65536 far=0 fps=368.1 frame_us=2729 cull_us=0 terrain_us=0 wait_fence_us=1577 acquire_us=0 record_us=139 submit_us=52 present_us=261 terrain_lod=high blend=0.000 quality=中画质 marker=84 npc=56
[2026-08-17T11:12:00Z INFO  steel_front::engine::game] ai: npcs=8 near=8 far=0 idle=0 patrol=0 chase=0 attack=8 tactics=[8, 0, 0, 0, 0, 0, 0, 0]
[2026-08-17T11:12:00Z INFO  steel_front::engine::game] game: wave=1 enemies=8 enemy_hp=100 hp=100/100 score=0 phys_us=2 ai_us=423 audio_us=26 net_us=0
[2026-08-17T11:12:00Z INFO  steel_front] cam: yaw=0.0 pitch=0.0 dist=3.4 mode=FirstPerson cycle_us=2671 update_us=36 render_us=2635
[2026-08-17T11:12:00Z INFO  steel_front] size diag: window_inner=2560x1600 hud=2560x1600
[2026-08-17T11:12:00Z INFO  steel_front] size diag: window_inner=2560x1600 hud=2560x1600
[2026-08-17T11:12:00Z INFO  steel_front] size diag: window_inner=2560x1600 hud=2560x1600
[2026-08-17T11:12:00Z INFO  steel_front] size diag: window_inner=2560x1600 hud=2560x1600
[2026-08-17T11:12:00Z INFO  steel_front] size diag: window_inner=2560x1600 hud=2560x1600
[2026-08-17T11:12:00Z INFO  steel_front] size diag: window_inner=2560x1600 hud=2560x1600
[2026-08-17T11:12:00Z INFO  steel_front] size diag: window_inner=2560x1600 hud=2560x1600
[2026-08-17T11:12:00Z INFO  steel_front] size diag: window_inner=2560x1600 hud=2560x1600
[2026-08-17T11:12:00Z INFO  steel_front] size diag: window_inner=2560x1600 hud=2560x1600
[2026-08-17T11:12:00Z INFO  steel_front] size diag: window_inner=2560x1600 hud=2560x1600
[2026-08-17T11:12:00Z INFO  steel_front] size diag: window_inner=2560x1600 hud=2560x1600
[2026-08-17T11:12:00Z INFO  steel_front] size diag: window_inner=2560x1600 hud=2560x1600
[2026-08-17T11:12:00Z INFO  steel_front] size diag: window_inner=2560x1600 hud=2560x1600
[2026-08-17T11:12:00Z INFO  steel_front] size diag: window_inner=2560x1600 hud=2560x1600
[2026-08-17T11:12:00Z INFO  steel_front] size diag: window_inner=2560x1600 hud=2560x1600
[2026-08-17T11:12:00Z INFO  steel_front] size diag: window_inner=2560x1600 hud=2560x1600
[2026-08-17T11:12:00Z INFO  steel_front] size diag: window_inner=2560x1600 hud=2560x1600
[2026-08-17T11:12:00Z INFO  steel_front] size diag: window_inner=2560x1600 hud=2560x1600
[2026-08-17T11:12:00Z INFO  steel_front] size diag: window_inner=2560x1600 hud=2560x1600
[2026-08-17T11:12:01Z INFO  steel_front::engine::renderer] visible=65536/65536 near=65536 far=0 fps=372.3 frame_us=1822 cull_us=2 terrain_us=0 wait_fence_us=2114 acquire_us=4 record_us=36 submit_us=33 present_us=258 terrain_lod=high blend=0.000 quality=中画质 marker=84 npc=56
[2026-08-17T11:12:01Z INFO  steel_front::engine::game] ai: npcs=8 near=8 far=0 idle=0 patrol=0 chase=0 attack=8 tactics=[8, 0, 0, 0, 0, 0, 0, 0]
[2026-08-17T11:12:01Z INFO  steel_front::engine::game] game: wave=1 enemies=8 enemy_hp=100 hp=100/100 score=0 phys_us=2 ai_us=431 audio_us=26 net_us=0
[2026-08-17T11:12:01Z INFO  steel_front] cam: yaw=0.0 pitch=0.0 dist=3.4 mode=FirstPerson cycle_us=2679 update_us=42 render_us=2636
[2026-08-17T11:12:02Z INFO  steel_front::engine::renderer] visible=65536/65536 near=65536 far=0 fps=374.9 frame_us=2041 cull_us=0 terrain_us=0 wait_fence_us=2118 acquire_us=1 record_us=55 submit_us=57 present_us=244 terrain_lod=high blend=0.000 quality=中画质 marker=84 npc=56
[2026-08-17T11:12:02Z INFO  steel_front::engine::game] ai: npcs=8 near=8 far=0 idle=0 patrol=0 chase=0 attack=8 tactics=[8, 0, 0, 0, 0, 0, 0, 0]
[2026-08-17T11:12:02Z INFO  steel_front::engine::game] game: wave=1 enemies=8 enemy_hp=100 hp=100/100 score=0 phys_us=5 ai_us=418 audio_us=26 net_us=0
[2026-08-17T11:12:02Z INFO  steel_front] cam: yaw=0.0 pitch=0.0 dist=3.4 mode=FirstPerson cycle_us=2765 update_us=38 render_us=2727
[2026-08-17T11:12:03Z INFO  steel_front::engine::renderer] visible=65536/65536 near=65536 far=0 fps=369.6 frame_us=2047 cull_us=0 terrain_us=0 wait_fence_us=2011 acquire_us=1 record_us=37 submit_us=57 present_us=172 terrain_lod=high blend=0.000 quality=中画质 marker=84 npc=56
[2026-08-17T11:12:03Z INFO  steel_front::engine::game] ai: npcs=8 near=8 far=0 idle=0 patrol=0 chase=0 attack=8 tactics=[8, 0, 0, 0, 0, 0, 0, 0]
[2026-08-17T11:12:03Z INFO  steel_front::engine::game] game: wave=1 enemies=8 enemy_hp=100 hp=100/100 score=0 phys_us=1 ai_us=429 audio_us=30 net_us=0
[2026-08-17T11:12:03Z INFO  steel_front] cam: yaw=0.0 pitch=0.0 dist=3.4 mode=FirstPerson cycle_us=2394 update_us=38 render_us=2355
[2026-08-17T11:12:04Z INFO  steel_front::engine::renderer] visible=65536/65536 near=65536 far=0 fps=364.1 frame_us=2621 cull_us=1 terrain_us=0 wait_fence_us=2175 acquire_us=1 record_us=70 submit_us=51 present_us=259 terrain_lod=high blend=0.000 quality=中画质 marker=84 npc=56
[2026-08-17T11:12:04Z INFO  steel_front::engine::game] ai: npcs=8 near=8 far=0 idle=0 patrol=0 chase=0 attack=8 tactics=[8, 0, 0, 0, 0, 0, 0, 0]
[2026-08-17T11:12:04Z INFO  steel_front::engine::game] game: wave=1 enemies=8 enemy_hp=100 hp=100/100 score=0 phys_us=2 ai_us=499 audio_us=28 net_us=0
[2026-08-17T11:12:04Z INFO  steel_front] cam: yaw=0.0 pitch=0.0 dist=3.4 mode=FirstPerson cycle_us=2357 update_us=44 render_us=2312
[2026-08-17T11:12:05Z INFO  steel_front::engine::renderer] visible=65536/65536 near=65536 far=0 fps=368.9 frame_us=2480 cull_us=1 terrain_us=0 wait_fence_us=1779 acquire_us=0 record_us=53 submit_us=77 present_us=222 terrain_lod=high blend=0.000 quality=中画质 marker=84 npc=56
[2026-08-17T11:12:05Z INFO  steel_front::engine::game] ai: npcs=8 near=8 far=0 idle=0 patrol=0 chase=0 attack=8 tactics=[8, 0, 0, 0, 0, 0, 0, 0]
[2026-08-17T11:12:05Z INFO  steel_front::engine::game] game: wave=1 enemies=8 enemy_hp=100 hp=100/100 score=0 phys_us=3 ai_us=487 audio_us=24 net_us=0
[2026-08-17T11:12:05Z INFO  steel_front] cam: yaw=0.0 pitch=0.0 dist=3.4 mode=FirstPerson cycle_us=2712 update_us=42 render_us=2670
[2026-08-17T11:12:05Z INFO  steel_front] size diag: window_inner=2560x1600 hud=2560x1600
[2026-08-17T11:12:05Z INFO  steel_front] size diag: window_inner=2560x1600 hud=2560x1600
[2026-08-17T11:12:05Z INFO  steel_front] size diag: window_inner=2560x1600 hud=2560x1600
[2026-08-17T11:12:05Z INFO  steel_front] size diag: window_inner=2560x1600 hud=2560x1600
[2026-08-17T11:12:05Z INFO  steel_front] size diag: window_inner=2560x1600 hud=2560x1600
[2026-08-17T11:12:05Z INFO  steel_front] size diag: window_inner=2560x1600 hud=2560x1600
[2026-08-17T11:12:05Z INFO  steel_front] size diag: window_inner=2560x1600 hud=2560x1600
[2026-08-17T11:12:05Z INFO  steel_front] size diag: window_inner=2560x1600 hud=2560x1600
[2026-08-17T11:12:05Z INFO  steel_front] size diag: window_inner=2560x1600 hud=2560x1600
[2026-08-17T11:12:05Z INFO  steel_front] size diag: window_inner=2560x1600 hud=2560x1600
[2026-08-17T11:12:05Z INFO  steel_front] size diag: window_inner=2560x1600 hud=2560x1600
[2026-08-17T11:12:05Z INFO  steel_front] size diag: window_inner=2560x1600 hud=2560x1600
[2026-08-17T11:12:05Z INFO  steel_front] size diag: window_inner=2560x1600 hud=2560x1600
[2026-08-17T11:12:05Z INFO  steel_front] size diag: window_inner=2560x1600 hud=2560x1600
[2026-08-17T11:12:05Z INFO  steel_front] size diag: window_inner=2560x1600 hud=2560x1600
[2026-08-17T11:12:05Z INFO  steel_front] size diag: window_inner=2560x1600 hud=2560x1600
[2026-08-17T11:12:05Z INFO  steel_front] size diag: window_inner=2560x1600 hud=2560x1600
[2026-08-17T11:12:05Z INFO  steel_front] size diag: window_inner=2560x1600 hud=2560x1600
[2026-08-17T11:12:05Z INFO  steel_front] size diag: window_inner=2560x1600 hud=2560x1600
[2026-08-17T11:12:06Z INFO  steel_front::engine::renderer] visible=65536/65536 near=65536 far=0 fps=369.6 frame_us=2436 cull_us=2 terrain_us=0 wait_fence_us=1728 acquire_us=2 record_us=53 submit_us=49 present_us=269 terrain_lod=high blend=0.000 quality=中画质 marker=84 npc=56
[2026-08-17T11:12:06Z INFO  steel_front::engine::game] ai: npcs=8 near=8 far=0 idle=0 patrol=0 chase=0 attack=8 tactics=[8, 0, 0, 0, 0, 0, 0, 0]
[2026-08-17T11:12:06Z INFO  steel_front::engine::game] game: wave=1 enemies=8 enemy_hp=100 hp=100/100 score=0 phys_us=2 ai_us=441 audio_us=25 net_us=0
[2026-08-17T11:12:06Z INFO  steel_front] cam: yaw=0.0 pitch=0.0 dist=3.4 mode=FirstPerson cycle_us=2966 update_us=19 render_us=2947
[2026-08-17T11:12:07Z INFO  steel_front::engine::renderer] visible=65536/65536 near=65536 far=0 fps=371.2 frame_us=1956 cull_us=1 terrain_us=0 wait_fence_us=2241 acquire_us=1 record_us=78 submit_us=28 present_us=133 terrain_lod=high blend=0.000 quality=中画质 marker=84 npc=56
[2026-08-17T11:12:07Z INFO  steel_front::engine::game] ai: npcs=8 near=8 far=0 idle=0 patrol=0 chase=0 attack=8 tactics=[8, 0, 0, 0, 0, 0, 0, 0]
[2026-08-17T11:12:07Z INFO  steel_front::engine::game] game: wave=1 enemies=8 enemy_hp=100 hp=100/100 score=0 phys_us=2 ai_us=488 audio_us=23 net_us=0
[2026-08-17T11:12:07Z INFO  steel_front] cam: yaw=0.0 pitch=0.0 dist=3.4 mode=FirstPerson cycle_us=2717 update_us=59 render_us=2657
[2026-08-17T11:12:08Z INFO  steel_front::engine::renderer] visible=65536/65536 near=65536 far=0 fps=368.7 frame_us=2312 cull_us=0 terrain_us=0 wait_fence_us=1907 acquire_us=1 record_us=39 submit_us=44 present_us=199 terrain_lod=high blend=0.000 quality=中画质 marker=84 npc=56
[2026-08-17T11:12:08Z INFO  steel_front::engine::game] ai: npcs=8 near=8 far=0 idle=0 patrol=0 chase=0 attack=8 tactics=[8, 0, 0, 0, 0, 0, 0, 0]
[2026-08-17T11:12:08Z INFO  steel_front::engine::game] game: wave=1 enemies=8 enemy_hp=100 hp=100/100 score=0 phys_us=2 ai_us=470 audio_us=27 net_us=0
[2026-08-17T11:12:08Z INFO  steel_front] cam: yaw=0.0 pitch=0.0 dist=3.4 mode=FirstPerson cycle_us=2698 update_us=36 render_us=2661
[2026-08-17T11:12:09Z INFO  steel_front::engine::renderer] visible=65536/65536 near=65536 far=0 fps=369.9 frame_us=2671 cull_us=0 terrain_us=0 wait_fence_us=1642 acquire_us=1 record_us=146 submit_us=58 present_us=403 terrain_lod=high blend=0.000 quality=中画质 marker=84 npc=56
[2026-08-17T11:12:09Z INFO  steel_front::engine::game] ai: npcs=8 near=8 far=0 idle=0 patrol=0 chase=0 attack=8 tactics=[8, 0, 0, 0, 0, 0, 0, 0]
[2026-08-17T11:12:09Z INFO  steel_front::engine::game] game: wave=1 enemies=8 enemy_hp=100 hp=100/100 score=0 phys_us=2 ai_us=433 audio_us=17 net_us=0
[2026-08-17T11:12:09Z INFO  steel_front] cam: yaw=0.0 pitch=0.0 dist=3.4 mode=FirstPerson cycle_us=2923 update_us=17 render_us=2905
[2026-08-17T11:12:10Z INFO  steel_front::engine::renderer] visible=65536/65536 near=65536 far=0 fps=370.3 frame_us=2053 cull_us=0 terrain_us=0 wait_fence_us=2028 acquire_us=0 record_us=53 submit_us=53 present_us=213 terrain_lod=high blend=0.000 quality=中画质 marker=84 npc=56
[2026-08-17T11:12:10Z INFO  steel_front::engine::game] ai: npcs=8 near=8 far=0 idle=0 patrol=0 chase=0 attack=8 tactics=[8, 0, 0, 0, 0, 0, 0, 0]
[2026-08-17T11:12:10Z INFO  steel_front::engine::game] game: wave=1 enemies=8 enemy_hp=100 hp=100/100 score=0 phys_us=3 ai_us=505 audio_us=17 net_us=0
[2026-08-17T11:12:10Z INFO  steel_front] cam: yaw=0.0 pitch=0.0 dist=3.4 mode=FirstPerson cycle_us=2531 update_us=20 render_us=2510
[2026-08-17T11:12:10Z INFO  steel_front] size diag: window_inner=2560x1600 hud=2560x1600
[2026-08-17T11:12:10Z INFO  steel_front] size diag: window_inner=2560x1600 hud=2560x1600
[2026-08-17T11:12:10Z INFO  steel_front] size diag: window_inner=2560x1600 hud=2560x1600
[2026-08-17T11:12:10Z INFO  steel_front] size diag: window_inner=2560x1600 hud=2560x1600
[2026-08-17T11:12:10Z INFO  steel_front] size diag: window_inner=2560x1600 hud=2560x1600
[2026-08-17T11:12:10Z INFO  steel_front] size diag: window_inner=2560x1600 hud=2560x1600
[2026-08-17T11:12:10Z INFO  steel_front] size diag: window_inner=2560x1600 hud=2560x1600
[2026-08-17T11:12:10Z INFO  steel_front] size diag: window_inner=2560x1600 hud=2560x1600
[2026-08-17T11:12:10Z INFO  steel_front] size diag: window_inner=2560x1600 hud=2560x1600
[2026-08-17T11:12:10Z INFO  steel_front] size diag: window_inner=2560x1600 hud=2560x1600
[2026-08-17T11:12:10Z INFO  steel_front] size diag: window_inner=2560x1600 hud=2560x1600
[2026-08-17T11:12:10Z INFO  steel_front] size diag: window_inner=2560x1600 hud=2560x1600
[2026-08-17T11:12:10Z INFO  steel_front] size diag: window_inner=2560x1600 hud=2560x1600
[2026-08-17T11:12:10Z INFO  steel_front] size diag: window_inner=2560x1600 hud=2560x1600
[2026-08-17T11:12:10Z INFO  steel_front] size diag: window_inner=2560x1600 hud=2560x1600
[2026-08-17T11:12:10Z INFO  steel_front] size diag: window_inner=2560x1600 hud=2560x1600
[2026-08-17T11:12:10Z INFO  steel_front] size diag: window_inner=2560x1600 hud=2560x1600
[2026-08-17T11:12:10Z INFO  steel_front] size diag: window_inner=2560x1600 hud=2560x1600
[2026-08-17T11:12:10Z INFO  steel_front] size diag: window_inner=2560x1600 hud=2560x1600
[2026-08-17T11:12:11Z INFO  steel_front::engine::renderer] visible=65536/65536 near=65536 far=0 fps=369.0 frame_us=1934 cull_us=1 terrain_us=0 wait_fence_us=2072 acquire_us=1 record_us=55 submit_us=54 present_us=230 terrain_lod=high blend=0.000 quality=中画质 marker=84 npc=56
[2026-08-17T11:12:11Z INFO  steel_front::engine::game] ai: npcs=8 near=8 far=0 idle=0 patrol=0 chase=0 attack=8 tactics=[8, 0, 0, 0, 0, 0, 0, 0]
[2026-08-17T11:12:11Z INFO  steel_front::engine::game] game: wave=1 enemies=8 enemy_hp=100 hp=100/100 score=0 phys_us=2 ai_us=552 audio_us=31 net_us=0
[2026-08-17T11:12:11Z INFO  steel_front] cam: yaw=0.0 pitch=0.0 dist=3.4 mode=FirstPerson cycle_us=2854 update_us=35 render_us=2819
[2026-08-17T11:12:12Z INFO  steel_front::engine::renderer] visible=65536/65536 near=65536 far=0 fps=365.2 frame_us=2498 cull_us=0 terrain_us=0 wait_fence_us=1897 acquire_us=1 record_us=54 submit_us=85 present_us=221 terrain_lod=high blend=0.000 quality=中画质 marker=84 npc=56
[2026-08-17T11:12:12Z INFO  steel_front::engine::game] ai: npcs=8 near=8 far=0 idle=0 patrol=0 chase=0 attack=8 tactics=[8, 0, 0, 0, 0, 0, 0, 0]
[2026-08-17T11:12:12Z INFO  steel_front::engine::game] game: wave=1 enemies=8 enemy_hp=100 hp=100/100 score=0 phys_us=1 ai_us=412 audio_us=30 net_us=0
[2026-08-17T11:12:12Z INFO  steel_front] cam: yaw=0.0 pitch=0.0 dist=3.4 mode=FirstPerson cycle_us=2949 update_us=23 render_us=2925
[2026-08-17T11:12:13Z INFO  steel_front::engine::renderer] visible=65536/65536 near=65536 far=0 fps=366.9 frame_us=2331 cull_us=1 terrain_us=0 wait_fence_us=2156 acquire_us=1 record_us=43 submit_us=37 present_us=344 terrain_lod=high blend=0.000 quality=中画质 marker=84 npc=56
[2026-08-17T11:12:13Z INFO  steel_front::engine::game] ai: npcs=8 near=8 far=0 idle=0 patrol=0 chase=0 attack=8 tactics=[8, 0, 0, 0, 0, 0, 0, 0]
[2026-08-17T11:12:13Z INFO  steel_front::engine::game] game: wave=1 enemies=8 enemy_hp=100 hp=100/100 score=0 phys_us=2 ai_us=422 audio_us=18 net_us=0
[2026-08-17T11:12:13Z INFO  steel_front] cam: yaw=0.0 pitch=0.0 dist=3.4 mode=FirstPerson cycle_us=2420 update_us=30 render_us=2389
[2026-08-17T11:12:14Z INFO  steel_front::engine::renderer] visible=65536/65536 near=65536 far=0 fps=368.3 frame_us=2512 cull_us=0 terrain_us=2 wait_fence_us=1826 acquire_us=1 record_us=37 submit_us=39 present_us=226 terrain_lod=high blend=0.000 quality=中画质 marker=84 npc=56
[2026-08-17T11:12:14Z INFO  steel_front::engine::game] ai: npcs=8 near=8 far=0 idle=0 patrol=0 chase=0 attack=8 tactics=[8, 0, 0, 0, 0, 0, 0, 0]
[2026-08-17T11:12:14Z INFO  steel_front::engine::game] game: wave=1 enemies=8 enemy_hp=100 hp=100/100 score=0 phys_us=1 ai_us=496 audio_us=14 net_us=0
[2026-08-17T11:12:14Z INFO  steel_front] cam: yaw=0.0 pitch=0.0 dist=3.4 mode=FirstPerson cycle_us=2602 update_us=35 render_us=2566
[2026-08-17T11:12:15Z INFO  steel_front::engine::renderer] visible=65536/65536 near=65536 far=0 fps=373.4 frame_us=1743 cull_us=0 terrain_us=0 wait_fence_us=2183 acquire_us=0 record_us=30 submit_us=39 present_us=167 terrain_lod=high blend=0.000 quality=中画质 marker=84 npc=56
[2026-08-17T11:12:15Z INFO  steel_front::engine::game] ai: npcs=8 near=8 far=0 idle=0 patrol=0 chase=0 attack=8 tactics=[8, 0, 0, 0, 0, 0, 0, 0]
[2026-08-17T11:12:15Z INFO  steel_front::engine::game] game: wave=1 enemies=8 enemy_hp=100 hp=100/100 score=0 phys_us=1 ai_us=388 audio_us=27 net_us=0
[2026-08-17T11:12:15Z INFO  steel_front] cam: yaw=0.0 pitch=0.0 dist=3.4 mode=FirstPerson cycle_us=2525 update_us=23 render_us=2502
[2026-08-17T11:12:15Z INFO  steel_front] size diag: window_inner=2560x1600 hud=2560x1600
[2026-08-17T11:12:15Z INFO  steel_front] size diag: window_inner=2560x1600 hud=2560x1600
[2026-08-17T11:12:15Z INFO  steel_front] size diag: window_inner=2560x1600 hud=2560x1600
[2026-08-17T11:12:15Z INFO  steel_front] size diag: window_inner=2560x1600 hud=2560x1600
[2026-08-17T11:12:15Z INFO  steel_front] size diag: window_inner=2560x1600 hud=2560x1600
[2026-08-17T11:12:15Z INFO  steel_front] size diag: window_inner=2560x1600 hud=2560x1600
[2026-08-17T11:12:15Z INFO  steel_front] size diag: window_inner=2560x1600 hud=2560x1600
[2026-08-17T11:12:15Z INFO  steel_front] size diag: window_inner=2560x1600 hud=2560x1600
[2026-08-17T11:12:15Z INFO  steel_front] size diag: window_inner=2560x1600 hud=2560x1600
[2026-08-17T11:12:15Z INFO  steel_front] size diag: window_inner=2560x1600 hud=2560x1600
[2026-08-17T11:12:15Z INFO  steel_front] size diag: window_inner=2560x1600 hud=2560x1600
[2026-08-17T11:12:15Z INFO  steel_front] size diag: window_inner=2560x1600 hud=2560x1600
[2026-08-17T11:12:15Z INFO  steel_front] size diag: window_inner=2560x1600 hud=2560x1600
[2026-08-17T11:12:15Z INFO  steel_front] size diag: window_inner=2560x1600 hud=2560x1600
[2026-08-17T11:12:15Z INFO  steel_front] size diag: window_inner=2560x1600 hud=2560x1600
[2026-08-17T11:12:15Z INFO  steel_front] size diag: window_inner=2560x1600 hud=2560x1600
[2026-08-17T11:12:15Z INFO  steel_front] size diag: window_inner=2560x1600 hud=2560x1600
[2026-08-17T11:12:15Z INFO  steel_front] size diag: window_inner=2560x1600 hud=2560x1600
[2026-08-17T11:12:15Z INFO  steel_front] size diag: window_inner=2560x1600 hud=2560x1600
[2026-08-17T11:12:16Z INFO  steel_front::engine::renderer] visible=65536/65536 near=65536 far=0 fps=375.9 frame_us=2281 cull_us=0 terrain_us=0 wait_fence_us=2142 acquire_us=1 record_us=35 submit_us=33 present_us=314 terrain_lod=high blend=0.000 quality=中画质 marker=84 npc=56
[2026-08-17T11:12:16Z INFO  steel_front::engine::game] ai: npcs=8 near=8 far=0 idle=0 patrol=0 chase=0 attack=8 tactics=[8, 0, 0, 0, 0, 0, 0, 0]
[2026-08-17T11:12:16Z INFO  steel_front::engine::game] game: wave=1 enemies=8 enemy_hp=100 hp=100/100 score=0 phys_us=2 ai_us=372 audio_us=14 net_us=0
[2026-08-17T11:12:16Z INFO  steel_front] cam: yaw=0.0 pitch=0.0 dist=3.4 mode=FirstPerson cycle_us=2988 update_us=17 render_us=2971
[2026-08-17T11:12:17Z INFO  steel_front::engine::renderer] visible=65536/65536 near=65536 far=0 fps=370.5 frame_us=2615 cull_us=0 terrain_us=0 wait_fence_us=1806 acquire_us=1 record_us=36 submit_us=44 present_us=219 terrain_lod=high blend=0.000 quality=中画质 marker=84 npc=56
[2026-08-17T11:12:17Z INFO  steel_front::engine::game] ai: npcs=8 near=8 far=0 idle=0 patrol=0 chase=0 attack=8 tactics=[8, 0, 0, 0, 0, 0, 0, 0]
[2026-08-17T11:12:17Z INFO  steel_front::engine::game] game: wave=1 enemies=8 enemy_hp=100 hp=100/100 score=0 phys_us=1 ai_us=384 audio_us=26 net_us=0
[2026-08-17T11:12:17Z INFO  steel_front] cam: yaw=0.0 pitch=0.0 dist=3.4 mode=FirstPerson cycle_us=2673 update_us=39 render_us=2633
[2026-08-17T11:12:18Z INFO  steel_front::engine::renderer] visible=65536/65536 near=65536 far=0 fps=367.0 frame_us=1987 cull_us=1 terrain_us=0 wait_fence_us=1675 acquire_us=1 record_us=63 submit_us=49 present_us=234 terrain_lod=high blend=0.000 quality=中画质 marker=84 npc=56
[2026-08-17T11:12:18Z INFO  steel_front::engine::game] ai: npcs=8 near=8 far=0 idle=0 patrol=0 chase=0 attack=8 tactics=[8, 0, 0, 0, 0, 0, 0, 0]
[2026-08-17T11:12:18Z INFO  steel_front::engine::game] game: wave=1 enemies=8 enemy_hp=100 hp=100/100 score=0 phys_us=3 ai_us=511 audio_us=28 net_us=0
[2026-08-17T11:12:18Z INFO  steel_front] cam: yaw=0.0 pitch=0.0 dist=3.4 mode=FirstPerson cycle_us=2971 update_us=29 render_us=2941
[2026-08-17T11:12:19Z INFO  steel_front::engine::renderer] visible=65536/65536 near=65536 far=0 fps=365.0 frame_us=2202 cull_us=1 terrain_us=0 wait_fence_us=1941 acquire_us=1 record_us=77 submit_us=58 present_us=296 terrain_lod=high blend=0.000 quality=中画质 marker=82 npc=56
[2026-08-17T11:12:19Z INFO  steel_front::engine::game] ai: npcs=8 near=8 far=0 idle=0 patrol=0 chase=0 attack=8 tactics=[8, 0, 0, 0, 0, 0, 0, 0]
[2026-08-17T11:12:19Z INFO  steel_front::engine::game] game: wave=1 enemies=8 enemy_hp=100 hp=100/100 score=0 phys_us=2 ai_us=758 audio_us=35 net_us=0
[2026-08-17T11:12:19Z INFO  steel_front] cam: yaw=0.0 pitch=0.0 dist=3.4 mode=FirstPerson cycle_us=2914 update_us=27 render_us=2886
[2026-08-17T11:12:20Z INFO  steel_front::engine::renderer] visible=65536/65536 near=65536 far=0 fps=356.1 frame_us=2762 cull_us=3 terrain_us=0 wait_fence_us=2111 acquire_us=1 record_us=57 submit_us=99 present_us=283 terrain_lod=high blend=0.000 quality=中画质 marker=84 npc=56
[2026-08-17T11:12:20Z INFO  steel_front::engine::game] ai: npcs=8 near=8 far=0 idle=0 patrol=0 chase=0 attack=8 tactics=[8, 0, 0, 0, 0, 0, 0, 0]
[2026-08-17T11:12:20Z INFO  steel_front::engine::game] game: wave=1 enemies=8 enemy_hp=100 hp=100/100 score=0 phys_us=1 ai_us=453 audio_us=25 net_us=0
[2026-08-17T11:12:20Z INFO  steel_front] cam: yaw=0.0 pitch=0.0 dist=3.4 mode=FirstPerson cycle_us=2905 update_us=37 render_us=2867
[2026-08-17T11:12:20Z INFO  steel_front] size diag: window_inner=2560x1600 hud=2560x1600
[2026-08-17T11:12:20Z INFO  steel_front] size diag: window_inner=2560x1600 hud=2560x1600
[2026-08-17T11:12:20Z INFO  steel_front] size diag: window_inner=2560x1600 hud=2560x1600
[2026-08-17T11:12:20Z INFO  steel_front] size diag: window_inner=2560x1600 hud=2560x1600
[2026-08-17T11:12:20Z INFO  steel_front] size diag: window_inner=2560x1600 hud=2560x1600
[2026-08-17T11:12:20Z INFO  steel_front] size diag: window_inner=2560x1600 hud=2560x1600
[2026-08-17T11:12:20Z INFO  steel_front] size diag: window_inner=2560x1600 hud=2560x1600
[2026-08-17T11:12:20Z INFO  steel_front] size diag: window_inner=2560x1600 hud=2560x1600
[2026-08-17T11:12:20Z INFO  steel_front] size diag: window_inner=2560x1600 hud=2560x1600
[2026-08-17T11:12:20Z INFO  steel_front] size diag: window_inner=2560x1600 hud=2560x1600
[2026-08-17T11:12:20Z INFO  steel_front] size diag: window_inner=2560x1600 hud=2560x1600
[2026-08-17T11:12:20Z INFO  steel_front] size diag: window_inner=2560x1600 hud=2560x1600
[2026-08-17T11:12:20Z INFO  steel_front] size diag: window_inner=2560x1600 hud=2560x1600
[2026-08-17T11:12:20Z INFO  steel_front] size diag: window_inner=2560x1600 hud=2560x1600
[2026-08-17T11:12:20Z INFO  steel_front] size diag: window_inner=2560x1600 hud=2560x1600
[2026-08-17T11:12:20Z INFO  steel_front] size diag: window_inner=2560x1600 hud=2560x1600
[2026-08-17T11:12:20Z INFO  steel_front] size diag: window_inner=2560x1600 hud=2560x1600
[2026-08-17T11:12:20Z INFO  steel_front] size diag: window_inner=2560x1600 hud=2560x1600
[2026-08-17T11:12:21Z INFO  steel_front::engine::renderer] visible=65536/65536 near=65536 far=0 fps=369.7 frame_us=2559 cull_us=0 terrain_us=0 wait_fence_us=1817 acquire_us=0 record_us=58 submit_us=53 present_us=249 terrain_lod=high blend=0.000 quality=中画质 marker=84 npc=56
[2026-08-17T11:12:21Z INFO  steel_front::engine::game] ai: npcs=8 near=8 far=0 idle=0 patrol=0 chase=0 attack=8 tactics=[8, 0, 0, 0, 0, 0, 0, 0]
[2026-08-17T11:12:21Z INFO  steel_front::engine::game] game: wave=1 enemies=8 enemy_hp=100 hp=100/100 score=0 phys_us=1 ai_us=366 audio_us=12 net_us=0
[2026-08-17T11:12:21Z INFO  steel_front] cam: yaw=0.0 pitch=0.0 dist=3.4 mode=FirstPerson cycle_us=2760 update_us=35 render_us=2724
[2026-08-17T11:12:22Z INFO  steel_front::engine::renderer] visible=65536/65536 near=65536 far=0 fps=369.6 frame_us=2299 cull_us=1 terrain_us=0 wait_fence_us=1966 acquire_us=1 record_us=123 submit_us=47 present_us=369 terrain_lod=high blend=0.000 quality=中画质 marker=84 npc=56
[2026-08-17T11:12:22Z INFO  steel_front::engine::game] ai: npcs=8 near=8 far=0 idle=0 patrol=0 chase=0 attack=8 tactics=[8, 0, 0, 0, 0, 0, 0, 0]
[2026-08-17T11:12:22Z INFO  steel_front::engine::game] game: wave=1 enemies=8 enemy_hp=100 hp=100/100 score=0 phys_us=2 ai_us=454 audio_us=14 net_us=0
[2026-08-17T11:12:22Z INFO  steel_front] cam: yaw=0.0 pitch=0.0 dist=3.4 mode=FirstPerson cycle_us=2611 update_us=19 render_us=2591
[2026-08-17T11:12:23Z INFO  steel_front::engine::renderer] visible=65536/65536 near=65536 far=0 fps=371.7 frame_us=2288 cull_us=0 terrain_us=0 wait_fence_us=1934 acquire_us=1 record_us=57 submit_us=49 present_us=240 terrain_lod=high blend=0.000 quality=中画质 marker=84 npc=56
[2026-08-17T11:12:23Z INFO  steel_front::engine::game] ai: npcs=8 near=8 far=0 idle=0 patrol=0 chase=0 attack=8 tactics=[8, 0, 0, 0, 0, 0, 0, 0]
[2026-08-17T11:12:23Z INFO  steel_front::engine::game] game: wave=1 enemies=8 enemy_hp=100 hp=100/100 score=0 phys_us=2 ai_us=473 audio_us=27 net_us=0
[2026-08-17T11:12:23Z INFO  steel_front] cam: yaw=0.0 pitch=0.0 dist=3.4 mode=FirstPerson cycle_us=2851 update_us=20 render_us=2831
[2026-08-17T11:12:24Z INFO  steel_front::engine::renderer] visible=65536/65536 near=65536 far=0 fps=370.3 frame_us=2778 cull_us=1 terrain_us=0 wait_fence_us=2084 acquire_us=2 record_us=116 submit_us=30 present_us=139 terrain_lod=high blend=0.000 quality=中画质 marker=84 npc=56
[2026-08-17T11:12:24Z INFO  steel_front::engine::game] ai: npcs=8 near=8 far=0 idle=0 patrol=0 chase=0 attack=8 tactics=[8, 0, 0, 0, 0, 0, 0, 0]
[2026-08-17T11:12:24Z INFO  steel_front::engine::game] game: wave=1 enemies=8 enemy_hp=100 hp=100/100 score=0 phys_us=1 ai_us=409 audio_us=26 net_us=0
[2026-08-17T11:12:24Z INFO  steel_front] cam: yaw=0.0 pitch=0.0 dist=3.4 mode=FirstPerson cycle_us=2556 update_us=26 render_us=2530
[2026-08-17T11:12:25Z INFO  steel_front::engine::renderer] visible=65536/65536 near=65536 far=0 fps=368.8 frame_us=2060 cull_us=0 terrain_us=0 wait_fence_us=1773 acquire_us=1 record_us=29 submit_us=72 present_us=223 terrain_lod=high blend=0.000 quality=中画质 marker=84 npc=56
[2026-08-17T11:12:25Z INFO  steel_front::engine::game] ai: npcs=8 near=8 far=0 idle=0 patrol=0 chase=0 attack=8 tactics=[8, 0, 0, 0, 0, 0, 0, 0]
[2026-08-17T11:12:25Z INFO  steel_front::engine::game] game: wave=1 enemies=8 enemy_hp=100 hp=100/100 score=0 phys_us=2 ai_us=418 audio_us=26 net_us=0
[2026-08-17T11:12:25Z INFO  steel_front] cam: yaw=0.0 pitch=0.0 dist=3.4 mode=FirstPerson cycle_us=2394 update_us=39 render_us=2355
[2026-08-17T11:12:25Z INFO  steel_front] size diag: window_inner=2560x1600 hud=2560x1600
[2026-08-17T11:12:25Z INFO  steel_front] size diag: window_inner=2560x1600 hud=2560x1600
[2026-08-17T11:12:25Z INFO  steel_front] size diag: window_inner=2560x1600 hud=2560x1600
[2026-08-17T11:12:25Z INFO  steel_front] size diag: window_inner=2560x1600 hud=2560x1600
[2026-08-17T11:12:25Z INFO  steel_front] size diag: window_inner=2560x1600 hud=2560x1600
[2026-08-17T11:12:25Z INFO  steel_front] size diag: window_inner=2560x1600 hud=2560x1600
[2026-08-17T11:12:25Z INFO  steel_front] size diag: window_inner=2560x1600 hud=2560x1600
[2026-08-17T11:12:25Z INFO  steel_front] size diag: window_inner=2560x1600 hud=2560x1600
[2026-08-17T11:12:25Z INFO  steel_front] size diag: window_inner=2560x1600 hud=2560x1600
[2026-08-17T11:12:25Z INFO  steel_front] size diag: window_inner=2560x1600 hud=2560x1600
[2026-08-17T11:12:25Z INFO  steel_front] size diag: window_inner=2560x1600 hud=2560x1600
[2026-08-17T11:12:25Z INFO  steel_front] size diag: window_inner=2560x1600 hud=2560x1600
[2026-08-17T11:12:25Z INFO  steel_front] size diag: window_inner=2560x1600 hud=2560x1600
[2026-08-17T11:12:25Z INFO  steel_front] size diag: window_inner=2560x1600 hud=2560x1600
[2026-08-17T11:12:25Z INFO  steel_front] size diag: window_inner=2560x1600 hud=2560x1600
[2026-08-17T11:12:25Z INFO  steel_front] size diag: window_inner=2560x1600 hud=2560x1600
[2026-08-17T11:12:25Z INFO  steel_front] size diag: window_inner=2560x1600 hud=2560x1600
[2026-08-17T11:12:25Z INFO  steel_front] size diag: window_inner=2560x1600 hud=2560x1600
[2026-08-17T11:12:25Z INFO  steel_front] size diag: window_inner=2560x1600 hud=2560x1600
[2026-08-17T11:12:26Z INFO  steel_front::engine::renderer] visible=65536/65536 near=65536 far=0 fps=364.2 frame_us=2139 cull_us=0 terrain_us=0 wait_fence_us=2147 acquire_us=1 record_us=53 submit_us=55 present_us=216 terrain_lod=high blend=0.000 quality=中画质 marker=84 npc=56
[2026-08-17T11:12:26Z INFO  steel_front::engine::game] ai: npcs=8 near=8 far=0 idle=0 patrol=0 chase=0 attack=8 tactics=[8, 0, 0, 0, 0, 0, 0, 0]
[2026-08-17T11:12:26Z INFO  steel_front::engine::game] game: wave=1 enemies=8 enemy_hp=100 hp=100/100 score=0 phys_us=2 ai_us=391 audio_us=20 net_us=0
[2026-08-17T11:12:26Z INFO  steel_front] cam: yaw=0.0 pitch=0.0 dist=3.4 mode=FirstPerson cycle_us=2953 update_us=58 render_us=2894
[2026-08-17T11:12:27Z INFO  steel_front::engine::renderer] visible=65536/65536 near=65536 far=0 fps=352.2 frame_us=2404 cull_us=0 terrain_us=0 wait_fence_us=1781 acquire_us=1 record_us=37 submit_us=38 present_us=210 terrain_lod=high blend=0.000 quality=中画质 marker=84 npc=56
[2026-08-17T11:12:27Z INFO  steel_front::engine::game] ai: npcs=8 near=8 far=0 idle=0 patrol=0 chase=0 attack=8 tactics=[8, 0, 0, 0, 0, 0, 0, 0]
[2026-08-17T11:12:27Z INFO  steel_front::engine::game] game: wave=1 enemies=8 enemy_hp=100 hp=100/100 score=0 phys_us=2 ai_us=447 audio_us=18 net_us=0
[2026-08-17T11:12:27Z INFO  steel_front] cam: yaw=0.0 pitch=0.0 dist=3.4 mode=FirstPerson cycle_us=2778 update_us=33 render_us=2744
[2026-08-17T11:12:28Z INFO  steel_front::engine::renderer] visible=65536/65536 near=65536 far=0 fps=373.5 frame_us=2396 cull_us=1 terrain_us=0 wait_fence_us=1650 acquire_us=1 record_us=49 submit_us=40 present_us=244 terrain_lod=high blend=0.000 quality=中画质 marker=84 npc=56
[2026-08-17T11:12:28Z INFO  steel_front::engine::game] ai: npcs=8 near=8 far=0 idle=0 patrol=0 chase=0 attack=8 tactics=[8, 0, 0, 0, 0, 0, 0, 0]
[2026-08-17T11:12:28Z INFO  steel_front::engine::game] game: wave=1 enemies=8 enemy_hp=100 hp=100/100 score=0 phys_us=3 ai_us=337 audio_us=30 net_us=0
[2026-08-17T11:12:28Z INFO  steel_front] cam: yaw=0.0 pitch=0.0 dist=3.4 mode=FirstPerson cycle_us=2737 update_us=41 render_us=2696
[2026-08-17T11:12:29Z INFO  steel_front::engine::renderer] visible=65536/65536 near=65536 far=0 fps=374.7 frame_us=2133 cull_us=0 terrain_us=0 wait_fence_us=2024 acquire_us=0 record_us=51 submit_us=56 present_us=232 terrain_lod=high blend=0.000 quality=中画质 marker=84 npc=56
[2026-08-17T11:12:29Z INFO  steel_front::engine::game] ai: npcs=8 near=8 far=0 idle=0 patrol=0 chase=0 attack=8 tactics=[8, 0, 0, 0, 0, 0, 0, 0]
[2026-08-17T11:12:29Z INFO  steel_front::engine::game] game: wave=1 enemies=8 enemy_hp=100 hp=100/100 score=0 phys_us=1 ai_us=404 audio_us=24 net_us=0
[2026-08-17T11:12:29Z INFO  steel_front] cam: yaw=0.0 pitch=0.0 dist=3.4 mode=FirstPerson cycle_us=2627 update_us=38 render_us=2588
[2026-08-17T11:12:30Z INFO  steel_front::engine::renderer] visible=65536/65536 near=65536 far=0 fps=364.3 frame_us=2234 cull_us=0 terrain_us=0 wait_fence_us=1917 acquire_us=1 record_us=32 submit_us=26 present_us=120 terrain_lod=high blend=0.000 quality=中画质 marker=84 npc=56
[2026-08-17T11:12:30Z INFO  steel_front::engine::game] ai: npcs=8 near=8 far=0 idle=0 patrol=0 chase=0 attack=8 tactics=[8, 0, 0, 0, 0, 0, 0, 0]
[2026-08-17T11:12:30Z INFO  steel_front::engine::game] game: wave=1 enemies=8 enemy_hp=100 hp=100/100 score=0 phys_us=3 ai_us=462 audio_us=23 net_us=0
[2026-08-17T11:12:30Z INFO  steel_front] cam: yaw=0.0 pitch=0.0 dist=3.4 mode=FirstPerson cycle_us=2643 update_us=35 render_us=2607
[2026-08-17T11:12:30Z INFO  steel_front] size diag: window_inner=2560x1600 hud=2560x1600
[2026-08-17T11:12:30Z INFO  steel_front] size diag: window_inner=2560x1600 hud=2560x1600
[2026-08-17T11:12:30Z INFO  steel_front] size diag: window_inner=2560x1600 hud=2560x1600
[2026-08-17T11:12:30Z INFO  steel_front] size diag: window_inner=2560x1600 hud=2560x1600
[2026-08-17T11:12:30Z INFO  steel_front] size diag: window_inner=2560x1600 hud=2560x1600
[2026-08-17T11:12:30Z INFO  steel_front] size diag: window_inner=2560x1600 hud=2560x1600
[2026-08-17T11:12:30Z INFO  steel_front] size diag: window_inner=2560x1600 hud=2560x1600
[2026-08-17T11:12:30Z INFO  steel_front] size diag: window_inner=2560x1600 hud=2560x1600
[2026-08-17T11:12:30Z INFO  steel_front] size diag: window_inner=2560x1600 hud=2560x1600
[2026-08-17T11:12:30Z INFO  steel_front] size diag: window_inner=2560x1600 hud=2560x1600
[2026-08-17T11:12:30Z INFO  steel_front] size diag: window_inner=2560x1600 hud=2560x1600
[2026-08-17T11:12:30Z INFO  steel_front] size diag: window_inner=2560x1600 hud=2560x1600
[2026-08-17T11:12:30Z INFO  steel_front] size diag: window_inner=2560x1600 hud=2560x1600
[2026-08-17T11:12:30Z INFO  steel_front] size diag: window_inner=2560x1600 hud=2560x1600
[2026-08-17T11:12:30Z INFO  steel_front] size diag: window_inner=2560x1600 hud=2560x1600
[2026-08-17T11:12:30Z INFO  steel_front] size diag: window_inner=2560x1600 hud=2560x1600
[2026-08-17T11:12:30Z INFO  steel_front] size diag: window_inner=2560x1600 hud=2560x1600
[2026-08-17T11:12:31Z INFO  steel_front::engine::renderer] visible=65536/65536 near=65536 far=0 fps=357.2 frame_us=2110 cull_us=1 terrain_us=0 wait_fence_us=2147 acquire_us=1 record_us=55 submit_us=52 present_us=294 terrain_lod=high blend=0.000 quality=中画质 marker=84 npc=56
[2026-08-17T11:12:31Z INFO  steel_front::engine::game] ai: npcs=8 near=8 far=0 idle=0 patrol=0 chase=0 attack=8 tactics=[8, 0, 0, 0, 0, 0, 0, 0]
[2026-08-17T11:12:31Z INFO  steel_front::engine::game] game: wave=1 enemies=8 enemy_hp=100 hp=100/100 score=0 phys_us=2 ai_us=363 audio_us=24 net_us=0
[2026-08-17T11:12:31Z INFO  steel_front] cam: yaw=0.0 pitch=0.0 dist=3.4 mode=FirstPerson cycle_us=2750 update_us=49 render_us=2700
[2026-08-17T11:12:32Z INFO  steel_front::engine::renderer] visible=65536/65536 near=65536 far=0 fps=369.1 frame_us=2401 cull_us=0 terrain_us=0 wait_fence_us=1746 acquire_us=1 record_us=54 submit_us=73 present_us=217 terrain_lod=high blend=0.000 quality=中画质 marker=84 npc=56
[2026-08-17T11:12:32Z INFO  steel_front::engine::game] ai: npcs=8 near=8 far=0 idle=0 patrol=0 chase=0 attack=8 tactics=[8, 0, 0, 0, 0, 0, 0, 0]
[2026-08-17T11:12:32Z INFO  steel_front::engine::game] game: wave=1 enemies=8 enemy_hp=100 hp=100/100 score=0 phys_us=2 ai_us=442 audio_us=31 net_us=0
[2026-08-17T11:12:32Z INFO  steel_front] cam: yaw=0.0 pitch=0.0 dist=3.4 mode=FirstPerson cycle_us=2764 update_us=21 render_us=2743
[2026-08-17T11:12:33Z INFO  steel_front::engine::renderer] visible=65536/65536 near=65536 far=0 fps=369.3 frame_us=2064 cull_us=0 terrain_us=0 wait_fence_us=1898 acquire_us=0 record_us=33 submit_us=68 present_us=159 terrain_lod=high blend=0.000 quality=中画质 marker=84 npc=56
[2026-08-17T11:12:33Z INFO  steel_front::engine::game] ai: npcs=8 near=8 far=0 idle=0 patrol=0 chase=0 attack=8 tactics=[8, 0, 0, 0, 0, 0, 0, 0]
[2026-08-17T11:12:33Z INFO  steel_front::engine::game] game: wave=1 enemies=8 enemy_hp=100 hp=100/100 score=0 phys_us=1 ai_us=387 audio_us=27 net_us=0
[2026-08-17T11:12:33Z INFO  steel_front] cam: yaw=0.0 pitch=0.0 dist=3.4 mode=FirstPerson cycle_us=2839 update_us=38 render_us=2800
[2026-08-17T11:12:34Z INFO  steel_front::engine::renderer] visible=65536/65536 near=65536 far=0 fps=371.6 frame_us=1997 cull_us=0 terrain_us=0 wait_fence_us=2201 acquire_us=1 record_us=58 submit_us=50 present_us=221 terrain_lod=high blend=0.000 quality=中画质 marker=84 npc=56
[2026-08-17T11:12:34Z INFO  steel_front::engine::game] ai: npcs=8 near=8 far=0 idle=0 patrol=0 chase=0 attack=8 tactics=[8, 0, 0, 0, 0, 0, 0, 0]
[2026-08-17T11:12:34Z INFO  steel_front::engine::game] game: wave=1 enemies=8 enemy_hp=100 hp=100/100 score=0 phys_us=2 ai_us=415 audio_us=18 net_us=0
[2026-08-17T11:12:34Z INFO  steel_front] cam: yaw=0.0 pitch=0.0 dist=3.4 mode=FirstPerson cycle_us=2571 update_us=41 render_us=2530
[2026-08-17T11:12:35Z INFO  steel_front::engine::renderer] visible=65536/65536 near=65536 far=0 fps=360.7 frame_us=2254 cull_us=1 terrain_us=0 wait_fence_us=1889 acquire_us=1 record_us=54 submit_us=53 present_us=373 terrain_lod=high blend=0.000 quality=中画质 marker=84 npc=56
[2026-08-17T11:12:35Z INFO  steel_front::engine::game] ai: npcs=8 near=8 far=0 idle=0 patrol=0 chase=0 attack=8 tactics=[8, 0, 0, 0, 0, 0, 0, 0]
[2026-08-17T11:12:35Z INFO  steel_front::engine::game] game: wave=1 enemies=8 enemy_hp=100 hp=100/100 score=0 phys_us=2 ai_us=454 audio_us=12 net_us=0
[2026-08-17T11:12:35Z INFO  steel_front] cam: yaw=0.0 pitch=0.0 dist=3.4 mode=FirstPerson cycle_us=3223 update_us=24 render_us=3199
[2026-08-17T11:12:35Z INFO  steel_front] size diag: window_inner=2560x1600 hud=2560x1600
[2026-08-17T11:12:35Z INFO  steel_front] size diag: window_inner=2560x1600 hud=2560x1600
[2026-08-17T11:12:35Z INFO  steel_front] size diag: window_inner=2560x1600 hud=2560x1600
[2026-08-17T11:12:35Z INFO  steel_front] size diag: window_inner=2560x1600 hud=2560x1600
[2026-08-17T11:12:35Z INFO  steel_front] size diag: window_inner=2560x1600 hud=2560x1600
[2026-08-17T11:12:35Z INFO  steel_front] size diag: window_inner=2560x1600 hud=2560x1600
[2026-08-17T11:12:35Z INFO  steel_front] size diag: window_inner=2560x1600 hud=2560x1600
[2026-08-17T11:12:35Z INFO  steel_front] size diag: window_inner=2560x1600 hud=2560x1600
[2026-08-17T11:12:35Z INFO  steel_front] size diag: window_inner=2560x1600 hud=2560x1600
[2026-08-17T11:12:35Z INFO  steel_front] size diag: window_inner=2560x1600 hud=2560x1600
[2026-08-17T11:12:35Z INFO  steel_front] size diag: window_inner=2560x1600 hud=2560x1600
[2026-08-17T11:12:35Z INFO  steel_front] size diag: window_inner=2560x1600 hud=2560x1600
[2026-08-17T11:12:35Z INFO  steel_front] size diag: window_inner=2560x1600 hud=2560x1600
[2026-08-17T11:12:35Z INFO  steel_front] size diag: window_inner=2560x1600 hud=2560x1600
[2026-08-17T11:12:35Z INFO  steel_front] size diag: window_inner=2560x1600 hud=2560x1600
[2026-08-17T11:12:35Z INFO  steel_front] size diag: window_inner=2560x1600 hud=2560x1600
[2026-08-17T11:12:35Z INFO  steel_front] size diag: window_inner=2560x1600 hud=2560x1600
[2026-08-17T11:12:35Z INFO  steel_front] size diag: window_inner=2560x1600 hud=2560x1600
[2026-08-17T11:12:35Z INFO  steel_front] size diag: window_inner=2560x1600 hud=2560x1600
[2026-08-17T11:12:36Z INFO  steel_front::engine::renderer] visible=65536/65536 near=65536 far=0 fps=355.3 frame_us=2273 cull_us=0 terrain_us=0 wait_fence_us=1720 acquire_us=0 record_us=52 submit_us=55 present_us=223 terrain_lod=high blend=0.000 quality=中画质 marker=84 npc=56
[2026-08-17T11:12:36Z INFO  steel_front::engine::game] ai: npcs=8 near=8 far=0 idle=0 patrol=0 chase=0 attack=8 tactics=[8, 0, 0, 0, 0, 0, 0, 0]
[2026-08-17T11:12:36Z INFO  steel_front::engine::game] game: wave=1 enemies=8 enemy_hp=100 hp=100/100 score=0 phys_us=2 ai_us=464 audio_us=13 net_us=0
[2026-08-17T11:12:36Z INFO  steel_front] cam: yaw=0.0 pitch=0.0 dist=3.4 mode=FirstPerson cycle_us=4338 update_us=51 render_us=4286
[2026-08-17T11:12:37Z INFO  steel_front::engine::renderer] visible=65536/65536 near=65536 far=0 fps=363.7 frame_us=1970 cull_us=0 terrain_us=0 wait_fence_us=2269 acquire_us=1 record_us=81 submit_us=29 present_us=140 terrain_lod=high blend=0.000 quality=中画质 marker=84 npc=56
[2026-08-17T11:12:37Z INFO  steel_front::engine::game] ai: npcs=8 near=8 far=0 idle=0 patrol=0 chase=0 attack=8 tactics=[8, 0, 0, 0, 0, 0, 0, 0]
[2026-08-17T11:12:37Z INFO  steel_front::engine::game] game: wave=1 enemies=8 enemy_hp=100 hp=100/100 score=0 phys_us=2 ai_us=371 audio_us=24 net_us=0
[2026-08-17T11:12:37Z INFO  steel_front] cam: yaw=0.0 pitch=0.0 dist=3.4 mode=FirstPerson cycle_us=3031 update_us=29 render_us=3001
[2026-08-17T11:12:38Z INFO  steel_front::engine::renderer] visible=65536/65536 near=65536 far=0 fps=353.0 frame_us=3362 cull_us=1 terrain_us=0 wait_fence_us=2787 acquire_us=1 record_us=77 submit_us=70 present_us=259 terrain_lod=high blend=0.000 quality=中画质 marker=70 npc=56
[2026-08-17T11:12:38Z INFO  steel_front::engine::game] ai: npcs=8 near=8 far=0 idle=0 patrol=0 chase=0 attack=8 tactics=[8, 0, 0, 0, 0, 0, 0, 0]
[2026-08-17T11:12:38Z INFO  steel_front::engine::game] game: wave=1 enemies=8 enemy_hp=100 hp=100/100 score=0 phys_us=1 ai_us=621 audio_us=35 net_us=0
[2026-08-17T11:12:38Z INFO  steel_front] cam: yaw=0.0 pitch=0.0 dist=3.4 mode=FirstPerson cycle_us=2382 update_us=38 render_us=2344
[2026-08-17T11:12:39Z INFO  steel_front::engine::renderer] visible=65536/65536 near=65536 far=0 fps=373.5 frame_us=2189 cull_us=0 terrain_us=0 wait_fence_us=2031 acquire_us=0 record_us=52 submit_us=53 present_us=213 terrain_lod=high blend=0.000 quality=中画质 marker=84 npc=56
[2026-08-17T11:12:39Z INFO  steel_front::engine::game] ai: npcs=8 near=8 far=0 idle=0 patrol=0 chase=0 attack=8 tactics=[8, 0, 0, 0, 0, 0, 0, 0]
[2026-08-17T11:12:39Z INFO  steel_front::engine::game] game: wave=1 enemies=8 enemy_hp=100 hp=100/100 score=0 phys_us=2 ai_us=365 audio_us=24 net_us=0
[2026-08-17T11:12:39Z INFO  steel_front] cam: yaw=0.0 pitch=0.0 dist=3.4 mode=FirstPerson cycle_us=2806 update_us=37 render_us=2768
[2026-08-17T11:12:40Z INFO  steel_front::engine::renderer] visible=65536/65536 near=65536 far=0 fps=357.6 frame_us=2132 cull_us=0 terrain_us=0 wait_fence_us=2254 acquire_us=1 record_us=24 submit_us=38 present_us=141 terrain_lod=high blend=0.000 quality=中画质 marker=84 npc=56
[2026-08-17T11:12:40Z INFO  steel_front::engine::game] ai: npcs=8 near=8 far=0 idle=0 patrol=0 chase=0 attack=8 tactics=[8, 0, 0, 0, 0, 0, 0, 0]
[2026-08-17T11:12:40Z INFO  steel_front::engine::game] game: wave=1 enemies=8 enemy_hp=100 hp=100/100 score=0 phys_us=2 ai_us=362 audio_us=26 net_us=0
[2026-08-17T11:12:40Z INFO  steel_front] cam: yaw=0.0 pitch=0.0 dist=3.4 mode=FirstPerson cycle_us=2438 update_us=37 render_us=2400
[2026-08-17T11:12:40Z INFO  steel_front] size diag: window_inner=2560x1600 hud=2560x1600
[2026-08-17T11:12:40Z INFO  steel_front] size diag: window_inner=2560x1600 hud=2560x1600
[2026-08-17T11:12:40Z INFO  steel_front] size diag: window_inner=2560x1600 hud=2560x1600
[2026-08-17T11:12:40Z INFO  steel_front] size diag: window_inner=2560x1600 hud=2560x1600
[2026-08-17T11:12:40Z INFO  steel_front] size diag: window_inner=2560x1600 hud=2560x1600
[2026-08-17T11:12:40Z INFO  steel_front] size diag: window_inner=2560x1600 hud=2560x1600
[2026-08-17T11:12:40Z INFO  steel_front] size diag: window_inner=2560x1600 hud=2560x1600
[2026-08-17T11:12:40Z INFO  steel_front] size diag: window_inner=2560x1600 hud=2560x1600
[2026-08-17T11:12:40Z INFO  steel_front] size diag: window_inner=2560x1600 hud=2560x1600
[2026-08-17T11:12:40Z INFO  steel_front] size diag: window_inner=2560x1600 hud=2560x1600
[2026-08-17T11:12:40Z INFO  steel_front] size diag: window_inner=2560x1600 hud=2560x1600
[2026-08-17T11:12:40Z INFO  steel_front] size diag: window_inner=2560x1600 hud=2560x1600
[2026-08-17T11:12:40Z INFO  steel_front] size diag: window_inner=2560x1600 hud=2560x1600
[2026-08-17T11:12:40Z INFO  steel_front] size diag: window_inner=2560x1600 hud=2560x1600
[2026-08-17T11:12:40Z INFO  steel_front] size diag: window_inner=2560x1600 hud=2560x1600
[2026-08-17T11:12:40Z INFO  steel_front] size diag: window_inner=2560x1600 hud=2560x1600
[2026-08-17T11:12:40Z INFO  steel_front] size diag: window_inner=2560x1600 hud=2560x1600
[2026-08-17T11:12:40Z INFO  steel_front] size diag: window_inner=2560x1600 hud=2560x1600
[2026-08-17T11:12:41Z INFO  steel_front::engine::renderer] visible=65536/65536 near=65536 far=0 fps=355.7 frame_us=2144 cull_us=0 terrain_us=0 wait_fence_us=2235 acquire_us=1 record_us=42 submit_us=32 present_us=206 terrain_lod=high blend=0.000 quality=中画质 marker=84 npc=56
[2026-08-17T11:12:41Z INFO  steel_front::engine::game] ai: npcs=8 near=8 far=0 idle=0 patrol=0 chase=0 attack=8 tactics=[8, 0, 0, 0, 0, 0, 0, 0]
[2026-08-17T11:12:41Z INFO  steel_front::engine::game] game: wave=1 enemies=8 enemy_hp=100 hp=100/100 score=0 phys_us=1 ai_us=450 audio_us=16 net_us=0
[2026-08-17T11:12:41Z INFO  steel_front] cam: yaw=0.0 pitch=0.0 dist=3.4 mode=FirstPerson cycle_us=2665 update_us=39 render_us=2626
[2026-08-17T11:12:42Z INFO  steel_front::engine::renderer] visible=65536/65536 near=65536 far=0 fps=370.8 frame_us=2254 cull_us=0 terrain_us=0 wait_fence_us=1946 acquire_us=1 record_us=41 submit_us=32 present_us=268 terrain_lod=high blend=0.000 quality=中画质 marker=84 npc=56
[2026-08-17T11:12:42Z INFO  steel_front::engine::game] ai: npcs=8 near=8 far=0 idle=0 patrol=0 chase=0 attack=8 tactics=[8, 0, 0, 0, 0, 0, 0, 0]
[2026-08-17T11:12:42Z INFO  steel_front::engine::game] game: wave=1 enemies=8 enemy_hp=100 hp=100/100 score=0 phys_us=1 ai_us=372 audio_us=27 net_us=0
[2026-08-17T11:12:42Z INFO  steel_front] cam: yaw=0.0 pitch=0.0 dist=3.4 mode=FirstPerson cycle_us=2718 update_us=38 render_us=2679
[2026-08-17T11:12:43Z INFO  steel_front::engine::renderer] visible=65536/65536 near=65536 far=0 fps=368.5 frame_us=2714 cull_us=0 terrain_us=0 wait_fence_us=1865 acquire_us=1 record_us=45 submit_us=33 present_us=214 terrain_lod=high blend=0.000 quality=中画质 marker=84 npc=56
[2026-08-17T11:12:43Z INFO  steel_front::engine::game] ai: npcs=8 near=8 far=0 idle=0 patrol=0 chase=0 attack=8 tactics=[8, 0, 0, 0, 0, 0, 0, 0]
[2026-08-17T11:12:43Z INFO  steel_front::engine::game] game: wave=1 enemies=8 enemy_hp=100 hp=100/100 score=0 phys_us=1 ai_us=388 audio_us=28 net_us=0
[2026-08-17T11:12:43Z INFO  steel_front] cam: yaw=0.0 pitch=0.0 dist=3.4 mode=FirstPerson cycle_us=2321 update_us=40 render_us=2280
[2026-08-17T11:12:44Z INFO  steel_front::engine::renderer] visible=65536/65536 near=65536 far=0 fps=371.6 frame_us=2088 cull_us=0 terrain_us=0 wait_fence_us=1694 acquire_us=1 record_us=43 submit_us=34 present_us=218 terrain_lod=high blend=0.000 quality=中画质 marker=84 npc=56
[2026-08-17T11:12:44Z INFO  steel_front::engine::game] ai: npcs=8 near=8 far=0 idle=0 patrol=0 chase=0 attack=8 tactics=[8, 0, 0, 0, 0, 0, 0, 0]
[2026-08-17T11:12:44Z INFO  steel_front::engine::game] game: wave=1 enemies=8 enemy_hp=100 hp=100/100 score=0 phys_us=1 ai_us=405 audio_us=26 net_us=0
[2026-08-17T11:12:44Z INFO  steel_front] cam: yaw=0.0 pitch=0.0 dist=3.4 mode=FirstPerson cycle_us=3339 update_us=22 render_us=3316
[2026-08-17T11:12:45Z INFO  steel_front::engine::renderer] visible=65536/65536 near=65536 far=0 fps=370.6 frame_us=2440 cull_us=0 terrain_us=0 wait_fence_us=2041 acquire_us=1 record_us=45 submit_us=36 present_us=454 terrain_lod=high blend=0.000 quality=中画质 marker=84 npc=56
[2026-08-17T11:12:45Z INFO  steel_front::engine::game] ai: npcs=8 near=8 far=0 idle=0 patrol=0 chase=0 attack=8 tactics=[8, 0, 0, 0, 0, 0, 0, 0]
[2026-08-17T11:12:45Z INFO  steel_front::engine::game] game: wave=1 enemies=8 enemy_hp=100 hp=100/100 score=0 phys_us=1 ai_us=377 audio_us=29 net_us=0
[2026-08-17T11:12:45Z INFO  steel_front] cam: yaw=0.0 pitch=0.0 dist=3.4 mode=FirstPerson cycle_us=2475 update_us=37 render_us=2438
[2026-08-17T11:12:45Z INFO  steel_front] size diag: window_inner=2560x1600 hud=2560x1600
[2026-08-17T11:12:45Z INFO  steel_front] size diag: window_inner=2560x1600 hud=2560x1600
[2026-08-17T11:12:45Z INFO  steel_front] size diag: window_inner=2560x1600 hud=2560x1600
[2026-08-17T11:12:45Z INFO  steel_front] size diag: window_inner=2560x1600 hud=2560x1600
[2026-08-17T11:12:45Z INFO  steel_front] size diag: window_inner=2560x1600 hud=2560x1600
[2026-08-17T11:12:45Z INFO  steel_front] size diag: window_inner=2560x1600 hud=2560x1600
[2026-08-17T11:12:45Z INFO  steel_front] size diag: window_inner=2560x1600 hud=2560x1600
[2026-08-17T11:12:45Z INFO  steel_front] size diag: window_inner=2560x1600 hud=2560x1600
[2026-08-17T11:12:45Z INFO  steel_front] size diag: window_inner=2560x1600 hud=2560x1600
[2026-08-17T11:12:45Z INFO  steel_front] size diag: window_inner=2560x1600 hud=2560x1600
[2026-08-17T11:12:45Z INFO  steel_front] size diag: window_inner=2560x1600 hud=2560x1600
[2026-08-17T11:12:45Z INFO  steel_front] size diag: window_inner=2560x1600 hud=2560x1600
[2026-08-17T11:12:45Z INFO  steel_front] size diag: window_inner=2560x1600 hud=2560x1600
[2026-08-17T11:12:45Z INFO  steel_front] size diag: window_inner=2560x1600 hud=2560x1600
[2026-08-17T11:12:45Z INFO  steel_front] size diag: window_inner=2560x1600 hud=2560x1600
[2026-08-17T11:12:45Z INFO  steel_front] size diag: window_inner=2560x1600 hud=2560x1600
[2026-08-17T11:12:45Z INFO  steel_front] size diag: window_inner=2560x1600 hud=2560x1600
[2026-08-17T11:12:45Z INFO  steel_front] size diag: window_inner=2560x1600 hud=2560x1600
[2026-08-17T11:12:45Z INFO  steel_front] size diag: window_inner=2560x1600 hud=2560x1600
[2026-08-17T11:12:46Z INFO  steel_front::engine::renderer] visible=65536/65536 near=65536 far=0 fps=369.4 frame_us=2301 cull_us=0 terrain_us=0 wait_fence_us=1809 acquire_us=0 record_us=42 submit_us=33 present_us=208 terrain_lod=high blend=0.000 quality=中画质 marker=84 npc=56
[2026-08-17T11:12:46Z INFO  steel_front::engine::game] ai: npcs=8 near=8 far=0 idle=0 patrol=0 chase=0 attack=8 tactics=[8, 0, 0, 0, 0, 0, 0, 0]
[2026-08-17T11:12:46Z INFO  steel_front::engine::game] game: wave=1 enemies=8 enemy_hp=100 hp=100/100 score=0 phys_us=2 ai_us=419 audio_us=15 net_us=0
[2026-08-17T11:12:46Z INFO  steel_front] cam: yaw=0.0 pitch=0.0 dist=3.4 mode=FirstPerson cycle_us=2402 update_us=23 render_us=2378
[2026-08-17T11:12:47Z INFO  steel_front::engine::renderer] visible=65536/65536 near=65536 far=0 fps=370.5 frame_us=2436 cull_us=1 terrain_us=0 wait_fence_us=1593 acquire_us=1 record_us=55 submit_us=36 present_us=236 terrain_lod=high blend=0.000 quality=中画质 marker=84 npc=56
[2026-08-17T11:12:47Z INFO  steel_front::engine::game] ai: npcs=8 near=8 far=0 idle=0 patrol=0 chase=0 attack=8 tactics=[8, 0, 0, 0, 0, 0, 0, 0]
[2026-08-17T11:12:47Z INFO  steel_front::engine::game] game: wave=1 enemies=8 enemy_hp=100 hp=100/100 score=0 phys_us=1 ai_us=360 audio_us=28 net_us=0
[2026-08-17T11:12:47Z INFO  steel_front] cam: yaw=0.0 pitch=0.0 dist=3.4 mode=FirstPerson cycle_us=2902 update_us=18 render_us=2883
[2026-08-17T11:12:48Z INFO  steel_front::engine::renderer] visible=65536/65536 near=65536 far=0 fps=368.8 frame_us=2358 cull_us=1 terrain_us=0 wait_fence_us=1994 acquire_us=1 record_us=43 submit_us=32 present_us=215 terrain_lod=high blend=0.000 quality=中画质 marker=84 npc=56
[2026-08-17T11:12:48Z INFO  steel_front::engine::game] ai: npcs=8 near=8 far=0 idle=0 patrol=0 chase=0 attack=8 tactics=[8, 0, 0, 0, 0, 0, 0, 0]
[2026-08-17T11:12:48Z INFO  steel_front::engine::game] game: wave=1 enemies=8 enemy_hp=100 hp=100/100 score=0 phys_us=2 ai_us=421 audio_us=19 net_us=0
[2026-08-17T11:12:48Z INFO  steel_front] cam: yaw=0.0 pitch=0.0 dist=3.4 mode=FirstPerson cycle_us=2556 update_us=32 render_us=2523
[2026-08-17T11:12:49Z INFO  steel_front::engine::renderer] visible=65536/65536 near=65536 far=0 fps=367.9 frame_us=2473 cull_us=0 terrain_us=0 wait_fence_us=2003 acquire_us=0 record_us=40 submit_us=36 present_us=375 terrain_lod=high blend=0.000 quality=中画质 marker=84 npc=56
[2026-08-17T11:12:49Z INFO  steel_front::engine::game] ai: npcs=8 near=8 far=0 idle=0 patrol=0 chase=0 attack=8 tactics=[8, 0, 0, 0, 0, 0, 0, 0]
[2026-08-17T11:12:49Z INFO  steel_front::engine::game] game: wave=1 enemies=8 enemy_hp=100 hp=100/100 score=0 phys_us=4 ai_us=403 audio_us=18 net_us=0
[2026-08-17T11:12:49Z INFO  steel_front] cam: yaw=0.0 pitch=0.0 dist=3.4 mode=FirstPerson cycle_us=2340 update_us=40 render_us=2299
[2026-08-17T11:12:50Z INFO  steel_front::engine::renderer] visible=65536/65536 near=65536 far=0 fps=362.8 frame_us=2196 cull_us=2 terrain_us=0 wait_fence_us=2248 acquire_us=1 record_us=43 submit_us=34 present_us=307 terrain_lod=high blend=0.000 quality=中画质 marker=84 npc=56
[2026-08-17T11:12:50Z INFO  steel_front::engine::game] ai: npcs=8 near=8 far=0 idle=0 patrol=0 chase=0 attack=8 tactics=[8, 0, 0, 0, 0, 0, 0, 0]
[2026-08-17T11:12:50Z INFO  steel_front::engine::game] game: wave=1 enemies=8 enemy_hp=100 hp=100/100 score=0 phys_us=1 ai_us=460 audio_us=16 net_us=0
[2026-08-17T11:12:50Z INFO  steel_front] cam: yaw=0.0 pitch=0.0 dist=3.4 mode=FirstPerson cycle_us=2744 update_us=40 render_us=2704
[2026-08-17T11:12:50Z INFO  steel_front] size diag: window_inner=2560x1600 hud=2560x1600
[2026-08-17T11:12:50Z INFO  steel_front] size diag: window_inner=2560x1600 hud=2560x1600
[2026-08-17T11:12:50Z INFO  steel_front] size diag: window_inner=2560x1600 hud=2560x1600
[2026-08-17T11:12:50Z INFO  steel_front] size diag: window_inner=2560x1600 hud=2560x1600
[2026-08-17T11:12:50Z INFO  steel_front] size diag: window_inner=2560x1600 hud=2560x1600
[2026-08-17T11:12:50Z INFO  steel_front] size diag: window_inner=2560x1600 hud=2560x1600
[2026-08-17T11:12:50Z INFO  steel_front] size diag: window_inner=2560x1600 hud=2560x1600
[2026-08-17T11:12:50Z INFO  steel_front] size diag: window_inner=2560x1600 hud=2560x1600
[2026-08-17T11:12:50Z INFO  steel_front] size diag: window_inner=2560x1600 hud=2560x1600
[2026-08-17T11:12:50Z INFO  steel_front] size diag: window_inner=2560x1600 hud=2560x1600
[2026-08-17T11:12:50Z INFO  steel_front] size diag: window_inner=2560x1600 hud=2560x1600
[2026-08-17T11:12:50Z INFO  steel_front] size diag: window_inner=2560x1600 hud=2560x1600
[2026-08-17T11:12:50Z INFO  steel_front] size diag: window_inner=2560x1600 hud=2560x1600
[2026-08-17T11:12:50Z INFO  steel_front] size diag: window_inner=2560x1600 hud=2560x1600
[2026-08-17T11:12:50Z INFO  steel_front] size diag: window_inner=2560x1600 hud=2560x1600
[2026-08-17T11:12:50Z INFO  steel_front] size diag: window_inner=2560x1600 hud=2560x1600
[2026-08-17T11:12:50Z INFO  steel_front] size diag: window_inner=2560x1600 hud=2560x1600
[2026-08-17T11:12:50Z INFO  steel_front] size diag: window_inner=2560x1600 hud=2560x1600
[2026-08-17T11:12:50Z INFO  steel_front] size diag: window_inner=2560x1600 hud=2560x1600
[2026-08-17T11:12:51Z INFO  steel_front::engine::renderer] visible=65536/65536 near=65536 far=0 fps=366.5 frame_us=2320 cull_us=0 terrain_us=0 wait_fence_us=1761 acquire_us=0 record_us=27 submit_us=29 present_us=215 terrain_lod=high blend=0.000 quality=中画质 marker=84 npc=56
[2026-08-17T11:12:51Z INFO  steel_front::engine::game] ai: npcs=8 near=8 far=0 idle=0 patrol=0 chase=0 attack=8 tactics=[8, 0, 0, 0, 0, 0, 0, 0]
[2026-08-17T11:12:51Z INFO  steel_front::engine::game] game: wave=1 enemies=8 enemy_hp=100 hp=100/100 score=0 phys_us=2 ai_us=365 audio_us=11 net_us=0
[2026-08-17T11:12:51Z INFO  steel_front] cam: yaw=0.0 pitch=0.0 dist=3.4 mode=FirstPerson cycle_us=2449 update_us=43 render_us=2405
[2026-08-17T11:12:52Z INFO  steel_front::engine::renderer] visible=65536/65536 near=65536 far=0 fps=370.7 frame_us=2012 cull_us=0 terrain_us=0 wait_fence_us=2016 acquire_us=1 record_us=27 submit_us=25 present_us=148 terrain_lod=high blend=0.000 quality=中画质 marker=84 npc=56
[2026-08-17T11:12:52Z INFO  steel_front::engine::game] ai: npcs=8 near=8 far=0 idle=0 patrol=0 chase=0 attack=8 tactics=[8, 0, 0, 0, 0, 0, 0, 0]
[2026-08-17T11:12:52Z INFO  steel_front::engine::game] game: wave=1 enemies=8 enemy_hp=100 hp=100/100 score=0 phys_us=2 ai_us=378 audio_us=28 net_us=0
[2026-08-17T11:12:52Z INFO  steel_front] cam: yaw=0.0 pitch=0.0 dist=3.4 mode=FirstPerson cycle_us=2683 update_us=27 render_us=2656
[2026-08-17T11:12:53Z INFO  steel_front::engine::renderer] visible=65536/65536 near=65536 far=0 fps=371.3 frame_us=1986 cull_us=0 terrain_us=0 wait_fence_us=2092 acquire_us=1 record_us=35 submit_us=26 present_us=284 terrain_lod=high blend=0.000 quality=中画质 marker=84 npc=56
[2026-08-17T11:12:53Z INFO  steel_front::engine::game] ai: npcs=8 near=8 far=0 idle=0 patrol=0 chase=0 attack=8 tactics=[8, 0, 0, 0, 0, 0, 0, 0]
[2026-08-17T11:12:53Z INFO  steel_front::engine::game] game: wave=1 enemies=8 enemy_hp=100 hp=100/100 score=0 phys_us=4 ai_us=670 audio_us=20 net_us=0
[2026-08-17T11:12:53Z INFO  steel_front] cam: yaw=0.0 pitch=0.0 dist=3.4 mode=FirstPerson cycle_us=2787 update_us=55 render_us=2732
[2026-08-17T11:12:54Z INFO  steel_front::engine::renderer] visible=65536/65536 near=65536 far=0 fps=355.6 frame_us=2524 cull_us=0 terrain_us=0 wait_fence_us=1757 acquire_us=0 record_us=33 submit_us=147 present_us=396 terrain_lod=high blend=0.000 quality=中画质 marker=84 npc=56
[2026-08-17T11:12:54Z INFO  steel_front::engine::game] ai: npcs=8 near=8 far=0 idle=0 patrol=0 chase=0 attack=8 tactics=[8, 0, 0, 0, 0, 0, 0, 0]
[2026-08-17T11:12:54Z INFO  steel_front::engine::game] game: wave=1 enemies=8 enemy_hp=100 hp=100/100 score=0 phys_us=2 ai_us=556 audio_us=19 net_us=0
[2026-08-17T11:12:54Z INFO  steel_front] cam: yaw=0.0 pitch=0.0 dist=3.4 mode=FirstPerson cycle_us=3523 update_us=27 render_us=3495
[2026-08-17T11:12:55Z INFO  steel_front::engine::renderer] visible=65536/65536 near=65536 far=0 fps=366.8 frame_us=3151 cull_us=1 terrain_us=0 wait_fence_us=1412 acquire_us=1 record_us=53 submit_us=39 present_us=534 terrain_lod=high blend=0.000 quality=中画质 marker=84 npc=56
[2026-08-17T11:12:55Z INFO  steel_front::engine::game] ai: npcs=8 near=8 far=0 idle=0 patrol=0 chase=0 attack=8 tactics=[8, 0, 0, 0, 0, 0, 0, 0]
[2026-08-17T11:12:55Z INFO  steel_front::engine::game] game: wave=1 enemies=8 enemy_hp=100 hp=100/100 score=0 phys_us=2 ai_us=427 audio_us=15 net_us=0
[2026-08-17T11:12:55Z INFO  steel_front] cam: yaw=0.0 pitch=0.0 dist=3.4 mode=FirstPerson cycle_us=2712 update_us=40 render_us=2671
[2026-08-17T11:12:55Z INFO  steel_front] size diag: window_inner=2560x1600 hud=2560x1600
[2026-08-17T11:12:55Z INFO  steel_front] size diag: window_inner=2560x1600 hud=2560x1600
[2026-08-17T11:12:55Z INFO  steel_front] size diag: window_inner=2560x1600 hud=2560x1600
[2026-08-17T11:12:55Z INFO  steel_front] size diag: window_inner=2560x1600 hud=2560x1600
[2026-08-17T11:12:55Z INFO  steel_front] size diag: window_inner=2560x1600 hud=2560x1600
[2026-08-17T11:12:55Z INFO  steel_front] size diag: window_inner=2560x1600 hud=2560x1600
[2026-08-17T11:12:55Z INFO  steel_front] size diag: window_inner=2560x1600 hud=2560x1600
[2026-08-17T11:12:55Z INFO  steel_front] size diag: window_inner=2560x1600 hud=2560x1600
[2026-08-17T11:12:55Z INFO  steel_front] size diag: window_inner=2560x1600 hud=2560x1600
[2026-08-17T11:12:55Z INFO  steel_front] size diag: window_inner=2560x1600 hud=2560x1600
[2026-08-17T11:12:55Z INFO  steel_front] size diag: window_inner=2560x1600 hud=2560x1600
[2026-08-17T11:12:55Z INFO  steel_front] size diag: window_inner=2560x1600 hud=2560x1600
[2026-08-17T11:12:55Z INFO  steel_front] size diag: window_inner=2560x1600 hud=2560x1600
[2026-08-17T11:12:55Z INFO  steel_front] size diag: window_inner=2560x1600 hud=2560x1600
[2026-08-17T11:12:55Z INFO  steel_front] size diag: window_inner=2560x1600 hud=2560x1600
[2026-08-17T11:12:55Z INFO  steel_front] size diag: window_inner=2560x1600 hud=2560x1600
[2026-08-17T11:12:55Z INFO  steel_front] size diag: window_inner=2560x1600 hud=2560x1600
[2026-08-17T11:12:55Z INFO  steel_front] size diag: window_inner=2560x1600 hud=2560x1600
[2026-08-17T11:12:56Z INFO  steel_front::engine::renderer] visible=65536/65536 near=65536 far=0 fps=370.1 frame_us=2017 cull_us=0 terrain_us=0 wait_fence_us=2355 acquire_us=0 record_us=27 submit_us=25 present_us=167 terrain_lod=high blend=0.000 quality=中画质 marker=84 npc=56
[2026-08-17T11:12:56Z INFO  steel_front::engine::game] ai: npcs=8 near=8 far=0 idle=0 patrol=0 chase=0 attack=8 tactics=[8, 0, 0, 0, 0, 0, 0, 0]
[2026-08-17T11:12:56Z INFO  steel_front::engine::game] game: wave=1 enemies=8 enemy_hp=100 hp=100/100 score=0 phys_us=2 ai_us=358 audio_us=27 net_us=0
[2026-08-17T11:12:56Z INFO  steel_front] cam: yaw=0.0 pitch=0.0 dist=3.4 mode=FirstPerson cycle_us=2671 update_us=22 render_us=2648
[2026-08-17T11:12:57Z INFO  steel_front::engine::renderer] visible=65536/65536 near=65536 far=0 fps=370.2 frame_us=2779 cull_us=0 terrain_us=0 wait_fence_us=1892 acquire_us=1 record_us=40 submit_us=32 present_us=201 terrain_lod=high blend=0.000 quality=中画质 marker=84 npc=56
[2026-08-17T11:12:57Z INFO  steel_front::engine::game] ai: npcs=8 near=8 far=0 idle=0 patrol=0 chase=0 attack=8 tactics=[8, 0, 0, 0, 0, 0, 0, 0]
[2026-08-17T11:12:57Z INFO  steel_front::engine::game] game: wave=1 enemies=8 enemy_hp=100 hp=100/100 score=0 phys_us=3 ai_us=186 audio_us=35 net_us=0
[2026-08-17T11:12:57Z INFO  steel_front] cam: yaw=0.0 pitch=0.0 dist=3.4 mode=FirstPerson cycle_us=2954 update_us=23 render_us=2931
[2026-08-17T11:12:58Z INFO  steel_front::engine::renderer] visible=65536/65536 near=65536 far=0 fps=368.5 frame_us=2226 cull_us=0 terrain_us=0 wait_fence_us=1797 acquire_us=1 record_us=42 submit_us=32 present_us=209 terrain_lod=high blend=0.000 quality=中画质 marker=84 npc=56
[2026-08-17T11:12:58Z INFO  steel_front::engine::game] ai: npcs=8 near=8 far=0 idle=0 patrol=0 chase=0 attack=8 tactics=[8, 0, 0, 0, 0, 0, 0, 0]
[2026-08-17T11:12:58Z INFO  steel_front::engine::game] game: wave=1 enemies=8 enemy_hp=100 hp=100/100 score=0 phys_us=2 ai_us=495 audio_us=29 net_us=0
[2026-08-17T11:12:58Z INFO  steel_front] cam: yaw=0.0 pitch=0.0 dist=3.4 mode=FirstPerson cycle_us=2526 update_us=41 render_us=2485
[2026-08-17T11:12:59Z INFO  steel_front::engine::renderer] visible=65536/65536 near=65536 far=0 fps=370.8 frame_us=2580 cull_us=0 terrain_us=0 wait_fence_us=2024 acquire_us=1 record_us=41 submit_us=38 present_us=230 terrain_lod=high blend=0.000 quality=中画质 marker=84 npc=56
[2026-08-17T11:12:59Z INFO  steel_front::engine::game] ai: npcs=8 near=8 far=0 idle=0 patrol=0 chase=0 attack=8 tactics=[8, 0, 0, 0, 0, 0, 0, 0]
[2026-08-17T11:12:59Z INFO  steel_front::engine::game] game: wave=1 enemies=8 enemy_hp=100 hp=100/100 score=0 phys_us=2 ai_us=364 audio_us=27 net_us=0
[2026-08-17T11:12:59Z INFO  steel_front] cam: yaw=0.0 pitch=0.0 dist=3.4 mode=FirstPerson cycle_us=2256 update_us=26 render_us=2229
[2026-08-17T11:13:00Z INFO  steel_front::engine::renderer] visible=65536/65536 near=65536 far=0 fps=370.6 frame_us=2276 cull_us=0 terrain_us=0 wait_fence_us=2182 acquire_us=1 record_us=92 submit_us=69 present_us=397 terrain_lod=high blend=0.000 quality=中画质 marker=84 npc=56
[2026-08-17T11:13:00Z INFO  steel_front::engine::game] ai: npcs=8 near=8 far=0 idle=0 patrol=0 chase=0 attack=8 tactics=[8, 0, 0, 0, 0, 0, 0, 0]
[2026-08-17T11:13:00Z INFO  steel_front::engine::game] game: wave=1 enemies=8 enemy_hp=100 hp=100/100 score=0 phys_us=1 ai_us=357 audio_us=24 net_us=0
[2026-08-17T11:13:00Z INFO  steel_front] cam: yaw=0.0 pitch=0.0 dist=3.4 mode=FirstPerson cycle_us=2294 update_us=74 render_us=2219
[2026-08-17T11:13:00Z INFO  steel_front] size diag: window_inner=2560x1600 hud=2560x1600
[2026-08-17T11:13:00Z INFO  steel_front] size diag: window_inner=2560x1600 hud=2560x1600
[2026-08-17T11:13:00Z INFO  steel_front] size diag: window_inner=2560x1600 hud=2560x1600
[2026-08-17T11:13:00Z INFO  steel_front] size diag: window_inner=2560x1600 hud=2560x1600
[2026-08-17T11:13:00Z INFO  steel_front] size diag: window_inner=2560x1600 hud=2560x1600
[2026-08-17T11:13:00Z INFO  steel_front] size diag: window_inner=2560x1600 hud=2560x1600
[2026-08-17T11:13:00Z INFO  steel_front] size diag: window_inner=2560x1600 hud=2560x1600
[2026-08-17T11:13:00Z INFO  steel_front] size diag: window_inner=2560x1600 hud=2560x1600
[2026-08-17T11:13:00Z INFO  steel_front] size diag: window_inner=2560x1600 hud=2560x1600
[2026-08-17T11:13:00Z INFO  steel_front] size diag: window_inner=2560x1600 hud=2560x1600
[2026-08-17T11:13:00Z INFO  steel_front] size diag: window_inner=2560x1600 hud=2560x1600
[2026-08-17T11:13:00Z INFO  steel_front] size diag: window_inner=2560x1600 hud=2560x1600
[2026-08-17T11:13:00Z INFO  steel_front] size diag: window_inner=2560x1600 hud=2560x1600
[2026-08-17T11:13:00Z INFO  steel_front] size diag: window_inner=2560x1600 hud=2560x1600
[2026-08-17T11:13:00Z INFO  steel_front] size diag: window_inner=2560x1600 hud=2560x1600
[2026-08-17T11:13:00Z INFO  steel_front] size diag: window_inner=2560x1600 hud=2560x1600
[2026-08-17T11:13:00Z INFO  steel_front] size diag: window_inner=2560x1600 hud=2560x1600
[2026-08-17T11:13:00Z INFO  steel_front] size diag: window_inner=2560x1600 hud=2560x1600
[2026-08-17T11:13:01Z INFO  steel_front::engine::renderer] visible=65536/65536 near=65536 far=0 fps=368.7 frame_us=2468 cull_us=0 terrain_us=0 wait_fence_us=1839 acquire_us=1 record_us=42 submit_us=33 present_us=216 terrain_lod=high blend=0.000 quality=中画质 marker=84 npc=56
[2026-08-17T11:13:01Z INFO  steel_front::engine::game] ai: npcs=8 near=8 far=0 idle=0 patrol=0 chase=0 attack=8 tactics=[8, 0, 0, 0, 0, 0, 0, 0]
[2026-08-17T11:13:01Z INFO  steel_front::engine::game] game: wave=1 enemies=8 enemy_hp=100 hp=100/100 score=0 phys_us=2 ai_us=442 audio_us=15 net_us=0
[2026-08-17T11:13:01Z INFO  steel_front] cam: yaw=0.0 pitch=0.0 dist=3.4 mode=FirstPerson cycle_us=2973 update_us=21 render_us=2952
[2026-08-17T11:13:02Z INFO  steel_front::engine::renderer] visible=65536/65536 near=65536 far=0 fps=368.6 frame_us=2796 cull_us=0 terrain_us=0 wait_fence_us=1757 acquire_us=1 record_us=45 submit_us=39 present_us=223 terrain_lod=high blend=0.000 quality=中画质 marker=84 npc=56
[2026-08-17T11:13:02Z INFO  steel_front::engine::game] ai: npcs=8 near=8 far=0 idle=0 patrol=0 chase=0 attack=8 tactics=[8, 0, 0, 0, 0, 0, 0, 0]
[2026-08-17T11:13:02Z INFO  steel_front::engine::game] game: wave=1 enemies=8 enemy_hp=100 hp=100/100 score=0 phys_us=2 ai_us=375 audio_us=28 net_us=0
[2026-08-17T11:13:02Z INFO  steel_front] cam: yaw=0.0 pitch=0.0 dist=3.4 mode=FirstPerson cycle_us=2872 update_us=20 render_us=2851
[2026-08-17T11:13:03Z INFO  steel_front::engine::renderer] visible=65536/65536 near=65536 far=0 fps=367.7 frame_us=2544 cull_us=1 terrain_us=0 wait_fence_us=1850 acquire_us=1 record_us=264 submit_us=40 present_us=279 terrain_lod=high blend=0.000 quality=中画质 marker=84 npc=56
[2026-08-17T11:13:03Z INFO  steel_front::engine::game] ai: npcs=8 near=8 far=0 idle=0 patrol=0 chase=0 attack=8 tactics=[8, 0, 0, 0, 0, 0, 0, 0]
[2026-08-17T11:13:03Z INFO  steel_front::engine::game] game: wave=1 enemies=8 enemy_hp=100 hp=100/100 score=0 phys_us=1 ai_us=371 audio_us=34 net_us=0
[2026-08-17T11:13:03Z INFO  steel_front] cam: yaw=0.0 pitch=0.0 dist=3.4 mode=FirstPerson cycle_us=3098 update_us=46 render_us=3052
[2026-08-17T11:13:04Z INFO  steel_front::engine::renderer] visible=65536/65536 near=65536 far=0 fps=367.5 frame_us=2244 cull_us=0 terrain_us=0 wait_fence_us=2196 acquire_us=1 record_us=43 submit_us=33 present_us=275 terrain_lod=high blend=0.000 quality=中画质 marker=84 npc=56
[2026-08-17T11:13:04Z INFO  steel_front::engine::game] ai: npcs=8 near=8 far=0 idle=0 patrol=0 chase=0 attack=8 tactics=[8, 0, 0, 0, 0, 0, 0, 0]
[2026-08-17T11:13:04Z INFO  steel_front::engine::game] game: wave=1 enemies=8 enemy_hp=100 hp=100/100 score=0 phys_us=1 ai_us=417 audio_us=36 net_us=0
[2026-08-17T11:13:04Z INFO  steel_front] cam: yaw=0.0 pitch=0.0 dist=3.4 mode=FirstPerson cycle_us=3082 update_us=44 render_us=3037
[2026-08-17T11:13:05Z INFO  steel_front::engine::renderer] visible=65536/65536 near=65536 far=0 fps=368.1 frame_us=2341 cull_us=1 terrain_us=0 wait_fence_us=1819 acquire_us=1 record_us=96 submit_us=35 present_us=159 terrain_lod=high blend=0.000 quality=中画质 marker=84 npc=56
[2026-08-17T11:13:05Z INFO  steel_front::engine::game] ai: npcs=8 near=8 far=0 idle=0 patrol=0 chase=0 attack=8 tactics=[8, 0, 0, 0, 0, 0, 0, 0]
[2026-08-17T11:13:05Z INFO  steel_front::engine::game] game: wave=1 enemies=8 enemy_hp=100 hp=100/100 score=0 phys_us=1 ai_us=145 audio_us=13 net_us=0
[2026-08-17T11:13:05Z INFO  steel_front] cam: yaw=0.0 pitch=0.0 dist=3.4 mode=FirstPerson cycle_us=2528 update_us=36 render_us=2492
[2026-08-17T11:13:05Z INFO  steel_front] size diag: window_inner=2560x1600 hud=2560x1600
[2026-08-17T11:13:05Z INFO  steel_front] size diag: window_inner=2560x1600 hud=2560x1600
[2026-08-17T11:13:05Z INFO  steel_front] size diag: window_inner=2560x1600 hud=2560x1600
[2026-08-17T11:13:05Z INFO  steel_front] size diag: window_inner=2560x1600 hud=2560x1600
[2026-08-17T11:13:05Z INFO  steel_front] size diag: window_inner=2560x1600 hud=2560x1600
[2026-08-17T11:13:05Z INFO  steel_front] size diag: window_inner=2560x1600 hud=2560x1600
[2026-08-17T11:13:05Z INFO  steel_front] size diag: window_inner=2560x1600 hud=2560x1600
[2026-08-17T11:13:05Z INFO  steel_front] size diag: window_inner=2560x1600 hud=2560x1600
[2026-08-17T11:13:05Z INFO  steel_front] size diag: window_inner=2560x1600 hud=2560x1600
[2026-08-17T11:13:05Z INFO  steel_front] size diag: window_inner=2560x1600 hud=2560x1600
[2026-08-17T11:13:05Z INFO  steel_front] size diag: window_inner=2560x1600 hud=2560x1600
[2026-08-17T11:13:05Z INFO  steel_front] size diag: window_inner=2560x1600 hud=2560x1600
[2026-08-17T11:13:05Z INFO  steel_front] size diag: window_inner=2560x1600 hud=2560x1600
[2026-08-17T11:13:05Z INFO  steel_front] size diag: window_inner=2560x1600 hud=2560x1600
[2026-08-17T11:13:05Z INFO  steel_front] size diag: window_inner=2560x1600 hud=2560x1600
[2026-08-17T11:13:05Z INFO  steel_front] size diag: window_inner=2560x1600 hud=2560x1600
[2026-08-17T11:13:05Z INFO  steel_front] size diag: window_inner=2560x1600 hud=2560x1600
[2026-08-17T11:13:05Z INFO  steel_front] size diag: window_inner=2560x1600 hud=2560x1600
[2026-08-17T11:13:05Z INFO  steel_front] size diag: window_inner=2560x1600 hud=2560x1600
[2026-08-17T11:13:06Z INFO  steel_front::engine::renderer] visible=65536/65536 near=65536 far=0 fps=370.2 frame_us=2100 cull_us=0 terrain_us=0 wait_fence_us=2197 acquire_us=1 record_us=42 submit_us=34 present_us=262 terrain_lod=high blend=0.000 quality=中画质 marker=84 npc=56
[2026-08-17T11:13:06Z INFO  steel_front::engine::game] ai: npcs=8 near=8 far=0 idle=0 patrol=0 chase=0 attack=8 tactics=[8, 0, 0, 0, 0, 0, 0, 0]
[2026-08-17T11:13:06Z INFO  steel_front::engine::game] game: wave=1 enemies=8 enemy_hp=100 hp=100/100 score=0 phys_us=2 ai_us=258 audio_us=20 net_us=0
[2026-08-17T11:13:06Z INFO  steel_front] cam: yaw=0.0 pitch=0.0 dist=3.4 mode=FirstPerson cycle_us=2726 update_us=37 render_us=2689
[2026-08-17T11:13:07Z INFO  steel_front::engine::renderer] visible=65536/65536 near=65536 far=0 fps=371.5 frame_us=2582 cull_us=0 terrain_us=0 wait_fence_us=1691 acquire_us=1 record_us=42 submit_us=38 present_us=219 terrain_lod=high blend=0.000 quality=中画质 marker=84 npc=56
[2026-08-17T11:13:07Z INFO  steel_front::engine::game] ai: npcs=8 near=8 far=0 idle=0 patrol=0 chase=0 attack=8 tactics=[8, 0, 0, 0, 0, 0, 0, 0]
[2026-08-17T11:13:07Z INFO  steel_front::engine::game] game: wave=1 enemies=8 enemy_hp=100 hp=100/100 score=0 phys_us=1 ai_us=141 audio_us=10 net_us=0
[2026-08-17T11:13:07Z INFO  steel_front] cam: yaw=0.0 pitch=0.0 dist=3.4 mode=FirstPerson cycle_us=3515 update_us=19 render_us=3495
[2026-08-17T11:13:08Z INFO  steel_front::engine::renderer] visible=65536/65536 near=65536 far=0 fps=370.0 frame_us=2692 cull_us=0 terrain_us=0 wait_fence_us=1818 acquire_us=0 record_us=41 submit_us=40 present_us=221 terrain_lod=high blend=0.000 quality=中画质 marker=84 npc=56
[2026-08-17T11:13:08Z INFO  steel_front::engine::game] ai: npcs=8 near=8 far=0 idle=0 patrol=0 chase=0 attack=8 tactics=[8, 0, 0, 0, 0, 0, 0, 0]
[2026-08-17T11:13:08Z INFO  steel_front::engine::game] game: wave=1 enemies=8 enemy_hp=100 hp=100/100 score=0 phys_us=2 ai_us=260 audio_us=13 net_us=0
[2026-08-17T11:13:08Z INFO  steel_front] cam: yaw=0.0 pitch=0.0 dist=3.4 mode=FirstPerson cycle_us=2433 update_us=22 render_us=2411
[2026-08-17T11:13:09Z INFO  steel_front::engine::renderer] visible=65536/65536 near=65536 far=0 fps=369.2 frame_us=2243 cull_us=1 terrain_us=0 wait_fence_us=2269 acquire_us=1 record_us=29 submit_us=22 present_us=281 terrain_lod=high blend=0.000 quality=中画质 marker=84 npc=56
[2026-08-17T11:13:09Z INFO  steel_front::engine::game] ai: npcs=8 near=8 far=0 idle=0 patrol=0 chase=0 attack=8 tactics=[8, 0, 0, 0, 0, 0, 0, 0]
[2026-08-17T11:13:09Z INFO  steel_front::engine::game] game: wave=1 enemies=8 enemy_hp=100 hp=100/100 score=0 phys_us=2 ai_us=165 audio_us=19 net_us=0
[2026-08-17T11:13:09Z INFO  steel_front] cam: yaw=0.0 pitch=0.0 dist=3.4 mode=FirstPerson cycle_us=2876 update_us=23 render_us=2852
[2026-08-17T11:13:10Z INFO  steel_front::engine::renderer] visible=65536/65536 near=65536 far=0 fps=364.2 frame_us=2700 cull_us=0 terrain_us=0 wait_fence_us=1699 acquire_us=0 record_us=46 submit_us=43 present_us=229 terrain_lod=high blend=0.000 quality=中画质 marker=84 npc=56
[2026-08-17T11:13:10Z INFO  steel_front::engine::game] ai: npcs=8 near=8 far=0 idle=0 patrol=0 chase=0 attack=8 tactics=[8, 0, 0, 0, 0, 0, 0, 0]
[2026-08-17T11:13:10Z INFO  steel_front::engine::game] game: wave=1 enemies=8 enemy_hp=100 hp=100/100 score=0 phys_us=1 ai_us=137 audio_us=36 net_us=0
[2026-08-17T11:13:10Z INFO  steel_front] size diag: window_inner=2560x1600 hud=2560x1600
[2026-08-17T11:13:10Z INFO  steel_front] cam: yaw=0.0 pitch=0.0 dist=3.4 mode=FirstPerson cycle_us=2473 update_us=34 render_us=2438
[2026-08-17T11:13:10Z INFO  steel_front] size diag: window_inner=2560x1600 hud=2560x1600
[2026-08-17T11:13:10Z INFO  steel_front] size diag: window_inner=2560x1600 hud=2560x1600
[2026-08-17T11:13:10Z INFO  steel_front] size diag: window_inner=2560x1600 hud=2560x1600
[2026-08-17T11:13:10Z INFO  steel_front] size diag: window_inner=2560x1600 hud=2560x1600
[2026-08-17T11:13:10Z INFO  steel_front] size diag: window_inner=2560x1600 hud=2560x1600
[2026-08-17T11:13:10Z INFO  steel_front] size diag: window_inner=2560x1600 hud=2560x1600
[2026-08-17T11:13:10Z INFO  steel_front] size diag: window_inner=2560x1600 hud=2560x1600
[2026-08-17T11:13:10Z INFO  steel_front] size diag: window_inner=2560x1600 hud=2560x1600
[2026-08-17T11:13:10Z INFO  steel_front] size diag: window_inner=2560x1600 hud=2560x1600
[2026-08-17T11:13:10Z INFO  steel_front] size diag: window_inner=2560x1600 hud=2560x1600
[2026-08-17T11:13:10Z INFO  steel_front] size diag: window_inner=2560x1600 hud=2560x1600
[2026-08-17T11:13:10Z INFO  steel_front] size diag: window_inner=2560x1600 hud=2560x1600
[2026-08-17T11:13:10Z INFO  steel_front] size diag: window_inner=2560x1600 hud=2560x1600
[2026-08-17T11:13:10Z INFO  steel_front] size diag: window_inner=2560x1600 hud=2560x1600
[2026-08-17T11:13:10Z INFO  steel_front] size diag: window_inner=2560x1600 hud=2560x1600
[2026-08-17T11:13:10Z INFO  steel_front] size diag: window_inner=2560x1600 hud=2560x1600
[2026-08-17T11:13:10Z INFO  steel_front] size diag: window_inner=2560x1600 hud=2560x1600
[2026-08-17T11:13:10Z INFO  steel_front] size diag: window_inner=2560x1600 hud=2560x1600
[2026-08-17T11:13:11Z INFO  steel_front::engine::renderer] visible=65536/65536 near=65536 far=0 fps=369.0 frame_us=2315 cull_us=61 terrain_us=0 wait_fence_us=2189 acquire_us=1 record_us=42 submit_us=44 present_us=275 terrain_lod=high blend=0.000 quality=中画质 marker=84 npc=56
[2026-08-17T11:13:11Z INFO  steel_front::engine::game] ai: npcs=8 near=8 far=0 idle=0 patrol=0 chase=0 attack=8 tactics=[8, 0, 0, 0, 0, 0, 0, 0]
[2026-08-17T11:13:11Z INFO  steel_front::engine::game] game: wave=1 enemies=8 enemy_hp=100 hp=100/100 score=0 phys_us=5 ai_us=156 audio_us=17 net_us=0
[2026-08-17T11:13:11Z INFO  steel_front] cam: yaw=0.0 pitch=0.0 dist=3.4 mode=FirstPerson cycle_us=2492 update_us=41 render_us=2450
[2026-08-17T11:13:12Z INFO  steel_front::engine::renderer] visible=65536/65536 near=65536 far=0 fps=376.1 frame_us=2572 cull_us=0 terrain_us=0 wait_fence_us=1830 acquire_us=1 record_us=41 submit_us=33 present_us=214 terrain_lod=high blend=0.000 quality=中画质 marker=84 npc=56
[2026-08-17T11:13:12Z INFO  steel_front::engine::game] ai: npcs=8 near=8 far=0 idle=0 patrol=0 chase=0 attack=8 tactics=[8, 0, 0, 0, 0, 0, 0, 0]
[2026-08-17T11:13:12Z INFO  steel_front::engine::game] game: wave=1 enemies=8 enemy_hp=100 hp=100/100 score=0 phys_us=2 ai_us=145 audio_us=36 net_us=0
[2026-08-17T11:13:12Z INFO  steel_front] cam: yaw=0.0 pitch=0.0 dist=3.4 mode=FirstPerson cycle_us=2944 update_us=19 render_us=2925
[2026-08-17T11:13:13Z INFO  steel_front::engine::renderer] visible=65536/65536 near=65536 far=0 fps=369.0 frame_us=2372 cull_us=0 terrain_us=0 wait_fence_us=1780 acquire_us=0 record_us=41 submit_us=31 present_us=201 terrain_lod=high blend=0.000 quality=中画质 marker=84 npc=56
[2026-08-17T11:13:13Z INFO  steel_front::engine::game] ai: npcs=8 near=8 far=0 idle=0 patrol=0 chase=0 attack=8 tactics=[8, 0, 0, 0, 0, 0, 0, 0]
[2026-08-17T11:13:13Z INFO  steel_front::engine::game] game: wave=1 enemies=8 enemy_hp=100 hp=100/100 score=0 phys_us=1 ai_us=126 audio_us=26 net_us=0
[2026-08-17T11:13:13Z INFO  steel_front] cam: yaw=0.0 pitch=0.0 dist=3.4 mode=FirstPerson cycle_us=2931 update_us=19 render_us=2911
[2026-08-17T11:13:14Z INFO  steel_front::engine::renderer] visible=65536/65536 near=65536 far=0 fps=367.8 frame_us=1902 cull_us=0 terrain_us=0 wait_fence_us=1753 acquire_us=1 record_us=42 submit_us=35 present_us=216 terrain_lod=high blend=0.000 quality=中画质 marker=84 npc=56
[2026-08-17T11:13:14Z INFO  steel_front::engine::game] ai: npcs=8 near=8 far=0 idle=0 patrol=0 chase=0 attack=8 tactics=[8, 0, 0, 0, 0, 0, 0, 0]
[2026-08-17T11:13:14Z INFO  steel_front::engine::game] game: wave=1 enemies=8 enemy_hp=100 hp=100/100 score=0 phys_us=1 ai_us=120 audio_us=22 net_us=0
[2026-08-17T11:13:14Z INFO  steel_front] cam: yaw=0.0 pitch=0.0 dist=3.4 mode=FirstPerson cycle_us=2962 update_us=35 render_us=2927
[2026-08-17T11:13:15Z INFO  steel_front::engine::game] ai: npcs=8 near=8 far=0 idle=0 patrol=0 chase=0 attack=8 tactics=[8, 0, 0, 0, 0, 0, 0, 0]
[2026-08-17T11:13:15Z INFO  steel_front::engine::game] game: wave=1 enemies=8 enemy_hp=100 hp=100/100 score=0 phys_us=1 ai_us=598 audio_us=27 net_us=0
[2026-08-17T11:13:15Z INFO  steel_front::engine::renderer] visible=65536/65536 near=65536 far=0 fps=377.1 frame_us=2386 cull_us=0 terrain_us=0 wait_fence_us=1027 acquire_us=0 record_us=41 submit_us=33 present_us=204 terrain_lod=high blend=0.000 quality=中画质 marker=84 npc=56
[2026-08-17T11:13:15Z INFO  steel_front] size diag: window_inner=2560x1600 hud=2560x1600
[2026-08-17T11:13:15Z INFO  steel_front] size diag: window_inner=2560x1600 hud=2560x1600
[2026-08-17T11:13:15Z INFO  steel_front] size diag: window_inner=2560x1600 hud=2560x1600
[2026-08-17T11:13:15Z INFO  steel_front] cam: yaw=0.0 pitch=0.0 dist=3.4 mode=FirstPerson cycle_us=2613 update_us=22 render_us=2590
[2026-08-17T11:13:15Z INFO  steel_front] size diag: window_inner=2560x1600 hud=2560x1600
[2026-08-17T11:13:15Z INFO  steel_front] size diag: window_inner=2560x1600 hud=2560x1600
[2026-08-17T11:13:15Z INFO  steel_front] size diag: window_inner=2560x1600 hud=2560x1600
[2026-08-17T11:13:15Z INFO  steel_front] size diag: window_inner=2560x1600 hud=2560x1600
[2026-08-17T11:13:15Z INFO  steel_front] size diag: window_inner=2560x1600 hud=2560x1600
[2026-08-17T11:13:15Z INFO  steel_front] size diag: window_inner=2560x1600 hud=2560x1600
[2026-08-17T11:13:15Z INFO  steel_front] size diag: window_inner=2560x1600 hud=2560x1600
[2026-08-17T11:13:15Z INFO  steel_front] size diag: window_inner=2560x1600 hud=2560x1600
[2026-08-17T11:13:15Z INFO  steel_front] size diag: window_inner=2560x1600 hud=2560x1600
[2026-08-17T11:13:15Z INFO  steel_front] size diag: window_inner=2560x1600 hud=2560x1600
[2026-08-17T11:13:15Z INFO  steel_front] size diag: window_inner=2560x1600 hud=2560x1600
[2026-08-17T11:13:15Z INFO  steel_front] size diag: window_inner=2560x1600 hud=2560x1600
[2026-08-17T11:13:15Z INFO  steel_front] size diag: window_inner=2560x1600 hud=2560x1600
[2026-08-17T11:13:15Z INFO  steel_front] size diag: window_inner=2560x1600 hud=2560x1600
[2026-08-17T11:13:15Z INFO  steel_front] size diag: window_inner=2560x1600 hud=2560x1600
[2026-08-17T11:13:16Z INFO  steel_front::engine::game] ai: npcs=8 near=8 far=0 idle=0 patrol=0 chase=0 attack=8 tactics=[8, 0, 0, 0, 0, 0, 0, 0]
[2026-08-17T11:13:16Z INFO  steel_front::engine::game] game: wave=1 enemies=8 enemy_hp=100 hp=100/100 score=0 phys_us=2 ai_us=486 audio_us=29 net_us=0
[2026-08-17T11:13:16Z INFO  steel_front::engine::renderer] visible=65536/65536 near=65536 far=0 fps=372.4 frame_us=2521 cull_us=0 terrain_us=0 wait_fence_us=1319 acquire_us=1 record_us=43 submit_us=34 present_us=217 terrain_lod=high blend=0.000 quality=中画质 marker=84 npc=56
[2026-08-17T11:13:16Z INFO  steel_front] cam: yaw=0.0 pitch=0.0 dist=3.4 mode=FirstPerson cycle_us=2426 update_us=19 render_us=2407
[2026-08-17T11:13:17Z INFO  steel_front::engine::game] ai: npcs=8 near=8 far=0 idle=0 patrol=0 chase=0 attack=8 tactics=[8, 0, 0, 0, 0, 0, 0, 0]
[2026-08-17T11:13:17Z INFO  steel_front::engine::game] game: wave=1 enemies=8 enemy_hp=100 hp=100/100 score=0 phys_us=2 ai_us=769 audio_us=13 net_us=0
[2026-08-17T11:13:17Z INFO  steel_front::engine::renderer] visible=65536/65536 near=65536 far=0 fps=371.6 frame_us=3051 cull_us=1 terrain_us=0 wait_fence_us=905 acquire_us=1 record_us=88 submit_us=30 present_us=139 terrain_lod=high blend=0.000 quality=中画质 marker=84 npc=56
[2026-08-17T11:13:17Z INFO  steel_front] cam: yaw=0.0 pitch=0.0 dist=3.4 mode=FirstPerson cycle_us=2670 update_us=40 render_us=2630
[2026-08-17T11:13:18Z INFO  steel_front::engine::game] ai: npcs=8 near=8 far=0 idle=0 patrol=0 chase=0 attack=8 tactics=[8, 0, 0, 0, 0, 0, 0, 0]
[2026-08-17T11:13:18Z INFO  steel_front::engine::game] game: wave=1 enemies=8 enemy_hp=100 hp=100/100 score=0 phys_us=2 ai_us=430 audio_us=17 net_us=0
[2026-08-17T11:13:18Z INFO  steel_front::engine::renderer] visible=65536/65536 near=65536 far=0 fps=371.1 frame_us=1325 cull_us=0 terrain_us=0 wait_fence_us=2357 acquire_us=1 record_us=23 submit_us=21 present_us=191 terrain_lod=high blend=0.000 quality=中画质 marker=84 npc=56
[2026-08-17T11:13:18Z INFO  steel_front] cam: yaw=0.0 pitch=0.0 dist=3.4 mode=FirstPerson cycle_us=2715 update_us=21 render_us=2693
[2026-08-17T11:13:19Z INFO  steel_front::engine::game] ai: npcs=8 near=8 far=0 idle=0 patrol=0 chase=0 attack=8 tactics=[8, 0, 0, 0, 0, 0, 0, 0]
[2026-08-17T11:13:19Z INFO  steel_front::engine::game] game: wave=1 enemies=8 enemy_hp=100 hp=100/100 score=0 phys_us=1 ai_us=545 audio_us=14 net_us=0
[2026-08-17T11:13:19Z INFO  steel_front::engine::renderer] visible=65536/65536 near=65536 far=0 fps=370.6 frame_us=1676 cull_us=0 terrain_us=0 wait_fence_us=2000 acquire_us=0 record_us=25 submit_us=30 present_us=126 terrain_lod=high blend=0.000 quality=中画质 marker=84 npc=56
[2026-08-17T11:13:19Z INFO  steel_front] cam: yaw=0.0 pitch=0.0 dist=3.4 mode=FirstPerson cycle_us=2288 update_us=27 render_us=2260
[2026-08-17T11:13:20Z INFO  steel_front::engine::game] ai: npcs=8 near=8 far=0 idle=0 patrol=0 chase=0 attack=8 tactics=[8, 0, 0, 0, 0, 0, 0, 0]
[2026-08-17T11:13:20Z INFO  steel_front::engine::game] game: wave=1 enemies=8 enemy_hp=100 hp=100/100 score=0 phys_us=5 ai_us=904 audio_us=15 net_us=0
[2026-08-17T11:13:20Z INFO  steel_front::engine::renderer] visible=65536/65536 near=65536 far=0 fps=370.8 frame_us=1595 cull_us=0 terrain_us=0 wait_fence_us=1750 acquire_us=1 record_us=45 submit_us=36 present_us=235 terrain_lod=high blend=0.000 quality=中画质 marker=84 npc=56
[2026-08-17T11:13:20Z INFO  steel_front] size diag: window_inner=2560x1600 hud=2560x1600
[2026-08-17T11:13:20Z INFO  steel_front] size diag: window_inner=2560x1600 hud=2560x1600
[2026-08-17T11:13:20Z INFO  steel_front] size diag: window_inner=2560x1600 hud=2560x1600
[2026-08-17T11:13:20Z INFO  steel_front] size diag: window_inner=2560x1600 hud=2560x1600
[2026-08-17T11:13:20Z INFO  steel_front] size diag: window_inner=2560x1600 hud=2560x1600
[2026-08-17T11:13:20Z INFO  steel_front] size diag: window_inner=2560x1600 hud=2560x1600
[2026-08-17T11:13:20Z INFO  steel_front] cam: yaw=0.0 pitch=0.0 dist=3.4 mode=FirstPerson cycle_us=2770 update_us=38 render_us=2731
[2026-08-17T11:13:20Z INFO  steel_front] size diag: window_inner=2560x1600 hud=2560x1600
[2026-08-17T11:13:20Z INFO  steel_front] size diag: window_inner=2560x1600 hud=2560x1600
[2026-08-17T11:13:20Z INFO  steel_front] size diag: window_inner=2560x1600 hud=2560x1600
[2026-08-17T11:13:20Z INFO  steel_front] size diag: window_inner=2560x1600 hud=2560x1600
[2026-08-17T11:13:20Z INFO  steel_front] size diag: window_inner=2560x1600 hud=2560x1600
[2026-08-17T11:13:20Z INFO  steel_front] size diag: window_inner=2560x1600 hud=2560x1600
[2026-08-17T11:13:20Z INFO  steel_front] size diag: window_inner=2560x1600 hud=2560x1600
[2026-08-17T11:13:20Z INFO  steel_front] size diag: window_inner=2560x1600 hud=2560x1600
[2026-08-17T11:13:20Z INFO  steel_front] size diag: window_inner=2560x1600 hud=2560x1600
[2026-08-17T11:13:20Z INFO  steel_front] size diag: window_inner=2560x1600 hud=2560x1600
[2026-08-17T11:13:20Z INFO  steel_front] size diag: window_inner=2560x1600 hud=2560x1600
[2026-08-17T11:13:20Z INFO  steel_front] size diag: window_inner=2560x1600 hud=2560x1600
[2026-08-17T11:13:21Z INFO  steel_front::engine::game] ai: npcs=8 near=8 far=0 idle=0 patrol=0 chase=0 attack=8 tactics=[8, 0, 0, 0, 0, 0, 0, 0]
[2026-08-17T11:13:21Z INFO  steel_front::engine::game] game: wave=1 enemies=8 enemy_hp=100 hp=100/100 score=0 phys_us=2 ai_us=390 audio_us=27 net_us=0
[2026-08-17T11:13:21Z INFO  steel_front::engine::renderer] visible=65536/65536 near=65536 far=0 fps=369.2 frame_us=1785 cull_us=0 terrain_us=0 wait_fence_us=2030 acquire_us=1 record_us=43 submit_us=35 present_us=248 terrain_lod=high blend=0.000 quality=中画质 marker=84 npc=56
[2026-08-17T11:13:21Z INFO  steel_front] cam: yaw=0.0 pitch=0.0 dist=3.4 mode=FirstPerson cycle_us=2894 update_us=18 render_us=2876
[2026-08-17T11:13:22Z INFO  steel_front::engine::game] ai: npcs=8 near=8 far=0 idle=0 patrol=0 chase=0 attack=8 tactics=[8, 0, 0, 0, 0, 0, 0, 0]
[2026-08-17T11:13:22Z INFO  steel_front::engine::game] game: wave=1 enemies=8 enemy_hp=100 hp=100/100 score=0 phys_us=2 ai_us=579 audio_us=30 net_us=0
[2026-08-17T11:13:22Z INFO  steel_front::engine::renderer] visible=65536/65536 near=65536 far=0 fps=370.1 frame_us=1823 cull_us=0 terrain_us=0 wait_fence_us=1933 acquire_us=1 record_us=23 submit_us=49 present_us=220 terrain_lod=high blend=0.000 quality=中画质 marker=84 npc=56
[2026-08-17T11:13:22Z INFO  steel_front] cam: yaw=0.0 pitch=0.0 dist=3.4 mode=FirstPerson cycle_us=3121 update_us=18 render_us=3102
[2026-08-17T11:13:23Z INFO  steel_front::engine::game] ai: npcs=8 near=8 far=0 idle=0 patrol=0 chase=0 attack=8 tactics=[8, 0, 0, 0, 0, 0, 0, 0]
[2026-08-17T11:13:23Z INFO  steel_front::engine::game] game: wave=1 enemies=8 enemy_hp=100 hp=100/100 score=0 phys_us=3 ai_us=599 audio_us=34 net_us=0
[2026-08-17T11:13:23Z INFO  steel_front::engine::renderer] visible=65536/65536 near=65536 far=0 fps=366.8 frame_us=1890 cull_us=0 terrain_us=0 wait_fence_us=1733 acquire_us=1 record_us=33 submit_us=47 present_us=218 terrain_lod=high blend=0.000 quality=中画质 marker=84 npc=56
[2026-08-17T11:13:23Z INFO  steel_front] cam: yaw=0.0 pitch=0.0 dist=3.4 mode=FirstPerson cycle_us=2538 update_us=37 render_us=2501
[2026-08-17T11:13:24Z INFO  steel_front::engine::game] ai: npcs=8 near=8 far=0 idle=0 patrol=0 chase=0 attack=8 tactics=[8, 0, 0, 0, 0, 0, 0, 0]
[2026-08-17T11:13:24Z INFO  steel_front::engine::game] game: wave=1 enemies=8 enemy_hp=100 hp=100/100 score=0 phys_us=2 ai_us=550 audio_us=13 net_us=0
[2026-08-17T11:13:24Z INFO  steel_front::engine::renderer] visible=65536/65536 near=65536 far=0 fps=366.4 frame_us=1520 cull_us=1 terrain_us=0 wait_fence_us=1712 acquire_us=1 record_us=47 submit_us=38 present_us=222 terrain_lod=high blend=0.000 quality=中画质 marker=84 npc=56
[2026-08-17T11:13:24Z INFO  steel_front] cam: yaw=0.0 pitch=0.0 dist=3.4 mode=FirstPerson cycle_us=2952 update_us=18 render_us=2933
[2026-08-17T11:13:25Z INFO  steel_front::engine::game] ai: npcs=8 near=8 far=0 idle=0 patrol=0 chase=0 attack=8 tactics=[8, 0, 0, 0, 0, 0, 0, 0]
[2026-08-17T11:13:25Z INFO  steel_front::engine::game] game: wave=1 enemies=8 enemy_hp=100 hp=100/100 score=0 phys_us=2 ai_us=537 audio_us=14 net_us=0
[2026-08-17T11:13:25Z INFO  steel_front::engine::renderer] visible=65536/65536 near=65536 far=0 fps=370.1 frame_us=1619 cull_us=3 terrain_us=0 wait_fence_us=2271 acquire_us=4 record_us=44 submit_us=36 present_us=229 terrain_lod=high blend=0.000 quality=中画质 marker=84 npc=56
[2026-08-17T11:13:25Z INFO  steel_front] size diag: window_inner=2560x1600 hud=2560x1600
[2026-08-17T11:13:25Z INFO  steel_front] size diag: window_inner=2560x1600 hud=2560x1600
[2026-08-17T11:13:25Z INFO  steel_front] size diag: window_inner=2560x1600 hud=2560x1600
[2026-08-17T11:13:25Z INFO  steel_front] size diag: window_inner=2560x1600 hud=2560x1600
[2026-08-17T11:13:25Z INFO  steel_front] size diag: window_inner=2560x1600 hud=2560x1600
[2026-08-17T11:13:25Z INFO  steel_front] size diag: window_inner=2560x1600 hud=2560x1600
[2026-08-17T11:13:25Z INFO  steel_front] size diag: window_inner=2560x1600 hud=2560x1600
[2026-08-17T11:13:25Z INFO  steel_front] size diag: window_inner=2560x1600 hud=2560x1600
[2026-08-17T11:13:25Z INFO  steel_front] size diag: window_inner=2560x1600 hud=2560x1600
[2026-08-17T11:13:25Z INFO  steel_front] size diag: window_inner=2560x1600 hud=2560x1600
[2026-08-17T11:13:25Z INFO  steel_front] cam: yaw=0.0 pitch=0.0 dist=3.4 mode=FirstPerson cycle_us=2467 update_us=40 render_us=2426
[2026-08-17T11:13:25Z INFO  steel_front] size diag: window_inner=2560x1600 hud=2560x1600
[2026-08-17T11:13:25Z INFO  steel_front] size diag: window_inner=2560x1600 hud=2560x1600
[2026-08-17T11:13:25Z INFO  steel_front] size diag: window_inner=2560x1600 hud=2560x1600
[2026-08-17T11:13:25Z INFO  steel_front] size diag: window_inner=2560x1600 hud=2560x1600
[2026-08-17T11:13:25Z INFO  steel_front] size diag: window_inner=2560x1600 hud=2560x1600
[2026-08-17T11:13:25Z INFO  steel_front] size diag: window_inner=2560x1600 hud=2560x1600
[2026-08-17T11:13:25Z INFO  steel_front] size diag: window_inner=2560x1600 hud=2560x1600
[2026-08-17T11:13:25Z INFO  steel_front] size diag: window_inner=2560x1600 hud=2560x1600
[2026-08-17T11:13:25Z INFO  steel_front] size diag: window_inner=2560x1600 hud=2560x1600
[2026-08-17T11:13:26Z INFO  steel_front::engine::game] ai: npcs=8 near=8 far=0 idle=0 patrol=0 chase=0 attack=8 tactics=[8, 0, 0, 0, 0, 0, 0, 0]
[2026-08-17T11:13:26Z INFO  steel_front::engine::game] game: wave=1 enemies=8 enemy_hp=100 hp=100/100 score=0 phys_us=2 ai_us=489 audio_us=27 net_us=0
[2026-08-17T11:13:26Z INFO  steel_front::engine::renderer] visible=65536/65536 near=65536 far=0 fps=370.1 frame_us=2889 cull_us=0 terrain_us=0 wait_fence_us=1662 acquire_us=0 record_us=43 submit_us=54 present_us=243 terrain_lod=high blend=0.000 quality=中画质 marker=84 npc=56
[2026-08-17T11:13:26Z INFO  steel_front] cam: yaw=0.0 pitch=0.0 dist=3.4 mode=FirstPerson cycle_us=2681 update_us=38 render_us=2643
[2026-08-17T11:13:27Z INFO  steel_front::engine::game] ai: npcs=8 near=8 far=0 idle=0 patrol=0 chase=0 attack=8 tactics=[8, 0, 0, 0, 0, 0, 0, 0]
[2026-08-17T11:13:27Z INFO  steel_front::engine::game] game: wave=1 enemies=8 enemy_hp=100 hp=100/100 score=0 phys_us=2 ai_us=546 audio_us=27 net_us=0
[2026-08-17T11:13:27Z INFO  steel_front::engine::renderer] visible=65536/65536 near=65536 far=0 fps=367.5 frame_us=2139 cull_us=0 terrain_us=0 wait_fence_us=1931 acquire_us=1 record_us=26 submit_us=33 present_us=277 terrain_lod=high blend=0.000 quality=中画质 marker=84 npc=56
[2026-08-17T11:13:27Z INFO  steel_front] cam: yaw=0.0 pitch=0.0 dist=3.4 mode=FirstPerson cycle_us=2890 update_us=40 render_us=2849
[2026-08-17T11:13:28Z INFO  steel_front::engine::game] ai: npcs=8 near=8 far=0 idle=0 patrol=0 chase=0 attack=8 tactics=[8, 0, 0, 0, 0, 0, 0, 0]
[2026-08-17T11:13:28Z INFO  steel_front::engine::game] game: wave=1 enemies=8 enemy_hp=100 hp=100/100 score=0 phys_us=1 ai_us=553 audio_us=23 net_us=0
[2026-08-17T11:13:28Z INFO  steel_front::engine::renderer] visible=65536/65536 near=65536 far=0 fps=370.7 frame_us=2605 cull_us=0 terrain_us=0 wait_fence_us=2022 acquire_us=0 record_us=27 submit_us=35 present_us=155 terrain_lod=high blend=0.000 quality=中画质 marker=84 npc=56
[2026-08-17T11:13:28Z INFO  steel_front] cam: yaw=0.0 pitch=0.0 dist=3.4 mode=FirstPerson cycle_us=2624 update_us=37 render_us=2587
[2026-08-17T11:13:29Z INFO  steel_front::engine::game] ai: npcs=8 near=8 far=0 idle=0 patrol=0 chase=0 attack=8 tactics=[8, 0, 0, 0, 0, 0, 0, 0]
[2026-08-17T11:13:29Z INFO  steel_front::engine::game] game: wave=1 enemies=8 enemy_hp=100 hp=100/100 score=0 phys_us=1 ai_us=600 audio_us=28 net_us=0
[2026-08-17T11:13:29Z INFO  steel_front::engine::renderer] visible=65536/65536 near=65536 far=0 fps=367.4 frame_us=2530 cull_us=0 terrain_us=0 wait_fence_us=2171 acquire_us=0 record_us=85 submit_us=36 present_us=130 terrain_lod=high blend=0.000 quality=中画质 marker=84 npc=56
[2026-08-17T11:13:29Z INFO  steel_front] cam: yaw=0.0 pitch=0.0 dist=3.4 mode=FirstPerson cycle_us=2324 update_us=37 render_us=2286
[2026-08-17T11:13:30Z INFO  steel_front::engine::game] ai: npcs=8 near=8 far=0 idle=0 patrol=0 chase=0 attack=8 tactics=[8, 0, 0, 0, 0, 0, 0, 0]
[2026-08-17T11:13:30Z INFO  steel_front::engine::game] game: wave=1 enemies=8 enemy_hp=100 hp=100/100 score=0 phys_us=2 ai_us=157 audio_us=16 net_us=0
[2026-08-17T11:13:30Z INFO  steel_front::engine::renderer] visible=65536/65536 near=65536 far=0 fps=370.0 frame_us=2611 cull_us=0 terrain_us=0 wait_fence_us=1748 acquire_us=1 record_us=55 submit_us=61 present_us=234 terrain_lod=high blend=0.000 quality=中画质 marker=84 npc=56
[2026-08-17T11:13:30Z INFO  steel_front] size diag: window_inner=2560x1600 hud=2560x1600
[2026-08-17T11:13:30Z INFO  steel_front] size diag: window_inner=2560x1600 hud=2560x1600
[2026-08-17T11:13:30Z INFO  steel_front] size diag: window_inner=2560x1600 hud=2560x1600
[2026-08-17T11:13:30Z INFO  steel_front] size diag: window_inner=2560x1600 hud=2560x1600
[2026-08-17T11:13:30Z INFO  steel_front] size diag: window_inner=2560x1600 hud=2560x1600
[2026-08-17T11:13:30Z INFO  steel_front] size diag: window_inner=2560x1600 hud=2560x1600
[2026-08-17T11:13:30Z INFO  steel_front] size diag: window_inner=2560x1600 hud=2560x1600
[2026-08-17T11:13:30Z INFO  steel_front] size diag: window_inner=2560x1600 hud=2560x1600
[2026-08-17T11:13:30Z INFO  steel_front] size diag: window_inner=2560x1600 hud=2560x1600
[2026-08-17T11:13:30Z INFO  steel_front] size diag: window_inner=2560x1600 hud=2560x1600
[2026-08-17T11:13:30Z INFO  steel_front] size diag: window_inner=2560x1600 hud=2560x1600
[2026-08-17T11:13:30Z INFO  steel_front] size diag: window_inner=2560x1600 hud=2560x1600
[2026-08-17T11:13:30Z INFO  steel_front] cam: yaw=0.0 pitch=0.0 dist=3.4 mode=FirstPerson cycle_us=2795 update_us=22 render_us=2773
[2026-08-17T11:13:30Z INFO  steel_front] size diag: window_inner=2560x1600 hud=2560x1600
[2026-08-17T11:13:30Z INFO  steel_front] size diag: window_inner=2560x1600 hud=2560x1600
[2026-08-17T11:13:30Z INFO  steel_front] size diag: window_inner=2560x1600 hud=2560x1600
[2026-08-17T11:13:30Z INFO  steel_front] size diag: window_inner=2560x1600 hud=2560x1600
[2026-08-17T11:13:30Z INFO  steel_front] size diag: window_inner=2560x1600 hud=2560x1600
[2026-08-17T11:13:30Z INFO  steel_front] size diag: window_inner=2560x1600 hud=2560x1600
[2026-08-17T11:13:30Z INFO  steel_front] size diag: window_inner=2560x1600 hud=2560x1600
[2026-08-17T11:13:31Z INFO  steel_front::engine::game] ai: npcs=8 near=8 far=0 idle=0 patrol=0 chase=0 attack=8 tactics=[8, 0, 0, 0, 0, 0, 0, 0]
[2026-08-17T11:13:31Z INFO  steel_front::engine::game] game: wave=1 enemies=8 enemy_hp=100 hp=100/100 score=0 phys_us=1 ai_us=416 audio_us=29 net_us=0
[2026-08-17T11:13:31Z INFO  steel_front::engine::renderer] visible=65536/65536 near=65536 far=0 fps=370.1 frame_us=1937 cull_us=0 terrain_us=0 wait_fence_us=2314 acquire_us=1 record_us=29 submit_us=53 present_us=123 terrain_lod=high blend=0.000 quality=中画质 marker=84 npc=56
[2026-08-17T11:13:31Z INFO  steel_front] cam: yaw=0.0 pitch=0.0 dist=3.4 mode=FirstPerson cycle_us=2939 update_us=29 render_us=2909
[2026-08-17T11:13:32Z INFO  steel_front::engine::game] ai: npcs=8 near=8 far=0 idle=0 patrol=0 chase=0 attack=8 tactics=[8, 0, 0, 0, 0, 0, 0, 0]
[2026-08-17T11:13:32Z INFO  steel_front::engine::game] game: wave=1 enemies=8 enemy_hp=100 hp=100/100 score=0 phys_us=5 ai_us=523 audio_us=27 net_us=0
[2026-08-17T11:13:32Z INFO  steel_front::engine::renderer] visible=65536/65536 near=65536 far=0 fps=367.7 frame_us=2688 cull_us=0 terrain_us=0 wait_fence_us=1791 acquire_us=1 record_us=55 submit_us=82 present_us=218 terrain_lod=high blend=0.000 quality=中画质 marker=84 npc=56
[2026-08-17T11:13:32Z INFO  steel_front] cam: yaw=0.0 pitch=0.0 dist=3.4 mode=FirstPerson cycle_us=2782 update_us=43 render_us=2738
[2026-08-17T11:13:33Z INFO  steel_front::engine::game] ai: npcs=8 near=8 far=0 idle=0 patrol=0 chase=0 attack=8 tactics=[8, 0, 0, 0, 0, 0, 0, 0]
[2026-08-17T11:13:33Z INFO  steel_front::engine::game] game: wave=1 enemies=8 enemy_hp=100 hp=100/100 score=0 phys_us=3 ai_us=764 audio_us=30 net_us=0
[2026-08-17T11:13:33Z INFO  steel_front::engine::renderer] visible=65536/65536 near=65536 far=0 fps=368.6 frame_us=2279 cull_us=0 terrain_us=0 wait_fence_us=1700 acquire_us=1 record_us=127 submit_us=60 present_us=237 terrain_lod=high blend=0.000 quality=中画质 marker=84 npc=56
[2026-08-17T11:13:33Z INFO  steel_front] cam: yaw=0.0 pitch=0.0 dist=3.4 mode=FirstPerson cycle_us=2970 update_us=49 render_us=2921
[2026-08-17T11:13:34Z INFO  steel_front::engine::game] ai: npcs=8 near=8 far=0 idle=0 patrol=0 chase=0 attack=8 tactics=[8, 0, 0, 0, 0, 0, 0, 0]
[2026-08-17T11:13:34Z INFO  steel_front::engine::game] game: wave=1 enemies=8 enemy_hp=100 hp=100/100 score=0 phys_us=2 ai_us=500 audio_us=25 net_us=0
[2026-08-17T11:13:34Z INFO  steel_front::engine::renderer] visible=65536/65536 near=65536 far=0 fps=370.0 frame_us=2142 cull_us=0 terrain_us=0 wait_fence_us=2044 acquire_us=1 record_us=53 submit_us=53 present_us=215 terrain_lod=high blend=0.000 quality=中画质 marker=84 npc=56
[2026-08-17T11:13:34Z INFO  steel_front] cam: yaw=0.0 pitch=0.0 dist=3.4 mode=FirstPerson cycle_us=2596 update_us=25 render_us=2571
[2026-08-17T11:13:35Z INFO  steel_front::engine::game] ai: npcs=8 near=8 far=0 idle=0 patrol=0 chase=0 attack=8 tactics=[8, 0, 0, 0, 0, 0, 0, 0]
[2026-08-17T11:13:35Z INFO  steel_front::engine::game] game: wave=1 enemies=8 enemy_hp=100 hp=100/100 score=0 phys_us=1 ai_us=468 audio_us=27 net_us=0
[2026-08-17T11:13:35Z INFO  steel_front::engine::renderer] visible=65536/65536 near=65536 far=0 fps=369.4 frame_us=2609 cull_us=0 terrain_us=0 wait_fence_us=1954 acquire_us=0 record_us=57 submit_us=71 present_us=150 terrain_lod=high blend=0.000 quality=中画质 marker=84 npc=56
[2026-08-17T11:13:35Z INFO  steel_front] size diag: window_inner=2560x1600 hud=2560x1600
[2026-08-17T11:13:35Z INFO  steel_front] size diag: window_inner=2560x1600 hud=2560x1600
[2026-08-17T11:13:35Z INFO  steel_front] size diag: window_inner=2560x1600 hud=2560x1600
[2026-08-17T11:13:35Z INFO  steel_front] size diag: window_inner=2560x1600 hud=2560x1600
[2026-08-17T11:13:35Z INFO  steel_front] size diag: window_inner=2560x1600 hud=2560x1600
[2026-08-17T11:13:35Z INFO  steel_front] size diag: window_inner=2560x1600 hud=2560x1600
[2026-08-17T11:13:35Z INFO  steel_front] size diag: window_inner=2560x1600 hud=2560x1600
[2026-08-17T11:13:35Z INFO  steel_front] size diag: window_inner=2560x1600 hud=2560x1600
[2026-08-17T11:13:35Z INFO  steel_front] size diag: window_inner=2560x1600 hud=2560x1600
[2026-08-17T11:13:35Z INFO  steel_front] size diag: window_inner=2560x1600 hud=2560x1600
[2026-08-17T11:13:35Z INFO  steel_front] size diag: window_inner=2560x1600 hud=2560x1600
[2026-08-17T11:13:35Z INFO  steel_front] size diag: window_inner=2560x1600 hud=2560x1600
[2026-08-17T11:13:35Z INFO  steel_front] size diag: window_inner=2560x1600 hud=2560x1600
[2026-08-17T11:13:35Z INFO  steel_front] size diag: window_inner=2560x1600 hud=2560x1600
[2026-08-17T11:13:35Z INFO  steel_front] size diag: window_inner=2560x1600 hud=2560x1600
[2026-08-17T11:13:35Z INFO  steel_front] cam: yaw=0.0 pitch=0.0 dist=3.4 mode=FirstPerson cycle_us=2462 update_us=20 render_us=2442
[2026-08-17T11:13:35Z INFO  steel_front] size diag: window_inner=2560x1600 hud=2560x1600
[2026-08-17T11:13:35Z INFO  steel_front] size diag: window_inner=2560x1600 hud=2560x1600
[2026-08-17T11:13:35Z INFO  steel_front] size diag: window_inner=2560x1600 hud=2560x1600
[2026-08-17T11:13:35Z INFO  steel_front] size diag: window_inner=2560x1600 hud=2560x1600
[2026-08-17T11:13:36Z INFO  steel_front::engine::game] ai: npcs=8 near=8 far=0 idle=0 patrol=0 chase=0 attack=8 tactics=[8, 0, 0, 0, 0, 0, 0, 0]
[2026-08-17T11:13:36Z INFO  steel_front::engine::game] game: wave=1 enemies=8 enemy_hp=100 hp=100/100 score=0 phys_us=2 ai_us=478 audio_us=15 net_us=0
[2026-08-17T11:13:36Z INFO  steel_front::engine::renderer] visible=65536/65536 near=65536 far=0 fps=369.7 frame_us=2240 cull_us=1 terrain_us=0 wait_fence_us=1624 acquire_us=1 record_us=136 submit_us=37 present_us=134 terrain_lod=high blend=0.000 quality=中画质 marker=84 npc=56
[2026-08-17T11:13:36Z INFO  steel_front] cam: yaw=0.0 pitch=0.0 dist=3.4 mode=FirstPerson cycle_us=3103 update_us=41 render_us=3061
[2026-08-17T11:13:37Z INFO  steel_front::engine::game] ai: npcs=8 near=8 far=0 idle=0 patrol=0 chase=0 attack=8 tactics=[8, 0, 0, 0, 0, 0, 0, 0]
[2026-08-17T11:13:37Z INFO  steel_front::engine::game] game: wave=1 enemies=8 enemy_hp=100 hp=100/100 score=0 phys_us=2 ai_us=518 audio_us=14 net_us=0
[2026-08-17T11:13:37Z INFO  steel_front::engine::renderer] visible=65536/65536 near=65536 far=0 fps=367.6 frame_us=2171 cull_us=0 terrain_us=0 wait_fence_us=2303 acquire_us=1 record_us=53 submit_us=54 present_us=139 terrain_lod=high blend=0.000 quality=中画质 marker=84 npc=56
[2026-08-17T11:13:37Z INFO  steel_front] cam: yaw=0.0 pitch=0.0 dist=3.4 mode=FirstPerson cycle_us=3013 update_us=32 render_us=2980
[2026-08-17T11:13:38Z INFO  steel_front::engine::game] ai: npcs=8 near=8 far=0 idle=0 patrol=0 chase=0 attack=8 tactics=[8, 0, 0, 0, 0, 0, 0, 0]
[2026-08-17T11:13:38Z INFO  steel_front::engine::game] game: wave=1 enemies=8 enemy_hp=100 hp=100/100 score=0 phys_us=2 ai_us=461 audio_us=25 net_us=0
[2026-08-17T11:13:38Z INFO  steel_front::engine::renderer] visible=65536/65536 near=65536 far=0 fps=368.5 frame_us=2215 cull_us=0 terrain_us=0 wait_fence_us=2006 acquire_us=1 record_us=53 submit_us=44 present_us=215 terrain_lod=high blend=0.000 quality=中画质 marker=84 npc=56
[2026-08-17T11:13:38Z INFO  steel_front] cam: yaw=0.0 pitch=0.0 dist=3.4 mode=FirstPerson cycle_us=2715 update_us=38 render_us=2676
[2026-08-17T11:13:39Z INFO  steel_front::engine::game] ai: npcs=8 near=8 far=0 idle=0 patrol=0 chase=0 attack=8 tactics=[8, 0, 0, 0, 0, 0, 0, 0]
[2026-08-17T11:13:39Z INFO  steel_front::engine::game] game: wave=1 enemies=8 enemy_hp=100 hp=100/100 score=0 phys_us=1 ai_us=618 audio_us=14 net_us=0
[2026-08-17T11:13:39Z INFO  steel_front::engine::renderer] visible=65536/65536 near=65536 far=0 fps=370.5 frame_us=2517 cull_us=0 terrain_us=0 wait_fence_us=1760 acquire_us=0 record_us=79 submit_us=49 present_us=220 terrain_lod=high blend=0.000 quality=中画质 marker=84 npc=56
[2026-08-17T11:13:39Z INFO  steel_front] cam: yaw=0.0 pitch=0.0 dist=3.4 mode=FirstPerson cycle_us=2631 update_us=22 render_us=2608
[2026-08-17T11:13:40Z INFO  steel_front::engine::game] ai: npcs=8 near=8 far=0 idle=0 patrol=0 chase=0 attack=8 tactics=[8, 0, 0, 0, 0, 0, 0, 0]
[2026-08-17T11:13:40Z INFO  steel_front::engine::game] game: wave=1 enemies=8 enemy_hp=100 hp=100/100 score=0 phys_us=2 ai_us=454 audio_us=32 net_us=0
[2026-08-17T11:13:40Z INFO  steel_front::engine::renderer] visible=65536/65536 near=65536 far=0 fps=370.0 frame_us=2482 cull_us=0 terrain_us=0 wait_fence_us=2056 acquire_us=1 record_us=52 submit_us=46 present_us=211 terrain_lod=high blend=0.000 quality=中画质 marker=84 npc=56
[2026-08-17T11:13:40Z INFO  steel_front] size diag: window_inner=2560x1600 hud=2560x1600
[2026-08-17T11:13:40Z INFO  steel_front] size diag: window_inner=2560x1600 hud=2560x1600
[2026-08-17T11:13:40Z INFO  steel_front] size diag: window_inner=2560x1600 hud=2560x1600
[2026-08-17T11:13:40Z INFO  steel_front] size diag: window_inner=2560x1600 hud=2560x1600
[2026-08-17T11:13:40Z INFO  steel_front] size diag: window_inner=2560x1600 hud=2560x1600
[2026-08-17T11:13:40Z INFO  steel_front] size diag: window_inner=2560x1600 hud=2560x1600
[2026-08-17T11:13:40Z INFO  steel_front] size diag: window_inner=2560x1600 hud=2560x1600
[2026-08-17T11:13:40Z INFO  steel_front] size diag: window_inner=2560x1600 hud=2560x1600
[2026-08-17T11:13:40Z INFO  steel_front] size diag: window_inner=2560x1600 hud=2560x1600
[2026-08-17T11:13:40Z INFO  steel_front] size diag: window_inner=2560x1600 hud=2560x1600
[2026-08-17T11:13:40Z INFO  steel_front] size diag: window_inner=2560x1600 hud=2560x1600
[2026-08-17T11:13:40Z INFO  steel_front] size diag: window_inner=2560x1600 hud=2560x1600
[2026-08-17T11:13:40Z INFO  steel_front] size diag: window_inner=2560x1600 hud=2560x1600
[2026-08-17T11:13:40Z INFO  steel_front] size diag: window_inner=2560x1600 hud=2560x1600
[2026-08-17T11:13:40Z INFO  steel_front] size diag: window_inner=2560x1600 hud=2560x1600
[2026-08-17T11:13:40Z INFO  steel_front] size diag: window_inner=2560x1600 hud=2560x1600
[2026-08-17T11:13:40Z INFO  steel_front] size diag: window_inner=2560x1600 hud=2560x1600
[2026-08-17T11:13:40Z INFO  steel_front] size diag: window_inner=2560x1600 hud=2560x1600
[2026-08-17T11:13:40Z INFO  steel_front] size diag: window_inner=2560x1600 hud=2560x1600
[2026-08-17T11:13:40Z INFO  steel_front] cam: yaw=0.0 pitch=0.0 dist=3.4 mode=FirstPerson cycle_us=2683 update_us=61 render_us=2622
[2026-08-17T11:13:41Z INFO  steel_front::engine::game] ai: npcs=8 near=8 far=0 idle=0 patrol=0 chase=0 attack=8 tactics=[8, 0, 0, 0, 0, 0, 0, 0]
[2026-08-17T11:13:41Z INFO  steel_front::engine::game] game: wave=1 enemies=8 enemy_hp=100 hp=100/100 score=0 phys_us=4 ai_us=587 audio_us=27 net_us=0
[2026-08-17T11:13:41Z INFO  steel_front::engine::renderer] visible=65536/65536 near=65536 far=0 fps=369.1 frame_us=2706 cull_us=1 terrain_us=0 wait_fence_us=1555 acquire_us=1 record_us=167 submit_us=104 present_us=338 terrain_lod=high blend=0.000 quality=中画质 marker=84 npc=56
[2026-08-17T11:13:41Z INFO  steel_front] cam: yaw=0.0 pitch=0.0 dist=3.4 mode=FirstPerson cycle_us=2769 update_us=24 render_us=2745
[2026-08-17T11:13:42Z INFO  steel_front::engine::game] ai: npcs=8 near=8 far=0 idle=0 patrol=0 chase=0 attack=8 tactics=[8, 0, 0, 0, 0, 0, 0, 0]
[2026-08-17T11:13:42Z INFO  steel_front::engine::game] game: wave=1 enemies=8 enemy_hp=100 hp=100/100 score=0 phys_us=2 ai_us=444 audio_us=29 net_us=0
[2026-08-17T11:13:42Z INFO  steel_front::engine::renderer] visible=65536/65536 near=65536 far=0 fps=366.6 frame_us=2273 cull_us=0 terrain_us=0 wait_fence_us=1735 acquire_us=1 record_us=59 submit_us=51 present_us=232 terrain_lod=high blend=0.000 quality=中画质 marker=84 npc=56
[2026-08-17T11:13:42Z INFO  steel_front] cam: yaw=0.0 pitch=0.0 dist=3.4 mode=FirstPerson cycle_us=3078 update_us=39 render_us=3038
[2026-08-17T11:13:43Z INFO  steel_front::engine::game] ai: npcs=8 near=8 far=0 idle=0 patrol=0 chase=0 attack=8 tactics=[8, 0, 0, 0, 0, 0, 0, 0]
[2026-08-17T11:13:43Z INFO  steel_front::engine::game] game: wave=1 enemies=8 enemy_hp=100 hp=100/100 score=0 phys_us=1 ai_us=388 audio_us=25 net_us=0
[2026-08-17T11:13:43Z INFO  steel_front::engine::renderer] visible=65536/65536 near=65536 far=0 fps=369.8 frame_us=2076 cull_us=0 terrain_us=0 wait_fence_us=2259 acquire_us=1 record_us=52 submit_us=53 present_us=191 terrain_lod=high blend=0.000 quality=中画质 marker=84 npc=56
[2026-08-17T11:13:43Z INFO  steel_front] cam: yaw=0.0 pitch=0.0 dist=3.4 mode=FirstPerson cycle_us=3559 update_us=22 render_us=3536
[2026-08-17T11:13:44Z INFO  steel_front::engine::game] ai: npcs=8 near=8 far=0 idle=0 patrol=0 chase=0 attack=8 tactics=[8, 0, 0, 0, 0, 0, 0, 0]
[2026-08-17T11:13:44Z INFO  steel_front::engine::game] game: wave=1 enemies=8 enemy_hp=100 hp=100/100 score=0 phys_us=3 ai_us=515 audio_us=14 net_us=0
[2026-08-17T11:13:44Z INFO  steel_front::engine::renderer] visible=65536/65536 near=65536 far=0 fps=367.8 frame_us=2008 cull_us=0 terrain_us=0 wait_fence_us=2216 acquire_us=0 record_us=55 submit_us=48 present_us=201 terrain_lod=high blend=0.000 quality=中画质 marker=84 npc=56
[2026-08-17T11:13:44Z INFO  steel_front] cam: yaw=0.0 pitch=0.0 dist=3.4 mode=FirstPerson cycle_us=2584 update_us=26 render_us=2557
[2026-08-17T11:13:45Z INFO  steel_front::engine::game] ai: npcs=8 near=8 far=0 idle=0 patrol=0 chase=0 attack=8 tactics=[8, 0, 0, 0, 0, 0, 0, 0]
[2026-08-17T11:13:45Z INFO  steel_front::engine::game] game: wave=1 enemies=8 enemy_hp=100 hp=100/100 score=0 phys_us=2 ai_us=477 audio_us=25 net_us=0
[2026-08-17T11:13:45Z INFO  steel_front::engine::renderer] visible=65536/65536 near=65536 far=0 fps=367.6 frame_us=2443 cull_us=0 terrain_us=0 wait_fence_us=2035 acquire_us=1 record_us=52 submit_us=57 present_us=263 terrain_lod=high blend=0.000 quality=中画质 marker=84 npc=56
[2026-08-17T11:13:45Z INFO  steel_front] size diag: window_inner=2560x1600 hud=2560x1600
[2026-08-17T11:13:45Z INFO  steel_front] size diag: window_inner=2560x1600 hud=2560x1600
[2026-08-17T11:13:45Z INFO  steel_front] size diag: window_inner=2560x1600 hud=2560x1600
[2026-08-17T11:13:45Z INFO  steel_front] size diag: window_inner=2560x1600 hud=2560x1600
[2026-08-17T11:13:45Z INFO  steel_front] size diag: window_inner=2560x1600 hud=2560x1600
[2026-08-17T11:13:45Z INFO  steel_front] size diag: window_inner=2560x1600 hud=2560x1600
[2026-08-17T11:13:45Z INFO  steel_front] size diag: window_inner=2560x1600 hud=2560x1600
[2026-08-17T11:13:45Z INFO  steel_front] size diag: window_inner=2560x1600 hud=2560x1600
[2026-08-17T11:13:45Z INFO  steel_front] size diag: window_inner=2560x1600 hud=2560x1600
[2026-08-17T11:13:45Z INFO  steel_front] size diag: window_inner=2560x1600 hud=2560x1600
[2026-08-17T11:13:45Z INFO  steel_front] size diag: window_inner=2560x1600 hud=2560x1600
[2026-08-17T11:13:45Z INFO  steel_front] size diag: window_inner=2560x1600 hud=2560x1600
[2026-08-17T11:13:45Z INFO  steel_front] size diag: window_inner=2560x1600 hud=2560x1600
[2026-08-17T11:13:45Z INFO  steel_front] size diag: window_inner=2560x1600 hud=2560x1600
[2026-08-17T11:13:45Z INFO  steel_front] size diag: window_inner=2560x1600 hud=2560x1600
[2026-08-17T11:13:45Z INFO  steel_front] size diag: window_inner=2560x1600 hud=2560x1600
[2026-08-17T11:13:45Z INFO  steel_front] size diag: window_inner=2560x1600 hud=2560x1600
[2026-08-17T11:13:45Z INFO  steel_front] size diag: window_inner=2560x1600 hud=2560x1600
[2026-08-17T11:13:45Z INFO  steel_front] size diag: window_inner=2560x1600 hud=2560x1600
[2026-08-17T11:13:45Z INFO  steel_front] cam: yaw=0.0 pitch=0.0 dist=3.4 mode=FirstPerson cycle_us=2407 update_us=38 render_us=2369
[2026-08-17T11:13:46Z INFO  steel_front::engine::game] ai: npcs=8 near=8 far=0 idle=0 patrol=0 chase=0 attack=8 tactics=[8, 0, 0, 0, 0, 0, 0, 0]
[2026-08-17T11:13:46Z INFO  steel_front::engine::game] game: wave=1 enemies=8 enemy_hp=100 hp=100/100 score=0 phys_us=1 ai_us=803 audio_us=25 net_us=0
[2026-08-17T11:13:46Z INFO  steel_front::engine::renderer] visible=65536/65536 near=65536 far=0 fps=367.8 frame_us=2687 cull_us=0 terrain_us=0 wait_fence_us=1866 acquire_us=0 record_us=58 submit_us=75 present_us=220 terrain_lod=high blend=0.000 quality=中画质 marker=84 npc=56
[2026-08-17T11:13:46Z INFO  steel_front] cam: yaw=0.0 pitch=0.0 dist=3.4 mode=FirstPerson cycle_us=3191 update_us=23 render_us=3167
[2026-08-17T11:13:47Z INFO  steel_front::engine::game] ai: npcs=8 near=8 far=0 idle=0 patrol=0 chase=0 attack=8 tactics=[8, 0, 0, 0, 0, 0, 0, 0]
[2026-08-17T11:13:47Z INFO  steel_front::engine::game] game: wave=1 enemies=8 enemy_hp=100 hp=100/100 score=0 phys_us=2 ai_us=494 audio_us=12 net_us=0
[2026-08-17T11:13:47Z INFO  steel_front::engine::renderer] visible=65536/65536 near=65536 far=0 fps=369.2 frame_us=2191 cull_us=1 terrain_us=0 wait_fence_us=1772 acquire_us=1 record_us=53 submit_us=53 present_us=212 terrain_lod=high blend=0.000 quality=中画质 marker=84 npc=56
[2026-08-17T11:13:47Z INFO  steel_front] cam: yaw=0.0 pitch=0.0 dist=3.4 mode=FirstPerson cycle_us=2346 update_us=43 render_us=2303
[2026-08-17T11:13:48Z INFO  steel_front::engine::game] ai: npcs=8 near=8 far=0 idle=0 patrol=0 chase=0 attack=8 tactics=[8, 0, 0, 0, 0, 0, 0, 0]
[2026-08-17T11:13:48Z INFO  steel_front::engine::game] game: wave=1 enemies=8 enemy_hp=100 hp=100/100 score=0 phys_us=4 ai_us=1050 audio_us=24 net_us=0
[2026-08-17T11:13:48Z INFO  steel_front::engine::renderer] visible=65536/65536 near=65536 far=0 fps=368.8 frame_us=2104 cull_us=1 terrain_us=0 wait_fence_us=2247 acquire_us=1 record_us=137 submit_us=30 present_us=122 terrain_lod=high blend=0.000 quality=中画质 marker=84 npc=56
[2026-08-17T11:13:48Z INFO  steel_front] cam: yaw=0.0 pitch=0.0 dist=3.4 mode=FirstPerson cycle_us=2713 update_us=27 render_us=2686
[2026-08-17T11:13:49Z INFO  steel_front::engine::game] ai: npcs=8 near=8 far=0 idle=0 patrol=0 chase=0 attack=8 tactics=[8, 0, 0, 0, 0, 0, 0, 0]
[2026-08-17T11:13:49Z INFO  steel_front::engine::game] game: wave=1 enemies=8 enemy_hp=100 hp=100/100 score=0 phys_us=2 ai_us=477 audio_us=16 net_us=0
[2026-08-17T11:13:49Z INFO  steel_front::engine::renderer] visible=65536/65536 near=65536 far=0 fps=367.1 frame_us=2736 cull_us=0 terrain_us=0 wait_fence_us=1781 acquire_us=1 record_us=65 submit_us=100 present_us=390 terrain_lod=high blend=0.000 quality=中画质 marker=84 npc=56
[2026-08-17T11:13:49Z INFO  steel_front] cam: yaw=0.0 pitch=0.0 dist=3.4 mode=FirstPerson cycle_us=3042 update_us=26 render_us=3015
[2026-08-17T11:13:50Z INFO  steel_front::engine::game] ai: npcs=8 near=8 far=0 idle=0 patrol=0 chase=0 attack=8 tactics=[8, 0, 0, 0, 0, 0, 0, 0]
[2026-08-17T11:13:50Z INFO  steel_front::engine::game] game: wave=1 enemies=8 enemy_hp=100 hp=100/100 score=0 phys_us=2 ai_us=473 audio_us=12 net_us=0
[2026-08-17T11:13:50Z INFO  steel_front::engine::renderer] visible=65536/65536 near=65536 far=0 fps=369.6 frame_us=2408 cull_us=0 terrain_us=0 wait_fence_us=1721 acquire_us=1 record_us=51 submit_us=43 present_us=215 terrain_lod=high blend=0.000 quality=中画质 marker=84 npc=56
[2026-08-17T11:13:50Z INFO  steel_front] size diag: window_inner=2560x1600 hud=2560x1600
[2026-08-17T11:13:50Z INFO  steel_front] size diag: window_inner=2560x1600 hud=2560x1600
[2026-08-17T11:13:50Z INFO  steel_front] size diag: window_inner=2560x1600 hud=2560x1600
[2026-08-17T11:13:50Z INFO  steel_front] size diag: window_inner=2560x1600 hud=2560x1600
[2026-08-17T11:13:50Z INFO  steel_front] size diag: window_inner=2560x1600 hud=2560x1600
[2026-08-17T11:13:50Z INFO  steel_front] size diag: window_inner=2560x1600 hud=2560x1600
[2026-08-17T11:13:50Z INFO  steel_front] size diag: window_inner=2560x1600 hud=2560x1600
[2026-08-17T11:13:50Z INFO  steel_front] size diag: window_inner=2560x1600 hud=2560x1600
[2026-08-17T11:13:50Z INFO  steel_front] size diag: window_inner=2560x1600 hud=2560x1600
[2026-08-17T11:13:50Z INFO  steel_front] size diag: window_inner=2560x1600 hud=2560x1600
[2026-08-17T11:13:50Z INFO  steel_front] size diag: window_inner=2560x1600 hud=2560x1600
[2026-08-17T11:13:50Z INFO  steel_front] size diag: window_inner=2560x1600 hud=2560x1600
[2026-08-17T11:13:50Z INFO  steel_front] size diag: window_inner=2560x1600 hud=2560x1600
[2026-08-17T11:13:50Z INFO  steel_front] size diag: window_inner=2560x1600 hud=2560x1600
[2026-08-17T11:13:50Z INFO  steel_front] size diag: window_inner=2560x1600 hud=2560x1600
[2026-08-17T11:13:50Z INFO  steel_front] size diag: window_inner=2560x1600 hud=2560x1600
[2026-08-17T11:13:50Z INFO  steel_front] size diag: window_inner=2560x1600 hud=2560x1600
[2026-08-17T11:13:50Z INFO  steel_front] size diag: window_inner=2560x1600 hud=2560x1600
[2026-08-17T11:13:50Z INFO  steel_front] cam: yaw=0.0 pitch=0.0 dist=3.4 mode=FirstPerson cycle_us=2679 update_us=28 render_us=2650
[2026-08-17T11:13:51Z INFO  steel_front::engine::game] ai: npcs=8 near=8 far=0 idle=0 patrol=0 chase=0 attack=8 tactics=[8, 0, 0, 0, 0, 0, 0, 0]
[2026-08-17T11:13:51Z INFO  steel_front::engine::game] game: wave=1 enemies=8 enemy_hp=100 hp=100/100 score=0 phys_us=2 ai_us=452 audio_us=14 net_us=0
[2026-08-17T11:13:51Z INFO  steel_front::engine::renderer] visible=65536/65536 near=65536 far=0 fps=371.3 frame_us=1947 cull_us=0 terrain_us=0 wait_fence_us=2419 acquire_us=0 record_us=28 submit_us=60 present_us=119 terrain_lod=high blend=0.000 quality=中画质 marker=84 npc=56
[2026-08-17T11:13:51Z INFO  steel_front] cam: yaw=0.0 pitch=0.0 dist=3.4 mode=FirstPerson cycle_us=2360 update_us=38 render_us=2321
[2026-08-17T11:13:52Z INFO  steel_front::engine::game] ai: npcs=8 near=8 far=0 idle=0 patrol=0 chase=0 attack=8 tactics=[8, 0, 0, 0, 0, 0, 0, 0]
[2026-08-17T11:13:52Z INFO  steel_front::engine::game] game: wave=1 enemies=8 enemy_hp=100 hp=100/100 score=0 phys_us=1 ai_us=482 audio_us=19 net_us=0
[2026-08-17T11:13:52Z INFO  steel_front::engine::renderer] visible=65536/65536 near=65536 far=0 fps=370.8 frame_us=2350 cull_us=0 terrain_us=0 wait_fence_us=2012 acquire_us=1 record_us=52 submit_us=48 present_us=247 terrain_lod=high blend=0.000 quality=中画质 marker=84 npc=56
[2026-08-17T11:13:52Z INFO  steel_front] cam: yaw=0.0 pitch=0.0 dist=3.4 mode=FirstPerson cycle_us=2898 update_us=86 render_us=2812
[2026-08-17T11:13:53Z INFO  steel_front::engine::game] ai: npcs=8 near=8 far=0 idle=0 patrol=0 chase=0 attack=8 tactics=[8, 0, 0, 0, 0, 0, 0, 0]
[2026-08-17T11:13:53Z INFO  steel_front::engine::game] game: wave=1 enemies=8 enemy_hp=100 hp=100/100 score=0 phys_us=1 ai_us=406 audio_us=28 net_us=0
[2026-08-17T11:13:53Z INFO  steel_front::engine::renderer] visible=65536/65536 near=65536 far=0 fps=368.6 frame_us=2106 cull_us=0 terrain_us=0 wait_fence_us=2185 acquire_us=0 record_us=30 submit_us=30 present_us=126 terrain_lod=high blend=0.000 quality=中画质 marker=84 npc=56
[2026-08-17T11:13:53Z INFO  steel_front] cam: yaw=0.0 pitch=0.0 dist=3.4 mode=FirstPerson cycle_us=2774 update_us=40 render_us=2733
[2026-08-17T11:13:54Z INFO  steel_front::engine::game] ai: npcs=8 near=8 far=0 idle=0 patrol=0 chase=0 attack=8 tactics=[8, 0, 0, 0, 0, 0, 0, 0]
[2026-08-17T11:13:54Z INFO  steel_front::engine::game] game: wave=1 enemies=8 enemy_hp=100 hp=100/100 score=0 phys_us=2 ai_us=501 audio_us=29 net_us=0
[2026-08-17T11:13:54Z INFO  steel_front::engine::renderer] visible=65536/65536 near=65536 far=0 fps=370.5 frame_us=2397 cull_us=1 terrain_us=0 wait_fence_us=1838 acquire_us=1 record_us=54 submit_us=47 present_us=229 terrain_lod=high blend=0.000 quality=中画质 marker=84 npc=56
[2026-08-17T11:13:54Z INFO  steel_front] cam: yaw=0.0 pitch=0.0 dist=3.4 mode=FirstPerson cycle_us=2578 update_us=46 render_us=2532
[2026-08-17T11:13:55Z INFO  steel_front::engine::game] ai: npcs=8 near=8 far=0 idle=0 patrol=0 chase=0 attack=8 tactics=[8, 0, 0, 0, 0, 0, 0, 0]
[2026-08-17T11:13:55Z INFO  steel_front::engine::game] game: wave=1 enemies=8 enemy_hp=100 hp=100/100 score=0 phys_us=2 ai_us=293 audio_us=13 net_us=0
[2026-08-17T11:13:55Z INFO  steel_front::engine::renderer] visible=65536/65536 near=65536 far=0 fps=370.8 frame_us=2286 cull_us=0 terrain_us=0 wait_fence_us=2110 acquire_us=1 record_us=54 submit_us=53 present_us=215 terrain_lod=high blend=0.000 quality=中画质 marker=84 npc=56
[2026-08-17T11:13:55Z INFO  steel_front] size diag: window_inner=2560x1600 hud=2560x1600
[2026-08-17T11:13:55Z INFO  steel_front] size diag: window_inner=2560x1600 hud=2560x1600
[2026-08-17T11:13:55Z INFO  steel_front] size diag: window_inner=2560x1600 hud=2560x1600
[2026-08-17T11:13:55Z INFO  steel_front] size diag: window_inner=2560x1600 hud=2560x1600
[2026-08-17T11:13:55Z INFO  steel_front] size diag: window_inner=2560x1600 hud=2560x1600
[2026-08-17T11:13:55Z INFO  steel_front] size diag: window_inner=2560x1600 hud=2560x1600
[2026-08-17T11:13:55Z INFO  steel_front] size diag: window_inner=2560x1600 hud=2560x1600
[2026-08-17T11:13:55Z INFO  steel_front] size diag: window_inner=2560x1600 hud=2560x1600
[2026-08-17T11:13:55Z INFO  steel_front] size diag: window_inner=2560x1600 hud=2560x1600
[2026-08-17T11:13:55Z INFO  steel_front] size diag: window_inner=2560x1600 hud=2560x1600
[2026-08-17T11:13:55Z INFO  steel_front] size diag: window_inner=2560x1600 hud=2560x1600
[2026-08-17T11:13:55Z INFO  steel_front] size diag: window_inner=2560x1600 hud=2560x1600
[2026-08-17T11:13:55Z INFO  steel_front] size diag: window_inner=2560x1600 hud=2560x1600
[2026-08-17T11:13:55Z INFO  steel_front] size diag: window_inner=2560x1600 hud=2560x1600
[2026-08-17T11:13:55Z INFO  steel_front] size diag: window_inner=2560x1600 hud=2560x1600
[2026-08-17T11:13:55Z INFO  steel_front] size diag: window_inner=2560x1600 hud=2560x1600
[2026-08-17T11:13:55Z INFO  steel_front] size diag: window_inner=2560x1600 hud=2560x1600
[2026-08-17T11:13:55Z INFO  steel_front] size diag: window_inner=2560x1600 hud=2560x1600
[2026-08-17T11:13:55Z INFO  steel_front] cam: yaw=0.0 pitch=0.0 dist=3.4 mode=FirstPerson cycle_us=3124 update_us=25 render_us=3099
[2026-08-17T11:13:56Z INFO  steel_front::engine::game] ai: npcs=8 near=8 far=0 idle=0 patrol=0 chase=0 attack=8 tactics=[8, 0, 0, 0, 0, 0, 0, 0]
[2026-08-17T11:13:56Z INFO  steel_front::engine::game] game: wave=1 enemies=8 enemy_hp=100 hp=100/100 score=0 phys_us=2 ai_us=471 audio_us=14 net_us=0
[2026-08-17T11:13:56Z INFO  steel_front::engine::renderer] visible=65536/65536 near=65536 far=0 fps=366.9 frame_us=2367 cull_us=0 terrain_us=0 wait_fence_us=2036 acquire_us=0 record_us=52 submit_us=55 present_us=212 terrain_lod=high blend=0.000 quality=中画质 marker=84 npc=56
[2026-08-17T11:13:56Z INFO  steel_front] cam: yaw=0.0 pitch=0.0 dist=3.4 mode=FirstPerson cycle_us=2806 update_us=33 render_us=2773
[2026-08-17T11:13:57Z INFO  steel_front::engine::game] ai: npcs=8 near=8 far=0 idle=0 patrol=0 chase=0 attack=8 tactics=[8, 0, 0, 0, 0, 0, 0, 0]
[2026-08-17T11:13:57Z INFO  steel_front::engine::game] game: wave=1 enemies=8 enemy_hp=100 hp=100/100 score=0 phys_us=3 ai_us=398 audio_us=29 net_us=0
[2026-08-17T11:13:57Z INFO  steel_front::engine::renderer] visible=65536/65536 near=65536 far=0 fps=369.0 frame_us=2165 cull_us=0 terrain_us=0 wait_fence_us=2264 acquire_us=1 record_us=35 submit_us=36 present_us=143 terrain_lod=high blend=0.000 quality=中画质 marker=84 npc=56
[2026-08-17T11:13:57Z INFO  steel_front] cam: yaw=0.0 pitch=0.0 dist=3.4 mode=FirstPerson cycle_us=2522 update_us=30 render_us=2491
[2026-08-17T11:13:58Z INFO  steel_front::engine::game] ai: npcs=8 near=8 far=0 idle=0 patrol=0 chase=0 attack=8 tactics=[8, 0, 0, 0, 0, 0, 0, 0]
[2026-08-17T11:13:58Z INFO  steel_front::engine::game] game: wave=1 enemies=8 enemy_hp=100 hp=100/100 score=0 phys_us=2 ai_us=479 audio_us=27 net_us=0
[2026-08-17T11:13:58Z INFO  steel_front::engine::renderer] visible=65536/65536 near=65536 far=0 fps=368.9 frame_us=2026 cull_us=1 terrain_us=0 wait_fence_us=2631 acquire_us=1 record_us=35 submit_us=38 present_us=137 terrain_lod=high blend=0.000 quality=中画质 marker=84 npc=56
[2026-08-17T11:13:58Z INFO  steel_front] cam: yaw=0.0 pitch=0.0 dist=3.4 mode=FirstPerson cycle_us=2924 update_us=22 render_us=2902
[2026-08-17T11:13:59Z INFO  steel_front::engine::game] ai: npcs=8 near=8 far=0 idle=0 patrol=0 chase=0 attack=8 tactics=[8, 0, 0, 0, 0, 0, 0, 0]
[2026-08-17T11:13:59Z INFO  steel_front::engine::game] game: wave=1 enemies=8 enemy_hp=100 hp=100/100 score=0 phys_us=2 ai_us=463 audio_us=28 net_us=0
[2026-08-17T11:13:59Z INFO  steel_front::engine::renderer] visible=65536/65536 near=65536 far=0 fps=371.2 frame_us=2497 cull_us=1 terrain_us=0 wait_fence_us=1857 acquire_us=1 record_us=100 submit_us=44 present_us=234 terrain_lod=high blend=0.000 quality=中画质 marker=84 npc=56
[2026-08-17T11:13:59Z INFO  steel_front] cam: yaw=0.0 pitch=0.0 dist=3.4 mode=FirstPerson cycle_us=2359 update_us=40 render_us=2319
[2026-08-17T11:14:00Z INFO  steel_front::engine::game] ai: npcs=8 near=8 far=0 idle=0 patrol=0 chase=0 attack=8 tactics=[8, 0, 0, 0, 0, 0, 0, 0]
[2026-08-17T11:14:00Z INFO  steel_front::engine::game] game: wave=1 enemies=8 enemy_hp=100 hp=100/100 score=0 phys_us=2 ai_us=204 audio_us=16 net_us=0
[2026-08-17T11:14:00Z INFO  steel_front::engine::renderer] visible=65536/65536 near=65536 far=0 fps=367.6 frame_us=2018 cull_us=0 terrain_us=0 wait_fence_us=2323 acquire_us=1 record_us=30 submit_us=34 present_us=137 terrain_lod=high blend=0.000 quality=中画质 marker=84 npc=56
[2026-08-17T11:14:00Z INFO  steel_front] size diag: window_inner=2560x1600 hud=2560x1600
[2026-08-17T11:14:00Z INFO  steel_front] size diag: window_inner=2560x1600 hud=2560x1600
[2026-08-17T11:14:00Z INFO  steel_front] size diag: window_inner=2560x1600 hud=2560x1600
[2026-08-17T11:14:00Z INFO  steel_front] size diag: window_inner=2560x1600 hud=2560x1600
[2026-08-17T11:14:00Z INFO  steel_front] size diag: window_inner=2560x1600 hud=2560x1600
[2026-08-17T11:14:00Z INFO  steel_front] size diag: window_inner=2560x1600 hud=2560x1600
[2026-08-17T11:14:00Z INFO  steel_front] size diag: window_inner=2560x1600 hud=2560x1600
[2026-08-17T11:14:00Z INFO  steel_front] size diag: window_inner=2560x1600 hud=2560x1600
[2026-08-17T11:14:00Z INFO  steel_front] size diag: window_inner=2560x1600 hud=2560x1600
[2026-08-17T11:14:00Z INFO  steel_front] size diag: window_inner=2560x1600 hud=2560x1600
[2026-08-17T11:14:00Z INFO  steel_front] size diag: window_inner=2560x1600 hud=2560x1600
[2026-08-17T11:14:00Z INFO  steel_front] size diag: window_inner=2560x1600 hud=2560x1600
[2026-08-17T11:14:00Z INFO  steel_front] size diag: window_inner=2560x1600 hud=2560x1600
[2026-08-17T11:14:00Z INFO  steel_front] size diag: window_inner=2560x1600 hud=2560x1600
[2026-08-17T11:14:00Z INFO  steel_front] size diag: window_inner=2560x1600 hud=2560x1600
[2026-08-17T11:14:00Z INFO  steel_front] size diag: window_inner=2560x1600 hud=2560x1600
[2026-08-17T11:14:00Z INFO  steel_front] size diag: window_inner=2560x1600 hud=2560x1600
[2026-08-17T11:14:00Z INFO  steel_front] size diag: window_inner=2560x1600 hud=2560x1600
[2026-08-17T11:14:00Z INFO  steel_front] size diag: window_inner=2560x1600 hud=2560x1600
[2026-08-17T11:14:00Z INFO  steel_front] cam: yaw=0.0 pitch=0.0 dist=3.4 mode=FirstPerson cycle_us=2350 update_us=38 render_us=2312
[2026-08-17T11:14:01Z INFO  steel_front::engine::game] ai: npcs=8 near=8 far=0 idle=0 patrol=0 chase=0 attack=8 tactics=[8, 0, 0, 0, 0, 0, 0, 0]
[2026-08-17T11:14:01Z INFO  steel_front::engine::game] game: wave=1 enemies=8 enemy_hp=100 hp=100/100 score=0 phys_us=1 ai_us=525 audio_us=23 net_us=0
[2026-08-17T11:14:01Z INFO  steel_front::engine::renderer] visible=65536/65536 near=65536 far=0 fps=369.1 frame_us=3779 cull_us=1 terrain_us=0 wait_fence_us=3278 acquire_us=1 record_us=54 submit_us=59 present_us=265 terrain_lod=high blend=0.000 quality=中画质 marker=82 npc=56
[2026-08-17T11:14:01Z INFO  steel_front] cam: yaw=0.0 pitch=0.0 dist=3.4 mode=FirstPerson cycle_us=2595 update_us=21 render_us=2573
[2026-08-17T11:14:02Z INFO  steel_front::engine::game] ai: npcs=8 near=8 far=0 idle=0 patrol=0 chase=0 attack=8 tactics=[8, 0, 0, 0, 0, 0, 0, 0]
[2026-08-17T11:14:02Z INFO  steel_front::engine::game] game: wave=1 enemies=8 enemy_hp=100 hp=100/100 score=0 phys_us=1 ai_us=487 audio_us=24 net_us=0
[2026-08-17T11:14:02Z INFO  steel_front::engine::renderer] visible=65536/65536 near=65536 far=0 fps=369.8 frame_us=4567 cull_us=1 terrain_us=0 wait_fence_us=1567 acquire_us=1 record_us=53 submit_us=67 present_us=518 terrain_lod=high blend=0.000 quality=中画质 marker=82 npc=56
[2026-08-17T11:14:02Z INFO  steel_front] cam: yaw=0.0 pitch=0.0 dist=3.4 mode=FirstPerson cycle_us=2949 update_us=22 render_us=2927
[2026-08-17T11:14:03Z INFO  steel_front::engine::game] ai: npcs=8 near=8 far=0 idle=0 patrol=0 chase=0 attack=8 tactics=[8, 0, 0, 0, 0, 0, 0, 0]
[2026-08-17T11:14:03Z INFO  steel_front::engine::game] game: wave=1 enemies=8 enemy_hp=100 hp=100/100 score=0 phys_us=4 ai_us=515 audio_us=26 net_us=0
[2026-08-17T11:14:03Z INFO  steel_front::engine::renderer] visible=65536/65536 near=65536 far=0 fps=363.0 frame_us=2070 cull_us=0 terrain_us=0 wait_fence_us=2284 acquire_us=1 record_us=76 submit_us=26 present_us=126 terrain_lod=high blend=0.000 quality=中画质 marker=84 npc=56
[2026-08-17T11:14:03Z INFO  steel_front] cam: yaw=0.0 pitch=0.0 dist=3.4 mode=FirstPerson cycle_us=3042 update_us=40 render_us=3001
[2026-08-17T11:14:04Z INFO  steel_front::engine::game] ai: npcs=8 near=8 far=0 idle=0 patrol=0 chase=0 attack=8 tactics=[8, 0, 0, 0, 0, 0, 0, 0]
[2026-08-17T11:14:04Z INFO  steel_front::engine::game] game: wave=1 enemies=8 enemy_hp=100 hp=100/100 score=0 phys_us=2 ai_us=459 audio_us=26 net_us=0
[2026-08-17T11:14:04Z INFO  steel_front::engine::renderer] visible=65536/65536 near=65536 far=0 fps=369.3 frame_us=2595 cull_us=0 terrain_us=0 wait_fence_us=1810 acquire_us=1 record_us=53 submit_us=80 present_us=233 terrain_lod=high blend=0.000 quality=中画质 marker=84 npc=56
[2026-08-17T11:14:04Z INFO  steel_front] cam: yaw=0.0 pitch=0.0 dist=3.4 mode=FirstPerson cycle_us=2740 update_us=22 render_us=2717
[2026-08-17T11:14:05Z INFO  steel_front::engine::game] ai: npcs=8 near=8 far=0 idle=0 patrol=0 chase=0 attack=8 tactics=[8, 0, 0, 0, 0, 0, 0, 0]
[2026-08-17T11:14:05Z INFO  steel_front::engine::game] game: wave=1 enemies=8 enemy_hp=100 hp=100/100 score=0 phys_us=4 ai_us=358 audio_us=25 net_us=0
[2026-08-17T11:14:05Z INFO  steel_front::engine::renderer] visible=65536/65536 near=65536 far=0 fps=368.6 frame_us=2480 cull_us=0 terrain_us=0 wait_fence_us=1748 acquire_us=0 record_us=53 submit_us=52 present_us=215 terrain_lod=high blend=0.000 quality=中画质 marker=84 npc=56
[2026-08-17T11:14:05Z INFO  steel_front] size diag: window_inner=2560x1600 hud=2560x1600
[2026-08-17T11:14:05Z INFO  steel_front] size diag: window_inner=2560x1600 hud=2560x1600
[2026-08-17T11:14:05Z INFO  steel_front] size diag: window_inner=2560x1600 hud=2560x1600
[2026-08-17T11:14:05Z INFO  steel_front] size diag: window_inner=2560x1600 hud=2560x1600
[2026-08-17T11:14:05Z INFO  steel_front] size diag: window_inner=2560x1600 hud=2560x1600
[2026-08-17T11:14:05Z INFO  steel_front] size diag: window_inner=2560x1600 hud=2560x1600
[2026-08-17T11:14:05Z INFO  steel_front] size diag: window_inner=2560x1600 hud=2560x1600
[2026-08-17T11:14:05Z INFO  steel_front] size diag: window_inner=2560x1600 hud=2560x1600
[2026-08-17T11:14:05Z INFO  steel_front] size diag: window_inner=2560x1600 hud=2560x1600
[2026-08-17T11:14:05Z INFO  steel_front] size diag: window_inner=2560x1600 hud=2560x1600
[2026-08-17T11:14:05Z INFO  steel_front] size diag: window_inner=2560x1600 hud=2560x1600
[2026-08-17T11:14:05Z INFO  steel_front] size diag: window_inner=2560x1600 hud=2560x1600
[2026-08-17T11:14:05Z INFO  steel_front] size diag: window_inner=2560x1600 hud=2560x1600
[2026-08-17T11:14:05Z INFO  steel_front] size diag: window_inner=2560x1600 hud=2560x1600
[2026-08-17T11:14:05Z INFO  steel_front] size diag: window_inner=2560x1600 hud=2560x1600
[2026-08-17T11:14:05Z INFO  steel_front] size diag: window_inner=2560x1600 hud=2560x1600
[2026-08-17T11:14:05Z INFO  steel_front] size diag: window_inner=2560x1600 hud=2560x1600
[2026-08-17T11:14:05Z INFO  steel_front] size diag: window_inner=2560x1600 hud=2560x1600
[2026-08-17T11:14:05Z INFO  steel_front] size diag: window_inner=2560x1600 hud=2560x1600
[2026-08-17T11:14:05Z INFO  steel_front] cam: yaw=0.0 pitch=0.0 dist=3.4 mode=FirstPerson cycle_us=2448 update_us=39 render_us=2408
[2026-08-17T11:14:06Z INFO  steel_front::engine::game] ai: npcs=8 near=8 far=0 idle=0 patrol=0 chase=0 attack=8 tactics=[8, 0, 0, 0, 0, 0, 0, 0]
[2026-08-17T11:14:06Z INFO  steel_front::engine::game] game: wave=1 enemies=8 enemy_hp=100 hp=100/100 score=0 phys_us=2 ai_us=430 audio_us=24 net_us=0
[2026-08-17T11:14:06Z INFO  steel_front::engine::renderer] visible=65536/65536 near=65536 far=0 fps=370.9 frame_us=2453 cull_us=0 terrain_us=0 wait_fence_us=1986 acquire_us=0 record_us=37 submit_us=40 present_us=207 terrain_lod=high blend=0.000 quality=中画质 marker=84 npc=56
[2026-08-17T11:14:06Z INFO  steel_front] cam: yaw=0.0 pitch=0.0 dist=3.4 mode=FirstPerson cycle_us=2499 update_us=42 render_us=2456
[2026-08-17T11:14:07Z INFO  steel_front::engine::game] ai: npcs=8 near=8 far=0 idle=0 patrol=0 chase=0 attack=8 tactics=[8, 0, 0, 0, 0, 0, 0, 0]
[2026-08-17T11:14:07Z INFO  steel_front::engine::game] game: wave=1 enemies=8 enemy_hp=100 hp=100/100 score=0 phys_us=1 ai_us=507 audio_us=28 net_us=0
[2026-08-17T11:14:07Z INFO  steel_front::engine::renderer] visible=65536/65536 near=65536 far=0 fps=370.8 frame_us=2345 cull_us=0 terrain_us=0 wait_fence_us=1766 acquire_us=1 record_us=22 submit_us=45 present_us=210 terrain_lod=high blend=0.000 quality=中画质 marker=84 npc=56
[2026-08-17T11:14:07Z INFO  steel_front] cam: yaw=0.0 pitch=0.0 dist=3.4 mode=FirstPerson cycle_us=2870 update_us=35 render_us=2834
[2026-08-17T11:14:08Z INFO  steel_front::engine::game] ai: npcs=8 near=8 far=0 idle=0 patrol=0 chase=0 attack=8 tactics=[8, 0, 0, 0, 0, 0, 0, 0]
[2026-08-17T11:14:08Z INFO  steel_front::engine::game] game: wave=1 enemies=8 enemy_hp=100 hp=100/100 score=0 phys_us=1 ai_us=488 audio_us=15 net_us=0
[2026-08-17T11:14:08Z INFO  steel_front::engine::renderer] visible=65536/65536 near=65536 far=0 fps=372.0 frame_us=2128 cull_us=0 terrain_us=0 wait_fence_us=2115 acquire_us=1 record_us=41 submit_us=32 present_us=268 terrain_lod=high blend=0.000 quality=中画质 marker=84 npc=56
[2026-08-17T11:14:08Z INFO  steel_front] cam: yaw=0.0 pitch=0.0 dist=3.4 mode=FirstPerson cycle_us=2996 update_us=37 render_us=2958
[2026-08-17T11:14:09Z INFO  steel_front::engine::game] ai: npcs=8 near=8 far=0 idle=0 patrol=0 chase=0 attack=8 tactics=[8, 0, 0, 0, 0, 0, 0, 0]
[2026-08-17T11:14:09Z INFO  steel_front::engine::game] game: wave=1 enemies=8 enemy_hp=100 hp=100/100 score=0 phys_us=2 ai_us=195 audio_us=37 net_us=0
[2026-08-17T11:14:09Z INFO  steel_front::engine::renderer] visible=65536/65536 near=65536 far=0 fps=371.3 frame_us=2418 cull_us=0 terrain_us=0 wait_fence_us=1749 acquire_us=0 record_us=41 submit_us=34 present_us=219 terrain_lod=high blend=0.000 quality=中画质 marker=84 npc=56
[2026-08-17T11:14:09Z INFO  steel_front] cam: yaw=0.0 pitch=0.0 dist=3.4 mode=FirstPerson cycle_us=2777 update_us=22 render_us=2754
[2026-08-17T11:14:10Z INFO  steel_front::engine::game] ai: npcs=8 near=8 far=0 idle=0 patrol=0 chase=0 attack=8 tactics=[8, 0, 0, 0, 0, 0, 0, 0]
[2026-08-17T11:14:10Z INFO  steel_front::engine::game] game: wave=1 enemies=8 enemy_hp=100 hp=100/100 score=0 phys_us=2 ai_us=457 audio_us=24 net_us=0
[2026-08-17T11:14:10Z INFO  steel_front::engine::renderer] visible=65536/65536 near=65536 far=0 fps=369.6 frame_us=1967 cull_us=0 terrain_us=0 wait_fence_us=1726 acquire_us=0 record_us=42 submit_us=32 present_us=161 terrain_lod=high blend=0.000 quality=中画质 marker=84 npc=56
[2026-08-17T11:14:10Z INFO  steel_front] size diag: window_inner=2560x1600 hud=2560x1600
[2026-08-17T11:14:10Z INFO  steel_front] size diag: window_inner=2560x1600 hud=2560x1600
[2026-08-17T11:14:10Z INFO  steel_front] size diag: window_inner=2560x1600 hud=2560x1600
[2026-08-17T11:14:10Z INFO  steel_front] size diag: window_inner=2560x1600 hud=2560x1600
[2026-08-17T11:14:10Z INFO  steel_front] size diag: window_inner=2560x1600 hud=2560x1600
[2026-08-17T11:14:10Z INFO  steel_front] size diag: window_inner=2560x1600 hud=2560x1600
[2026-08-17T11:14:10Z INFO  steel_front] size diag: window_inner=2560x1600 hud=2560x1600
[2026-08-17T11:14:10Z INFO  steel_front] size diag: window_inner=2560x1600 hud=2560x1600
[2026-08-17T11:14:10Z INFO  steel_front] size diag: window_inner=2560x1600 hud=2560x1600
[2026-08-17T11:14:10Z INFO  steel_front] size diag: window_inner=2560x1600 hud=2560x1600
[2026-08-17T11:14:10Z INFO  steel_front] size diag: window_inner=2560x1600 hud=2560x1600
[2026-08-17T11:14:10Z INFO  steel_front] size diag: window_inner=2560x1600 hud=2560x1600
[2026-08-17T11:14:10Z INFO  steel_front] size diag: window_inner=2560x1600 hud=2560x1600
[2026-08-17T11:14:10Z INFO  steel_front] size diag: window_inner=2560x1600 hud=2560x1600
[2026-08-17T11:14:10Z INFO  steel_front] size diag: window_inner=2560x1600 hud=2560x1600
[2026-08-17T11:14:10Z INFO  steel_front] size diag: window_inner=2560x1600 hud=2560x1600
[2026-08-17T11:14:10Z INFO  steel_front] cam: yaw=0.0 pitch=0.0 dist=3.4 mode=FirstPerson cycle_us=2469 update_us=25 render_us=2444
[2026-08-17T11:14:11Z INFO  steel_front::engine::game] ai: npcs=8 near=8 far=0 idle=0 patrol=0 chase=0 attack=8 tactics=[8, 0, 0, 0, 0, 0, 0, 0]
[2026-08-17T11:14:11Z INFO  steel_front::engine::game] game: wave=1 enemies=8 enemy_hp=100 hp=100/100 score=0 phys_us=2 ai_us=412 audio_us=24 net_us=0
[2026-08-17T11:14:11Z INFO  steel_front::engine::renderer] visible=65536/65536 near=65536 far=0 fps=366.4 frame_us=1988 cull_us=0 terrain_us=0 wait_fence_us=2152 acquire_us=0 record_us=41 submit_us=32 present_us=271 terrain_lod=high blend=0.000 quality=中画质 marker=84 npc=56
[2026-08-17T11:14:11Z INFO  steel_front] cam: yaw=0.0 pitch=0.0 dist=3.4 mode=FirstPerson cycle_us=3111 update_us=24 render_us=3087
[2026-08-17T11:14:12Z INFO  steel_front::engine::game] ai: npcs=8 near=8 far=0 idle=0 patrol=0 chase=0 attack=8 tactics=[8, 0, 0, 0, 0, 0, 0, 0]
[2026-08-17T11:14:12Z INFO  steel_front::engine::game] game: wave=1 enemies=8 enemy_hp=100 hp=100/100 score=0 phys_us=1 ai_us=414 audio_us=26 net_us=0
[2026-08-17T11:14:12Z INFO  steel_front::engine::renderer] visible=65536/65536 near=65536 far=0 fps=368.7 frame_us=2334 cull_us=0 terrain_us=0 wait_fence_us=1920 acquire_us=0 record_us=25 submit_us=53 present_us=140 terrain_lod=high blend=0.000 quality=中画质 marker=84 npc=56
[2026-08-17T11:14:12Z INFO  steel_front] cam: yaw=0.0 pitch=0.0 dist=3.4 mode=FirstPerson cycle_us=2888 update_us=35 render_us=2853
[2026-08-17T11:14:13Z INFO  steel_front::engine::game] ai: npcs=8 near=8 far=0 idle=0 patrol=0 chase=0 attack=8 tactics=[8, 0, 0, 0, 0, 0, 0, 0]
[2026-08-17T11:14:13Z INFO  steel_front::engine::game] game: wave=1 enemies=8 enemy_hp=100 hp=100/100 score=0 phys_us=2 ai_us=279 audio_us=13 net_us=0
[2026-08-17T11:14:13Z INFO  steel_front::engine::renderer] visible=65536/65536 near=65536 far=0 fps=371.2 frame_us=3263 cull_us=2 terrain_us=0 wait_fence_us=1705 acquire_us=2 record_us=70 submit_us=77 present_us=641 terrain_lod=high blend=0.000 quality=中画质 marker=84 npc=56
[2026-08-17T11:14:13Z INFO  steel_front] cam: yaw=0.0 pitch=0.0 dist=3.4 mode=FirstPerson cycle_us=2840 update_us=35 render_us=2804
[2026-08-17T11:14:14Z INFO  steel_front::engine::game] ai: npcs=8 near=8 far=0 idle=0 patrol=0 chase=0 attack=8 tactics=[8, 0, 0, 0, 0, 0, 0, 0]
[2026-08-17T11:14:14Z INFO  steel_front::engine::game] game: wave=1 enemies=8 enemy_hp=100 hp=100/100 score=0 phys_us=2 ai_us=455 audio_us=26 net_us=0
[2026-08-17T11:14:14Z INFO  steel_front::engine::renderer] visible=65536/65536 near=65536 far=0 fps=372.1 frame_us=2382 cull_us=0 terrain_us=0 wait_fence_us=2116 acquire_us=1 record_us=46 submit_us=44 present_us=411 terrain_lod=high blend=0.000 quality=中画质 marker=84 npc=56
[2026-08-17T11:14:14Z INFO  steel_front] cam: yaw=0.0 pitch=0.0 dist=3.4 mode=FirstPerson cycle_us=2291 update_us=39 render_us=2251
[2026-08-17T11:14:15Z INFO  steel_front::engine::game] ai: npcs=8 near=8 far=0 idle=0 patrol=0 chase=0 attack=8 tactics=[8, 0, 0, 0, 0, 0, 0, 0]
[2026-08-17T11:14:15Z INFO  steel_front::engine::game] game: wave=1 enemies=8 enemy_hp=100 hp=100/100 score=0 phys_us=2 ai_us=524 audio_us=26 net_us=0
[2026-08-17T11:14:15Z INFO  steel_front::engine::renderer] visible=65536/65536 near=65536 far=0 fps=370.7 frame_us=2528 cull_us=2 terrain_us=0 wait_fence_us=1763 acquire_us=4 record_us=70 submit_us=22 present_us=137 terrain_lod=high blend=0.000 quality=中画质 marker=84 npc=56
[2026-08-17T11:14:15Z INFO  steel_front] size diag: window_inner=2560x1600 hud=2560x1600
[2026-08-17T11:14:15Z INFO  steel_front] size diag: window_inner=2560x1600 hud=2560x1600
[2026-08-17T11:14:15Z INFO  steel_front] size diag: window_inner=2560x1600 hud=2560x1600
[2026-08-17T11:14:15Z INFO  steel_front] size diag: window_inner=2560x1600 hud=2560x1600
[2026-08-17T11:14:15Z INFO  steel_front] size diag: window_inner=2560x1600 hud=2560x1600
[2026-08-17T11:14:15Z INFO  steel_front] size diag: window_inner=2560x1600 hud=2560x1600
[2026-08-17T11:14:15Z INFO  steel_front] size diag: window_inner=2560x1600 hud=2560x1600
[2026-08-17T11:14:15Z INFO  steel_front] size diag: window_inner=2560x1600 hud=2560x1600
[2026-08-17T11:14:15Z INFO  steel_front] size diag: window_inner=2560x1600 hud=2560x1600
[2026-08-17T11:14:15Z INFO  steel_front] size diag: window_inner=2560x1600 hud=2560x1600
[2026-08-17T11:14:15Z INFO  steel_front] size diag: window_inner=2560x1600 hud=2560x1600
[2026-08-17T11:14:15Z INFO  steel_front] size diag: window_inner=2560x1600 hud=2560x1600
[2026-08-17T11:14:15Z INFO  steel_front] size diag: window_inner=2560x1600 hud=2560x1600
[2026-08-17T11:14:15Z INFO  steel_front] size diag: window_inner=2560x1600 hud=2560x1600
[2026-08-17T11:14:15Z INFO  steel_front] size diag: window_inner=2560x1600 hud=2560x1600
[2026-08-17T11:14:15Z INFO  steel_front] size diag: window_inner=2560x1600 hud=2560x1600
[2026-08-17T11:14:15Z INFO  steel_front] size diag: window_inner=2560x1600 hud=2560x1600
[2026-08-17T11:14:15Z INFO  steel_front] size diag: window_inner=2560x1600 hud=2560x1600
[2026-08-17T11:14:15Z INFO  steel_front] size diag: window_inner=2560x1600 hud=2560x1600
[2026-08-17T11:14:15Z INFO  steel_front] cam: yaw=0.0 pitch=0.0 dist=3.4 mode=FirstPerson cycle_us=2553 update_us=21 render_us=2531
[2026-08-17T11:14:16Z INFO  steel_front::engine::game] ai: npcs=8 near=8 far=0 idle=0 patrol=0 chase=0 attack=8 tactics=[8, 0, 0, 0, 0, 0, 0, 0]
[2026-08-17T11:14:16Z INFO  steel_front::engine::game] game: wave=1 enemies=8 enemy_hp=100 hp=100/100 score=0 phys_us=3 ai_us=632 audio_us=27 net_us=0
[2026-08-17T11:14:16Z INFO  steel_front::engine::renderer] visible=65536/65536 near=65536 far=0 fps=369.7 frame_us=2728 cull_us=0 terrain_us=0 wait_fence_us=1773 acquire_us=0 record_us=42 submit_us=35 present_us=222 terrain_lod=high blend=0.000 quality=中画质 marker=84 npc=56
[2026-08-17T11:14:16Z INFO  steel_front] cam: yaw=0.0 pitch=0.0 dist=3.4 mode=FirstPerson cycle_us=2878 update_us=37 render_us=2841
[2026-08-17T11:14:17Z INFO  steel_front::engine::game] ai: npcs=8 near=8 far=0 idle=0 patrol=0 chase=0 attack=8 tactics=[8, 0, 0, 0, 0, 0, 0, 0]
[2026-08-17T11:14:17Z INFO  steel_front::engine::game] game: wave=1 enemies=8 enemy_hp=100 hp=100/100 score=0 phys_us=2 ai_us=496 audio_us=25 net_us=0
[2026-08-17T11:14:17Z INFO  steel_front::engine::renderer] visible=65536/65536 near=65536 far=0 fps=372.4 frame_us=2132 cull_us=0 terrain_us=0 wait_fence_us=2089 acquire_us=0 record_us=41 submit_us=31 present_us=209 terrain_lod=high blend=0.000 quality=中画质 marker=84 npc=56
[2026-08-17T11:14:17Z INFO  steel_front] cam: yaw=0.0 pitch=0.0 dist=3.4 mode=FirstPerson cycle_us=2846 update_us=37 render_us=2808
[2026-08-17T11:14:18Z INFO  steel_front::engine::game] ai: npcs=8 near=8 far=0 idle=0 patrol=0 chase=0 attack=8 tactics=[8, 0, 0, 0, 0, 0, 0, 0]
[2026-08-17T11:14:18Z INFO  steel_front::engine::game] game: wave=1 enemies=8 enemy_hp=100 hp=100/100 score=0 phys_us=2 ai_us=466 audio_us=32 net_us=0
[2026-08-17T11:14:18Z INFO  steel_front::engine::renderer] visible=65536/65536 near=65536 far=0 fps=371.2 frame_us=2372 cull_us=0 terrain_us=0 wait_fence_us=1760 acquire_us=1 record_us=44 submit_us=32 present_us=209 terrain_lod=high blend=0.000 quality=中画质 marker=84 npc=56
[2026-08-17T11:14:18Z INFO  steel_front] cam: yaw=0.0 pitch=0.0 dist=3.4 mode=FirstPerson cycle_us=2444 update_us=42 render_us=2401
[2026-08-17T11:14:19Z INFO  steel_front::engine::game] ai: npcs=8 near=8 far=0 idle=0 patrol=0 chase=0 attack=8 tactics=[8, 0, 0, 0, 0, 0, 0, 0]
[2026-08-17T11:14:19Z INFO  steel_front::engine::game] game: wave=1 enemies=8 enemy_hp=100 hp=100/100 score=0 phys_us=2 ai_us=457 audio_us=27 net_us=0
[2026-08-17T11:14:19Z INFO  steel_front::engine::renderer] visible=65536/65536 near=65536 far=0 fps=372.0 frame_us=2397 cull_us=1 terrain_us=0 wait_fence_us=2062 acquire_us=1 record_us=23 submit_us=38 present_us=133 terrain_lod=high blend=0.000 quality=中画质 marker=84 npc=56
[2026-08-17T11:14:19Z INFO  steel_front] cam: yaw=0.0 pitch=0.0 dist=3.4 mode=FirstPerson cycle_us=2593 update_us=34 render_us=2558
[2026-08-17T11:14:20Z INFO  steel_front::engine::game] ai: npcs=8 near=8 far=0 idle=0 patrol=0 chase=0 attack=8 tactics=[8, 0, 0, 0, 0, 0, 0, 0]
[2026-08-17T11:14:20Z INFO  steel_front::engine::game] game: wave=1 enemies=8 enemy_hp=100 hp=100/100 score=0 phys_us=1 ai_us=454 audio_us=26 net_us=0
[2026-08-17T11:14:20Z INFO  steel_front::engine::renderer] visible=65536/65536 near=65536 far=0 fps=371.9 frame_us=2558 cull_us=0 terrain_us=0 wait_fence_us=1799 acquire_us=0 record_us=42 submit_us=36 present_us=208 terrain_lod=high blend=0.000 quality=中画质 marker=84 npc=56
[2026-08-17T11:14:20Z INFO  steel_front] size diag: window_inner=2560x1600 hud=2560x1600
[2026-08-17T11:14:20Z INFO  steel_front] size diag: window_inner=2560x1600 hud=2560x1600
[2026-08-17T11:14:20Z INFO  steel_front] size diag: window_inner=2560x1600 hud=2560x1600
[2026-08-17T11:14:20Z INFO  steel_front] size diag: window_inner=2560x1600 hud=2560x1600
[2026-08-17T11:14:20Z INFO  steel_front] size diag: window_inner=2560x1600 hud=2560x1600
[2026-08-17T11:14:20Z INFO  steel_front] size diag: window_inner=2560x1600 hud=2560x1600
[2026-08-17T11:14:20Z INFO  steel_front] size diag: window_inner=2560x1600 hud=2560x1600
[2026-08-17T11:14:20Z INFO  steel_front] size diag: window_inner=2560x1600 hud=2560x1600
[2026-08-17T11:14:20Z INFO  steel_front] size diag: window_inner=2560x1600 hud=2560x1600
[2026-08-17T11:14:20Z INFO  steel_front] size diag: window_inner=2560x1600 hud=2560x1600
[2026-08-17T11:14:20Z INFO  steel_front] size diag: window_inner=2560x1600 hud=2560x1600
[2026-08-17T11:14:20Z INFO  steel_front] size diag: window_inner=2560x1600 hud=2560x1600
[2026-08-17T11:14:20Z INFO  steel_front] size diag: window_inner=2560x1600 hud=2560x1600
[2026-08-17T11:14:20Z INFO  steel_front] size diag: window_inner=2560x1600 hud=2560x1600
[2026-08-17T11:14:20Z INFO  steel_front] size diag: window_inner=2560x1600 hud=2560x1600
[2026-08-17T11:14:20Z INFO  steel_front] size diag: window_inner=2560x1600 hud=2560x1600
[2026-08-17T11:14:20Z INFO  steel_front] size diag: window_inner=2560x1600 hud=2560x1600
[2026-08-17T11:14:20Z INFO  steel_front] size diag: window_inner=2560x1600 hud=2560x1600
[2026-08-17T11:14:20Z INFO  steel_front] cam: yaw=0.0 pitch=0.0 dist=3.4 mode=FirstPerson cycle_us=2464 update_us=65 render_us=2398
[2026-08-17T11:14:21Z INFO  steel_front::engine::game] ai: npcs=8 near=8 far=0 idle=0 patrol=0 chase=0 attack=8 tactics=[8, 0, 0, 0, 0, 0, 0, 0]
[2026-08-17T11:14:21Z INFO  steel_front::engine::game] game: wave=1 enemies=8 enemy_hp=100 hp=100/100 score=0 phys_us=2 ai_us=465 audio_us=13 net_us=0
[2026-08-17T11:14:21Z INFO  steel_front::engine::renderer] visible=65536/65536 near=65536 far=0 fps=371.4 frame_us=2116 cull_us=0 terrain_us=0 wait_fence_us=1960 acquire_us=0 record_us=51 submit_us=40 present_us=213 terrain_lod=high blend=0.000 quality=中画质 marker=84 npc=56
[2026-08-17T11:14:21Z INFO  steel_front] cam: yaw=0.0 pitch=0.0 dist=3.4 mode=FirstPerson cycle_us=2596 update_us=37 render_us=2558
[2026-08-17T11:14:22Z INFO  steel_front::engine::game] ai: npcs=8 near=8 far=0 idle=0 patrol=0 chase=0 attack=8 tactics=[8, 0, 0, 0, 0, 0, 0, 0]
[2026-08-17T11:14:22Z INFO  steel_front::engine::game] game: wave=1 enemies=8 enemy_hp=100 hp=100/100 score=0 phys_us=4 ai_us=425 audio_us=15 net_us=0
[2026-08-17T11:14:22Z INFO  steel_front::engine::renderer] visible=65536/65536 near=65536 far=0 fps=371.9 frame_us=2029 cull_us=1 terrain_us=0 wait_fence_us=2290 acquire_us=1 record_us=42 submit_us=31 present_us=141 terrain_lod=high blend=0.000 quality=中画质 marker=84 npc=56
[2026-08-17T11:14:22Z INFO  steel_front] cam: yaw=0.0 pitch=0.0 dist=3.4 mode=FirstPerson cycle_us=2725 update_us=21 render_us=2703
[2026-08-17T11:14:23Z INFO  steel_front::engine::game] ai: npcs=8 near=8 far=0 idle=0 patrol=0 chase=0 attack=8 tactics=[8, 0, 0, 0, 0, 0, 0, 0]
[2026-08-17T11:14:23Z INFO  steel_front::engine::game] game: wave=1 enemies=8 enemy_hp=100 hp=100/100 score=0 phys_us=1 ai_us=596 audio_us=15 net_us=0
[2026-08-17T11:14:23Z INFO  steel_front::engine::renderer] visible=65536/65536 near=65536 far=0 fps=370.6 frame_us=1884 cull_us=1 terrain_us=0 wait_fence_us=2565 acquire_us=1 record_us=22 submit_us=20 present_us=119 terrain_lod=high blend=0.000 quality=中画质 marker=84 npc=56
[2026-08-17T11:14:24Z INFO  steel_front] cam: yaw=0.0 pitch=0.0 dist=3.4 mode=FirstPerson cycle_us=2756 update_us=43 render_us=2712
[2026-08-17T11:14:24Z INFO  steel_front::engine::game] ai: npcs=8 near=8 far=0 idle=0 patrol=0 chase=0 attack=8 tactics=[8, 0, 0, 0, 0, 0, 0, 0]
[2026-08-17T11:14:24Z INFO  steel_front::engine::game] game: wave=1 enemies=8 enemy_hp=100 hp=100/100 score=0 phys_us=1 ai_us=416 audio_us=26 net_us=0
[2026-08-17T11:14:24Z INFO  steel_front::engine::renderer] visible=65536/65536 near=65536 far=0 fps=371.6 frame_us=2631 cull_us=0 terrain_us=0 wait_fence_us=1899 acquire_us=1 record_us=40 submit_us=32 present_us=212 terrain_lod=high blend=0.000 quality=中画质 marker=84 npc=56
[2026-08-17T11:14:25Z INFO  steel_front] cam: yaw=0.0 pitch=0.0 dist=3.4 mode=FirstPerson cycle_us=2838 update_us=28 render_us=2810
[2026-08-17T11:14:25Z INFO  steel_front::engine::game] ai: npcs=8 near=8 far=0 idle=0 patrol=0 chase=0 attack=8 tactics=[8, 0, 0, 0, 0, 0, 0, 0]
[2026-08-17T11:14:25Z INFO  steel_front::engine::game] game: wave=1 enemies=8 enemy_hp=100 hp=100/100 score=0 phys_us=2 ai_us=463 audio_us=11 net_us=0
[2026-08-17T11:14:25Z INFO  steel_front::engine::renderer] visible=65536/65536 near=65536 far=0 fps=372.0 frame_us=2284 cull_us=1 terrain_us=0 wait_fence_us=1724 acquire_us=1 record_us=44 submit_us=36 present_us=233 terrain_lod=high blend=0.000 quality=中画质 marker=84 npc=56
[2026-08-17T11:14:25Z INFO  steel_front] size diag: window_inner=2560x1600 hud=2560x1600
[2026-08-17T11:14:25Z INFO  steel_front] size diag: window_inner=2560x1600 hud=2560x1600
[2026-08-17T11:14:25Z INFO  steel_front] size diag: window_inner=2560x1600 hud=2560x1600
[2026-08-17T11:14:25Z INFO  steel_front] size diag: window_inner=2560x1600 hud=2560x1600
[2026-08-17T11:14:25Z INFO  steel_front] size diag: window_inner=2560x1600 hud=2560x1600
[2026-08-17T11:14:25Z INFO  steel_front] size diag: window_inner=2560x1600 hud=2560x1600
[2026-08-17T11:14:25Z INFO  steel_front] size diag: window_inner=2560x1600 hud=2560x1600
[2026-08-17T11:14:25Z INFO  steel_front] size diag: window_inner=2560x1600 hud=2560x1600
[2026-08-17T11:14:25Z INFO  steel_front] size diag: window_inner=2560x1600 hud=2560x1600
[2026-08-17T11:14:25Z INFO  steel_front] size diag: window_inner=2560x1600 hud=2560x1600
[2026-08-17T11:14:25Z INFO  steel_front] size diag: window_inner=2560x1600 hud=2560x1600
[2026-08-17T11:14:25Z INFO  steel_front] size diag: window_inner=2560x1600 hud=2560x1600
[2026-08-17T11:14:25Z INFO  steel_front] size diag: window_inner=2560x1600 hud=2560x1600
[2026-08-17T11:14:25Z INFO  steel_front] size diag: window_inner=2560x1600 hud=2560x1600
[2026-08-17T11:14:25Z INFO  steel_front] size diag: window_inner=2560x1600 hud=2560x1600
[2026-08-17T11:14:25Z INFO  steel_front] size diag: window_inner=2560x1600 hud=2560x1600
[2026-08-17T11:14:25Z INFO  steel_front] size diag: window_inner=2560x1600 hud=2560x1600
[2026-08-17T11:14:25Z INFO  steel_front] size diag: window_inner=2560x1600 hud=2560x1600
[2026-08-17T11:14:26Z INFO  steel_front] cam: yaw=0.0 pitch=0.0 dist=3.4 mode=FirstPerson cycle_us=2525 update_us=36 render_us=2489
[2026-08-17T11:14:26Z INFO  steel_front::engine::game] ai: npcs=8 near=8 far=0 idle=0 patrol=0 chase=0 attack=8 tactics=[8, 0, 0, 0, 0, 0, 0, 0]
[2026-08-17T11:14:26Z INFO  steel_front::engine::game] game: wave=1 enemies=8 enemy_hp=100 hp=100/100 score=0 phys_us=2 ai_us=442 audio_us=14 net_us=0
[2026-08-17T11:14:26Z INFO  steel_front::engine::renderer] visible=65536/65536 near=65536 far=0 fps=369.1 frame_us=2040 cull_us=1 terrain_us=0 wait_fence_us=2136 acquire_us=1 record_us=42 submit_us=38 present_us=258 terrain_lod=high blend=0.000 quality=中画质 marker=84 npc=56
[2026-08-17T11:14:27Z INFO  steel_front] cam: yaw=0.0 pitch=0.0 dist=3.4 mode=FirstPerson cycle_us=3185 update_us=42 render_us=3143
[2026-08-17T11:14:27Z INFO  steel_front::engine::game] ai: npcs=8 near=8 far=0 idle=0 patrol=0 chase=0 attack=8 tactics=[8, 0, 0, 0, 0, 0, 0, 0]
[2026-08-17T11:14:27Z INFO  steel_front::engine::game] game: wave=1 enemies=8 enemy_hp=100 hp=100/100 score=0 phys_us=1 ai_us=198 audio_us=16 net_us=0
[2026-08-17T11:14:27Z INFO  steel_front::engine::renderer] visible=65536/65536 near=65536 far=0 fps=369.8 frame_us=2088 cull_us=1 terrain_us=0 wait_fence_us=2167 acquire_us=1 record_us=42 submit_us=36 present_us=290 terrain_lod=high blend=0.000 quality=中画质 marker=84 npc=56
[2026-08-17T11:14:28Z INFO  steel_front] cam: yaw=0.0 pitch=0.0 dist=3.4 mode=FirstPerson cycle_us=2692 update_us=36 render_us=2655
[2026-08-17T11:14:28Z INFO  steel_front::engine::game] ai: npcs=8 near=8 far=0 idle=0 patrol=0 chase=0 attack=8 tactics=[8, 0, 0, 0, 0, 0, 0, 0]
[2026-08-17T11:14:28Z INFO  steel_front::engine::game] game: wave=1 enemies=8 enemy_hp=100 hp=100/100 score=0 phys_us=1 ai_us=421 audio_us=27 net_us=0
[2026-08-17T11:14:28Z INFO  steel_front::engine::renderer] visible=65536/65536 near=65536 far=0 fps=371.0 frame_us=2161 cull_us=0 terrain_us=0 wait_fence_us=2022 acquire_us=1 record_us=43 submit_us=36 present_us=308 terrain_lod=high blend=0.000 quality=中画质 marker=84 npc=56
[2026-08-17T11:14:29Z INFO  steel_front] cam: yaw=0.0 pitch=0.0 dist=3.4 mode=FirstPerson cycle_us=2469 update_us=37 render_us=2430
[2026-08-17T11:14:29Z INFO  steel_front::engine::game] ai: npcs=8 near=8 far=0 idle=0 patrol=0 chase=0 attack=8 tactics=[8, 0, 0, 0, 0, 0, 0, 0]
[2026-08-17T11:14:29Z INFO  steel_front::engine::game] game: wave=1 enemies=8 enemy_hp=100 hp=100/100 score=0 phys_us=2 ai_us=453 audio_us=25 net_us=0
[2026-08-17T11:14:29Z INFO  steel_front::engine::renderer] visible=65536/65536 near=65536 far=0 fps=372.4 frame_us=2524 cull_us=1 terrain_us=0 wait_fence_us=1880 acquire_us=1 record_us=41 submit_us=31 present_us=215 terrain_lod=high blend=0.000 quality=中画质 marker=84 npc=56
[2026-08-17T11:14:30Z INFO  steel_front] cam: yaw=0.0 pitch=0.0 dist=3.4 mode=FirstPerson cycle_us=2496 update_us=38 render_us=2457
[2026-08-17T11:14:30Z INFO  steel_front::engine::game] ai: npcs=8 near=8 far=0 idle=0 patrol=0 chase=0 attack=8 tactics=[8, 0, 0, 0, 0, 0, 0, 0]
[2026-08-17T11:14:30Z INFO  steel_front::engine::game] game: wave=1 enemies=8 enemy_hp=100 hp=100/100 score=0 phys_us=2 ai_us=497 audio_us=24 net_us=0
[2026-08-17T11:14:30Z INFO  steel_front::engine::renderer] visible=65536/65536 near=65536 far=0 fps=369.1 frame_us=2329 cull_us=0 terrain_us=0 wait_fence_us=2123 acquire_us=0 record_us=41 submit_us=32 present_us=354 terrain_lod=high blend=0.000 quality=中画质 marker=84 npc=56
[2026-08-17T11:14:30Z INFO  steel_front] size diag: window_inner=2560x1600 hud=2560x1600
[2026-08-17T11:14:30Z INFO  steel_front] size diag: window_inner=2560x1600 hud=2560x1600
[2026-08-17T11:14:30Z INFO  steel_front] size diag: window_inner=2560x1600 hud=2560x1600
[2026-08-17T11:14:30Z INFO  steel_front] size diag: window_inner=2560x1600 hud=2560x1600
[2026-08-17T11:14:30Z INFO  steel_front] size diag: window_inner=2560x1600 hud=2560x1600
[2026-08-17T11:14:30Z INFO  steel_front] size diag: window_inner=2560x1600 hud=2560x1600
[2026-08-17T11:14:30Z INFO  steel_front] size diag: window_inner=2560x1600 hud=2560x1600
[2026-08-17T11:14:30Z INFO  steel_front] size diag: window_inner=2560x1600 hud=2560x1600
[2026-08-17T11:14:30Z INFO  steel_front] size diag: window_inner=2560x1600 hud=2560x1600
[2026-08-17T11:14:30Z INFO  steel_front] size diag: window_inner=2560x1600 hud=2560x1600
[2026-08-17T11:14:30Z INFO  steel_front] size diag: window_inner=2560x1600 hud=2560x1600
[2026-08-17T11:14:30Z INFO  steel_front] size diag: window_inner=2560x1600 hud=2560x1600
[2026-08-17T11:14:30Z INFO  steel_front] size diag: window_inner=2560x1600 hud=2560x1600
[2026-08-17T11:14:30Z INFO  steel_front] size diag: window_inner=2560x1600 hud=2560x1600
[2026-08-17T11:14:30Z INFO  steel_front] size diag: window_inner=2560x1600 hud=2560x1600
[2026-08-17T11:14:30Z INFO  steel_front] size diag: window_inner=2560x1600 hud=2560x1600
[2026-08-17T11:14:30Z INFO  steel_front] size diag: window_inner=2560x1600 hud=2560x1600
[2026-08-17T11:14:30Z INFO  steel_front] size diag: window_inner=2560x1600 hud=2560x1600
[2026-08-17T11:14:30Z INFO  steel_front] size diag: window_inner=2560x1600 hud=2560x1600
[2026-08-17T11:14:31Z INFO  steel_front] cam: yaw=0.0 pitch=0.0 dist=3.4 mode=FirstPerson cycle_us=2571 update_us=43 render_us=2527
[2026-08-17T11:14:31Z INFO  steel_front::engine::game] ai: npcs=8 near=8 far=0 idle=0 patrol=0 chase=0 attack=8 tactics=[8, 0, 0, 0, 0, 0, 0, 0]
[2026-08-17T11:14:31Z INFO  steel_front::engine::game] game: wave=1 enemies=8 enemy_hp=100 hp=100/100 score=0 phys_us=2 ai_us=413 audio_us=12 net_us=0
[2026-08-17T11:14:31Z INFO  steel_front::engine::renderer] visible=65536/65536 near=65536 far=0 fps=371.7 frame_us=1938 cull_us=0 terrain_us=0 wait_fence_us=2451 acquire_us=0 record_us=21 submit_us=18 present_us=108 terrain_lod=high blend=0.000 quality=中画质 marker=84 npc=56
[2026-08-17T11:14:32Z INFO  steel_front] cam: yaw=0.0 pitch=0.0 dist=3.4 mode=FirstPerson cycle_us=2546 update_us=38 render_us=2506
[2026-08-17T11:14:32Z INFO  steel_front::engine::game] ai: npcs=8 near=8 far=0 idle=0 patrol=0 chase=0 attack=8 tactics=[8, 0, 0, 0, 0, 0, 0, 0]
[2026-08-17T11:14:32Z INFO  steel_front::engine::game] game: wave=1 enemies=8 enemy_hp=100 hp=100/100 score=0 phys_us=1 ai_us=470 audio_us=26 net_us=0
[2026-08-17T11:14:32Z INFO  steel_front::engine::renderer] visible=65536/65536 near=65536 far=0 fps=368.2 frame_us=3151 cull_us=1 terrain_us=0 wait_fence_us=1639 acquire_us=1 record_us=50 submit_us=71 present_us=747 terrain_lod=high blend=0.000 quality=中画质 marker=84 npc=56
[2026-08-17T11:14:33Z INFO  steel_front] cam: yaw=0.0 pitch=0.0 dist=3.4 mode=FirstPerson cycle_us=2666 update_us=46 render_us=2619
[2026-08-17T11:14:33Z INFO  steel_front::engine::game] ai: npcs=8 near=8 far=0 idle=0 patrol=0 chase=0 attack=8 tactics=[8, 0, 0, 0, 0, 0, 0, 0]
[2026-08-17T11:14:33Z INFO  steel_front::engine::game] game: wave=1 enemies=8 enemy_hp=100 hp=100/100 score=0 phys_us=2 ai_us=621 audio_us=23 net_us=0
[2026-08-17T11:14:33Z INFO  steel_front::engine::renderer] visible=65536/65536 near=65536 far=0 fps=371.3 frame_us=2008 cull_us=0 terrain_us=0 wait_fence_us=2202 acquire_us=1 record_us=45 submit_us=38 present_us=281 terrain_lod=high blend=0.000 quality=中画质 marker=84 npc=56
[2026-08-17T11:14:34Z INFO  steel_front] cam: yaw=0.0 pitch=0.0 dist=3.4 mode=FirstPerson cycle_us=2374 update_us=38 render_us=2335
[2026-08-17T11:14:34Z INFO  steel_front::engine::game] ai: npcs=8 near=8 far=0 idle=0 patrol=0 chase=0 attack=8 tactics=[8, 0, 0, 0, 0, 0, 0, 0]
[2026-08-17T11:14:34Z INFO  steel_front::engine::game] game: wave=1 enemies=8 enemy_hp=100 hp=100/100 score=0 phys_us=2 ai_us=471 audio_us=26 net_us=0
[2026-08-17T11:14:34Z INFO  steel_front::engine::renderer] visible=65536/65536 near=65536 far=0 fps=368.6 frame_us=1851 cull_us=0 terrain_us=0 wait_fence_us=2057 acquire_us=1 record_us=23 submit_us=21 present_us=127 terrain_lod=high blend=0.000 quality=中画质 marker=84 npc=56
[2026-08-17T11:14:35Z INFO  steel_front] cam: yaw=0.0 pitch=0.0 dist=3.4 mode=FirstPerson cycle_us=2492 update_us=40 render_us=2452
[2026-08-17T11:14:35Z INFO  steel_front::engine::game] ai: npcs=8 near=8 far=0 idle=0 patrol=0 chase=0 attack=8 tactics=[8, 0, 0, 0, 0, 0, 0, 0]
[2026-08-17T11:14:35Z INFO  steel_front::engine::game] game: wave=1 enemies=8 enemy_hp=100 hp=100/100 score=0 phys_us=2 ai_us=519 audio_us=31 net_us=0
[2026-08-17T11:14:35Z INFO  steel_front::engine::renderer] visible=65536/65536 near=65536 far=0 fps=366.9 frame_us=2637 cull_us=0 terrain_us=0 wait_fence_us=1780 acquire_us=0 record_us=44 submit_us=36 present_us=212 terrain_lod=high blend=0.000 quality=中画质 marker=84 npc=56
[2026-08-17T11:14:35Z INFO  steel_front] size diag: window_inner=2560x1600 hud=2560x1600
[2026-08-17T11:14:35Z INFO  steel_front] size diag: window_inner=2560x1600 hud=2560x1600
[2026-08-17T11:14:35Z INFO  steel_front] size diag: window_inner=2560x1600 hud=2560x1600
[2026-08-17T11:14:35Z INFO  steel_front] size diag: window_inner=2560x1600 hud=2560x1600
[2026-08-17T11:14:35Z INFO  steel_front] size diag: window_inner=2560x1600 hud=2560x1600
[2026-08-17T11:14:35Z INFO  steel_front] size diag: window_inner=2560x1600 hud=2560x1600
[2026-08-17T11:14:35Z INFO  steel_front] size diag: window_inner=2560x1600 hud=2560x1600
[2026-08-17T11:14:35Z INFO  steel_front] size diag: window_inner=2560x1600 hud=2560x1600
[2026-08-17T11:14:35Z INFO  steel_front] size diag: window_inner=2560x1600 hud=2560x1600
[2026-08-17T11:14:35Z INFO  steel_front] size diag: window_inner=2560x1600 hud=2560x1600
[2026-08-17T11:14:35Z INFO  steel_front] size diag: window_inner=2560x1600 hud=2560x1600
[2026-08-17T11:14:35Z INFO  steel_front] size diag: window_inner=2560x1600 hud=2560x1600
[2026-08-17T11:14:35Z INFO  steel_front] size diag: window_inner=2560x1600 hud=2560x1600
[2026-08-17T11:14:35Z INFO  steel_front] size diag: window_inner=2560x1600 hud=2560x1600
[2026-08-17T11:14:35Z INFO  steel_front] size diag: window_inner=2560x1600 hud=2560x1600
[2026-08-17T11:14:35Z INFO  steel_front] size diag: window_inner=2560x1600 hud=2560x1600
[2026-08-17T11:14:35Z INFO  steel_front] size diag: window_inner=2560x1600 hud=2560x1600
[2026-08-17T11:14:35Z INFO  steel_front] size diag: window_inner=2560x1600 hud=2560x1600
[2026-08-17T11:14:36Z INFO  steel_front] cam: yaw=0.0 pitch=0.0 dist=3.4 mode=FirstPerson cycle_us=2312 update_us=30 render_us=2282
[2026-08-17T11:14:36Z INFO  steel_front::engine::game] ai: npcs=8 near=8 far=0 idle=0 patrol=0 chase=0 attack=8 tactics=[8, 0, 0, 0, 0, 0, 0, 0]
[2026-08-17T11:14:36Z INFO  steel_front::engine::game] game: wave=1 enemies=8 enemy_hp=100 hp=100/100 score=0 phys_us=1 ai_us=423 audio_us=33 net_us=0
[2026-08-17T11:14:36Z INFO  steel_front::engine::renderer] visible=65536/65536 near=65536 far=0 fps=375.8 frame_us=2518 cull_us=1 terrain_us=0 wait_fence_us=1995 acquire_us=1 record_us=25 submit_us=50 present_us=140 terrain_lod=high blend=0.000 quality=中画质 marker=84 npc=56
[2026-08-17T11:14:37Z INFO  steel_front] cam: yaw=0.0 pitch=0.0 dist=3.4 mode=FirstPerson cycle_us=2917 update_us=47 render_us=2870
[2026-08-17T11:14:37Z INFO  steel_front::engine::game] ai: npcs=8 near=8 far=0 idle=0 patrol=0 chase=0 attack=8 tactics=[8, 0, 0, 0, 0, 0, 0, 0]
[2026-08-17T11:14:37Z INFO  steel_front::engine::game] game: wave=1 enemies=8 enemy_hp=100 hp=100/100 score=0 phys_us=2 ai_us=935 audio_us=21 net_us=0
[2026-08-17T11:14:37Z INFO  steel_front::engine::renderer] visible=65536/65536 near=65536 far=0 fps=373.3 frame_us=2051 cull_us=1 terrain_us=0 wait_fence_us=1920 acquire_us=1 record_us=64 submit_us=42 present_us=279 terrain_lod=high blend=0.000 quality=中画质 marker=84 npc=56
[2026-08-17T11:14:38Z INFO  steel_front] cam: yaw=0.0 pitch=0.0 dist=3.4 mode=FirstPerson cycle_us=2518 update_us=34 render_us=2483
[2026-08-17T11:14:38Z INFO  steel_front::engine::game] ai: npcs=8 near=8 far=0 idle=0 patrol=0 chase=0 attack=8 tactics=[8, 0, 0, 0, 0, 0, 0, 0]
[2026-08-17T11:14:38Z INFO  steel_front::engine::game] game: wave=1 enemies=8 enemy_hp=100 hp=100/100 score=0 phys_us=1 ai_us=709 audio_us=27 net_us=0
[2026-08-17T11:14:38Z INFO  steel_front::engine::renderer] visible=65536/65536 near=65536 far=0 fps=356.5 frame_us=2350 cull_us=0 terrain_us=0 wait_fence_us=1770 acquire_us=1 record_us=41 submit_us=33 present_us=202 terrain_lod=high blend=0.000 quality=中画质 marker=84 npc=56
[2026-08-17T11:14:39Z INFO  steel_front] cam: yaw=0.0 pitch=0.0 dist=3.4 mode=FirstPerson cycle_us=2697 update_us=21 render_us=2676
[2026-08-17T11:14:39Z INFO  steel_front::engine::game] ai: npcs=8 near=8 far=0 idle=0 patrol=0 chase=0 attack=8 tactics=[8, 0, 0, 0, 0, 0, 0, 0]
[2026-08-17T11:14:39Z INFO  steel_front::engine::game] game: wave=1 enemies=8 enemy_hp=100 hp=100/100 score=0 phys_us=1 ai_us=708 audio_us=23 net_us=0
[2026-08-17T11:14:39Z INFO  steel_front::engine::renderer] visible=65536/65536 near=65536 far=0 fps=367.7 frame_us=2407 cull_us=0 terrain_us=0 wait_fence_us=1813 acquire_us=1 record_us=42 submit_us=35 present_us=224 terrain_lod=high blend=0.000 quality=中画质 marker=84 npc=56
[2026-08-17T11:14:40Z INFO  steel_front] cam: yaw=0.0 pitch=0.0 dist=3.4 mode=FirstPerson cycle_us=2906 update_us=41 render_us=2865
[2026-08-17T11:14:40Z INFO  steel_front::engine::game] ai: npcs=8 near=8 far=0 idle=0 patrol=0 chase=0 attack=8 tactics=[8, 0, 0, 0, 0, 0, 0, 0]
[2026-08-17T11:14:40Z INFO  steel_front::engine::game] game: wave=1 enemies=8 enemy_hp=100 hp=100/100 score=0 phys_us=2 ai_us=475 audio_us=13 net_us=0
[2026-08-17T11:14:40Z INFO  steel_front::engine::renderer] visible=65536/65536 near=65536 far=0 fps=370.5 frame_us=2174 cull_us=0 terrain_us=0 wait_fence_us=1987 acquire_us=0 record_us=28 submit_us=24 present_us=303 terrain_lod=high blend=0.000 quality=中画质 marker=84 npc=56
[2026-08-17T11:14:40Z INFO  steel_front] size diag: window_inner=2560x1600 hud=2560x1600
[2026-08-17T11:14:40Z INFO  steel_front] size diag: window_inner=2560x1600 hud=2560x1600
[2026-08-17T11:14:40Z INFO  steel_front] size diag: window_inner=2560x1600 hud=2560x1600
[2026-08-17T11:14:40Z INFO  steel_front] size diag: window_inner=2560x1600 hud=2560x1600
[2026-08-17T11:14:40Z INFO  steel_front] size diag: window_inner=2560x1600 hud=2560x1600
[2026-08-17T11:14:40Z INFO  steel_front] size diag: window_inner=2560x1600 hud=2560x1600
[2026-08-17T11:14:40Z INFO  steel_front] size diag: window_inner=2560x1600 hud=2560x1600
[2026-08-17T11:14:40Z INFO  steel_front] size diag: window_inner=2560x1600 hud=2560x1600
[2026-08-17T11:14:40Z INFO  steel_front] size diag: window_inner=2560x1600 hud=2560x1600
[2026-08-17T11:14:40Z INFO  steel_front] size diag: window_inner=2560x1600 hud=2560x1600
[2026-08-17T11:14:40Z INFO  steel_front] size diag: window_inner=2560x1600 hud=2560x1600
[2026-08-17T11:14:40Z INFO  steel_front] size diag: window_inner=2560x1600 hud=2560x1600
[2026-08-17T11:14:40Z INFO  steel_front] size diag: window_inner=2560x1600 hud=2560x1600
[2026-08-17T11:14:40Z INFO  steel_front] size diag: window_inner=2560x1600 hud=2560x1600
[2026-08-17T11:14:40Z INFO  steel_front] size diag: window_inner=2560x1600 hud=2560x1600
[2026-08-17T11:14:40Z INFO  steel_front] size diag: window_inner=2560x1600 hud=2560x1600
[2026-08-17T11:14:40Z INFO  steel_front] size diag: window_inner=2560x1600 hud=2560x1600
[2026-08-17T11:14:40Z INFO  steel_front] size diag: window_inner=2560x1600 hud=2560x1600
[2026-08-17T11:14:41Z INFO  steel_front] cam: yaw=0.0 pitch=0.0 dist=3.4 mode=FirstPerson cycle_us=2593 update_us=62 render_us=2530
[2026-08-17T11:14:41Z INFO  steel_front::engine::game] ai: npcs=8 near=8 far=0 idle=0 patrol=0 chase=0 attack=8 tactics=[8, 0, 0, 0, 0, 0, 0, 0]
[2026-08-17T11:14:41Z INFO  steel_front::engine::game] game: wave=1 enemies=8 enemy_hp=100 hp=100/100 score=0 phys_us=4 ai_us=486 audio_us=13 net_us=0
[2026-08-17T11:14:41Z INFO  steel_front::engine::renderer] visible=65536/65536 near=65536 far=0 fps=368.1 frame_us=2289 cull_us=1 terrain_us=0 wait_fence_us=2444 acquire_us=0 record_us=25 submit_us=24 present_us=161 terrain_lod=high blend=0.000 quality=中画质 marker=84 npc=56
[2026-08-17T11:14:42Z INFO  steel_front] cam: yaw=0.0 pitch=0.0 dist=3.4 mode=FirstPerson cycle_us=3009 update_us=25 render_us=2983
[2026-08-17T11:14:42Z INFO  steel_front::engine::game] ai: npcs=8 near=8 far=0 idle=0 patrol=0 chase=0 attack=8 tactics=[8, 0, 0, 0, 0, 0, 0, 0]
[2026-08-17T11:14:42Z INFO  steel_front::engine::game] game: wave=1 enemies=8 enemy_hp=100 hp=100/100 score=0 phys_us=2 ai_us=469 audio_us=16 net_us=0
[2026-08-17T11:14:42Z INFO  steel_front::engine::renderer] visible=65536/65536 near=65536 far=0 fps=371.6 frame_us=2333 cull_us=0 terrain_us=0 wait_fence_us=1819 acquire_us=1 record_us=46 submit_us=42 present_us=260 terrain_lod=high blend=0.000 quality=中画质 marker=84 npc=56
[2026-08-17T11:14:43Z INFO  steel_front] cam: yaw=0.0 pitch=0.0 dist=3.4 mode=FirstPerson cycle_us=2552 update_us=41 render_us=2511
[2026-08-17T11:14:43Z INFO  steel_front::engine::game] ai: npcs=8 near=8 far=0 idle=0 patrol=0 chase=0 attack=8 tactics=[8, 0, 0, 0, 0, 0, 0, 0]
[2026-08-17T11:14:43Z INFO  steel_front::engine::game] game: wave=1 enemies=8 enemy_hp=100 hp=100/100 score=0 phys_us=2 ai_us=454 audio_us=13 net_us=0
[2026-08-17T11:14:43Z INFO  steel_front::engine::renderer] visible=65536/65536 near=65536 far=0 fps=368.2 frame_us=2145 cull_us=0 terrain_us=0 wait_fence_us=2080 acquire_us=1 record_us=41 submit_us=32 present_us=205 terrain_lod=high blend=0.000 quality=中画质 marker=84 npc=56
[2026-08-17T11:14:44Z INFO  steel_front] cam: yaw=0.0 pitch=0.0 dist=3.4 mode=FirstPerson cycle_us=2652 update_us=45 render_us=2606
[2026-08-17T11:14:44Z INFO  steel_front::engine::game] ai: npcs=8 near=8 far=0 idle=0 patrol=0 chase=0 attack=8 tactics=[8, 0, 0, 0, 0, 0, 0, 0]
[2026-08-17T11:14:44Z INFO  steel_front::engine::game] game: wave=1 enemies=8 enemy_hp=100 hp=100/100 score=0 phys_us=2 ai_us=448 audio_us=26 net_us=0
[2026-08-17T11:14:44Z INFO  steel_front::engine::renderer] visible=65536/65536 near=65536 far=0 fps=371.8 frame_us=2197 cull_us=1 terrain_us=0 wait_fence_us=1935 acquire_us=0 record_us=45 submit_us=38 present_us=410 terrain_lod=high blend=0.000 quality=中画质 marker=84 npc=56
[2026-08-17T11:14:45Z INFO  steel_front] cam: yaw=0.0 pitch=0.0 dist=3.4 mode=FirstPerson cycle_us=2976 update_us=23 render_us=2953
[2026-08-17T11:14:45Z INFO  steel_front::engine::game] ai: npcs=8 near=8 far=0 idle=0 patrol=0 chase=0 attack=8 tactics=[8, 0, 0, 0, 0, 0, 0, 0]
[2026-08-17T11:14:45Z INFO  steel_front::engine::game] game: wave=1 enemies=8 enemy_hp=100 hp=100/100 score=0 phys_us=3 ai_us=1008 audio_us=14 net_us=0
[2026-08-17T11:14:45Z INFO  steel_front::engine::renderer] visible=65536/65536 near=65536 far=0 fps=371.5 frame_us=2347 cull_us=0 terrain_us=0 wait_fence_us=1852 acquire_us=1 record_us=41 submit_us=34 present_us=208 terrain_lod=high blend=0.000 quality=中画质 marker=84 npc=56
[2026-08-17T11:14:45Z INFO  steel_front] size diag: window_inner=2560x1600 hud=2560x1600
[2026-08-17T11:14:45Z INFO  steel_front] size diag: window_inner=2560x1600 hud=2560x1600
[2026-08-17T11:14:45Z INFO  steel_front] size diag: window_inner=2560x1600 hud=2560x1600
[2026-08-17T11:14:45Z INFO  steel_front] size diag: window_inner=2560x1600 hud=2560x1600
[2026-08-17T11:14:45Z INFO  steel_front] size diag: window_inner=2560x1600 hud=2560x1600
[2026-08-17T11:14:45Z INFO  steel_front] size diag: window_inner=2560x1600 hud=2560x1600
[2026-08-17T11:14:45Z INFO  steel_front] size diag: window_inner=2560x1600 hud=2560x1600
[2026-08-17T11:14:45Z INFO  steel_front] size diag: window_inner=2560x1600 hud=2560x1600
[2026-08-17T11:14:45Z INFO  steel_front] size diag: window_inner=2560x1600 hud=2560x1600
[2026-08-17T11:14:45Z INFO  steel_front] size diag: window_inner=2560x1600 hud=2560x1600
[2026-08-17T11:14:45Z INFO  steel_front] size diag: window_inner=2560x1600 hud=2560x1600
[2026-08-17T11:14:45Z INFO  steel_front] size diag: window_inner=2560x1600 hud=2560x1600
[2026-08-17T11:14:45Z INFO  steel_front] size diag: window_inner=2560x1600 hud=2560x1600
[2026-08-17T11:14:45Z INFO  steel_front] size diag: window_inner=2560x1600 hud=2560x1600
[2026-08-17T11:14:45Z INFO  steel_front] size diag: window_inner=2560x1600 hud=2560x1600
[2026-08-17T11:14:45Z INFO  steel_front] size diag: window_inner=2560x1600 hud=2560x1600
[2026-08-17T11:14:45Z INFO  steel_front] size diag: window_inner=2560x1600 hud=2560x1600
[2026-08-17T11:14:45Z INFO  steel_front] size diag: window_inner=2560x1600 hud=2560x1600
[2026-08-17T11:14:46Z INFO  steel_front] cam: yaw=0.0 pitch=0.0 dist=3.4 mode=FirstPerson cycle_us=2837 update_us=26 render_us=2811
[2026-08-17T11:14:46Z INFO  steel_front::engine::game] ai: npcs=8 near=8 far=0 idle=0 patrol=0 chase=0 attack=8 tactics=[8, 0, 0, 0, 0, 0, 0, 0]
[2026-08-17T11:14:46Z INFO  steel_front::engine::game] game: wave=1 enemies=8 enemy_hp=100 hp=100/100 score=0 phys_us=2 ai_us=443 audio_us=27 net_us=0
[2026-08-17T11:14:46Z INFO  steel_front::engine::renderer] visible=65536/65536 near=65536 far=0 fps=370.6 frame_us=2705 cull_us=0 terrain_us=0 wait_fence_us=1898 acquire_us=1 record_us=41 submit_us=35 present_us=218 terrain_lod=high blend=0.000 quality=中画质 marker=84 npc=56
[2026-08-17T11:14:47Z INFO  steel_front] cam: yaw=0.0 pitch=0.0 dist=3.4 mode=FirstPerson cycle_us=2520 update_us=37 render_us=2483
[2026-08-17T11:14:47Z INFO  steel_front::engine::game] ai: npcs=8 near=8 far=0 idle=0 patrol=0 chase=0 attack=8 tactics=[8, 0, 0, 0, 0, 0, 0, 0]
[2026-08-17T11:14:47Z INFO  steel_front::engine::game] game: wave=1 enemies=8 enemy_hp=100 hp=100/100 score=0 phys_us=3 ai_us=672 audio_us=35 net_us=0
[2026-08-17T11:14:47Z INFO  steel_front::engine::renderer] visible=65536/65536 near=65536 far=0 fps=365.6 frame_us=2126 cull_us=1 terrain_us=0 wait_fence_us=2074 acquire_us=1 record_us=43 submit_us=36 present_us=216 terrain_lod=high blend=0.000 quality=中画质 marker=80 npc=56
[2026-08-17T11:14:48Z INFO  steel_front] cam: yaw=0.0 pitch=0.0 dist=3.4 mode=FirstPerson cycle_us=2872 update_us=24 render_us=2848
[2026-08-17T11:14:48Z INFO  steel_front::engine::game] ai: npcs=8 near=8 far=0 idle=0 patrol=0 chase=0 attack=8 tactics=[8, 0, 0, 0, 0, 0, 0, 0]
[2026-08-17T11:14:48Z INFO  steel_front::engine::game] game: wave=1 enemies=8 enemy_hp=100 hp=100/100 score=0 phys_us=1 ai_us=203 audio_us=14 net_us=0
[2026-08-17T11:14:48Z INFO  steel_front::engine::renderer] visible=65536/65536 near=65536 far=0 fps=369.0 frame_us=2992 cull_us=0 terrain_us=0 wait_fence_us=2314 acquire_us=1 record_us=45 submit_us=37 present_us=453 terrain_lod=high blend=0.000 quality=中画质 marker=84 npc=56
[2026-08-17T11:14:49Z INFO  steel_front] cam: yaw=0.0 pitch=0.0 dist=3.4 mode=FirstPerson cycle_us=2373 update_us=44 render_us=2329
[2026-08-17T11:14:49Z INFO  steel_front::engine::game] ai: npcs=8 near=8 far=0 idle=0 patrol=0 chase=0 attack=8 tactics=[8, 0, 0, 0, 0, 0, 0, 0]
[2026-08-17T11:14:49Z INFO  steel_front::engine::game] game: wave=1 enemies=8 enemy_hp=100 hp=100/100 score=0 phys_us=5 ai_us=558 audio_us=31 net_us=0
[2026-08-17T11:14:49Z INFO  steel_front::engine::renderer] visible=65536/65536 near=65536 far=0 fps=367.0 frame_us=2455 cull_us=0 terrain_us=0 wait_fence_us=2212 acquire_us=1 record_us=41 submit_us=32 present_us=196 terrain_lod=high blend=0.000 quality=中画质 marker=84 npc=56
[2026-08-17T11:14:50Z INFO  steel_front] cam: yaw=0.0 pitch=0.0 dist=3.4 mode=FirstPerson cycle_us=2488 update_us=25 render_us=2463
[2026-08-17T11:14:50Z INFO  steel_front::engine::game] ai: npcs=8 near=8 far=0 idle=0 patrol=0 chase=0 attack=8 tactics=[8, 0, 0, 0, 0, 0, 0, 0]
[2026-08-17T11:14:50Z INFO  steel_front::engine::game] game: wave=1 enemies=8 enemy_hp=100 hp=100/100 score=0 phys_us=2 ai_us=420 audio_us=15 net_us=0
[2026-08-17T11:14:50Z INFO  steel_front::engine::renderer] visible=65536/65536 near=65536 far=0 fps=369.5 frame_us=2152 cull_us=0 terrain_us=0 wait_fence_us=2130 acquire_us=1 record_us=40 submit_us=32 present_us=296 terrain_lod=high blend=0.000 quality=中画质 marker=84 npc=56
[2026-08-17T11:14:50Z INFO  steel_front] size diag: window_inner=2560x1600 hud=2560x1600
[2026-08-17T11:14:50Z INFO  steel_front] size diag: window_inner=2560x1600 hud=2560x1600
[2026-08-17T11:14:50Z INFO  steel_front] size diag: window_inner=2560x1600 hud=2560x1600
[2026-08-17T11:14:50Z INFO  steel_front] size diag: window_inner=2560x1600 hud=2560x1600
[2026-08-17T11:14:50Z INFO  steel_front] size diag: window_inner=2560x1600 hud=2560x1600
[2026-08-17T11:14:50Z INFO  steel_front] size diag: window_inner=2560x1600 hud=2560x1600
[2026-08-17T11:14:50Z INFO  steel_front] size diag: window_inner=2560x1600 hud=2560x1600
[2026-08-17T11:14:50Z INFO  steel_front] size diag: window_inner=2560x1600 hud=2560x1600
[2026-08-17T11:14:50Z INFO  steel_front] size diag: window_inner=2560x1600 hud=2560x1600
[2026-08-17T11:14:50Z INFO  steel_front] size diag: window_inner=2560x1600 hud=2560x1600
[2026-08-17T11:14:50Z INFO  steel_front] size diag: window_inner=2560x1600 hud=2560x1600
[2026-08-17T11:14:50Z INFO  steel_front] size diag: window_inner=2560x1600 hud=2560x1600
[2026-08-17T11:14:50Z INFO  steel_front] size diag: window_inner=2560x1600 hud=2560x1600
[2026-08-17T11:14:50Z INFO  steel_front] size diag: window_inner=2560x1600 hud=2560x1600
[2026-08-17T11:14:50Z INFO  steel_front] size diag: window_inner=2560x1600 hud=2560x1600
[2026-08-17T11:14:50Z INFO  steel_front] size diag: window_inner=2560x1600 hud=2560x1600
[2026-08-17T11:14:50Z INFO  steel_front] size diag: window_inner=2560x1600 hud=2560x1600
[2026-08-17T11:14:50Z INFO  steel_front] size diag: window_inner=2560x1600 hud=2560x1600
[2026-08-17T11:14:50Z INFO  steel_front] size diag: window_inner=2560x1600 hud=2560x1600
[2026-08-17T11:14:51Z INFO  steel_front] cam: yaw=0.0 pitch=0.0 dist=3.4 mode=FirstPerson cycle_us=3040 update_us=20 render_us=3019
[2026-08-17T11:14:51Z INFO  steel_front::engine::game] ai: npcs=8 near=8 far=0 idle=0 patrol=0 chase=0 attack=8 tactics=[8, 0, 0, 0, 0, 0, 0, 0]
[2026-08-17T11:14:51Z INFO  steel_front::engine::game] game: wave=1 enemies=8 enemy_hp=100 hp=100/100 score=0 phys_us=3 ai_us=490 audio_us=18 net_us=0
[2026-08-17T11:14:51Z INFO  steel_front::engine::renderer] visible=65536/65536 near=65536 far=0 fps=368.5 frame_us=2617 cull_us=0 terrain_us=0 wait_fence_us=1838 acquire_us=1 record_us=42 submit_us=33 present_us=225 terrain_lod=high blend=0.000 quality=中画质 marker=84 npc=56
[2026-08-17T11:14:52Z INFO  steel_front] cam: yaw=0.0 pitch=0.0 dist=3.4 mode=FirstPerson cycle_us=3117 update_us=29 render_us=3088
[2026-08-17T11:14:52Z INFO  steel_front::engine::game] ai: npcs=8 near=8 far=0 idle=0 patrol=0 chase=0 attack=8 tactics=[8, 0, 0, 0, 0, 0, 0, 0]
[2026-08-17T11:14:52Z INFO  steel_front::engine::game] game: wave=1 enemies=8 enemy_hp=100 hp=100/100 score=0 phys_us=1 ai_us=504 audio_us=18 net_us=0
[2026-08-17T11:14:52Z INFO  steel_front::engine::renderer] visible=65536/65536 near=65536 far=0 fps=369.0 frame_us=2003 cull_us=0 terrain_us=0 wait_fence_us=2371 acquire_us=1 record_us=24 submit_us=19 present_us=186 terrain_lod=high blend=0.000 quality=中画质 marker=84 npc=56
[2026-08-17T11:14:53Z INFO  steel_front] cam: yaw=0.0 pitch=0.0 dist=3.4 mode=FirstPerson cycle_us=2636 update_us=45 render_us=2591
[2026-08-17T11:14:53Z INFO  steel_front::engine::game] ai: npcs=8 near=8 far=0 idle=0 patrol=0 chase=0 attack=8 tactics=[8, 0, 0, 0, 0, 0, 0, 0]
[2026-08-17T11:14:53Z INFO  steel_front::engine::game] game: wave=1 enemies=8 enemy_hp=100 hp=100/100 score=0 phys_us=2 ai_us=350 audio_us=19 net_us=0
[2026-08-17T11:14:53Z INFO  steel_front::engine::renderer] visible=65536/65536 near=65536 far=0 fps=367.8 frame_us=2252 cull_us=0 terrain_us=0 wait_fence_us=1974 acquire_us=1 record_us=50 submit_us=42 present_us=465 terrain_lod=high blend=0.000 quality=中画质 marker=84 npc=56
[2026-08-17T11:14:54Z INFO  steel_front] cam: yaw=0.0 pitch=0.0 dist=3.4 mode=FirstPerson cycle_us=2340 update_us=45 render_us=2294
[2026-08-17T11:14:54Z INFO  steel_front::engine::game] ai: npcs=8 near=8 far=0 idle=0 patrol=0 chase=0 attack=8 tactics=[8, 0, 0, 0, 0, 0, 0, 0]
[2026-08-17T11:14:54Z INFO  steel_front::engine::game] game: wave=1 enemies=8 enemy_hp=100 hp=100/100 score=0 phys_us=2 ai_us=510 audio_us=25 net_us=0
[2026-08-17T11:14:54Z INFO  steel_front::engine::renderer] visible=65536/65536 near=65536 far=0 fps=369.1 frame_us=2272 cull_us=1 terrain_us=0 wait_fence_us=1798 acquire_us=1 record_us=58 submit_us=45 present_us=374 terrain_lod=high blend=0.000 quality=中画质 marker=84 npc=56
[2026-08-17T11:14:55Z INFO  steel_front] cam: yaw=0.0 pitch=0.0 dist=3.4 mode=FirstPerson cycle_us=2443 update_us=23 render_us=2419
[2026-08-17T11:14:55Z INFO  steel_front::engine::game] ai: npcs=8 near=8 far=0 idle=0 patrol=0 chase=0 attack=8 tactics=[8, 0, 0, 0, 0, 0, 0, 0]
[2026-08-17T11:14:55Z INFO  steel_front::engine::game] game: wave=1 enemies=8 enemy_hp=100 hp=100/100 score=0 phys_us=1 ai_us=427 audio_us=13 net_us=0
[2026-08-17T11:14:55Z INFO  steel_front::engine::renderer] visible=65536/65536 near=65536 far=0 fps=368.4 frame_us=1979 cull_us=1 terrain_us=0 wait_fence_us=2182 acquire_us=1 record_us=44 submit_us=36 present_us=228 terrain_lod=high blend=0.000 quality=中画质 marker=84 npc=56
[2026-08-17T11:14:55Z INFO  steel_front] size diag: window_inner=2560x1600 hud=2560x1600
[2026-08-17T11:14:55Z INFO  steel_front] size diag: window_inner=2560x1600 hud=2560x1600
[2026-08-17T11:14:55Z INFO  steel_front] size diag: window_inner=2560x1600 hud=2560x1600
[2026-08-17T11:14:55Z INFO  steel_front] size diag: window_inner=2560x1600 hud=2560x1600
[2026-08-17T11:14:55Z INFO  steel_front] size diag: window_inner=2560x1600 hud=2560x1600
[2026-08-17T11:14:55Z INFO  steel_front] size diag: window_inner=2560x1600 hud=2560x1600
[2026-08-17T11:14:55Z INFO  steel_front] size diag: window_inner=2560x1600 hud=2560x1600
[2026-08-17T11:14:55Z INFO  steel_front] size diag: window_inner=2560x1600 hud=2560x1600
[2026-08-17T11:14:55Z INFO  steel_front] size diag: window_inner=2560x1600 hud=2560x1600
[2026-08-17T11:14:55Z INFO  steel_front] size diag: window_inner=2560x1600 hud=2560x1600
[2026-08-17T11:14:55Z INFO  steel_front] size diag: window_inner=2560x1600 hud=2560x1600
[2026-08-17T11:14:55Z INFO  steel_front] size diag: window_inner=2560x1600 hud=2560x1600
[2026-08-17T11:14:55Z INFO  steel_front] size diag: window_inner=2560x1600 hud=2560x1600
[2026-08-17T11:14:55Z INFO  steel_front] size diag: window_inner=2560x1600 hud=2560x1600
[2026-08-17T11:14:55Z INFO  steel_front] size diag: window_inner=2560x1600 hud=2560x1600
[2026-08-17T11:14:55Z INFO  steel_front] size diag: window_inner=2560x1600 hud=2560x1600
[2026-08-17T11:14:55Z INFO  steel_front] size diag: window_inner=2560x1600 hud=2560x1600
[2026-08-17T11:14:55Z INFO  steel_front] size diag: window_inner=2560x1600 hud=2560x1600
[2026-08-17T11:14:56Z INFO  steel_front] cam: yaw=0.0 pitch=0.0 dist=3.4 mode=FirstPerson cycle_us=3022 update_us=67 render_us=2954
[2026-08-17T11:14:56Z INFO  steel_front::engine::game] ai: npcs=8 near=8 far=0 idle=0 patrol=0 chase=0 attack=8 tactics=[8, 0, 0, 0, 0, 0, 0, 0]
[2026-08-17T11:14:56Z INFO  steel_front::engine::game] game: wave=1 enemies=8 enemy_hp=100 hp=100/100 score=0 phys_us=1 ai_us=706 audio_us=29 net_us=0
[2026-08-17T11:14:56Z INFO  steel_front::engine::renderer] visible=65536/65536 near=65536 far=0 fps=370.2 frame_us=2270 cull_us=1 terrain_us=0 wait_fence_us=2158 acquire_us=1 record_us=23 submit_us=20 present_us=128 terrain_lod=high blend=0.000 quality=中画质 marker=84 npc=56
[2026-08-17T11:14:57Z INFO  steel_front] cam: yaw=0.0 pitch=0.0 dist=3.4 mode=FirstPerson cycle_us=2424 update_us=40 render_us=2383
[2026-08-17T11:14:57Z INFO  steel_front::engine::game] ai: npcs=8 near=8 far=0 idle=0 patrol=0 chase=0 attack=8 tactics=[8, 0, 0, 0, 0, 0, 0, 0]
[2026-08-17T11:14:57Z INFO  steel_front::engine::game] game: wave=1 enemies=8 enemy_hp=100 hp=100/100 score=0 phys_us=2 ai_us=474 audio_us=24 net_us=0
[2026-08-17T11:14:57Z INFO  steel_front::engine::renderer] visible=65536/65536 near=65536 far=0 fps=369.5 frame_us=2562 cull_us=2 terrain_us=0 wait_fence_us=1722 acquire_us=1 record_us=48 submit_us=39 present_us=240 terrain_lod=high blend=0.000 quality=中画质 marker=84 npc=56
[2026-08-17T11:14:58Z INFO  steel_front] cam: yaw=0.0 pitch=0.0 dist=3.4 mode=FirstPerson cycle_us=2511 update_us=40 render_us=2471
[2026-08-17T11:14:58Z INFO  steel_front::engine::game] ai: npcs=8 near=8 far=0 idle=0 patrol=0 chase=0 attack=8 tactics=[8, 0, 0, 0, 0, 0, 0, 0]
[2026-08-17T11:14:58Z INFO  steel_front::engine::game] game: wave=1 enemies=8 enemy_hp=100 hp=100/100 score=0 phys_us=1 ai_us=1409 audio_us=16 net_us=0
[2026-08-17T11:14:58Z INFO  steel_front::engine::renderer] visible=65536/65536 near=65536 far=0 fps=371.2 frame_us=1955 cull_us=1 terrain_us=0 wait_fence_us=2339 acquire_us=1 record_us=44 submit_us=33 present_us=214 terrain_lod=high blend=0.000 quality=中画质 marker=84 npc=56
[2026-08-17T11:14:59Z INFO  steel_front] cam: yaw=0.0 pitch=0.0 dist=3.4 mode=FirstPerson cycle_us=2397 update_us=36 render_us=2361
[2026-08-17T11:14:59Z INFO  steel_front::engine::game] ai: npcs=8 near=8 far=0 idle=0 patrol=0 chase=0 attack=8 tactics=[8, 0, 0, 0, 0, 0, 0, 0]
[2026-08-17T11:14:59Z INFO  steel_front::engine::game] game: wave=1 enemies=8 enemy_hp=100 hp=100/100 score=0 phys_us=2 ai_us=462 audio_us=25 net_us=0
[2026-08-17T11:14:59Z INFO  steel_front::engine::renderer] visible=65536/65536 near=65536 far=0 fps=369.0 frame_us=2140 cull_us=0 terrain_us=0 wait_fence_us=2141 acquire_us=0 record_us=78 submit_us=32 present_us=244 terrain_lod=high blend=0.000 quality=中画质 marker=84 npc=56
[2026-08-17T11:15:00Z INFO  steel_front] cam: yaw=0.0 pitch=0.0 dist=3.4 mode=FirstPerson cycle_us=2987 update_us=37 render_us=2949
[2026-08-17T11:15:00Z INFO  steel_front::engine::game] ai: npcs=8 near=8 far=0 idle=0 patrol=0 chase=0 attack=8 tactics=[8, 0, 0, 0, 0, 0, 0, 0]
[2026-08-17T11:15:00Z INFO  steel_front::engine::game] game: wave=1 enemies=8 enemy_hp=100 hp=100/100 score=0 phys_us=2 ai_us=167 audio_us=14 net_us=0
[2026-08-17T11:15:00Z INFO  steel_front::engine::renderer] visible=65536/65536 near=65536 far=0 fps=368.8 frame_us=2373 cull_us=0 terrain_us=0 wait_fence_us=1726 acquire_us=1 record_us=41 submit_us=35 present_us=222 terrain_lod=high blend=0.000 quality=中画质 marker=84 npc=56
[2026-08-17T11:15:00Z INFO  steel_front] size diag: window_inner=2560x1600 hud=2560x1600
[2026-08-17T11:15:00Z INFO  steel_front] size diag: window_inner=2560x1600 hud=2560x1600
[2026-08-17T11:15:00Z INFO  steel_front] size diag: window_inner=2560x1600 hud=2560x1600
[2026-08-17T11:15:00Z INFO  steel_front] size diag: window_inner=2560x1600 hud=2560x1600
[2026-08-17T11:15:00Z INFO  steel_front] size diag: window_inner=2560x1600 hud=2560x1600
[2026-08-17T11:15:00Z INFO  steel_front] size diag: window_inner=2560x1600 hud=2560x1600
[2026-08-17T11:15:00Z INFO  steel_front] size diag: window_inner=2560x1600 hud=2560x1600
[2026-08-17T11:15:00Z INFO  steel_front] size diag: window_inner=2560x1600 hud=2560x1600
[2026-08-17T11:15:00Z INFO  steel_front] size diag: window_inner=2560x1600 hud=2560x1600
[2026-08-17T11:15:00Z INFO  steel_front] size diag: window_inner=2560x1600 hud=2560x1600
[2026-08-17T11:15:00Z INFO  steel_front] size diag: window_inner=2560x1600 hud=2560x1600
[2026-08-17T11:15:00Z INFO  steel_front] size diag: window_inner=2560x1600 hud=2560x1600
[2026-08-17T11:15:00Z INFO  steel_front] size diag: window_inner=2560x1600 hud=2560x1600
[2026-08-17T11:15:00Z INFO  steel_front] size diag: window_inner=2560x1600 hud=2560x1600
[2026-08-17T11:15:00Z INFO  steel_front] size diag: window_inner=2560x1600 hud=2560x1600
[2026-08-17T11:15:00Z INFO  steel_front] size diag: window_inner=2560x1600 hud=2560x1600
[2026-08-17T11:15:00Z INFO  steel_front] size diag: window_inner=2560x1600 hud=2560x1600
[2026-08-17T11:15:00Z INFO  steel_front] size diag: window_inner=2560x1600 hud=2560x1600
[2026-08-17T11:15:01Z INFO  steel_front] cam: yaw=0.0 pitch=0.0 dist=3.4 mode=FirstPerson cycle_us=2388 update_us=40 render_us=2348
[2026-08-17T11:15:01Z INFO  steel_front::engine::game] ai: npcs=8 near=8 far=0 idle=0 patrol=0 chase=0 attack=8 tactics=[8, 0, 0, 0, 0, 0, 0, 0]
[2026-08-17T11:15:01Z INFO  steel_front::engine::game] game: wave=1 enemies=8 enemy_hp=100 hp=100/100 score=0 phys_us=2 ai_us=453 audio_us=15 net_us=0
[2026-08-17T11:15:01Z INFO  steel_front::engine::renderer] visible=65536/65536 near=65536 far=0 fps=371.7 frame_us=2474 cull_us=1 terrain_us=0 wait_fence_us=1636 acquire_us=1 record_us=102 submit_us=37 present_us=256 terrain_lod=high blend=0.000 quality=中画质 marker=84 npc=56
[2026-08-17T11:15:02Z INFO  steel_front] cam: yaw=0.0 pitch=0.0 dist=3.4 mode=FirstPerson cycle_us=3124 update_us=38 render_us=3086
[2026-08-17T11:15:02Z INFO  steel_front::engine::game] ai: npcs=8 near=8 far=0 idle=0 patrol=0 chase=0 attack=8 tactics=[8, 0, 0, 0, 0, 0, 0, 0]
[2026-08-17T11:15:02Z INFO  steel_front::engine::game] game: wave=1 enemies=8 enemy_hp=100 hp=100/100 score=0 phys_us=1 ai_us=842 audio_us=30 net_us=0
[2026-08-17T11:15:02Z INFO  steel_front::engine::renderer] visible=65536/65536 near=65536 far=0 fps=371.0 frame_us=2627 cull_us=1 terrain_us=0 wait_fence_us=2042 acquire_us=1 record_us=45 submit_us=33 present_us=277 terrain_lod=high blend=0.000 quality=中画质 marker=84 npc=56
[2026-08-17T11:15:03Z INFO  steel_front] cam: yaw=0.0 pitch=0.0 dist=3.4 mode=FirstPerson cycle_us=2508 update_us=21 render_us=2486
[2026-08-17T11:15:03Z INFO  steel_front::engine::game] ai: npcs=8 near=8 far=0 idle=0 patrol=0 chase=0 attack=8 tactics=[8, 0, 0, 0, 0, 0, 0, 0]
[2026-08-17T11:15:03Z INFO  steel_front::engine::game] game: wave=1 enemies=8 enemy_hp=100 hp=100/100 score=0 phys_us=1 ai_us=479 audio_us=25 net_us=0
[2026-08-17T11:15:03Z INFO  steel_front::engine::renderer] visible=65536/65536 near=65536 far=0 fps=370.8 frame_us=1992 cull_us=0 terrain_us=0 wait_fence_us=2354 acquire_us=0 record_us=51 submit_us=26 present_us=197 terrain_lod=high blend=0.000 quality=中画质 marker=84 npc=56
[2026-08-17T11:15:04Z INFO  steel_front] cam: yaw=0.0 pitch=0.0 dist=3.4 mode=FirstPerson cycle_us=2441 update_us=42 render_us=2398
[2026-08-17T11:15:04Z INFO  steel_front::engine::game] ai: npcs=8 near=8 far=0 idle=0 patrol=0 chase=0 attack=8 tactics=[8, 0, 0, 0, 0, 0, 0, 0]
[2026-08-17T11:15:04Z INFO  steel_front::engine::game] game: wave=1 enemies=8 enemy_hp=100 hp=100/100 score=0 phys_us=1 ai_us=413 audio_us=21 net_us=0
[2026-08-17T11:15:04Z INFO  steel_front::engine::renderer] visible=65536/65536 near=65536 far=0 fps=369.2 frame_us=2023 cull_us=0 terrain_us=0 wait_fence_us=1779 acquire_us=1 record_us=42 submit_us=33 present_us=208 terrain_lod=high blend=0.000 quality=中画质 marker=84 npc=56
[2026-08-17T11:15:05Z INFO  steel_front] cam: yaw=0.0 pitch=0.0 dist=3.4 mode=FirstPerson cycle_us=3051 update_us=22 render_us=3028
[2026-08-17T11:15:05Z INFO  steel_front::engine::game] ai: npcs=8 near=8 far=0 idle=0 patrol=0 chase=0 attack=8 tactics=[8, 0, 0, 0, 0, 0, 0, 0]
[2026-08-17T11:15:05Z INFO  steel_front::engine::game] game: wave=1 enemies=8 enemy_hp=100 hp=100/100 score=0 phys_us=7 ai_us=506 audio_us=33 net_us=0
[2026-08-17T11:15:05Z INFO  steel_front::engine::renderer] visible=65536/65536 near=65536 far=0 fps=368.2 frame_us=2125 cull_us=0 terrain_us=0 wait_fence_us=2199 acquire_us=1 record_us=38 submit_us=40 present_us=270 terrain_lod=high blend=0.000 quality=中画质 marker=84 npc=56
[2026-08-17T11:15:05Z INFO  steel_front] size diag: window_inner=2560x1600 hud=2560x1600
[2026-08-17T11:15:05Z INFO  steel_front] size diag: window_inner=2560x1600 hud=2560x1600
[2026-08-17T11:15:05Z INFO  steel_front] size diag: window_inner=2560x1600 hud=2560x1600
[2026-08-17T11:15:05Z INFO  steel_front] size diag: window_inner=2560x1600 hud=2560x1600
[2026-08-17T11:15:05Z INFO  steel_front] size diag: window_inner=2560x1600 hud=2560x1600
[2026-08-17T11:15:05Z INFO  steel_front] size diag: window_inner=2560x1600 hud=2560x1600
[2026-08-17T11:15:05Z INFO  steel_front] size diag: window_inner=2560x1600 hud=2560x1600
[2026-08-17T11:15:05Z INFO  steel_front] size diag: window_inner=2560x1600 hud=2560x1600
[2026-08-17T11:15:05Z INFO  steel_front] size diag: window_inner=2560x1600 hud=2560x1600
[2026-08-17T11:15:05Z INFO  steel_front] size diag: window_inner=2560x1600 hud=2560x1600
[2026-08-17T11:15:05Z INFO  steel_front] size diag: window_inner=2560x1600 hud=2560x1600
[2026-08-17T11:15:05Z INFO  steel_front] size diag: window_inner=2560x1600 hud=2560x1600
[2026-08-17T11:15:05Z INFO  steel_front] size diag: window_inner=2560x1600 hud=2560x1600
[2026-08-17T11:15:05Z INFO  steel_front] size diag: window_inner=2560x1600 hud=2560x1600
[2026-08-17T11:15:05Z INFO  steel_front] size diag: window_inner=2560x1600 hud=2560x1600
[2026-08-17T11:15:05Z INFO  steel_front] size diag: window_inner=2560x1600 hud=2560x1600
[2026-08-17T11:15:05Z INFO  steel_front] size diag: window_inner=2560x1600 hud=2560x1600
[2026-08-17T11:15:05Z INFO  steel_front] size diag: window_inner=2560x1600 hud=2560x1600
[2026-08-17T11:15:06Z INFO  steel_front] cam: yaw=0.0 pitch=0.0 dist=3.4 mode=FirstPerson cycle_us=2423 update_us=35 render_us=2387
[2026-08-17T11:15:06Z INFO  steel_front::engine::game] ai: npcs=8 near=8 far=0 idle=0 patrol=0 chase=0 attack=8 tactics=[8, 0, 0, 0, 0, 0, 0, 0]
[2026-08-17T11:15:06Z INFO  steel_front::engine::game] game: wave=1 enemies=8 enemy_hp=100 hp=100/100 score=0 phys_us=1 ai_us=409 audio_us=29 net_us=0
[2026-08-17T11:15:06Z INFO  steel_front::engine::renderer] visible=65536/65536 near=65536 far=0 fps=368.8 frame_us=2320 cull_us=1 terrain_us=0 wait_fence_us=1788 acquire_us=1 record_us=41 submit_us=34 present_us=206 terrain_lod=high blend=0.000 quality=中画质 marker=84 npc=56
[2026-08-17T11:15:07Z INFO  steel_front] cam: yaw=0.0 pitch=0.0 dist=3.4 mode=FirstPerson cycle_us=2890 update_us=23 render_us=2866
[2026-08-17T11:15:07Z INFO  steel_front::engine::game] ai: npcs=8 near=8 far=0 idle=0 patrol=0 chase=0 attack=8 tactics=[8, 0, 0, 0, 0, 0, 0, 0]
[2026-08-17T11:15:07Z INFO  steel_front::engine::game] game: wave=1 enemies=8 enemy_hp=100 hp=100/100 score=0 phys_us=2 ai_us=520 audio_us=25 net_us=0
[2026-08-17T11:15:07Z INFO  steel_front::engine::renderer] visible=65536/65536 near=65536 far=0 fps=370.6 frame_us=2747 cull_us=0 terrain_us=0 wait_fence_us=1784 acquire_us=1 record_us=42 submit_us=35 present_us=212 terrain_lod=high blend=0.000 quality=中画质 marker=84 npc=56
[2026-08-17T11:15:08Z INFO  steel_front] cam: yaw=0.0 pitch=0.0 dist=3.4 mode=FirstPerson cycle_us=2434 update_us=23 render_us=2410
[2026-08-17T11:15:08Z INFO  steel_front::engine::game] ai: npcs=8 near=8 far=0 idle=0 patrol=0 chase=0 attack=8 tactics=[8, 0, 0, 0, 0, 0, 0, 0]
[2026-08-17T11:15:08Z INFO  steel_front::engine::game] game: wave=1 enemies=8 enemy_hp=100 hp=100/100 score=0 phys_us=2 ai_us=506 audio_us=13 net_us=0
[2026-08-17T11:15:08Z INFO  steel_front::engine::renderer] visible=65536/65536 near=65536 far=0 fps=370.0 frame_us=2711 cull_us=0 terrain_us=0 wait_fence_us=1823 acquire_us=1 record_us=43 submit_us=32 present_us=233 terrain_lod=high blend=0.000 quality=中画质 marker=84 npc=56
[2026-08-17T11:15:09Z INFO  steel_front] cam: yaw=0.0 pitch=0.0 dist=3.4 mode=FirstPerson cycle_us=2870 update_us=37 render_us=2832
[2026-08-17T11:15:09Z INFO  steel_front::engine::game] ai: npcs=8 near=8 far=0 idle=0 patrol=0 chase=0 attack=8 tactics=[8, 0, 0, 0, 0, 0, 0, 0]
[2026-08-17T11:15:09Z INFO  steel_front::engine::game] game: wave=1 enemies=8 enemy_hp=100 hp=100/100 score=0 phys_us=2 ai_us=542 audio_us=32 net_us=0
[2026-08-17T11:15:09Z INFO  steel_front::engine::renderer] visible=65536/65536 near=65536 far=0 fps=370.5 frame_us=2332 cull_us=0 terrain_us=0 wait_fence_us=1933 acquire_us=0 record_us=56 submit_us=77 present_us=314 terrain_lod=high blend=0.000 quality=中画质 marker=84 npc=56
[2026-08-17T11:15:10Z INFO  steel_front] cam: yaw=0.0 pitch=0.0 dist=3.4 mode=FirstPerson cycle_us=2757 update_us=36 render_us=2721
[2026-08-17T11:15:10Z INFO  steel_front::engine::game] ai: npcs=8 near=8 far=0 idle=0 patrol=0 chase=0 attack=8 tactics=[8, 0, 0, 0, 0, 0, 0, 0]
[2026-08-17T11:15:10Z INFO  steel_front::engine::game] game: wave=1 enemies=8 enemy_hp=100 hp=100/100 score=0 phys_us=2 ai_us=409 audio_us=27 net_us=0
[2026-08-17T11:15:10Z INFO  steel_front::engine::renderer] visible=65536/65536 near=65536 far=0 fps=370.0 frame_us=2484 cull_us=0 terrain_us=0 wait_fence_us=2058 acquire_us=1 record_us=28 submit_us=97 present_us=225 terrain_lod=high blend=0.000 quality=中画质 marker=84 npc=56
[2026-08-17T11:15:10Z INFO  steel_front] size diag: window_inner=2560x1600 hud=2560x1600
[2026-08-17T11:15:10Z INFO  steel_front] size diag: window_inner=2560x1600 hud=2560x1600
[2026-08-17T11:15:10Z INFO  steel_front] size diag: window_inner=2560x1600 hud=2560x1600
[2026-08-17T11:15:10Z INFO  steel_front] size diag: window_inner=2560x1600 hud=2560x1600
[2026-08-17T11:15:10Z INFO  steel_front] size diag: window_inner=2560x1600 hud=2560x1600
[2026-08-17T11:15:10Z INFO  steel_front] size diag: window_inner=2560x1600 hud=2560x1600
[2026-08-17T11:15:10Z INFO  steel_front] size diag: window_inner=2560x1600 hud=2560x1600
[2026-08-17T11:15:10Z INFO  steel_front] size diag: window_inner=2560x1600 hud=2560x1600
[2026-08-17T11:15:10Z INFO  steel_front] size diag: window_inner=2560x1600 hud=2560x1600
[2026-08-17T11:15:10Z INFO  steel_front] size diag: window_inner=2560x1600 hud=2560x1600
[2026-08-17T11:15:10Z INFO  steel_front] size diag: window_inner=2560x1600 hud=2560x1600
[2026-08-17T11:15:10Z INFO  steel_front] size diag: window_inner=2560x1600 hud=2560x1600
[2026-08-17T11:15:10Z INFO  steel_front] size diag: window_inner=2560x1600 hud=2560x1600
[2026-08-17T11:15:10Z INFO  steel_front] size diag: window_inner=2560x1600 hud=2560x1600
[2026-08-17T11:15:10Z INFO  steel_front] size diag: window_inner=2560x1600 hud=2560x1600
[2026-08-17T11:15:10Z INFO  steel_front] size diag: window_inner=2560x1600 hud=2560x1600
[2026-08-17T11:15:10Z INFO  steel_front] size diag: window_inner=2560x1600 hud=2560x1600
[2026-08-17T11:15:10Z INFO  steel_front] size diag: window_inner=2560x1600 hud=2560x1600
[2026-08-17T11:15:10Z INFO  steel_front] size diag: window_inner=2560x1600 hud=2560x1600
[2026-08-17T11:15:11Z INFO  steel_front] cam: yaw=0.0 pitch=0.0 dist=3.4 mode=FirstPerson cycle_us=2654 update_us=36 render_us=2618
[2026-08-17T11:15:11Z INFO  steel_front::engine::game] ai: npcs=8 near=8 far=0 idle=0 patrol=0 chase=0 attack=8 tactics=[8, 0, 0, 0, 0, 0, 0, 0]
[2026-08-17T11:15:11Z INFO  steel_front::engine::game] game: wave=1 enemies=8 enemy_hp=100 hp=100/100 score=0 phys_us=1 ai_us=412 audio_us=30 net_us=0
[2026-08-17T11:15:11Z INFO  steel_front::engine::renderer] visible=65536/65536 near=65536 far=0 fps=370.8 frame_us=2510 cull_us=1 terrain_us=0 wait_fence_us=1762 acquire_us=1 record_us=44 submit_us=33 present_us=212 terrain_lod=high blend=0.000 quality=中画质 marker=84 npc=56
[2026-08-17T11:15:12Z INFO  steel_front] cam: yaw=0.0 pitch=0.0 dist=3.4 mode=FirstPerson cycle_us=2495 update_us=39 render_us=2455
[2026-08-17T11:15:12Z INFO  steel_front::engine::game] ai: npcs=8 near=8 far=0 idle=0 patrol=0 chase=0 attack=8 tactics=[8, 0, 0, 0, 0, 0, 0, 0]
[2026-08-17T11:15:12Z INFO  steel_front::engine::game] game: wave=1 enemies=8 enemy_hp=100 hp=100/100 score=0 phys_us=3 ai_us=476 audio_us=25 net_us=0
[2026-08-17T11:15:12Z INFO  steel_front::engine::renderer] visible=65536/65536 near=65536 far=0 fps=366.1 frame_us=2327 cull_us=1 terrain_us=0 wait_fence_us=2405 acquire_us=1 record_us=24 submit_us=23 present_us=448 terrain_lod=high blend=0.000 quality=中画质 marker=84 npc=56
[2026-08-17T11:15:13Z INFO  steel_front] cam: yaw=0.0 pitch=0.0 dist=3.4 mode=FirstPerson cycle_us=3221 update_us=24 render_us=3196
[2026-08-17T11:15:13Z INFO  steel_front::engine::game] ai: npcs=8 near=8 far=0 idle=0 patrol=0 chase=0 attack=8 tactics=[8, 0, 0, 0, 0, 0, 0, 0]
[2026-08-17T11:15:13Z INFO  steel_front::engine::game] game: wave=1 enemies=8 enemy_hp=100 hp=100/100 score=0 phys_us=2 ai_us=456 audio_us=26 net_us=0
[2026-08-17T11:15:13Z INFO  steel_front::engine::renderer] visible=65536/65536 near=65536 far=0 fps=369.9 frame_us=2330 cull_us=0 terrain_us=0 wait_fence_us=1986 acquire_us=1 record_us=30 submit_us=22 present_us=138 terrain_lod=high blend=0.000 quality=中画质 marker=84 npc=56
[2026-08-17T11:15:14Z INFO  steel_front] cam: yaw=0.0 pitch=0.0 dist=3.4 mode=FirstPerson cycle_us=2571 update_us=27 render_us=2543
[2026-08-17T11:15:14Z INFO  steel_front::engine::game] ai: npcs=8 near=8 far=0 idle=0 patrol=0 chase=0 attack=8 tactics=[8, 0, 0, 0, 0, 0, 0, 0]
[2026-08-17T11:15:14Z INFO  steel_front::engine::game] game: wave=1 enemies=8 enemy_hp=100 hp=100/100 score=0 phys_us=1 ai_us=388 audio_us=15 net_us=0
[2026-08-17T11:15:14Z INFO  steel_front::engine::renderer] visible=65536/65536 near=65536 far=0 fps=370.3 frame_us=2352 cull_us=0 terrain_us=0 wait_fence_us=1751 acquire_us=1 record_us=49 submit_us=49 present_us=210 terrain_lod=high blend=0.000 quality=中画质 marker=84 npc=56
[2026-08-17T11:15:15Z INFO  steel_front] cam: yaw=0.0 pitch=0.0 dist=3.4 mode=FirstPerson cycle_us=2586 update_us=37 render_us=2548
[2026-08-17T11:15:15Z INFO  steel_front::engine::game] ai: npcs=8 near=8 far=0 idle=0 patrol=0 chase=0 attack=8 tactics=[8, 0, 0, 0, 0, 0, 0, 0]
[2026-08-17T11:15:15Z INFO  steel_front::engine::game] game: wave=1 enemies=8 enemy_hp=100 hp=100/100 score=0 phys_us=2 ai_us=547 audio_us=28 net_us=0
[2026-08-17T11:15:15Z INFO  steel_front::engine::renderer] visible=65536/65536 near=65536 far=0 fps=372.1 frame_us=2321 cull_us=0 terrain_us=0 wait_fence_us=2376 acquire_us=1 record_us=41 submit_us=31 present_us=203 terrain_lod=high blend=0.000 quality=中画质 marker=84 npc=56
[2026-08-17T11:15:15Z INFO  steel_front] size diag: window_inner=2560x1600 hud=2560x1600
[2026-08-17T11:15:15Z INFO  steel_front] size diag: window_inner=2560x1600 hud=2560x1600
[2026-08-17T11:15:15Z INFO  steel_front] size diag: window_inner=2560x1600 hud=2560x1600
[2026-08-17T11:15:15Z INFO  steel_front] size diag: window_inner=2560x1600 hud=2560x1600
[2026-08-17T11:15:15Z INFO  steel_front] size diag: window_inner=2560x1600 hud=2560x1600
[2026-08-17T11:15:15Z INFO  steel_front] size diag: window_inner=2560x1600 hud=2560x1600
[2026-08-17T11:15:15Z INFO  steel_front] size diag: window_inner=2560x1600 hud=2560x1600
[2026-08-17T11:15:15Z INFO  steel_front] size diag: window_inner=2560x1600 hud=2560x1600
[2026-08-17T11:15:15Z INFO  steel_front] size diag: window_inner=2560x1600 hud=2560x1600
[2026-08-17T11:15:15Z INFO  steel_front] size diag: window_inner=2560x1600 hud=2560x1600
[2026-08-17T11:15:15Z INFO  steel_front] size diag: window_inner=2560x1600 hud=2560x1600
[2026-08-17T11:15:15Z INFO  steel_front] size diag: window_inner=2560x1600 hud=2560x1600
[2026-08-17T11:15:15Z INFO  steel_front] size diag: window_inner=2560x1600 hud=2560x1600
[2026-08-17T11:15:15Z INFO  steel_front] size diag: window_inner=2560x1600 hud=2560x1600
[2026-08-17T11:15:15Z INFO  steel_front] size diag: window_inner=2560x1600 hud=2560x1600
[2026-08-17T11:15:15Z INFO  steel_front] size diag: window_inner=2560x1600 hud=2560x1600
[2026-08-17T11:15:15Z INFO  steel_front] size diag: window_inner=2560x1600 hud=2560x1600
[2026-08-17T11:15:15Z INFO  steel_front] size diag: window_inner=2560x1600 hud=2560x1600
[2026-08-17T11:15:15Z INFO  steel_front] size diag: window_inner=2560x1600 hud=2560x1600
[2026-08-17T11:15:16Z INFO  steel_front] cam: yaw=0.0 pitch=0.0 dist=3.4 mode=FirstPerson cycle_us=2748 update_us=37 render_us=2711
[2026-08-17T11:15:16Z INFO  steel_front::engine::game] ai: npcs=8 near=8 far=0 idle=0 patrol=0 chase=0 attack=8 tactics=[8, 0, 0, 0, 0, 0, 0, 0]
[2026-08-17T11:15:16Z INFO  steel_front::engine::game] game: wave=1 enemies=8 enemy_hp=100 hp=100/100 score=0 phys_us=2 ai_us=493 audio_us=13 net_us=0
[2026-08-17T11:15:16Z INFO  steel_front::engine::renderer] visible=65536/65536 near=65536 far=0 fps=368.9 frame_us=2329 cull_us=0 terrain_us=0 wait_fence_us=2433 acquire_us=1 record_us=23 submit_us=20 present_us=118 terrain_lod=high blend=0.000 quality=中画质 marker=84 npc=56
[2026-08-17T11:15:17Z INFO  steel_front] cam: yaw=0.0 pitch=0.0 dist=3.4 mode=FirstPerson cycle_us=2505 update_us=38 render_us=2466
[2026-08-17T11:15:17Z INFO  steel_front::engine::game] ai: npcs=8 near=8 far=0 idle=0 patrol=0 chase=0 attack=8 tactics=[8, 0, 0, 0, 0, 0, 0, 0]
[2026-08-17T11:15:17Z INFO  steel_front::engine::game] game: wave=1 enemies=8 enemy_hp=100 hp=100/100 score=0 phys_us=2 ai_us=510 audio_us=24 net_us=0
[2026-08-17T11:15:17Z INFO  steel_front::engine::renderer] visible=65536/65536 near=65536 far=0 fps=371.5 frame_us=2405 cull_us=0 terrain_us=0 wait_fence_us=1896 acquire_us=1 record_us=41 submit_us=32 present_us=204 terrain_lod=high blend=0.000 quality=中画质 marker=84 npc=56
[2026-08-17T11:15:18Z INFO  steel_front] cam: yaw=0.0 pitch=0.0 dist=3.4 mode=FirstPerson cycle_us=2777 update_us=23 render_us=2754
[2026-08-17T11:15:18Z INFO  steel_front::engine::game] ai: npcs=8 near=8 far=0 idle=0 patrol=0 chase=0 attack=8 tactics=[8, 0, 0, 0, 0, 0, 0, 0]
[2026-08-17T11:15:18Z INFO  steel_front::engine::game] game: wave=1 enemies=8 enemy_hp=100 hp=100/100 score=0 phys_us=2 ai_us=616 audio_us=29 net_us=0
[2026-08-17T11:15:18Z INFO  steel_front::engine::renderer] visible=65536/65536 near=65536 far=0 fps=371.1 frame_us=2091 cull_us=1 terrain_us=0 wait_fence_us=2319 acquire_us=1 record_us=23 submit_us=50 present_us=155 terrain_lod=high blend=0.000 quality=中画质 marker=84 npc=56
[2026-08-17T11:15:19Z INFO  steel_front] cam: yaw=0.0 pitch=0.0 dist=3.4 mode=FirstPerson cycle_us=2400 update_us=38 render_us=2361
[2026-08-17T11:15:19Z INFO  steel_front::engine::game] ai: npcs=8 near=8 far=0 idle=0 patrol=0 chase=0 attack=8 tactics=[8, 0, 0, 0, 0, 0, 0, 0]
[2026-08-17T11:15:19Z INFO  steel_front::engine::game] game: wave=1 enemies=8 enemy_hp=100 hp=100/100 score=0 phys_us=2 ai_us=480 audio_us=30 net_us=0
[2026-08-17T11:15:19Z INFO  steel_front::engine::renderer] visible=65536/65536 near=65536 far=0 fps=369.5 frame_us=2443 cull_us=0 terrain_us=0 wait_fence_us=1908 acquire_us=0 record_us=41 submit_us=33 present_us=204 terrain_lod=high blend=0.000 quality=中画质 marker=84 npc=56
[2026-08-17T11:15:20Z INFO  steel_front] cam: yaw=0.0 pitch=0.0 dist=3.4 mode=FirstPerson cycle_us=2752 update_us=21 render_us=2730
[2026-08-17T11:15:20Z INFO  steel_front::engine::game] ai: npcs=8 near=8 far=0 idle=0 patrol=0 chase=0 attack=8 tactics=[8, 0, 0, 0, 0, 0, 0, 0]
[2026-08-17T11:15:20Z INFO  steel_front::engine::game] game: wave=1 enemies=8 enemy_hp=100 hp=100/100 score=0 phys_us=1 ai_us=611 audio_us=30 net_us=0
[2026-08-17T11:15:20Z INFO  steel_front::engine::renderer] visible=65536/65536 near=65536 far=0 fps=369.9 frame_us=2312 cull_us=1 terrain_us=0 wait_fence_us=1856 acquire_us=1 record_us=41 submit_us=113 present_us=206 terrain_lod=high blend=0.000 quality=中画质 marker=84 npc=56
[2026-08-17T11:15:20Z INFO  steel_front] size diag: window_inner=2560x1600 hud=2560x1600
[2026-08-17T11:15:20Z INFO  steel_front] size diag: window_inner=2560x1600 hud=2560x1600
[2026-08-17T11:15:20Z INFO  steel_front] size diag: window_inner=2560x1600 hud=2560x1600
[2026-08-17T11:15:20Z INFO  steel_front] size diag: window_inner=2560x1600 hud=2560x1600
[2026-08-17T11:15:20Z INFO  steel_front] size diag: window_inner=2560x1600 hud=2560x1600
[2026-08-17T11:15:20Z INFO  steel_front] size diag: window_inner=2560x1600 hud=2560x1600
[2026-08-17T11:15:20Z INFO  steel_front] size diag: window_inner=2560x1600 hud=2560x1600
[2026-08-17T11:15:20Z INFO  steel_front] size diag: window_inner=2560x1600 hud=2560x1600
[2026-08-17T11:15:20Z INFO  steel_front] size diag: window_inner=2560x1600 hud=2560x1600
[2026-08-17T11:15:20Z INFO  steel_front] size diag: window_inner=2560x1600 hud=2560x1600
[2026-08-17T11:15:20Z INFO  steel_front] size diag: window_inner=2560x1600 hud=2560x1600
[2026-08-17T11:15:20Z INFO  steel_front] size diag: window_inner=2560x1600 hud=2560x1600
[2026-08-17T11:15:20Z INFO  steel_front] size diag: window_inner=2560x1600 hud=2560x1600
[2026-08-17T11:15:20Z INFO  steel_front] size diag: window_inner=2560x1600 hud=2560x1600
[2026-08-17T11:15:20Z INFO  steel_front] size diag: window_inner=2560x1600 hud=2560x1600
[2026-08-17T11:15:20Z INFO  steel_front] size diag: window_inner=2560x1600 hud=2560x1600
[2026-08-17T11:15:20Z INFO  steel_front] size diag: window_inner=2560x1600 hud=2560x1600
[2026-08-17T11:15:20Z INFO  steel_front] size diag: window_inner=2560x1600 hud=2560x1600
[2026-08-17T11:15:21Z INFO  steel_front] cam: yaw=0.0 pitch=0.0 dist=3.4 mode=FirstPerson cycle_us=2806 update_us=36 render_us=2769
[2026-08-17T11:15:21Z INFO  steel_front::engine::game] ai: npcs=8 near=8 far=0 idle=0 patrol=0 chase=0 attack=8 tactics=[8, 0, 0, 0, 0, 0, 0, 0]
[2026-08-17T11:15:21Z INFO  steel_front::engine::game] game: wave=1 enemies=8 enemy_hp=100 hp=100/100 score=0 phys_us=2 ai_us=475 audio_us=24 net_us=0
[2026-08-17T11:15:21Z INFO  steel_front::engine::renderer] visible=65536/65536 near=65536 far=0 fps=370.2 frame_us=2040 cull_us=0 terrain_us=0 wait_fence_us=2154 acquire_us=1 record_us=45 submit_us=39 present_us=281 terrain_lod=high blend=0.000 quality=中画质 marker=84 npc=56
[2026-08-17T11:15:22Z INFO  steel_front] cam: yaw=0.0 pitch=0.0 dist=3.4 mode=FirstPerson cycle_us=2444 update_us=39 render_us=2405
[2026-08-17T11:15:22Z INFO  steel_front::engine::game] ai: npcs=8 near=8 far=0 idle=0 patrol=0 chase=0 attack=8 tactics=[8, 0, 0, 0, 0, 0, 0, 0]
[2026-08-17T11:15:22Z INFO  steel_front::engine::game] game: wave=1 enemies=8 enemy_hp=100 hp=100/100 score=0 phys_us=2 ai_us=437 audio_us=14 net_us=0
[2026-08-17T11:15:22Z INFO  steel_front::engine::renderer] visible=65536/65536 near=65536 far=0 fps=371.4 frame_us=2300 cull_us=1 terrain_us=0 wait_fence_us=1852 acquire_us=1 record_us=46 submit_us=37 present_us=514 terrain_lod=high blend=0.000 quality=中画质 marker=84 npc=56
[2026-08-17T11:15:23Z INFO  steel_front] cam: yaw=0.0 pitch=0.0 dist=3.4 mode=FirstPerson cycle_us=2959 update_us=43 render_us=2916
[2026-08-17T11:15:23Z INFO  steel_front::engine::game] ai: npcs=8 near=8 far=0 idle=0 patrol=0 chase=0 attack=8 tactics=[8, 0, 0, 0, 0, 0, 0, 0]
[2026-08-17T11:15:23Z INFO  steel_front::engine::game] game: wave=1 enemies=8 enemy_hp=100 hp=100/100 score=0 phys_us=2 ai_us=455 audio_us=15 net_us=0
[2026-08-17T11:15:23Z INFO  steel_front::engine::renderer] visible=65536/65536 near=65536 far=0 fps=372.3 frame_us=2380 cull_us=0 terrain_us=0 wait_fence_us=1815 acquire_us=0 record_us=43 submit_us=36 present_us=212 terrain_lod=high blend=0.000 quality=中画质 marker=84 npc=56
[2026-08-17T11:15:24Z INFO  steel_front] cam: yaw=0.0 pitch=0.0 dist=3.4 mode=FirstPerson cycle_us=2567 update_us=41 render_us=2526
[2026-08-17T11:15:24Z INFO  steel_front::engine::game] ai: npcs=8 near=8 far=0 idle=0 patrol=0 chase=0 attack=8 tactics=[8, 0, 0, 0, 0, 0, 0, 0]
[2026-08-17T11:15:24Z INFO  steel_front::engine::game] game: wave=1 enemies=8 enemy_hp=100 hp=100/100 score=0 phys_us=2 ai_us=622 audio_us=27 net_us=0
[2026-08-17T11:15:24Z INFO  steel_front::engine::renderer] visible=65536/65536 near=65536 far=0 fps=371.8 frame_us=2745 cull_us=3 terrain_us=0 wait_fence_us=1886 acquire_us=6 record_us=42 submit_us=34 present_us=209 terrain_lod=high blend=0.000 quality=中画质 marker=84 npc=56
[2026-08-17T11:15:25Z INFO  steel_front] cam: yaw=0.0 pitch=0.0 dist=3.4 mode=FirstPerson cycle_us=2571 update_us=42 render_us=2529
[2026-08-17T11:15:25Z INFO  steel_front::engine::game] ai: npcs=8 near=8 far=0 idle=0 patrol=0 chase=0 attack=8 tactics=[8, 0, 0, 0, 0, 0, 0, 0]
[2026-08-17T11:15:25Z INFO  steel_front::engine::game] game: wave=1 enemies=8 enemy_hp=100 hp=100/100 score=0 phys_us=1 ai_us=441 audio_us=14 net_us=0
[2026-08-17T11:15:25Z INFO  steel_front::engine::renderer] visible=65536/65536 near=65536 far=0 fps=372.0 frame_us=2267 cull_us=1 terrain_us=0 wait_fence_us=2453 acquire_us=1 record_us=26 submit_us=25 present_us=146 terrain_lod=high blend=0.000 quality=中画质 marker=84 npc=56
[2026-08-17T11:15:25Z INFO  steel_front] size diag: window_inner=2560x1600 hud=2560x1600
[2026-08-17T11:15:25Z INFO  steel_front] size diag: window_inner=2560x1600 hud=2560x1600
[2026-08-17T11:15:25Z INFO  steel_front] size diag: window_inner=2560x1600 hud=2560x1600
[2026-08-17T11:15:25Z INFO  steel_front] size diag: window_inner=2560x1600 hud=2560x1600
[2026-08-17T11:15:25Z INFO  steel_front] size diag: window_inner=2560x1600 hud=2560x1600
[2026-08-17T11:15:25Z INFO  steel_front] size diag: window_inner=2560x1600 hud=2560x1600
[2026-08-17T11:15:25Z INFO  steel_front] size diag: window_inner=2560x1600 hud=2560x1600
[2026-08-17T11:15:25Z INFO  steel_front] size diag: window_inner=2560x1600 hud=2560x1600
[2026-08-17T11:15:25Z INFO  steel_front] size diag: window_inner=2560x1600 hud=2560x1600
[2026-08-17T11:15:25Z INFO  steel_front] size diag: window_inner=2560x1600 hud=2560x1600
[2026-08-17T11:15:25Z INFO  steel_front] size diag: window_inner=2560x1600 hud=2560x1600
[2026-08-17T11:15:25Z INFO  steel_front] size diag: window_inner=2560x1600 hud=2560x1600
[2026-08-17T11:15:25Z INFO  steel_front] size diag: window_inner=2560x1600 hud=2560x1600
[2026-08-17T11:15:25Z INFO  steel_front] size diag: window_inner=2560x1600 hud=2560x1600
[2026-08-17T11:15:25Z INFO  steel_front] size diag: window_inner=2560x1600 hud=2560x1600
[2026-08-17T11:15:25Z INFO  steel_front] size diag: window_inner=2560x1600 hud=2560x1600
[2026-08-17T11:15:25Z INFO  steel_front] size diag: window_inner=2560x1600 hud=2560x1600
[2026-08-17T11:15:25Z INFO  steel_front] size diag: window_inner=2560x1600 hud=2560x1600
[2026-08-17T11:15:25Z INFO  steel_front] size diag: window_inner=2560x1600 hud=2560x1600
[2026-08-17T11:15:26Z INFO  steel_front] cam: yaw=0.0 pitch=0.0 dist=3.4 mode=FirstPerson cycle_us=2850 update_us=22 render_us=2827
[2026-08-17T11:15:26Z INFO  steel_front::engine::game] ai: npcs=8 near=8 far=0 idle=0 patrol=0 chase=0 attack=8 tactics=[8, 0, 0, 0, 0, 0, 0, 0]
[2026-08-17T11:15:26Z INFO  steel_front::engine::game] game: wave=1 enemies=8 enemy_hp=100 hp=100/100 score=0 phys_us=2 ai_us=448 audio_us=21 net_us=0
[2026-08-17T11:15:26Z INFO  steel_front::engine::renderer] visible=65536/65536 near=65536 far=0 fps=369.1 frame_us=2657 cull_us=1 terrain_us=0 wait_fence_us=1692 acquire_us=1 record_us=47 submit_us=51 present_us=397 terrain_lod=high blend=0.000 quality=中画质 marker=84 npc=56
[2026-08-17T11:15:27Z INFO  steel_front] cam: yaw=0.0 pitch=0.0 dist=3.4 mode=FirstPerson cycle_us=2812 update_us=45 render_us=2766
[2026-08-17T11:15:27Z INFO  steel_front::engine::game] ai: npcs=8 near=8 far=0 idle=0 patrol=0 chase=0 attack=8 tactics=[8, 0, 0, 0, 0, 0, 0, 0]
[2026-08-17T11:15:27Z INFO  steel_front::engine::game] game: wave=1 enemies=8 enemy_hp=100 hp=100/100 score=0 phys_us=3 ai_us=582 audio_us=17 net_us=0
[2026-08-17T11:15:27Z INFO  steel_front::engine::renderer] visible=65536/65536 near=65536 far=0 fps=361.7 frame_us=2173 cull_us=0 terrain_us=0 wait_fence_us=1961 acquire_us=1 record_us=46 submit_us=39 present_us=268 terrain_lod=high blend=0.000 quality=中画质 marker=84 npc=56
[2026-08-17T11:15:28Z INFO  steel_front] cam: yaw=0.0 pitch=0.0 dist=3.4 mode=FirstPerson cycle_us=2727 update_us=25 render_us=2701
[2026-08-17T11:15:28Z INFO  steel_front::engine::game] ai: npcs=8 near=8 far=0 idle=0 patrol=0 chase=0 attack=8 tactics=[8, 0, 0, 0, 0, 0, 0, 0]
[2026-08-17T11:15:28Z INFO  steel_front::engine::game] game: wave=1 enemies=8 enemy_hp=100 hp=100/100 score=0 phys_us=3 ai_us=471 audio_us=17 net_us=0
[2026-08-17T11:15:28Z INFO  steel_front::engine::renderer] visible=65536/65536 near=65536 far=0 fps=369.1 frame_us=2330 cull_us=1 terrain_us=0 wait_fence_us=1763 acquire_us=2 record_us=36 submit_us=39 present_us=257 terrain_lod=high blend=0.000 quality=中画质 marker=84 npc=56
[2026-08-17T11:15:29Z INFO  steel_front] cam: yaw=0.0 pitch=0.0 dist=3.4 mode=FirstPerson cycle_us=2609 update_us=26 render_us=2582
[2026-08-17T11:15:29Z INFO  steel_front::engine::game] ai: npcs=8 near=8 far=0 idle=0 patrol=0 chase=0 attack=8 tactics=[8, 0, 0, 0, 0, 0, 0, 0]
[2026-08-17T11:15:29Z INFO  steel_front::engine::game] game: wave=1 enemies=8 enemy_hp=100 hp=100/100 score=0 phys_us=2 ai_us=479 audio_us=25 net_us=0
[2026-08-17T11:15:29Z INFO  steel_front::engine::renderer] visible=65536/65536 near=65536 far=0 fps=375.5 frame_us=2756 cull_us=1 terrain_us=0 wait_fence_us=1136 acquire_us=1 record_us=149 submit_us=89 present_us=474 terrain_lod=high blend=0.000 quality=中画质 marker=84 npc=56
[2026-08-17T11:15:30Z INFO  steel_front] cam: yaw=0.0 pitch=0.0 dist=3.4 mode=FirstPerson cycle_us=2803 update_us=37 render_us=2765
[2026-08-17T11:15:30Z INFO  steel_front::engine::game] ai: npcs=8 near=8 far=0 idle=0 patrol=0 chase=0 attack=8 tactics=[8, 0, 0, 0, 0, 0, 0, 0]
[2026-08-17T11:15:30Z INFO  steel_front::engine::game] game: wave=1 enemies=8 enemy_hp=100 hp=100/100 score=0 phys_us=2 ai_us=786 audio_us=14 net_us=0
[2026-08-17T11:15:30Z INFO  steel_front::engine::renderer] visible=65536/65536 near=65536 far=0 fps=368.2 frame_us=2051 cull_us=0 terrain_us=0 wait_fence_us=2568 acquire_us=1 record_us=25 submit_us=23 present_us=150 terrain_lod=high blend=0.000 quality=中画质 marker=84 npc=56
[2026-08-17T11:15:30Z INFO  steel_front] size diag: window_inner=2560x1600 hud=2560x1600
[2026-08-17T11:15:30Z INFO  steel_front] size diag: window_inner=2560x1600 hud=2560x1600
[2026-08-17T11:15:30Z INFO  steel_front] size diag: window_inner=2560x1600 hud=2560x1600
[2026-08-17T11:15:30Z INFO  steel_front] size diag: window_inner=2560x1600 hud=2560x1600
[2026-08-17T11:15:30Z INFO  steel_front] size diag: window_inner=2560x1600 hud=2560x1600
[2026-08-17T11:15:30Z INFO  steel_front] size diag: window_inner=2560x1600 hud=2560x1600
[2026-08-17T11:15:30Z INFO  steel_front] size diag: window_inner=2560x1600 hud=2560x1600
[2026-08-17T11:15:30Z INFO  steel_front] size diag: window_inner=2560x1600 hud=2560x1600
[2026-08-17T11:15:30Z INFO  steel_front] size diag: window_inner=2560x1600 hud=2560x1600
[2026-08-17T11:15:30Z INFO  steel_front] size diag: window_inner=2560x1600 hud=2560x1600
[2026-08-17T11:15:30Z INFO  steel_front] size diag: window_inner=2560x1600 hud=2560x1600
[2026-08-17T11:15:30Z INFO  steel_front] size diag: window_inner=2560x1600 hud=2560x1600
[2026-08-17T11:15:30Z INFO  steel_front] size diag: window_inner=2560x1600 hud=2560x1600
[2026-08-17T11:15:30Z INFO  steel_front] size diag: window_inner=2560x1600 hud=2560x1600
[2026-08-17T11:15:30Z INFO  steel_front] size diag: window_inner=2560x1600 hud=2560x1600
[2026-08-17T11:15:30Z INFO  steel_front] size diag: window_inner=2560x1600 hud=2560x1600
[2026-08-17T11:15:30Z INFO  steel_front] size diag: window_inner=2560x1600 hud=2560x1600
[2026-08-17T11:15:30Z INFO  steel_front] size diag: window_inner=2560x1600 hud=2560x1600
[2026-08-17T11:15:31Z INFO  steel_front] cam: yaw=0.0 pitch=0.0 dist=3.4 mode=FirstPerson cycle_us=2719 update_us=30 render_us=2688
[2026-08-17T11:15:31Z INFO  steel_front::engine::game] ai: npcs=8 near=8 far=0 idle=0 patrol=0 chase=0 attack=8 tactics=[8, 0, 0, 0, 0, 0, 0, 0]
[2026-08-17T11:15:31Z INFO  steel_front::engine::game] game: wave=1 enemies=8 enemy_hp=100 hp=100/100 score=0 phys_us=1 ai_us=492 audio_us=27 net_us=0
[2026-08-17T11:15:31Z INFO  steel_front::engine::renderer] visible=65536/65536 near=65536 far=0 fps=366.7 frame_us=2493 cull_us=1 terrain_us=0 wait_fence_us=2108 acquire_us=1 record_us=33 submit_us=27 present_us=166 terrain_lod=high blend=0.000 quality=中画质 marker=70 npc=56
[2026-08-17T11:15:32Z INFO  steel_front] cam: yaw=0.0 pitch=0.0 dist=3.4 mode=FirstPerson cycle_us=2856 update_us=24 render_us=2831
[2026-08-17T11:15:32Z INFO  steel_front::engine::game] ai: npcs=8 near=8 far=0 idle=0 patrol=0 chase=0 attack=8 tactics=[8, 0, 0, 0, 0, 0, 0, 0]
[2026-08-17T11:15:32Z INFO  steel_front::engine::game] game: wave=1 enemies=8 enemy_hp=100 hp=100/100 score=0 phys_us=1 ai_us=394 audio_us=25 net_us=0
[2026-08-17T11:15:32Z INFO  steel_front::engine::renderer] visible=65536/65536 near=65536 far=0 fps=368.7 frame_us=2480 cull_us=0 terrain_us=0 wait_fence_us=1845 acquire_us=1 record_us=44 submit_us=33 present_us=228 terrain_lod=high blend=0.000 quality=中画质 marker=84 npc=56
[2026-08-17T11:15:33Z INFO  steel_front] cam: yaw=0.0 pitch=0.0 dist=3.4 mode=FirstPerson cycle_us=2785 update_us=35 render_us=2750
[2026-08-17T11:15:33Z INFO  steel_front::engine::game] ai: npcs=8 near=8 far=0 idle=0 patrol=0 chase=0 attack=8 tactics=[8, 0, 0, 0, 0, 0, 0, 0]
[2026-08-17T11:15:33Z INFO  steel_front::engine::game] game: wave=1 enemies=8 enemy_hp=100 hp=100/100 score=0 phys_us=2 ai_us=246 audio_us=15 net_us=0
[2026-08-17T11:15:33Z INFO  steel_front::engine::renderer] visible=65536/65536 near=65536 far=0 fps=369.8 frame_us=2283 cull_us=1 terrain_us=0 wait_fence_us=1923 acquire_us=1 record_us=42 submit_us=31 present_us=206 terrain_lod=high blend=0.000 quality=中画质 marker=84 npc=56
[2026-08-17T11:15:34Z INFO  steel_front] cam: yaw=0.0 pitch=0.0 dist=3.4 mode=FirstPerson cycle_us=2482 update_us=37 render_us=2444
[2026-08-17T11:15:34Z INFO  steel_front::engine::game] ai: npcs=8 near=8 far=0 idle=0 patrol=0 chase=0 attack=8 tactics=[8, 0, 0, 0, 0, 0, 0, 0]
[2026-08-17T11:15:34Z INFO  steel_front::engine::game] game: wave=1 enemies=8 enemy_hp=100 hp=100/100 score=0 phys_us=2 ai_us=584 audio_us=27 net_us=0
[2026-08-17T11:15:34Z INFO  steel_front::engine::renderer] visible=65536/65536 near=65536 far=0 fps=369.8 frame_us=2390 cull_us=0 terrain_us=0 wait_fence_us=2021 acquire_us=1 record_us=40 submit_us=36 present_us=251 terrain_lod=high blend=0.000 quality=中画质 marker=84 npc=56
[2026-08-17T11:15:35Z INFO  steel_front] cam: yaw=0.0 pitch=0.0 dist=3.4 mode=FirstPerson cycle_us=2765 update_us=35 render_us=2730
[2026-08-17T11:15:35Z INFO  steel_front::engine::game] ai: npcs=8 near=8 far=0 idle=0 patrol=0 chase=0 attack=8 tactics=[8, 0, 0, 0, 0, 0, 0, 0]
[2026-08-17T11:15:35Z INFO  steel_front::engine::game] game: wave=1 enemies=8 enemy_hp=100 hp=100/100 score=0 phys_us=2 ai_us=546 audio_us=32 net_us=0
[2026-08-17T11:15:35Z INFO  steel_front::engine::renderer] visible=65536/65536 near=65536 far=0 fps=368.7 frame_us=1899 cull_us=0 terrain_us=0 wait_fence_us=2407 acquire_us=1 record_us=26 submit_us=20 present_us=141 terrain_lod=high blend=0.000 quality=中画质 marker=84 npc=56
[2026-08-17T11:15:35Z INFO  steel_front] size diag: window_inner=2560x1600 hud=2560x1600
[2026-08-17T11:15:35Z INFO  steel_front] size diag: window_inner=2560x1600 hud=2560x1600
[2026-08-17T11:15:35Z INFO  steel_front] size diag: window_inner=2560x1600 hud=2560x1600
[2026-08-17T11:15:35Z INFO  steel_front] size diag: window_inner=2560x1600 hud=2560x1600
[2026-08-17T11:15:35Z INFO  steel_front] size diag: window_inner=2560x1600 hud=2560x1600
[2026-08-17T11:15:35Z INFO  steel_front] size diag: window_inner=2560x1600 hud=2560x1600
[2026-08-17T11:15:35Z INFO  steel_front] size diag: window_inner=2560x1600 hud=2560x1600
[2026-08-17T11:15:35Z INFO  steel_front] size diag: window_inner=2560x1600 hud=2560x1600
[2026-08-17T11:15:35Z INFO  steel_front] size diag: window_inner=2560x1600 hud=2560x1600
[2026-08-17T11:15:35Z INFO  steel_front] size diag: window_inner=2560x1600 hud=2560x1600
[2026-08-17T11:15:35Z INFO  steel_front] size diag: window_inner=2560x1600 hud=2560x1600
[2026-08-17T11:15:35Z INFO  steel_front] size diag: window_inner=2560x1600 hud=2560x1600
[2026-08-17T11:15:35Z INFO  steel_front] size diag: window_inner=2560x1600 hud=2560x1600
[2026-08-17T11:15:35Z INFO  steel_front] size diag: window_inner=2560x1600 hud=2560x1600
[2026-08-17T11:15:35Z INFO  steel_front] size diag: window_inner=2560x1600 hud=2560x1600
[2026-08-17T11:15:35Z INFO  steel_front] size diag: window_inner=2560x1600 hud=2560x1600
[2026-08-17T11:15:35Z INFO  steel_front] size diag: window_inner=2560x1600 hud=2560x1600
[2026-08-17T11:15:35Z INFO  steel_front] size diag: window_inner=2560x1600 hud=2560x1600
[2026-08-17T11:15:36Z INFO  steel_front] cam: yaw=0.0 pitch=0.0 dist=3.4 mode=FirstPerson cycle_us=3077 update_us=19 render_us=3057
[2026-08-17T11:15:36Z INFO  steel_front::engine::game] ai: npcs=8 near=8 far=0 idle=0 patrol=0 chase=0 attack=8 tactics=[8, 0, 0, 0, 0, 0, 0, 0]
[2026-08-17T11:15:36Z INFO  steel_front::engine::game] game: wave=1 enemies=8 enemy_hp=100 hp=100/100 score=0 phys_us=2 ai_us=464 audio_us=24 net_us=0
[2026-08-17T11:15:36Z INFO  steel_front::engine::renderer] visible=65536/65536 near=65536 far=0 fps=370.9 frame_us=2552 cull_us=0 terrain_us=0 wait_fence_us=2208 acquire_us=1 record_us=46 submit_us=37 present_us=306 terrain_lod=high blend=0.000 quality=中画质 marker=84 npc=56
[2026-08-17T11:15:37Z INFO  steel_front] cam: yaw=0.0 pitch=0.0 dist=3.4 mode=FirstPerson cycle_us=2556 update_us=25 render_us=2530
[2026-08-17T11:15:37Z INFO  steel_front::engine::game] ai: npcs=8 near=8 far=0 idle=0 patrol=0 chase=0 attack=8 tactics=[8, 0, 0, 0, 0, 0, 0, 0]
[2026-08-17T11:15:37Z INFO  steel_front::engine::game] game: wave=1 enemies=8 enemy_hp=100 hp=100/100 score=0 phys_us=2 ai_us=650 audio_us=16 net_us=0
[2026-08-17T11:15:37Z INFO  steel_front::engine::renderer] visible=65536/65536 near=65536 far=0 fps=369.3 frame_us=2650 cull_us=1 terrain_us=0 wait_fence_us=1741 acquire_us=1 record_us=56 submit_us=37 present_us=265 terrain_lod=high blend=0.000 quality=中画质 marker=84 npc=56
[2026-08-17T11:15:38Z INFO  steel_front] cam: yaw=0.0 pitch=0.0 dist=3.4 mode=FirstPerson cycle_us=2509 update_us=37 render_us=2471
[2026-08-17T11:15:38Z INFO  steel_front::engine::game] ai: npcs=8 near=8 far=0 idle=0 patrol=0 chase=0 attack=8 tactics=[8, 0, 0, 0, 0, 0, 0, 0]
[2026-08-17T11:15:38Z INFO  steel_front::engine::game] game: wave=1 enemies=8 enemy_hp=100 hp=100/100 score=0 phys_us=2 ai_us=502 audio_us=25 net_us=0
[2026-08-17T11:15:38Z INFO  steel_front::engine::renderer] visible=65536/65536 near=65536 far=0 fps=369.8 frame_us=2156 cull_us=0 terrain_us=0 wait_fence_us=2060 acquire_us=1 record_us=42 submit_us=35 present_us=275 terrain_lod=high blend=0.000 quality=中画质 marker=84 npc=56
[2026-08-17T11:15:39Z INFO  steel_front] cam: yaw=0.0 pitch=0.0 dist=3.4 mode=FirstPerson cycle_us=2859 update_us=34 render_us=2824
[2026-08-17T11:15:39Z INFO  steel_front::engine::game] ai: npcs=8 near=8 far=0 idle=0 patrol=0 chase=0 attack=8 tactics=[8, 0, 0, 0, 0, 0, 0, 0]
[2026-08-17T11:15:39Z INFO  steel_front::engine::game] game: wave=1 enemies=8 enemy_hp=100 hp=100/100 score=0 phys_us=1 ai_us=426 audio_us=14 net_us=0
[2026-08-17T11:15:39Z INFO  steel_front::engine::renderer] visible=65536/65536 near=65536 far=0 fps=370.4 frame_us=2136 cull_us=0 terrain_us=0 wait_fence_us=2134 acquire_us=1 record_us=41 submit_us=34 present_us=291 terrain_lod=high blend=0.000 quality=中画质 marker=84 npc=56
[2026-08-17T11:15:40Z INFO  steel_front] cam: yaw=0.0 pitch=0.0 dist=3.4 mode=FirstPerson cycle_us=2937 update_us=21 render_us=2915
[2026-08-17T11:15:40Z INFO  steel_front::engine::game] ai: npcs=8 near=8 far=0 idle=0 patrol=0 chase=0 attack=8 tactics=[8, 0, 0, 0, 0, 0, 0, 0]
[2026-08-17T11:15:40Z INFO  steel_front::engine::game] game: wave=1 enemies=8 enemy_hp=100 hp=100/100 score=0 phys_us=2 ai_us=511 audio_us=37 net_us=1
[2026-08-17T11:15:40Z INFO  steel_front::engine::renderer] visible=65536/65536 near=65536 far=0 fps=363.8 frame_us=2683 cull_us=0 terrain_us=0 wait_fence_us=1835 acquire_us=1 record_us=47 submit_us=41 present_us=237 terrain_lod=high blend=0.000 quality=中画质 marker=84 npc=56
[2026-08-17T11:15:40Z INFO  steel_front] size diag: window_inner=2560x1600 hud=2560x1600
[2026-08-17T11:15:40Z INFO  steel_front] size diag: window_inner=2560x1600 hud=2560x1600
[2026-08-17T11:15:40Z INFO  steel_front] size diag: window_inner=2560x1600 hud=2560x1600
[2026-08-17T11:15:40Z INFO  steel_front] size diag: window_inner=2560x1600 hud=2560x1600
[2026-08-17T11:15:40Z INFO  steel_front] size diag: window_inner=2560x1600 hud=2560x1600
[2026-08-17T11:15:40Z INFO  steel_front] size diag: window_inner=2560x1600 hud=2560x1600
[2026-08-17T11:15:40Z INFO  steel_front] size diag: window_inner=2560x1600 hud=2560x1600
[2026-08-17T11:15:40Z INFO  steel_front] size diag: window_inner=2560x1600 hud=2560x1600
[2026-08-17T11:15:40Z INFO  steel_front] size diag: window_inner=2560x1600 hud=2560x1600
[2026-08-17T11:15:40Z INFO  steel_front] size diag: window_inner=2560x1600 hud=2560x1600
[2026-08-17T11:15:40Z INFO  steel_front] size diag: window_inner=2560x1600 hud=2560x1600
[2026-08-17T11:15:40Z INFO  steel_front] size diag: window_inner=2560x1600 hud=2560x1600
[2026-08-17T11:15:40Z INFO  steel_front] size diag: window_inner=2560x1600 hud=2560x1600
[2026-08-17T11:15:40Z INFO  steel_front] size diag: window_inner=2560x1600 hud=2560x1600
[2026-08-17T11:15:40Z INFO  steel_front] size diag: window_inner=2560x1600 hud=2560x1600
[2026-08-17T11:15:40Z INFO  steel_front] size diag: window_inner=2560x1600 hud=2560x1600
[2026-08-17T11:15:40Z INFO  steel_front] size diag: window_inner=2560x1600 hud=2560x1600
[2026-08-17T11:15:40Z INFO  steel_front] size diag: window_inner=2560x1600 hud=2560x1600
[2026-08-17T11:15:41Z INFO  steel_front] cam: yaw=0.0 pitch=0.0 dist=3.4 mode=FirstPerson cycle_us=3148 update_us=41 render_us=3107
[2026-08-17T11:15:41Z INFO  steel_front::engine::game] ai: npcs=8 near=8 far=0 idle=0 patrol=0 chase=0 attack=8 tactics=[8, 0, 0, 0, 0, 0, 0, 0]
[2026-08-17T11:15:41Z INFO  steel_front::engine::game] game: wave=1 enemies=8 enemy_hp=100 hp=100/100 score=0 phys_us=4 ai_us=293 audio_us=29 net_us=0
[2026-08-17T11:15:41Z INFO  steel_front::engine::renderer] visible=65536/65536 near=65536 far=0 fps=367.5 frame_us=2452 cull_us=0 terrain_us=0 wait_fence_us=2222 acquire_us=0 record_us=28 submit_us=37 present_us=138 terrain_lod=high blend=0.000 quality=中画质 marker=84 npc=56
[2026-08-17T11:15:42Z INFO  steel_front] cam: yaw=0.0 pitch=0.0 dist=3.4 mode=FirstPerson cycle_us=2802 update_us=35 render_us=2766
[2026-08-17T11:15:42Z INFO  steel_front::engine::game] ai: npcs=8 near=8 far=0 idle=0 patrol=0 chase=0 attack=8 tactics=[8, 0, 0, 0, 0, 0, 0, 0]
[2026-08-17T11:15:42Z INFO  steel_front::engine::game] game: wave=1 enemies=8 enemy_hp=100 hp=100/100 score=0 phys_us=1 ai_us=919 audio_us=14 net_us=0
[2026-08-17T11:15:42Z INFO  steel_front::engine::renderer] visible=65536/65536 near=65536 far=0 fps=369.0 frame_us=2270 cull_us=1 terrain_us=0 wait_fence_us=2457 acquire_us=1 record_us=26 submit_us=21 present_us=244 terrain_lod=high blend=0.000 quality=中画质 marker=84 npc=56
[2026-08-17T11:15:43Z INFO  steel_front] cam: yaw=0.0 pitch=0.0 dist=3.4 mode=FirstPerson cycle_us=2965 update_us=36 render_us=2929
[2026-08-17T11:15:43Z INFO  steel_front::engine::game] ai: npcs=8 near=8 far=0 idle=0 patrol=0 chase=0 attack=8 tactics=[8, 0, 0, 0, 0, 0, 0, 0]
[2026-08-17T11:15:43Z INFO  steel_front::engine::game] game: wave=1 enemies=8 enemy_hp=100 hp=100/100 score=0 phys_us=4 ai_us=458 audio_us=31 net_us=0
[2026-08-17T11:15:43Z INFO  steel_front::engine::renderer] visible=65536/65536 near=65536 far=0 fps=369.7 frame_us=2621 cull_us=0 terrain_us=0 wait_fence_us=1813 acquire_us=0 record_us=42 submit_us=32 present_us=205 terrain_lod=high blend=0.000 quality=中画质 marker=84 npc=56
[2026-08-17T11:15:44Z INFO  steel_front] cam: yaw=0.0 pitch=0.0 dist=3.4 mode=FirstPerson cycle_us=2400 update_us=59 render_us=2341
[2026-08-17T11:15:44Z INFO  steel_front::engine::game] ai: npcs=8 near=8 far=0 idle=0 patrol=0 chase=0 attack=8 tactics=[8, 0, 0, 0, 0, 0, 0, 0]
[2026-08-17T11:15:44Z INFO  steel_front::engine::game] game: wave=1 enemies=8 enemy_hp=100 hp=100/100 score=0 phys_us=1 ai_us=244 audio_us=13 net_us=0
[2026-08-17T11:15:44Z INFO  steel_front::engine::renderer] visible=65536/65536 near=65536 far=0 fps=370.0 frame_us=2343 cull_us=0 terrain_us=0 wait_fence_us=1856 acquire_us=1 record_us=43 submit_us=33 present_us=226 terrain_lod=high blend=0.000 quality=中画质 marker=84 npc=56
[2026-08-17T11:15:45Z INFO  steel_front] cam: yaw=0.0 pitch=0.0 dist=3.4 mode=FirstPerson cycle_us=2808 update_us=41 render_us=2766
[2026-08-17T11:15:45Z INFO  steel_front::engine::game] ai: npcs=8 near=8 far=0 idle=0 patrol=0 chase=0 attack=8 tactics=[8, 0, 0, 0, 0, 0, 0, 0]
[2026-08-17T11:15:45Z INFO  steel_front::engine::game] game: wave=1 enemies=8 enemy_hp=100 hp=100/100 score=0 phys_us=2 ai_us=570 audio_us=33 net_us=0
[2026-08-17T11:15:45Z INFO  steel_front::engine::renderer] visible=65536/65536 near=65536 far=0 fps=370.9 frame_us=2150 cull_us=0 terrain_us=0 wait_fence_us=2445 acquire_us=1 record_us=45 submit_us=40 present_us=260 terrain_lod=high blend=0.000 quality=中画质 marker=84 npc=56
[2026-08-17T11:15:45Z INFO  steel_front] size diag: window_inner=2560x1600 hud=2560x1600
[2026-08-17T11:15:45Z INFO  steel_front] size diag: window_inner=2560x1600 hud=2560x1600
[2026-08-17T11:15:45Z INFO  steel_front] size diag: window_inner=2560x1600 hud=2560x1600
[2026-08-17T11:15:45Z INFO  steel_front] size diag: window_inner=2560x1600 hud=2560x1600
[2026-08-17T11:15:45Z INFO  steel_front] size diag: window_inner=2560x1600 hud=2560x1600
[2026-08-17T11:15:45Z INFO  steel_front] size diag: window_inner=2560x1600 hud=2560x1600
[2026-08-17T11:15:45Z INFO  steel_front] size diag: window_inner=2560x1600 hud=2560x1600
[2026-08-17T11:15:45Z INFO  steel_front] size diag: window_inner=2560x1600 hud=2560x1600
[2026-08-17T11:15:45Z INFO  steel_front] size diag: window_inner=2560x1600 hud=2560x1600
[2026-08-17T11:15:45Z INFO  steel_front] size diag: window_inner=2560x1600 hud=2560x1600
[2026-08-17T11:15:45Z INFO  steel_front] size diag: window_inner=2560x1600 hud=2560x1600
[2026-08-17T11:15:45Z INFO  steel_front] size diag: window_inner=2560x1600 hud=2560x1600
[2026-08-17T11:15:45Z INFO  steel_front] size diag: window_inner=2560x1600 hud=2560x1600
[2026-08-17T11:15:45Z INFO  steel_front] size diag: window_inner=2560x1600 hud=2560x1600
[2026-08-17T11:15:45Z INFO  steel_front] size diag: window_inner=2560x1600 hud=2560x1600
[2026-08-17T11:15:45Z INFO  steel_front] size diag: window_inner=2560x1600 hud=2560x1600
[2026-08-17T11:15:45Z INFO  steel_front] size diag: window_inner=2560x1600 hud=2560x1600
[2026-08-17T11:15:45Z INFO  steel_front] size diag: window_inner=2560x1600 hud=2560x1600
[2026-08-17T11:15:45Z INFO  steel_front] size diag: window_inner=2560x1600 hud=2560x1600
[2026-08-17T11:15:46Z INFO  steel_front] cam: yaw=0.0 pitch=0.0 dist=3.4 mode=FirstPerson cycle_us=2985 update_us=26 render_us=2959
[2026-08-17T11:15:46Z INFO  steel_front::engine::game] ai: npcs=8 near=8 far=0 idle=0 patrol=0 chase=0 attack=8 tactics=[8, 0, 0, 0, 0, 0, 0, 0]
[2026-08-17T11:15:46Z INFO  steel_front::engine::game] game: wave=1 enemies=8 enemy_hp=100 hp=100/100 score=0 phys_us=4 ai_us=593 audio_us=27 net_us=0
[2026-08-17T11:15:46Z INFO  steel_front::engine::renderer] visible=65536/65536 near=65536 far=0 fps=370.7 frame_us=2148 cull_us=0 terrain_us=0 wait_fence_us=2109 acquire_us=1 record_us=42 submit_us=32 present_us=257 terrain_lod=high blend=0.000 quality=中画质 marker=84 npc=56
[2026-08-17T11:15:47Z INFO  steel_front] cam: yaw=0.0 pitch=0.0 dist=3.4 mode=FirstPerson cycle_us=2471 update_us=38 render_us=2432
[2026-08-17T11:15:47Z INFO  steel_front::engine::game] ai: npcs=8 near=8 far=0 idle=0 patrol=0 chase=0 attack=8 tactics=[8, 0, 0, 0, 0, 0, 0, 0]
[2026-08-17T11:15:47Z INFO  steel_front::engine::game] game: wave=1 enemies=8 enemy_hp=100 hp=100/100 score=0 phys_us=2 ai_us=519 audio_us=26 net_us=0
[2026-08-17T11:15:47Z INFO  steel_front::engine::renderer] visible=65536/65536 near=65536 far=0 fps=370.7 frame_us=2384 cull_us=0 terrain_us=0 wait_fence_us=1714 acquire_us=0 record_us=83 submit_us=34 present_us=221 terrain_lod=high blend=0.000 quality=中画质 marker=84 npc=56
[2026-08-17T11:15:48Z INFO  steel_front] cam: yaw=0.0 pitch=0.0 dist=3.4 mode=FirstPerson cycle_us=2577 update_us=37 render_us=2539
[2026-08-17T11:15:48Z INFO  steel_front::engine::game] ai: npcs=8 near=8 far=0 idle=0 patrol=0 chase=0 attack=8 tactics=[8, 0, 0, 0, 0, 0, 0, 0]
[2026-08-17T11:15:48Z INFO  steel_front::engine::game] game: wave=1 enemies=8 enemy_hp=100 hp=100/100 score=0 phys_us=2 ai_us=475 audio_us=26 net_us=0
[2026-08-17T11:15:48Z INFO  steel_front::engine::renderer] visible=65536/65536 near=65536 far=0 fps=370.2 frame_us=1948 cull_us=0 terrain_us=0 wait_fence_us=2210 acquire_us=1 record_us=42 submit_us=41 present_us=209 terrain_lod=high blend=0.000 quality=中画质 marker=84 npc=56
[2026-08-17T11:15:49Z INFO  steel_front] cam: yaw=0.0 pitch=0.0 dist=3.4 mode=FirstPerson cycle_us=2689 update_us=36 render_us=2652
[2026-08-17T11:15:49Z INFO  steel_front::engine::game] ai: npcs=8 near=8 far=0 idle=0 patrol=0 chase=0 attack=8 tactics=[8, 0, 0, 0, 0, 0, 0, 0]
[2026-08-17T11:15:49Z INFO  steel_front::engine::game] game: wave=1 enemies=8 enemy_hp=100 hp=100/100 score=0 phys_us=1 ai_us=447 audio_us=19 net_us=0
[2026-08-17T11:15:49Z INFO  steel_front::engine::renderer] visible=65536/65536 near=65536 far=0 fps=371.3 frame_us=2652 cull_us=1 terrain_us=0 wait_fence_us=1837 acquire_us=1 record_us=41 submit_us=32 present_us=206 terrain_lod=high blend=0.000 quality=中画质 marker=84 npc=56
[2026-08-17T11:15:50Z INFO  steel_front] cam: yaw=0.0 pitch=0.0 dist=3.4 mode=FirstPerson cycle_us=2621 update_us=21 render_us=2600
[2026-08-17T11:15:50Z INFO  steel_front::engine::game] ai: npcs=8 near=8 far=0 idle=0 patrol=0 chase=0 attack=8 tactics=[8, 0, 0, 0, 0, 0, 0, 0]
[2026-08-17T11:15:50Z INFO  steel_front::engine::game] game: wave=1 enemies=8 enemy_hp=100 hp=100/100 score=0 phys_us=2 ai_us=701 audio_us=18 net_us=0
[2026-08-17T11:15:50Z INFO  steel_front::engine::renderer] visible=65536/65536 near=65536 far=0 fps=370.6 frame_us=2199 cull_us=0 terrain_us=0 wait_fence_us=1752 acquire_us=1 record_us=42 submit_us=31 present_us=205 terrain_lod=high blend=0.000 quality=中画质 marker=84 npc=56
[2026-08-17T11:15:50Z INFO  steel_front] size diag: window_inner=2560x1600 hud=2560x1600
[2026-08-17T11:15:50Z INFO  steel_front] size diag: window_inner=2560x1600 hud=2560x1600
[2026-08-17T11:15:50Z INFO  steel_front] size diag: window_inner=2560x1600 hud=2560x1600
[2026-08-17T11:15:50Z INFO  steel_front] size diag: window_inner=2560x1600 hud=2560x1600
[2026-08-17T11:15:50Z INFO  steel_front] size diag: window_inner=2560x1600 hud=2560x1600
[2026-08-17T11:15:50Z INFO  steel_front] size diag: window_inner=2560x1600 hud=2560x1600
[2026-08-17T11:15:50Z INFO  steel_front] size diag: window_inner=2560x1600 hud=2560x1600
[2026-08-17T11:15:50Z INFO  steel_front] size diag: window_inner=2560x1600 hud=2560x1600
[2026-08-17T11:15:50Z INFO  steel_front] size diag: window_inner=2560x1600 hud=2560x1600
[2026-08-17T11:15:50Z INFO  steel_front] size diag: window_inner=2560x1600 hud=2560x1600
[2026-08-17T11:15:50Z INFO  steel_front] size diag: window_inner=2560x1600 hud=2560x1600
[2026-08-17T11:15:50Z INFO  steel_front] size diag: window_inner=2560x1600 hud=2560x1600
[2026-08-17T11:15:50Z INFO  steel_front] size diag: window_inner=2560x1600 hud=2560x1600
[2026-08-17T11:15:50Z INFO  steel_front] size diag: window_inner=2560x1600 hud=2560x1600
[2026-08-17T11:15:50Z INFO  steel_front] size diag: window_inner=2560x1600 hud=2560x1600
[2026-08-17T11:15:50Z INFO  steel_front] size diag: window_inner=2560x1600 hud=2560x1600
[2026-08-17T11:15:50Z INFO  steel_front] size diag: window_inner=2560x1600 hud=2560x1600
[2026-08-17T11:15:50Z INFO  steel_front] size diag: window_inner=2560x1600 hud=2560x1600
[2026-08-17T11:15:50Z INFO  steel_front] size diag: window_inner=2560x1600 hud=2560x1600
[2026-08-17T11:15:51Z INFO  steel_front] cam: yaw=0.0 pitch=0.0 dist=3.4 mode=FirstPerson cycle_us=2529 update_us=36 render_us=2492
[2026-08-17T11:15:51Z INFO  steel_front::engine::game] ai: npcs=8 near=8 far=0 idle=0 patrol=0 chase=0 attack=8 tactics=[8, 0, 0, 0, 0, 0, 0, 0]
[2026-08-17T11:15:51Z INFO  steel_front::engine::game] game: wave=1 enemies=8 enemy_hp=100 hp=100/100 score=0 phys_us=1 ai_us=417 audio_us=28 net_us=0
[2026-08-17T11:15:51Z INFO  steel_front::engine::renderer] visible=65536/65536 near=65536 far=0 fps=371.2 frame_us=2115 cull_us=0 terrain_us=0 wait_fence_us=2085 acquire_us=1 record_us=42 submit_us=37 present_us=252 terrain_lod=high blend=0.000 quality=中画质 marker=84 npc=56
[2026-08-17T11:15:52Z INFO  steel_front] cam: yaw=0.0 pitch=0.0 dist=3.4 mode=FirstPerson cycle_us=2750 update_us=39 render_us=2711
[2026-08-17T11:15:52Z INFO  steel_front::engine::game] ai: npcs=8 near=8 far=0 idle=0 patrol=0 chase=0 attack=8 tactics=[8, 0, 0, 0, 0, 0, 0, 0]
[2026-08-17T11:15:52Z INFO  steel_front::engine::game] game: wave=1 enemies=8 enemy_hp=100 hp=100/100 score=0 phys_us=1 ai_us=495 audio_us=17 net_us=0
[2026-08-17T11:15:52Z INFO  steel_front::engine::renderer] visible=65536/65536 near=65536 far=0 fps=370.9 frame_us=2414 cull_us=1 terrain_us=0 wait_fence_us=2056 acquire_us=1 record_us=41 submit_us=32 present_us=260 terrain_lod=high blend=0.000 quality=中画质 marker=84 npc=56
[2026-08-17T11:15:53Z INFO  steel_front] cam: yaw=0.0 pitch=0.0 dist=3.4 mode=FirstPerson cycle_us=2532 update_us=41 render_us=2490
[2026-08-17T11:15:53Z INFO  steel_front::engine::game] ai: npcs=8 near=8 far=0 idle=0 patrol=0 chase=0 attack=8 tactics=[8, 0, 0, 0, 0, 0, 0, 0]
[2026-08-17T11:15:53Z INFO  steel_front::engine::game] game: wave=1 enemies=8 enemy_hp=100 hp=100/100 score=0 phys_us=1 ai_us=497 audio_us=24 net_us=0
[2026-08-17T11:15:53Z INFO  steel_front::engine::renderer] visible=65536/65536 near=65536 far=0 fps=370.8 frame_us=2165 cull_us=0 terrain_us=0 wait_fence_us=2101 acquire_us=0 record_us=41 submit_us=31 present_us=264 terrain_lod=high blend=0.000 quality=中画质 marker=84 npc=56
[2026-08-17T11:15:54Z INFO  steel_front] cam: yaw=0.0 pitch=0.0 dist=3.4 mode=FirstPerson cycle_us=2540 update_us=38 render_us=2501
[2026-08-17T11:15:54Z INFO  steel_front::engine::game] ai: npcs=8 near=8 far=0 idle=0 patrol=0 chase=0 attack=8 tactics=[8, 0, 0, 0, 0, 0, 0, 0]
[2026-08-17T11:15:54Z INFO  steel_front::engine::game] game: wave=1 enemies=8 enemy_hp=100 hp=100/100 score=0 phys_us=2 ai_us=470 audio_us=24 net_us=0
[2026-08-17T11:15:54Z INFO  steel_front::engine::renderer] visible=65536/65536 near=65536 far=0 fps=370.7 frame_us=2808 cull_us=0 terrain_us=0 wait_fence_us=2240 acquire_us=1 record_us=47 submit_us=192 present_us=251 terrain_lod=high blend=0.000 quality=中画质 marker=84 npc=56
[2026-08-17T11:15:55Z INFO  steel_front] cam: yaw=0.0 pitch=0.0 dist=3.4 mode=FirstPerson cycle_us=3129 update_us=53 render_us=3075
[2026-08-17T11:15:55Z INFO  steel_front::engine::game] ai: npcs=8 near=8 far=0 idle=0 patrol=0 chase=0 attack=8 tactics=[8, 0, 0, 0, 0, 0, 0, 0]
[2026-08-17T11:15:55Z INFO  steel_front::engine::game] game: wave=1 enemies=8 enemy_hp=100 hp=100/100 score=0 phys_us=2 ai_us=729 audio_us=27 net_us=0
[2026-08-17T11:15:55Z INFO  steel_front::engine::renderer] visible=65536/65536 near=65536 far=0 fps=370.7 frame_us=2531 cull_us=0 terrain_us=0 wait_fence_us=1850 acquire_us=1 record_us=115 submit_us=23 present_us=136 terrain_lod=high blend=0.000 quality=中画质 marker=84 npc=56
[2026-08-17T11:15:55Z INFO  steel_front] size diag: window_inner=2560x1600 hud=2560x1600
[2026-08-17T11:15:55Z INFO  steel_front] size diag: window_inner=2560x1600 hud=2560x1600
[2026-08-17T11:15:55Z INFO  steel_front] size diag: window_inner=2560x1600 hud=2560x1600
[2026-08-17T11:15:55Z INFO  steel_front] size diag: window_inner=2560x1600 hud=2560x1600
[2026-08-17T11:15:55Z INFO  steel_front] size diag: window_inner=2560x1600 hud=2560x1600
[2026-08-17T11:15:55Z INFO  steel_front] size diag: window_inner=2560x1600 hud=2560x1600
[2026-08-17T11:15:55Z INFO  steel_front] size diag: window_inner=2560x1600 hud=2560x1600
[2026-08-17T11:15:55Z INFO  steel_front] size diag: window_inner=2560x1600 hud=2560x1600
[2026-08-17T11:15:55Z INFO  steel_front] size diag: window_inner=2560x1600 hud=2560x1600
[2026-08-17T11:15:55Z INFO  steel_front] size diag: window_inner=2560x1600 hud=2560x1600
[2026-08-17T11:15:55Z INFO  steel_front] size diag: window_inner=2560x1600 hud=2560x1600
[2026-08-17T11:15:55Z INFO  steel_front] size diag: window_inner=2560x1600 hud=2560x1600
[2026-08-17T11:15:55Z INFO  steel_front] size diag: window_inner=2560x1600 hud=2560x1600
[2026-08-17T11:15:55Z INFO  steel_front] size diag: window_inner=2560x1600 hud=2560x1600
[2026-08-17T11:15:55Z INFO  steel_front] size diag: window_inner=2560x1600 hud=2560x1600
[2026-08-17T11:15:55Z INFO  steel_front] size diag: window_inner=2560x1600 hud=2560x1600
[2026-08-17T11:15:55Z INFO  steel_front] size diag: window_inner=2560x1600 hud=2560x1600
[2026-08-17T11:15:55Z INFO  steel_front] size diag: window_inner=2560x1600 hud=2560x1600
[2026-08-17T11:15:55Z INFO  steel_front] size diag: window_inner=2560x1600 hud=2560x1600
[2026-08-17T11:15:56Z INFO  steel_front] cam: yaw=0.0 pitch=0.0 dist=3.4 mode=FirstPerson cycle_us=2425 update_us=34 render_us=2390
[2026-08-17T11:15:56Z INFO  steel_front::engine::game] ai: npcs=8 near=8 far=0 idle=0 patrol=0 chase=0 attack=8 tactics=[8, 0, 0, 0, 0, 0, 0, 0]
[2026-08-17T11:15:56Z INFO  steel_front::engine::game] game: wave=1 enemies=8 enemy_hp=100 hp=100/100 score=0 phys_us=2 ai_us=484 audio_us=14 net_us=0
[2026-08-17T11:15:56Z INFO  steel_front::engine::renderer] visible=65536/65536 near=65536 far=0 fps=370.9 frame_us=2172 cull_us=0 terrain_us=0 wait_fence_us=2497 acquire_us=1 record_us=25 submit_us=21 present_us=174 terrain_lod=high blend=0.000 quality=中画质 marker=84 npc=56
[2026-08-17T11:15:57Z INFO  steel_front] cam: yaw=0.0 pitch=0.0 dist=3.4 mode=FirstPerson cycle_us=2962 update_us=88 render_us=2873
[2026-08-17T11:15:57Z INFO  steel_front::engine::game] ai: npcs=8 near=8 far=0 idle=0 patrol=0 chase=0 attack=8 tactics=[8, 0, 0, 0, 0, 0, 0, 0]
[2026-08-17T11:15:57Z INFO  steel_front::engine::game] game: wave=1 enemies=8 enemy_hp=100 hp=100/100 score=0 phys_us=2 ai_us=438 audio_us=30 net_us=0
[2026-08-17T11:15:57Z INFO  steel_front::engine::renderer] visible=65536/65536 near=65536 far=0 fps=371.7 frame_us=2461 cull_us=0 terrain_us=0 wait_fence_us=2076 acquire_us=1 record_us=26 submit_us=116 present_us=177 terrain_lod=high blend=0.000 quality=中画质 marker=84 npc=56
[2026-08-17T11:15:58Z INFO  steel_front] cam: yaw=0.0 pitch=0.0 dist=3.4 mode=FirstPerson cycle_us=2465 update_us=23 render_us=2441
[2026-08-17T11:15:58Z INFO  steel_front::engine::game] ai: npcs=8 near=8 far=0 idle=0 patrol=0 chase=0 attack=8 tactics=[8, 0, 0, 0, 0, 0, 0, 0]
[2026-08-17T11:15:58Z INFO  steel_front::engine::game] game: wave=1 enemies=8 enemy_hp=100 hp=100/100 score=0 phys_us=1 ai_us=177 audio_us=30 net_us=0
[2026-08-17T11:15:58Z INFO  steel_front::engine::renderer] visible=65536/65536 near=65536 far=0 fps=369.9 frame_us=2227 cull_us=0 terrain_us=0 wait_fence_us=2440 acquire_us=1 record_us=57 submit_us=19 present_us=142 terrain_lod=high blend=0.000 quality=中画质 marker=84 npc=56
[2026-08-17T11:15:59Z INFO  steel_front] cam: yaw=0.0 pitch=0.0 dist=3.4 mode=FirstPerson cycle_us=2538 update_us=26 render_us=2512
[2026-08-17T11:15:59Z INFO  steel_front::engine::game] ai: npcs=8 near=8 far=0 idle=0 patrol=0 chase=0 attack=8 tactics=[8, 0, 0, 0, 0, 0, 0, 0]
[2026-08-17T11:15:59Z INFO  steel_front::engine::game] game: wave=1 enemies=8 enemy_hp=100 hp=100/100 score=0 phys_us=1 ai_us=430 audio_us=26 net_us=0
[2026-08-17T11:15:59Z INFO  steel_front::engine::renderer] visible=65536/65536 near=65536 far=0 fps=367.1 frame_us=2019 cull_us=0 terrain_us=0 wait_fence_us=1667 acquire_us=1 record_us=43 submit_us=34 present_us=258 terrain_lod=high blend=0.000 quality=中画质 marker=84 npc=56
[2026-08-17T11:16:00Z INFO  steel_front] cam: yaw=0.0 pitch=0.0 dist=3.4 mode=FirstPerson cycle_us=2899 update_us=19 render_us=2879
[2026-08-17T11:16:00Z INFO  steel_front::engine::game] ai: npcs=8 near=8 far=0 idle=0 patrol=0 chase=0 attack=8 tactics=[8, 0, 0, 0, 0, 0, 0, 0]
[2026-08-17T11:16:00Z INFO  steel_front::engine::game] game: wave=1 enemies=8 enemy_hp=100 hp=100/100 score=0 phys_us=1 ai_us=497 audio_us=13 net_us=0
[2026-08-17T11:16:00Z INFO  steel_front::engine::renderer] visible=65536/65536 near=65536 far=0 fps=369.8 frame_us=2384 cull_us=0 terrain_us=0 wait_fence_us=2140 acquire_us=1 record_us=94 submit_us=36 present_us=197 terrain_lod=high blend=0.000 quality=中画质 marker=84 npc=56
[2026-08-17T11:16:00Z INFO  steel_front] size diag: window_inner=2560x1600 hud=2560x1600
[2026-08-17T11:16:00Z INFO  steel_front] size diag: window_inner=2560x1600 hud=2560x1600
[2026-08-17T11:16:00Z INFO  steel_front] size diag: window_inner=2560x1600 hud=2560x1600
[2026-08-17T11:16:00Z INFO  steel_front] size diag: window_inner=2560x1600 hud=2560x1600
[2026-08-17T11:16:00Z INFO  steel_front] size diag: window_inner=2560x1600 hud=2560x1600
[2026-08-17T11:16:00Z INFO  steel_front] size diag: window_inner=2560x1600 hud=2560x1600
[2026-08-17T11:16:00Z INFO  steel_front] size diag: window_inner=2560x1600 hud=2560x1600
[2026-08-17T11:16:00Z INFO  steel_front] size diag: window_inner=2560x1600 hud=2560x1600
[2026-08-17T11:16:00Z INFO  steel_front] size diag: window_inner=2560x1600 hud=2560x1600
[2026-08-17T11:16:00Z INFO  steel_front] size diag: window_inner=2560x1600 hud=2560x1600
[2026-08-17T11:16:00Z INFO  steel_front] size diag: window_inner=2560x1600 hud=2560x1600
[2026-08-17T11:16:00Z INFO  steel_front] size diag: window_inner=2560x1600 hud=2560x1600
[2026-08-17T11:16:00Z INFO  steel_front] size diag: window_inner=2560x1600 hud=2560x1600
[2026-08-17T11:16:00Z INFO  steel_front] size diag: window_inner=2560x1600 hud=2560x1600
[2026-08-17T11:16:00Z INFO  steel_front] size diag: window_inner=2560x1600 hud=2560x1600
[2026-08-17T11:16:00Z INFO  steel_front] size diag: window_inner=2560x1600 hud=2560x1600
[2026-08-17T11:16:00Z INFO  steel_front] size diag: window_inner=2560x1600 hud=2560x1600
[2026-08-17T11:16:00Z INFO  steel_front] size diag: window_inner=2560x1600 hud=2560x1600
[2026-08-17T11:16:00Z INFO  steel_front] size diag: window_inner=2560x1600 hud=2560x1600
[2026-08-17T11:16:01Z INFO  steel_front] cam: yaw=0.0 pitch=0.0 dist=3.4 mode=FirstPerson cycle_us=2578 update_us=37 render_us=2540
[2026-08-17T11:16:01Z INFO  steel_front::engine::game] ai: npcs=8 near=8 far=0 idle=0 patrol=0 chase=0 attack=8 tactics=[8, 0, 0, 0, 0, 0, 0, 0]
[2026-08-17T11:16:01Z INFO  steel_front::engine::game] game: wave=1 enemies=8 enemy_hp=100 hp=100/100 score=0 phys_us=3 ai_us=630 audio_us=26 net_us=0
[2026-08-17T11:16:01Z INFO  steel_front::engine::renderer] visible=65536/65536 near=65536 far=0 fps=370.6 frame_us=1994 cull_us=0 terrain_us=0 wait_fence_us=2062 acquire_us=0 record_us=22 submit_us=16 present_us=119 terrain_lod=high blend=0.000 quality=中画质 marker=84 npc=56
[2026-08-17T11:16:02Z INFO  steel_front] cam: yaw=0.0 pitch=0.0 dist=3.4 mode=FirstPerson cycle_us=2585 update_us=35 render_us=2550
[2026-08-17T11:16:02Z INFO  steel_front::engine::game] ai: npcs=8 near=8 far=0 idle=0 patrol=0 chase=0 attack=8 tactics=[8, 0, 0, 0, 0, 0, 0, 0]
[2026-08-17T11:16:02Z INFO  steel_front::engine::game] game: wave=1 enemies=8 enemy_hp=100 hp=100/100 score=0 phys_us=2 ai_us=455 audio_us=17 net_us=0
[2026-08-17T11:16:02Z INFO  steel_front::engine::renderer] visible=65536/65536 near=65536 far=0 fps=371.3 frame_us=2232 cull_us=0 terrain_us=0 wait_fence_us=2266 acquire_us=1 record_us=35 submit_us=29 present_us=240 terrain_lod=high blend=0.000 quality=中画质 marker=84 npc=56
[2026-08-17T11:16:03Z INFO  steel_front] cam: yaw=0.0 pitch=0.0 dist=3.4 mode=FirstPerson cycle_us=3267 update_us=19 render_us=3248
[2026-08-17T11:16:03Z INFO  steel_front::engine::game] ai: npcs=8 near=8 far=0 idle=0 patrol=0 chase=0 attack=8 tactics=[8, 0, 0, 0, 0, 0, 0, 0]
[2026-08-17T11:16:03Z INFO  steel_front::engine::game] game: wave=1 enemies=8 enemy_hp=100 hp=100/100 score=0 phys_us=1 ai_us=439 audio_us=14 net_us=0
[2026-08-17T11:16:03Z INFO  steel_front::engine::renderer] visible=65536/65536 near=65536 far=0 fps=370.1 frame_us=2541 cull_us=0 terrain_us=0 wait_fence_us=1985 acquire_us=1 record_us=46 submit_us=48 present_us=247 terrain_lod=high blend=0.000 quality=中画质 marker=84 npc=56
[2026-08-17T11:16:04Z INFO  steel_front] cam: yaw=0.0 pitch=0.0 dist=3.4 mode=FirstPerson cycle_us=2597 update_us=26 render_us=2571
[2026-08-17T11:16:04Z INFO  steel_front::engine::game] ai: npcs=8 near=8 far=0 idle=0 patrol=0 chase=0 attack=8 tactics=[8, 0, 0, 0, 0, 0, 0, 0]
[2026-08-17T11:16:04Z INFO  steel_front::engine::game] game: wave=1 enemies=8 enemy_hp=100 hp=100/100 score=0 phys_us=3 ai_us=455 audio_us=13 net_us=0
[2026-08-17T11:16:04Z INFO  steel_front::engine::renderer] visible=65536/65536 near=65536 far=0 fps=369.0 frame_us=1994 cull_us=0 terrain_us=0 wait_fence_us=1966 acquire_us=1 record_us=43 submit_us=33 present_us=273 terrain_lod=high blend=0.000 quality=中画质 marker=84 npc=56
[2026-08-17T11:16:05Z INFO  steel_front] cam: yaw=0.0 pitch=0.0 dist=3.4 mode=FirstPerson cycle_us=2634 update_us=38 render_us=2595
[2026-08-17T11:16:05Z INFO  steel_front::engine::game] ai: npcs=8 near=8 far=0 idle=0 patrol=0 chase=0 attack=8 tactics=[8, 0, 0, 0, 0, 0, 0, 0]
[2026-08-17T11:16:05Z INFO  steel_front::engine::game] game: wave=1 enemies=8 enemy_hp=100 hp=100/100 score=0 phys_us=3 ai_us=672 audio_us=31 net_us=0
[2026-08-17T11:16:05Z INFO  steel_front::engine::renderer] visible=65536/65536 near=65536 far=0 fps=368.8 frame_us=2433 cull_us=0 terrain_us=0 wait_fence_us=1841 acquire_us=1 record_us=41 submit_us=115 present_us=211 terrain_lod=high blend=0.000 quality=中画质 marker=84 npc=56
[2026-08-17T11:16:05Z INFO  steel_front] size diag: window_inner=2560x1600 hud=2560x1600
[2026-08-17T11:16:05Z INFO  steel_front] size diag: window_inner=2560x1600 hud=2560x1600
[2026-08-17T11:16:05Z INFO  steel_front] size diag: window_inner=2560x1600 hud=2560x1600
[2026-08-17T11:16:05Z INFO  steel_front] size diag: window_inner=2560x1600 hud=2560x1600
[2026-08-17T11:16:05Z INFO  steel_front] size diag: window_inner=2560x1600 hud=2560x1600
[2026-08-17T11:16:05Z INFO  steel_front] size diag: window_inner=2560x1600 hud=2560x1600
[2026-08-17T11:16:05Z INFO  steel_front] size diag: window_inner=2560x1600 hud=2560x1600
[2026-08-17T11:16:05Z INFO  steel_front] size diag: window_inner=2560x1600 hud=2560x1600
[2026-08-17T11:16:05Z INFO  steel_front] size diag: window_inner=2560x1600 hud=2560x1600
[2026-08-17T11:16:05Z INFO  steel_front] size diag: window_inner=2560x1600 hud=2560x1600
[2026-08-17T11:16:05Z INFO  steel_front] size diag: window_inner=2560x1600 hud=2560x1600
[2026-08-17T11:16:05Z INFO  steel_front] size diag: window_inner=2560x1600 hud=2560x1600
[2026-08-17T11:16:05Z INFO  steel_front] size diag: window_inner=2560x1600 hud=2560x1600
[2026-08-17T11:16:05Z INFO  steel_front] size diag: window_inner=2560x1600 hud=2560x1600
[2026-08-17T11:16:05Z INFO  steel_front] size diag: window_inner=2560x1600 hud=2560x1600
[2026-08-17T11:16:05Z INFO  steel_front] size diag: window_inner=2560x1600 hud=2560x1600
[2026-08-17T11:16:05Z INFO  steel_front] size diag: window_inner=2560x1600 hud=2560x1600
[2026-08-17T11:16:05Z INFO  steel_front] size diag: window_inner=2560x1600 hud=2560x1600
[2026-08-17T11:16:06Z INFO  steel_front] cam: yaw=0.0 pitch=0.0 dist=3.4 mode=FirstPerson cycle_us=2495 update_us=43 render_us=2451
[2026-08-17T11:16:06Z INFO  steel_front::engine::game] ai: npcs=8 near=8 far=0 idle=0 patrol=0 chase=0 attack=8 tactics=[8, 0, 0, 0, 0, 0, 0, 0]
[2026-08-17T11:16:06Z INFO  steel_front::engine::game] game: wave=1 enemies=8 enemy_hp=100 hp=100/100 score=0 phys_us=2 ai_us=454 audio_us=21 net_us=0
[2026-08-17T11:16:06Z INFO  steel_front::engine::renderer] visible=65536/65536 near=65536 far=0 fps=370.4 frame_us=2045 cull_us=0 terrain_us=0 wait_fence_us=1809 acquire_us=0 record_us=40 submit_us=31 present_us=202 terrain_lod=high blend=0.000 quality=中画质 marker=84 npc=56
[2026-08-17T11:16:07Z INFO  steel_front] cam: yaw=0.0 pitch=0.0 dist=3.4 mode=FirstPerson cycle_us=2752 update_us=29 render_us=2722
[2026-08-17T11:16:07Z INFO  steel_front::engine::game] ai: npcs=8 near=8 far=0 idle=0 patrol=0 chase=0 attack=8 tactics=[8, 0, 0, 0, 0, 0, 0, 0]
[2026-08-17T11:16:07Z INFO  steel_front::engine::game] game: wave=1 enemies=8 enemy_hp=100 hp=100/100 score=0 phys_us=3 ai_us=610 audio_us=27 net_us=0
[2026-08-17T11:16:07Z INFO  steel_front::engine::renderer] visible=65536/65536 near=65536 far=0 fps=370.6 frame_us=1987 cull_us=1 terrain_us=0 wait_fence_us=2380 acquire_us=1 record_us=21 submit_us=19 present_us=125 terrain_lod=high blend=0.000 quality=中画质 marker=84 npc=56
[2026-08-17T11:16:08Z INFO  steel_front] cam: yaw=0.0 pitch=0.0 dist=3.4 mode=FirstPerson cycle_us=3034 update_us=41 render_us=2993
[2026-08-17T11:16:08Z INFO  steel_front::engine::game] ai: npcs=8 near=8 far=0 idle=0 patrol=0 chase=0 attack=8 tactics=[8, 0, 0, 0, 0, 0, 0, 0]
[2026-08-17T11:16:08Z INFO  steel_front::engine::game] game: wave=1 enemies=8 enemy_hp=100 hp=100/100 score=0 phys_us=1 ai_us=529 audio_us=34 net_us=0
[2026-08-17T11:16:08Z INFO  steel_front::engine::renderer] visible=65536/65536 near=65536 far=0 fps=369.6 frame_us=1448 cull_us=0 terrain_us=0 wait_fence_us=2303 acquire_us=1 record_us=28 submit_us=25 present_us=162 terrain_lod=high blend=0.000 quality=中画质 marker=84 npc=56
[2026-08-17T11:16:09Z INFO  steel_front] cam: yaw=0.0 pitch=0.0 dist=3.4 mode=FirstPerson cycle_us=2571 update_us=23 render_us=2547
[2026-08-17T11:16:09Z INFO  steel_front::engine::game] ai: npcs=8 near=8 far=0 idle=0 patrol=0 chase=0 attack=8 tactics=[8, 0, 0, 0, 0, 0, 0, 0]
[2026-08-17T11:16:09Z INFO  steel_front::engine::game] game: wave=1 enemies=8 enemy_hp=100 hp=100/100 score=0 phys_us=1 ai_us=415 audio_us=33 net_us=0
[2026-08-17T11:16:09Z INFO  steel_front::engine::renderer] visible=65536/65536 near=65536 far=0 fps=364.3 frame_us=2869 cull_us=0 terrain_us=0 wait_fence_us=1654 acquire_us=1 record_us=51 submit_us=44 present_us=280 terrain_lod=high blend=0.000 quality=中画质 marker=84 npc=56
[2026-08-17T11:16:10Z INFO  steel_front] cam: yaw=0.0 pitch=0.0 dist=3.4 mode=FirstPerson cycle_us=2335 update_us=39 render_us=2295
[2026-08-17T11:16:10Z INFO  steel_front::engine::game] ai: npcs=8 near=8 far=0 idle=0 patrol=0 chase=0 attack=8 tactics=[8, 0, 0, 0, 0, 0, 0, 0]
[2026-08-17T11:16:10Z INFO  steel_front::engine::game] game: wave=1 enemies=8 enemy_hp=100 hp=100/100 score=0 phys_us=2 ai_us=689 audio_us=28 net_us=0
[2026-08-17T11:16:10Z INFO  steel_front::engine::renderer] visible=65536/65536 near=65536 far=0 fps=365.9 frame_us=2667 cull_us=0 terrain_us=0 wait_fence_us=1905 acquire_us=1 record_us=39 submit_us=48 present_us=359 terrain_lod=high blend=0.000 quality=中画质 marker=84 npc=56
[2026-08-17T11:16:10Z INFO  steel_front] size diag: window_inner=2560x1600 hud=2560x1600
[2026-08-17T11:16:10Z INFO  steel_front] size diag: window_inner=2560x1600 hud=2560x1600
[2026-08-17T11:16:10Z INFO  steel_front] size diag: window_inner=2560x1600 hud=2560x1600
[2026-08-17T11:16:10Z INFO  steel_front] size diag: window_inner=2560x1600 hud=2560x1600
[2026-08-17T11:16:10Z INFO  steel_front] size diag: window_inner=2560x1600 hud=2560x1600
[2026-08-17T11:16:10Z INFO  steel_front] size diag: window_inner=2560x1600 hud=2560x1600
[2026-08-17T11:16:10Z INFO  steel_front] size diag: window_inner=2560x1600 hud=2560x1600
[2026-08-17T11:16:10Z INFO  steel_front] size diag: window_inner=2560x1600 hud=2560x1600
[2026-08-17T11:16:10Z INFO  steel_front] size diag: window_inner=2560x1600 hud=2560x1600
[2026-08-17T11:16:10Z INFO  steel_front] size diag: window_inner=2560x1600 hud=2560x1600
[2026-08-17T11:16:10Z INFO  steel_front] size diag: window_inner=2560x1600 hud=2560x1600
[2026-08-17T11:16:10Z INFO  steel_front] size diag: window_inner=2560x1600 hud=2560x1600
[2026-08-17T11:16:10Z INFO  steel_front] size diag: window_inner=2560x1600 hud=2560x1600
[2026-08-17T11:16:10Z INFO  steel_front] size diag: window_inner=2560x1600 hud=2560x1600
[2026-08-17T11:16:10Z INFO  steel_front] size diag: window_inner=2560x1600 hud=2560x1600
[2026-08-17T11:16:10Z INFO  steel_front] size diag: window_inner=2560x1600 hud=2560x1600
[2026-08-17T11:16:10Z INFO  steel_front] size diag: window_inner=2560x1600 hud=2560x1600
[2026-08-17T11:16:10Z INFO  steel_front] size diag: window_inner=2560x1600 hud=2560x1600
[2026-08-17T11:16:11Z INFO  steel_front] cam: yaw=0.0 pitch=0.0 dist=3.4 mode=FirstPerson cycle_us=2619 update_us=26 render_us=2593
[2026-08-17T11:16:11Z INFO  steel_front::engine::game] ai: npcs=8 near=8 far=0 idle=0 patrol=0 chase=0 attack=8 tactics=[8, 0, 0, 0, 0, 0, 0, 0]
[2026-08-17T11:16:11Z INFO  steel_front::engine::game] game: wave=1 enemies=8 enemy_hp=100 hp=100/100 score=0 phys_us=3 ai_us=505 audio_us=29 net_us=0
[2026-08-17T11:16:11Z INFO  steel_front::engine::renderer] visible=65536/65536 near=65536 far=0 fps=374.7 frame_us=2545 cull_us=0 terrain_us=0 wait_fence_us=1681 acquire_us=1 record_us=43 submit_us=92 present_us=618 terrain_lod=high blend=0.000 quality=中画质 marker=84 npc=56
[2026-08-17T11:16:12Z INFO  steel_front] cam: yaw=0.0 pitch=0.0 dist=3.4 mode=FirstPerson cycle_us=3027 update_us=19 render_us=3007
[2026-08-17T11:16:12Z INFO  steel_front::engine::game] ai: npcs=8 near=8 far=0 idle=0 patrol=0 chase=0 attack=8 tactics=[8, 0, 0, 0, 0, 0, 0, 0]
[2026-08-17T11:16:12Z INFO  steel_front::engine::game] game: wave=1 enemies=8 enemy_hp=100 hp=100/100 score=0 phys_us=1 ai_us=538 audio_us=25 net_us=0
[2026-08-17T11:16:12Z INFO  steel_front::engine::renderer] visible=65536/65536 near=65536 far=0 fps=374.8 frame_us=2187 cull_us=0 terrain_us=0 wait_fence_us=2063 acquire_us=0 record_us=23 submit_us=33 present_us=296 terrain_lod=high blend=0.000 quality=中画质 marker=84 npc=56
[2026-08-17T11:16:13Z INFO  steel_front] cam: yaw=0.0 pitch=0.0 dist=3.4 mode=FirstPerson cycle_us=2429 update_us=42 render_us=2386
[2026-08-17T11:16:13Z INFO  steel_front::engine::game] ai: npcs=8 near=8 far=0 idle=0 patrol=0 chase=0 attack=8 tactics=[8, 0, 0, 0, 0, 0, 0, 0]
[2026-08-17T11:16:13Z INFO  steel_front::engine::game] game: wave=1 enemies=8 enemy_hp=100 hp=100/100 score=0 phys_us=1 ai_us=405 audio_us=25 net_us=0
[2026-08-17T11:16:13Z INFO  steel_front::engine::renderer] visible=65536/65536 near=65536 far=0 fps=369.7 frame_us=2372 cull_us=0 terrain_us=0 wait_fence_us=2084 acquire_us=0 record_us=36 submit_us=33 present_us=254 terrain_lod=high blend=0.000 quality=中画质 marker=84 npc=56
[2026-08-17T11:16:14Z INFO  steel_front] cam: yaw=0.0 pitch=0.0 dist=3.4 mode=FirstPerson cycle_us=2977 update_us=42 render_us=2934
[2026-08-17T11:16:14Z INFO  steel_front::engine::game] ai: npcs=8 near=8 far=0 idle=0 patrol=0 chase=0 attack=8 tactics=[8, 0, 0, 0, 0, 0, 0, 0]
[2026-08-17T11:16:14Z INFO  steel_front::engine::game] game: wave=1 enemies=8 enemy_hp=100 hp=100/100 score=0 phys_us=2 ai_us=608 audio_us=14 net_us=0
[2026-08-17T11:16:14Z INFO  steel_front::engine::renderer] visible=65536/65536 near=65536 far=0 fps=363.3 frame_us=2781 cull_us=0 terrain_us=0 wait_fence_us=1968 acquire_us=0 record_us=45 submit_us=33 present_us=167 terrain_lod=high blend=0.000 quality=中画质 marker=84 npc=56
[2026-08-17T11:16:15Z INFO  steel_front] cam: yaw=0.0 pitch=0.0 dist=3.4 mode=FirstPerson cycle_us=2418 update_us=27 render_us=2391
[2026-08-17T11:16:15Z INFO  steel_front::engine::game] ai: npcs=8 near=8 far=0 idle=0 patrol=0 chase=0 attack=8 tactics=[8, 0, 0, 0, 0, 0, 0, 0]
[2026-08-17T11:16:15Z INFO  steel_front::engine::game] game: wave=1 enemies=8 enemy_hp=100 hp=100/100 score=0 phys_us=2 ai_us=758 audio_us=29 net_us=0
[2026-08-17T11:16:15Z INFO  steel_front::engine::renderer] visible=65536/65536 near=65536 far=0 fps=367.4 frame_us=2146 cull_us=1 terrain_us=0 wait_fence_us=2183 acquire_us=1 record_us=41 submit_us=31 present_us=216 terrain_lod=high blend=0.000 quality=中画质 marker=84 npc=56
[2026-08-17T11:16:15Z INFO  steel_front] size diag: window_inner=2560x1600 hud=2560x1600
[2026-08-17T11:16:15Z INFO  steel_front] size diag: window_inner=2560x1600 hud=2560x1600
[2026-08-17T11:16:15Z INFO  steel_front] size diag: window_inner=2560x1600 hud=2560x1600
[2026-08-17T11:16:15Z INFO  steel_front] size diag: window_inner=2560x1600 hud=2560x1600
[2026-08-17T11:16:15Z INFO  steel_front] size diag: window_inner=2560x1600 hud=2560x1600
[2026-08-17T11:16:15Z INFO  steel_front] size diag: window_inner=2560x1600 hud=2560x1600
[2026-08-17T11:16:15Z INFO  steel_front] size diag: window_inner=2560x1600 hud=2560x1600
[2026-08-17T11:16:15Z INFO  steel_front] size diag: window_inner=2560x1600 hud=2560x1600
[2026-08-17T11:16:15Z INFO  steel_front] size diag: window_inner=2560x1600 hud=2560x1600
[2026-08-17T11:16:15Z INFO  steel_front] size diag: window_inner=2560x1600 hud=2560x1600
[2026-08-17T11:16:15Z INFO  steel_front] size diag: window_inner=2560x1600 hud=2560x1600
[2026-08-17T11:16:15Z INFO  steel_front] size diag: window_inner=2560x1600 hud=2560x1600
[2026-08-17T11:16:15Z INFO  steel_front] size diag: window_inner=2560x1600 hud=2560x1600
[2026-08-17T11:16:15Z INFO  steel_front] size diag: window_inner=2560x1600 hud=2560x1600
[2026-08-17T11:16:15Z INFO  steel_front] size diag: window_inner=2560x1600 hud=2560x1600
[2026-08-17T11:16:15Z INFO  steel_front] size diag: window_inner=2560x1600 hud=2560x1600
[2026-08-17T11:16:15Z INFO  steel_front] size diag: window_inner=2560x1600 hud=2560x1600
[2026-08-17T11:16:15Z INFO  steel_front] size diag: window_inner=2560x1600 hud=2560x1600
[2026-08-17T11:16:16Z INFO  steel_front] cam: yaw=0.0 pitch=0.0 dist=3.4 mode=FirstPerson cycle_us=3370 update_us=41 render_us=3328
[2026-08-17T11:16:16Z INFO  steel_front::engine::game] ai: npcs=8 near=8 far=0 idle=0 patrol=0 chase=0 attack=8 tactics=[8, 0, 0, 0, 0, 0, 0, 0]
[2026-08-17T11:16:16Z INFO  steel_front::engine::game] game: wave=1 enemies=8 enemy_hp=100 hp=100/100 score=0 phys_us=1 ai_us=567 audio_us=14 net_us=0
[2026-08-17T11:16:16Z INFO  steel_front::engine::renderer] visible=65536/65536 near=65536 far=0 fps=369.4 frame_us=2390 cull_us=0 terrain_us=0 wait_fence_us=1686 acquire_us=1 record_us=56 submit_us=51 present_us=235 terrain_lod=high blend=0.000 quality=中画质 marker=84 npc=56
[2026-08-17T11:16:17Z INFO  steel_front] cam: yaw=0.0 pitch=0.0 dist=3.4 mode=FirstPerson cycle_us=2983 update_us=38 render_us=2945
[2026-08-17T11:16:17Z INFO  steel_front::engine::game] ai: npcs=8 near=8 far=0 idle=0 patrol=0 chase=0 attack=8 tactics=[8, 0, 0, 0, 0, 0, 0, 0]
[2026-08-17T11:16:17Z INFO  steel_front::engine::game] game: wave=1 enemies=8 enemy_hp=100 hp=100/100 score=0 phys_us=2 ai_us=518 audio_us=33 net_us=0
[2026-08-17T11:16:17Z INFO  steel_front::engine::renderer] visible=65536/65536 near=65536 far=0 fps=368.7 frame_us=2179 cull_us=0 terrain_us=0 wait_fence_us=2089 acquire_us=1 record_us=53 submit_us=46 present_us=224 terrain_lod=high blend=0.000 quality=中画质 marker=84 npc=56
[2026-08-17T11:16:18Z INFO  steel_front] cam: yaw=0.0 pitch=0.0 dist=3.4 mode=FirstPerson cycle_us=2612 update_us=40 render_us=2571
[2026-08-17T11:16:18Z INFO  steel_front::engine::game] ai: npcs=8 near=8 far=0 idle=0 patrol=0 chase=0 attack=8 tactics=[8, 0, 0, 0, 0, 0, 0, 0]
[2026-08-17T11:16:18Z INFO  steel_front::engine::game] game: wave=1 enemies=8 enemy_hp=100 hp=100/100 score=0 phys_us=1 ai_us=393 audio_us=30 net_us=0
[2026-08-17T11:16:18Z INFO  steel_front::engine::renderer] visible=65536/65536 near=65536 far=0 fps=369.8 frame_us=2356 cull_us=0 terrain_us=0 wait_fence_us=1955 acquire_us=1 record_us=57 submit_us=45 present_us=231 terrain_lod=high blend=0.000 quality=中画质 marker=84 npc=56
[2026-08-17T11:16:19Z INFO  steel_front] cam: yaw=0.0 pitch=0.0 dist=3.4 mode=FirstPerson cycle_us=2862 update_us=44 render_us=2818
[2026-08-17T11:16:19Z INFO  steel_front::engine::game] ai: npcs=8 near=8 far=0 idle=0 patrol=0 chase=0 attack=8 tactics=[8, 0, 0, 0, 0, 0, 0, 0]
[2026-08-17T11:16:19Z INFO  steel_front::engine::game] game: wave=1 enemies=8 enemy_hp=100 hp=100/100 score=0 phys_us=1 ai_us=428 audio_us=13 net_us=0
[2026-08-17T11:16:19Z INFO  steel_front::engine::renderer] visible=65536/65536 near=65536 far=0 fps=367.2 frame_us=2853 cull_us=0 terrain_us=0 wait_fence_us=1640 acquire_us=1 record_us=57 submit_us=52 present_us=223 terrain_lod=high blend=0.000 quality=中画质 marker=84 npc=56
[2026-08-17T11:16:20Z INFO  steel_front] cam: yaw=0.0 pitch=0.0 dist=3.4 mode=FirstPerson cycle_us=2795 update_us=40 render_us=2755
[2026-08-17T11:16:20Z INFO  steel_front::engine::game] ai: npcs=8 near=8 far=0 idle=0 patrol=0 chase=0 attack=8 tactics=[8, 0, 0, 0, 0, 0, 0, 0]
[2026-08-17T11:16:20Z INFO  steel_front::engine::game] game: wave=1 enemies=8 enemy_hp=100 hp=100/100 score=0 phys_us=1 ai_us=503 audio_us=24 net_us=0
[2026-08-17T11:16:20Z INFO  steel_front::engine::renderer] visible=65536/65536 near=65536 far=0 fps=369.9 frame_us=2223 cull_us=1 terrain_us=0 wait_fence_us=2107 acquire_us=1 record_us=52 submit_us=72 present_us=228 terrain_lod=high blend=0.000 quality=中画质 marker=84 npc=56
[2026-08-17T11:16:20Z INFO  steel_front] size diag: window_inner=2560x1600 hud=2560x1600
[2026-08-17T11:16:20Z INFO  steel_front] size diag: window_inner=2560x1600 hud=2560x1600
[2026-08-17T11:16:20Z INFO  steel_front] size diag: window_inner=2560x1600 hud=2560x1600
[2026-08-17T11:16:20Z INFO  steel_front] size diag: window_inner=2560x1600 hud=2560x1600
[2026-08-17T11:16:20Z INFO  steel_front] size diag: window_inner=2560x1600 hud=2560x1600
[2026-08-17T11:16:20Z INFO  steel_front] size diag: window_inner=2560x1600 hud=2560x1600
[2026-08-17T11:16:20Z INFO  steel_front] size diag: window_inner=2560x1600 hud=2560x1600
[2026-08-17T11:16:20Z INFO  steel_front] size diag: window_inner=2560x1600 hud=2560x1600
[2026-08-17T11:16:20Z INFO  steel_front] size diag: window_inner=2560x1600 hud=2560x1600
[2026-08-17T11:16:20Z INFO  steel_front] size diag: window_inner=2560x1600 hud=2560x1600
[2026-08-17T11:16:20Z INFO  steel_front] size diag: window_inner=2560x1600 hud=2560x1600
[2026-08-17T11:16:20Z INFO  steel_front] size diag: window_inner=2560x1600 hud=2560x1600
[2026-08-17T11:16:20Z INFO  steel_front] size diag: window_inner=2560x1600 hud=2560x1600
[2026-08-17T11:16:20Z INFO  steel_front] size diag: window_inner=2560x1600 hud=2560x1600
[2026-08-17T11:16:20Z INFO  steel_front] size diag: window_inner=2560x1600 hud=2560x1600
[2026-08-17T11:16:20Z INFO  steel_front] size diag: window_inner=2560x1600 hud=2560x1600
[2026-08-17T11:16:20Z INFO  steel_front] size diag: window_inner=2560x1600 hud=2560x1600
[2026-08-17T11:16:20Z INFO  steel_front] size diag: window_inner=2560x1600 hud=2560x1600
[2026-08-17T11:16:21Z INFO  steel_front] cam: yaw=0.0 pitch=0.0 dist=3.4 mode=FirstPerson cycle_us=2489 update_us=37 render_us=2451
[2026-08-17T11:16:21Z INFO  steel_front::engine::game] ai: npcs=8 near=8 far=0 idle=0 patrol=0 chase=0 attack=8 tactics=[8, 0, 0, 0, 0, 0, 0, 0]
[2026-08-17T11:16:21Z INFO  steel_front::engine::game] game: wave=1 enemies=8 enemy_hp=100 hp=100/100 score=0 phys_us=2 ai_us=524 audio_us=12 net_us=0
[2026-08-17T11:16:21Z INFO  steel_front::engine::renderer] visible=65536/65536 near=65536 far=0 fps=370.7 frame_us=2347 cull_us=0 terrain_us=0 wait_fence_us=2060 acquire_us=0 record_us=53 submit_us=82 present_us=148 terrain_lod=high blend=0.000 quality=中画质 marker=84 npc=56
[2026-08-17T11:16:22Z INFO  steel_front] cam: yaw=0.0 pitch=0.0 dist=3.4 mode=FirstPerson cycle_us=2839 update_us=42 render_us=2796
[2026-08-17T11:16:22Z INFO  steel_front::engine::game] ai: npcs=8 near=8 far=0 idle=0 patrol=0 chase=0 attack=8 tactics=[8, 0, 0, 0, 0, 0, 0, 0]
[2026-08-17T11:16:22Z INFO  steel_front::engine::game] game: wave=1 enemies=8 enemy_hp=100 hp=100/100 score=0 phys_us=2 ai_us=572 audio_us=23 net_us=0
[2026-08-17T11:16:22Z INFO  steel_front::engine::renderer] visible=65536/65536 near=65536 far=0 fps=363.7 frame_us=2494 cull_us=0 terrain_us=0 wait_fence_us=1752 acquire_us=1 record_us=33 submit_us=60 present_us=230 terrain_lod=high blend=0.000 quality=中画质 marker=84 npc=56
[2026-08-17T11:16:23Z INFO  steel_front] cam: yaw=0.0 pitch=0.0 dist=3.4 mode=FirstPerson cycle_us=2625 update_us=38 render_us=2586
[2026-08-17T11:16:23Z INFO  steel_front::engine::game] ai: npcs=8 near=8 far=0 idle=0 patrol=0 chase=0 attack=8 tactics=[8, 0, 0, 0, 0, 0, 0, 0]
[2026-08-17T11:16:23Z INFO  steel_front::engine::game] game: wave=1 enemies=8 enemy_hp=100 hp=100/100 score=0 phys_us=1 ai_us=881 audio_us=30 net_us=0
[2026-08-17T11:16:23Z INFO  steel_front::engine::renderer] visible=65536/65536 near=65536 far=0 fps=364.0 frame_us=2143 cull_us=0 terrain_us=0 wait_fence_us=1583 acquire_us=1 record_us=121 submit_us=48 present_us=233 terrain_lod=high blend=0.000 quality=中画质 marker=84 npc=56
[2026-08-17T11:16:24Z INFO  steel_front] cam: yaw=0.0 pitch=0.0 dist=3.4 mode=FirstPerson cycle_us=2540 update_us=40 render_us=2499
[2026-08-17T11:16:24Z INFO  steel_front::engine::game] ai: npcs=8 near=8 far=0 idle=0 patrol=0 chase=0 attack=8 tactics=[8, 0, 0, 0, 0, 0, 0, 0]
[2026-08-17T11:16:24Z INFO  steel_front::engine::game] game: wave=1 enemies=8 enemy_hp=100 hp=100/100 score=0 phys_us=1 ai_us=517 audio_us=27 net_us=0
[2026-08-17T11:16:24Z INFO  steel_front::engine::renderer] visible=65536/65536 near=65536 far=0 fps=369.1 frame_us=2061 cull_us=0 terrain_us=0 wait_fence_us=2267 acquire_us=1 record_us=60 submit_us=51 present_us=327 terrain_lod=high blend=0.000 quality=中画质 marker=84 npc=56
[2026-08-17T11:16:25Z INFO  steel_front] cam: yaw=0.0 pitch=0.0 dist=3.4 mode=FirstPerson cycle_us=2931 update_us=47 render_us=2884
[2026-08-17T11:16:25Z INFO  steel_front::engine::game] ai: npcs=8 near=8 far=0 idle=0 patrol=0 chase=0 attack=8 tactics=[8, 0, 0, 0, 0, 0, 0, 0]
[2026-08-17T11:16:25Z INFO  steel_front::engine::game] game: wave=1 enemies=8 enemy_hp=100 hp=100/100 score=0 phys_us=1 ai_us=599 audio_us=17 net_us=0
[2026-08-17T11:16:25Z INFO  steel_front::engine::renderer] visible=65536/65536 near=65536 far=0 fps=369.4 frame_us=2795 cull_us=0 terrain_us=0 wait_fence_us=1699 acquire_us=0 record_us=54 submit_us=46 present_us=277 terrain_lod=high blend=0.000 quality=中画质 marker=84 npc=56
[2026-08-17T11:16:25Z INFO  steel_front] size diag: window_inner=2560x1600 hud=2560x1600
[2026-08-17T11:16:25Z INFO  steel_front] size diag: window_inner=2560x1600 hud=2560x1600
[2026-08-17T11:16:25Z INFO  steel_front] size diag: window_inner=2560x1600 hud=2560x1600
[2026-08-17T11:16:25Z INFO  steel_front] size diag: window_inner=2560x1600 hud=2560x1600
[2026-08-17T11:16:25Z INFO  steel_front] size diag: window_inner=2560x1600 hud=2560x1600
[2026-08-17T11:16:25Z INFO  steel_front] size diag: window_inner=2560x1600 hud=2560x1600
[2026-08-17T11:16:25Z INFO  steel_front] size diag: window_inner=2560x1600 hud=2560x1600
[2026-08-17T11:16:25Z INFO  steel_front] size diag: window_inner=2560x1600 hud=2560x1600
[2026-08-17T11:16:25Z INFO  steel_front] size diag: window_inner=2560x1600 hud=2560x1600
[2026-08-17T11:16:25Z INFO  steel_front] size diag: window_inner=2560x1600 hud=2560x1600
[2026-08-17T11:16:25Z INFO  steel_front] size diag: window_inner=2560x1600 hud=2560x1600
[2026-08-17T11:16:25Z INFO  steel_front] size diag: window_inner=2560x1600 hud=2560x1600
[2026-08-17T11:16:25Z INFO  steel_front] size diag: window_inner=2560x1600 hud=2560x1600
[2026-08-17T11:16:25Z INFO  steel_front] size diag: window_inner=2560x1600 hud=2560x1600
[2026-08-17T11:16:25Z INFO  steel_front] size diag: window_inner=2560x1600 hud=2560x1600
[2026-08-17T11:16:25Z INFO  steel_front] size diag: window_inner=2560x1600 hud=2560x1600
[2026-08-17T11:16:25Z INFO  steel_front] size diag: window_inner=2560x1600 hud=2560x1600
[2026-08-17T11:16:25Z INFO  steel_front] size diag: window_inner=2560x1600 hud=2560x1600
[2026-08-17T11:16:26Z INFO  steel_front] cam: yaw=0.0 pitch=0.0 dist=3.4 mode=FirstPerson cycle_us=1750 update_us=29 render_us=1720
[2026-08-17T11:16:26Z INFO  steel_front::engine::game] ai: npcs=8 near=8 far=0 idle=0 patrol=0 chase=0 attack=8 tactics=[8, 0, 0, 0, 0, 0, 0, 0]
[2026-08-17T11:16:26Z INFO  steel_front::engine::game] game: wave=1 enemies=8 enemy_hp=100 hp=100/100 score=0 phys_us=2 ai_us=382 audio_us=13 net_us=0
[2026-08-17T11:16:26Z INFO  steel_front::engine::renderer] visible=65536/65536 near=65536 far=0 fps=369.7 frame_us=2772 cull_us=0 terrain_us=0 wait_fence_us=1625 acquire_us=1 record_us=40 submit_us=40 present_us=306 terrain_lod=high blend=0.000 quality=中画质 marker=84 npc=56
[2026-08-17T11:16:27Z INFO  steel_front] cam: yaw=0.0 pitch=0.0 dist=3.4 mode=FirstPerson cycle_us=2938 update_us=30 render_us=2908
[2026-08-17T11:16:27Z INFO  steel_front::engine::game] ai: npcs=8 near=8 far=0 idle=0 patrol=0 chase=0 attack=8 tactics=[8, 0, 0, 0, 0, 0, 0, 0]
[2026-08-17T11:16:27Z INFO  steel_front::engine::game] game: wave=1 enemies=8 enemy_hp=100 hp=100/100 score=0 phys_us=2 ai_us=477 audio_us=33 net_us=0
[2026-08-17T11:16:27Z INFO  steel_front::engine::renderer] visible=65536/65536 near=65536 far=0 fps=368.4 frame_us=1156 cull_us=1 terrain_us=0 wait_fence_us=724 acquire_us=2 record_us=47 submit_us=36 present_us=252 terrain_lod=high blend=0.000 quality=中画质 marker=84 npc=56
[2026-08-17T11:16:28Z INFO  steel_front] cam: yaw=0.0 pitch=0.0 dist=3.4 mode=FirstPerson cycle_us=2711 update_us=45 render_us=2665
[2026-08-17T11:16:28Z INFO  steel_front::engine::game] ai: npcs=8 near=8 far=0 idle=0 patrol=0 chase=0 attack=8 tactics=[8, 0, 0, 0, 0, 0, 0, 0]
[2026-08-17T11:16:28Z INFO  steel_front::engine::game] game: wave=1 enemies=8 enemy_hp=100 hp=100/100 score=0 phys_us=2 ai_us=490 audio_us=13 net_us=0
[2026-08-17T11:16:28Z INFO  steel_front::engine::renderer] visible=65536/65536 near=65536 far=0 fps=367.0 frame_us=2232 cull_us=0 terrain_us=0 wait_fence_us=1994 acquire_us=1 record_us=36 submit_us=38 present_us=218 terrain_lod=high blend=0.000 quality=中画质 marker=84 npc=56
[2026-08-17T11:16:29Z INFO  steel_front] cam: yaw=0.0 pitch=0.0 dist=3.4 mode=FirstPerson cycle_us=2619 update_us=43 render_us=2576
[2026-08-17T11:16:29Z INFO  steel_front::engine::game] ai: npcs=8 near=8 far=0 idle=0 patrol=0 chase=0 attack=8 tactics=[8, 0, 0, 0, 0, 0, 0, 0]
[2026-08-17T11:16:29Z INFO  steel_front::engine::game] game: wave=1 enemies=8 enemy_hp=100 hp=100/100 score=0 phys_us=1 ai_us=611 audio_us=27 net_us=0
[2026-08-17T11:16:29Z INFO  steel_front::engine::renderer] visible=65536/65536 near=65536 far=0 fps=370.6 frame_us=1938 cull_us=0 terrain_us=0 wait_fence_us=2470 acquire_us=0 record_us=19 submit_us=18 present_us=114 terrain_lod=high blend=0.000 quality=中画质 marker=84 npc=56
[2026-08-17T11:16:30Z INFO  steel_front] cam: yaw=0.0 pitch=0.0 dist=3.4 mode=FirstPerson cycle_us=3080 update_us=36 render_us=3043
[2026-08-17T11:16:30Z INFO  steel_front::engine::game] ai: npcs=8 near=8 far=0 idle=0 patrol=0 chase=0 attack=8 tactics=[8, 0, 0, 0, 0, 0, 0, 0]
[2026-08-17T11:16:30Z INFO  steel_front::engine::game] game: wave=1 enemies=8 enemy_hp=100 hp=100/100 score=0 phys_us=2 ai_us=505 audio_us=25 net_us=0
[2026-08-17T11:16:30Z INFO  steel_front::engine::renderer] visible=65536/65536 near=65536 far=0 fps=370.1 frame_us=2429 cull_us=0 terrain_us=0 wait_fence_us=1794 acquire_us=1 record_us=36 submit_us=36 present_us=205 terrain_lod=high blend=0.000 quality=中画质 marker=84 npc=56
[2026-08-17T11:16:30Z INFO  steel_front] size diag: window_inner=2560x1600 hud=2560x1600
[2026-08-17T11:16:30Z INFO  steel_front] size diag: window_inner=2560x1600 hud=2560x1600
[2026-08-17T11:16:30Z INFO  steel_front] size diag: window_inner=2560x1600 hud=2560x1600
[2026-08-17T11:16:30Z INFO  steel_front] size diag: window_inner=2560x1600 hud=2560x1600
[2026-08-17T11:16:30Z INFO  steel_front] size diag: window_inner=2560x1600 hud=2560x1600
[2026-08-17T11:16:30Z INFO  steel_front] size diag: window_inner=2560x1600 hud=2560x1600
[2026-08-17T11:16:30Z INFO  steel_front] size diag: window_inner=2560x1600 hud=2560x1600
[2026-08-17T11:16:30Z INFO  steel_front] size diag: window_inner=2560x1600 hud=2560x1600
[2026-08-17T11:16:30Z INFO  steel_front] size diag: window_inner=2560x1600 hud=2560x1600
[2026-08-17T11:16:30Z INFO  steel_front] size diag: window_inner=2560x1600 hud=2560x1600
[2026-08-17T11:16:30Z INFO  steel_front] size diag: window_inner=2560x1600 hud=2560x1600
[2026-08-17T11:16:30Z INFO  steel_front] size diag: window_inner=2560x1600 hud=2560x1600
[2026-08-17T11:16:30Z INFO  steel_front] size diag: window_inner=2560x1600 hud=2560x1600
[2026-08-17T11:16:30Z INFO  steel_front] size diag: window_inner=2560x1600 hud=2560x1600
[2026-08-17T11:16:30Z INFO  steel_front] size diag: window_inner=2560x1600 hud=2560x1600
[2026-08-17T11:16:30Z INFO  steel_front] size diag: window_inner=2560x1600 hud=2560x1600
[2026-08-17T11:16:30Z INFO  steel_front] size diag: window_inner=2560x1600 hud=2560x1600
[2026-08-17T11:16:30Z INFO  steel_front] size diag: window_inner=2560x1600 hud=2560x1600
[2026-08-17T11:16:31Z INFO  steel_front] cam: yaw=0.0 pitch=0.0 dist=3.4 mode=FirstPerson cycle_us=2813 update_us=37 render_us=2776
[2026-08-17T11:16:31Z INFO  steel_front::engine::game] ai: npcs=8 near=8 far=0 idle=0 patrol=0 chase=0 attack=8 tactics=[8, 0, 0, 0, 0, 0, 0, 0]
[2026-08-17T11:16:31Z INFO  steel_front::engine::game] game: wave=1 enemies=8 enemy_hp=100 hp=100/100 score=0 phys_us=2 ai_us=467 audio_us=26 net_us=0
[2026-08-17T11:16:31Z INFO  steel_front::engine::renderer] visible=65536/65536 near=65536 far=0 fps=369.1 frame_us=2520 cull_us=1 terrain_us=0 wait_fence_us=1739 acquire_us=1 record_us=49 submit_us=58 present_us=255 terrain_lod=high blend=0.000 quality=中画质 marker=84 npc=56
[2026-08-17T11:16:32Z INFO  steel_front] cam: yaw=0.0 pitch=0.0 dist=3.4 mode=FirstPerson cycle_us=2759 update_us=37 render_us=2722
[2026-08-17T11:16:32Z INFO  steel_front::engine::game] ai: npcs=8 near=8 far=0 idle=0 patrol=0 chase=0 attack=8 tactics=[8, 0, 0, 0, 0, 0, 0, 0]
[2026-08-17T11:16:32Z INFO  steel_front::engine::game] game: wave=1 enemies=8 enemy_hp=100 hp=100/100 score=0 phys_us=3 ai_us=396 audio_us=20 net_us=0
[2026-08-17T11:16:32Z INFO  steel_front::engine::renderer] visible=65536/65536 near=65536 far=0 fps=371.0 frame_us=2463 cull_us=0 terrain_us=0 wait_fence_us=2098 acquire_us=1 record_us=28 submit_us=24 present_us=117 terrain_lod=high blend=0.000 quality=中画质 marker=84 npc=56
[2026-08-17T11:16:33Z INFO  steel_front] cam: yaw=0.0 pitch=0.0 dist=3.4 mode=FirstPerson cycle_us=2469 update_us=38 render_us=2430
[2026-08-17T11:16:33Z INFO  steel_front::engine::game] ai: npcs=8 near=8 far=0 idle=0 patrol=0 chase=0 attack=8 tactics=[8, 0, 0, 0, 0, 0, 0, 0]
[2026-08-17T11:16:33Z INFO  steel_front::engine::game] game: wave=1 enemies=8 enemy_hp=100 hp=100/100 score=0 phys_us=3 ai_us=445 audio_us=30 net_us=0
[2026-08-17T11:16:33Z INFO  steel_front::engine::renderer] visible=65536/65536 near=65536 far=0 fps=368.8 frame_us=2208 cull_us=0 terrain_us=0 wait_fence_us=1736 acquire_us=1 record_us=55 submit_us=50 present_us=234 terrain_lod=high blend=0.000 quality=中画质 marker=84 npc=56
[2026-08-17T11:16:34Z INFO  steel_front] cam: yaw=0.0 pitch=0.0 dist=3.4 mode=FirstPerson cycle_us=2973 update_us=26 render_us=2946
[2026-08-17T11:16:34Z INFO  steel_front::engine::game] ai: npcs=8 near=8 far=0 idle=0 patrol=0 chase=0 attack=8 tactics=[8, 0, 0, 0, 0, 0, 0, 0]
[2026-08-17T11:16:34Z INFO  steel_front::engine::game] game: wave=1 enemies=8 enemy_hp=100 hp=100/100 score=0 phys_us=2 ai_us=500 audio_us=16 net_us=0
[2026-08-17T11:16:34Z INFO  steel_front::engine::renderer] visible=65536/65536 near=65536 far=0 fps=368.2 frame_us=2217 cull_us=0 terrain_us=0 wait_fence_us=2128 acquire_us=1 record_us=52 submit_us=52 present_us=210 terrain_lod=high blend=0.000 quality=中画质 marker=84 npc=56
[2026-08-17T11:16:35Z INFO  steel_front] cam: yaw=0.0 pitch=0.0 dist=3.4 mode=FirstPerson cycle_us=2935 update_us=21 render_us=2913
[2026-08-17T11:16:35Z INFO  steel_front::engine::game] ai: npcs=8 near=8 far=0 idle=0 patrol=0 chase=0 attack=8 tactics=[8, 0, 0, 0, 0, 0, 0, 0]
[2026-08-17T11:16:35Z INFO  steel_front::engine::game] game: wave=1 enemies=8 enemy_hp=100 hp=100/100 score=0 phys_us=2 ai_us=504 audio_us=15 net_us=0
[2026-08-17T11:16:35Z INFO  steel_front::engine::renderer] visible=65536/65536 near=65536 far=0 fps=369.1 frame_us=2368 cull_us=4 terrain_us=0 wait_fence_us=1963 acquire_us=7 record_us=60 submit_us=63 present_us=244 terrain_lod=high blend=0.000 quality=中画质 marker=84 npc=56
[2026-08-17T11:16:35Z INFO  steel_front] size diag: window_inner=2560x1600 hud=2560x1600
[2026-08-17T11:16:35Z INFO  steel_front] size diag: window_inner=2560x1600 hud=2560x1600
[2026-08-17T11:16:35Z INFO  steel_front] size diag: window_inner=2560x1600 hud=2560x1600
[2026-08-17T11:16:35Z INFO  steel_front] size diag: window_inner=2560x1600 hud=2560x1600
[2026-08-17T11:16:35Z INFO  steel_front] size diag: window_inner=2560x1600 hud=2560x1600
[2026-08-17T11:16:35Z INFO  steel_front] size diag: window_inner=2560x1600 hud=2560x1600
[2026-08-17T11:16:35Z INFO  steel_front] size diag: window_inner=2560x1600 hud=2560x1600
[2026-08-17T11:16:35Z INFO  steel_front] size diag: window_inner=2560x1600 hud=2560x1600
[2026-08-17T11:16:35Z INFO  steel_front] size diag: window_inner=2560x1600 hud=2560x1600
[2026-08-17T11:16:35Z INFO  steel_front] size diag: window_inner=2560x1600 hud=2560x1600
[2026-08-17T11:16:35Z INFO  steel_front] size diag: window_inner=2560x1600 hud=2560x1600
[2026-08-17T11:16:35Z INFO  steel_front] size diag: window_inner=2560x1600 hud=2560x1600
[2026-08-17T11:16:35Z INFO  steel_front] size diag: window_inner=2560x1600 hud=2560x1600
[2026-08-17T11:16:35Z INFO  steel_front] size diag: window_inner=2560x1600 hud=2560x1600
[2026-08-17T11:16:35Z INFO  steel_front] size diag: window_inner=2560x1600 hud=2560x1600
[2026-08-17T11:16:35Z INFO  steel_front] size diag: window_inner=2560x1600 hud=2560x1600
[2026-08-17T11:16:35Z INFO  steel_front] size diag: window_inner=2560x1600 hud=2560x1600
[2026-08-17T11:16:35Z INFO  steel_front] size diag: window_inner=2560x1600 hud=2560x1600
[2026-08-17T11:16:35Z INFO  steel_front] size diag: window_inner=2560x1600 hud=2560x1600
[2026-08-17T11:16:36Z INFO  steel_front] cam: yaw=0.0 pitch=0.0 dist=3.4 mode=FirstPerson cycle_us=2486 update_us=39 render_us=2446
[2026-08-17T11:16:36Z INFO  steel_front::engine::game] ai: npcs=8 near=8 far=0 idle=0 patrol=0 chase=0 attack=8 tactics=[8, 0, 0, 0, 0, 0, 0, 0]
[2026-08-17T11:16:36Z INFO  steel_front::engine::game] game: wave=1 enemies=8 enemy_hp=100 hp=100/100 score=0 phys_us=5 ai_us=515 audio_us=13 net_us=0
[2026-08-17T11:16:36Z INFO  steel_front::engine::renderer] visible=65536/65536 near=65536 far=0 fps=371.1 frame_us=2449 cull_us=1 terrain_us=0 wait_fence_us=2473 acquire_us=1 record_us=59 submit_us=52 present_us=427 terrain_lod=high blend=0.000 quality=中画质 marker=84 npc=56
[2026-08-17T11:16:37Z INFO  steel_front] cam: yaw=0.0 pitch=0.0 dist=3.4 mode=FirstPerson cycle_us=2406 update_us=41 render_us=2365
[2026-08-17T11:16:37Z INFO  steel_front::engine::game] ai: npcs=8 near=8 far=0 idle=0 patrol=0 chase=0 attack=8 tactics=[8, 0, 0, 0, 0, 0, 0, 0]
[2026-08-17T11:16:37Z INFO  steel_front::engine::game] game: wave=1 enemies=8 enemy_hp=100 hp=100/100 score=0 phys_us=2 ai_us=512 audio_us=26 net_us=0
[2026-08-17T11:16:37Z INFO  steel_front::engine::renderer] visible=65536/65536 near=65536 far=0 fps=369.3 frame_us=2285 cull_us=0 terrain_us=0 wait_fence_us=2027 acquire_us=1 record_us=29 submit_us=27 present_us=168 terrain_lod=high blend=0.000 quality=中画质 marker=84 npc=56
[2026-08-17T11:16:38Z INFO  steel_front] cam: yaw=0.0 pitch=0.0 dist=3.4 mode=FirstPerson cycle_us=3444 update_us=18 render_us=3425
[2026-08-17T11:16:38Z INFO  steel_front::engine::game] ai: npcs=8 near=8 far=0 idle=0 patrol=0 chase=0 attack=8 tactics=[8, 0, 0, 0, 0, 0, 0, 0]
[2026-08-17T11:16:38Z INFO  steel_front::engine::game] game: wave=1 enemies=8 enemy_hp=100 hp=100/100 score=0 phys_us=1 ai_us=497 audio_us=31 net_us=0
[2026-08-17T11:16:38Z INFO  steel_front::engine::renderer] visible=65536/65536 near=65536 far=0 fps=369.9 frame_us=2721 cull_us=1 terrain_us=0 wait_fence_us=1979 acquire_us=1 record_us=69 submit_us=98 present_us=511 terrain_lod=high blend=0.000 quality=中画质 marker=84 npc=56
[2026-08-17T11:16:39Z INFO  steel_front] cam: yaw=0.0 pitch=0.0 dist=3.4 mode=FirstPerson cycle_us=2727 update_us=72 render_us=2654
[2026-08-17T11:16:39Z INFO  steel_front::engine::game] ai: npcs=8 near=8 far=0 idle=0 patrol=0 chase=0 attack=8 tactics=[8, 0, 0, 0, 0, 0, 0, 0]
[2026-08-17T11:16:39Z INFO  steel_front::engine::game] game: wave=1 enemies=8 enemy_hp=100 hp=100/100 score=0 phys_us=1 ai_us=433 audio_us=31 net_us=0
[2026-08-17T11:16:39Z INFO  steel_front::engine::renderer] visible=65536/65536 near=65536 far=0 fps=368.8 frame_us=2148 cull_us=0 terrain_us=0 wait_fence_us=2224 acquire_us=1 record_us=44 submit_us=65 present_us=224 terrain_lod=high blend=0.000 quality=中画质 marker=84 npc=56
[2026-08-17T11:16:40Z INFO  steel_front] cam: yaw=0.0 pitch=0.0 dist=3.4 mode=FirstPerson cycle_us=2513 update_us=42 render_us=2470
[2026-08-17T11:16:40Z INFO  steel_front::engine::game] ai: npcs=8 near=8 far=0 idle=0 patrol=0 chase=0 attack=8 tactics=[8, 0, 0, 0, 0, 0, 0, 0]
[2026-08-17T11:16:40Z INFO  steel_front::engine::game] game: wave=1 enemies=8 enemy_hp=100 hp=100/100 score=0 phys_us=2 ai_us=496 audio_us=16 net_us=0
[2026-08-17T11:16:40Z INFO  steel_front::engine::renderer] visible=65536/65536 near=65536 far=0 fps=369.9 frame_us=2073 cull_us=1 terrain_us=0 wait_fence_us=2054 acquire_us=1 record_us=39 submit_us=37 present_us=239 terrain_lod=high blend=0.000 quality=中画质 marker=84 npc=56
[2026-08-17T11:16:40Z INFO  steel_front] size diag: window_inner=2560x1600 hud=2560x1600
[2026-08-17T11:16:40Z INFO  steel_front] size diag: window_inner=2560x1600 hud=2560x1600
[2026-08-17T11:16:40Z INFO  steel_front] size diag: window_inner=2560x1600 hud=2560x1600
[2026-08-17T11:16:40Z INFO  steel_front] size diag: window_inner=2560x1600 hud=2560x1600
[2026-08-17T11:16:40Z INFO  steel_front] size diag: window_inner=2560x1600 hud=2560x1600
[2026-08-17T11:16:40Z INFO  steel_front] size diag: window_inner=2560x1600 hud=2560x1600
[2026-08-17T11:16:40Z INFO  steel_front] size diag: window_inner=2560x1600 hud=2560x1600
[2026-08-17T11:16:40Z INFO  steel_front] size diag: window_inner=2560x1600 hud=2560x1600
[2026-08-17T11:16:40Z INFO  steel_front] size diag: window_inner=2560x1600 hud=2560x1600
[2026-08-17T11:16:40Z INFO  steel_front] size diag: window_inner=2560x1600 hud=2560x1600
[2026-08-17T11:16:40Z INFO  steel_front] size diag: window_inner=2560x1600 hud=2560x1600
[2026-08-17T11:16:40Z INFO  steel_front] size diag: window_inner=2560x1600 hud=2560x1600
[2026-08-17T11:16:40Z INFO  steel_front] size diag: window_inner=2560x1600 hud=2560x1600
[2026-08-17T11:16:40Z INFO  steel_front] size diag: window_inner=2560x1600 hud=2560x1600
[2026-08-17T11:16:40Z INFO  steel_front] size diag: window_inner=2560x1600 hud=2560x1600
[2026-08-17T11:16:40Z INFO  steel_front] size diag: window_inner=2560x1600 hud=2560x1600
[2026-08-17T11:16:40Z INFO  steel_front] size diag: window_inner=2560x1600 hud=2560x1600
[2026-08-17T11:16:40Z INFO  steel_front] size diag: window_inner=2560x1600 hud=2560x1600
[2026-08-17T11:16:41Z INFO  steel_front] cam: yaw=0.0 pitch=0.0 dist=3.4 mode=FirstPerson cycle_us=3324 update_us=24 render_us=3300
[2026-08-17T11:16:41Z INFO  steel_front::engine::game] ai: npcs=8 near=8 far=0 idle=0 patrol=0 chase=0 attack=8 tactics=[8, 0, 0, 0, 0, 0, 0, 0]
[2026-08-17T11:16:41Z INFO  steel_front::engine::game] game: wave=1 enemies=8 enemy_hp=100 hp=100/100 score=0 phys_us=1 ai_us=951 audio_us=14 net_us=0
[2026-08-17T11:16:41Z INFO  steel_front::engine::renderer] visible=65536/65536 near=65536 far=0 fps=366.7 frame_us=1957 cull_us=1 terrain_us=0 wait_fence_us=2258 acquire_us=1 record_us=24 submit_us=19 present_us=168 terrain_lod=high blend=0.000 quality=中画质 marker=84 npc=56
[2026-08-17T11:16:42Z INFO  steel_front] cam: yaw=0.0 pitch=0.0 dist=3.4 mode=FirstPerson cycle_us=2870 update_us=37 render_us=2833
[2026-08-17T11:16:42Z INFO  steel_front::engine::game] ai: npcs=8 near=8 far=0 idle=0 patrol=0 chase=0 attack=8 tactics=[8, 0, 0, 0, 0, 0, 0, 0]
[2026-08-17T11:16:42Z INFO  steel_front::engine::game] game: wave=1 enemies=8 enemy_hp=100 hp=100/100 score=0 phys_us=1 ai_us=447 audio_us=13 net_us=0
[2026-08-17T11:16:42Z INFO  steel_front::engine::renderer] visible=65536/65536 near=65536 far=0 fps=369.4 frame_us=2499 cull_us=0 terrain_us=0 wait_fence_us=1912 acquire_us=1 record_us=36 submit_us=39 present_us=205 terrain_lod=high blend=0.000 quality=中画质 marker=84 npc=56
[2026-08-17T11:16:43Z INFO  steel_front] cam: yaw=0.0 pitch=0.0 dist=3.4 mode=FirstPerson cycle_us=2558 update_us=47 render_us=2510
[2026-08-17T11:16:43Z INFO  steel_front::engine::game] ai: npcs=8 near=8 far=0 idle=0 patrol=0 chase=0 attack=8 tactics=[8, 0, 0, 0, 0, 0, 0, 0]
[2026-08-17T11:16:43Z INFO  steel_front::engine::game] game: wave=1 enemies=8 enemy_hp=100 hp=100/100 score=0 phys_us=2 ai_us=604 audio_us=14 net_us=0
[2026-08-17T11:16:43Z INFO  steel_front::engine::renderer] visible=65536/65536 near=65536 far=0 fps=369.8 frame_us=2616 cull_us=0 terrain_us=0 wait_fence_us=1874 acquire_us=0 record_us=29 submit_us=51 present_us=365 terrain_lod=high blend=0.000 quality=中画质 marker=84 npc=56
[2026-08-17T11:16:44Z INFO  steel_front] cam: yaw=0.0 pitch=0.0 dist=3.4 mode=FirstPerson cycle_us=2919 update_us=22 render_us=2897
[2026-08-17T11:16:44Z INFO  steel_front::engine::game] ai: npcs=8 near=8 far=0 idle=0 patrol=0 chase=0 attack=8 tactics=[8, 0, 0, 0, 0, 0, 0, 0]
[2026-08-17T11:16:44Z INFO  steel_front::engine::game] game: wave=1 enemies=8 enemy_hp=100 hp=100/100 score=0 phys_us=2 ai_us=585 audio_us=12 net_us=0
[2026-08-17T11:16:44Z INFO  steel_front::engine::renderer] visible=65536/65536 near=65536 far=0 fps=369.9 frame_us=2334 cull_us=0 terrain_us=0 wait_fence_us=2139 acquire_us=0 record_us=36 submit_us=34 present_us=204 terrain_lod=high blend=0.000 quality=中画质 marker=84 npc=56
[2026-08-17T11:16:45Z INFO  steel_front] cam: yaw=0.0 pitch=0.0 dist=3.4 mode=FirstPerson cycle_us=3022 update_us=20 render_us=3001
[2026-08-17T11:16:45Z INFO  steel_front::engine::game] ai: npcs=8 near=8 far=0 idle=0 patrol=0 chase=0 attack=8 tactics=[8, 0, 0, 0, 0, 0, 0, 0]
[2026-08-17T11:16:45Z INFO  steel_front::engine::game] game: wave=1 enemies=8 enemy_hp=100 hp=100/100 score=0 phys_us=2 ai_us=510 audio_us=27 net_us=0
[2026-08-17T11:16:45Z INFO  steel_front::engine::renderer] visible=65536/65536 near=65536 far=0 fps=370.4 frame_us=2356 cull_us=1 terrain_us=0 wait_fence_us=2140 acquire_us=1 record_us=47 submit_us=58 present_us=317 terrain_lod=high blend=0.000 quality=中画质 marker=84 npc=56
[2026-08-17T11:16:45Z INFO  steel_front] size diag: window_inner=2560x1600 hud=2560x1600
[2026-08-17T11:16:45Z INFO  steel_front] size diag: window_inner=2560x1600 hud=2560x1600
[2026-08-17T11:16:45Z INFO  steel_front] size diag: window_inner=2560x1600 hud=2560x1600
[2026-08-17T11:16:45Z INFO  steel_front] size diag: window_inner=2560x1600 hud=2560x1600
[2026-08-17T11:16:45Z INFO  steel_front] size diag: window_inner=2560x1600 hud=2560x1600
[2026-08-17T11:16:45Z INFO  steel_front] size diag: window_inner=2560x1600 hud=2560x1600
[2026-08-17T11:16:45Z INFO  steel_front] size diag: window_inner=2560x1600 hud=2560x1600
[2026-08-17T11:16:45Z INFO  steel_front] size diag: window_inner=2560x1600 hud=2560x1600
[2026-08-17T11:16:45Z INFO  steel_front] size diag: window_inner=2560x1600 hud=2560x1600
[2026-08-17T11:16:45Z INFO  steel_front] size diag: window_inner=2560x1600 hud=2560x1600
[2026-08-17T11:16:45Z INFO  steel_front] size diag: window_inner=2560x1600 hud=2560x1600
[2026-08-17T11:16:45Z INFO  steel_front] size diag: window_inner=2560x1600 hud=2560x1600
[2026-08-17T11:16:45Z INFO  steel_front] size diag: window_inner=2560x1600 hud=2560x1600
[2026-08-17T11:16:45Z INFO  steel_front] size diag: window_inner=2560x1600 hud=2560x1600
[2026-08-17T11:16:45Z INFO  steel_front] size diag: window_inner=2560x1600 hud=2560x1600
[2026-08-17T11:16:45Z INFO  steel_front] size diag: window_inner=2560x1600 hud=2560x1600
[2026-08-17T11:16:45Z INFO  steel_front] size diag: window_inner=2560x1600 hud=2560x1600
[2026-08-17T11:16:45Z INFO  steel_front] size diag: window_inner=2560x1600 hud=2560x1600
[2026-08-17T11:16:45Z INFO  steel_front] size diag: window_inner=2560x1600 hud=2560x1600
[2026-08-17T11:16:46Z INFO  steel_front] cam: yaw=0.0 pitch=0.0 dist=3.4 mode=FirstPerson cycle_us=2309 update_us=41 render_us=2268
[2026-08-17T11:16:46Z INFO  steel_front::engine::game] ai: npcs=8 near=8 far=0 idle=0 patrol=0 chase=0 attack=8 tactics=[8, 0, 0, 0, 0, 0, 0, 0]
[2026-08-17T11:16:46Z INFO  steel_front::engine::game] game: wave=1 enemies=8 enemy_hp=100 hp=100/100 score=0 phys_us=3 ai_us=578 audio_us=13 net_us=0
[2026-08-17T11:16:46Z INFO  steel_front::engine::renderer] visible=65536/65536 near=65536 far=0 fps=371.4 frame_us=2358 cull_us=1 terrain_us=0 wait_fence_us=1774 acquire_us=1 record_us=38 submit_us=42 present_us=211 terrain_lod=high blend=0.000 quality=中画质 marker=84 npc=56
[2026-08-17T11:16:47Z INFO  steel_front] cam: yaw=0.0 pitch=0.0 dist=3.4 mode=FirstPerson cycle_us=2654 update_us=40 render_us=2614
[2026-08-17T11:16:47Z INFO  steel_front::engine::game] ai: npcs=8 near=8 far=0 idle=0 patrol=0 chase=0 attack=8 tactics=[8, 0, 0, 0, 0, 0, 0, 0]
[2026-08-17T11:16:47Z INFO  steel_front::engine::game] game: wave=1 enemies=8 enemy_hp=100 hp=100/100 score=0 phys_us=1 ai_us=425 audio_us=31 net_us=0
[2026-08-17T11:16:47Z INFO  steel_front::engine::renderer] visible=65536/65536 near=65536 far=0 fps=370.4 frame_us=2447 cull_us=0 terrain_us=0 wait_fence_us=1936 acquire_us=1 record_us=38 submit_us=30 present_us=227 terrain_lod=high blend=0.000 quality=中画质 marker=84 npc=56
[2026-08-17T11:16:48Z INFO  steel_front] cam: yaw=0.0 pitch=0.0 dist=3.4 mode=FirstPerson cycle_us=2655 update_us=105 render_us=2549
[2026-08-17T11:16:48Z INFO  steel_front::engine::game] ai: npcs=8 near=8 far=0 idle=0 patrol=0 chase=0 attack=8 tactics=[8, 0, 0, 0, 0, 0, 0, 0]
[2026-08-17T11:16:48Z INFO  steel_front::engine::game] game: wave=1 enemies=8 enemy_hp=100 hp=100/100 score=0 phys_us=2 ai_us=494 audio_us=24 net_us=0
[2026-08-17T11:16:48Z INFO  steel_front::engine::renderer] visible=65536/65536 near=65536 far=0 fps=370.1 frame_us=2578 cull_us=1 terrain_us=0 wait_fence_us=1772 acquire_us=1 record_us=160 submit_us=65 present_us=253 terrain_lod=high blend=0.000 quality=中画质 marker=84 npc=56
[2026-08-17T11:16:49Z INFO  steel_front] cam: yaw=0.0 pitch=0.0 dist=3.4 mode=FirstPerson cycle_us=2794 update_us=39 render_us=2754
[2026-08-17T11:16:49Z INFO  steel_front::engine::game] ai: npcs=8 near=8 far=0 idle=0 patrol=0 chase=0 attack=8 tactics=[8, 0, 0, 0, 0, 0, 0, 0]
[2026-08-17T11:16:49Z INFO  steel_front::engine::game] game: wave=1 enemies=8 enemy_hp=100 hp=100/100 score=0 phys_us=2 ai_us=252 audio_us=28 net_us=0
[2026-08-17T11:16:49Z INFO  steel_front::engine::renderer] visible=65536/65536 near=65536 far=0 fps=368.9 frame_us=2561 cull_us=2 terrain_us=0 wait_fence_us=1697 acquire_us=1 record_us=49 submit_us=38 present_us=245 terrain_lod=high blend=0.000 quality=中画质 marker=84 npc=56
[2026-08-17T11:16:49Z INFO  steel_front::engine::game] map: level 1 generated: 36 obstacle bodies (wall=20 block=0 barrier=0 tree=3 building=6 ruin=7), 203 grid cells blocked
[2026-08-17T11:16:49Z INFO  steel_front::engine::game] game: purged 8 leftover npcs on run start
[2026-08-17T11:16:49Z INFO  steel_front::engine::game] wave: npc #8 spawn (65.3, 0.0, 25.3)
[2026-08-17T11:16:49Z INFO  steel_front::engine::game] wave: npc #9 spawn (6.1, 0.0, 39.5)
[2026-08-17T11:16:49Z INFO  steel_front::engine::game] wave: npc #10 spawn (-46.8, 0.0, 37.6)
[2026-08-17T11:16:49Z INFO  steel_front::engine::game] wave: npc #11 spawn (-74.6, 0.0, -28.9)
[2026-08-17T11:16:49Z INFO  steel_front::engine::game] wave: npc #12 spawn (-7.6, 0.0, -49.4)
[2026-08-17T11:16:49Z INFO  steel_front::engine::game] wave: npc #13 spawn (54.6, 0.0, -43.9)
[2026-08-17T11:16:49Z INFO  steel_front::engine::game] wave: wave 1 spawned 6 enemies (kind=Normal total=6 speed=4.0 hp=100 effective=1)
[2026-08-17T11:16:49Z INFO  steel_front::engine::game] game: run started (wave 1)
[2026-08-17T11:16:49Z INFO  steel_front] input: cursor captured (mouse look on, grab=locked, look=relative)
[2026-08-17T11:16:49Z INFO  steel_front::engine::game] physics: 36 events this frame (GroundHit, GroundHit, GroundHit, GroundHit, GroundHit, GroundHit, GroundHit, GroundHit, GroundHit, GroundHit, GroundHit, GroundHit, GroundHit, GroundHit, GroundHit, GroundHit, GroundHit, GroundHit, GroundHit, GroundHit, GroundHit, GroundHit, GroundHit, GroundHit, GroundHit, GroundHit, GroundHit, GroundHit, GroundHit, GroundHit, GroundHit, GroundHit, GroundHit, GroundHit, GroundHit, GroundHit)
[2026-08-17T11:16:49Z INFO  steel_front] input: cursor released (window unfocused)
[2026-08-17T11:16:50Z INFO  steel_front] cam: yaw=0.0 pitch=0.0 dist=3.4 mode=FirstPerson cycle_us=2776 update_us=48 render_us=2728
[2026-08-17T11:16:50Z INFO  steel_front::engine::game] ai: npcs=6 near=6 far=0 idle=0 patrol=3 chase=3 attack=0 tactics=[4, 1, 1, 0, 0, 0, 0, 0]
[2026-08-17T11:16:50Z INFO  steel_front::engine::game] game: wave=1 enemies=6 enemy_hp=100 hp=100/100 score=0 phys_us=2 ai_us=699 audio_us=19 net_us=0
[2026-08-17T11:16:50Z INFO  steel_front::engine::renderer] visible=65536/65536 near=65536 far=0 fps=372.2 frame_us=1498 cull_us=1 terrain_us=0 wait_fence_us=1354 acquire_us=1 record_us=34 submit_us=31 present_us=209 terrain_lod=high blend=0.000 quality=中画质 marker=36 npc=98
[2026-08-17T11:16:50Z INFO  steel_front] size diag: window_inner=2560x1600 hud=2560x1600
[2026-08-17T11:16:50Z INFO  steel_front] size diag: window_inner=2560x1600 hud=2560x1600
[2026-08-17T11:16:50Z INFO  steel_front] size diag: window_inner=2560x1600 hud=2560x1600
[2026-08-17T11:16:50Z INFO  steel_front] size diag: window_inner=2560x1600 hud=2560x1600
[2026-08-17T11:16:50Z INFO  steel_front] size diag: window_inner=2560x1600 hud=2560x1600
[2026-08-17T11:16:50Z INFO  steel_front] size diag: window_inner=2560x1600 hud=2560x1600
[2026-08-17T11:16:50Z INFO  steel_front] size diag: window_inner=2560x1600 hud=2560x1600
[2026-08-17T11:16:50Z INFO  steel_front] size diag: window_inner=2560x1600 hud=2560x1600
[2026-08-17T11:16:50Z INFO  steel_front] size diag: window_inner=2560x1600 hud=2560x1600
[2026-08-17T11:16:50Z INFO  steel_front] size diag: window_inner=2560x1600 hud=2560x1600
[2026-08-17T11:16:50Z INFO  steel_front] size diag: window_inner=2560x1600 hud=2560x1600
[2026-08-17T11:16:50Z INFO  steel_front] size diag: window_inner=2560x1600 hud=2560x1600
[2026-08-17T11:16:50Z INFO  steel_front] size diag: window_inner=2560x1600 hud=2560x1600
[2026-08-17T11:16:50Z INFO  steel_front] size diag: window_inner=2560x1600 hud=2560x1600
[2026-08-17T11:16:50Z INFO  steel_front] size diag: window_inner=2560x1600 hud=2560x1600
[2026-08-17T11:16:50Z INFO  steel_front] size diag: window_inner=2560x1600 hud=2560x1600
[2026-08-17T11:16:50Z INFO  steel_front] size diag: window_inner=2560x1600 hud=2560x1600
[2026-08-17T11:16:50Z INFO  steel_front] size diag: window_inner=2560x1600 hud=2560x1600
[2026-08-17T11:16:51Z INFO  steel_front] cam: yaw=0.0 pitch=0.0 dist=3.4 mode=FirstPerson cycle_us=2719 update_us=25 render_us=2693
[2026-08-17T11:16:51Z INFO  steel_front::engine::game] ai: npcs=6 near=6 far=0 idle=0 patrol=3 chase=3 attack=0 tactics=[4, 1, 1, 0, 0, 0, 0, 0]
[2026-08-17T11:16:51Z INFO  steel_front::engine::game] game: wave=1 enemies=6 enemy_hp=100 hp=100/100 score=0 phys_us=3 ai_us=465 audio_us=27 net_us=0
[2026-08-17T11:16:51Z INFO  steel_front::engine::renderer] visible=65536/65536 near=65536 far=0 fps=377.0 frame_us=1825 cull_us=1 terrain_us=0 wait_fence_us=2122 acquire_us=1 record_us=32 submit_us=34 present_us=213 terrain_lod=high blend=0.000 quality=中画质 marker=36 npc=98
[2026-08-17T11:16:52Z INFO  steel_front] cam: yaw=0.0 pitch=0.0 dist=3.4 mode=FirstPerson cycle_us=2424 update_us=44 render_us=2379
[2026-08-17T11:16:52Z INFO  steel_front::engine::game] ai: npcs=6 near=6 far=0 idle=0 patrol=3 chase=3 attack=0 tactics=[3, 1, 1, 0, 0, 0, 0, 1]
[2026-08-17T11:16:52Z INFO  steel_front::engine::game] game: wave=1 enemies=6 enemy_hp=100 hp=100/100 score=0 phys_us=11 ai_us=970 audio_us=162 net_us=0
[2026-08-17T11:16:52Z INFO  steel_front::engine::renderer] visible=65536/65536 near=65536 far=0 fps=329.7 frame_us=1296 cull_us=2 terrain_us=0 wait_fence_us=191 acquire_us=2 record_us=86 submit_us=101 present_us=564 terrain_lod=high blend=0.000 quality=中画质 marker=36 npc=98
[2026-08-17T11:16:53Z INFO  steel_front] cam: yaw=0.0 pitch=0.0 dist=3.4 mode=FirstPerson cycle_us=9366 update_us=604 render_us=8761
[2026-08-17T11:16:53Z INFO  steel_front::engine::game] ai: npcs=6 near=6 far=0 idle=0 patrol=1 chase=5 attack=0 tactics=[4, 1, 1, 0, 0, 0, 0, 0]
[2026-08-17T11:16:53Z INFO  steel_front::engine::game] game: wave=1 enemies=6 enemy_hp=100 hp=100/100 score=0 phys_us=5 ai_us=875 audio_us=45 net_us=0
[2026-08-17T11:16:53Z INFO  steel_front::engine::renderer] visible=65536/65536 near=65536 far=0 fps=245.7 frame_us=976 cull_us=1 terrain_us=0 wait_fence_us=7 acquire_us=2 record_us=59 submit_us=61 present_us=841 terrain_lod=high blend=0.000 quality=中画质 marker=36 npc=98
[2026-08-17T11:16:54Z INFO  steel_front] cam: yaw=0.0 pitch=0.0 dist=3.4 mode=FirstPerson cycle_us=2620 update_us=42 render_us=2577
[2026-08-17T11:16:54Z INFO  steel_front::engine::game] ai: npcs=6 near=6 far=0 idle=0 patrol=1 chase=5 attack=0 tactics=[4, 1, 1, 0, 0, 0, 0, 0]
[2026-08-17T11:16:54Z INFO  steel_front::engine::game] game: wave=1 enemies=6 enemy_hp=100 hp=100/100 score=0 phys_us=4 ai_us=630 audio_us=28 net_us=0
[2026-08-17T11:16:54Z INFO  steel_front::engine::renderer] visible=65536/65536 near=65536 far=0 fps=379.2 frame_us=2168 cull_us=1 terrain_us=0 wait_fence_us=1858 acquire_us=1 record_us=45 submit_us=46 present_us=270 terrain_lod=high blend=0.000 quality=中画质 marker=36 npc=98
[2026-08-17T11:16:55Z INFO  steel_front] cam: yaw=0.0 pitch=0.0 dist=3.4 mode=FirstPerson cycle_us=2830 update_us=68 render_us=2761
[2026-08-17T11:16:55Z INFO  steel_front::engine::game] ai: npcs=6 near=6 far=0 idle=0 patrol=1 chase=5 attack=0 tactics=[4, 1, 1, 0, 0, 0, 0, 0]
[2026-08-17T11:16:55Z INFO  steel_front::engine::game] game: wave=1 enemies=6 enemy_hp=100 hp=100/100 score=0 phys_us=2 ai_us=595 audio_us=21 net_us=0
[2026-08-17T11:16:55Z INFO  steel_front::engine::renderer] visible=65536/65536 near=65536 far=0 fps=374.9 frame_us=1374 cull_us=1 terrain_us=0 wait_fence_us=1170 acquire_us=2 record_us=80 submit_us=56 present_us=487 terrain_lod=high blend=0.000 quality=中画质 marker=36 npc=98
[2026-08-17T11:16:55Z INFO  steel_front] size diag: window_inner=2560x1600 hud=2560x1600
[2026-08-17T11:16:55Z INFO  steel_front] size diag: window_inner=2560x1600 hud=2560x1600
[2026-08-17T11:16:55Z INFO  steel_front] size diag: window_inner=2560x1600 hud=2560x1600
[2026-08-17T11:16:55Z INFO  steel_front] size diag: window_inner=2560x1600 hud=2560x1600
[2026-08-17T11:16:55Z INFO  steel_front] size diag: window_inner=2560x1600 hud=2560x1600
[2026-08-17T11:16:55Z INFO  steel_front] size diag: window_inner=2560x1600 hud=2560x1600
[2026-08-17T11:16:55Z INFO  steel_front] size diag: window_inner=2560x1600 hud=2560x1600
[2026-08-17T11:16:55Z INFO  steel_front] size diag: window_inner=2560x1600 hud=2560x1600
[2026-08-17T11:16:55Z INFO  steel_front] size diag: window_inner=2560x1600 hud=2560x1600
[2026-08-17T11:16:55Z INFO  steel_front] size diag: window_inner=2560x1600 hud=2560x1600
[2026-08-17T11:16:55Z INFO  steel_front] size diag: window_inner=2560x1600 hud=2560x1600
[2026-08-17T11:16:55Z INFO  steel_front] size diag: window_inner=2560x1600 hud=2560x1600
[2026-08-17T11:16:55Z INFO  steel_front] size diag: window_inner=2560x1600 hud=2560x1600
[2026-08-17T11:16:55Z INFO  steel_front] size diag: window_inner=2560x1600 hud=2560x1600
[2026-08-17T11:16:55Z INFO  steel_front] size diag: window_inner=2560x1600 hud=2560x1600
[2026-08-17T11:16:55Z INFO  steel_front] size diag: window_inner=2560x1600 hud=2560x1600
[2026-08-17T11:16:55Z INFO  steel_front] size diag: window_inner=2560x1600 hud=2560x1600
[2026-08-17T11:16:55Z INFO  steel_front] size diag: window_inner=2560x1600 hud=2560x1600
[2026-08-17T11:16:55Z INFO  steel_front] size diag: window_inner=2560x1600 hud=2560x1600
[2026-08-17T11:16:56Z INFO  steel_front] cam: yaw=0.0 pitch=0.0 dist=3.4 mode=FirstPerson cycle_us=2380 update_us=28 render_us=2351
[2026-08-17T11:16:56Z INFO  steel_front::engine::game] ai: npcs=6 near=6 far=0 idle=0 patrol=1 chase=5 attack=0 tactics=[4, 1, 1, 0, 0, 0, 0, 0]
[2026-08-17T11:16:56Z INFO  steel_front::engine::game] game: wave=1 enemies=6 enemy_hp=100 hp=100/100 score=0 phys_us=2 ai_us=721 audio_us=19 net_us=0
[2026-08-17T11:16:56Z INFO  steel_front::engine::renderer] visible=65536/65536 near=65536 far=0 fps=374.0 frame_us=2109 cull_us=1 terrain_us=0 wait_fence_us=868 acquire_us=2 record_us=82 submit_us=75 present_us=371 terrain_lod=high blend=0.000 quality=中画质 marker=36 npc=98
[2026-08-17T11:16:57Z INFO  steel_front] cam: yaw=0.0 pitch=0.0 dist=3.4 mode=FirstPerson cycle_us=12862 update_us=727 render_us=12134
[2026-08-17T11:16:57Z INFO  steel_front::engine::game] ai: npcs=6 near=6 far=0 idle=0 patrol=1 chase=5 attack=0 tactics=[4, 1, 1, 0, 0, 0, 0, 0]
[2026-08-17T11:16:57Z INFO  steel_front::engine::game] game: wave=1 enemies=6 enemy_hp=100 hp=100/100 score=0 phys_us=21 ai_us=1398 audio_us=509 net_us=1
[2026-08-17T11:16:57Z INFO  steel_front::engine::renderer] visible=65536/65536 near=65536 far=0 fps=218.0 frame_us=3800 cull_us=4 terrain_us=0 wait_fence_us=24 acquire_us=8 record_us=221 submit_us=309 present_us=3217 terrain_lod=high blend=0.000 quality=中画质 marker=36 npc=98
[2026-08-17T11:16:58Z INFO  steel_front] cam: yaw=0.0 pitch=0.0 dist=3.4 mode=FirstPerson cycle_us=6778 update_us=330 render_us=6446
[2026-08-17T11:16:58Z INFO  steel_front::engine::game] ai: npcs=6 near=5 far=1 idle=0 patrol=1 chase=5 attack=0 tactics=[4, 1, 1, 0, 0, 0, 0, 0]
[2026-08-17T11:16:58Z INFO  steel_front::engine::game] game: wave=1 enemies=6 enemy_hp=100 hp=100/100 score=0 phys_us=10 ai_us=1220 audio_us=154 net_us=0
[2026-08-17T11:16:58Z INFO  steel_front::engine::renderer] visible=65536/65536 near=65536 far=0 fps=142.9 frame_us=2029 cull_us=3 terrain_us=0 wait_fence_us=23 acquire_us=6 record_us=198 submit_us=252 present_us=1532 terrain_lod=high blend=0.000 quality=中画质 marker=36 npc=98
[2026-08-17T11:16:59Z INFO  steel_front] cam: yaw=0.0 pitch=0.0 dist=3.4 mode=FirstPerson cycle_us=3232 update_us=32 render_us=3200
[2026-08-17T11:16:59Z INFO  steel_front::engine::game] npc: #9 stand (7.1, 0.0, 9.7)
[2026-08-17T11:16:59Z INFO  steel_front::engine::game] ai: npcs=6 near=5 far=1 idle=0 patrol=1 chase=4 attack=1 tactics=[4, 1, 1, 0, 0, 0, 0, 0]
[2026-08-17T11:16:59Z INFO  steel_front::engine::game] game: wave=1 enemies=6 enemy_hp=100 hp=95/100 score=0 phys_us=3 ai_us=420 audio_us=18 net_us=0
[2026-08-17T11:16:59Z INFO  steel_front::engine::renderer] visible=65536/65536 near=65536 far=0 fps=289.7 frame_us=3435 cull_us=3 terrain_us=0 wait_fence_us=1742 acquire_us=3 record_us=45 submit_us=42 present_us=266 terrain_lod=high blend=0.000 quality=中画质 marker=36 npc=98
[2026-08-17T11:17:00Z INFO  steel_front] cam: yaw=0.0 pitch=0.0 dist=3.4 mode=FirstPerson cycle_us=4178 update_us=56 render_us=4122
[2026-08-17T11:17:00Z INFO  steel_front::engine::game] ai: npcs=6 near=5 far=1 idle=0 patrol=1 chase=4 attack=1 tactics=[4, 1, 1, 0, 0, 0, 0, 0]
[2026-08-17T11:17:00Z INFO  steel_front::engine::game] game: wave=1 enemies=6 enemy_hp=100 hp=90/100 score=0 phys_us=7 ai_us=854 audio_us=31 net_us=1
[2026-08-17T11:17:00Z INFO  steel_front::engine::renderer] visible=65536/65536 near=65536 far=0 fps=287.8 frame_us=2371 cull_us=0 terrain_us=0 wait_fence_us=1589 acquire_us=0 record_us=38 submit_us=43 present_us=220 terrain_lod=high blend=0.000 quality=中画质 marker=36 npc=42
[2026-08-17T11:17:00Z INFO  steel_front] size diag: window_inner=2560x1600 hud=2560x1600
[2026-08-17T11:17:00Z INFO  steel_front] size diag: window_inner=2560x1600 hud=2560x1600
[2026-08-17T11:17:00Z INFO  steel_front] size diag: window_inner=2560x1600 hud=2560x1600
[2026-08-17T11:17:00Z INFO  steel_front] size diag: window_inner=2560x1600 hud=2560x1600
[2026-08-17T11:17:00Z INFO  steel_front] size diag: window_inner=2560x1600 hud=2560x1600
[2026-08-17T11:17:00Z INFO  steel_front] size diag: window_inner=2560x1600 hud=2560x1600
[2026-08-17T11:17:00Z INFO  steel_front] size diag: window_inner=2560x1600 hud=2560x1600
[2026-08-17T11:17:00Z INFO  steel_front] size diag: window_inner=2560x1600 hud=2560x1600
[2026-08-17T11:17:00Z INFO  steel_front] size diag: window_inner=2560x1600 hud=2560x1600
[2026-08-17T11:17:00Z INFO  steel_front] size diag: window_inner=2560x1600 hud=2560x1600
[2026-08-17T11:17:00Z INFO  steel_front] size diag: window_inner=2560x1600 hud=2560x1600
[2026-08-17T11:17:00Z INFO  steel_front] size diag: window_inner=2560x1600 hud=2560x1600
[2026-08-17T11:17:00Z INFO  steel_front] size diag: window_inner=2560x1600 hud=2560x1600
[2026-08-17T11:17:00Z INFO  steel_front] size diag: window_inner=2560x1600 hud=2560x1600
[2026-08-17T11:17:00Z INFO  steel_front] size diag: window_inner=2560x1600 hud=2560x1600
[2026-08-17T11:17:00Z INFO  steel_front] size diag: window_inner=2560x1600 hud=2560x1600
[2026-08-17T11:17:00Z INFO  steel_front] size diag: window_inner=2560x1600 hud=2560x1600
[2026-08-17T11:17:01Z INFO  steel_front] cam: yaw=0.0 pitch=0.0 dist=3.4 mode=FirstPerson cycle_us=2458 update_us=31 render_us=2426
[2026-08-17T11:17:01Z INFO  steel_front::engine::game] ai: npcs=6 near=5 far=1 idle=0 patrol=1 chase=4 attack=1 tactics=[4, 1, 1, 0, 0, 0, 0, 0]
[2026-08-17T11:17:01Z INFO  steel_front::engine::game] game: wave=1 enemies=6 enemy_hp=100 hp=85/100 score=0 phys_us=8 ai_us=944 audio_us=24 net_us=0
[2026-08-17T11:17:01Z INFO  steel_front::engine::renderer] visible=65536/65536 near=65536 far=0 fps=358.7 frame_us=1960 cull_us=1 terrain_us=0 wait_fence_us=886 acquire_us=1 record_us=66 submit_us=54 present_us=447 terrain_lod=high blend=0.000 quality=中画质 marker=36 npc=42
[2026-08-17T11:17:01Z INFO  steel_front] input: cursor captured (mouse look on, grab=locked, look=relative)
[2026-08-17T11:17:02Z INFO  steel_front] cam: yaw=35.6 pitch=-22.8 dist=3.4 mode=FirstPerson cycle_us=2345 update_us=22 render_us=2322
[2026-08-17T11:17:02Z INFO  steel_front::engine::game] ai: npcs=6 near=5 far=1 idle=0 patrol=1 chase=4 attack=1 tactics=[4, 1, 1, 0, 0, 0, 0, 0]
[2026-08-17T11:17:02Z INFO  steel_front::engine::game] game: wave=1 enemies=6 enemy_hp=100 hp=80/100 score=0 phys_us=2 ai_us=354 audio_us=26 net_us=0
[2026-08-17T11:17:02Z INFO  steel_front::engine::renderer] visible=65536/65536 near=65536 far=0 fps=379.4 frame_us=2099 cull_us=0 terrain_us=0 wait_fence_us=1311 acquire_us=0 record_us=37 submit_us=35 present_us=272 terrain_lod=high blend=0.000 quality=中画质 marker=36 npc=42
[2026-08-17T11:17:03Z INFO  steel_front::engine::game] weapons: shot #1 (1 alive) [M1 Rifle]
[2026-08-17T11:17:03Z INFO  steel_front] cam: yaw=-12.7 pitch=0.8 dist=3.4 mode=FirstPerson cycle_us=2489 update_us=44 render_us=2444
[2026-08-17T11:17:03Z INFO  steel_front::engine::game] npc: #12 stand (2.3, 0.0, -15.5)
[2026-08-17T11:17:03Z INFO  steel_front::engine::game] ai: npcs=6 near=5 far=1 idle=0 patrol=1 chase=4 attack=1 tactics=[4, 1, 1, 0, 0, 0, 0, 0]
[2026-08-17T11:17:03Z INFO  steel_front::engine::game] game: wave=1 enemies=6 enemy_hp=100 hp=75/100 score=0 phys_us=1 ai_us=428 audio_us=24 net_us=0
[2026-08-17T11:17:03Z INFO  steel_front::engine::game] weapons: 1 projectile hit(s), total_hits=1
[2026-08-17T11:17:03Z INFO  steel_front::engine::renderer] visible=65536/65536 near=65536 far=0 fps=387.3 frame_us=793 cull_us=0 terrain_us=0 wait_fence_us=1384 acquire_us=0 record_us=37 submit_us=20 present_us=148 terrain_lod=high blend=0.000 quality=中画质 marker=64 npc=42
[2026-08-17T11:17:04Z INFO  steel_front::engine::game] weapons: shot #2 (1 alive) [M1 Rifle]
[2026-08-17T11:17:04Z INFO  steel_front] cam: yaw=-10.8 pitch=2.1 dist=3.4 mode=FirstPerson cycle_us=2705 update_us=53 render_us=2651
[2026-08-17T11:17:04Z INFO  steel_front::engine::game] weapons: 1 projectile hit(s), total_hits=2
[2026-08-17T11:17:04Z INFO  steel_front::engine::game] ai: npcs=6 near=5 far=1 idle=0 patrol=2 chase=3 attack=1 tactics=[4, 1, 1, 0, 0, 0, 0, 0]
[2026-08-17T11:17:04Z INFO  steel_front::engine::game] game: wave=1 enemies=6 enemy_hp=100 hp=70/100 score=0 phys_us=1 ai_us=466 audio_us=26 net_us=0
[2026-08-17T11:17:04Z INFO  steel_front::engine::renderer] visible=65536/65536 near=65536 far=0 fps=382.9 frame_us=2139 cull_us=0 terrain_us=0 wait_fence_us=1758 acquire_us=0 record_us=54 submit_us=22 present_us=136 terrain_lod=high blend=0.000 quality=中画质 marker=38 npc=42
[2026-08-17T11:17:04Z INFO  steel_front::engine::game] weapons: shot #3 (1 alive) [M1 Rifle]
[2026-08-17T11:17:04Z INFO  steel_front::engine::game] weapons: 1 projectile hit(s), total_hits=3
[2026-08-17T11:17:05Z INFO  steel_front::engine::game] weapons: shot #4 (1 alive) [M1 Rifle]
[2026-08-17T11:17:05Z INFO  steel_front::engine::game] kill: npc #12 eliminated (wave 1) score=10
[2026-08-17T11:17:05Z INFO  steel_front::engine::game] weapons: 1 projectile hit(s), total_hits=4
[2026-08-17T11:17:05Z INFO  steel_front] cam: yaw=-10.3 pitch=2.6 dist=3.4 mode=FirstPerson cycle_us=2510 update_us=40 render_us=2469
[2026-08-17T11:17:05Z INFO  steel_front::engine::game] ai: npcs=5 near=4 far=1 idle=0 patrol=2 chase=3 attack=0 tactics=[3, 1, 1, 0, 0, 0, 0, 0]
[2026-08-17T11:17:05Z INFO  steel_front::engine::game] game: wave=1 enemies=5 enemy_hp=100 hp=70/100 score=10 phys_us=2 ai_us=487 audio_us=23 net_us=0
[2026-08-17T11:17:05Z INFO  steel_front::engine::renderer] visible=65536/65536 near=65536 far=0 fps=383.8 frame_us=1705 cull_us=1 terrain_us=0 wait_fence_us=1301 acquire_us=0 record_us=41 submit_us=37 present_us=248 terrain_lod=high blend=0.000 quality=中画质 marker=37 npc=42
[2026-08-17T11:17:05Z INFO  steel_front] size diag: window_inner=2560x1600 hud=2560x1600
[2026-08-17T11:17:05Z INFO  steel_front] size diag: window_inner=2560x1600 hud=2560x1600
[2026-08-17T11:17:05Z INFO  steel_front] size diag: window_inner=2560x1600 hud=2560x1600
[2026-08-17T11:17:05Z INFO  steel_front] size diag: window_inner=2560x1600 hud=2560x1600
[2026-08-17T11:17:05Z INFO  steel_front] size diag: window_inner=2560x1600 hud=2560x1600
[2026-08-17T11:17:05Z INFO  steel_front] size diag: window_inner=2560x1600 hud=2560x1600
[2026-08-17T11:17:05Z INFO  steel_front] size diag: window_inner=2560x1600 hud=2560x1600
[2026-08-17T11:17:05Z INFO  steel_front] size diag: window_inner=2560x1600 hud=2560x1600
[2026-08-17T11:17:05Z INFO  steel_front] size diag: window_inner=2560x1600 hud=2560x1600
[2026-08-17T11:17:05Z INFO  steel_front] size diag: window_inner=2560x1600 hud=2560x1600
[2026-08-17T11:17:05Z INFO  steel_front] size diag: window_inner=2560x1600 hud=2560x1600
[2026-08-17T11:17:05Z INFO  steel_front] size diag: window_inner=2560x1600 hud=2560x1600
[2026-08-17T11:17:05Z INFO  steel_front] size diag: window_inner=2560x1600 hud=2560x1600
[2026-08-17T11:17:05Z INFO  steel_front] size diag: window_inner=2560x1600 hud=2560x1600
[2026-08-17T11:17:05Z INFO  steel_front] size diag: window_inner=2560x1600 hud=2560x1600
[2026-08-17T11:17:05Z INFO  steel_front] size diag: window_inner=2560x1600 hud=2560x1600
[2026-08-17T11:17:05Z INFO  steel_front] size diag: window_inner=2560x1600 hud=2560x1600
[2026-08-17T11:17:05Z INFO  steel_front] size diag: window_inner=2560x1600 hud=2560x1600
[2026-08-17T11:17:05Z INFO  steel_front] size diag: window_inner=2560x1600 hud=2560x1600
[2026-08-17T11:17:06Z INFO  steel_front] cam: yaw=-172.7 pitch=16.5 dist=3.4 mode=FirstPerson cycle_us=2733 update_us=40 render_us=2693
[2026-08-17T11:17:06Z INFO  steel_front::engine::game] ai: npcs=5 near=4 far=1 idle=0 patrol=2 chase=3 attack=0 tactics=[3, 1, 1, 0, 0, 0, 0, 0]
[2026-08-17T11:17:06Z INFO  steel_front::engine::game] game: wave=1 enemies=5 enemy_hp=100 hp=70/100 score=10 phys_us=2 ai_us=453 audio_us=23 net_us=0
[2026-08-17T11:17:06Z INFO  steel_front::engine::renderer] visible=65536/65536 near=65536 far=0 fps=375.7 frame_us=1821 cull_us=1 terrain_us=0 wait_fence_us=1541 acquire_us=1 record_us=37 submit_us=36 present_us=324 terrain_lod=high blend=0.000 quality=中画质 marker=36 npc=42
[2026-08-17T11:17:07Z INFO  steel_front] cam: yaw=-178.1 pitch=0.5 dist=3.4 mode=FirstPerson cycle_us=2914 update_us=22 render_us=2892
[2026-08-17T11:17:07Z INFO  steel_front::engine::game] ai: npcs=5 near=4 far=1 idle=0 patrol=1 chase=4 attack=0 tactics=[3, 1, 1, 0, 0, 0, 0, 0]
[2026-08-17T11:17:07Z INFO  steel_front::engine::game] game: wave=1 enemies=5 enemy_hp=100 hp=70/100 score=10 phys_us=2 ai_us=482 audio_us=14 net_us=0
[2026-08-17T11:17:07Z INFO  steel_front::engine::renderer] visible=65536/65536 near=65536 far=0 fps=381.3 frame_us=1783 cull_us=1 terrain_us=0 wait_fence_us=1503 acquire_us=1 record_us=35 submit_us=50 present_us=232 terrain_lod=high blend=0.000 quality=中画质 marker=36 npc=42
[2026-08-17T11:17:08Z INFO  steel_front::engine::game] npc: #9 stand (2.6, 0.0, -1.8)
[2026-08-17T11:17:08Z INFO  steel_front] cam: yaw=-183.5 pitch=19.3 dist=3.4 mode=FirstPerson cycle_us=2825 update_us=40 render_us=2785
[2026-08-17T11:17:08Z INFO  steel_front::engine::game] ai: npcs=5 near=4 far=1 idle=0 patrol=1 chase=4 attack=0 tactics=[3, 1, 1, 0, 0, 0, 0, 0]
[2026-08-17T11:17:08Z INFO  steel_front::engine::game] game: wave=1 enemies=5 enemy_hp=100 hp=65/100 score=10 phys_us=2 ai_us=579 audio_us=37 net_us=0
[2026-08-17T11:17:08Z INFO  steel_front::engine::renderer] visible=65536/65536 near=65536 far=0 fps=376.0 frame_us=1623 cull_us=1 terrain_us=0 wait_fence_us=1626 acquire_us=1 record_us=38 submit_us=40 present_us=270 terrain_lod=high blend=0.000 quality=中画质 marker=36 npc=42
[2026-08-17T11:17:09Z INFO  steel_front] cam: yaw=-207.8 pitch=-1.1 dist=3.4 mode=FirstPerson cycle_us=3080 update_us=35 render_us=3044
[2026-08-17T11:17:09Z INFO  steel_front::engine::game] ai: npcs=5 near=4 far=1 idle=0 patrol=1 chase=4 attack=0 tactics=[3, 2, 0, 0, 0, 0, 0, 0]
[2026-08-17T11:17:09Z INFO  steel_front::engine::game] game: wave=1 enemies=5 enemy_hp=100 hp=65/100 score=10 phys_us=1 ai_us=865 audio_us=14 net_us=0
[2026-08-17T11:17:09Z INFO  steel_front::engine::renderer] visible=65536/65536 near=65536 far=0 fps=381.7 frame_us=2241 cull_us=1 terrain_us=0 wait_fence_us=1416 acquire_us=1 record_us=78 submit_us=156 present_us=389 terrain_lod=high blend=0.000 quality=中画质 marker=36 npc=42
[2026-08-17T11:17:09Z INFO  steel_front::engine::game] npc: #9 stand (2.7, 0.0, -5.6)
[2026-08-17T11:17:10Z INFO  steel_front] cam: yaw=-178.2 pitch=-3.7 dist=3.4 mode=FirstPerson cycle_us=2395 update_us=25 render_us=2369
[2026-08-17T11:17:10Z INFO  steel_front::engine::game] ai: npcs=5 near=4 far=1 idle=0 patrol=1 chase=4 attack=0 tactics=[3, 1, 1, 0, 0, 0, 0, 0]
[2026-08-17T11:17:10Z INFO  steel_front::engine::game] game: wave=1 enemies=5 enemy_hp=100 hp=60/100 score=10 phys_us=1 ai_us=407 audio_us=14 net_us=0
[2026-08-17T11:17:10Z INFO  steel_front::engine::renderer] visible=65536/65536 near=65536 far=0 fps=385.9 frame_us=1449 cull_us=0 terrain_us=0 wait_fence_us=1648 acquire_us=1 record_us=23 submit_us=20 present_us=159 terrain_lod=high blend=0.000 quality=中画质 marker=36 npc=42
[2026-08-17T11:17:10Z INFO  steel_front] size diag: window_inner=2560x1600 hud=2560x1600
[2026-08-17T11:17:10Z INFO  steel_front] size diag: window_inner=2560x1600 hud=2560x1600
[2026-08-17T11:17:10Z INFO  steel_front] size diag: window_inner=2560x1600 hud=2560x1600
[2026-08-17T11:17:10Z INFO  steel_front] size diag: window_inner=2560x1600 hud=2560x1600
[2026-08-17T11:17:10Z INFO  steel_front] size diag: window_inner=2560x1600 hud=2560x1600
[2026-08-17T11:17:10Z INFO  steel_front] size diag: window_inner=2560x1600 hud=2560x1600
[2026-08-17T11:17:10Z INFO  steel_front] size diag: window_inner=2560x1600 hud=2560x1600
[2026-08-17T11:17:10Z INFO  steel_front] size diag: window_inner=2560x1600 hud=2560x1600
[2026-08-17T11:17:10Z INFO  steel_front] size diag: window_inner=2560x1600 hud=2560x1600
[2026-08-17T11:17:10Z INFO  steel_front] size diag: window_inner=2560x1600 hud=2560x1600
[2026-08-17T11:17:10Z INFO  steel_front] size diag: window_inner=2560x1600 hud=2560x1600
[2026-08-17T11:17:10Z INFO  steel_front] size diag: window_inner=2560x1600 hud=2560x1600
[2026-08-17T11:17:10Z INFO  steel_front] size diag: window_inner=2560x1600 hud=2560x1600
[2026-08-17T11:17:10Z INFO  steel_front] size diag: window_inner=2560x1600 hud=2560x1600
[2026-08-17T11:17:10Z INFO  steel_front] size diag: window_inner=2560x1600 hud=2560x1600
[2026-08-17T11:17:10Z INFO  steel_front] size diag: window_inner=2560x1600 hud=2560x1600
[2026-08-17T11:17:10Z INFO  steel_front] size diag: window_inner=2560x1600 hud=2560x1600
[2026-08-17T11:17:10Z INFO  steel_front] size diag: window_inner=2560x1600 hud=2560x1600
[2026-08-17T11:17:10Z INFO  steel_front] size diag: window_inner=2560x1600 hud=2560x1600
[2026-08-17T11:17:11Z INFO  steel_front] cam: yaw=-187.9 pitch=-2.1 dist=3.4 mode=FirstPerson cycle_us=2747 update_us=33 render_us=2714
[2026-08-17T11:17:11Z INFO  steel_front::engine::game] ai: npcs=5 near=4 far=1 idle=0 patrol=1 chase=4 attack=0 tactics=[3, 1, 1, 0, 0, 0, 0, 0]
[2026-08-17T11:17:11Z INFO  steel_front::engine::game] game: wave=1 enemies=5 enemy_hp=100 hp=60/100 score=10 phys_us=2 ai_us=528 audio_us=14 net_us=0
[2026-08-17T11:17:11Z INFO  steel_front::engine::renderer] visible=65536/65536 near=65536 far=0 fps=386.4 frame_us=1568 cull_us=1 terrain_us=0 wait_fence_us=1748 acquire_us=0 record_us=23 submit_us=20 present_us=125 terrain_lod=high blend=0.000 quality=中画质 marker=36 npc=42
[2026-08-17T11:17:11Z INFO  steel_front::engine::game] grenade: thrown #1 fuse=1.55s remaining=1
[2026-08-17T11:17:12Z INFO  steel_front] cam: yaw=-191.3 pitch=-3.9 dist=3.4 mode=FirstPerson cycle_us=2524 update_us=40 render_us=2483
[2026-08-17T11:17:12Z INFO  steel_front::engine::game] ai: npcs=5 near=4 far=1 idle=0 patrol=1 chase=4 attack=0 tactics=[3, 1, 1, 0, 0, 0, 0, 0]
[2026-08-17T11:17:12Z INFO  steel_front::engine::game] game: wave=1 enemies=5 enemy_hp=100 hp=60/100 score=10 phys_us=1 ai_us=515 audio_us=13 net_us=0
[2026-08-17T11:17:12Z INFO  steel_front::engine::renderer] visible=65536/65536 near=65536 far=0 fps=385.4 frame_us=1802 cull_us=1 terrain_us=0 wait_fence_us=1243 acquire_us=1 record_us=59 submit_us=41 present_us=500 terrain_lod=high blend=0.000 quality=中画质 marker=37 npc=42
[2026-08-17T11:17:13Z INFO  steel_front::engine::game] grenade: detonate fuse_max=1.55s
[2026-08-17T11:17:13Z INFO  steel_front::engine::game] explosion: at (-2.1, 0.0, -1.3) radius=8 dmg=120 knockback=true
[2026-08-17T11:17:13Z INFO  steel_front] cam: yaw=-187.8 pitch=0.2 dist=3.4 mode=FirstPerson cycle_us=2495 update_us=37 render_us=2457
[2026-08-17T11:17:13Z INFO  steel_front::engine::game] ai: npcs=5 near=4 far=1 idle=0 patrol=1 chase=4 attack=0 tactics=[3, 1, 1, 0, 0, 0, 0, 0]
[2026-08-17T11:17:13Z INFO  steel_front::engine::game] game: wave=1 enemies=5 enemy_hp=100 hp=60/100 score=10 phys_us=2 ai_us=619 audio_us=13 net_us=0
[2026-08-17T11:17:13Z INFO  steel_front::engine::renderer] visible=65536/65536 near=65536 far=0 fps=382.6 frame_us=1564 cull_us=1 terrain_us=0 wait_fence_us=1801 acquire_us=1 record_us=43 submit_us=32 present_us=229 terrain_lod=high blend=0.000 quality=中画质 marker=36 npc=42
[2026-08-17T11:17:14Z INFO  steel_front::engine::game] npc: #9 stand (1.6, 0.0, -16.5)
[2026-08-17T11:17:14Z INFO  steel_front] cam: yaw=-187.5 pitch=-0.5 dist=3.4 mode=FirstPerson cycle_us=2604 update_us=37 render_us=2567
[2026-08-17T11:17:14Z INFO  steel_front::engine::game] ai: npcs=5 near=4 far=1 idle=0 patrol=1 chase=3 attack=1 tactics=[3, 1, 1, 0, 0, 0, 0, 0]
[2026-08-17T11:17:14Z INFO  steel_front::engine::game] game: wave=1 enemies=5 enemy_hp=100 hp=55/100 score=10 phys_us=1 ai_us=543 audio_us=13 net_us=0
[2026-08-17T11:17:14Z INFO  steel_front::engine::renderer] visible=65536/65536 near=65536 far=0 fps=384.1 frame_us=1588 cull_us=1 terrain_us=0 wait_fence_us=1859 acquire_us=1 record_us=44 submit_us=37 present_us=163 terrain_lod=high blend=0.000 quality=中画质 marker=36 npc=42
[2026-08-17T11:17:15Z INFO  steel_front] cam: yaw=-178.1 pitch=-1.1 dist=3.4 mode=FirstPerson cycle_us=2150 update_us=28 render_us=2121
[2026-08-17T11:17:15Z INFO  steel_front::engine::game] ai: npcs=5 near=4 far=1 idle=0 patrol=1 chase=3 attack=1 tactics=[3, 1, 1, 0, 0, 0, 0, 0]
[2026-08-17T11:17:15Z INFO  steel_front::engine::game] game: wave=1 enemies=5 enemy_hp=100 hp=50/100 score=10 phys_us=2 ai_us=519 audio_us=29 net_us=0
[2026-08-17T11:17:15Z INFO  steel_front::engine::renderer] visible=65536/65536 near=65536 far=0 fps=386.4 frame_us=1833 cull_us=0 terrain_us=0 wait_fence_us=1405 acquire_us=0 record_us=23 submit_us=20 present_us=313 terrain_lod=high blend=0.000 quality=中画质 marker=36 npc=35
[2026-08-17T11:17:15Z INFO  steel_front::engine::game] grenade: thrown #1 fuse=1.55s remaining=0
[2026-08-17T11:17:15Z INFO  steel_front] size diag: window_inner=2560x1600 hud=2560x1600
[2026-08-17T11:17:15Z INFO  steel_front] size diag: window_inner=2560x1600 hud=2560x1600
[2026-08-17T11:17:15Z INFO  steel_front] size diag: window_inner=2560x1600 hud=2560x1600
[2026-08-17T11:17:15Z INFO  steel_front] size diag: window_inner=2560x1600 hud=2560x1600
[2026-08-17T11:17:15Z INFO  steel_front] size diag: window_inner=2560x1600 hud=2560x1600
[2026-08-17T11:17:15Z INFO  steel_front] size diag: window_inner=2560x1600 hud=2560x1600
[2026-08-17T11:17:15Z INFO  steel_front] size diag: window_inner=2560x1600 hud=2560x1600
[2026-08-17T11:17:15Z INFO  steel_front] size diag: window_inner=2560x1600 hud=2560x1600
[2026-08-17T11:17:15Z INFO  steel_front] size diag: window_inner=2560x1600 hud=2560x1600
[2026-08-17T11:17:15Z INFO  steel_front] size diag: window_inner=2560x1600 hud=2560x1600
[2026-08-17T11:17:15Z INFO  steel_front] size diag: window_inner=2560x1600 hud=2560x1600
[2026-08-17T11:17:15Z INFO  steel_front] size diag: window_inner=2560x1600 hud=2560x1600
[2026-08-17T11:17:15Z INFO  steel_front] size diag: window_inner=2560x1600 hud=2560x1600
[2026-08-17T11:17:15Z INFO  steel_front] size diag: window_inner=2560x1600 hud=2560x1600
[2026-08-17T11:17:15Z INFO  steel_front] size diag: window_inner=2560x1600 hud=2560x1600
[2026-08-17T11:17:15Z INFO  steel_front] size diag: window_inner=2560x1600 hud=2560x1600
[2026-08-17T11:17:15Z INFO  steel_front] size diag: window_inner=2560x1600 hud=2560x1600
[2026-08-17T11:17:15Z INFO  steel_front] size diag: window_inner=2560x1600 hud=2560x1600
[2026-08-17T11:17:15Z INFO  steel_front] size diag: window_inner=2560x1600 hud=2560x1600
[2026-08-17T11:17:16Z INFO  steel_front] cam: yaw=-179.0 pitch=-1.2 dist=3.4 mode=FirstPerson cycle_us=2657 update_us=36 render_us=2621
[2026-08-17T11:17:16Z INFO  steel_front::engine::game] ai: npcs=5 near=4 far=1 idle=0 patrol=1 chase=4 attack=0 tactics=[3, 1, 1, 0, 0, 0, 0, 0]
[2026-08-17T11:17:16Z INFO  steel_front::engine::game] game: wave=1 enemies=5 enemy_hp=100 hp=50/100 score=10 phys_us=5 ai_us=556 audio_us=29 net_us=0
[2026-08-17T11:17:16Z INFO  steel_front::engine::game] npc: #9 stand (3.2, 0.0, -18.5)
[2026-08-17T11:17:16Z INFO  steel_front::engine::renderer] visible=65536/65536 near=65536 far=0 fps=385.9 frame_us=1740 cull_us=3 terrain_us=0 wait_fence_us=1703 acquire_us=1 record_us=41 submit_us=33 present_us=304 terrain_lod=high blend=0.000 quality=中画质 marker=37 npc=35
[2026-08-17T11:17:17Z INFO  steel_front::engine::game] grenade: detonate fuse_max=1.55s
[2026-08-17T11:17:17Z INFO  steel_front::engine::game] explosion: at (3.5, 0.0, -2.6) radius=8 dmg=120 knockback=true
[2026-08-17T11:17:17Z INFO  steel_front] cam: yaw=-179.1 pitch=-0.8 dist=3.4 mode=FirstPerson cycle_us=2817 update_us=26 render_us=2791
[2026-08-17T11:17:17Z INFO  steel_front::engine::game] ai: npcs=5 near=4 far=1 idle=0 patrol=1 chase=3 attack=1 tactics=[3, 1, 1, 0, 0, 0, 0, 0]
[2026-08-17T11:17:17Z INFO  steel_front::engine::game] game: wave=1 enemies=5 enemy_hp=100 hp=45/100 score=10 phys_us=1 ai_us=510 audio_us=14 net_us=0
[2026-08-17T11:17:17Z INFO  steel_front::engine::game] npc: #9 stand (3.1, 0.0, -18.5)
[2026-08-17T11:17:17Z INFO  steel_front::engine::game] npc: #9 stand (3.1, 0.0, -18.5)
[2026-08-17T11:17:17Z INFO  steel_front::engine::game] npc: #9 stand (3.1, 0.0, -18.5)
[2026-08-17T11:17:17Z INFO  steel_front::engine::renderer] visible=65536/65536 near=65536 far=0 fps=384.3 frame_us=2279 cull_us=1 terrain_us=0 wait_fence_us=1301 acquire_us=1 record_us=43 submit_us=37 present_us=217 terrain_lod=high blend=0.000 quality=中画质 marker=36 npc=35
[2026-08-17T11:17:18Z INFO  steel_front::engine::game] weapons: shot #5 (1 alive) [M1 Rifle]
[2026-08-17T11:17:18Z INFO  steel_front] cam: yaw=-172.1 pitch=1.9 dist=3.4 mode=FirstPerson cycle_us=2473 update_us=44 render_us=2428
[2026-08-17T11:17:18Z INFO  steel_front::engine::game] ai: npcs=5 near=4 far=1 idle=0 patrol=1 chase=3 attack=1 tactics=[3, 1, 1, 0, 0, 0, 0, 0]
[2026-08-17T11:17:18Z INFO  steel_front::engine::game] game: wave=1 enemies=5 enemy_hp=100 hp=40/100 score=10 phys_us=2 ai_us=722 audio_us=16 net_us=0
[2026-08-17T11:17:18Z INFO  steel_front::engine::renderer] visible=65536/65536 near=65536 far=0 fps=383.5 frame_us=1829 cull_us=1 terrain_us=0 wait_fence_us=1353 acquire_us=1 record_us=51 submit_us=40 present_us=247 terrain_lod=high blend=0.000 quality=中画质 marker=37 npc=35
[2026-08-17T11:17:18Z INFO  steel_front::engine::game] weapons: shot #6 (2 alive) [M1 Rifle]
[2026-08-17T11:17:19Z INFO  steel_front::engine::game] weapons: shot #7 (3 alive) [M1 Rifle]
[2026-08-17T11:17:19Z INFO  steel_front] cam: yaw=-172.3 pitch=0.3 dist=3.4 mode=FirstPerson cycle_us=3074 update_us=47 render_us=3026
[2026-08-17T11:17:19Z INFO  steel_front::engine::game] ai: npcs=5 near=4 far=1 idle=0 patrol=1 chase=4 attack=0 tactics=[3, 1, 1, 0, 0, 0, 0, 0]
[2026-08-17T11:17:19Z INFO  steel_front::engine::game] game: wave=1 enemies=5 enemy_hp=100 hp=40/100 score=10 phys_us=8 ai_us=1154 audio_us=23 net_us=0
[2026-08-17T11:17:19Z INFO  steel_front::engine::game] weapons: shot #8 (4 alive) [M1 Rifle]
[2026-08-17T11:17:19Z INFO  steel_front::engine::renderer] visible=65536/65536 near=65536 far=0 fps=370.4 frame_us=1824 cull_us=1 terrain_us=0 wait_fence_us=1372 acquire_us=1 record_us=50 submit_us=70 present_us=232 terrain_lod=high blend=0.000 quality=中画质 marker=40 npc=35
[2026-08-17T11:17:20Z INFO  steel_front::engine::game] weapons: shot #9 (5 alive) [M1 Rifle]
[2026-08-17T11:17:20Z INFO  steel_front::engine::game] npc: #9 stand (0.9, 0.0, -21.5)
[2026-08-17T11:17:20Z INFO  steel_front] cam: yaw=-162.2 pitch=3.5 dist=3.4 mode=FirstPerson cycle_us=2279 update_us=41 render_us=2238
[2026-08-17T11:17:20Z INFO  steel_front::engine::game] ai: npcs=5 near=4 far=1 idle=0 patrol=1 chase=3 attack=1 tactics=[3, 1, 1, 0, 0, 0, 0, 0]
[2026-08-17T11:17:20Z INFO  steel_front::engine::game] game: wave=1 enemies=5 enemy_hp=100 hp=35/100 score=10 phys_us=2 ai_us=596 audio_us=27 net_us=0
[2026-08-17T11:17:20Z INFO  steel_front::engine::game] weapons: shot #10 (6 alive) [M1 Rifle]
[2026-08-17T11:17:20Z INFO  steel_front::engine::renderer] visible=65536/65536 near=65536 far=0 fps=375.9 frame_us=1898 cull_us=1 terrain_us=0 wait_fence_us=1238 acquire_us=1 record_us=53 submit_us=48 present_us=218 terrain_lod=high blend=0.000 quality=中画质 marker=38 npc=35
[2026-08-17T11:17:20Z INFO  steel_front::engine::game] weapons: 1 projectile hit(s), total_hits=5
[2026-08-17T11:17:20Z INFO  steel_front] size diag: window_inner=2560x1600 hud=2560x1600
[2026-08-17T11:17:20Z INFO  steel_front] size diag: window_inner=2560x1600 hud=2560x1600
[2026-08-17T11:17:20Z INFO  steel_front] size diag: window_inner=2560x1600 hud=2560x1600
[2026-08-17T11:17:20Z INFO  steel_front] size diag: window_inner=2560x1600 hud=2560x1600
[2026-08-17T11:17:20Z INFO  steel_front] size diag: window_inner=2560x1600 hud=2560x1600
[2026-08-17T11:17:20Z INFO  steel_front] size diag: window_inner=2560x1600 hud=2560x1600
[2026-08-17T11:17:20Z INFO  steel_front] size diag: window_inner=2560x1600 hud=2560x1600
[2026-08-17T11:17:20Z INFO  steel_front] size diag: window_inner=2560x1600 hud=2560x1600
[2026-08-17T11:17:20Z INFO  steel_front] size diag: window_inner=2560x1600 hud=2560x1600
[2026-08-17T11:17:20Z INFO  steel_front] size diag: window_inner=2560x1600 hud=2560x1600
[2026-08-17T11:17:20Z INFO  steel_front] size diag: window_inner=2560x1600 hud=2560x1600
[2026-08-17T11:17:20Z INFO  steel_front] size diag: window_inner=2560x1600 hud=2560x1600
[2026-08-17T11:17:20Z INFO  steel_front] size diag: window_inner=2560x1600 hud=2560x1600
[2026-08-17T11:17:20Z INFO  steel_front] size diag: window_inner=2560x1600 hud=2560x1600
[2026-08-17T11:17:20Z INFO  steel_front] size diag: window_inner=2560x1600 hud=2560x1600
[2026-08-17T11:17:20Z INFO  steel_front] size diag: window_inner=2560x1600 hud=2560x1600
[2026-08-17T11:17:20Z INFO  steel_front] size diag: window_inner=2560x1600 hud=2560x1600
[2026-08-17T11:17:20Z INFO  steel_front] size diag: window_inner=2560x1600 hud=2560x1600
[2026-08-17T11:17:20Z INFO  steel_front] size diag: window_inner=2560x1600 hud=2560x1600
[2026-08-17T11:17:20Z INFO  steel_front::engine::game] weapons: shot #11 (6 alive) [M1 Rifle]
[2026-08-17T11:17:21Z INFO  steel_front::engine::game] weapons: 1 projectile hit(s), total_hits=6
[2026-08-17T11:17:21Z INFO  steel_front::engine::game] weapons: shot #12 (6 alive) [M1 Rifle]
[2026-08-17T11:17:21Z INFO  steel_front] cam: yaw=-164.7 pitch=3.5 dist=3.4 mode=FirstPerson cycle_us=2511 update_us=50 render_us=2461
[2026-08-17T11:17:21Z INFO  steel_front::engine::game] weapons: 1 projectile hit(s), total_hits=7
[2026-08-17T11:17:21Z INFO  steel_front::engine::game] explosion: at (19.6, -6.0, 171.4) radius=8 dmg=60 knockback=true
[2026-08-17T11:17:21Z INFO  steel_front::engine::game] ai: npcs=5 near=4 far=1 idle=0 patrol=1 chase=3 attack=1 tactics=[3, 1, 1, 0, 0, 0, 0, 0]
[2026-08-17T11:17:21Z INFO  steel_front::engine::game] game: wave=1 enemies=5 enemy_hp=100 hp=30/100 score=10 phys_us=2 ai_us=542 audio_us=39 net_us=0
[2026-08-17T11:17:21Z INFO  steel_front::engine::renderer] visible=65536/65536 near=65536 far=0 fps=381.5 frame_us=1859 cull_us=0 terrain_us=0 wait_fence_us=1596 acquire_us=0 record_us=62 submit_us=19 present_us=260 terrain_lod=high blend=0.000 quality=中画质 marker=43 npc=35
[2026-08-17T11:17:21Z INFO  steel_front::engine::game] weapons: shot #13 (5 alive) [M1 Rifle]
[2026-08-17T11:17:21Z INFO  steel_front::engine::game] kill: npc #9 eliminated (wave 1) score=20
[2026-08-17T11:17:21Z INFO  steel_front::engine::game] weapons: 1 projectile hit(s), total_hits=8
[2026-08-17T11:17:22Z INFO  steel_front::engine::game] explosion: at (40.8, -4.3, 164.9) radius=8 dmg=60 knockback=true
[2026-08-17T11:17:22Z INFO  steel_front::engine::game] npc: #10 stand (0.6, 0.0, -14.1)
[2026-08-17T11:17:22Z INFO  steel_front] cam: yaw=-177.6 pitch=0.8 dist=3.4 mode=FirstPerson cycle_us=2604 update_us=51 render_us=2552
[2026-08-17T11:17:22Z INFO  steel_front::engine::game] weapons: shot #14 (4 alive) [M1 Rifle]
[2026-08-17T11:17:22Z INFO  steel_front::engine::game] explosion: at (31.6, -0.2, 164.1) radius=8 dmg=60 knockback=true
[2026-08-17T11:17:22Z INFO  steel_front::engine::game] ai: npcs=4 near=3 far=1 idle=0 patrol=1 chase=2 attack=1 tactics=[2, 1, 1, 0, 0, 0, 0, 0]
[2026-08-17T11:17:22Z INFO  steel_front::engine::game] game: wave=1 enemies=4 enemy_hp=100 hp=25/100 score=20 phys_us=1 ai_us=157 audio_us=20 net_us=0
[2026-08-17T11:17:22Z INFO  steel_front::engine::game] weapons: 1 projectile hit(s), total_hits=9
[2026-08-17T11:17:22Z INFO  steel_front::engine::renderer] visible=65536/65536 near=65536 far=0 fps=382.0 frame_us=1763 cull_us=1 terrain_us=0 wait_fence_us=1783 acquire_us=1 record_us=41 submit_us=97 present_us=290 terrain_lod=high blend=0.000 quality=中画质 marker=69 npc=35
[2026-08-17T11:17:22Z INFO  steel_front::engine::game] weapons: shot #15 (3 alive) [M1 Rifle]
[2026-08-17T11:17:22Z INFO  steel_front::engine::game] explosion: at (22.5, -0.0, 163.1) radius=8 dmg=60 knockback=true
[2026-08-17T11:17:22Z INFO  steel_front::engine::game] kill: npc #10 eliminated (wave 1) score=30
[2026-08-17T11:17:22Z INFO  steel_front::engine::game] weapons: 1 projectile hit(s), total_hits=10
[2026-08-17T11:17:23Z INFO  steel_front] cam: yaw=-158.2 pitch=2.7 dist=3.4 mode=FirstPerson cycle_us=2385 update_us=41 render_us=2343
[2026-08-17T11:17:23Z INFO  steel_front::engine::game] explosion: at (62.1, 0.2, 155.5) radius=8 dmg=60 knockback=true
[2026-08-17T11:17:23Z INFO  steel_front::engine::game] ai: npcs=3 near=2 far=1 idle=0 patrol=1 chase=2 attack=0 tactics=[1, 1, 1, 0, 0, 0, 0, 0]
[2026-08-17T11:17:23Z INFO  steel_front::engine::game] game: wave=1 enemies=3 enemy_hp=100 hp=25/100 score=30 phys_us=2 ai_us=424 audio_us=49 net_us=0
[2026-08-17T11:17:23Z INFO  steel_front::engine::renderer] visible=65536/65536 near=65536 far=0 fps=378.3 frame_us=1796 cull_us=1 terrain_us=0 wait_fence_us=1038 acquire_us=1 record_us=88 submit_us=38 present_us=304 terrain_lod=high blend=0.000 quality=中画质 marker=40 npc=35
[2026-08-17T11:17:23Z INFO  steel_front::engine::game] weapons: shot #16 (1 alive) [M1 Rifle]
[2026-08-17T11:17:24Z INFO  steel_front::engine::game] npc: #13 stand (15.9, 0.0, -23.7)
[2026-08-17T11:17:24Z INFO  steel_front] cam: yaw=-72.8 pitch=2.9 dist=3.4 mode=FirstPerson cycle_us=1191 update_us=60 render_us=1130
[2026-08-17T11:17:24Z INFO  steel_front::engine::game] weapons: shot #17 (2 alive) [M1 Rifle]
[2026-08-17T11:17:24Z INFO  steel_front::engine::game] ai: npcs=3 near=2 far=1 idle=0 patrol=1 chase=1 attack=1 tactics=[1, 1, 1, 0, 0, 0, 0, 0]
[2026-08-17T11:17:24Z INFO  steel_front::engine::game] game: wave=1 enemies=3 enemy_hp=100 hp=20/100 score=30 phys_us=2 ai_us=466 audio_us=23 net_us=0
[2026-08-17T11:17:24Z INFO  steel_front::engine::renderer] visible=65536/65536 near=65536 far=0 fps=387.8 frame_us=2139 cull_us=0 terrain_us=0 wait_fence_us=1112 acquire_us=1 record_us=30 submit_us=48 present_us=173 terrain_lod=high blend=0.000 quality=中画质 marker=38 npc=35
[2026-08-17T11:17:24Z INFO  steel_front::engine::game] weapons: shot #18 (3 alive) [M1 Rifle]
[2026-08-17T11:17:25Z INFO  steel_front::engine::game] weapons: 1 projectile hit(s), total_hits=11
[2026-08-17T11:17:25Z INFO  steel_front::engine::game] weapons: shot #19 (3 alive) [M1 Rifle]
[2026-08-17T11:17:25Z INFO  steel_front] cam: yaw=-70.6 pitch=3.2 dist=3.4 mode=FirstPerson cycle_us=2504 update_us=30 render_us=2473
[2026-08-17T11:17:25Z INFO  steel_front::engine::game] weapons: 1 projectile hit(s), total_hits=12
[2026-08-17T11:17:25Z INFO  steel_front::engine::game] ai: npcs=3 near=2 far=1 idle=0 patrol=1 chase=1 attack=1 tactics=[1, 1, 1, 0, 0, 0, 0, 0]
[2026-08-17T11:17:25Z INFO  steel_front::engine::game] game: wave=1 enemies=3 enemy_hp=100 hp=15/100 score=30 phys_us=2 ai_us=503 audio_us=14 net_us=0
[2026-08-17T11:17:25Z INFO  steel_front::engine::renderer] visible=65536/65536 near=65536 far=0 fps=387.2 frame_us=1683 cull_us=1 terrain_us=0 wait_fence_us=1287 acquire_us=1 record_us=40 submit_us=31 present_us=263 terrain_lod=high blend=0.000 quality=中画质 marker=40 npc=35
[2026-08-17T11:17:25Z INFO  steel_front::engine::game] weapons: shot #20 (3 alive) [M1 Rifle]
[2026-08-17T11:17:25Z INFO  steel_front::engine::game] weapons: 1 projectile hit(s), total_hits=13
[2026-08-17T11:17:25Z INFO  steel_front] size diag: window_inner=2560x1600 hud=2560x1600
[2026-08-17T11:17:25Z INFO  steel_front] size diag: window_inner=2560x1600 hud=2560x1600
[2026-08-17T11:17:25Z INFO  steel_front] size diag: window_inner=2560x1600 hud=2560x1600
[2026-08-17T11:17:25Z INFO  steel_front] size diag: window_inner=2560x1600 hud=2560x1600
[2026-08-17T11:17:25Z INFO  steel_front] size diag: window_inner=2560x1600 hud=2560x1600
[2026-08-17T11:17:25Z INFO  steel_front] size diag: window_inner=2560x1600 hud=2560x1600
[2026-08-17T11:17:25Z INFO  steel_front] size diag: window_inner=2560x1600 hud=2560x1600
[2026-08-17T11:17:25Z INFO  steel_front] size diag: window_inner=2560x1600 hud=2560x1600
[2026-08-17T11:17:25Z INFO  steel_front] size diag: window_inner=2560x1600 hud=2560x1600
[2026-08-17T11:17:25Z INFO  steel_front] size diag: window_inner=2560x1600 hud=2560x1600
[2026-08-17T11:17:25Z INFO  steel_front] size diag: window_inner=2560x1600 hud=2560x1600
[2026-08-17T11:17:25Z INFO  steel_front] size diag: window_inner=2560x1600 hud=2560x1600
[2026-08-17T11:17:25Z INFO  steel_front] size diag: window_inner=2560x1600 hud=2560x1600
[2026-08-17T11:17:25Z INFO  steel_front] size diag: window_inner=2560x1600 hud=2560x1600
[2026-08-17T11:17:25Z INFO  steel_front] size diag: window_inner=2560x1600 hud=2560x1600
[2026-08-17T11:17:25Z INFO  steel_front] size diag: window_inner=2560x1600 hud=2560x1600
[2026-08-17T11:17:25Z INFO  steel_front] size diag: window_inner=2560x1600 hud=2560x1600
[2026-08-17T11:17:25Z INFO  steel_front] size diag: window_inner=2560x1600 hud=2560x1600
[2026-08-17T11:17:25Z INFO  steel_front] size diag: window_inner=2560x1600 hud=2560x1600
[2026-08-17T11:17:26Z INFO  steel_front::engine::game] weapons: shot #21 (3 alive) [M1 Rifle]
[2026-08-17T11:17:26Z INFO  steel_front::engine::game] kill: npc #13 eliminated (wave 1) score=40
[2026-08-17T11:17:26Z INFO  steel_front::engine::game] weapons: 1 projectile hit(s), total_hits=14
[2026-08-17T11:17:26Z INFO  steel_front] cam: yaw=-69.9 pitch=3.2 dist=3.4 mode=FirstPerson cycle_us=2707 update_us=31 render_us=2675
[2026-08-17T11:17:26Z INFO  steel_front::engine::game] ai: npcs=2 near=1 far=1 idle=0 patrol=1 chase=1 attack=0 tactics=[0, 1, 1, 0, 0, 0, 0, 0]
[2026-08-17T11:17:26Z INFO  steel_front::engine::game] game: wave=1 enemies=2 enemy_hp=100 hp=15/100 score=40 phys_us=1 ai_us=488 audio_us=16 net_us=0
[2026-08-17T11:17:26Z INFO  steel_front::engine::renderer] visible=65536/65536 near=65536 far=0 fps=379.5 frame_us=1573 cull_us=1 terrain_us=0 wait_fence_us=1044 acquire_us=1 record_us=56 submit_us=89 present_us=273 terrain_lod=high blend=0.000 quality=中画质 marker=38 npc=35
[2026-08-17T11:17:26Z INFO  steel_front::engine::game] weapons: shot #22 (3 alive) [M1 Rifle]
[2026-08-17T11:17:27Z INFO  steel_front::engine::game] npc: #8 stand (26.6, 0.0, -19.4)
[2026-08-17T11:17:27Z INFO  steel_front::engine::game] weapons: shot #23 (4 alive) [M1 Rifle]
[2026-08-17T11:17:27Z INFO  steel_front::engine::game] explosion: at (200.3, -9.2, -52.6) radius=8 dmg=60 knockback=true
[2026-08-17T11:17:27Z INFO  steel_front] cam: yaw=-103.3 pitch=2.4 dist=3.4 mode=FirstPerson cycle_us=2428 update_us=35 render_us=2393
[2026-08-17T11:17:27Z INFO  steel_front::engine::game] ai: npcs=2 near=1 far=1 idle=0 patrol=1 chase=0 attack=1 tactics=[0, 1, 1, 0, 0, 0, 0, 0]
[2026-08-17T11:17:27Z INFO  steel_front::engine::game] game: wave=1 enemies=2 enemy_hp=100 hp=10/100 score=40 phys_us=2 ai_us=833 audio_us=33 net_us=0
[2026-08-17T11:17:27Z INFO  steel_front::engine::renderer] visible=65536/65536 near=65536 far=0 fps=377.6 frame_us=1274 cull_us=1 terrain_us=0 wait_fence_us=1268 acquire_us=1 record_us=45 submit_us=47 present_us=163 terrain_lod=high blend=0.000 quality=中画质 marker=65 npc=35
[2026-08-17T11:17:27Z INFO  steel_front::engine::game] weapons: shot #24 (4 alive) [M1 Rifle]
[2026-08-17T11:17:27Z INFO  steel_front::engine::game] explosion: at (184.8, -5.5, -109.0) radius=8 dmg=60 knockback=true
[2026-08-17T11:17:27Z INFO  steel_front::engine::game] weapons: 1 projectile hit(s), total_hits=15
[2026-08-17T11:17:28Z INFO  steel_front::engine::game] weapons: shot #25 (3 alive) [M1 Rifle]
[2026-08-17T11:17:28Z INFO  steel_front::engine::game] weapons: 1 projectile hit(s), total_hits=16
[2026-08-17T11:17:28Z INFO  steel_front] cam: yaw=-106.2 pitch=3.0 dist=3.4 mode=FirstPerson cycle_us=1693 update_us=33 render_us=1659
[2026-08-17T11:17:28Z INFO  steel_front::engine::game] weapons: shot #26 (3 alive) [M1 Rifle]
[2026-08-17T11:17:28Z INFO  steel_front::engine::game] ai: npcs=2 near=1 far=1 idle=0 patrol=1 chase=0 attack=1 tactics=[0, 1, 1, 0, 0, 0, 0, 0]
[2026-08-17T11:17:28Z INFO  steel_front::engine::game] game: wave=1 enemies=2 enemy_hp=100 hp=5/100 score=40 phys_us=1 ai_us=464 audio_us=17 net_us=0
[2026-08-17T11:17:28Z INFO  steel_front::engine::game] weapons: 1 projectile hit(s), total_hits=17
[2026-08-17T11:17:28Z INFO  steel_front::engine::renderer] visible=65536/65536 near=65536 far=0 fps=390.1 frame_us=1654 cull_us=1 terrain_us=0 wait_fence_us=979 acquire_us=1 record_us=43 submit_us=37 present_us=458 terrain_lod=high blend=0.000 quality=中画质 marker=40 npc=35
[2026-08-17T11:17:28Z INFO  steel_front::engine::game] weapons: shot #27 (3 alive) [M1 Rifle]
[2026-08-17T11:17:28Z INFO  steel_front::engine::game] kill: npc #8 eliminated (wave 1) score=50
[2026-08-17T11:17:28Z INFO  steel_front::engine::game] weapons: 1 projectile hit(s), total_hits=18
[2026-08-17T11:17:29Z INFO  steel_front] cam: yaw=-161.8 pitch=4.4 dist=3.4 mode=FirstPerson cycle_us=2935 update_us=21 render_us=2913
[2026-08-17T11:17:29Z INFO  steel_front::engine::game] ai: npcs=1 near=0 far=1 idle=0 patrol=1 chase=0 attack=0 tactics=[0, 1, 0, 0, 0, 0, 0, 0]
[2026-08-17T11:17:29Z INFO  steel_front::engine::game] game: wave=1 enemies=1 enemy_hp=100 hp=5/100 score=50 phys_us=1 ai_us=520 audio_us=15 net_us=0
[2026-08-17T11:17:29Z INFO  steel_front::engine::renderer] visible=65536/65536 near=65536 far=0 fps=382.2 frame_us=1638 cull_us=1 terrain_us=0 wait_fence_us=1658 acquire_us=1 record_us=25 submit_us=35 present_us=131 terrain_lod=high blend=0.000 quality=中画质 marker=36 npc=35
[2026-08-17T11:17:30Z INFO  steel_front::engine::game] explosion: at (212.4, -1.9, 2.0) radius=8 dmg=60 knockback=true
[2026-08-17T11:17:30Z INFO  steel_front] cam: yaw=-236.2 pitch=2.1 dist=3.4 mode=FirstPerson cycle_us=2433 update_us=36 render_us=2397
[2026-08-17T11:17:30Z INFO  steel_front::engine::game] ai: npcs=1 near=0 far=1 idle=0 patrol=1 chase=0 attack=0 tactics=[0, 1, 0, 0, 0, 0, 0, 0]
[2026-08-17T11:17:30Z INFO  steel_front::engine::game] game: wave=1 enemies=1 enemy_hp=100 hp=5/100 score=50 phys_us=1 ai_us=686 audio_us=92 net_us=0
[2026-08-17T11:17:30Z INFO  steel_front::engine::game] explosion: at (211.2, -5.1, 16.8) radius=8 dmg=60 knockback=true
[2026-08-17T11:17:30Z INFO  steel_front::engine::renderer] visible=65536/65536 near=65536 far=0 fps=382.6 frame_us=1909 cull_us=1 terrain_us=0 wait_fence_us=1417 acquire_us=0 record_us=44 submit_us=34 present_us=221 terrain_lod=high blend=0.000 quality=中画质 marker=40 npc=35
[2026-08-17T11:17:30Z INFO  steel_front] size diag: window_inner=2560x1600 hud=2560x1600
[2026-08-17T11:17:30Z INFO  steel_front] size diag: window_inner=2560x1600 hud=2560x1600
[2026-08-17T11:17:30Z INFO  steel_front] size diag: window_inner=2560x1600 hud=2560x1600
[2026-08-17T11:17:30Z INFO  steel_front] size diag: window_inner=2560x1600 hud=2560x1600
[2026-08-17T11:17:30Z INFO  steel_front] size diag: window_inner=2560x1600 hud=2560x1600
[2026-08-17T11:17:30Z INFO  steel_front] size diag: window_inner=2560x1600 hud=2560x1600
[2026-08-17T11:17:30Z INFO  steel_front] size diag: window_inner=2560x1600 hud=2560x1600
[2026-08-17T11:17:30Z INFO  steel_front] size diag: window_inner=2560x1600 hud=2560x1600
[2026-08-17T11:17:30Z INFO  steel_front] size diag: window_inner=2560x1600 hud=2560x1600
[2026-08-17T11:17:30Z INFO  steel_front] size diag: window_inner=2560x1600 hud=2560x1600
[2026-08-17T11:17:30Z INFO  steel_front] size diag: window_inner=2560x1600 hud=2560x1600
[2026-08-17T11:17:30Z INFO  steel_front] size diag: window_inner=2560x1600 hud=2560x1600
[2026-08-17T11:17:30Z INFO  steel_front] size diag: window_inner=2560x1600 hud=2560x1600
[2026-08-17T11:17:30Z INFO  steel_front] size diag: window_inner=2560x1600 hud=2560x1600
[2026-08-17T11:17:30Z INFO  steel_front] size diag: window_inner=2560x1600 hud=2560x1600
[2026-08-17T11:17:30Z INFO  steel_front] size diag: window_inner=2560x1600 hud=2560x1600
[2026-08-17T11:17:30Z INFO  steel_front] size diag: window_inner=2560x1600 hud=2560x1600
[2026-08-17T11:17:30Z INFO  steel_front] size diag: window_inner=2560x1600 hud=2560x1600
[2026-08-17T11:17:30Z INFO  steel_front] size diag: window_inner=2560x1600 hud=2560x1600
[2026-08-17T11:17:31Z INFO  steel_front] cam: yaw=-310.7 pitch=-0.4 dist=3.4 mode=FirstPerson cycle_us=2391 update_us=42 render_us=2348
[2026-08-17T11:17:31Z INFO  steel_front::engine::game] ai: npcs=1 near=1 far=0 idle=0 patrol=1 chase=0 attack=0 tactics=[0, 1, 0, 0, 0, 0, 0, 0]
[2026-08-17T11:17:31Z INFO  steel_front::engine::game] game: wave=1 enemies=1 enemy_hp=100 hp=5/100 score=50 phys_us=2 ai_us=595 audio_us=17 net_us=0
[2026-08-17T11:17:31Z INFO  steel_front::engine::renderer] visible=65536/65536 near=65536 far=0 fps=386.0 frame_us=1717 cull_us=0 terrain_us=0 wait_fence_us=1263 acquire_us=0 record_us=43 submit_us=38 present_us=280 terrain_lod=high blend=0.000 quality=中画质 marker=36 npc=35
[2026-08-17T11:17:32Z INFO  steel_front] cam: yaw=-310.2 pitch=0.6 dist=3.4 mode=FirstPerson cycle_us=2657 update_us=34 render_us=2623
[2026-08-17T11:17:32Z INFO  steel_front::engine::game] ai: npcs=1 near=1 far=0 idle=0 patrol=1 chase=0 attack=0 tactics=[0, 1, 0, 0, 0, 0, 0, 0]
[2026-08-17T11:17:32Z INFO  steel_front::engine::game] game: wave=1 enemies=1 enemy_hp=100 hp=5/100 score=50 phys_us=2 ai_us=591 audio_us=16 net_us=0
[2026-08-17T11:17:32Z INFO  steel_front::engine::game] weapons: shot #28 (1 alive) [M1 Rifle]
[2026-08-17T11:17:32Z INFO  steel_front::engine::renderer] visible=65536/65536 near=65536 far=0 fps=385.6 frame_us=1964 cull_us=1 terrain_us=0 wait_fence_us=1313 acquire_us=1 record_us=58 submit_us=42 present_us=241 terrain_lod=high blend=0.000 quality=中画质 marker=38 npc=28
[2026-08-17T11:17:33Z INFO  steel_front::engine::game] weapons: shot #29 (2 alive) [M1 Rifle]
[2026-08-17T11:17:33Z INFO  steel_front] cam: yaw=-311.2 pitch=0.4 dist=3.4 mode=FirstPerson cycle_us=2627 update_us=36 render_us=2591
[2026-08-17T11:17:33Z INFO  steel_front::engine::game] ai: npcs=1 near=1 far=0 idle=0 patrol=1 chase=0 attack=0 tactics=[0, 1, 0, 0, 0, 0, 0, 0]
[2026-08-17T11:17:33Z INFO  steel_front::engine::game] game: wave=1 enemies=1 enemy_hp=100 hp=5/100 score=50 phys_us=3 ai_us=616 audio_us=24 net_us=0
[2026-08-17T11:17:33Z INFO  steel_front::engine::game] weapons: shot #30 (3 alive) [M1 Rifle]
[2026-08-17T11:17:33Z INFO  steel_front::engine::renderer] visible=65536/65536 near=65536 far=0 fps=387.4 frame_us=1568 cull_us=0 terrain_us=0 wait_fence_us=1249 acquire_us=0 record_us=42 submit_us=33 present_us=227 terrain_lod=high blend=0.000 quality=中画质 marker=39 npc=21
[2026-08-17T11:17:34Z INFO  steel_front] cam: yaw=-313.3 pitch=0.5 dist=3.4 mode=FirstPerson cycle_us=2850 update_us=20 render_us=2829
[2026-08-17T11:17:34Z INFO  steel_front::engine::game] ai: npcs=1 near=1 far=0 idle=0 patrol=1 chase=0 attack=0 tactics=[0, 1, 0, 0, 0, 0, 0, 0]
[2026-08-17T11:17:34Z INFO  steel_front::engine::game] game: wave=1 enemies=1 enemy_hp=100 hp=5/100 score=50 phys_us=2 ai_us=586 audio_us=14 net_us=0
[2026-08-17T11:17:34Z INFO  steel_front::engine::renderer] visible=65536/65536 near=65536 far=0 fps=388.6 frame_us=1755 cull_us=1 terrain_us=0 wait_fence_us=1784 acquire_us=1 record_us=42 submit_us=36 present_us=222 terrain_lod=high blend=0.000 quality=中画质 marker=37 npc=21
[2026-08-17T11:17:35Z INFO  steel_front] cam: yaw=-311.9 pitch=1.0 dist=3.4 mode=FirstPerson cycle_us=2352 update_us=41 render_us=2311
[2026-08-17T11:17:35Z INFO  steel_front::engine::game] ai: npcs=1 near=1 far=0 idle=0 patrol=1 chase=0 attack=0 tactics=[0, 1, 0, 0, 0, 0, 0, 0]
[2026-08-17T11:17:35Z INFO  steel_front::engine::game] game: wave=1 enemies=1 enemy_hp=100 hp=5/100 score=50 phys_us=2 ai_us=592 audio_us=14 net_us=0
[2026-08-17T11:17:35Z INFO  steel_front::engine::renderer] visible=65536/65536 near=65536 far=0 fps=386.9 frame_us=1779 cull_us=0 terrain_us=0 wait_fence_us=1492 acquire_us=0 record_us=38 submit_us=37 present_us=345 terrain_lod=high blend=0.000 quality=中画质 marker=38 npc=21
[2026-08-17T11:17:35Z INFO  steel_front] size diag: window_inner=2560x1600 hud=2560x1600
[2026-08-17T11:17:35Z INFO  steel_front] size diag: window_inner=2560x1600 hud=2560x1600
[2026-08-17T11:17:35Z INFO  steel_front] size diag: window_inner=2560x1600 hud=2560x1600
[2026-08-17T11:17:35Z INFO  steel_front] size diag: window_inner=2560x1600 hud=2560x1600
[2026-08-17T11:17:35Z INFO  steel_front] size diag: window_inner=2560x1600 hud=2560x1600
[2026-08-17T11:17:35Z INFO  steel_front] size diag: window_inner=2560x1600 hud=2560x1600
[2026-08-17T11:17:35Z INFO  steel_front] size diag: window_inner=2560x1600 hud=2560x1600
[2026-08-17T11:17:35Z INFO  steel_front] size diag: window_inner=2560x1600 hud=2560x1600
[2026-08-17T11:17:35Z INFO  steel_front] size diag: window_inner=2560x1600 hud=2560x1600
[2026-08-17T11:17:35Z INFO  steel_front] size diag: window_inner=2560x1600 hud=2560x1600
[2026-08-17T11:17:35Z INFO  steel_front] size diag: window_inner=2560x1600 hud=2560x1600
[2026-08-17T11:17:35Z INFO  steel_front] size diag: window_inner=2560x1600 hud=2560x1600
[2026-08-17T11:17:35Z INFO  steel_front] size diag: window_inner=2560x1600 hud=2560x1600
[2026-08-17T11:17:35Z INFO  steel_front] size diag: window_inner=2560x1600 hud=2560x1600
[2026-08-17T11:17:35Z INFO  steel_front] size diag: window_inner=2560x1600 hud=2560x1600
[2026-08-17T11:17:35Z INFO  steel_front] size diag: window_inner=2560x1600 hud=2560x1600
[2026-08-17T11:17:35Z INFO  steel_front] size diag: window_inner=2560x1600 hud=2560x1600
[2026-08-17T11:17:35Z INFO  steel_front] size diag: window_inner=2560x1600 hud=2560x1600
[2026-08-17T11:17:35Z INFO  steel_front] size diag: window_inner=2560x1600 hud=2560x1600
[2026-08-17T11:17:35Z INFO  steel_front] size diag: window_inner=2560x1600 hud=2560x1600
[2026-08-17T11:17:35Z INFO  steel_front::engine::game] explosion: at (-136.9, -0.4, -148.4) radius=8 dmg=60 knockback=true
[2026-08-17T11:17:36Z INFO  steel_front::engine::game] weapons: shot #31 (3 alive) [M1 Rifle]
[2026-08-17T11:17:36Z INFO  steel_front] cam: yaw=-309.3 pitch=0.4 dist=3.4 mode=FirstPerson cycle_us=2725 update_us=34 render_us=2691
[2026-08-17T11:17:36Z INFO  steel_front::engine::game] explosion: at (-135.0, -1.7, -150.7) radius=8 dmg=60 knockback=true
[2026-08-17T11:17:36Z INFO  steel_front::engine::game] ai: npcs=1 near=1 far=0 idle=0 patrol=1 chase=0 attack=0 tactics=[0, 1, 0, 0, 0, 0, 0, 0]
[2026-08-17T11:17:36Z INFO  steel_front::engine::game] game: wave=1 enemies=1 enemy_hp=100 hp=5/100 score=50 phys_us=1 ai_us=159 audio_us=32 net_us=0
[2026-08-17T11:17:36Z INFO  steel_front::engine::renderer] visible=65536/65536 near=65536 far=0 fps=380.9 frame_us=1579 cull_us=1 terrain_us=0 wait_fence_us=1791 acquire_us=1 record_us=45 submit_us=36 present_us=250 terrain_lod=high blend=0.000 quality=中画质 marker=43 npc=14
[2026-08-17T11:17:36Z INFO  steel_front::engine::game] weapons: shot #32 (3 alive) [M1 Rifle]
[2026-08-17T11:17:37Z INFO  steel_front::engine::game] explosion: at (-133.9, 0.6, -154.2) radius=8 dmg=60 knockback=true
[2026-08-17T11:17:37Z INFO  steel_front::engine::game] weapons: shot #33 (3 alive) [M1 Rifle]
[2026-08-17T11:17:37Z INFO  steel_front] cam: yaw=-307.9 pitch=0.8 dist=3.4 mode=FirstPerson cycle_us=2650 update_us=135 render_us=2514
[2026-08-17T11:17:37Z INFO  steel_front::engine::game] ai: npcs=1 near=1 far=0 idle=0 patrol=1 chase=0 attack=0 tactics=[0, 1, 0, 0, 0, 0, 0, 0]
[2026-08-17T11:17:37Z INFO  steel_front::engine::game] game: wave=1 enemies=1 enemy_hp=100 hp=5/100 score=50 phys_us=3 ai_us=761 audio_us=25 net_us=0
[2026-08-17T11:17:37Z INFO  steel_front::engine::renderer] visible=65536/65536 near=65536 far=0 fps=382.8 frame_us=1972 cull_us=1 terrain_us=0 wait_fence_us=1357 acquire_us=1 record_us=22 submit_us=21 present_us=212 terrain_lod=high blend=0.000 quality=中画质 marker=38 npc=14
[2026-08-17T11:17:37Z INFO  steel_front::engine::game] weapons: shot #34 (4 alive) [M1 Rifle]
[2026-08-17T11:17:38Z INFO  steel_front::engine::game] weapons: shot #35 (5 alive) [M1 Rifle]
[2026-08-17T11:17:38Z INFO  steel_front] cam: yaw=-310.1 pitch=0.4 dist=3.4 mode=FirstPerson cycle_us=1741 update_us=27 render_us=1713
[2026-08-17T11:17:38Z INFO  steel_front::engine::game] ai: npcs=1 near=1 far=0 idle=0 patrol=1 chase=0 attack=0 tactics=[0, 1, 0, 0, 0, 0, 0, 0]
[2026-08-17T11:17:38Z INFO  steel_front::engine::game] game: wave=1 enemies=1 enemy_hp=100 hp=5/100 score=50 phys_us=5 ai_us=705 audio_us=30 net_us=0
[2026-08-17T11:17:38Z INFO  steel_front::engine::game] weapons: shot #36 (6 alive) [M1 Rifle]
[2026-08-17T11:17:38Z INFO  steel_front::engine::renderer] visible=65536/65536 near=65536 far=0 fps=386.6 frame_us=2422 cull_us=0 terrain_us=0 wait_fence_us=412 acquire_us=0 record_us=37 submit_us=36 present_us=272 terrain_lod=high blend=0.000 quality=中画质 marker=40 npc=14
[2026-08-17T11:17:39Z INFO  steel_front::engine::game] weapons: shot #37 (7 alive) [M1 Rifle]
[2026-08-17T11:17:39Z INFO  steel_front] cam: yaw=-308.8 pitch=0.3 dist=3.4 mode=FirstPerson cycle_us=2598 update_us=39 render_us=2559
[2026-08-17T11:17:39Z INFO  steel_front::engine::game] ai: npcs=1 near=1 far=0 idle=0 patrol=0 chase=1 attack=0 tactics=[0, 1, 0, 0, 0, 0, 0, 0]
[2026-08-17T11:17:39Z INFO  steel_front::engine::game] game: wave=1 enemies=1 enemy_hp=100 hp=5/100 score=50 phys_us=2 ai_us=513 audio_us=25 net_us=0
[2026-08-17T11:17:39Z INFO  steel_front::engine::game] weapons: shot #38 (8 alive) [M1 Rifle]
[2026-08-17T11:17:39Z INFO  steel_front::engine::game] explosion: at (-134.8, 0.7, -157.2) radius=8 dmg=60 knockback=true
[2026-08-17T11:17:39Z INFO  steel_front::engine::renderer] visible=65536/65536 near=65536 far=0 fps=386.2 frame_us=1601 cull_us=1 terrain_us=0 wait_fence_us=1828 acquire_us=1 record_us=23 submit_us=21 present_us=137 terrain_lod=high blend=0.000 quality=中画质 marker=42 npc=7
[2026-08-17T11:17:40Z INFO  steel_front::engine::game] weapons: shot #39 (8 alive) [M1 Rifle]
[2026-08-17T11:17:40Z INFO  steel_front::engine::game] explosion: at (-135.9, -2.1, -155.7) radius=8 dmg=60 knockback=true
[2026-08-17T11:17:40Z INFO  steel_front] cam: yaw=-304.7 pitch=0.9 dist=3.4 mode=FirstPerson cycle_us=2861 update_us=64 render_us=2797
[2026-08-17T11:17:40Z INFO  steel_front::engine::game] weapons: shot #40 (8 alive) [M1 Rifle]
[2026-08-17T11:17:40Z INFO  steel_front::engine::game] ai: npcs=1 near=1 far=0 idle=0 patrol=0 chase=1 attack=0 tactics=[0, 1, 0, 0, 0, 0, 0, 0]
[2026-08-17T11:17:40Z INFO  steel_front::engine::game] game: wave=1 enemies=1 enemy_hp=100 hp=5/100 score=50 phys_us=2 ai_us=453 audio_us=49 net_us=0
[2026-08-17T11:17:40Z INFO  steel_front::engine::game] explosion: at (-137.5, -1.4, -156.5) radius=8 dmg=60 knockback=true
[2026-08-17T11:17:40Z INFO  steel_front::engine::renderer] visible=65536/65536 near=65536 far=0 fps=386.3 frame_us=2037 cull_us=1 terrain_us=0 wait_fence_us=1312 acquire_us=2 record_us=38 submit_us=38 present_us=212 terrain_lod=high blend=0.000 quality=中画质 marker=42 npc=7
[2026-08-17T11:17:40Z INFO  steel_front] size diag: window_inner=2560x1600 hud=2560x1600
[2026-08-17T11:17:40Z INFO  steel_front] size diag: window_inner=2560x1600 hud=2560x1600
[2026-08-17T11:17:40Z INFO  steel_front] size diag: window_inner=2560x1600 hud=2560x1600
[2026-08-17T11:17:40Z INFO  steel_front] size diag: window_inner=2560x1600 hud=2560x1600
[2026-08-17T11:17:40Z INFO  steel_front] size diag: window_inner=2560x1600 hud=2560x1600
[2026-08-17T11:17:40Z INFO  steel_front] size diag: window_inner=2560x1600 hud=2560x1600
[2026-08-17T11:17:40Z INFO  steel_front] size diag: window_inner=2560x1600 hud=2560x1600
[2026-08-17T11:17:40Z INFO  steel_front] size diag: window_inner=2560x1600 hud=2560x1600
[2026-08-17T11:17:40Z INFO  steel_front] size diag: window_inner=2560x1600 hud=2560x1600
[2026-08-17T11:17:40Z INFO  steel_front] size diag: window_inner=2560x1600 hud=2560x1600
[2026-08-17T11:17:40Z INFO  steel_front] size diag: window_inner=2560x1600 hud=2560x1600
[2026-08-17T11:17:40Z INFO  steel_front] size diag: window_inner=2560x1600 hud=2560x1600
[2026-08-17T11:17:40Z INFO  steel_front] size diag: window_inner=2560x1600 hud=2560x1600
[2026-08-17T11:17:40Z INFO  steel_front] size diag: window_inner=2560x1600 hud=2560x1600
[2026-08-17T11:17:40Z INFO  steel_front] size diag: window_inner=2560x1600 hud=2560x1600
[2026-08-17T11:17:40Z INFO  steel_front] size diag: window_inner=2560x1600 hud=2560x1600
[2026-08-17T11:17:40Z INFO  steel_front] size diag: window_inner=2560x1600 hud=2560x1600
[2026-08-17T11:17:40Z INFO  steel_front] size diag: window_inner=2560x1600 hud=2560x1600
[2026-08-17T11:17:40Z INFO  steel_front] size diag: window_inner=2560x1600 hud=2560x1600
[2026-08-17T11:17:41Z INFO  steel_front::engine::game] weapons: shot #41 (8 alive) [M1 Rifle]
[2026-08-17T11:17:41Z INFO  steel_front::engine::game] explosion: at (-135.5, 1.3, -163.1) radius=8 dmg=60 knockback=true
[2026-08-17T11:17:41Z INFO  steel_front] cam: yaw=-294.4 pitch=0.5 dist=3.4 mode=FirstPerson cycle_us=2505 update_us=42 render_us=2463
[2026-08-17T11:17:41Z INFO  steel_front::engine::game] ai: npcs=1 near=1 far=0 idle=0 patrol=0 chase=1 attack=0 tactics=[0, 1, 0, 0, 0, 0, 0, 0]
[2026-08-17T11:17:41Z INFO  steel_front::engine::game] game: wave=1 enemies=1 enemy_hp=100 hp=5/100 score=50 phys_us=1 ai_us=492 audio_us=27 net_us=0
[2026-08-17T11:17:41Z INFO  steel_front::engine::game] explosion: at (-136.3, 0.1, -166.9) radius=8 dmg=60 knockback=true
[2026-08-17T11:17:41Z INFO  steel_front::engine::renderer] visible=65536/65536 near=65536 far=0 fps=386.0 frame_us=1720 cull_us=0 terrain_us=0 wait_fence_us=1578 acquire_us=1 record_us=38 submit_us=34 present_us=207 terrain_lod=high blend=0.000 quality=中画质 marker=41 npc=7
[2026-08-17T11:17:41Z INFO  steel_front::engine::game] weapons: shot #42 (7 alive) [M1 Rifle]
[2026-08-17T11:17:42Z INFO  steel_front::engine::game] explosion: at (-137.0, 1.2, -170.0) radius=8 dmg=60 knockback=true
[2026-08-17T11:17:42Z INFO  steel_front::engine::game] weapons: shot #43 (7 alive) [M1 Rifle]
[2026-08-17T11:17:42Z INFO  steel_front] cam: yaw=-280.7 pitch=1.1 dist=3.4 mode=FirstPerson cycle_us=2463 update_us=59 render_us=2404
[2026-08-17T11:17:42Z INFO  steel_front::engine::game] explosion: at (-142.6, 1.4, -166.8) radius=8 dmg=60 knockback=true
[2026-08-17T11:17:42Z INFO  steel_front::engine::game] ai: npcs=1 near=1 far=0 idle=0 patrol=0 chase=1 attack=0 tactics=[0, 1, 0, 0, 0, 0, 0, 0]
[2026-08-17T11:17:42Z INFO  steel_front::engine::game] game: wave=1 enemies=1 enemy_hp=100 hp=5/100 score=50 phys_us=2 ai_us=560 audio_us=28 net_us=0
[2026-08-17T11:17:42Z INFO  steel_front::engine::renderer] visible=65536/65536 near=65536 far=0 fps=386.8 frame_us=1480 cull_us=1 terrain_us=0 wait_fence_us=1760 acquire_us=1 record_us=21 submit_us=22 present_us=133 terrain_lod=high blend=0.000 quality=中画质 marker=42 npc=7
[2026-08-17T11:17:42Z INFO  steel_front::engine::game] explosion: at (-149.5, 0.6, -162.7) radius=8 dmg=60 knockback=true
[2026-08-17T11:17:43Z INFO  steel_front::engine::game] weapons: shot #44 (6 alive) [M1 Rifle]
[2026-08-17T11:17:43Z INFO  steel_front::engine::game] explosion: at (-153.0, 0.3, -162.7) radius=8 dmg=60 knockback=true
[2026-08-17T11:17:43Z INFO  steel_front] cam: yaw=-267.0 pitch=0.0 dist=3.4 mode=FirstPerson cycle_us=2956 update_us=69 render_us=2886
[2026-08-17T11:17:43Z INFO  steel_front::engine::game] explosion: at (-123.0, 2.1, -111.3) radius=8 dmg=60 knockback=false
[2026-08-17T11:17:43Z INFO  steel_front::engine::game] weapons: 1 projectile hit(s), total_hits=19
[2026-08-17T11:17:43Z INFO  steel_front::engine::game] ai: npcs=1 near=1 far=0 idle=0 patrol=0 chase=1 attack=0 tactics=[0, 1, 0, 0, 0, 0, 0, 0]
[2026-08-17T11:17:43Z INFO  steel_front::engine::game] game: wave=1 enemies=1 enemy_hp=100 hp=5/100 score=50 phys_us=2 ai_us=411 audio_us=46 net_us=0
[2026-08-17T11:17:43Z INFO  steel_front::engine::renderer] visible=65536/65536 near=65536 far=0 fps=385.8 frame_us=1854 cull_us=1 terrain_us=0 wait_fence_us=1986 acquire_us=1 record_us=24 submit_us=19 present_us=118 terrain_lod=high blend=0.000 quality=中画质 marker=46 npc=7
[2026-08-17T11:17:43Z INFO  steel_front::engine::game] weapons: shot #45 (5 alive) [M1 Rifle]
[2026-08-17T11:17:43Z INFO  steel_front::engine::game] explosion: at (-159.4, -1.9, -158.6) radius=8 dmg=60 knockback=true
[2026-08-17T11:17:44Z INFO  steel_front::engine::game] weapons: shot #46 (5 alive) [M1 Rifle]
[2026-08-17T11:17:44Z INFO  steel_front::engine::game] explosion: at (-123.1, 0.4, -103.1) radius=8 dmg=60 knockback=false
[2026-08-17T11:17:44Z INFO  steel_front::engine::game] weapons: 1 projectile hit(s), total_hits=20
[2026-08-17T11:17:44Z INFO  steel_front] cam: yaw=-257.2 pitch=0.5 dist=3.4 mode=FirstPerson cycle_us=2495 update_us=40 render_us=2454
[2026-08-17T11:17:44Z INFO  steel_front::engine::game] weapons: shot #47 (5 alive) [M1 Rifle]
[2026-08-17T11:17:44Z INFO  steel_front::engine::cpu] cpu: scene_pool 创建（8 工作线程，绑定 vCPU [0, 1, 2, 3, 4, 5, 6, 7, 8, 9, 10, 11, 12, 13, 14, 15]）
[2026-08-17T11:17:44Z INFO  steel_front::engine::game] ai: npcs=1 near=1 far=0 idle=0 patrol=0 chase=1 attack=0 tactics=[0, 1, 0, 0, 0, 0, 0, 0]
[2026-08-17T11:17:44Z INFO  steel_front::engine::game] game: wave=1 enemies=1 enemy_hp=100 hp=5/100 score=50 phys_us=1 ai_us=494 audio_us=20 net_us=0
[2026-08-17T11:17:44Z INFO  steel_front::engine::renderer] visible=65536/65536 near=65536 far=0 fps=383.2 frame_us=2345 cull_us=0 terrain_us=364 wait_fence_us=760 acquire_us=1 record_us=41 submit_us=61 present_us=338 terrain_lod=high blend=0.002 quality=中画质 marker=37 npc=7
[2026-08-17T11:17:45Z INFO  steel_front::engine::game] weapons: shot #48 (6 alive) [M1 Rifle]
[2026-08-17T11:17:45Z INFO  steel_front] cam: yaw=-241.2 pitch=0.4 dist=3.4 mode=FirstPerson cycle_us=2547 update_us=26 render_us=2520
[2026-08-17T11:17:45Z INFO  steel_front::engine::game] weapons: shot #49 (7 alive) [M1 Rifle]
[2026-08-17T11:17:45Z INFO  steel_front::engine::game] ai: npcs=1 near=1 far=0 idle=0 patrol=0 chase=1 attack=0 tactics=[0, 1, 0, 0, 0, 0, 0, 0]
[2026-08-17T11:17:45Z INFO  steel_front::engine::game] game: wave=1 enemies=1 enemy_hp=100 hp=5/100 score=50 phys_us=1 ai_us=433 audio_us=18 net_us=0
[2026-08-17T11:17:45Z INFO  steel_front::engine::game] explosion: at (-186.6, -0.9, -93.6) radius=8 dmg=60 knockback=true
[2026-08-17T11:17:45Z INFO  steel_front::engine::renderer] visible=65536/65536 near=65536 far=0 fps=368.0 frame_us=2100 cull_us=1 terrain_us=296 wait_fence_us=1036 acquire_us=1 record_us=69 submit_us=34 present_us=211 terrain_lod=high blend=0.063 quality=中画质 marker=42 npc=7
[2026-08-17T11:17:45Z INFO  steel_front] size diag: window_inner=2560x1600 hud=2560x1600
[2026-08-17T11:17:45Z INFO  steel_front] size diag: window_inner=2560x1600 hud=2560x1600
[2026-08-17T11:17:45Z INFO  steel_front] size diag: window_inner=2560x1600 hud=2560x1600
[2026-08-17T11:17:45Z INFO  steel_front] size diag: window_inner=2560x1600 hud=2560x1600
[2026-08-17T11:17:45Z INFO  steel_front] size diag: window_inner=2560x1600 hud=2560x1600
[2026-08-17T11:17:45Z INFO  steel_front] size diag: window_inner=2560x1600 hud=2560x1600
[2026-08-17T11:17:45Z INFO  steel_front] size diag: window_inner=2560x1600 hud=2560x1600
[2026-08-17T11:17:45Z INFO  steel_front] size diag: window_inner=2560x1600 hud=2560x1600
[2026-08-17T11:17:45Z INFO  steel_front] size diag: window_inner=2560x1600 hud=2560x1600
[2026-08-17T11:17:45Z INFO  steel_front] size diag: window_inner=2560x1600 hud=2560x1600
[2026-08-17T11:17:45Z INFO  steel_front] size diag: window_inner=2560x1600 hud=2560x1600
[2026-08-17T11:17:45Z INFO  steel_front] size diag: window_inner=2560x1600 hud=2560x1600
[2026-08-17T11:17:45Z INFO  steel_front] size diag: window_inner=2560x1600 hud=2560x1600
[2026-08-17T11:17:45Z INFO  steel_front] size diag: window_inner=2560x1600 hud=2560x1600
[2026-08-17T11:17:45Z INFO  steel_front] size diag: window_inner=2560x1600 hud=2560x1600
[2026-08-17T11:17:45Z INFO  steel_front] size diag: window_inner=2560x1600 hud=2560x1600
[2026-08-17T11:17:45Z INFO  steel_front] size diag: window_inner=2560x1600 hud=2560x1600
[2026-08-17T11:17:45Z INFO  steel_front] size diag: window_inner=2560x1600 hud=2560x1600
[2026-08-17T11:17:45Z INFO  steel_front] size diag: window_inner=2560x1600 hud=2560x1600
[2026-08-17T11:17:46Z INFO  steel_front::engine::game] weapons: shot #50 (7 alive) [M1 Rifle]
[2026-08-17T11:17:46Z INFO  steel_front] cam: yaw=-232.5 pitch=1.5 dist=3.4 mode=FirstPerson cycle_us=2684 update_us=37 render_us=2646
[2026-08-17T11:17:46Z INFO  steel_front::engine::game] ai: npcs=1 near=1 far=0 idle=0 patrol=0 chase=1 attack=0 tactics=[0, 1, 0, 0, 0, 0, 0, 0]
[2026-08-17T11:17:46Z INFO  steel_front::engine::game] game: wave=1 enemies=1 enemy_hp=100 hp=5/100 score=50 phys_us=1 ai_us=447 audio_us=29 net_us=0
[2026-08-17T11:17:46Z INFO  steel_front::engine::game] explosion: at (-189.6, 6.3, -60.6) radius=8 dmg=60 knockback=true
[2026-08-17T11:17:46Z INFO  steel_front::engine::game] weapons: shot #51 (7 alive) [M1 Rifle]
[2026-08-17T11:17:46Z INFO  steel_front::engine::renderer] visible=65536/65536 near=65536 far=0 fps=366.4 frame_us=1948 cull_us=1 terrain_us=304 wait_fence_us=1217 acquire_us=1 record_us=36 submit_us=41 present_us=234 terrain_lod=high blend=0.179 quality=中画质 marker=43 npc=7
[2026-08-17T11:17:47Z INFO  steel_front::engine::game] explosion: at (-189.0, -1.4, -46.5) radius=8 dmg=60 knockback=true
[2026-08-17T11:17:47Z INFO  steel_front] cam: yaw=-226.3 pitch=-3.5 dist=3.4 mode=FirstPerson cycle_us=3030 update_us=29 render_us=3000
[2026-08-17T11:17:47Z INFO  steel_front::engine::game] explosion: at (-188.2, -1.7, -39.1) radius=8 dmg=60 knockback=true
[2026-08-17T11:17:47Z INFO  steel_front::engine::game] ai: npcs=1 near=1 far=0 idle=0 patrol=0 chase=1 attack=0 tactics=[0, 1, 0, 0, 0, 0, 0, 0]
[2026-08-17T11:17:47Z INFO  steel_front::engine::game] game: wave=1 enemies=1 enemy_hp=100 hp=5/100 score=50 phys_us=2 ai_us=834 audio_us=31 net_us=0
[2026-08-17T11:17:47Z INFO  steel_front::engine::renderer] visible=65536/65536 near=65536 far=0 fps=368.5 frame_us=1656 cull_us=0 terrain_us=357 wait_fence_us=1657 acquire_us=1 record_us=24 submit_us=21 present_us=159 terrain_lod=high blend=0.302 quality=中画质 marker=40 npc=7
[2026-08-17T11:17:47Z INFO  steel_front::engine::game] explosion: at (-185.3, -1.1, -23.8) radius=8 dmg=60 knockback=true
[2026-08-17T11:17:48Z INFO  steel_front::engine::game] explosion: at (-174.8, 1.1, 8.1) radius=8 dmg=60 knockback=true
[2026-08-17T11:17:48Z INFO  steel_front] cam: yaw=-226.3 pitch=-3.5 dist=3.4 mode=FirstPerson cycle_us=2805 update_us=71 render_us=2733
[2026-08-17T11:17:48Z INFO  steel_front::engine::game] ai: npcs=1 near=1 far=0 idle=0 patrol=0 chase=1 attack=0 tactics=[0, 1, 0, 0, 0, 0, 0, 0]
[2026-08-17T11:17:48Z INFO  steel_front::engine::game] game: wave=1 enemies=1 enemy_hp=100 hp=5/100 score=50 phys_us=1 ai_us=725 audio_us=27 net_us=0
[2026-08-17T11:17:48Z INFO  steel_front::engine::renderer] visible=65536/65536 near=65536 far=0 fps=367.7 frame_us=2319 cull_us=0 terrain_us=307 wait_fence_us=1125 acquire_us=0 record_us=42 submit_us=35 present_us=219 terrain_lod=high blend=0.272 quality=中画质 marker=36 npc=7
[2026-08-17T11:17:48Z INFO  steel_front::engine::game] explosion: at (-165.7, 0.4, 25.9) radius=8 dmg=60 knockback=true
[2026-08-17T11:17:49Z INFO  steel_front::engine::game] explosion: at (-160.8, -2.9, 33.6) radius=8 dmg=60 knockback=true
[2026-08-17T11:17:49Z INFO  steel_front] cam: yaw=-226.3 pitch=-3.5 dist=3.4 mode=FirstPerson cycle_us=3951 update_us=41 render_us=3910
[2026-08-17T11:17:49Z INFO  steel_front::engine::game] ai: npcs=1 near=1 far=0 idle=0 patrol=0 chase=1 attack=0 tactics=[0, 1, 0, 0, 0, 0, 0, 0]
[2026-08-17T11:17:49Z INFO  steel_front::engine::game] game: wave=1 enemies=1 enemy_hp=100 hp=5/100 score=50 phys_us=2 ai_us=447 audio_us=29 net_us=0
[2026-08-17T11:17:49Z INFO  steel_front::engine::renderer] visible=65536/65536 near=65536 far=0 fps=368.9 frame_us=1787 cull_us=0 terrain_us=237 wait_fence_us=1303 acquire_us=0 record_us=25 submit_us=20 present_us=162 terrain_lod=high blend=0.272 quality=中画质 marker=40 npc=7
[2026-08-17T11:17:49Z INFO  steel_front::engine::game] explosion: at (-147.1, -2.2, 51.4) radius=8 dmg=60 knockback=true
[2026-08-17T11:17:50Z INFO  steel_front] cam: yaw=-226.3 pitch=-3.5 dist=3.4 mode=FirstPerson cycle_us=2398 update_us=35 render_us=2363
[2026-08-17T11:17:50Z INFO  steel_front::engine::game] ai: npcs=1 near=1 far=0 idle=0 patrol=1 chase=0 attack=0 tactics=[0, 1, 0, 0, 0, 0, 0, 0]
[2026-08-17T11:17:50Z INFO  steel_front::engine::game] game: wave=1 enemies=1 enemy_hp=100 hp=5/100 score=50 phys_us=2 ai_us=489 audio_us=20 net_us=0
[2026-08-17T11:17:50Z INFO  steel_front::engine::renderer] visible=65536/65536 near=65536 far=0 fps=369.8 frame_us=2153 cull_us=0 terrain_us=279 wait_fence_us=986 acquire_us=1 record_us=54 submit_us=51 present_us=414 terrain_lod=high blend=0.395 quality=中画质 marker=36 npc=7
[2026-08-17T11:17:50Z INFO  steel_front] size diag: window_inner=2560x1600 hud=2560x1600
[2026-08-17T11:17:50Z INFO  steel_front] size diag: window_inner=2560x1600 hud=2560x1600
[2026-08-17T11:17:50Z INFO  steel_front] size diag: window_inner=2560x1600 hud=2560x1600
[2026-08-17T11:17:50Z INFO  steel_front] size diag: window_inner=2560x1600 hud=2560x1600
[2026-08-17T11:17:50Z INFO  steel_front] size diag: window_inner=2560x1600 hud=2560x1600
[2026-08-17T11:17:50Z INFO  steel_front] size diag: window_inner=2560x1600 hud=2560x1600
[2026-08-17T11:17:50Z INFO  steel_front] size diag: window_inner=2560x1600 hud=2560x1600
[2026-08-17T11:17:50Z INFO  steel_front] size diag: window_inner=2560x1600 hud=2560x1600
[2026-08-17T11:17:50Z INFO  steel_front] size diag: window_inner=2560x1600 hud=2560x1600
[2026-08-17T11:17:50Z INFO  steel_front] size diag: window_inner=2560x1600 hud=2560x1600
[2026-08-17T11:17:50Z INFO  steel_front] size diag: window_inner=2560x1600 hud=2560x1600
[2026-08-17T11:17:50Z INFO  steel_front] size diag: window_inner=2560x1600 hud=2560x1600
[2026-08-17T11:17:50Z INFO  steel_front] size diag: window_inner=2560x1600 hud=2560x1600
[2026-08-17T11:17:50Z INFO  steel_front] size diag: window_inner=2560x1600 hud=2560x1600
[2026-08-17T11:17:50Z INFO  steel_front] size diag: window_inner=2560x1600 hud=2560x1600
[2026-08-17T11:17:50Z INFO  steel_front] size diag: window_inner=2560x1600 hud=2560x1600
[2026-08-17T11:17:50Z INFO  steel_front] size diag: window_inner=2560x1600 hud=2560x1600
[2026-08-17T11:17:50Z INFO  steel_front] size diag: window_inner=2560x1600 hud=2560x1600
[2026-08-17T11:17:51Z INFO  steel_front] cam: yaw=-226.3 pitch=-3.5 dist=3.4 mode=FirstPerson cycle_us=2726 update_us=34 render_us=2692
[2026-08-17T11:17:51Z INFO  steel_front::engine::game] ai: npcs=1 near=1 far=0 idle=0 patrol=1 chase=0 attack=0 tactics=[0, 1, 0, 0, 0, 0, 0, 0]
[2026-08-17T11:17:51Z INFO  steel_front::engine::game] game: wave=1 enemies=1 enemy_hp=100 hp=5/100 score=50 phys_us=4 ai_us=453 audio_us=15 net_us=0
[2026-08-17T11:17:51Z INFO  steel_front::engine::renderer] visible=65536/65536 near=65536 far=0 fps=368.4 frame_us=2495 cull_us=0 terrain_us=389 wait_fence_us=1105 acquire_us=1 record_us=179 submit_us=99 present_us=442 terrain_lod=high blend=0.569 quality=中画质 marker=36 npc=7
[2026-08-17T11:17:52Z INFO  steel_front] cam: yaw=-226.3 pitch=-3.5 dist=3.4 mode=FirstPerson cycle_us=2568 update_us=23 render_us=2545
[2026-08-17T11:17:52Z INFO  steel_front::engine::game] ai: npcs=1 near=1 far=0 idle=0 patrol=1 chase=0 attack=0 tactics=[0, 1, 0, 0, 0, 0, 0, 0]
[2026-08-17T11:17:52Z INFO  steel_front::engine::game] game: wave=1 enemies=1 enemy_hp=100 hp=5/100 score=50 phys_us=3 ai_us=495 audio_us=16 net_us=0
[2026-08-17T11:17:52Z INFO  steel_front::engine::renderer] visible=65536/65536 near=65536 far=0 fps=368.7 frame_us=2106 cull_us=0 terrain_us=362 wait_fence_us=1034 acquire_us=1 record_us=51 submit_us=69 present_us=216 terrain_lod=high blend=0.740 quality=中画质 marker=36 npc=7
[2026-08-17T11:17:53Z INFO  steel_front] cam: yaw=-226.3 pitch=-3.5 dist=3.4 mode=FirstPerson cycle_us=2582 update_us=26 render_us=2555
[2026-08-17T11:17:53Z INFO  steel_front::engine::game] ai: npcs=1 near=1 far=0 idle=0 patrol=1 chase=0 attack=0 tactics=[0, 1, 0, 0, 0, 0, 0, 0]
[2026-08-17T11:17:53Z INFO  steel_front::engine::game] game: wave=1 enemies=1 enemy_hp=100 hp=5/100 score=50 phys_us=2 ai_us=483 audio_us=26 net_us=0
[2026-08-17T11:17:53Z INFO  steel_front::engine::renderer] visible=65536/65536 near=65536 far=0 fps=367.6 frame_us=1809 cull_us=0 terrain_us=385 wait_fence_us=1576 acquire_us=1 record_us=34 submit_us=48 present_us=143 terrain_lod=high blend=0.797 quality=中画质 marker=36 npc=7
[2026-08-17T11:17:54Z INFO  steel_front] cam: yaw=-226.3 pitch=-3.5 dist=3.4 mode=FirstPerson cycle_us=2671 update_us=23 render_us=2647
[2026-08-17T11:17:54Z INFO  steel_front::engine::game] ai: npcs=1 near=1 far=0 idle=0 patrol=1 chase=0 attack=0 tactics=[0, 1, 0, 0, 0, 0, 0, 0]
[2026-08-17T11:17:54Z INFO  steel_front::engine::game] game: wave=1 enemies=1 enemy_hp=100 hp=5/100 score=50 phys_us=2 ai_us=423 audio_us=25 net_us=0
[2026-08-17T11:17:54Z INFO  steel_front::engine::renderer] visible=65536/65536 near=65536 far=0 fps=362.6 frame_us=2163 cull_us=0 terrain_us=277 wait_fence_us=1274 acquire_us=1 record_us=36 submit_us=36 present_us=219 terrain_lod=high blend=0.741 quality=中画质 marker=36 npc=7
[2026-08-17T11:17:55Z INFO  steel_front] cam: yaw=-226.3 pitch=-3.5 dist=3.4 mode=FirstPerson cycle_us=2555 update_us=27 render_us=2528
[2026-08-17T11:17:55Z INFO  steel_front::engine::game] ai: npcs=1 near=1 far=0 idle=0 patrol=1 chase=0 attack=0 tactics=[0, 1, 0, 0, 0, 0, 0, 0]
[2026-08-17T11:17:55Z INFO  steel_front::engine::game] game: wave=1 enemies=1 enemy_hp=100 hp=5/100 score=50 phys_us=1 ai_us=601 audio_us=18 net_us=0
[2026-08-17T11:17:55Z INFO  steel_front::engine::renderer] visible=65536/65536 near=65536 far=0 fps=359.1 frame_us=1984 cull_us=0 terrain_us=384 wait_fence_us=1513 acquire_us=1 record_us=24 submit_us=23 present_us=174 terrain_lod=high blend=0.665 quality=中画质 marker=36 npc=7
[2026-08-17T11:17:55Z INFO  steel_front] size diag: window_inner=2560x1600 hud=2560x1600
[2026-08-17T11:17:55Z INFO  steel_front] size diag: window_inner=2560x1600 hud=2560x1600
[2026-08-17T11:17:55Z INFO  steel_front] size diag: window_inner=2560x1600 hud=2560x1600
[2026-08-17T11:17:55Z INFO  steel_front] size diag: window_inner=2560x1600 hud=2560x1600
[2026-08-17T11:17:55Z INFO  steel_front] size diag: window_inner=2560x1600 hud=2560x1600
[2026-08-17T11:17:55Z INFO  steel_front] size diag: window_inner=2560x1600 hud=2560x1600
[2026-08-17T11:17:55Z INFO  steel_front] size diag: window_inner=2560x1600 hud=2560x1600
[2026-08-17T11:17:55Z INFO  steel_front] size diag: window_inner=2560x1600 hud=2560x1600
[2026-08-17T11:17:55Z INFO  steel_front] size diag: window_inner=2560x1600 hud=2560x1600
[2026-08-17T11:17:55Z INFO  steel_front] size diag: window_inner=2560x1600 hud=2560x1600
[2026-08-17T11:17:55Z INFO  steel_front] size diag: window_inner=2560x1600 hud=2560x1600
[2026-08-17T11:17:55Z INFO  steel_front] size diag: window_inner=2560x1600 hud=2560x1600
[2026-08-17T11:17:55Z INFO  steel_front] size diag: window_inner=2560x1600 hud=2560x1600
[2026-08-17T11:17:55Z INFO  steel_front] size diag: window_inner=2560x1600 hud=2560x1600
[2026-08-17T11:17:55Z INFO  steel_front] size diag: window_inner=2560x1600 hud=2560x1600
[2026-08-17T11:17:55Z INFO  steel_front] size diag: window_inner=2560x1600 hud=2560x1600
[2026-08-17T11:17:55Z INFO  steel_front] size diag: window_inner=2560x1600 hud=2560x1600
[2026-08-17T11:17:55Z INFO  steel_front] size diag: window_inner=2560x1600 hud=2560x1600
[2026-08-17T11:17:56Z INFO  steel_front] cam: yaw=-226.3 pitch=-3.5 dist=3.4 mode=FirstPerson cycle_us=2834 update_us=38 render_us=2795
[2026-08-17T11:17:56Z INFO  steel_front::engine::game] ai: npcs=1 near=1 far=0 idle=0 patrol=1 chase=0 attack=0 tactics=[0, 1, 0, 0, 0, 0, 0, 0]
[2026-08-17T11:17:56Z INFO  steel_front::engine::game] game: wave=1 enemies=1 enemy_hp=100 hp=5/100 score=50 phys_us=2 ai_us=430 audio_us=16 net_us=0
[2026-08-17T11:17:56Z INFO  steel_front::engine::renderer] visible=65536/65536 near=65536 far=0 fps=361.4 frame_us=1545 cull_us=0 terrain_us=296 wait_fence_us=1265 acquire_us=1 record_us=28 submit_us=26 present_us=178 terrain_lod=high blend=0.756 quality=中画质 marker=36 npc=7
[2026-08-17T11:17:57Z INFO  steel_front] cam: yaw=-226.3 pitch=-3.5 dist=3.4 mode=FirstPerson cycle_us=2435 update_us=45 render_us=2390
[2026-08-17T11:17:57Z INFO  steel_front::engine::game] ai: npcs=1 near=1 far=0 idle=0 patrol=1 chase=0 attack=0 tactics=[0, 1, 0, 0, 0, 0, 0, 0]
[2026-08-17T11:17:57Z INFO  steel_front::engine::game] game: wave=1 enemies=1 enemy_hp=100 hp=5/100 score=50 phys_us=2 ai_us=475 audio_us=29 net_us=0
[2026-08-17T11:17:57Z INFO  steel_front::engine::renderer] visible=65536/65536 near=65536 far=0 fps=362.7 frame_us=4213 cull_us=1 terrain_us=602 wait_fence_us=7 acquire_us=4 record_us=81 submit_us=67 present_us=1751 terrain_lod=high blend=0.830 quality=中画质 marker=36 npc=7
[2026-08-17T11:17:58Z INFO  steel_front] cam: yaw=-226.3 pitch=-3.5 dist=3.4 mode=FirstPerson cycle_us=2736 update_us=23 render_us=2713
[2026-08-17T11:17:58Z INFO  steel_front::engine::game] ai: npcs=1 near=1 far=0 idle=0 patrol=1 chase=0 attack=0 tactics=[0, 1, 0, 0, 0, 0, 0, 0]
[2026-08-17T11:17:58Z INFO  steel_front::engine::game] game: wave=1 enemies=1 enemy_hp=100 hp=5/100 score=50 phys_us=3 ai_us=438 audio_us=14 net_us=0
[2026-08-17T11:17:58Z INFO  steel_front::engine::renderer] visible=65536/65536 near=65536 far=0 fps=364.3 frame_us=1608 cull_us=0 terrain_us=328 wait_fence_us=1385 acquire_us=1 record_us=38 submit_us=23 present_us=153 terrain_lod=high blend=0.884 quality=中画质 marker=36 npc=7
[2026-08-17T11:17:59Z INFO  steel_front] cam: yaw=-226.3 pitch=-3.5 dist=3.4 mode=FirstPerson cycle_us=2719 update_us=35 render_us=2684
[2026-08-17T11:17:59Z INFO  steel_front::engine::game] ai: npcs=1 near=0 far=1 idle=0 patrol=1 chase=0 attack=0 tactics=[0, 1, 0, 0, 0, 0, 0, 0]
[2026-08-17T11:17:59Z INFO  steel_front::engine::game] game: wave=1 enemies=1 enemy_hp=100 hp=5/100 score=50 phys_us=1 ai_us=432 audio_us=15 net_us=0
[2026-08-17T11:17:59Z INFO  steel_front::engine::renderer] visible=65536/65536 near=65536 far=0 fps=366.0 frame_us=2107 cull_us=0 terrain_us=339 wait_fence_us=1108 acquire_us=1 record_us=67 submit_us=62 present_us=219 terrain_lod=high blend=0.898 quality=中画质 marker=36 npc=7
[2026-08-17T11:18:00Z INFO  steel_front] cam: yaw=-226.3 pitch=-3.5 dist=3.4 mode=FirstPerson cycle_us=2598 update_us=37 render_us=2560
[2026-08-17T11:18:00Z INFO  steel_front::engine::game] ai: npcs=1 near=1 far=0 idle=0 patrol=1 chase=0 attack=0 tactics=[0, 1, 0, 0, 0, 0, 0, 0]
[2026-08-17T11:18:00Z INFO  steel_front::engine::game] game: wave=1 enemies=1 enemy_hp=100 hp=5/100 score=50 phys_us=1 ai_us=485 audio_us=26 net_us=0
[2026-08-17T11:18:00Z INFO  steel_front::engine::renderer] visible=65536/65536 near=65536 far=0 fps=367.4 frame_us=1498 cull_us=0 terrain_us=316 wait_fence_us=1296 acquire_us=1 record_us=75 submit_us=66 present_us=236 terrain_lod=high blend=0.836 quality=中画质 marker=36 npc=7
[2026-08-17T11:18:00Z INFO  steel_front] size diag: window_inner=2560x1600 hud=2560x1600
[2026-08-17T11:18:00Z INFO  steel_front] size diag: window_inner=2560x1600 hud=2560x1600
[2026-08-17T11:18:00Z INFO  steel_front] size diag: window_inner=2560x1600 hud=2560x1600
[2026-08-17T11:18:00Z INFO  steel_front] size diag: window_inner=2560x1600 hud=2560x1600
[2026-08-17T11:18:00Z INFO  steel_front] size diag: window_inner=2560x1600 hud=2560x1600
[2026-08-17T11:18:00Z INFO  steel_front] size diag: window_inner=2560x1600 hud=2560x1600
[2026-08-17T11:18:00Z INFO  steel_front] size diag: window_inner=2560x1600 hud=2560x1600
[2026-08-17T11:18:00Z INFO  steel_front] size diag: window_inner=2560x1600 hud=2560x1600
[2026-08-17T11:18:00Z INFO  steel_front] size diag: window_inner=2560x1600 hud=2560x1600
[2026-08-17T11:18:00Z INFO  steel_front] size diag: window_inner=2560x1600 hud=2560x1600
[2026-08-17T11:18:00Z INFO  steel_front] size diag: window_inner=2560x1600 hud=2560x1600
[2026-08-17T11:18:00Z INFO  steel_front] size diag: window_inner=2560x1600 hud=2560x1600
[2026-08-17T11:18:00Z INFO  steel_front] size diag: window_inner=2560x1600 hud=2560x1600
[2026-08-17T11:18:00Z INFO  steel_front] size diag: window_inner=2560x1600 hud=2560x1600
[2026-08-17T11:18:00Z INFO  steel_front] size diag: window_inner=2560x1600 hud=2560x1600
[2026-08-17T11:18:00Z INFO  steel_front] size diag: window_inner=2560x1600 hud=2560x1600
[2026-08-17T11:18:00Z INFO  steel_front] size diag: window_inner=2560x1600 hud=2560x1600
[2026-08-17T11:18:00Z INFO  steel_front] size diag: window_inner=2560x1600 hud=2560x1600
[2026-08-17T11:18:01Z INFO  steel_front] cam: yaw=-226.3 pitch=-3.5 dist=3.4 mode=FirstPerson cycle_us=2691 update_us=24 render_us=2666
[2026-08-17T11:18:01Z INFO  steel_front::engine::game] ai: npcs=1 near=1 far=0 idle=0 patrol=1 chase=0 attack=0 tactics=[0, 1, 0, 0, 0, 0, 0, 0]
[2026-08-17T11:18:01Z INFO  steel_front::engine::game] game: wave=1 enemies=1 enemy_hp=100 hp=5/100 score=50 phys_us=2 ai_us=471 audio_us=29 net_us=0
[2026-08-17T11:18:01Z INFO  steel_front::engine::renderer] visible=65536/65536 near=65536 far=0 fps=364.6 frame_us=2006 cull_us=0 terrain_us=340 wait_fence_us=1583 acquire_us=1 record_us=54 submit_us=50 present_us=231 terrain_lod=high blend=0.761 quality=中画质 marker=36 npc=7
[2026-08-17T11:18:02Z INFO  steel_front] cam: yaw=-226.3 pitch=-3.5 dist=3.4 mode=FirstPerson cycle_us=2885 update_us=23 render_us=2862
[2026-08-17T11:18:02Z INFO  steel_front::engine::game] ai: npcs=1 near=1 far=0 idle=0 patrol=1 chase=0 attack=0 tactics=[0, 1, 0, 0, 0, 0, 0, 0]
[2026-08-17T11:18:02Z INFO  steel_front::engine::game] game: wave=1 enemies=1 enemy_hp=100 hp=5/100 score=50 phys_us=1 ai_us=178 audio_us=15 net_us=0
[2026-08-17T11:18:02Z INFO  steel_front::engine::renderer] visible=65536/65536 near=65536 far=0 fps=367.9 frame_us=2152 cull_us=0 terrain_us=304 wait_fence_us=1143 acquire_us=0 record_us=83 submit_us=53 present_us=198 terrain_lod=high blend=0.900 quality=中画质 marker=36 npc=7
[2026-08-17T11:18:03Z INFO  steel_front] cam: yaw=-226.3 pitch=-3.5 dist=3.4 mode=FirstPerson cycle_us=2622 update_us=40 render_us=2581
[2026-08-17T11:18:03Z INFO  steel_front::engine::game] ai: npcs=1 near=1 far=0 idle=0 patrol=1 chase=0 attack=0 tactics=[0, 1, 0, 0, 0, 0, 0, 0]
[2026-08-17T11:18:03Z INFO  steel_front::engine::game] game: wave=1 enemies=1 enemy_hp=100 hp=5/100 score=50 phys_us=1 ai_us=455 audio_us=13 net_us=0
[2026-08-17T11:18:03Z INFO  steel_front::engine::renderer] visible=65536/65536 near=65536 far=0 fps=369.7 frame_us=2349 cull_us=0 terrain_us=337 wait_fence_us=1263 acquire_us=1 record_us=59 submit_us=49 present_us=203 terrain_lod=high blend=0.862 quality=中画质 marker=36 npc=7
[2026-08-17T11:18:04Z INFO  steel_front] cam: yaw=-226.3 pitch=-3.5 dist=3.4 mode=FirstPerson cycle_us=3103 update_us=34 render_us=3069
[2026-08-17T11:18:04Z INFO  steel_front::engine::game] ai: npcs=1 near=1 far=0 idle=0 patrol=1 chase=0 attack=0 tactics=[0, 1, 0, 0, 0, 0, 0, 0]
[2026-08-17T11:18:04Z INFO  steel_front::engine::game] game: wave=1 enemies=1 enemy_hp=100 hp=5/100 score=50 phys_us=1 ai_us=418 audio_us=27 net_us=0
[2026-08-17T11:18:04Z INFO  steel_front::engine::renderer] visible=65536/65536 near=65536 far=0 fps=368.4 frame_us=2080 cull_us=0 terrain_us=299 wait_fence_us=1510 acquire_us=1 record_us=55 submit_us=73 present_us=268 terrain_lod=high blend=0.936 quality=中画质 marker=36 npc=7
[2026-08-17T11:18:05Z INFO  steel_front] cam: yaw=-226.3 pitch=-3.5 dist=3.4 mode=FirstPerson cycle_us=2598 update_us=33 render_us=2565
[2026-08-17T11:18:05Z INFO  steel_front::engine::game] ai: npcs=1 near=1 far=0 idle=0 patrol=1 chase=0 attack=0 tactics=[0, 1, 0, 0, 0, 0, 0, 0]
[2026-08-17T11:18:05Z INFO  steel_front::engine::game] game: wave=1 enemies=1 enemy_hp=100 hp=5/100 score=50 phys_us=2 ai_us=452 audio_us=37 net_us=0
[2026-08-17T11:18:05Z INFO  steel_front::engine::renderer] visible=65536/65536 near=65536 far=0 fps=367.3 frame_us=1943 cull_us=1 terrain_us=357 wait_fence_us=1369 acquire_us=1 record_us=74 submit_us=58 present_us=312 terrain_lod=high blend=0.960 quality=中画质 marker=36 npc=7
[2026-08-17T11:18:05Z INFO  steel_front] size diag: window_inner=2560x1600 hud=2560x1600
[2026-08-17T11:18:05Z INFO  steel_front] size diag: window_inner=2560x1600 hud=2560x1600
[2026-08-17T11:18:05Z INFO  steel_front] size diag: window_inner=2560x1600 hud=2560x1600
[2026-08-17T11:18:05Z INFO  steel_front] size diag: window_inner=2560x1600 hud=2560x1600
[2026-08-17T11:18:05Z INFO  steel_front] size diag: window_inner=2560x1600 hud=2560x1600
[2026-08-17T11:18:05Z INFO  steel_front] size diag: window_inner=2560x1600 hud=2560x1600
[2026-08-17T11:18:05Z INFO  steel_front] size diag: window_inner=2560x1600 hud=2560x1600
[2026-08-17T11:18:05Z INFO  steel_front] size diag: window_inner=2560x1600 hud=2560x1600
[2026-08-17T11:18:05Z INFO  steel_front] size diag: window_inner=2560x1600 hud=2560x1600
[2026-08-17T11:18:05Z INFO  steel_front] size diag: window_inner=2560x1600 hud=2560x1600
[2026-08-17T11:18:05Z INFO  steel_front] size diag: window_inner=2560x1600 hud=2560x1600
[2026-08-17T11:18:05Z INFO  steel_front] size diag: window_inner=2560x1600 hud=2560x1600
[2026-08-17T11:18:05Z INFO  steel_front] size diag: window_inner=2560x1600 hud=2560x1600
[2026-08-17T11:18:05Z INFO  steel_front] size diag: window_inner=2560x1600 hud=2560x1600
[2026-08-17T11:18:05Z INFO  steel_front] size diag: window_inner=2560x1600 hud=2560x1600
[2026-08-17T11:18:05Z INFO  steel_front] size diag: window_inner=2560x1600 hud=2560x1600
[2026-08-17T11:18:05Z INFO  steel_front] size diag: window_inner=2560x1600 hud=2560x1600
[2026-08-17T11:18:05Z INFO  steel_front] size diag: window_inner=2560x1600 hud=2560x1600
[2026-08-17T11:18:06Z INFO  steel_front] cam: yaw=-226.3 pitch=-3.5 dist=3.4 mode=FirstPerson cycle_us=3081 update_us=24 render_us=3057
[2026-08-17T11:18:06Z INFO  steel_front::engine::game] ai: npcs=1 near=1 far=0 idle=0 patrol=1 chase=0 attack=0 tactics=[0, 1, 0, 0, 0, 0, 0, 0]
[2026-08-17T11:18:06Z INFO  steel_front::engine::game] game: wave=1 enemies=1 enemy_hp=100 hp=5/100 score=50 phys_us=1 ai_us=366 audio_us=27 net_us=0
[2026-08-17T11:18:06Z INFO  steel_front::engine::renderer] visible=65536/65536 near=65536 far=0 fps=368.2 frame_us=1967 cull_us=0 terrain_us=370 wait_fence_us=962 acquire_us=1 record_us=57 submit_us=74 present_us=222 terrain_lod=high blend=0.970 quality=中画质 marker=36 npc=7
[2026-08-17T11:18:07Z INFO  steel_front] cam: yaw=-226.3 pitch=-3.5 dist=3.4 mode=FirstPerson cycle_us=2422 update_us=32 render_us=2389
[2026-08-17T11:18:07Z INFO  steel_front::engine::game] ai: npcs=1 near=1 far=0 idle=0 patrol=1 chase=0 attack=0 tactics=[0, 1, 0, 0, 0, 0, 0, 0]
[2026-08-17T11:18:07Z INFO  steel_front::engine::game] game: wave=1 enemies=1 enemy_hp=100 hp=5/100 score=50 phys_us=2 ai_us=488 audio_us=19 net_us=0
[2026-08-17T11:18:07Z INFO  steel_front::engine::renderer] visible=65536/65536 near=65536 far=0 fps=408.6 frame_us=896 cull_us=0 terrain_us=0 wait_fence_us=930 acquire_us=0 record_us=35 submit_us=93 present_us=154 terrain_lod=medium blend=0.000 quality=中画质 marker=36 npc=7
[2026-08-17T11:18:08Z INFO  steel_front] cam: yaw=-226.3 pitch=-3.5 dist=3.4 mode=FirstPerson cycle_us=3169 update_us=31 render_us=3137
[2026-08-17T11:18:08Z INFO  steel_front::engine::game] ai: npcs=1 near=1 far=0 idle=0 patrol=1 chase=0 attack=0 tactics=[0, 1, 0, 0, 0, 0, 0, 0]
[2026-08-17T11:18:08Z INFO  steel_front::engine::game] game: wave=1 enemies=1 enemy_hp=100 hp=5/100 score=50 phys_us=2 ai_us=426 audio_us=23 net_us=0
[2026-08-17T11:18:08Z INFO  steel_front::engine::renderer] visible=65536/65536 near=65536 far=0 fps=470.1 frame_us=1264 cull_us=0 terrain_us=359 wait_fence_us=1455 acquire_us=1 record_us=28 submit_us=25 present_us=161 terrain_lod=high blend=1.000 quality=中画质 marker=36 npc=7
[2026-08-17T11:18:09Z INFO  steel_front] cam: yaw=-226.3 pitch=-3.5 dist=3.4 mode=FirstPerson cycle_us=3022 update_us=24 render_us=2997
[2026-08-17T11:18:09Z INFO  steel_front::engine::game] ai: npcs=1 near=1 far=0 idle=0 patrol=1 chase=0 attack=0 tactics=[0, 1, 0, 0, 0, 0, 0, 0]
[2026-08-17T11:18:09Z INFO  steel_front::engine::game] game: wave=1 enemies=1 enemy_hp=100 hp=5/100 score=50 phys_us=1 ai_us=526 audio_us=18 net_us=0
[2026-08-17T11:18:09Z INFO  steel_front::engine::renderer] visible=65536/65536 near=65536 far=0 fps=370.5 frame_us=2084 cull_us=1 terrain_us=313 wait_fence_us=1322 acquire_us=1 record_us=41 submit_us=61 present_us=217 terrain_lod=high blend=0.997 quality=中画质 marker=36 npc=7
[2026-08-17T11:18:10Z INFO  steel_front] cam: yaw=-226.3 pitch=-3.5 dist=3.4 mode=FirstPerson cycle_us=2544 update_us=25 render_us=2519
[2026-08-17T11:18:10Z INFO  steel_front::engine::game] ai: npcs=1 near=1 far=0 idle=0 patrol=0 chase=1 attack=0 tactics=[0, 1, 0, 0, 0, 0, 0, 0]
[2026-08-17T11:18:10Z INFO  steel_front::engine::game] game: wave=1 enemies=1 enemy_hp=100 hp=5/100 score=50 phys_us=1 ai_us=437 audio_us=29 net_us=0
[2026-08-17T11:18:10Z INFO  steel_front::engine::renderer] visible=65536/65536 near=65536 far=0 fps=371.5 frame_us=1785 cull_us=0 terrain_us=251 wait_fence_us=1245 acquire_us=1 record_us=29 submit_us=49 present_us=150 terrain_lod=high blend=0.993 quality=中画质 marker=36 npc=7
[2026-08-17T11:18:10Z INFO  steel_front] size diag: window_inner=2560x1600 hud=2560x1600
[2026-08-17T11:18:10Z INFO  steel_front] size diag: window_inner=2560x1600 hud=2560x1600
[2026-08-17T11:18:10Z INFO  steel_front] size diag: window_inner=2560x1600 hud=2560x1600
[2026-08-17T11:18:10Z INFO  steel_front] size diag: window_inner=2560x1600 hud=2560x1600
[2026-08-17T11:18:10Z INFO  steel_front] size diag: window_inner=2560x1600 hud=2560x1600
[2026-08-17T11:18:10Z INFO  steel_front] size diag: window_inner=2560x1600 hud=2560x1600
[2026-08-17T11:18:10Z INFO  steel_front] size diag: window_inner=2560x1600 hud=2560x1600
[2026-08-17T11:18:10Z INFO  steel_front] size diag: window_inner=2560x1600 hud=2560x1600
[2026-08-17T11:18:10Z INFO  steel_front] size diag: window_inner=2560x1600 hud=2560x1600
[2026-08-17T11:18:10Z INFO  steel_front] size diag: window_inner=2560x1600 hud=2560x1600
[2026-08-17T11:18:10Z INFO  steel_front] size diag: window_inner=2560x1600 hud=2560x1600
[2026-08-17T11:18:10Z INFO  steel_front] size diag: window_inner=2560x1600 hud=2560x1600
[2026-08-17T11:18:10Z INFO  steel_front] size diag: window_inner=2560x1600 hud=2560x1600
[2026-08-17T11:18:10Z INFO  steel_front] size diag: window_inner=2560x1600 hud=2560x1600
[2026-08-17T11:18:10Z INFO  steel_front] size diag: window_inner=2560x1600 hud=2560x1600
[2026-08-17T11:18:10Z INFO  steel_front] size diag: window_inner=2560x1600 hud=2560x1600
[2026-08-17T11:18:10Z INFO  steel_front] size diag: window_inner=2560x1600 hud=2560x1600
[2026-08-17T11:18:10Z INFO  steel_front] size diag: window_inner=2560x1600 hud=2560x1600
[2026-08-17T11:18:10Z INFO  steel_front] size diag: window_inner=2560x1600 hud=2560x1600
[2026-08-17T11:18:11Z INFO  steel_front] cam: yaw=-226.3 pitch=-3.5 dist=3.4 mode=FirstPerson cycle_us=2932 update_us=28 render_us=2904
[2026-08-17T11:18:11Z INFO  steel_front::engine::game] ai: npcs=1 near=1 far=0 idle=0 patrol=0 chase=1 attack=0 tactics=[0, 1, 0, 0, 0, 0, 0, 0]
[2026-08-17T11:18:11Z INFO  steel_front::engine::game] game: wave=1 enemies=1 enemy_hp=100 hp=5/100 score=50 phys_us=1 ai_us=470 audio_us=17 net_us=0
[2026-08-17T11:18:11Z INFO  steel_front::engine::renderer] visible=65536/65536 near=65536 far=0 fps=370.9 frame_us=2080 cull_us=0 terrain_us=297 wait_fence_us=1530 acquire_us=1 record_us=29 submit_us=56 present_us=153 terrain_lod=high blend=0.989 quality=中画质 marker=36 npc=7
[2026-08-17T11:18:12Z INFO  steel_front] cam: yaw=-226.3 pitch=-3.5 dist=3.4 mode=FirstPerson cycle_us=2845 update_us=31 render_us=2812
[2026-08-17T11:18:12Z INFO  steel_front::engine::game] ai: npcs=1 near=1 far=0 idle=0 patrol=0 chase=1 attack=0 tactics=[0, 1, 0, 0, 0, 0, 0, 0]
[2026-08-17T11:18:12Z INFO  steel_front::engine::game] game: wave=1 enemies=1 enemy_hp=100 hp=5/100 score=50 phys_us=2 ai_us=595 audio_us=40 net_us=0
[2026-08-17T11:18:12Z INFO  steel_front::engine::renderer] visible=65536/65536 near=65536 far=0 fps=371.5 frame_us=1414 cull_us=0 terrain_us=292 wait_fence_us=1818 acquire_us=1 record_us=27 submit_us=22 present_us=198 terrain_lod=high blend=0.985 quality=中画质 marker=36 npc=7
[2026-08-17T11:18:13Z INFO  steel_front] cam: yaw=-226.3 pitch=-3.5 dist=3.4 mode=FirstPerson cycle_us=2891 update_us=26 render_us=2865
[2026-08-17T11:18:13Z INFO  steel_front::engine::game] ai: npcs=1 near=1 far=0 idle=0 patrol=0 chase=1 attack=0 tactics=[0, 1, 0, 0, 0, 0, 0, 0]
[2026-08-17T11:18:13Z INFO  steel_front::engine::game] game: wave=1 enemies=1 enemy_hp=100 hp=5/100 score=50 phys_us=2 ai_us=742 audio_us=16 net_us=0
[2026-08-17T11:18:13Z INFO  steel_front::engine::renderer] visible=65536/65536 near=65536 far=0 fps=372.2 frame_us=2280 cull_us=0 terrain_us=358 wait_fence_us=1086 acquire_us=1 record_us=28 submit_us=25 present_us=178 terrain_lod=high blend=0.982 quality=中画质 marker=36 npc=7
[2026-08-17T11:18:14Z INFO  steel_front] cam: yaw=-226.3 pitch=-3.5 dist=3.4 mode=FirstPerson cycle_us=2741 update_us=24 render_us=2716
[2026-08-17T11:18:14Z INFO  steel_front::engine::game] ai: npcs=1 near=1 far=0 idle=0 patrol=0 chase=1 attack=0 tactics=[0, 1, 0, 0, 0, 0, 0, 0]
[2026-08-17T11:18:14Z INFO  steel_front::engine::game] game: wave=1 enemies=1 enemy_hp=100 hp=5/100 score=50 phys_us=2 ai_us=427 audio_us=16 net_us=0
[2026-08-17T11:18:14Z INFO  steel_front::engine::renderer] visible=65536/65536 near=65536 far=0 fps=372.0 frame_us=1850 cull_us=0 terrain_us=337 wait_fence_us=1538 acquire_us=0 record_us=63 submit_us=50 present_us=210 terrain_lod=high blend=0.981 quality=中画质 marker=36 npc=7
[2026-08-17T11:18:15Z INFO  steel_front] cam: yaw=-226.3 pitch=-3.5 dist=3.4 mode=FirstPerson cycle_us=2710 update_us=46 render_us=2664
[2026-08-17T11:18:15Z INFO  steel_front::engine::game] ai: npcs=1 near=1 far=0 idle=0 patrol=0 chase=1 attack=0 tactics=[0, 0, 1, 0, 0, 0, 0, 0]
[2026-08-17T11:18:15Z INFO  steel_front::engine::game] game: wave=1 enemies=1 enemy_hp=100 hp=5/100 score=50 phys_us=1 ai_us=504 audio_us=27 net_us=0
[2026-08-17T11:18:15Z INFO  steel_front::engine::renderer] visible=65536/65536 near=65536 far=0 fps=371.6 frame_us=1767 cull_us=1 terrain_us=340 wait_fence_us=928 acquire_us=1 record_us=65 submit_us=50 present_us=208 terrain_lod=high blend=0.982 quality=中画质 marker=36 npc=7
[2026-08-17T11:18:15Z INFO  steel_front] size diag: window_inner=2560x1600 hud=2560x1600
[2026-08-17T11:18:15Z INFO  steel_front] size diag: window_inner=2560x1600 hud=2560x1600
[2026-08-17T11:18:15Z INFO  steel_front] size diag: window_inner=2560x1600 hud=2560x1600
[2026-08-17T11:18:15Z INFO  steel_front] size diag: window_inner=2560x1600 hud=2560x1600
[2026-08-17T11:18:15Z INFO  steel_front] size diag: window_inner=2560x1600 hud=2560x1600
[2026-08-17T11:18:15Z INFO  steel_front] size diag: window_inner=2560x1600 hud=2560x1600
[2026-08-17T11:18:15Z INFO  steel_front] size diag: window_inner=2560x1600 hud=2560x1600
[2026-08-17T11:18:15Z INFO  steel_front] size diag: window_inner=2560x1600 hud=2560x1600
[2026-08-17T11:18:15Z INFO  steel_front] size diag: window_inner=2560x1600 hud=2560x1600
[2026-08-17T11:18:15Z INFO  steel_front] size diag: window_inner=2560x1600 hud=2560x1600
[2026-08-17T11:18:15Z INFO  steel_front] size diag: window_inner=2560x1600 hud=2560x1600
[2026-08-17T11:18:15Z INFO  steel_front] size diag: window_inner=2560x1600 hud=2560x1600
[2026-08-17T11:18:15Z INFO  steel_front] size diag: window_inner=2560x1600 hud=2560x1600
[2026-08-17T11:18:15Z INFO  steel_front] size diag: window_inner=2560x1600 hud=2560x1600
[2026-08-17T11:18:15Z INFO  steel_front] size diag: window_inner=2560x1600 hud=2560x1600
[2026-08-17T11:18:15Z INFO  steel_front] size diag: window_inner=2560x1600 hud=2560x1600
[2026-08-17T11:18:15Z INFO  steel_front] size diag: window_inner=2560x1600 hud=2560x1600
[2026-08-17T11:18:15Z INFO  steel_front] size diag: window_inner=2560x1600 hud=2560x1600
[2026-08-17T11:18:16Z INFO  steel_front] cam: yaw=-226.3 pitch=-3.5 dist=3.4 mode=FirstPerson cycle_us=2582 update_us=32 render_us=2549
[2026-08-17T11:18:16Z INFO  steel_front::engine::game] ai: npcs=1 near=1 far=0 idle=0 patrol=0 chase=1 attack=0 tactics=[0, 0, 1, 0, 0, 0, 0, 0]
[2026-08-17T11:18:16Z INFO  steel_front::engine::game] game: wave=1 enemies=1 enemy_hp=100 hp=5/100 score=50 phys_us=2 ai_us=442 audio_us=23 net_us=0
[2026-08-17T11:18:16Z INFO  steel_front::engine::renderer] visible=65536/65536 near=65536 far=0 fps=364.1 frame_us=1837 cull_us=0 terrain_us=329 wait_fence_us=1157 acquire_us=1 record_us=41 submit_us=33 present_us=269 terrain_lod=high blend=0.985 quality=中画质 marker=36 npc=7
[2026-08-17T11:18:17Z INFO  steel_front] cam: yaw=-226.3 pitch=-3.5 dist=3.4 mode=FirstPerson cycle_us=2560 update_us=25 render_us=2535
[2026-08-17T11:18:17Z INFO  steel_front::engine::game] ai: npcs=1 near=1 far=0 idle=0 patrol=0 chase=1 attack=0 tactics=[0, 0, 1, 0, 0, 0, 0, 0]
[2026-08-17T11:18:17Z INFO  steel_front::engine::game] game: wave=1 enemies=1 enemy_hp=100 hp=5/100 score=50 phys_us=1 ai_us=465 audio_us=16 net_us=0
[2026-08-17T11:18:17Z INFO  steel_front::engine::renderer] visible=65536/65536 near=65536 far=0 fps=365.1 frame_us=2447 cull_us=0 terrain_us=366 wait_fence_us=473 acquire_us=1 record_us=63 submit_us=51 present_us=241 terrain_lod=high blend=0.991 quality=中画质 marker=36 npc=7
[2026-08-17T11:18:18Z INFO  steel_front] cam: yaw=-226.3 pitch=-3.5 dist=3.4 mode=FirstPerson cycle_us=2606 update_us=25 render_us=2580
[2026-08-17T11:18:18Z INFO  steel_front::engine::game] ai: npcs=1 near=1 far=0 idle=0 patrol=0 chase=1 attack=0 tactics=[0, 0, 1, 0, 0, 0, 0, 0]
[2026-08-17T11:18:18Z INFO  steel_front::engine::game] game: wave=1 enemies=1 enemy_hp=100 hp=5/100 score=50 phys_us=2 ai_us=488 audio_us=23 net_us=0
[2026-08-17T11:18:18Z INFO  steel_front::engine::renderer] visible=65536/65536 near=65536 far=0 fps=370.2 frame_us=1546 cull_us=0 terrain_us=391 wait_fence_us=1625 acquire_us=1 record_us=25 submit_us=20 present_us=163 terrain_lod=high blend=0.996 quality=中画质 marker=36 npc=7
[2026-08-17T11:18:19Z INFO  steel_front] cam: yaw=-226.3 pitch=-3.5 dist=3.4 mode=FirstPerson cycle_us=3050 update_us=23 render_us=3026
[2026-08-17T11:18:19Z INFO  steel_front::engine::game] ai: npcs=1 near=1 far=0 idle=0 patrol=0 chase=1 attack=0 tactics=[0, 0, 1, 0, 0, 0, 0, 0]
[2026-08-17T11:18:19Z INFO  steel_front::engine::game] game: wave=1 enemies=1 enemy_hp=100 hp=5/100 score=50 phys_us=2 ai_us=470 audio_us=17 net_us=0
[2026-08-17T11:18:19Z INFO  steel_front::engine::renderer] visible=65536/65536 near=65536 far=0 fps=371.5 frame_us=1800 cull_us=0 terrain_us=518 wait_fence_us=1485 acquire_us=1 record_us=56 submit_us=53 present_us=221 terrain_lod=high blend=1.000 quality=中画质 marker=36 npc=7
[2026-08-17T11:18:20Z INFO  steel_front] cam: yaw=-226.3 pitch=-3.5 dist=3.4 mode=FirstPerson cycle_us=2513 update_us=23 render_us=2490
[2026-08-17T11:18:20Z INFO  steel_front::engine::game] ai: npcs=1 near=1 far=0 idle=0 patrol=0 chase=1 attack=0 tactics=[0, 0, 1, 0, 0, 0, 0, 0]
[2026-08-17T11:18:20Z INFO  steel_front::engine::game] game: wave=1 enemies=1 enemy_hp=100 hp=5/100 score=50 phys_us=1 ai_us=427 audio_us=16 net_us=0
[2026-08-17T11:18:20Z INFO  steel_front::engine::renderer] visible=65536/65536 near=65536 far=0 fps=422.2 frame_us=2177 cull_us=1 terrain_us=272 wait_fence_us=1262 acquire_us=1 record_us=42 submit_us=43 present_us=227 terrain_lod=high blend=0.987 quality=中画质 marker=36 npc=7
[2026-08-17T11:18:20Z INFO  steel_front] size diag: window_inner=2560x1600 hud=2560x1600
[2026-08-17T11:18:20Z INFO  steel_front] size diag: window_inner=2560x1600 hud=2560x1600
[2026-08-17T11:18:20Z INFO  steel_front] size diag: window_inner=2560x1600 hud=2560x1600
[2026-08-17T11:18:20Z INFO  steel_front] size diag: window_inner=2560x1600 hud=2560x1600
[2026-08-17T11:18:20Z INFO  steel_front] size diag: window_inner=2560x1600 hud=2560x1600
[2026-08-17T11:18:20Z INFO  steel_front] size diag: window_inner=2560x1600 hud=2560x1600
[2026-08-17T11:18:20Z INFO  steel_front] size diag: window_inner=2560x1600 hud=2560x1600
[2026-08-17T11:18:20Z INFO  steel_front] size diag: window_inner=2560x1600 hud=2560x1600
[2026-08-17T11:18:20Z INFO  steel_front] size diag: window_inner=2560x1600 hud=2560x1600
[2026-08-17T11:18:20Z INFO  steel_front] size diag: window_inner=2560x1600 hud=2560x1600
[2026-08-17T11:18:20Z INFO  steel_front] size diag: window_inner=2560x1600 hud=2560x1600
[2026-08-17T11:18:20Z INFO  steel_front] size diag: window_inner=2560x1600 hud=2560x1600
[2026-08-17T11:18:20Z INFO  steel_front] size diag: window_inner=2560x1600 hud=2560x1600
[2026-08-17T11:18:20Z INFO  steel_front] size diag: window_inner=2560x1600 hud=2560x1600
[2026-08-17T11:18:20Z INFO  steel_front] size diag: window_inner=2560x1600 hud=2560x1600
[2026-08-17T11:18:20Z INFO  steel_front] size diag: window_inner=2560x1600 hud=2560x1600
[2026-08-17T11:18:20Z INFO  steel_front] size diag: window_inner=2560x1600 hud=2560x1600
[2026-08-17T11:18:20Z INFO  steel_front] size diag: window_inner=2560x1600 hud=2560x1600
[2026-08-17T11:18:21Z INFO  steel_front] cam: yaw=-226.3 pitch=-3.5 dist=3.4 mode=FirstPerson cycle_us=1926 update_us=35 render_us=1891
[2026-08-17T11:18:21Z INFO  steel_front::engine::game] ai: npcs=1 near=1 far=0 idle=0 patrol=0 chase=1 attack=0 tactics=[0, 0, 1, 0, 0, 0, 0, 0]
[2026-08-17T11:18:21Z INFO  steel_front::engine::game] game: wave=1 enemies=1 enemy_hp=100 hp=5/100 score=50 phys_us=1 ai_us=533 audio_us=19 net_us=0
[2026-08-17T11:18:21Z INFO  steel_front::engine::renderer] visible=65536/65536 near=65536 far=0 fps=368.9 frame_us=2219 cull_us=0 terrain_us=268 wait_fence_us=991 acquire_us=1 record_us=40 submit_us=40 present_us=236 terrain_lod=high blend=0.910 quality=中画质 marker=36 npc=7
[2026-08-17T11:18:22Z INFO  steel_front] cam: yaw=-226.3 pitch=-3.5 dist=3.4 mode=FirstPerson cycle_us=2307 update_us=42 render_us=2265
[2026-08-17T11:18:22Z INFO  steel_front::engine::game] ai: npcs=1 near=1 far=0 idle=0 patrol=0 chase=1 attack=0 tactics=[0, 0, 1, 0, 0, 0, 0, 0]
[2026-08-17T11:18:22Z INFO  steel_front::engine::game] game: wave=1 enemies=1 enemy_hp=100 hp=5/100 score=50 phys_us=1 ai_us=456 audio_us=27 net_us=0
[2026-08-17T11:18:22Z INFO  steel_front::engine::renderer] visible=65536/65536 near=65536 far=0 fps=369.2 frame_us=1639 cull_us=1 terrain_us=370 wait_fence_us=1813 acquire_us=1 record_us=54 submit_us=31 present_us=148 terrain_lod=high blend=0.793 quality=中画质 marker=36 npc=7
[2026-08-17T11:18:23Z INFO  steel_front::engine::game] npc: #11 stand (-70.9, 0.0, -47.7)
[2026-08-17T11:18:23Z INFO  steel_front::engine::game] game: player down, score=50 wave=1 (GameOver: gameplay frozen, projectiles coast without kills)
[2026-08-17T11:18:23Z INFO  steel_front] input: cursor released
[2026-08-17T11:18:23Z INFO  steel_front] cam: yaw=-226.3 pitch=-3.5 dist=3.4 mode=FirstPerson cycle_us=2636 update_us=40 render_us=2596
[2026-08-17T11:18:23Z INFO  steel_front::engine::game] game: wave=1 enemies=1 enemy_hp=100 hp=0/100 score=50 phys_us=1 ai_us=0 audio_us=26 net_us=0
[2026-08-17T11:18:23Z INFO  steel_front::engine::renderer] visible=65536/65536 near=65536 far=0 fps=367.4 frame_us=3064 cull_us=0 terrain_us=418 wait_fence_us=1860 acquire_us=1 record_us=96 submit_us=63 present_us=249 terrain_lod=high blend=0.710 quality=中画质 marker=60 npc=7
[2026-08-17T11:18:24Z INFO  steel_front] cam: yaw=-226.3 pitch=-3.5 dist=3.4 mode=FirstPerson cycle_us=2828 update_us=17 render_us=2811
[2026-08-17T11:18:24Z INFO  steel_front::engine::game] game: wave=1 enemies=1 enemy_hp=100 hp=0/100 score=50 phys_us=1 ai_us=0 audio_us=25 net_us=0
[2026-08-17T11:18:24Z INFO  steel_front::engine::renderer] visible=65536/65536 near=65536 far=0 fps=364.7 frame_us=2405 cull_us=0 terrain_us=339 wait_fence_us=2233 acquire_us=1 record_us=50 submit_us=49 present_us=125 terrain_lod=high blend=0.710 quality=中画质 marker=36 npc=7
[2026-08-17T11:18:25Z INFO  steel_front] cam: yaw=-226.3 pitch=-3.5 dist=3.4 mode=FirstPerson cycle_us=2915 update_us=20 render_us=2894
[2026-08-17T11:18:25Z INFO  steel_front::engine::game] game: wave=1 enemies=1 enemy_hp=100 hp=0/100 score=50 phys_us=3 ai_us=0 audio_us=18 net_us=0
[2026-08-17T11:18:25Z INFO  steel_front::engine::renderer] visible=65536/65536 near=65536 far=0 fps=361.7 frame_us=2137 cull_us=0 terrain_us=392 wait_fence_us=2263 acquire_us=1 record_us=52 submit_us=72 present_us=170 terrain_lod=high blend=0.710 quality=中画质 marker=61 npc=7
[2026-08-17T11:18:25Z INFO  steel_front] size diag: window_inner=2560x1600 hud=2560x1600
[2026-08-17T11:18:25Z INFO  steel_front] size diag: window_inner=2560x1600 hud=2560x1600
[2026-08-17T11:18:25Z INFO  steel_front] size diag: window_inner=2560x1600 hud=2560x1600
[2026-08-17T11:18:25Z INFO  steel_front] size diag: window_inner=2560x1600 hud=2560x1600
[2026-08-17T11:18:25Z INFO  steel_front] size diag: window_inner=2560x1600 hud=2560x1600
[2026-08-17T11:18:25Z INFO  steel_front] size diag: window_inner=2560x1600 hud=2560x1600
[2026-08-17T11:18:25Z INFO  steel_front] size diag: window_inner=2560x1600 hud=2560x1600
[2026-08-17T11:18:25Z INFO  steel_front] size diag: window_inner=2560x1600 hud=2560x1600
[2026-08-17T11:18:25Z INFO  steel_front] size diag: window_inner=2560x1600 hud=2560x1600
[2026-08-17T11:18:25Z INFO  steel_front] size diag: window_inner=2560x1600 hud=2560x1600
[2026-08-17T11:18:25Z INFO  steel_front] size diag: window_inner=2560x1600 hud=2560x1600
[2026-08-17T11:18:25Z INFO  steel_front] size diag: window_inner=2560x1600 hud=2560x1600
[2026-08-17T11:18:25Z INFO  steel_front] size diag: window_inner=2560x1600 hud=2560x1600
[2026-08-17T11:18:25Z INFO  steel_front] size diag: window_inner=2560x1600 hud=2560x1600
[2026-08-17T11:18:25Z INFO  steel_front] size diag: window_inner=2560x1600 hud=2560x1600
[2026-08-17T11:18:25Z INFO  steel_front] size diag: window_inner=2560x1600 hud=2560x1600
[2026-08-17T11:18:25Z INFO  steel_front] size diag: window_inner=2560x1600 hud=2560x1600
[2026-08-17T11:18:25Z INFO  steel_front] size diag: window_inner=2560x1600 hud=2560x1600
[2026-08-17T11:18:26Z INFO  steel_front] cam: yaw=-226.3 pitch=-3.5 dist=3.4 mode=FirstPerson cycle_us=2961 update_us=27 render_us=2933
[2026-08-17T11:18:26Z INFO  steel_front::engine::game] game: wave=1 enemies=1 enemy_hp=100 hp=0/100 score=50 phys_us=2 ai_us=0 audio_us=20 net_us=0
[2026-08-17T11:18:26Z INFO  steel_front::engine::renderer] visible=65536/65536 near=65536 far=0 fps=361.7 frame_us=2713 cull_us=0 terrain_us=398 wait_fence_us=1825 acquire_us=1 record_us=54 submit_us=56 present_us=219 terrain_lod=high blend=0.710 quality=中画质 marker=36 npc=7
[2026-08-17T11:18:27Z INFO  steel_front] cam: yaw=-226.3 pitch=-3.5 dist=3.4 mode=FirstPerson cycle_us=2506 update_us=28 render_us=2477
[2026-08-17T11:18:27Z INFO  steel_front::engine::game] game: wave=1 enemies=1 enemy_hp=100 hp=0/100 score=50 phys_us=2 ai_us=0 audio_us=32 net_us=0
[2026-08-17T11:18:27Z INFO  steel_front::engine::renderer] visible=65536/65536 near=65536 far=0 fps=360.7 frame_us=2522 cull_us=0 terrain_us=267 wait_fence_us=1595 acquire_us=0 record_us=61 submit_us=74 present_us=228 terrain_lod=high blend=0.710 quality=中画质 marker=61 npc=7
[2026-08-17T11:18:28Z INFO  steel_front] cam: yaw=-226.3 pitch=-3.5 dist=3.4 mode=FirstPerson cycle_us=2995 update_us=20 render_us=2975
[2026-08-17T11:18:28Z INFO  steel_front::engine::game] game: wave=1 enemies=1 enemy_hp=100 hp=0/100 score=50 phys_us=1 ai_us=0 audio_us=28 net_us=0
[2026-08-17T11:18:28Z INFO  steel_front::engine::renderer] visible=65536/65536 near=65536 far=0 fps=363.0 frame_us=2469 cull_us=0 terrain_us=342 wait_fence_us=1808 acquire_us=1 record_us=71 submit_us=50 present_us=123 terrain_lod=high blend=0.710 quality=中画质 marker=36 npc=7
[2026-08-17T11:18:29Z INFO  steel_front] cam: yaw=-226.3 pitch=-3.5 dist=3.4 mode=FirstPerson cycle_us=2652 update_us=17 render_us=2634
[2026-08-17T11:18:29Z INFO  steel_front::engine::game] game: wave=1 enemies=1 enemy_hp=100 hp=0/100 score=50 phys_us=2 ai_us=0 audio_us=14 net_us=0
[2026-08-17T11:18:29Z INFO  steel_front::engine::renderer] visible=65536/65536 near=65536 far=0 fps=362.8 frame_us=2579 cull_us=0 terrain_us=313 wait_fence_us=2033 acquire_us=1 record_us=79 submit_us=43 present_us=213 terrain_lod=high blend=0.710 quality=中画质 marker=61 npc=7
[2026-08-17T11:18:30Z INFO  steel_front] cam: yaw=-226.3 pitch=-3.5 dist=3.4 mode=FirstPerson cycle_us=2608 update_us=27 render_us=2580
[2026-08-17T11:18:30Z INFO  steel_front::engine::game] game: wave=1 enemies=1 enemy_hp=100 hp=0/100 score=50 phys_us=2 ai_us=0 audio_us=14 net_us=0
[2026-08-17T11:18:30Z INFO  steel_front::engine::renderer] visible=65536/65536 near=65536 far=0 fps=363.0 frame_us=2466 cull_us=0 terrain_us=346 wait_fence_us=1930 acquire_us=1 record_us=88 submit_us=52 present_us=207 terrain_lod=high blend=0.710 quality=中画质 marker=36 npc=7
[2026-08-17T11:18:30Z INFO  steel_front] size diag: window_inner=2560x1600 hud=2560x1600
[2026-08-17T11:18:30Z INFO  steel_front] size diag: window_inner=2560x1600 hud=2560x1600
[2026-08-17T11:18:30Z INFO  steel_front] size diag: window_inner=2560x1600 hud=2560x1600
[2026-08-17T11:18:30Z INFO  steel_front] size diag: window_inner=2560x1600 hud=2560x1600
[2026-08-17T11:18:30Z INFO  steel_front] size diag: window_inner=2560x1600 hud=2560x1600
[2026-08-17T11:18:30Z INFO  steel_front] size diag: window_inner=2560x1600 hud=2560x1600
[2026-08-17T11:18:30Z INFO  steel_front] size diag: window_inner=2560x1600 hud=2560x1600
[2026-08-17T11:18:30Z INFO  steel_front] size diag: window_inner=2560x1600 hud=2560x1600
[2026-08-17T11:18:30Z INFO  steel_front] size diag: window_inner=2560x1600 hud=2560x1600
[2026-08-17T11:18:30Z INFO  steel_front] size diag: window_inner=2560x1600 hud=2560x1600
[2026-08-17T11:18:30Z INFO  steel_front] size diag: window_inner=2560x1600 hud=2560x1600
[2026-08-17T11:18:30Z INFO  steel_front] size diag: window_inner=2560x1600 hud=2560x1600
[2026-08-17T11:18:30Z INFO  steel_front] size diag: window_inner=2560x1600 hud=2560x1600
[2026-08-17T11:18:30Z INFO  steel_front] size diag: window_inner=2560x1600 hud=2560x1600
[2026-08-17T11:18:30Z INFO  steel_front] size diag: window_inner=2560x1600 hud=2560x1600
[2026-08-17T11:18:30Z INFO  steel_front] size diag: window_inner=2560x1600 hud=2560x1600
[2026-08-17T11:18:30Z INFO  steel_front] size diag: window_inner=2560x1600 hud=2560x1600
[2026-08-17T11:18:30Z INFO  steel_front] size diag: window_inner=2560x1600 hud=2560x1600
[2026-08-17T11:18:31Z INFO  steel_front] cam: yaw=-226.3 pitch=-3.5 dist=3.4 mode=FirstPerson cycle_us=2804 update_us=18 render_us=2785
[2026-08-17T11:18:31Z INFO  steel_front::engine::game] game: wave=1 enemies=1 enemy_hp=100 hp=0/100 score=50 phys_us=1 ai_us=0 audio_us=16 net_us=0
[2026-08-17T11:18:31Z INFO  steel_front::engine::renderer] visible=65536/65536 near=65536 far=0 fps=362.8 frame_us=2391 cull_us=0 terrain_us=411 wait_fence_us=1987 acquire_us=1 record_us=90 submit_us=62 present_us=232 terrain_lod=high blend=0.710 quality=中画质 marker=61 npc=7
[2026-08-17T11:18:32Z INFO  steel_front] cam: yaw=-226.3 pitch=-3.5 dist=3.4 mode=FirstPerson cycle_us=2839 update_us=35 render_us=2804
[2026-08-17T11:18:32Z INFO  steel_front::engine::game] game: wave=1 enemies=1 enemy_hp=100 hp=0/100 score=50 phys_us=1 ai_us=0 audio_us=13 net_us=0
[2026-08-17T11:18:32Z INFO  steel_front::engine::renderer] visible=65536/65536 near=65536 far=0 fps=363.6 frame_us=2601 cull_us=1 terrain_us=503 wait_fence_us=1971 acquire_us=1 record_us=54 submit_us=42 present_us=140 terrain_lod=high blend=0.710 quality=中画质 marker=36 npc=7
[2026-08-17T11:18:33Z INFO  steel_front] cam: yaw=-226.3 pitch=-3.5 dist=3.4 mode=FirstPerson cycle_us=2724 update_us=20 render_us=2703
[2026-08-17T11:18:33Z INFO  steel_front::engine::game] game: wave=1 enemies=1 enemy_hp=100 hp=0/100 score=50 phys_us=1 ai_us=0 audio_us=26 net_us=0
[2026-08-17T11:18:33Z INFO  steel_front::engine::renderer] visible=65536/65536 near=65536 far=0 fps=362.0 frame_us=2187 cull_us=0 terrain_us=302 wait_fence_us=2242 acquire_us=1 record_us=31 submit_us=45 present_us=142 terrain_lod=high blend=0.710 quality=中画质 marker=61 npc=7
[2026-08-17T11:18:34Z INFO  steel_front] cam: yaw=-226.3 pitch=-3.5 dist=3.4 mode=FirstPerson cycle_us=2844 update_us=34 render_us=2809
[2026-08-17T11:18:34Z INFO  steel_front::engine::game] game: wave=1 enemies=1 enemy_hp=100 hp=0/100 score=50 phys_us=2 ai_us=0 audio_us=14 net_us=0
[2026-08-17T11:18:34Z INFO  steel_front::engine::renderer] visible=65536/65536 near=65536 far=0 fps=363.1 frame_us=2582 cull_us=0 terrain_us=310 wait_fence_us=1645 acquire_us=1 record_us=59 submit_us=60 present_us=226 terrain_lod=high blend=0.710 quality=中画质 marker=36 npc=7
[2026-08-17T11:18:35Z INFO  steel_front] cam: yaw=-226.3 pitch=-3.5 dist=3.4 mode=FirstPerson cycle_us=2735 update_us=32 render_us=2703
[2026-08-17T11:18:35Z INFO  steel_front::engine::game] game: wave=1 enemies=1 enemy_hp=100 hp=0/100 score=50 phys_us=2 ai_us=0 audio_us=26 net_us=0
[2026-08-17T11:18:35Z INFO  steel_front::engine::renderer] visible=65536/65536 near=65536 far=0 fps=362.2 frame_us=2369 cull_us=0 terrain_us=330 wait_fence_us=2113 acquire_us=1 record_us=50 submit_us=64 present_us=185 terrain_lod=high blend=0.710 quality=中画质 marker=61 npc=7
[2026-08-17T11:18:35Z INFO  steel_front] size diag: window_inner=2560x1600 hud=2560x1600
[2026-08-17T11:18:35Z INFO  steel_front] size diag: window_inner=2560x1600 hud=2560x1600
[2026-08-17T11:18:35Z INFO  steel_front] size diag: window_inner=2560x1600 hud=2560x1600
[2026-08-17T11:18:35Z INFO  steel_front] size diag: window_inner=2560x1600 hud=2560x1600
[2026-08-17T11:18:35Z INFO  steel_front] size diag: window_inner=2560x1600 hud=2560x1600
[2026-08-17T11:18:35Z INFO  steel_front] size diag: window_inner=2560x1600 hud=2560x1600
[2026-08-17T11:18:35Z INFO  steel_front] size diag: window_inner=2560x1600 hud=2560x1600
[2026-08-17T11:18:35Z INFO  steel_front] size diag: window_inner=2560x1600 hud=2560x1600
[2026-08-17T11:18:35Z INFO  steel_front] size diag: window_inner=2560x1600 hud=2560x1600
[2026-08-17T11:18:35Z INFO  steel_front] size diag: window_inner=2560x1600 hud=2560x1600
[2026-08-17T11:18:35Z INFO  steel_front] size diag: window_inner=2560x1600 hud=2560x1600
[2026-08-17T11:18:35Z INFO  steel_front] size diag: window_inner=2560x1600 hud=2560x1600
[2026-08-17T11:18:35Z INFO  steel_front] size diag: window_inner=2560x1600 hud=2560x1600
[2026-08-17T11:18:35Z INFO  steel_front] size diag: window_inner=2560x1600 hud=2560x1600
[2026-08-17T11:18:35Z INFO  steel_front] size diag: window_inner=2560x1600 hud=2560x1600
[2026-08-17T11:18:35Z INFO  steel_front] size diag: window_inner=2560x1600 hud=2560x1600
[2026-08-17T11:18:35Z INFO  steel_front] size diag: window_inner=2560x1600 hud=2560x1600
[2026-08-17T11:18:36Z INFO  steel_front] cam: yaw=-226.3 pitch=-3.5 dist=3.4 mode=FirstPerson cycle_us=2851 update_us=21 render_us=2829
[2026-08-17T11:18:36Z INFO  steel_front::engine::game] game: wave=1 enemies=1 enemy_hp=100 hp=0/100 score=50 phys_us=1 ai_us=0 audio_us=26 net_us=0
[2026-08-17T11:18:36Z INFO  steel_front::engine::renderer] visible=65536/65536 near=65536 far=0 fps=361.5 frame_us=2357 cull_us=0 terrain_us=395 wait_fence_us=2540 acquire_us=1 record_us=77 submit_us=41 present_us=201 terrain_lod=high blend=0.710 quality=中画质 marker=36 npc=7
[2026-08-17T11:18:37Z INFO  steel_front] cam: yaw=-226.3 pitch=-3.5 dist=3.4 mode=FirstPerson cycle_us=2516 update_us=35 render_us=2480
[2026-08-17T11:18:37Z INFO  steel_front::engine::game] game: wave=1 enemies=1 enemy_hp=100 hp=0/100 score=50 phys_us=1 ai_us=0 audio_us=14 net_us=0
[2026-08-17T11:18:37Z INFO  steel_front::engine::renderer] visible=65536/65536 near=65536 far=0 fps=362.8 frame_us=2273 cull_us=0 terrain_us=383 wait_fence_us=1732 acquire_us=1 record_us=67 submit_us=47 present_us=187 terrain_lod=high blend=0.710 quality=中画质 marker=60 npc=7
[2026-08-17T11:18:38Z INFO  steel_front] cam: yaw=-226.3 pitch=-3.5 dist=3.4 mode=FirstPerson cycle_us=2339 update_us=21 render_us=2318
[2026-08-17T11:18:38Z INFO  steel_front::engine::game] game: wave=1 enemies=1 enemy_hp=100 hp=0/100 score=50 phys_us=2 ai_us=0 audio_us=13 net_us=0
[2026-08-17T11:18:38Z INFO  steel_front::engine::renderer] visible=65536/65536 near=65536 far=0 fps=362.8 frame_us=2697 cull_us=0 terrain_us=293 wait_fence_us=1618 acquire_us=0 record_us=64 submit_us=61 present_us=223 terrain_lod=high blend=0.710 quality=中画质 marker=36 npc=7
[2026-08-17T11:18:39Z INFO  steel_front] cam: yaw=-226.3 pitch=-3.5 dist=3.4 mode=FirstPerson cycle_us=3124 update_us=20 render_us=3103
[2026-08-17T11:18:39Z INFO  steel_front::engine::game] game: wave=1 enemies=1 enemy_hp=100 hp=0/100 score=50 phys_us=1 ai_us=0 audio_us=13 net_us=0
[2026-08-17T11:18:39Z INFO  steel_front::engine::renderer] visible=65536/65536 near=65536 far=0 fps=363.3 frame_us=2333 cull_us=0 terrain_us=306 wait_fence_us=2066 acquire_us=1 record_us=52 submit_us=63 present_us=206 terrain_lod=high blend=0.710 quality=中画质 marker=61 npc=7
[2026-08-17T11:18:40Z INFO  steel_front] cam: yaw=-226.3 pitch=-3.5 dist=3.4 mode=FirstPerson cycle_us=2757 update_us=27 render_us=2729
[2026-08-17T11:18:40Z INFO  steel_front::engine::game] game: wave=1 enemies=1 enemy_hp=100 hp=0/100 score=50 phys_us=1 ai_us=0 audio_us=14 net_us=0
[2026-08-17T11:18:40Z INFO  steel_front::engine::renderer] visible=65536/65536 near=65536 far=0 fps=362.6 frame_us=2457 cull_us=0 terrain_us=362 wait_fence_us=2056 acquire_us=1 record_us=30 submit_us=62 present_us=201 terrain_lod=high blend=0.710 quality=中画质 marker=36 npc=7
[2026-08-17T11:18:40Z INFO  steel_front] size diag: window_inner=2560x1600 hud=2560x1600
[2026-08-17T11:18:40Z INFO  steel_front] size diag: window_inner=2560x1600 hud=2560x1600
[2026-08-17T11:18:40Z INFO  steel_front] size diag: window_inner=2560x1600 hud=2560x1600
[2026-08-17T11:18:40Z INFO  steel_front] size diag: window_inner=2560x1600 hud=2560x1600
[2026-08-17T11:18:40Z INFO  steel_front] size diag: window_inner=2560x1600 hud=2560x1600
[2026-08-17T11:18:40Z INFO  steel_front] size diag: window_inner=2560x1600 hud=2560x1600
[2026-08-17T11:18:40Z INFO  steel_front] size diag: window_inner=2560x1600 hud=2560x1600
[2026-08-17T11:18:40Z INFO  steel_front] size diag: window_inner=2560x1600 hud=2560x1600
[2026-08-17T11:18:40Z INFO  steel_front] size diag: window_inner=2560x1600 hud=2560x1600
[2026-08-17T11:18:40Z INFO  steel_front] size diag: window_inner=2560x1600 hud=2560x1600
[2026-08-17T11:18:40Z INFO  steel_front] size diag: window_inner=2560x1600 hud=2560x1600
[2026-08-17T11:18:40Z INFO  steel_front] size diag: window_inner=2560x1600 hud=2560x1600
[2026-08-17T11:18:40Z INFO  steel_front] size diag: window_inner=2560x1600 hud=2560x1600
[2026-08-17T11:18:40Z INFO  steel_front] size diag: window_inner=2560x1600 hud=2560x1600
[2026-08-17T11:18:40Z INFO  steel_front] size diag: window_inner=2560x1600 hud=2560x1600
[2026-08-17T11:18:40Z INFO  steel_front] size diag: window_inner=2560x1600 hud=2560x1600
[2026-08-17T11:18:40Z INFO  steel_front] size diag: window_inner=2560x1600 hud=2560x1600
[2026-08-17T11:18:40Z INFO  steel_front] size diag: window_inner=2560x1600 hud=2560x1600
[2026-08-17T11:18:41Z INFO  steel_front] cam: yaw=-226.3 pitch=-3.5 dist=3.4 mode=FirstPerson cycle_us=2366 update_us=35 render_us=2331
[2026-08-17T11:18:41Z INFO  steel_front::engine::game] game: wave=1 enemies=1 enemy_hp=100 hp=0/100 score=50 phys_us=1 ai_us=0 audio_us=29 net_us=0
[2026-08-17T11:18:41Z INFO  steel_front::engine::renderer] visible=65536/65536 near=65536 far=0 fps=364.1 frame_us=2778 cull_us=0 terrain_us=295 wait_fence_us=1962 acquire_us=1 record_us=41 submit_us=35 present_us=190 terrain_lod=high blend=0.710 quality=中画质 marker=61 npc=7
[2026-08-17T11:18:42Z INFO  steel_front] cam: yaw=-226.3 pitch=-3.5 dist=3.4 mode=FirstPerson cycle_us=2391 update_us=34 render_us=2357
[2026-08-17T11:18:42Z INFO  steel_front::engine::game] game: wave=1 enemies=1 enemy_hp=100 hp=0/100 score=50 phys_us=1 ai_us=0 audio_us=28 net_us=0
[2026-08-17T11:18:42Z INFO  steel_front::engine::renderer] visible=65536/65536 near=65536 far=0 fps=362.1 frame_us=2344 cull_us=0 terrain_us=341 wait_fence_us=2013 acquire_us=1 record_us=70 submit_us=57 present_us=203 terrain_lod=high blend=0.710 quality=中画质 marker=36 npc=7
[2026-08-17T11:18:43Z INFO  steel_front] cam: yaw=-226.3 pitch=-3.5 dist=3.4 mode=FirstPerson cycle_us=2663 update_us=24 render_us=2639
[2026-08-17T11:18:43Z INFO  steel_front::engine::game] game: wave=1 enemies=1 enemy_hp=100 hp=0/100 score=50 phys_us=1 ai_us=0 audio_us=14 net_us=0
[2026-08-17T11:18:43Z INFO  steel_front::engine::renderer] visible=65536/65536 near=65536 far=0 fps=363.4 frame_us=2886 cull_us=0 terrain_us=283 wait_fence_us=1604 acquire_us=0 record_us=64 submit_us=61 present_us=217 terrain_lod=high blend=0.710 quality=中画质 marker=61 npc=7
[2026-08-17T11:18:44Z INFO  steel_front] cam: yaw=-226.3 pitch=-3.5 dist=3.4 mode=FirstPerson cycle_us=2385 update_us=34 render_us=2350
[2026-08-17T11:18:44Z INFO  steel_front::engine::game] game: wave=1 enemies=1 enemy_hp=100 hp=0/100 score=50 phys_us=2 ai_us=0 audio_us=14 net_us=0
[2026-08-17T11:18:44Z INFO  steel_front::engine::renderer] visible=65536/65536 near=65536 far=0 fps=363.0 frame_us=2542 cull_us=0 terrain_us=390 wait_fence_us=2059 acquire_us=1 record_us=63 submit_us=64 present_us=148 terrain_lod=high blend=0.710 quality=中画质 marker=36 npc=7
[2026-08-17T11:18:45Z INFO  steel_front] cam: yaw=-226.3 pitch=-3.5 dist=3.4 mode=FirstPerson cycle_us=2809 update_us=23 render_us=2786
[2026-08-17T11:18:45Z INFO  steel_front::engine::game] game: wave=1 enemies=1 enemy_hp=100 hp=0/100 score=50 phys_us=1 ai_us=0 audio_us=14 net_us=0
[2026-08-17T11:18:45Z INFO  steel_front::engine::renderer] visible=65536/65536 near=65536 far=0 fps=363.6 frame_us=2529 cull_us=0 terrain_us=286 wait_fence_us=1716 acquire_us=1 record_us=61 submit_us=63 present_us=213 terrain_lod=high blend=0.710 quality=中画质 marker=61 npc=7
[2026-08-17T11:18:45Z INFO  steel_front] size diag: window_inner=2560x1600 hud=2560x1600
[2026-08-17T11:18:45Z INFO  steel_front] size diag: window_inner=2560x1600 hud=2560x1600
[2026-08-17T11:18:45Z INFO  steel_front] size diag: window_inner=2560x1600 hud=2560x1600
[2026-08-17T11:18:45Z INFO  steel_front] size diag: window_inner=2560x1600 hud=2560x1600
[2026-08-17T11:18:45Z INFO  steel_front] size diag: window_inner=2560x1600 hud=2560x1600
[2026-08-17T11:18:45Z INFO  steel_front] size diag: window_inner=2560x1600 hud=2560x1600
[2026-08-17T11:18:45Z INFO  steel_front] size diag: window_inner=2560x1600 hud=2560x1600
[2026-08-17T11:18:45Z INFO  steel_front] size diag: window_inner=2560x1600 hud=2560x1600
[2026-08-17T11:18:45Z INFO  steel_front] size diag: window_inner=2560x1600 hud=2560x1600
[2026-08-17T11:18:45Z INFO  steel_front] size diag: window_inner=2560x1600 hud=2560x1600
[2026-08-17T11:18:45Z INFO  steel_front] size diag: window_inner=2560x1600 hud=2560x1600
[2026-08-17T11:18:45Z INFO  steel_front] size diag: window_inner=2560x1600 hud=2560x1600
[2026-08-17T11:18:45Z INFO  steel_front] size diag: window_inner=2560x1600 hud=2560x1600
[2026-08-17T11:18:45Z INFO  steel_front] size diag: window_inner=2560x1600 hud=2560x1600
[2026-08-17T11:18:45Z INFO  steel_front] size diag: window_inner=2560x1600 hud=2560x1600
[2026-08-17T11:18:45Z INFO  steel_front] size diag: window_inner=2560x1600 hud=2560x1600
[2026-08-17T11:18:45Z INFO  steel_front] size diag: window_inner=2560x1600 hud=2560x1600
[2026-08-17T11:18:45Z INFO  steel_front] size diag: window_inner=2560x1600 hud=2560x1600
[2026-08-17T11:18:46Z INFO  steel_front] cam: yaw=-226.3 pitch=-3.5 dist=3.4 mode=FirstPerson cycle_us=2510 update_us=36 render_us=2473
[2026-08-17T11:18:46Z INFO  steel_front::engine::game] game: wave=1 enemies=1 enemy_hp=100 hp=0/100 score=50 phys_us=1 ai_us=0 audio_us=16 net_us=0
[2026-08-17T11:18:46Z INFO  steel_front::engine::renderer] visible=65536/65536 near=65536 far=0 fps=360.8 frame_us=2174 cull_us=0 terrain_us=445 wait_fence_us=1837 acquire_us=1 record_us=63 submit_us=43 present_us=161 terrain_lod=high blend=0.710 quality=中画质 marker=36 npc=7
[2026-08-17T11:18:47Z INFO  steel_front] cam: yaw=-226.3 pitch=-3.5 dist=3.4 mode=FirstPerson cycle_us=2299 update_us=23 render_us=2275
[2026-08-17T11:18:47Z INFO  steel_front::engine::game] game: wave=1 enemies=1 enemy_hp=100 hp=0/100 score=50 phys_us=3 ai_us=0 audio_us=15 net_us=0
[2026-08-17T11:18:47Z INFO  steel_front::engine::renderer] visible=65536/65536 near=65536 far=0 fps=361.4 frame_us=2334 cull_us=0 terrain_us=331 wait_fence_us=1997 acquire_us=1 record_us=55 submit_us=62 present_us=214 terrain_lod=high blend=0.710 quality=中画质 marker=61 npc=7
[2026-08-17T11:18:48Z INFO  steel_front] cam: yaw=-226.3 pitch=-3.5 dist=3.4 mode=FirstPerson cycle_us=3129 update_us=23 render_us=3106
[2026-08-17T11:18:48Z INFO  steel_front::engine::game] game: wave=1 enemies=1 enemy_hp=100 hp=0/100 score=50 phys_us=1 ai_us=0 audio_us=15 net_us=0
[2026-08-17T11:18:48Z INFO  steel_front::engine::renderer] visible=65536/65536 near=65536 far=0 fps=362.6 frame_us=2706 cull_us=0 terrain_us=258 wait_fence_us=1688 acquire_us=0 record_us=52 submit_us=72 present_us=222 terrain_lod=high blend=0.710 quality=中画质 marker=36 npc=7
[2026-08-17T11:18:49Z INFO  steel_front] cam: yaw=-226.3 pitch=-3.5 dist=3.4 mode=FirstPerson cycle_us=2851 update_us=32 render_us=2818
[2026-08-17T11:18:49Z INFO  steel_front::engine::game] game: wave=1 enemies=1 enemy_hp=100 hp=0/100 score=50 phys_us=1 ai_us=0 audio_us=13 net_us=0
[2026-08-17T11:18:49Z INFO  steel_front::engine::renderer] visible=65536/65536 near=65536 far=0 fps=362.8 frame_us=2673 cull_us=0 terrain_us=426 wait_fence_us=2134 acquire_us=1 record_us=59 submit_us=53 present_us=129 terrain_lod=high blend=0.710 quality=中画质 marker=61 npc=7
[2026-08-17T11:18:50Z INFO  steel_front] cam: yaw=-226.3 pitch=-3.5 dist=3.4 mode=FirstPerson cycle_us=2645 update_us=19 render_us=2626
[2026-08-17T11:18:50Z INFO  steel_front::engine::game] game: wave=1 enemies=1 enemy_hp=100 hp=0/100 score=50 phys_us=2 ai_us=0 audio_us=15 net_us=0
[2026-08-17T11:18:50Z INFO  steel_front::engine::renderer] visible=65536/65536 near=65536 far=0 fps=363.4 frame_us=2140 cull_us=0 terrain_us=347 wait_fence_us=2293 acquire_us=1 record_us=29 submit_us=25 present_us=161 terrain_lod=high blend=0.710 quality=中画质 marker=36 npc=7
[2026-08-17T11:18:50Z INFO  steel_front] size diag: window_inner=2560x1600 hud=2560x1600
[2026-08-17T11:18:50Z INFO  steel_front] size diag: window_inner=2560x1600 hud=2560x1600
[2026-08-17T11:18:50Z INFO  steel_front] size diag: window_inner=2560x1600 hud=2560x1600
[2026-08-17T11:18:50Z INFO  steel_front] size diag: window_inner=2560x1600 hud=2560x1600
[2026-08-17T11:18:50Z INFO  steel_front] size diag: window_inner=2560x1600 hud=2560x1600
[2026-08-17T11:18:50Z INFO  steel_front] size diag: window_inner=2560x1600 hud=2560x1600
[2026-08-17T11:18:50Z INFO  steel_front] size diag: window_inner=2560x1600 hud=2560x1600
[2026-08-17T11:18:50Z INFO  steel_front] size diag: window_inner=2560x1600 hud=2560x1600
[2026-08-17T11:18:50Z INFO  steel_front] size diag: window_inner=2560x1600 hud=2560x1600
[2026-08-17T11:18:50Z INFO  steel_front] size diag: window_inner=2560x1600 hud=2560x1600
[2026-08-17T11:18:50Z INFO  steel_front] size diag: window_inner=2560x1600 hud=2560x1600
[2026-08-17T11:18:50Z INFO  steel_front] size diag: window_inner=2560x1600 hud=2560x1600
[2026-08-17T11:18:50Z INFO  steel_front] size diag: window_inner=2560x1600 hud=2560x1600
[2026-08-17T11:18:50Z INFO  steel_front] size diag: window_inner=2560x1600 hud=2560x1600
[2026-08-17T11:18:50Z INFO  steel_front] size diag: window_inner=2560x1600 hud=2560x1600
[2026-08-17T11:18:50Z INFO  steel_front] size diag: window_inner=2560x1600 hud=2560x1600
[2026-08-17T11:18:50Z INFO  steel_front] size diag: window_inner=2560x1600 hud=2560x1600
[2026-08-17T11:18:50Z INFO  steel_front] size diag: window_inner=2560x1600 hud=2560x1600
[2026-08-17T11:18:51Z INFO  steel_front] cam: yaw=-226.3 pitch=-3.5 dist=3.4 mode=FirstPerson cycle_us=2838 update_us=33 render_us=2804
[2026-08-17T11:18:51Z INFO  steel_front::engine::game] game: wave=1 enemies=1 enemy_hp=100 hp=0/100 score=50 phys_us=2 ai_us=0 audio_us=22 net_us=0
[2026-08-17T11:18:51Z INFO  steel_front::engine::renderer] visible=65536/65536 near=65536 far=0 fps=362.9 frame_us=2279 cull_us=0 terrain_us=342 wait_fence_us=2070 acquire_us=1 record_us=68 submit_us=42 present_us=208 terrain_lod=high blend=0.710 quality=中画质 marker=61 npc=7
[2026-08-17T11:18:52Z INFO  steel_front] cam: yaw=-226.3 pitch=-3.5 dist=3.4 mode=FirstPerson cycle_us=2797 update_us=24 render_us=2773
[2026-08-17T11:18:52Z INFO  steel_front::engine::game] game: wave=1 enemies=1 enemy_hp=100 hp=0/100 score=50 phys_us=1 ai_us=0 audio_us=22 net_us=0
[2026-08-17T11:18:52Z INFO  steel_front::engine::renderer] visible=65536/65536 near=65536 far=0 fps=361.5 frame_us=2773 cull_us=0 terrain_us=300 wait_fence_us=1930 acquire_us=1 record_us=72 submit_us=48 present_us=148 terrain_lod=high blend=0.710 quality=中画质 marker=36 npc=7
[2026-08-17T11:18:53Z INFO  steel_front] cam: yaw=-226.3 pitch=-3.5 dist=3.4 mode=FirstPerson cycle_us=2660 update_us=22 render_us=2637
[2026-08-17T11:18:53Z INFO  steel_front::engine::game] game: wave=1 enemies=1 enemy_hp=100 hp=0/100 score=50 phys_us=3 ai_us=0 audio_us=29 net_us=0
[2026-08-17T11:18:53Z INFO  steel_front::engine::renderer] visible=65536/65536 near=65536 far=0 fps=362.0 frame_us=2240 cull_us=0 terrain_us=352 wait_fence_us=2177 acquire_us=1 record_us=42 submit_us=51 present_us=160 terrain_lod=high blend=0.710 quality=中画质 marker=60 npc=7
[2026-08-17T11:18:54Z INFO  steel_front] cam: yaw=-226.3 pitch=-3.5 dist=3.4 mode=FirstPerson cycle_us=2741 update_us=22 render_us=2718
[2026-08-17T11:18:54Z INFO  steel_front::engine::game] game: wave=1 enemies=1 enemy_hp=100 hp=0/100 score=50 phys_us=2 ai_us=0 audio_us=15 net_us=0
[2026-08-17T11:18:54Z INFO  steel_front::engine::renderer] visible=65536/65536 near=65536 far=0 fps=362.8 frame_us=2351 cull_us=0 terrain_us=341 wait_fence_us=2096 acquire_us=1 record_us=48 submit_us=64 present_us=154 terrain_lod=high blend=0.710 quality=中画质 marker=36 npc=7
[2026-08-17T11:18:55Z INFO  steel_front] cam: yaw=-226.3 pitch=-3.5 dist=3.4 mode=FirstPerson cycle_us=2952 update_us=18 render_us=2933
[2026-08-17T11:18:55Z INFO  steel_front::engine::game] game: wave=1 enemies=1 enemy_hp=100 hp=0/100 score=50 phys_us=2 ai_us=0 audio_us=30 net_us=0
[2026-08-17T11:18:55Z INFO  steel_front::engine::renderer] visible=65536/65536 near=65536 far=0 fps=363.0 frame_us=3174 cull_us=0 terrain_us=381 wait_fence_us=1967 acquire_us=1 record_us=39 submit_us=36 present_us=178 terrain_lod=high blend=0.710 quality=中画质 marker=61 npc=7
[2026-08-17T11:18:55Z INFO  steel_front] size diag: window_inner=2560x1600 hud=2560x1600
[2026-08-17T11:18:55Z INFO  steel_front] size diag: window_inner=2560x1600 hud=2560x1600
[2026-08-17T11:18:55Z INFO  steel_front] size diag: window_inner=2560x1600 hud=2560x1600
[2026-08-17T11:18:55Z INFO  steel_front] size diag: window_inner=2560x1600 hud=2560x1600
[2026-08-17T11:18:55Z INFO  steel_front] size diag: window_inner=2560x1600 hud=2560x1600
[2026-08-17T11:18:55Z INFO  steel_front] size diag: window_inner=2560x1600 hud=2560x1600
[2026-08-17T11:18:55Z INFO  steel_front] size diag: window_inner=2560x1600 hud=2560x1600
[2026-08-17T11:18:55Z INFO  steel_front] size diag: window_inner=2560x1600 hud=2560x1600
[2026-08-17T11:18:55Z INFO  steel_front] size diag: window_inner=2560x1600 hud=2560x1600
[2026-08-17T11:18:55Z INFO  steel_front] size diag: window_inner=2560x1600 hud=2560x1600
[2026-08-17T11:18:55Z INFO  steel_front] size diag: window_inner=2560x1600 hud=2560x1600
[2026-08-17T11:18:55Z INFO  steel_front] size diag: window_inner=2560x1600 hud=2560x1600
[2026-08-17T11:18:55Z INFO  steel_front] size diag: window_inner=2560x1600 hud=2560x1600
[2026-08-17T11:18:55Z INFO  steel_front] size diag: window_inner=2560x1600 hud=2560x1600
[2026-08-17T11:18:55Z INFO  steel_front] size diag: window_inner=2560x1600 hud=2560x1600
[2026-08-17T11:18:55Z INFO  steel_front] size diag: window_inner=2560x1600 hud=2560x1600
[2026-08-17T11:18:55Z INFO  steel_front] size diag: window_inner=2560x1600 hud=2560x1600
[2026-08-17T11:18:55Z INFO  steel_front] size diag: window_inner=2560x1600 hud=2560x1600
[2026-08-17T11:18:56Z INFO  steel_front] cam: yaw=-226.3 pitch=-3.5 dist=3.4 mode=FirstPerson cycle_us=2776 update_us=40 render_us=2735
[2026-08-17T11:18:56Z INFO  steel_front::engine::game] game: wave=1 enemies=1 enemy_hp=100 hp=0/100 score=50 phys_us=6 ai_us=0 audio_us=21 net_us=0
[2026-08-17T11:18:56Z INFO  steel_front::engine::renderer] visible=65536/65536 near=65536 far=0 fps=360.8 frame_us=3947 cull_us=0 terrain_us=558 wait_fence_us=1281 acquire_us=2 record_us=149 submit_us=153 present_us=684 terrain_lod=high blend=0.710 quality=中画质 marker=36 npc=7
[2026-08-17T11:18:57Z INFO  steel_front] cam: yaw=-226.3 pitch=-3.5 dist=3.4 mode=FirstPerson cycle_us=2967 update_us=23 render_us=2943
[2026-08-17T11:18:57Z INFO  steel_front::engine::game] game: wave=1 enemies=1 enemy_hp=100 hp=0/100 score=50 phys_us=1 ai_us=0 audio_us=17 net_us=0
[2026-08-17T11:18:57Z INFO  steel_front::engine::renderer] visible=65536/65536 near=65536 far=0 fps=361.3 frame_us=2896 cull_us=0 terrain_us=332 wait_fence_us=1719 acquire_us=0 record_us=60 submit_us=34 present_us=151 terrain_lod=high blend=0.710 quality=中画质 marker=61 npc=7
[2026-08-17T11:18:58Z INFO  steel_front] cam: yaw=-226.3 pitch=-3.5 dist=3.4 mode=FirstPerson cycle_us=2890 update_us=16 render_us=2873
[2026-08-17T11:18:58Z INFO  steel_front::engine::game] game: wave=1 enemies=1 enemy_hp=100 hp=0/100 score=50 phys_us=1 ai_us=0 audio_us=29 net_us=0
[2026-08-17T11:18:58Z INFO  steel_front::engine::renderer] visible=65536/65536 near=65536 far=0 fps=363.1 frame_us=3093 cull_us=0 terrain_us=409 wait_fence_us=1648 acquire_us=1 record_us=129 submit_us=82 present_us=556 terrain_lod=high blend=0.710 quality=中画质 marker=36 npc=7
[2026-08-17T11:18:59Z INFO  steel_front] cam: yaw=-226.3 pitch=-3.5 dist=3.4 mode=FirstPerson cycle_us=2994 update_us=16 render_us=2978
[2026-08-17T11:18:59Z INFO  steel_front::engine::game] game: wave=1 enemies=1 enemy_hp=100 hp=0/100 score=50 phys_us=3 ai_us=0 audio_us=20 net_us=0
[2026-08-17T11:18:59Z INFO  steel_front::engine::renderer] visible=65536/65536 near=65536 far=0 fps=362.9 frame_us=2166 cull_us=0 terrain_us=334 wait_fence_us=2051 acquire_us=1 record_us=51 submit_us=46 present_us=237 terrain_lod=high blend=0.710 quality=中画质 marker=61 npc=7
[2026-08-17T11:19:00Z INFO  steel_front] cam: yaw=-226.3 pitch=-3.5 dist=3.4 mode=FirstPerson cycle_us=2610 update_us=22 render_us=2588
[2026-08-17T11:19:00Z INFO  steel_front::engine::game] game: wave=1 enemies=1 enemy_hp=100 hp=0/100 score=50 phys_us=1 ai_us=0 audio_us=28 net_us=0
[2026-08-17T11:19:00Z INFO  steel_front::engine::renderer] visible=65536/65536 near=65536 far=0 fps=362.5 frame_us=2580 cull_us=0 terrain_us=320 wait_fence_us=1773 acquire_us=1 record_us=37 submit_us=32 present_us=172 terrain_lod=high blend=0.710 quality=中画质 marker=36 npc=7
[2026-08-17T11:19:00Z INFO  steel_front] size diag: window_inner=2560x1600 hud=2560x1600
[2026-08-17T11:19:00Z INFO  steel_front] size diag: window_inner=2560x1600 hud=2560x1600
[2026-08-17T11:19:00Z INFO  steel_front] size diag: window_inner=2560x1600 hud=2560x1600
[2026-08-17T11:19:00Z INFO  steel_front] size diag: window_inner=2560x1600 hud=2560x1600
[2026-08-17T11:19:00Z INFO  steel_front] size diag: window_inner=2560x1600 hud=2560x1600
[2026-08-17T11:19:00Z INFO  steel_front] size diag: window_inner=2560x1600 hud=2560x1600
[2026-08-17T11:19:00Z INFO  steel_front] size diag: window_inner=2560x1600 hud=2560x1600
[2026-08-17T11:19:00Z INFO  steel_front] size diag: window_inner=2560x1600 hud=2560x1600
[2026-08-17T11:19:00Z INFO  steel_front] size diag: window_inner=2560x1600 hud=2560x1600
[2026-08-17T11:19:00Z INFO  steel_front] size diag: window_inner=2560x1600 hud=2560x1600
[2026-08-17T11:19:00Z INFO  steel_front] size diag: window_inner=2560x1600 hud=2560x1600
[2026-08-17T11:19:00Z INFO  steel_front] size diag: window_inner=2560x1600 hud=2560x1600
[2026-08-17T11:19:00Z INFO  steel_front] size diag: window_inner=2560x1600 hud=2560x1600
[2026-08-17T11:19:00Z INFO  steel_front] size diag: window_inner=2560x1600 hud=2560x1600
[2026-08-17T11:19:00Z INFO  steel_front] size diag: window_inner=2560x1600 hud=2560x1600
[2026-08-17T11:19:00Z INFO  steel_front] size diag: window_inner=2560x1600 hud=2560x1600
[2026-08-17T11:19:00Z INFO  steel_front] size diag: window_inner=2560x1600 hud=2560x1600
[2026-08-17T11:19:00Z INFO  steel_front] size diag: window_inner=2560x1600 hud=2560x1600
[2026-08-17T11:19:01Z INFO  steel_front] cam: yaw=-226.3 pitch=-3.5 dist=3.4 mode=FirstPerson cycle_us=2653 update_us=20 render_us=2632
[2026-08-17T11:19:01Z INFO  steel_front::engine::game] game: wave=1 enemies=1 enemy_hp=100 hp=0/100 score=50 phys_us=2 ai_us=0 audio_us=14 net_us=0
[2026-08-17T11:19:01Z INFO  steel_front::engine::renderer] visible=65536/65536 near=65536 far=0 fps=361.1 frame_us=2159 cull_us=0 terrain_us=361 wait_fence_us=2247 acquire_us=1 record_us=38 submit_us=48 present_us=159 terrain_lod=high blend=0.710 quality=中画质 marker=61 npc=7
[2026-08-17T11:19:02Z INFO  steel_front] cam: yaw=-226.3 pitch=-3.5 dist=3.4 mode=FirstPerson cycle_us=2918 update_us=21 render_us=2897
[2026-08-17T11:19:02Z INFO  steel_front::engine::game] game: wave=1 enemies=1 enemy_hp=100 hp=0/100 score=50 phys_us=2 ai_us=0 audio_us=16 net_us=0
[2026-08-17T11:19:02Z INFO  steel_front::engine::renderer] visible=65536/65536 near=65536 far=0 fps=362.9 frame_us=2775 cull_us=0 terrain_us=309 wait_fence_us=1903 acquire_us=1 record_us=110 submit_us=106 present_us=477 terrain_lod=high blend=0.710 quality=中画质 marker=36 npc=7
[2026-08-17T11:19:03Z INFO  steel_front] cam: yaw=-226.3 pitch=-3.5 dist=3.4 mode=FirstPerson cycle_us=2733 update_us=32 render_us=2700
[2026-08-17T11:19:03Z INFO  steel_front::engine::game] game: wave=1 enemies=1 enemy_hp=100 hp=0/100 score=50 phys_us=2 ai_us=0 audio_us=23 net_us=0
[2026-08-17T11:19:03Z INFO  steel_front::engine::renderer] visible=65536/65536 near=65536 far=0 fps=362.9 frame_us=2461 cull_us=0 terrain_us=361 wait_fence_us=1632 acquire_us=0 record_us=55 submit_us=59 present_us=299 terrain_lod=high blend=0.710 quality=中画质 marker=61 npc=7
[2026-08-17T11:19:04Z INFO  steel_front] cam: yaw=-226.3 pitch=-3.5 dist=3.4 mode=FirstPerson cycle_us=2742 update_us=38 render_us=2704
[2026-08-17T11:19:04Z INFO  steel_front::engine::game] game: wave=1 enemies=1 enemy_hp=100 hp=0/100 score=50 phys_us=6 ai_us=0 audio_us=16 net_us=0
[2026-08-17T11:19:04Z INFO  steel_front::engine::renderer] visible=65536/65536 near=65536 far=0 fps=352.2 frame_us=2890 cull_us=0 terrain_us=449 wait_fence_us=1603 acquire_us=1 record_us=61 submit_us=54 present_us=332 terrain_lod=high blend=0.710 quality=中画质 marker=36 npc=7
[2026-08-17T11:19:05Z INFO  steel_front] cam: yaw=-226.3 pitch=-3.5 dist=3.4 mode=FirstPerson cycle_us=2409 update_us=32 render_us=2376
[2026-08-17T11:19:05Z INFO  steel_front::engine::game] game: wave=1 enemies=1 enemy_hp=100 hp=0/100 score=50 phys_us=1 ai_us=0 audio_us=20 net_us=0
[2026-08-17T11:19:05Z INFO  steel_front::engine::renderer] visible=65536/65536 near=65536 far=0 fps=351.1 frame_us=2613 cull_us=0 terrain_us=329 wait_fence_us=2124 acquire_us=1 record_us=54 submit_us=44 present_us=250 terrain_lod=high blend=0.710 quality=中画质 marker=60 npc=7
[2026-08-17T11:19:05Z INFO  steel_front] size diag: window_inner=2560x1600 hud=2560x1600
[2026-08-17T11:19:05Z INFO  steel_front] size diag: window_inner=2560x1600 hud=2560x1600
[2026-08-17T11:19:05Z INFO  steel_front] size diag: window_inner=2560x1600 hud=2560x1600
[2026-08-17T11:19:05Z INFO  steel_front] size diag: window_inner=2560x1600 hud=2560x1600
[2026-08-17T11:19:05Z INFO  steel_front] size diag: window_inner=2560x1600 hud=2560x1600
[2026-08-17T11:19:05Z INFO  steel_front] size diag: window_inner=2560x1600 hud=2560x1600
[2026-08-17T11:19:05Z INFO  steel_front] size diag: window_inner=2560x1600 hud=2560x1600
[2026-08-17T11:19:05Z INFO  steel_front] size diag: window_inner=2560x1600 hud=2560x1600
[2026-08-17T11:19:05Z INFO  steel_front] size diag: window_inner=2560x1600 hud=2560x1600
[2026-08-17T11:19:05Z INFO  steel_front] size diag: window_inner=2560x1600 hud=2560x1600
[2026-08-17T11:19:05Z INFO  steel_front] size diag: window_inner=2560x1600 hud=2560x1600
[2026-08-17T11:19:05Z INFO  steel_front] size diag: window_inner=2560x1600 hud=2560x1600
[2026-08-17T11:19:05Z INFO  steel_front] size diag: window_inner=2560x1600 hud=2560x1600
[2026-08-17T11:19:05Z INFO  steel_front] size diag: window_inner=2560x1600 hud=2560x1600
[2026-08-17T11:19:05Z INFO  steel_front] size diag: window_inner=2560x1600 hud=2560x1600
[2026-08-17T11:19:05Z INFO  steel_front] size diag: window_inner=2560x1600 hud=2560x1600
[2026-08-17T11:19:05Z INFO  steel_front] size diag: window_inner=2560x1600 hud=2560x1600
[2026-08-17T11:19:05Z INFO  steel_front] size diag: window_inner=2560x1600 hud=2560x1600
[2026-08-17T11:19:06Z INFO  steel_front] cam: yaw=-226.3 pitch=-3.5 dist=3.4 mode=FirstPerson cycle_us=3240 update_us=24 render_us=3216
[2026-08-17T11:19:06Z INFO  steel_front::engine::game] game: wave=1 enemies=1 enemy_hp=100 hp=0/100 score=50 phys_us=4 ai_us=0 audio_us=19 net_us=0
[2026-08-17T11:19:06Z INFO  steel_front::engine::renderer] visible=65536/65536 near=65536 far=0 fps=352.7 frame_us=2155 cull_us=0 terrain_us=351 wait_fence_us=2249 acquire_us=1 record_us=49 submit_us=34 present_us=229 terrain_lod=high blend=0.710 quality=中画质 marker=36 npc=7
[2026-08-17T11:19:07Z INFO  steel_front] cam: yaw=-226.3 pitch=-3.5 dist=3.4 mode=FirstPerson cycle_us=2890 update_us=37 render_us=2853
[2026-08-17T11:19:07Z INFO  steel_front::engine::game] game: wave=1 enemies=1 enemy_hp=100 hp=0/100 score=50 phys_us=1 ai_us=0 audio_us=13 net_us=0
[2026-08-17T11:19:07Z INFO  steel_front::engine::renderer] visible=65536/65536 near=65536 far=0 fps=349.6 frame_us=2279 cull_us=2 terrain_us=1085 wait_fence_us=13 acquire_us=4 record_us=191 submit_us=140 present_us=1019 terrain_lod=high blend=0.710 quality=中画质 marker=57 npc=7
[2026-08-17T11:19:08Z INFO  steel_front] cam: yaw=-226.3 pitch=-3.5 dist=3.4 mode=FirstPerson cycle_us=3769 update_us=169 render_us=3599
[2026-08-17T11:19:08Z INFO  steel_front::engine::game] game: wave=1 enemies=1 enemy_hp=100 hp=0/100 score=50 phys_us=10 ai_us=0 audio_us=159 net_us=0
[2026-08-17T11:19:08Z INFO  steel_front::engine::renderer] visible=65536/65536 near=65536 far=0 fps=262.1 frame_us=2523 cull_us=1 terrain_us=800 wait_fence_us=15 acquire_us=4 record_us=158 submit_us=109 present_us=1386 terrain_lod=high blend=0.710 quality=中画质 marker=36 npc=7
[2026-08-17T11:19:09Z INFO  steel_front] cam: yaw=-226.3 pitch=-3.5 dist=3.4 mode=FirstPerson cycle_us=3524 update_us=156 render_us=3367
[2026-08-17T11:19:09Z INFO  steel_front::engine::game] game: wave=1 enemies=1 enemy_hp=100 hp=0/100 score=50 phys_us=9 ai_us=0 audio_us=56 net_us=0
[2026-08-17T11:19:09Z INFO  steel_front::engine::renderer] visible=65536/65536 near=65536 far=0 fps=259.6 frame_us=2916 cull_us=2 terrain_us=870 wait_fence_us=15 acquire_us=4 record_us=192 submit_us=158 present_us=1843 terrain_lod=high blend=0.710 quality=中画质 marker=49 npc=7
[2026-08-17T11:19:10Z INFO  steel_front] cam: yaw=-226.3 pitch=-3.5 dist=3.4 mode=FirstPerson cycle_us=2005 update_us=50 render_us=1954
[2026-08-17T11:19:10Z INFO  steel_front::engine::game] game: wave=1 enemies=1 enemy_hp=100 hp=0/100 score=50 phys_us=32 ai_us=0 audio_us=39 net_us=0
[2026-08-17T11:19:10Z INFO  steel_front] size diag: window_inner=2560x1600 hud=2560x1600
[2026-08-17T11:19:10Z INFO  steel_front] size diag: window_inner=2560x1600 hud=2560x1600
[2026-08-17T11:19:10Z INFO  steel_front::engine::renderer] visible=65536/65536 near=65536 far=0 fps=346.7 frame_us=1563 cull_us=1 terrain_us=485 wait_fence_us=652 acquire_us=2 record_us=107 submit_us=87 present_us=495 terrain_lod=high blend=0.710 quality=中画质 marker=36 npc=7
[2026-08-17T11:19:10Z INFO  steel_front] size diag: window_inner=2560x1600 hud=2560x1600
[2026-08-17T11:19:10Z INFO  steel_front] size diag: window_inner=2560x1600 hud=2560x1600
[2026-08-17T11:19:10Z INFO  steel_front] size diag: window_inner=2560x1600 hud=2560x1600
[2026-08-17T11:19:10Z INFO  steel_front] size diag: window_inner=2560x1600 hud=2560x1600
[2026-08-17T11:19:10Z INFO  steel_front] size diag: window_inner=2560x1600 hud=2560x1600
[2026-08-17T11:19:10Z INFO  steel_front] size diag: window_inner=2560x1600 hud=2560x1600
[2026-08-17T11:19:10Z INFO  steel_front] size diag: window_inner=2560x1600 hud=2560x1600
[2026-08-17T11:19:10Z INFO  steel_front] size diag: window_inner=2560x1600 hud=2560x1600
[2026-08-17T11:19:10Z INFO  steel_front] size diag: window_inner=2560x1600 hud=2560x1600
[2026-08-17T11:19:10Z INFO  steel_front] size diag: window_inner=2560x1600 hud=2560x1600
[2026-08-17T11:19:10Z INFO  steel_front] size diag: window_inner=2560x1600 hud=2560x1600
[2026-08-17T11:19:10Z INFO  steel_front] size diag: window_inner=2560x1600 hud=2560x1600
[2026-08-17T11:19:10Z INFO  steel_front] size diag: window_inner=2560x1600 hud=2560x1600
[2026-08-17T11:19:10Z INFO  steel_front] size diag: window_inner=2560x1600 hud=2560x1600
[2026-08-17T11:19:10Z INFO  steel_front] size diag: window_inner=2560x1600 hud=2560x1600
[2026-08-17T11:19:11Z INFO  steel_front] cam: yaw=-226.3 pitch=-3.5 dist=3.4 mode=FirstPerson cycle_us=3421 update_us=128 render_us=3292
[2026-08-17T11:19:11Z INFO  steel_front::engine::game] game: wave=1 enemies=1 enemy_hp=100 hp=0/100 score=50 phys_us=6 ai_us=0 audio_us=63 net_us=0
[2026-08-17T11:19:11Z INFO  steel_front::engine::renderer] visible=65536/65536 near=65536 far=0 fps=288.0 frame_us=2060 cull_us=1 terrain_us=613 wait_fence_us=894 acquire_us=2 record_us=90 submit_us=102 present_us=545 terrain_lod=high blend=0.710 quality=中画质 marker=60 npc=7
[2026-08-17T11:19:12Z INFO  steel_front] cam: yaw=-226.3 pitch=-3.5 dist=3.4 mode=FirstPerson cycle_us=2591 update_us=89 render_us=2501
[2026-08-17T11:19:12Z INFO  steel_front::engine::game] game: wave=1 enemies=1 enemy_hp=100 hp=0/100 score=50 phys_us=6 ai_us=0 audio_us=49 net_us=0
[2026-08-17T11:19:12Z INFO  steel_front::engine::renderer] visible=65536/65536 near=65536 far=0 fps=286.3 frame_us=1784 cull_us=1 terrain_us=657 wait_fence_us=849 acquire_us=3 record_us=72 submit_us=67 present_us=605 terrain_lod=high blend=0.710 quality=中画质 marker=36 npc=7
[2026-08-17T11:19:13Z INFO  steel_front] cam: yaw=-226.3 pitch=-3.5 dist=3.4 mode=FirstPerson cycle_us=2398 update_us=46 render_us=2351
[2026-08-17T11:19:13Z INFO  steel_front::engine::game] game: wave=1 enemies=1 enemy_hp=100 hp=0/100 score=50 phys_us=20 ai_us=1 audio_us=258 net_us=1
[2026-08-17T11:19:13Z INFO  steel_front::engine::renderer] visible=65536/65536 near=65536 far=0 fps=313.3 frame_us=5141 cull_us=3 terrain_us=1041 wait_fence_us=22 acquire_us=6 record_us=211 submit_us=225 present_us=3591 terrain_lod=high blend=0.710 quality=中画质 marker=44 npc=7
[2026-08-17T11:19:14Z INFO  steel_front] cam: yaw=-226.3 pitch=-3.5 dist=3.4 mode=FirstPerson cycle_us=5398 update_us=286 render_us=5111
[2026-08-17T11:19:14Z INFO  steel_front::engine::game] game: wave=1 enemies=1 enemy_hp=100 hp=0/100 score=50 phys_us=18 ai_us=1 audio_us=256 net_us=1
[2026-08-17T11:19:14Z INFO  steel_front::engine::renderer] visible=65536/65536 near=65536 far=0 fps=177.8 frame_us=4199 cull_us=3 terrain_us=1032 wait_fence_us=43 acquire_us=6 record_us=180 submit_us=170 present_us=2796 terrain_lod=high blend=0.710 quality=中画质 marker=36 npc=7
[2026-08-17T11:19:15Z INFO  steel_front] cam: yaw=-226.3 pitch=-3.5 dist=3.4 mode=FirstPerson cycle_us=4454 update_us=215 render_us=4238
[2026-08-17T11:19:15Z INFO  steel_front::engine::game] game: wave=1 enemies=1 enemy_hp=100 hp=0/100 score=50 phys_us=8 ai_us=0 audio_us=199 net_us=1
[2026-08-17T11:19:15Z INFO  steel_front] size diag: window_inner=2560x1600 hud=2560x1600
[2026-08-17T11:19:15Z INFO  steel_front] size diag: window_inner=2560x1600 hud=2560x1600
[2026-08-17T11:19:15Z INFO  steel_front] size diag: window_inner=2560x1600 hud=2560x1600
[2026-08-17T11:19:15Z INFO  steel_front::engine::renderer] visible=65536/65536 near=65536 far=0 fps=213.9 frame_us=3725 cull_us=2 terrain_us=992 wait_fence_us=21 acquire_us=6 record_us=165 submit_us=213 present_us=2391 terrain_lod=high blend=0.710 quality=中画质 marker=50 npc=7
[2026-08-17T11:19:15Z INFO  steel_front] size diag: window_inner=2560x1600 hud=2560x1600
[2026-08-17T11:19:15Z INFO  steel_front] size diag: window_inner=2560x1600 hud=2560x1600
[2026-08-17T11:19:15Z INFO  steel_front] size diag: window_inner=2560x1600 hud=2560x1600
[2026-08-17T11:19:15Z INFO  steel_front] size diag: window_inner=2560x1600 hud=2560x1600
[2026-08-17T11:19:15Z INFO  steel_front] size diag: window_inner=2560x1600 hud=2560x1600
[2026-08-17T11:19:16Z INFO  steel_front] cam: yaw=-226.3 pitch=-3.5 dist=3.4 mode=FirstPerson cycle_us=4343 update_us=178 render_us=4164
[2026-08-17T11:19:16Z INFO  steel_front::engine::game] game: wave=1 enemies=1 enemy_hp=100 hp=0/100 score=50 phys_us=12 ai_us=1 audio_us=257 net_us=1
[2026-08-17T11:19:16Z INFO  steel_front::engine::renderer] visible=65536/65536 near=65536 far=0 fps=178.9 frame_us=5147 cull_us=3 terrain_us=1127 wait_fence_us=21 acquire_us=7 record_us=207 submit_us=206 present_us=3634 terrain_lod=high blend=0.710 quality=中画质 marker=36 npc=7
[2026-08-17T11:19:17Z INFO  steel_front] cam: yaw=-226.3 pitch=-3.5 dist=3.4 mode=FirstPerson cycle_us=7074 update_us=357 render_us=6716
[2026-08-17T11:19:17Z INFO  steel_front::engine::game] game: wave=1 enemies=1 enemy_hp=100 hp=0/100 score=50 phys_us=28 ai_us=2 audio_us=452 net_us=1
[2026-08-17T11:19:17Z INFO  steel_front::engine::renderer] visible=65536/65536 near=65536 far=0 fps=172.3 frame_us=5673 cull_us=3 terrain_us=1108 wait_fence_us=21 acquire_us=6 record_us=245 submit_us=231 present_us=3895 terrain_lod=high blend=0.710 quality=中画质 marker=42 npc=7
[2026-08-17T11:19:18Z INFO  steel_front] cam: yaw=-226.3 pitch=-3.5 dist=3.4 mode=FirstPerson cycle_us=5524 update_us=393 render_us=5130
[2026-08-17T11:19:18Z INFO  steel_front::engine::game] game: wave=1 enemies=1 enemy_hp=100 hp=0/100 score=50 phys_us=20 ai_us=0 audio_us=227 net_us=1
[2026-08-17T11:19:18Z INFO  steel_front::engine::renderer] visible=65536/65536 near=65536 far=0 fps=165.6 frame_us=5627 cull_us=1 terrain_us=1005 wait_fence_us=19 acquire_us=4 record_us=310 submit_us=240 present_us=3859 terrain_lod=high blend=0.710 quality=中画质 marker=36 npc=7
[2026-08-17T11:19:19Z INFO  steel_front] cam: yaw=-226.3 pitch=-3.5 dist=3.4 mode=FirstPerson cycle_us=6032 update_us=276 render_us=5755
[2026-08-17T11:19:19Z INFO  steel_front::engine::game] game: wave=1 enemies=1 enemy_hp=100 hp=0/100 score=50 phys_us=21 ai_us=1 audio_us=173 net_us=1
[2026-08-17T11:19:19Z INFO  steel_front::engine::renderer] visible=65536/65536 near=65536 far=0 fps=195.4 frame_us=3383 cull_us=2 terrain_us=895 wait_fence_us=18 acquire_us=5 record_us=276 submit_us=164 present_us=2084 terrain_lod=high blend=0.710 quality=中画质 marker=45 npc=7
[2026-08-17T11:19:20Z INFO  steel_front] cam: yaw=-226.3 pitch=-3.5 dist=3.4 mode=FirstPerson cycle_us=5561 update_us=191 render_us=5368
[2026-08-17T11:19:20Z INFO  steel_front::engine::game] game: wave=1 enemies=1 enemy_hp=100 hp=0/100 score=50 phys_us=13 ai_us=1 audio_us=101 net_us=0
[2026-08-17T11:19:20Z INFO  steel_front] size diag: window_inner=2560x1600 hud=2560x1600
[2026-08-17T11:19:20Z INFO  steel_front] size diag: window_inner=2560x1600 hud=2560x1600
[2026-08-17T11:19:20Z INFO  steel_front] size diag: window_inner=2560x1600 hud=2560x1600
[2026-08-17T11:19:20Z INFO  steel_front] size diag: window_inner=2560x1600 hud=2560x1600
[2026-08-17T11:19:20Z INFO  steel_front] size diag: window_inner=2560x1600 hud=2560x1600
[2026-08-17T11:19:20Z INFO  steel_front] size diag: window_inner=2560x1600 hud=2560x1600
[2026-08-17T11:19:20Z INFO  steel_front] size diag: window_inner=2560x1600 hud=2560x1600
[2026-08-17T11:19:20Z INFO  steel_front] size diag: window_inner=2560x1600 hud=2560x1600
[2026-08-17T11:19:20Z INFO  steel_front] size diag: window_inner=2560x1600 hud=2560x1600
[2026-08-17T11:19:20Z INFO  steel_front] size diag: window_inner=2560x1600 hud=2560x1600
[2026-08-17T11:19:20Z INFO  steel_front] size diag: window_inner=2560x1600 hud=2560x1600
[2026-08-17T11:19:20Z INFO  steel_front] size diag: window_inner=2560x1600 hud=2560x1600
[2026-08-17T11:19:20Z INFO  steel_front] size diag: window_inner=2560x1600 hud=2560x1600
[2026-08-17T11:19:20Z INFO  steel_front] size diag: window_inner=2560x1600 hud=2560x1600
[2026-08-17T11:19:20Z INFO  steel_front] size diag: window_inner=2560x1600 hud=2560x1600
[2026-08-17T11:19:20Z INFO  steel_front::engine::renderer] visible=65536/65536 near=65536 far=0 fps=235.7 frame_us=2528 cull_us=2 terrain_us=598 wait_fence_us=216 acquire_us=3 record_us=72 submit_us=62 present_us=1404 terrain_lod=high blend=0.710 quality=中画质 marker=36 npc=7
[2026-08-17T11:19:20Z INFO  steel_front] size diag: window_inner=2560x1600 hud=2560x1600
[2026-08-17T11:19:20Z INFO  steel_front] size diag: window_inner=2560x1600 hud=2560x1600
[2026-08-17T11:19:20Z INFO  steel_front] size diag: window_inner=2560x1600 hud=2560x1600
[2026-08-17T11:19:21Z INFO  steel_front] cam: yaw=-226.3 pitch=-3.5 dist=3.4 mode=FirstPerson cycle_us=2610 update_us=26 render_us=2584
[2026-08-17T11:19:21Z INFO  steel_front::engine::game] game: wave=1 enemies=1 enemy_hp=100 hp=0/100 score=50 phys_us=3 ai_us=0 audio_us=19 net_us=0
[2026-08-17T11:19:21Z INFO  steel_front::engine::renderer] visible=65536/65536 near=65536 far=0 fps=371.4 frame_us=2416 cull_us=1 terrain_us=399 wait_fence_us=1860 acquire_us=1 record_us=58 submit_us=50 present_us=239 terrain_lod=high blend=0.710 quality=中画质 marker=46 npc=7
[2026-08-17T11:19:22Z INFO  steel_front] cam: yaw=-226.3 pitch=-3.5 dist=3.4 mode=FirstPerson cycle_us=2637 update_us=32 render_us=2604
[2026-08-17T11:19:22Z INFO  steel_front::engine::game] game: wave=1 enemies=1 enemy_hp=100 hp=0/100 score=50 phys_us=3 ai_us=0 audio_us=21 net_us=0
[2026-08-17T11:19:22Z INFO  steel_front::engine::renderer] visible=65536/65536 near=65536 far=0 fps=358.8 frame_us=2357 cull_us=0 terrain_us=449 wait_fence_us=1504 acquire_us=1 record_us=69 submit_us=60 present_us=364 terrain_lod=high blend=0.710 quality=中画质 marker=36 npc=7
[2026-08-17T11:19:23Z INFO  steel_front] cam: yaw=-226.3 pitch=-3.5 dist=3.4 mode=FirstPerson cycle_us=4123 update_us=31 render_us=4091
[2026-08-17T11:19:23Z INFO  steel_front::engine::game] game: wave=1 enemies=1 enemy_hp=100 hp=0/100 score=50 phys_us=3 ai_us=0 audio_us=36 net_us=0
[2026-08-17T11:19:23Z INFO  steel_front::engine::renderer] visible=65536/65536 near=65536 far=0 fps=354.0 frame_us=2445 cull_us=1 terrain_us=582 wait_fence_us=1222 acquire_us=2 record_us=70 submit_us=58 present_us=493 terrain_lod=high blend=0.710 quality=中画质 marker=45 npc=7
[2026-08-17T11:19:24Z INFO  steel_front] cam: yaw=-226.3 pitch=-3.5 dist=3.4 mode=FirstPerson cycle_us=2854 update_us=29 render_us=2824
[2026-08-17T11:19:24Z INFO  steel_front::engine::game] game: wave=1 enemies=1 enemy_hp=100 hp=0/100 score=50 phys_us=2 ai_us=0 audio_us=14 net_us=0
[2026-08-17T11:19:24Z INFO  steel_front::engine::renderer] visible=65536/65536 near=65536 far=0 fps=365.7 frame_us=2367 cull_us=1 terrain_us=563 wait_fence_us=1275 acquire_us=2 record_us=73 submit_us=70 present_us=530 terrain_lod=high blend=0.710 quality=中画质 marker=36 npc=7
[2026-08-17T11:19:25Z INFO  steel_front] cam: yaw=-226.3 pitch=-3.5 dist=3.4 mode=FirstPerson cycle_us=3510 update_us=154 render_us=3354
[2026-08-17T11:19:25Z INFO  steel_front::engine::game] game: wave=1 enemies=1 enemy_hp=100 hp=0/100 score=50 phys_us=8 ai_us=0 audio_us=73 net_us=0
[2026-08-17T11:19:25Z INFO  steel_front] size diag: window_inner=2560x1600 hud=2560x1600
[2026-08-17T11:19:25Z INFO  steel_front] size diag: window_inner=2560x1600 hud=2560x1600
[2026-08-17T11:19:25Z INFO  steel_front] size diag: window_inner=2560x1600 hud=2560x1600
[2026-08-17T11:19:25Z INFO  steel_front] size diag: window_inner=2560x1600 hud=2560x1600
[2026-08-17T11:19:25Z INFO  steel_front] size diag: window_inner=2560x1600 hud=2560x1600
[2026-08-17T11:19:25Z INFO  steel_front] size diag: window_inner=2560x1600 hud=2560x1600
[2026-08-17T11:19:25Z INFO  steel_front::engine::renderer] visible=65536/65536 near=65536 far=0 fps=301.7 frame_us=5290 cull_us=3 terrain_us=1238 wait_fence_us=22 acquire_us=6 record_us=289 submit_us=287 present_us=3405 terrain_lod=high blend=0.710 quality=中画质 marker=40 npc=7
[2026-08-17T11:19:26Z INFO  steel_front] cam: yaw=-226.3 pitch=-3.5 dist=3.4 mode=FirstPerson cycle_us=6142 update_us=369 render_us=5771
[2026-08-17T11:19:26Z INFO  steel_front::engine::game] game: wave=1 enemies=1 enemy_hp=100 hp=0/100 score=50 phys_us=11 ai_us=1 audio_us=138 net_us=0
[2026-08-17T11:19:26Z INFO  steel_front::engine::renderer] visible=65536/65536 near=65536 far=0 fps=258.3 frame_us=2362 cull_us=1 terrain_us=621 wait_fence_us=11 acquire_us=3 record_us=102 submit_us=152 present_us=1393 terrain_lod=high blend=0.710 quality=中画质 marker=36 npc=7
[2026-08-17T11:19:27Z INFO  steel_front] cam: yaw=-226.3 pitch=-3.5 dist=3.4 mode=FirstPerson cycle_us=6189 update_us=384 render_us=5804
[2026-08-17T11:19:27Z INFO  steel_front::engine::game] game: wave=1 enemies=1 enemy_hp=100 hp=0/100 score=50 phys_us=42 ai_us=0 audio_us=93 net_us=0
[2026-08-17T11:19:27Z INFO  steel_front::engine::renderer] visible=65536/65536 near=65536 far=0 fps=255.2 frame_us=2856 cull_us=1 terrain_us=699 wait_fence_us=14 acquire_us=4 record_us=162 submit_us=151 present_us=1772 terrain_lod=high blend=0.710 quality=中画质 marker=41 npc=7
[2026-08-17T11:19:28Z INFO  steel_front] cam: yaw=-226.3 pitch=-3.5 dist=3.4 mode=FirstPerson cycle_us=2614 update_us=70 render_us=2543
[2026-08-17T11:19:28Z INFO  steel_front::engine::game] game: wave=1 enemies=1 enemy_hp=100 hp=0/100 score=50 phys_us=6 ai_us=0 audio_us=85 net_us=0
[2026-08-17T11:19:28Z INFO  steel_front::engine::renderer] visible=65536/65536 near=65536 far=0 fps=327.0 frame_us=2520 cull_us=0 terrain_us=509 wait_fence_us=10 acquire_us=2 record_us=82 submit_us=92 present_us=1500 terrain_lod=high blend=0.710 quality=中画质 marker=36 npc=7
[2026-08-17T11:19:29Z INFO  steel_front] cam: yaw=-226.3 pitch=-3.5 dist=3.4 mode=FirstPerson cycle_us=3290 update_us=65 render_us=3225
[2026-08-17T11:19:29Z INFO  steel_front::engine::game] game: wave=1 enemies=1 enemy_hp=100 hp=0/100 score=50 phys_us=5 ai_us=0 audio_us=62 net_us=0
[2026-08-17T11:19:29Z INFO  steel_front::engine::renderer] visible=65536/65536 near=65536 far=0 fps=331.8 frame_us=4151 cull_us=2 terrain_us=898 wait_fence_us=19 acquire_us=4 record_us=183 submit_us=201 present_us=2864 terrain_lod=high blend=0.710 quality=中画质 marker=38 npc=7
[2026-08-17T11:19:30Z INFO  steel_front] cam: yaw=-226.3 pitch=-3.5 dist=3.4 mode=FirstPerson cycle_us=3187 update_us=97 render_us=3090
[2026-08-17T11:19:30Z INFO  steel_front::engine::game] game: wave=1 enemies=1 enemy_hp=100 hp=0/100 score=50 phys_us=5 ai_us=0 audio_us=51 net_us=0
[2026-08-17T11:19:30Z INFO  steel_front] size diag: window_inner=2560x1600 hud=2560x1600
[2026-08-17T11:19:30Z INFO  steel_front] size diag: window_inner=2560x1600 hud=2560x1600
[2026-08-17T11:19:30Z INFO  steel_front] size diag: window_inner=2560x1600 hud=2560x1600
[2026-08-17T11:19:30Z INFO  steel_front] size diag: window_inner=2560x1600 hud=2560x1600
[2026-08-17T11:19:30Z INFO  steel_front] size diag: window_inner=2560x1600 hud=2560x1600
[2026-08-17T11:19:30Z INFO  steel_front] size diag: window_inner=2560x1600 hud=2560x1600
[2026-08-17T11:19:30Z INFO  steel_front] size diag: window_inner=2560x1600 hud=2560x1600
[2026-08-17T11:19:30Z INFO  steel_front] size diag: window_inner=2560x1600 hud=2560x1600
[2026-08-17T11:19:30Z INFO  steel_front] size diag: window_inner=2560x1600 hud=2560x1600
[2026-08-17T11:19:30Z INFO  steel_front] size diag: window_inner=2560x1600 hud=2560x1600
[2026-08-17T11:19:30Z INFO  steel_front] size diag: window_inner=2560x1600 hud=2560x1600
[2026-08-17T11:19:30Z INFO  steel_front] size diag: window_inner=2560x1600 hud=2560x1600
[2026-08-17T11:19:30Z INFO  steel_front] size diag: window_inner=2560x1600 hud=2560x1600
[2026-08-17T11:19:30Z INFO  steel_front] size diag: window_inner=2560x1600 hud=2560x1600
[2026-08-17T11:19:30Z INFO  steel_front] size diag: window_inner=2560x1600 hud=2560x1600
[2026-08-17T11:19:30Z INFO  steel_front] size diag: window_inner=2560x1600 hud=2560x1600
[2026-08-17T11:19:30Z INFO  steel_front] size diag: window_inner=2560x1600 hud=2560x1600
[2026-08-17T11:19:30Z INFO  steel_front::engine::renderer] visible=65536/65536 near=65536 far=0 fps=277.5 frame_us=2067 cull_us=1 terrain_us=636 wait_fence_us=11 acquire_us=3 record_us=110 submit_us=97 present_us=1190 terrain_lod=high blend=0.710 quality=中画质 marker=36 npc=7
[2026-08-17T11:19:31Z INFO  steel_front] cam: yaw=-226.3 pitch=-3.5 dist=3.4 mode=FirstPerson cycle_us=2520 update_us=65 render_us=2454
[2026-08-17T11:19:31Z INFO  steel_front::engine::game] game: wave=1 enemies=1 enemy_hp=100 hp=0/100 score=50 phys_us=4 ai_us=0 audio_us=44 net_us=0
[2026-08-17T11:19:31Z INFO  steel_front::engine::renderer] visible=65536/65536 near=65536 far=0 fps=345.4 frame_us=2069 cull_us=7 terrain_us=765 wait_fence_us=227 acquire_us=6 record_us=87 submit_us=78 present_us=1269 terrain_lod=high blend=0.710 quality=中画质 marker=37 npc=7
[2026-08-17T11:19:32Z INFO  steel_front] cam: yaw=-226.3 pitch=-3.5 dist=3.4 mode=FirstPerson cycle_us=2735 update_us=69 render_us=2665
[2026-08-17T11:19:32Z INFO  steel_front::engine::game] game: wave=1 enemies=1 enemy_hp=100 hp=0/100 score=50 phys_us=5 ai_us=0 audio_us=53 net_us=0
[2026-08-17T11:19:32Z INFO  steel_front::engine::renderer] visible=65536/65536 near=65536 far=0 fps=358.4 frame_us=2337 cull_us=1 terrain_us=772 wait_fence_us=675 acquire_us=2 record_us=71 submit_us=71 present_us=477 terrain_lod=high blend=0.710 quality=中画质 marker=36 npc=7
[2026-08-17T11:19:33Z INFO  steel_front] cam: yaw=-226.3 pitch=-3.5 dist=3.4 mode=FirstPerson cycle_us=6164 update_us=376 render_us=5786
[2026-08-17T11:19:33Z INFO  steel_front::engine::game] game: wave=1 enemies=1 enemy_hp=100 hp=0/100 score=50 phys_us=6 ai_us=0 audio_us=63 net_us=0
[2026-08-17T11:19:33Z INFO  steel_front::engine::renderer] visible=65536/65536 near=65536 far=0 fps=318.4 frame_us=1804 cull_us=1 terrain_us=700 wait_fence_us=14 acquire_us=3 record_us=110 submit_us=102 present_us=931 terrain_lod=high blend=0.710 quality=中画质 marker=36 npc=7
[2026-08-17T11:19:34Z INFO  steel_front] cam: yaw=-226.3 pitch=-3.5 dist=3.4 mode=FirstPerson cycle_us=3043 update_us=104 render_us=2938
[2026-08-17T11:19:34Z INFO  steel_front::engine::game] game: wave=1 enemies=1 enemy_hp=100 hp=0/100 score=50 phys_us=13 ai_us=0 audio_us=78 net_us=0
[2026-08-17T11:19:34Z INFO  steel_front::engine::renderer] visible=65536/65536 near=65536 far=0 fps=313.8 frame_us=1788 cull_us=1 terrain_us=597 wait_fence_us=10 acquire_us=2 record_us=83 submit_us=75 present_us=1108 terrain_lod=high blend=0.710 quality=中画质 marker=36 npc=7
[2026-08-17T11:19:35Z INFO  steel_front] cam: yaw=-226.3 pitch=-3.5 dist=3.4 mode=FirstPerson cycle_us=3887 update_us=34 render_us=3852
[2026-08-17T11:19:35Z INFO  steel_front::engine::game] game: wave=1 enemies=1 enemy_hp=100 hp=0/100 score=50 phys_us=4 ai_us=0 audio_us=32 net_us=0
[2026-08-17T11:19:35Z INFO  steel_front] size diag: window_inner=2560x1600 hud=2560x1600
[2026-08-17T11:19:35Z INFO  steel_front] size diag: window_inner=2560x1600 hud=2560x1600
[2026-08-17T11:19:35Z INFO  steel_front] size diag: window_inner=2560x1600 hud=2560x1600
[2026-08-17T11:19:35Z INFO  steel_front] size diag: window_inner=2560x1600 hud=2560x1600
[2026-08-17T11:19:35Z INFO  steel_front] size diag: window_inner=2560x1600 hud=2560x1600
[2026-08-17T11:19:35Z INFO  steel_front] size diag: window_inner=2560x1600 hud=2560x1600
[2026-08-17T11:19:35Z INFO  steel_front] size diag: window_inner=2560x1600 hud=2560x1600
[2026-08-17T11:19:35Z INFO  steel_front] size diag: window_inner=2560x1600 hud=2560x1600
[2026-08-17T11:19:35Z INFO  steel_front] size diag: window_inner=2560x1600 hud=2560x1600
[2026-08-17T11:19:35Z INFO  steel_front] size diag: window_inner=2560x1600 hud=2560x1600
[2026-08-17T11:19:35Z INFO  steel_front] size diag: window_inner=2560x1600 hud=2560x1600
[2026-08-17T11:19:35Z INFO  steel_front] size diag: window_inner=2560x1600 hud=2560x1600
[2026-08-17T11:19:35Z INFO  steel_front] size diag: window_inner=2560x1600 hud=2560x1600
[2026-08-17T11:19:35Z INFO  steel_front] size diag: window_inner=2560x1600 hud=2560x1600
[2026-08-17T11:19:35Z INFO  steel_front] size diag: window_inner=2560x1600 hud=2560x1600
[2026-08-17T11:19:35Z INFO  steel_front] size diag: window_inner=2560x1600 hud=2560x1600
[2026-08-17T11:19:35Z INFO  steel_front] size diag: window_inner=2560x1600 hud=2560x1600
[2026-08-17T11:19:35Z INFO  steel_front::engine::renderer] visible=65536/65536 near=65536 far=0 fps=347.3 frame_us=1877 cull_us=1 terrain_us=574 wait_fence_us=8 acquire_us=2 record_us=101 submit_us=91 present_us=724 terrain_lod=high blend=0.710 quality=中画质 marker=36 npc=7
[2026-08-17T11:19:36Z INFO  steel_front] cam: yaw=-226.3 pitch=-3.5 dist=3.4 mode=FirstPerson cycle_us=3911 update_us=114 render_us=3795
[2026-08-17T11:19:36Z INFO  steel_front::engine::game] game: wave=1 enemies=1 enemy_hp=100 hp=0/100 score=50 phys_us=12 ai_us=1 audio_us=223 net_us=1
[2026-08-17T11:19:36Z INFO  steel_front::engine::renderer] visible=65536/65536 near=65536 far=0 fps=253.4 frame_us=2137 cull_us=1 terrain_us=664 wait_fence_us=8 acquire_us=2 record_us=103 submit_us=89 present_us=1321 terrain_lod=high blend=0.710 quality=中画质 marker=36 npc=7
[2026-08-17T11:19:37Z INFO  steel_front] cam: yaw=-226.3 pitch=-3.5 dist=3.4 mode=FirstPerson cycle_us=2975 update_us=92 render_us=2882
[2026-08-17T11:19:37Z INFO  steel_front::engine::game] game: wave=1 enemies=1 enemy_hp=100 hp=0/100 score=50 phys_us=7 ai_us=0 audio_us=53 net_us=0
[2026-08-17T11:19:37Z INFO  steel_front::engine::renderer] visible=65536/65536 near=65536 far=0 fps=276.9 frame_us=3063 cull_us=2 terrain_us=662 wait_fence_us=132 acquire_us=3 record_us=140 submit_us=140 present_us=1059 terrain_lod=high blend=0.710 quality=中画质 marker=36 npc=7
[2026-08-17T11:19:38Z INFO  steel_front] cam: yaw=-226.3 pitch=-3.5 dist=3.4 mode=FirstPerson cycle_us=2630 update_us=32 render_us=2597
[2026-08-17T11:19:38Z INFO  steel_front::engine::game] game: wave=1 enemies=1 enemy_hp=100 hp=0/100 score=50 phys_us=4 ai_us=0 audio_us=15 net_us=0
[2026-08-17T11:19:38Z INFO  steel_front::engine::renderer] visible=65536/65536 near=65536 far=0 fps=327.3 frame_us=1784 cull_us=0 terrain_us=465 wait_fence_us=1003 acquire_us=1 record_us=57 submit_us=49 present_us=1129 terrain_lod=high blend=0.710 quality=中画质 marker=36 npc=7
[2026-08-17T11:19:39Z INFO  steel_front] cam: yaw=-226.3 pitch=-3.5 dist=3.4 mode=FirstPerson cycle_us=2661 update_us=39 render_us=2621
[2026-08-17T11:19:39Z INFO  steel_front::engine::game] game: wave=1 enemies=1 enemy_hp=100 hp=0/100 score=50 phys_us=2 ai_us=0 audio_us=20 net_us=0
[2026-08-17T11:19:39Z INFO  steel_front::engine::renderer] visible=65536/65536 near=65536 far=0 fps=357.7 frame_us=798 cull_us=0 terrain_us=424 wait_fence_us=261 acquire_us=1 record_us=43 submit_us=40 present_us=273 terrain_lod=high blend=0.710 quality=中画质 marker=36 npc=7
[2026-08-17T11:19:40Z INFO  steel_front] cam: yaw=-226.3 pitch=-3.5 dist=3.4 mode=FirstPerson cycle_us=1766 update_us=78 render_us=1688
[2026-08-17T11:19:40Z INFO  steel_front::engine::game] game: wave=1 enemies=1 enemy_hp=100 hp=0/100 score=50 phys_us=2 ai_us=0 audio_us=27 net_us=0
[2026-08-17T11:19:40Z INFO  steel_front] size diag: window_inner=2560x1600 hud=2560x1600
[2026-08-17T11:19:40Z INFO  steel_front] size diag: window_inner=2560x1600 hud=2560x1600
[2026-08-17T11:19:40Z INFO  steel_front] size diag: window_inner=2560x1600 hud=2560x1600
[2026-08-17T11:19:40Z INFO  steel_front] size diag: window_inner=2560x1600 hud=2560x1600
[2026-08-17T11:19:40Z INFO  steel_front] size diag: window_inner=2560x1600 hud=2560x1600
[2026-08-17T11:19:40Z INFO  steel_front] size diag: window_inner=2560x1600 hud=2560x1600
[2026-08-17T11:19:40Z INFO  steel_front] size diag: window_inner=2560x1600 hud=2560x1600
[2026-08-17T11:19:40Z INFO  steel_front] size diag: window_inner=2560x1600 hud=2560x1600
[2026-08-17T11:19:40Z INFO  steel_front] size diag: window_inner=2560x1600 hud=2560x1600
[2026-08-17T11:19:40Z INFO  steel_front] size diag: window_inner=2560x1600 hud=2560x1600
[2026-08-17T11:19:40Z INFO  steel_front] size diag: window_inner=2560x1600 hud=2560x1600
[2026-08-17T11:19:40Z INFO  steel_front] size diag: window_inner=2560x1600 hud=2560x1600
[2026-08-17T11:19:40Z INFO  steel_front] size diag: window_inner=2560x1600 hud=2560x1600
[2026-08-17T11:19:40Z INFO  steel_front] size diag: window_inner=2560x1600 hud=2560x1600
[2026-08-17T11:19:40Z INFO  steel_front] size diag: window_inner=2560x1600 hud=2560x1600
[2026-08-17T11:19:40Z INFO  steel_front::engine::renderer] visible=65536/65536 near=65536 far=0 fps=358.6 frame_us=2596 cull_us=1 terrain_us=596 wait_fence_us=1688 acquire_us=1 record_us=48 submit_us=37 present_us=250 terrain_lod=high blend=0.710 quality=中画质 marker=36 npc=7
[2026-08-17T11:19:41Z INFO  steel_front] game: 重开本关
[2026-08-17T11:19:41Z INFO  steel_front::engine::game] map: level 1 generated: 36 obstacle bodies (wall=20 block=0 barrier=0 tree=3 building=6 ruin=7), 203 grid cells blocked
[2026-08-17T11:19:41Z INFO  steel_front::engine::game] game: purged 1 leftover npcs on run start
[2026-08-17T11:19:41Z INFO  steel_front::engine::game] wave: npc #14 spawn (-17.6, 0.0, -22.7)
[2026-08-17T11:19:41Z INFO  steel_front::engine::game] wave: npc #15 spawn (-76.7, 0.0, -8.4)
[2026-08-17T11:19:41Z INFO  steel_front::engine::game] wave: npc #16 spawn (-129.6, 0.0, -10.4)
[2026-08-17T11:19:41Z INFO  steel_front::engine::game] wave: npc #17 spawn (-157.5, 0.4, -76.9)
[2026-08-17T11:19:41Z INFO  steel_front::engine::game] wave: npc #18 spawn (-90.5, 0.0, -97.4)
[2026-08-17T11:19:41Z INFO  steel_front::engine::game] wave: npc #19 spawn (-30.7, 0.0, -99.5)
[2026-08-17T11:19:41Z INFO  steel_front::engine::game] wave: wave 1 spawned 6 enemies (kind=Normal total=6 speed=4.0 hp=100 effective=1)
[2026-08-17T11:19:41Z INFO  steel_front::engine::game] game: run started (wave 1)
[2026-08-17T11:19:41Z INFO  steel_front] input: cursor captured (mouse look on, grab=locked, look=relative)
[2026-08-17T11:19:41Z INFO  steel_front::engine::game] physics: 36 events this frame (GroundHit, GroundHit, GroundHit, GroundHit, GroundHit, GroundHit, GroundHit, GroundHit, GroundHit, GroundHit, GroundHit, GroundHit, GroundHit, GroundHit, GroundHit, GroundHit, GroundHit, GroundHit, GroundHit, GroundHit, GroundHit, GroundHit, GroundHit, GroundHit, GroundHit, GroundHit, GroundHit, GroundHit, GroundHit, GroundHit, GroundHit, GroundHit, GroundHit, GroundHit, GroundHit, GroundHit)
[2026-08-17T11:19:41Z INFO  steel_front::engine::game] ai: npcs=6 near=6 far=0 idle=0 patrol=4 chase=2 attack=0 tactics=[4, 1, 1, 0, 0, 0, 0, 0]
[2026-08-17T11:19:41Z INFO  steel_front] cam: yaw=-183.9 pitch=0.8 dist=3.4 mode=FirstPerson cycle_us=2393 update_us=72 render_us=2321
[2026-08-17T11:19:41Z INFO  steel_front::engine::game] game: wave=1 enemies=6 enemy_hp=100 hp=100/100 score=0 phys_us=2 ai_us=11 audio_us=34 net_us=0
[2026-08-17T11:19:41Z INFO  steel_front::engine::renderer] visible=65536/65536 near=65536 far=0 fps=365.5 frame_us=2139 cull_us=0 terrain_us=0 wait_fence_us=4 acquire_us=1 record_us=113 submit_us=123 present_us=1030 terrain_lod=high blend=0.000 quality=中画质 marker=36 npc=49
[2026-08-17T11:19:42Z INFO  steel_front::engine::game] ai: npcs=6 near=2 far=4 idle=0 patrol=5 chase=1 attack=0 tactics=[4, 0, 2, 0, 0, 0, 0, 0]
[2026-08-17T11:19:42Z INFO  steel_front] cam: yaw=-72.8 pitch=0.6 dist=3.4 mode=FirstPerson cycle_us=3082 update_us=20 render_us=3062
[2026-08-17T11:19:42Z INFO  steel_front::engine::game] game: wave=1 enemies=6 enemy_hp=100 hp=100/100 score=0 phys_us=2 ai_us=6 audio_us=15 net_us=0
[2026-08-17T11:19:42Z INFO  steel_front::engine::renderer] visible=65536/65536 near=65536 far=0 fps=385.6 frame_us=1580 cull_us=1 terrain_us=0 wait_fence_us=634 acquire_us=1 record_us=58 submit_us=50 present_us=477 terrain_lod=high blend=0.000 quality=中画质 marker=36 npc=49
[2026-08-17T11:19:43Z INFO  steel_front::engine::game] ai: npcs=6 near=2 far=4 idle=0 patrol=5 chase=1 attack=0 tactics=[4, 0, 2, 0, 0, 0, 0, 0]
[2026-08-17T11:19:43Z INFO  steel_front] cam: yaw=-68.5 pitch=0.3 dist=3.4 mode=FirstPerson cycle_us=3076 update_us=35 render_us=3040
[2026-08-17T11:19:43Z INFO  steel_front::engine::game] game: wave=1 enemies=6 enemy_hp=100 hp=100/100 score=0 phys_us=5 ai_us=14 audio_us=32 net_us=0
[2026-08-17T11:19:43Z INFO  steel_front::engine::renderer] visible=65536/65536 near=65536 far=0 fps=382.2 frame_us=1337 cull_us=0 terrain_us=0 wait_fence_us=1625 acquire_us=1 record_us=60 submit_us=50 present_us=297 terrain_lod=high blend=0.000 quality=中画质 marker=36 npc=49
[2026-08-17T11:19:44Z INFO  steel_front::engine::game] ai: npcs=6 near=2 far=4 idle=0 patrol=5 chase=1 attack=0 tactics=[4, 0, 2, 0, 0, 0, 0, 0]
[2026-08-17T11:19:44Z INFO  steel_front] cam: yaw=-68.5 pitch=0.3 dist=3.4 mode=FirstPerson cycle_us=2274 update_us=43 render_us=2231
[2026-08-17T11:19:44Z INFO  steel_front::engine::game] game: wave=1 enemies=6 enemy_hp=100 hp=100/100 score=0 phys_us=3 ai_us=5 audio_us=14 net_us=0
[2026-08-17T11:19:44Z INFO  steel_front::engine::renderer] visible=65536/65536 near=65536 far=0 fps=384.7 frame_us=1872 cull_us=0 terrain_us=0 wait_fence_us=1109 acquire_us=0 record_us=54 submit_us=63 present_us=232 terrain_lod=high blend=0.000 quality=中画质 marker=36 npc=49
[2026-08-17T11:19:45Z INFO  steel_front::engine::game] ai: npcs=6 near=2 far=4 idle=0 patrol=5 chase=1 attack=0 tactics=[4, 0, 2, 0, 0, 0, 0, 0]
[2026-08-17T11:19:45Z INFO  steel_front] cam: yaw=-68.5 pitch=0.3 dist=3.4 mode=FirstPerson cycle_us=2467 update_us=37 render_us=2430
[2026-08-17T11:19:45Z INFO  steel_front::engine::game] game: wave=1 enemies=6 enemy_hp=100 hp=100/100 score=0 phys_us=2 ai_us=5 audio_us=47 net_us=0
[2026-08-17T11:19:45Z INFO  steel_front] size diag: window_inner=2560x1600 hud=2560x1600
[2026-08-17T11:19:45Z INFO  steel_front] size diag: window_inner=2560x1600 hud=2560x1600
[2026-08-17T11:19:45Z INFO  steel_front] size diag: window_inner=2560x1600 hud=2560x1600
[2026-08-17T11:19:45Z INFO  steel_front] size diag: window_inner=2560x1600 hud=2560x1600
[2026-08-17T11:19:45Z INFO  steel_front] size diag: window_inner=2560x1600 hud=2560x1600
[2026-08-17T11:19:45Z INFO  steel_front] size diag: window_inner=2560x1600 hud=2560x1600
[2026-08-17T11:19:45Z INFO  steel_front] size diag: window_inner=2560x1600 hud=2560x1600
[2026-08-17T11:19:45Z INFO  steel_front] size diag: window_inner=2560x1600 hud=2560x1600
[2026-08-17T11:19:45Z INFO  steel_front] size diag: window_inner=2560x1600 hud=2560x1600
[2026-08-17T11:19:45Z INFO  steel_front] size diag: window_inner=2560x1600 hud=2560x1600
[2026-08-17T11:19:45Z INFO  steel_front] size diag: window_inner=2560x1600 hud=2560x1600
[2026-08-17T11:19:45Z INFO  steel_front] size diag: window_inner=2560x1600 hud=2560x1600
[2026-08-17T11:19:45Z INFO  steel_front] size diag: window_inner=2560x1600 hud=2560x1600
[2026-08-17T11:19:45Z INFO  steel_front] size diag: window_inner=2560x1600 hud=2560x1600
[2026-08-17T11:19:45Z INFO  steel_front] size diag: window_inner=2560x1600 hud=2560x1600
[2026-08-17T11:19:45Z INFO  steel_front] size diag: window_inner=2560x1600 hud=2560x1600
[2026-08-17T11:19:45Z INFO  steel_front] size diag: window_inner=2560x1600 hud=2560x1600
[2026-08-17T11:19:45Z INFO  steel_front] size diag: window_inner=2560x1600 hud=2560x1600
[2026-08-17T11:19:45Z INFO  steel_front] size diag: window_inner=2560x1600 hud=2560x1600
[2026-08-17T11:19:45Z INFO  steel_front] size diag: window_inner=2560x1600 hud=2560x1600
[2026-08-17T11:19:45Z INFO  steel_front::engine::renderer] visible=65536/65536 near=65536 far=0 fps=385.7 frame_us=1937 cull_us=0 terrain_us=0 wait_fence_us=1335 acquire_us=0 record_us=61 submit_us=49 present_us=222 terrain_lod=high blend=0.000 quality=中画质 marker=36 npc=49
[2026-08-17T11:19:46Z INFO  steel_front::engine::game] ai: npcs=6 near=2 far=4 idle=0 patrol=5 chase=1 attack=0 tactics=[4, 0, 2, 0, 0, 0, 0, 0]
[2026-08-17T11:19:46Z INFO  steel_front] cam: yaw=-68.5 pitch=0.3 dist=3.4 mode=FirstPerson cycle_us=2423 update_us=42 render_us=2381
[2026-08-17T11:19:46Z INFO  steel_front::engine::game] game: wave=1 enemies=6 enemy_hp=100 hp=100/100 score=0 phys_us=2 ai_us=5 audio_us=17 net_us=1
[2026-08-17T11:19:46Z INFO  steel_front::engine::renderer] visible=65536/65536 near=65536 far=0 fps=386.0 frame_us=1873 cull_us=1 terrain_us=0 wait_fence_us=1143 acquire_us=1 record_us=54 submit_us=46 present_us=217 terrain_lod=high blend=0.000 quality=中画质 marker=36 npc=49
[2026-08-17T11:19:47Z INFO  steel_front::engine::game] ai: npcs=6 near=1 far=5 idle=0 patrol=5 chase=1 attack=0 tactics=[4, 0, 2, 0, 0, 0, 0, 0]
[2026-08-17T11:19:47Z INFO  steel_front] cam: yaw=-68.5 pitch=0.3 dist=3.4 mode=FirstPerson cycle_us=2388 update_us=47 render_us=2341
[2026-08-17T11:19:47Z INFO  steel_front::engine::game] game: wave=1 enemies=6 enemy_hp=100 hp=100/100 score=0 phys_us=1 ai_us=3 audio_us=25 net_us=0
[2026-08-17T11:19:47Z INFO  steel_front::engine::renderer] visible=65536/65536 near=65536 far=0 fps=386.2 frame_us=1707 cull_us=1 terrain_us=0 wait_fence_us=1626 acquire_us=1 record_us=33 submit_us=76 present_us=217 terrain_lod=high blend=0.000 quality=中画质 marker=36 npc=49
[2026-08-17T11:19:48Z INFO  steel_front::engine::game] ai: npcs=6 near=1 far=5 idle=0 patrol=5 chase=1 attack=0 tactics=[4, 0, 2, 0, 0, 0, 0, 0]
[2026-08-17T11:19:48Z INFO  steel_front] cam: yaw=-68.5 pitch=0.3 dist=3.4 mode=FirstPerson cycle_us=3003 update_us=28 render_us=2974
[2026-08-17T11:19:48Z INFO  steel_front::engine::game] game: wave=1 enemies=6 enemy_hp=100 hp=100/100 score=0 phys_us=2 ai_us=5 audio_us=25 net_us=0
[2026-08-17T11:19:48Z INFO  steel_front::engine::renderer] visible=65536/65536 near=65536 far=0 fps=387.0 frame_us=1338 cull_us=1 terrain_us=0 wait_fence_us=1305 acquire_us=1 record_us=54 submit_us=71 present_us=222 terrain_lod=high blend=0.000 quality=中画质 marker=36 npc=49
[2026-08-17T11:19:49Z INFO  steel_front::engine::game] ai: npcs=6 near=1 far=5 idle=0 patrol=5 chase=1 attack=0 tactics=[4, 0, 2, 0, 0, 0, 0, 0]
[2026-08-17T11:19:49Z INFO  steel_front] cam: yaw=-125.8 pitch=0.0 dist=3.4 mode=FirstPerson cycle_us=2706 update_us=41 render_us=2664
[2026-08-17T11:19:49Z INFO  steel_front::engine::game] game: wave=1 enemies=6 enemy_hp=100 hp=100/100 score=0 phys_us=2 ai_us=5 audio_us=26 net_us=0
[2026-08-17T11:19:49Z INFO  steel_front::engine::renderer] visible=65536/65536 near=65536 far=0 fps=384.2 frame_us=1667 cull_us=1 terrain_us=0 wait_fence_us=1437 acquire_us=1 record_us=88 submit_us=31 present_us=150 terrain_lod=high blend=0.000 quality=中画质 marker=36 npc=49
[2026-08-17T11:19:50Z INFO  steel_front::engine::game] ai: npcs=6 near=1 far=5 idle=0 patrol=5 chase=1 attack=0 tactics=[4, 0, 2, 0, 0, 0, 0, 0]
[2026-08-17T11:19:50Z INFO  steel_front] cam: yaw=-100.1 pitch=0.5 dist=3.4 mode=FirstPerson cycle_us=2642 update_us=39 render_us=2602
[2026-08-17T11:19:50Z INFO  steel_front::engine::game] game: wave=1 enemies=6 enemy_hp=100 hp=100/100 score=0 phys_us=1 ai_us=3 audio_us=26 net_us=0
[2026-08-17T11:19:50Z INFO  steel_front] size diag: window_inner=2560x1600 hud=2560x1600
[2026-08-17T11:19:50Z INFO  steel_front] size diag: window_inner=2560x1600 hud=2560x1600
[2026-08-17T11:19:50Z INFO  steel_front] size diag: window_inner=2560x1600 hud=2560x1600
[2026-08-17T11:19:50Z INFO  steel_front] size diag: window_inner=2560x1600 hud=2560x1600
[2026-08-17T11:19:50Z INFO  steel_front] size diag: window_inner=2560x1600 hud=2560x1600
[2026-08-17T11:19:50Z INFO  steel_front] size diag: window_inner=2560x1600 hud=2560x1600
[2026-08-17T11:19:50Z INFO  steel_front] size diag: window_inner=2560x1600 hud=2560x1600
[2026-08-17T11:19:50Z INFO  steel_front] size diag: window_inner=2560x1600 hud=2560x1600
[2026-08-17T11:19:50Z INFO  steel_front] size diag: window_inner=2560x1600 hud=2560x1600
[2026-08-17T11:19:50Z INFO  steel_front] size diag: window_inner=2560x1600 hud=2560x1600
[2026-08-17T11:19:50Z INFO  steel_front] size diag: window_inner=2560x1600 hud=2560x1600
[2026-08-17T11:19:50Z INFO  steel_front] size diag: window_inner=2560x1600 hud=2560x1600
[2026-08-17T11:19:50Z INFO  steel_front] size diag: window_inner=2560x1600 hud=2560x1600
[2026-08-17T11:19:50Z INFO  steel_front] size diag: window_inner=2560x1600 hud=2560x1600
[2026-08-17T11:19:50Z INFO  steel_front] size diag: window_inner=2560x1600 hud=2560x1600
[2026-08-17T11:19:50Z INFO  steel_front] size diag: window_inner=2560x1600 hud=2560x1600
[2026-08-17T11:19:50Z INFO  steel_front] size diag: window_inner=2560x1600 hud=2560x1600
[2026-08-17T11:19:50Z INFO  steel_front] size diag: window_inner=2560x1600 hud=2560x1600
[2026-08-17T11:19:50Z INFO  steel_front] size diag: window_inner=2560x1600 hud=2560x1600
[2026-08-17T11:19:50Z INFO  steel_front::engine::renderer] visible=65536/65536 near=65536 far=0 fps=384.1 frame_us=1231 cull_us=1 terrain_us=0 wait_fence_us=733 acquire_us=1 record_us=128 submit_us=77 present_us=563 terrain_lod=high blend=0.000 quality=中画质 marker=36 npc=49
[2026-08-17T11:19:51Z INFO  steel_front::engine::game] ai: npcs=6 near=1 far=5 idle=0 patrol=5 chase=1 attack=0 tactics=[4, 0, 2, 0, 0, 0, 0, 0]
[2026-08-17T11:19:51Z INFO  steel_front] cam: yaw=-100.1 pitch=0.5 dist=3.4 mode=FirstPerson cycle_us=2690 update_us=37 render_us=2653
[2026-08-17T11:19:51Z INFO  steel_front::engine::game] game: wave=1 enemies=6 enemy_hp=100 hp=100/100 score=0 phys_us=2 ai_us=4 audio_us=20 net_us=0
[2026-08-17T11:19:51Z INFO  steel_front::engine::renderer] visible=65536/65536 near=65536 far=0 fps=386.9 frame_us=1705 cull_us=1 terrain_us=0 wait_fence_us=829 acquire_us=1 record_us=45 submit_us=37 present_us=471 terrain_lod=high blend=0.000 quality=中画质 marker=36 npc=42
[2026-08-17T11:19:52Z INFO  steel_front::engine::game] ai: npcs=6 near=1 far=5 idle=0 patrol=5 chase=1 attack=0 tactics=[4, 0, 2, 0, 0, 0, 0, 0]
[2026-08-17T11:19:52Z INFO  steel_front::engine::game] weapons: shot #1 (1 alive) [Thompson SMG]
[2026-08-17T11:19:52Z INFO  steel_front] cam: yaw=-100.1 pitch=0.4 dist=3.4 mode=FirstPerson cycle_us=2318 update_us=48 render_us=2269
[2026-08-17T11:19:52Z INFO  steel_front::engine::game] game: wave=1 enemies=6 enemy_hp=100 hp=100/100 score=0 phys_us=1 ai_us=4 audio_us=24 net_us=0
[2026-08-17T11:19:52Z INFO  steel_front::engine::renderer] visible=65536/65536 near=65536 far=0 fps=391.3 frame_us=1285 cull_us=1 terrain_us=0 wait_fence_us=1309 acquire_us=1 record_us=44 submit_us=36 present_us=228 terrain_lod=high blend=0.000 quality=中画质 marker=37 npc=42
[2026-08-17T11:19:53Z INFO  steel_front::engine::game] ai: npcs=6 near=1 far=5 idle=0 patrol=5 chase=1 attack=0 tactics=[4, 0, 2, 0, 0, 0, 0, 0]
[2026-08-17T11:19:53Z INFO  steel_front::engine::game] explosion: at (158.6, 0.7, 16.0) radius=8 dmg=60 knockback=false
[2026-08-17T11:19:53Z INFO  steel_front::engine::game] weapons: 1 projectile hit(s), total_hits=1
[2026-08-17T11:19:53Z INFO  steel_front] cam: yaw=-207.6 pitch=-3.4 dist=3.4 mode=FirstPerson cycle_us=2572 update_us=49 render_us=2523
[2026-08-17T11:19:53Z INFO  steel_front::engine::game] game: wave=1 enemies=6 enemy_hp=100 hp=100/100 score=0 phys_us=1 ai_us=5 audio_us=15 net_us=0
[2026-08-17T11:19:53Z INFO  steel_front::engine::renderer] visible=65536/65536 near=65536 far=0 fps=386.4 frame_us=1848 cull_us=0 terrain_us=0 wait_fence_us=1092 acquire_us=1 record_us=41 submit_us=34 present_us=224 terrain_lod=high blend=0.000 quality=中画质 marker=36 npc=42
[2026-08-17T11:19:54Z INFO  steel_front::engine::game] ai: npcs=6 near=1 far=5 idle=0 patrol=5 chase=1 attack=0 tactics=[4, 0, 2, 0, 0, 0, 0, 0]
[2026-08-17T11:19:54Z INFO  steel_front] cam: yaw=-91.4 pitch=-2.2 dist=3.4 mode=FirstPerson cycle_us=2651 update_us=37 render_us=2614
[2026-08-17T11:19:54Z INFO  steel_front::engine::game] game: wave=1 enemies=6 enemy_hp=100 hp=100/100 score=0 phys_us=1 ai_us=3 audio_us=24 net_us=0
[2026-08-17T11:19:54Z INFO  steel_front::engine::renderer] visible=65536/65536 near=65536 far=0 fps=388.6 frame_us=1844 cull_us=1 terrain_us=0 wait_fence_us=1420 acquire_us=1 record_us=44 submit_us=65 present_us=265 terrain_lod=high blend=0.000 quality=中画质 marker=36 npc=42
[2026-08-17T11:19:55Z INFO  steel_front::engine::game] ai: npcs=6 near=1 far=5 idle=0 patrol=5 chase=1 attack=0 tactics=[4, 0, 2, 0, 0, 0, 0, 0]
[2026-08-17T11:19:55Z INFO  steel_front::engine::game] weapons: shot #2 (1 alive) [Thompson SMG]
[2026-08-17T11:19:55Z INFO  steel_front] cam: yaw=-175.9 pitch=7.6 dist=3.4 mode=FirstPerson cycle_us=2460 update_us=41 render_us=2419
[2026-08-17T11:19:55Z INFO  steel_front::engine::game] game: wave=1 enemies=6 enemy_hp=100 hp=100/100 score=0 phys_us=2 ai_us=6 audio_us=27 net_us=0
[2026-08-17T11:19:55Z INFO  steel_front] size diag: window_inner=2560x1600 hud=2560x1600
[2026-08-17T11:19:55Z INFO  steel_front] size diag: window_inner=2560x1600 hud=2560x1600
[2026-08-17T11:19:55Z INFO  steel_front] size diag: window_inner=2560x1600 hud=2560x1600
[2026-08-17T11:19:55Z INFO  steel_front] size diag: window_inner=2560x1600 hud=2560x1600
[2026-08-17T11:19:55Z INFO  steel_front] size diag: window_inner=2560x1600 hud=2560x1600
[2026-08-17T11:19:55Z INFO  steel_front] size diag: window_inner=2560x1600 hud=2560x1600
[2026-08-17T11:19:55Z INFO  steel_front] size diag: window_inner=2560x1600 hud=2560x1600
[2026-08-17T11:19:55Z INFO  steel_front] size diag: window_inner=2560x1600 hud=2560x1600
[2026-08-17T11:19:55Z INFO  steel_front] size diag: window_inner=2560x1600 hud=2560x1600
[2026-08-17T11:19:55Z INFO  steel_front] size diag: window_inner=2560x1600 hud=2560x1600
[2026-08-17T11:19:55Z INFO  steel_front] size diag: window_inner=2560x1600 hud=2560x1600
[2026-08-17T11:19:55Z INFO  steel_front] size diag: window_inner=2560x1600 hud=2560x1600
[2026-08-17T11:19:55Z INFO  steel_front] size diag: window_inner=2560x1600 hud=2560x1600
[2026-08-17T11:19:55Z INFO  steel_front] size diag: window_inner=2560x1600 hud=2560x1600
[2026-08-17T11:19:55Z INFO  steel_front] size diag: window_inner=2560x1600 hud=2560x1600
[2026-08-17T11:19:55Z INFO  steel_front] size diag: window_inner=2560x1600 hud=2560x1600
[2026-08-17T11:19:55Z INFO  steel_front] size diag: window_inner=2560x1600 hud=2560x1600
[2026-08-17T11:19:55Z INFO  steel_front] size diag: window_inner=2560x1600 hud=2560x1600
[2026-08-17T11:19:55Z INFO  steel_front] size diag: window_inner=2560x1600 hud=2560x1600
[2026-08-17T11:19:55Z INFO  steel_front] size diag: window_inner=2560x1600 hud=2560x1600
[2026-08-17T11:19:55Z INFO  steel_front::engine::renderer] visible=65536/65536 near=65536 far=0 fps=382.6 frame_us=1389 cull_us=1 terrain_us=0 wait_fence_us=1580 acquire_us=1 record_us=28 submit_us=27 present_us=345 terrain_lod=high blend=0.000 quality=中画质 marker=36 npc=42
[2026-08-17T11:19:56Z INFO  steel_front::engine::game] ai: npcs=6 near=1 far=5 idle=0 patrol=5 chase=1 attack=0 tactics=[4, 1, 1, 0, 0, 0, 0, 0]
[2026-08-17T11:19:56Z INFO  steel_front::engine::game] explosion: at (196.7, 3.6, 5.0) radius=8 dmg=60 knockback=true
[2026-08-17T11:19:56Z INFO  steel_front::engine::game] weapons: shot #3 (1 alive) [Thompson SMG]
[2026-08-17T11:19:56Z INFO  steel_front] cam: yaw=-209.1 pitch=0.5 dist=3.4 mode=FirstPerson cycle_us=2539 update_us=43 render_us=2496
[2026-08-17T11:19:56Z INFO  steel_front::engine::game] game: wave=1 enemies=6 enemy_hp=100 hp=100/100 score=0 phys_us=1 ai_us=9 audio_us=42 net_us=1
[2026-08-17T11:19:56Z INFO  steel_front::engine::renderer] visible=65536/65536 near=65536 far=0 fps=380.9 frame_us=1173 cull_us=2 terrain_us=0 wait_fence_us=1367 acquire_us=1 record_us=58 submit_us=41 present_us=252 terrain_lod=high blend=0.000 quality=中画质 marker=37 npc=42
[2026-08-17T11:19:57Z INFO  steel_front::engine::game] ai: npcs=6 near=1 far=5 idle=0 patrol=5 chase=1 attack=0 tactics=[4, 0, 2, 0, 0, 0, 0, 0]
[2026-08-17T11:19:57Z INFO  steel_front::engine::game] explosion: at (-9.0, 0.1, 129.3) radius=8 dmg=60 knockback=true
[2026-08-17T11:19:57Z INFO  steel_front] cam: yaw=-121.4 pitch=-2.6 dist=3.4 mode=FirstPerson cycle_us=2703 update_us=34 render_us=2669
[2026-08-17T11:19:57Z INFO  steel_front::engine::game] game: wave=1 enemies=6 enemy_hp=100 hp=100/100 score=0 phys_us=3 ai_us=10 audio_us=42 net_us=0
[2026-08-17T11:19:57Z INFO  steel_front::engine::renderer] visible=65536/65536 near=65536 far=0 fps=382.2 frame_us=1789 cull_us=1 terrain_us=0 wait_fence_us=1356 acquire_us=1 record_us=44 submit_us=37 present_us=229 terrain_lod=high blend=0.000 quality=中画质 marker=40 npc=42
[2026-08-17T11:19:58Z INFO  steel_front::engine::game] ai: npcs=6 near=1 far=5 idle=0 patrol=5 chase=1 attack=0 tactics=[4, 0, 2, 0, 0, 0, 0, 0]
[2026-08-17T11:19:58Z INFO  steel_front] cam: yaw=-97.3 pitch=2.4 dist=3.4 mode=FirstPerson cycle_us=2841 update_us=36 render_us=2804
[2026-08-17T11:19:58Z INFO  steel_front::engine::game] game: wave=1 enemies=6 enemy_hp=100 hp=100/100 score=0 phys_us=2 ai_us=4 audio_us=23 net_us=0
[2026-08-17T11:19:58Z INFO  steel_front::engine::renderer] visible=65536/65536 near=65536 far=0 fps=380.3 frame_us=1634 cull_us=1 terrain_us=0 wait_fence_us=1293 acquire_us=1 record_us=44 submit_us=40 present_us=307 terrain_lod=high blend=0.000 quality=中画质 marker=36 npc=42
[2026-08-17T11:19:59Z INFO  steel_front::engine::game] ai: npcs=6 near=1 far=5 idle=0 patrol=5 chase=1 attack=0 tactics=[4, 0, 2, 0, 0, 0, 0, 0]
[2026-08-17T11:19:59Z INFO  steel_front] cam: yaw=-96.7 pitch=3.8 dist=3.4 mode=FirstPerson cycle_us=2680 update_us=41 render_us=2638
[2026-08-17T11:19:59Z INFO  steel_front::engine::game] game: wave=1 enemies=6 enemy_hp=100 hp=100/100 score=0 phys_us=1 ai_us=3 audio_us=25 net_us=0
[2026-08-17T11:19:59Z INFO  steel_front::engine::renderer] visible=65536/65536 near=65536 far=0 fps=382.7 frame_us=1946 cull_us=0 terrain_us=0 wait_fence_us=1101 acquire_us=0 record_us=43 submit_us=35 present_us=493 terrain_lod=high blend=0.000 quality=中画质 marker=36 npc=42
[2026-08-17T11:20:00Z INFO  steel_front::engine::game] ai: npcs=6 near=1 far=5 idle=0 patrol=5 chase=1 attack=0 tactics=[4, 2, 0, 0, 0, 0, 0, 0]
[2026-08-17T11:20:00Z INFO  steel_front] cam: yaw=-208.1 pitch=3.3 dist=3.4 mode=FirstPerson cycle_us=2301 update_us=43 render_us=2257
[2026-08-17T11:20:00Z INFO  steel_front::engine::game] game: wave=1 enemies=6 enemy_hp=100 hp=100/100 score=0 phys_us=1 ai_us=3 audio_us=23 net_us=0
[2026-08-17T11:20:00Z INFO  steel_front] size diag: window_inner=2560x1600 hud=2560x1600
[2026-08-17T11:20:00Z INFO  steel_front] size diag: window_inner=2560x1600 hud=2560x1600
[2026-08-17T11:20:00Z INFO  steel_front] size diag: window_inner=2560x1600 hud=2560x1600
[2026-08-17T11:20:00Z INFO  steel_front] size diag: window_inner=2560x1600 hud=2560x1600
[2026-08-17T11:20:00Z INFO  steel_front] size diag: window_inner=2560x1600 hud=2560x1600
[2026-08-17T11:20:00Z INFO  steel_front] size diag: window_inner=2560x1600 hud=2560x1600
[2026-08-17T11:20:00Z INFO  steel_front] size diag: window_inner=2560x1600 hud=2560x1600
[2026-08-17T11:20:00Z INFO  steel_front] size diag: window_inner=2560x1600 hud=2560x1600
[2026-08-17T11:20:00Z INFO  steel_front] size diag: window_inner=2560x1600 hud=2560x1600
[2026-08-17T11:20:00Z INFO  steel_front] size diag: window_inner=2560x1600 hud=2560x1600
[2026-08-17T11:20:00Z INFO  steel_front] size diag: window_inner=2560x1600 hud=2560x1600
[2026-08-17T11:20:00Z INFO  steel_front] size diag: window_inner=2560x1600 hud=2560x1600
[2026-08-17T11:20:00Z INFO  steel_front] size diag: window_inner=2560x1600 hud=2560x1600
[2026-08-17T11:20:00Z INFO  steel_front] size diag: window_inner=2560x1600 hud=2560x1600
[2026-08-17T11:20:00Z INFO  steel_front] size diag: window_inner=2560x1600 hud=2560x1600
[2026-08-17T11:20:00Z INFO  steel_front] size diag: window_inner=2560x1600 hud=2560x1600
[2026-08-17T11:20:00Z INFO  steel_front] size diag: window_inner=2560x1600 hud=2560x1600
[2026-08-17T11:20:00Z INFO  steel_front] size diag: window_inner=2560x1600 hud=2560x1600
[2026-08-17T11:20:00Z INFO  steel_front] size diag: window_inner=2560x1600 hud=2560x1600
[2026-08-17T11:20:00Z INFO  steel_front::engine::renderer] visible=65536/65536 near=65536 far=0 fps=379.9 frame_us=1853 cull_us=1 terrain_us=0 wait_fence_us=1273 acquire_us=1 record_us=43 submit_us=37 present_us=214 terrain_lod=high blend=0.000 quality=中画质 marker=36 npc=42
[2026-08-17T11:20:01Z INFO  steel_front::engine::game] ai: npcs=6 near=1 far=5 idle=0 patrol=5 chase=1 attack=0 tactics=[4, 1, 1, 0, 0, 0, 0, 0]
[2026-08-17T11:20:01Z INFO  steel_front] cam: yaw=-184.8 pitch=1.8 dist=3.4 mode=FirstPerson cycle_us=2862 update_us=28 render_us=2834
[2026-08-17T11:20:01Z INFO  steel_front::engine::game] game: wave=1 enemies=6 enemy_hp=100 hp=100/100 score=0 phys_us=2 ai_us=8 audio_us=20 net_us=0
[2026-08-17T11:20:02Z INFO  steel_front::engine::renderer] visible=65536/65536 near=65536 far=0 fps=383.8 frame_us=1695 cull_us=1 terrain_us=0 wait_fence_us=1287 acquire_us=1 record_us=46 submit_us=36 present_us=227 terrain_lod=high blend=0.000 quality=中画质 marker=36 npc=42
[2026-08-17T11:20:02Z INFO  steel_front::engine::game] ai: npcs=6 near=1 far=5 idle=0 patrol=5 chase=1 attack=0 tactics=[4, 0, 2, 0, 0, 0, 0, 0]
[2026-08-17T11:20:02Z INFO  steel_front] cam: yaw=-198.4 pitch=4.8 dist=3.4 mode=FirstPerson cycle_us=2279 update_us=39 render_us=2240
[2026-08-17T11:20:02Z INFO  steel_front::engine::game] game: wave=1 enemies=6 enemy_hp=100 hp=100/100 score=0 phys_us=1 ai_us=4 audio_us=29 net_us=0
[2026-08-17T11:20:03Z INFO  steel_front::engine::renderer] visible=65536/65536 near=65536 far=0 fps=382.0 frame_us=986 cull_us=1 terrain_us=0 wait_fence_us=1784 acquire_us=1 record_us=26 submit_us=31 present_us=135 terrain_lod=high blend=0.000 quality=中画质 marker=36 npc=42
[2026-08-17T11:20:03Z INFO  steel_front::engine::game] ai: npcs=6 near=1 far=5 idle=0 patrol=5 chase=1 attack=0 tactics=[4, 1, 1, 0, 0, 0, 0, 0]
[2026-08-17T11:20:03Z INFO  steel_front] cam: yaw=-292.4 pitch=0.1 dist=3.4 mode=FirstPerson cycle_us=2450 update_us=54 render_us=2396
[2026-08-17T11:20:03Z INFO  steel_front::engine::game] game: wave=1 enemies=6 enemy_hp=100 hp=100/100 score=0 phys_us=1 ai_us=5 audio_us=16 net_us=0
[2026-08-17T11:20:04Z INFO  steel_front::engine::renderer] visible=65536/65536 near=65536 far=0 fps=384.9 frame_us=1552 cull_us=6 terrain_us=0 wait_fence_us=928 acquire_us=4 record_us=38 submit_us=36 present_us=378 terrain_lod=high blend=0.000 quality=中画质 marker=36 npc=42
[2026-08-17T11:20:04Z INFO  steel_front::engine::game] ai: npcs=6 near=1 far=5 idle=0 patrol=5 chase=1 attack=0 tactics=[4, 2, 0, 0, 0, 0, 0, 0]
[2026-08-17T11:20:04Z INFO  steel_front] cam: yaw=-341.9 pitch=-2.3 dist=3.4 mode=FirstPerson cycle_us=2399 update_us=38 render_us=2361
[2026-08-17T11:20:04Z INFO  steel_front::engine::game] game: wave=1 enemies=6 enemy_hp=100 hp=100/100 score=0 phys_us=1 ai_us=4 audio_us=22 net_us=0
[2026-08-17T11:20:05Z INFO  steel_front::engine::renderer] visible=65536/65536 near=65536 far=0 fps=380.7 frame_us=1974 cull_us=0 terrain_us=0 wait_fence_us=999 acquire_us=0 record_us=44 submit_us=36 present_us=213 terrain_lod=high blend=0.000 quality=中画质 marker=36 npc=42
[2026-08-17T11:20:05Z INFO  steel_front::engine::game] ai: npcs=6 near=1 far=5 idle=0 patrol=5 chase=1 attack=0 tactics=[4, 2, 0, 0, 0, 0, 0, 0]
[2026-08-17T11:20:05Z INFO  steel_front::engine::game] weapons: shot #4 (1 alive) [Thompson SMG]
[2026-08-17T11:20:05Z INFO  steel_front::engine::game] weapons: shot #5 (2 alive) [Thompson SMG]
[2026-08-17T11:20:05Z INFO  steel_front] cam: yaw=-349.5 pitch=1.3 dist=3.4 mode=FirstPerson cycle_us=3100 update_us=37 render_us=3062
[2026-08-17T11:20:05Z INFO  steel_front::engine::game] game: wave=1 enemies=6 enemy_hp=100 hp=100/100 score=0 phys_us=1 ai_us=3 audio_us=34 net_us=0
[2026-08-17T11:20:05Z INFO  steel_front] size diag: window_inner=2560x1600 hud=2560x1600
[2026-08-17T11:20:05Z INFO  steel_front] size diag: window_inner=2560x1600 hud=2560x1600
[2026-08-17T11:20:05Z INFO  steel_front] size diag: window_inner=2560x1600 hud=2560x1600
[2026-08-17T11:20:05Z INFO  steel_front] size diag: window_inner=2560x1600 hud=2560x1600
[2026-08-17T11:20:05Z INFO  steel_front] size diag: window_inner=2560x1600 hud=2560x1600
[2026-08-17T11:20:05Z INFO  steel_front] size diag: window_inner=2560x1600 hud=2560x1600
[2026-08-17T11:20:05Z INFO  steel_front] size diag: window_inner=2560x1600 hud=2560x1600
[2026-08-17T11:20:05Z INFO  steel_front] size diag: window_inner=2560x1600 hud=2560x1600
[2026-08-17T11:20:05Z INFO  steel_front] size diag: window_inner=2560x1600 hud=2560x1600
[2026-08-17T11:20:05Z INFO  steel_front] size diag: window_inner=2560x1600 hud=2560x1600
[2026-08-17T11:20:05Z INFO  steel_front] size diag: window_inner=2560x1600 hud=2560x1600
[2026-08-17T11:20:05Z INFO  steel_front] size diag: window_inner=2560x1600 hud=2560x1600
[2026-08-17T11:20:05Z INFO  steel_front] size diag: window_inner=2560x1600 hud=2560x1600
[2026-08-17T11:20:05Z INFO  steel_front] size diag: window_inner=2560x1600 hud=2560x1600
[2026-08-17T11:20:05Z INFO  steel_front] size diag: window_inner=2560x1600 hud=2560x1600
[2026-08-17T11:20:05Z INFO  steel_front] size diag: window_inner=2560x1600 hud=2560x1600
[2026-08-17T11:20:05Z INFO  steel_front] size diag: window_inner=2560x1600 hud=2560x1600
[2026-08-17T11:20:05Z INFO  steel_front] size diag: window_inner=2560x1600 hud=2560x1600
[2026-08-17T11:20:05Z INFO  steel_front] size diag: window_inner=2560x1600 hud=2560x1600
[2026-08-17T11:20:05Z INFO  steel_front] size diag: window_inner=2560x1600 hud=2560x1600
[2026-08-17T11:20:05Z INFO  steel_front::engine::game] weapons: shot #6 (3 alive) [Thompson SMG]
[2026-08-17T11:20:06Z INFO  steel_front::engine::renderer] visible=65536/65536 near=65536 far=0 fps=384.3 frame_us=1543 cull_us=1 terrain_us=0 wait_fence_us=1595 acquire_us=1 record_us=54 submit_us=46 present_us=216 terrain_lod=high blend=0.000 quality=中画质 marker=39 npc=42
[2026-08-17T11:20:06Z INFO  steel_front::engine::game] ai: npcs=6 near=1 far=5 idle=0 patrol=5 chase=1 attack=0 tactics=[4, 2, 0, 0, 0, 0, 0, 0]
[2026-08-17T11:20:06Z INFO  steel_front::engine::game] weapons: shot #7 (4 alive) [Thompson SMG]
[2026-08-17T11:20:06Z INFO  steel_front::engine::game] weapons: 1 projectile hit(s), total_hits=2
[2026-08-17T11:20:06Z INFO  steel_front::engine::game] weapons: shot #8 (4 alive) [Thompson SMG]
[2026-08-17T11:20:06Z INFO  steel_front::engine::game] explosion: at (29.9, 1.7, -122.5) radius=8 dmg=60 knockback=true
[2026-08-17T11:20:06Z INFO  steel_front::engine::game] weapons: 1 projectile hit(s), total_hits=3
[2026-08-17T11:20:06Z INFO  steel_front::engine::game] weapons: shot #9 (3 alive) [Thompson SMG]
[2026-08-17T11:20:06Z INFO  steel_front] cam: yaw=-354.5 pitch=1.8 dist=3.4 mode=FirstPerson cycle_us=2355 update_us=63 render_us=2292
[2026-08-17T11:20:06Z INFO  steel_front::engine::game] game: wave=1 enemies=6 enemy_hp=100 hp=100/100 score=0 phys_us=2 ai_us=5 audio_us=30 net_us=0
[2026-08-17T11:20:06Z INFO  steel_front::engine::game] explosion: at (29.3, -1.7, -123.1) radius=8 dmg=60 knockback=true
[2026-08-17T11:20:06Z INFO  steel_front::engine::game] weapons: shot #10 (3 alive) [Thompson SMG]
[2026-08-17T11:20:06Z INFO  steel_front::engine::game] weapons: 1 projectile hit(s), total_hits=4
[2026-08-17T11:20:06Z INFO  steel_front::engine::game] explosion: at (35.6, 0.9, -113.1) radius=8 dmg=60 knockback=false
[2026-08-17T11:20:06Z INFO  steel_front::engine::game] weapons: 1 projectile hit(s), total_hits=5
[2026-08-17T11:20:07Z INFO  steel_front::engine::renderer] visible=65536/65536 near=65536 far=0 fps=389.2 frame_us=2039 cull_us=0 terrain_us=0 wait_fence_us=1276 acquire_us=0 record_us=54 submit_us=59 present_us=233 terrain_lod=high blend=0.000 quality=中画质 marker=46 npc=42
[2026-08-17T11:20:07Z INFO  steel_front::engine::game] weapons: shot #11 (2 alive) [Thompson SMG]
[2026-08-17T11:20:07Z INFO  steel_front::engine::game] ai: npcs=6 near=1 far=5 idle=0 patrol=5 chase=1 attack=0 tactics=[4, 2, 0, 0, 0, 0, 0, 0]
[2026-08-17T11:20:07Z INFO  steel_front::engine::game] weapons: shot #12 (3 alive) [Thompson SMG]
[2026-08-17T11:20:07Z INFO  steel_front::engine::game] weapons: shot #13 (4 alive) [Thompson SMG]
[2026-08-17T11:20:07Z INFO  steel_front::engine::game] weapons: 1 projectile hit(s), total_hits=6
[2026-08-17T11:20:07Z INFO  steel_front::engine::game] weapons: shot #14 (4 alive) [Thompson SMG]
[2026-08-17T11:20:07Z INFO  steel_front] cam: yaw=-367.5 pitch=2.3 dist=3.4 mode=FirstPerson cycle_us=2559 update_us=30 render_us=2529
[2026-08-17T11:20:07Z INFO  steel_front::engine::game] weapons: 1 projectile hit(s), total_hits=7
[2026-08-17T11:20:07Z INFO  steel_front::engine::game] game: wave=1 enemies=6 enemy_hp=100 hp=100/100 score=0 phys_us=1 ai_us=3 audio_us=20 net_us=0
[2026-08-17T11:20:07Z INFO  steel_front::engine::game] weapons: shot #15 (4 alive) [Thompson SMG]
[2026-08-17T11:20:07Z INFO  steel_front::engine::game] explosion: at (40.7, -2.2, -129.2) radius=8 dmg=60 knockback=true
[2026-08-17T11:20:07Z INFO  steel_front::engine::game] weapons: shot #16 (4 alive) [Thompson SMG]
[2026-08-17T11:20:08Z INFO  steel_front::engine::renderer] visible=65536/65536 near=65536 far=0 fps=388.4 frame_us=1901 cull_us=1 terrain_us=0 wait_fence_us=1399 acquire_us=1 record_us=55 submit_us=49 present_us=227 terrain_lod=high blend=0.000 quality=中画质 marker=44 npc=42
[2026-08-17T11:20:08Z INFO  steel_front::engine::game] ai: npcs=6 near=1 far=5 idle=0 patrol=5 chase=1 attack=0 tactics=[4, 2, 0, 0, 0, 0, 0, 0]
[2026-08-17T11:20:08Z INFO  steel_front::engine::game] explosion: at (56.2, 0.0, -114.1) radius=8 dmg=60 knockback=false
[2026-08-17T11:20:08Z INFO  steel_front::engine::game] weapons: 1 projectile hit(s), total_hits=8
[2026-08-17T11:20:08Z INFO  steel_front::engine::game] weapons: shot #17 (4 alive) [Thompson SMG]
[2026-08-17T11:20:08Z INFO  steel_front::engine::game] explosion: at (58.0, 0.8, -114.1) radius=8 dmg=60 knockback=false
[2026-08-17T11:20:08Z INFO  steel_front::engine::game] weapons: 1 projectile hit(s), total_hits=9
[2026-08-17T11:20:08Z INFO  steel_front::engine::game] weapons: shot #18 (4 alive) [Thompson SMG]
[2026-08-17T11:20:08Z INFO  steel_front::engine::game] weapons: shot #19 (5 alive) [Thompson SMG]
[2026-08-17T11:20:08Z INFO  steel_front::engine::game] weapons: 1 projectile hit(s), total_hits=10
[2026-08-17T11:20:08Z INFO  steel_front] cam: yaw=-379.8 pitch=3.3 dist=3.4 mode=FirstPerson cycle_us=1910 update_us=36 render_us=1873
[2026-08-17T11:20:08Z INFO  steel_front::engine::game] game: wave=1 enemies=6 enemy_hp=100 hp=100/100 score=0 phys_us=2 ai_us=6 audio_us=16 net_us=0
[2026-08-17T11:20:08Z INFO  steel_front::engine::game] weapons: shot #20 (5 alive) [Thompson SMG]
[2026-08-17T11:20:08Z INFO  steel_front::engine::game] weapons: 1 projectile hit(s), total_hits=11
[2026-08-17T11:20:08Z INFO  steel_front::engine::game] explosion: at (71.5, -3.8, -133.1) radius=8 dmg=60 knockback=true
[2026-08-17T11:20:08Z INFO  steel_front::engine::game] weapons: shot #21 (4 alive) [Thompson SMG]
[2026-08-17T11:20:09Z INFO  steel_front::engine::renderer] visible=65536/65536 near=65536 far=0 fps=386.4 frame_us=1571 cull_us=1 terrain_us=0 wait_fence_us=1507 acquire_us=1 record_us=55 submit_us=49 present_us=256 terrain_lod=high blend=0.000 quality=中画质 marker=44 npc=42
[2026-08-17T11:20:09Z INFO  steel_front::engine::game] ai: npcs=6 near=1 far=5 idle=0 patrol=5 chase=1 attack=0 tactics=[4, 0, 1, 0, 0, 1, 0, 0]
[2026-08-17T11:20:09Z INFO  steel_front::engine::game] explosion: at (75.6, -1.6, -133.1) radius=8 dmg=60 knockback=true
[2026-08-17T11:20:09Z INFO  steel_front::engine::game] weapons: shot #22 (4 alive) [Thompson SMG]
[2026-08-17T11:20:09Z INFO  steel_front::engine::game] weapons: 1 projectile hit(s), total_hits=12
[2026-08-17T11:20:09Z INFO  steel_front::engine::game] explosion: at (82.1, -2.9, -132.6) radius=8 dmg=60 knockback=true
[2026-08-17T11:20:09Z INFO  steel_front::engine::game] weapons: shot #23 (3 alive) [Thompson SMG]
[2026-08-17T11:20:09Z INFO  steel_front::engine::game] kill: npc #14 eliminated (wave 1) score=10
[2026-08-17T11:20:09Z INFO  steel_front::engine::game] weapons: 1 projectile hit(s), total_hits=13
[2026-08-17T11:20:09Z INFO  steel_front::engine::game] explosion: at (82.1, -2.0, -133.1) radius=8 dmg=60 knockback=true
[2026-08-17T11:20:09Z INFO  steel_front::engine::game] weapons: shot #24 (2 alive) [Thompson SMG]
[2026-08-17T11:20:09Z INFO  steel_front] cam: yaw=-392.8 pitch=3.7 dist=3.4 mode=FirstPerson cycle_us=2375 update_us=49 render_us=2325
[2026-08-17T11:20:09Z INFO  steel_front::engine::game] game: wave=1 enemies=5 enemy_hp=100 hp=100/100 score=10 phys_us=2 ai_us=4 audio_us=65 net_us=0
[2026-08-17T11:20:09Z INFO  steel_front::engine::game] weapons: shot #25 (3 alive) [Thompson SMG]
[2026-08-17T11:20:10Z INFO  steel_front::engine::renderer] visible=65536/65536 near=65536 far=0 fps=384.8 frame_us=2474 cull_us=1 terrain_us=0 wait_fence_us=5 acquire_us=4 record_us=70 submit_us=70 present_us=773 terrain_lod=high blend=0.000 quality=中画质 marker=38 npc=42
[2026-08-17T11:20:10Z INFO  steel_front::engine::game] ai: npcs=5 near=0 far=5 idle=0 patrol=5 chase=0 attack=0 tactics=[4, 0, 1, 0, 0, 0, 0, 0]
[2026-08-17T11:20:10Z INFO  steel_front::engine::game] explosion: at (107.1, -3.4, -128.0) radius=8 dmg=60 knockback=true
[2026-08-17T11:20:10Z INFO  steel_front] cam: yaw=-355.9 pitch=4.7 dist=3.4 mode=FirstPerson cycle_us=2890 update_us=41 render_us=2849
[2026-08-17T11:20:10Z INFO  steel_front::engine::game] explosion: at (129.7, -6.6, -118.8) radius=8 dmg=60 knockback=true
[2026-08-17T11:20:10Z INFO  steel_front::engine::game] game: wave=1 enemies=5 enemy_hp=100 hp=100/100 score=10 phys_us=2 ai_us=5 audio_us=44 net_us=0
[2026-08-17T11:20:10Z INFO  steel_front] size diag: window_inner=2560x1600 hud=2560x1600
[2026-08-17T11:20:10Z INFO  steel_front] size diag: window_inner=2560x1600 hud=2560x1600
[2026-08-17T11:20:10Z INFO  steel_front] size diag: window_inner=2560x1600 hud=2560x1600
[2026-08-17T11:20:10Z INFO  steel_front] size diag: window_inner=2560x1600 hud=2560x1600
[2026-08-17T11:20:10Z INFO  steel_front] size diag: window_inner=2560x1600 hud=2560x1600
[2026-08-17T11:20:10Z INFO  steel_front] size diag: window_inner=2560x1600 hud=2560x1600
[2026-08-17T11:20:10Z INFO  steel_front] size diag: window_inner=2560x1600 hud=2560x1600
[2026-08-17T11:20:10Z INFO  steel_front] size diag: window_inner=2560x1600 hud=2560x1600
[2026-08-17T11:20:10Z INFO  steel_front] size diag: window_inner=2560x1600 hud=2560x1600
[2026-08-17T11:20:10Z INFO  steel_front] size diag: window_inner=2560x1600 hud=2560x1600
[2026-08-17T11:20:10Z INFO  steel_front] size diag: window_inner=2560x1600 hud=2560x1600
[2026-08-17T11:20:10Z INFO  steel_front] size diag: window_inner=2560x1600 hud=2560x1600
[2026-08-17T11:20:10Z INFO  steel_front] size diag: window_inner=2560x1600 hud=2560x1600
[2026-08-17T11:20:10Z INFO  steel_front] size diag: window_inner=2560x1600 hud=2560x1600
[2026-08-17T11:20:10Z INFO  steel_front] size diag: window_inner=2560x1600 hud=2560x1600
[2026-08-17T11:20:10Z INFO  steel_front] size diag: window_inner=2560x1600 hud=2560x1600
[2026-08-17T11:20:10Z INFO  steel_front] size diag: window_inner=2560x1600 hud=2560x1600
[2026-08-17T11:20:10Z INFO  steel_front] size diag: window_inner=2560x1600 hud=2560x1600
[2026-08-17T11:20:10Z INFO  steel_front] size diag: window_inner=2560x1600 hud=2560x1600
[2026-08-17T11:20:10Z INFO  steel_front::engine::game] explosion: at (133.9, -5.6, -117.8) radius=8 dmg=60 knockback=true
[2026-08-17T11:20:11Z INFO  steel_front::engine::renderer] visible=65536/65536 near=65536 far=0 fps=384.5 frame_us=2250 cull_us=1 terrain_us=0 wait_fence_us=1246 acquire_us=1 record_us=56 submit_us=51 present_us=226 terrain_lod=high blend=0.000 quality=中画质 marker=44 npc=42
[2026-08-17T11:20:11Z INFO  steel_front::engine::game] ai: npcs=5 near=0 far=5 idle=0 patrol=5 chase=0 attack=0 tactics=[4, 1, 0, 0, 0, 0, 0, 0]
[2026-08-17T11:20:11Z INFO  steel_front] cam: yaw=-340.2 pitch=0.3 dist=3.4 mode=FirstPerson cycle_us=2740 update_us=21 render_us=2718
[2026-08-17T11:20:11Z INFO  steel_front::engine::game] game: wave=1 enemies=5 enemy_hp=100 hp=100/100 score=10 phys_us=1 ai_us=4 audio_us=29 net_us=0
[2026-08-17T11:20:11Z INFO  steel_front::engine::game] weapons: shot #26 (1 alive) [Thompson SMG]
[2026-08-17T11:20:12Z INFO  steel_front::engine::renderer] visible=65536/65536 near=65536 far=0 fps=386.6 frame_us=1907 cull_us=1 terrain_us=0 wait_fence_us=1315 acquire_us=1 record_us=90 submit_us=48 present_us=220 terrain_lod=high blend=0.000 quality=中画质 marker=38 npc=42
[2026-08-17T11:20:12Z INFO  steel_front::engine::game] ai: npcs=5 near=0 far=5 idle=0 patrol=5 chase=0 attack=0 tactics=[4, 1, 0, 0, 0, 0, 0, 0]
[2026-08-17T11:20:12Z INFO  steel_front::engine::game] weapons: shot #27 (2 alive) [Thompson SMG]
[2026-08-17T11:20:12Z INFO  steel_front::engine::game] weapons: shot #28 (3 alive) [Thompson SMG]
[2026-08-17T11:20:12Z INFO  steel_front] cam: yaw=-338.8 pitch=0.1 dist=3.4 mode=FirstPerson cycle_us=2522 update_us=21 render_us=2500
[2026-08-17T11:20:12Z INFO  steel_front::engine::game] game: wave=1 enemies=5 enemy_hp=100 hp=100/100 score=10 phys_us=1 ai_us=7 audio_us=34 net_us=0
[2026-08-17T11:20:12Z INFO  steel_front::engine::game] weapons: shot #29 (4 alive) [Thompson SMG]
[2026-08-17T11:20:13Z INFO  steel_front::engine::renderer] visible=65536/65536 near=65536 far=0 fps=385.9 frame_us=1614 cull_us=1 terrain_us=0 wait_fence_us=1528 acquire_us=1 record_us=83 submit_us=29 present_us=245 terrain_lod=high blend=0.000 quality=中画质 marker=38 npc=42
[2026-08-17T11:20:13Z INFO  steel_front::engine::game] ai: npcs=5 near=0 far=5 idle=0 patrol=5 chase=0 attack=0 tactics=[4, 1, 0, 0, 0, 0, 0, 0]
[2026-08-17T11:20:13Z INFO  steel_front::engine::game] weapons: shot #30 (5 alive) [Thompson SMG]
[2026-08-17T11:20:13Z INFO  steel_front::engine::game] explosion: at (9.8, 1.4, -141.7) radius=8 dmg=60 knockback=true
[2026-08-17T11:20:13Z INFO  steel_front::engine::game] explosion: at (8.9, 1.2, -142.9) radius=8 dmg=60 knockback=true
[2026-08-17T11:20:13Z INFO  steel_front] cam: yaw=-337.6 pitch=0.7 dist=3.4 mode=FirstPerson cycle_us=2886 update_us=31 render_us=2855
[2026-08-17T11:20:13Z INFO  steel_front::engine::game] explosion: at (6.2, 1.6, -142.8) radius=8 dmg=60 knockback=true
[2026-08-17T11:20:13Z INFO  steel_front::engine::game] game: wave=1 enemies=5 enemy_hp=100 hp=100/100 score=10 phys_us=1 ai_us=5 audio_us=52 net_us=0
[2026-08-17T11:20:13Z INFO  steel_front::engine::game] explosion: at (5.0, 1.7, -143.7) radius=8 dmg=60 knockback=true
[2026-08-17T11:20:14Z INFO  steel_front::engine::renderer] visible=65536/65536 near=65536 far=0 fps=383.7 frame_us=1647 cull_us=1 terrain_us=0 wait_fence_us=1642 acquire_us=1 record_us=54 submit_us=46 present_us=219 terrain_lod=high blend=0.000 quality=中画质 marker=48 npc=42
[2026-08-17T11:20:14Z INFO  steel_front::engine::game] ai: npcs=5 near=1 far=4 idle=0 patrol=5 chase=0 attack=0 tactics=[4, 1, 0, 0, 0, 0, 0, 0]
[2026-08-17T11:20:14Z INFO  steel_front::engine::game] explosion: at (4.1, 1.3, -144.0) radius=8 dmg=60 knockback=true
[2026-08-17T11:20:14Z INFO  steel_front] cam: yaw=-335.0 pitch=-0.6 dist=3.4 mode=FirstPerson cycle_us=2387 update_us=64 render_us=2322
[2026-08-17T11:20:14Z INFO  steel_front::engine::game] game: wave=1 enemies=5 enemy_hp=100 hp=100/100 score=10 phys_us=1 ai_us=5 audio_us=23 net_us=0
[2026-08-17T11:20:15Z INFO  steel_front::engine::renderer] visible=65536/65536 near=65536 far=0 fps=383.8 frame_us=1809 cull_us=0 terrain_us=0 wait_fence_us=1520 acquire_us=0 record_us=32 submit_us=55 present_us=169 terrain_lod=high blend=0.000 quality=中画质 marker=38 npc=42
[2026-08-17T11:20:15Z INFO  steel_front::engine::game] ai: npcs=5 near=0 far=5 idle=0 patrol=5 chase=0 attack=0 tactics=[4, 1, 0, 0, 0, 0, 0, 0]
[2026-08-17T11:20:15Z INFO  steel_front::engine::game] weapons: shot #31 (1 alive) [Thompson SMG]
[2026-08-17T11:20:15Z INFO  steel_front] cam: yaw=-333.7 pitch=0.3 dist=3.4 mode=FirstPerson cycle_us=3104 update_us=58 render_us=3045
[2026-08-17T11:20:15Z INFO  steel_front::engine::game] game: wave=1 enemies=5 enemy_hp=100 hp=100/100 score=10 phys_us=2 ai_us=5 audio_us=22 net_us=0
[2026-08-17T11:20:15Z INFO  steel_front::engine::game] weapons: shot #32 (2 alive) [Thompson SMG]
[2026-08-17T11:20:15Z INFO  steel_front] size diag: window_inner=2560x1600 hud=2560x1600
[2026-08-17T11:20:15Z INFO  steel_front] size diag: window_inner=2560x1600 hud=2560x1600
[2026-08-17T11:20:15Z INFO  steel_front] size diag: window_inner=2560x1600 hud=2560x1600
[2026-08-17T11:20:15Z INFO  steel_front] size diag: window_inner=2560x1600 hud=2560x1600
[2026-08-17T11:20:15Z INFO  steel_front] size diag: window_inner=2560x1600 hud=2560x1600
[2026-08-17T11:20:15Z INFO  steel_front] size diag: window_inner=2560x1600 hud=2560x1600
[2026-08-17T11:20:15Z INFO  steel_front] size diag: window_inner=2560x1600 hud=2560x1600
[2026-08-17T11:20:15Z INFO  steel_front] size diag: window_inner=2560x1600 hud=2560x1600
[2026-08-17T11:20:15Z INFO  steel_front] size diag: window_inner=2560x1600 hud=2560x1600
[2026-08-17T11:20:15Z INFO  steel_front] size diag: window_inner=2560x1600 hud=2560x1600
[2026-08-17T11:20:15Z INFO  steel_front] size diag: window_inner=2560x1600 hud=2560x1600
[2026-08-17T11:20:15Z INFO  steel_front] size diag: window_inner=2560x1600 hud=2560x1600
[2026-08-17T11:20:15Z INFO  steel_front] size diag: window_inner=2560x1600 hud=2560x1600
[2026-08-17T11:20:15Z INFO  steel_front] size diag: window_inner=2560x1600 hud=2560x1600
[2026-08-17T11:20:15Z INFO  steel_front] size diag: window_inner=2560x1600 hud=2560x1600
[2026-08-17T11:20:15Z INFO  steel_front] size diag: window_inner=2560x1600 hud=2560x1600
[2026-08-17T11:20:15Z INFO  steel_front] size diag: window_inner=2560x1600 hud=2560x1600
[2026-08-17T11:20:15Z INFO  steel_front] size diag: window_inner=2560x1600 hud=2560x1600
[2026-08-17T11:20:15Z INFO  steel_front] size diag: window_inner=2560x1600 hud=2560x1600
[2026-08-17T11:20:15Z INFO  steel_front] size diag: window_inner=2560x1600 hud=2560x1600
[2026-08-17T11:20:16Z INFO  steel_front::engine::renderer] visible=65536/65536 near=65536 far=0 fps=381.2 frame_us=1398 cull_us=1 terrain_us=0 wait_fence_us=1413 acquire_us=1 record_us=89 submit_us=30 present_us=176 terrain_lod=high blend=0.000 quality=中画质 marker=38 npc=42
[2026-08-17T11:20:16Z INFO  steel_front::engine::game] ai: npcs=5 near=0 far=5 idle=0 patrol=5 chase=0 attack=0 tactics=[4, 1, 0, 0, 0, 0, 0, 0]
[2026-08-17T11:20:16Z INFO  steel_front::engine::game] weapons: shot #33 (3 alive) [Thompson SMG]
[2026-08-17T11:20:16Z INFO  steel_front::engine::game] weapons: shot #34 (4 alive) [Thompson SMG]
[2026-08-17T11:20:16Z INFO  steel_front::engine::game] weapons: shot #35 (5 alive) [Thompson SMG]
[2026-08-17T11:20:16Z INFO  steel_front] cam: yaw=-332.4 pitch=0.1 dist=3.4 mode=FirstPerson cycle_us=2801 update_us=35 render_us=2765
[2026-08-17T11:20:16Z INFO  steel_front::engine::game] game: wave=1 enemies=5 enemy_hp=100 hp=100/100 score=10 phys_us=1 ai_us=7 audio_us=32 net_us=0
[2026-08-17T11:20:16Z INFO  steel_front::engine::game] explosion: at (-10.5, 1.6, -149.1) radius=8 dmg=60 knockback=true
[2026-08-17T11:20:16Z INFO  steel_front::engine::game] weapons: shot #36 (5 alive) [Thompson SMG]
[2026-08-17T11:20:16Z INFO  steel_front::engine::game] explosion: at (-11.0, 1.2, -149.1) radius=8 dmg=60 knockback=false
[2026-08-17T11:20:16Z INFO  steel_front::engine::game] weapons: 1 projectile hit(s), total_hits=14
[2026-08-17T11:20:17Z INFO  steel_front::engine::game] weapons: shot #37 (5 alive) [Thompson SMG]
[2026-08-17T11:20:17Z INFO  steel_front::engine::renderer] visible=65536/65536 near=65536 far=0 fps=380.5 frame_us=1359 cull_us=1 terrain_us=0 wait_fence_us=1130 acquire_us=2 record_us=66 submit_us=62 present_us=265 terrain_lod=high blend=0.000 quality=中画质 marker=48 npc=42
[2026-08-17T11:20:17Z INFO  steel_front::engine::game] ai: npcs=5 near=0 far=5 idle=0 patrol=5 chase=0 attack=0 tactics=[4, 1, 0, 0, 0, 0, 0, 0]
[2026-08-17T11:20:17Z INFO  steel_front::engine::game] explosion: at (-12.5, 0.4, -148.9) radius=8 dmg=60 knockback=false
[2026-08-17T11:20:17Z INFO  steel_front::engine::game] obstacle: #30 Ruin destroyed at (-12.3, -150.3)
[2026-08-17T11:20:17Z INFO  steel_front::engine::game] weapons: 1 projectile hit(s), total_hits=15
[2026-08-17T11:20:17Z INFO  steel_front::engine::game] weapons: shot #38 (5 alive) [Thompson SMG]
[2026-08-17T11:20:17Z INFO  steel_front::engine::game] explosion: at (-14.3, 1.3, -149.8) radius=8 dmg=60 knockback=true
[2026-08-17T11:20:17Z INFO  steel_front::engine::game] obstacle: #29 Ruin destroyed at (-15.8, -149.9)
[2026-08-17T11:20:17Z INFO  steel_front::engine::game] weapons: shot #39 (5 alive) [Thompson SMG]
[2026-08-17T11:20:17Z INFO  steel_front::engine::game] explosion: at (-14.8, 1.7, -150.4) radius=8 dmg=60 knockback=true
[2026-08-17T11:20:17Z INFO  steel_front] cam: yaw=-330.1 pitch=0.4 dist=3.4 mode=FirstPerson cycle_us=2843 update_us=62 render_us=2780
[2026-08-17T11:20:17Z INFO  steel_front::engine::game] game: wave=1 enemies=5 enemy_hp=100 hp=100/100 score=10 phys_us=2 ai_us=11 audio_us=61 net_us=0
[2026-08-17T11:20:17Z INFO  steel_front::engine::game] weapons: shot #40 (5 alive) [Thompson SMG]
[2026-08-17T11:20:17Z INFO  steel_front::engine::game] explosion: at (-15.7, 1.5, -150.6) radius=8 dmg=60 knockback=true
[2026-08-17T11:20:17Z INFO  steel_front::engine::game] weapons: shot #41 (5 alive) [Thompson SMG]
[2026-08-17T11:20:18Z INFO  steel_front::engine::renderer] visible=65536/65536 near=65536 far=0 fps=385.2 frame_us=2150 cull_us=1 terrain_us=0 wait_fence_us=1055 acquire_us=1 record_us=60 submit_us=56 present_us=260 terrain_lod=high blend=0.000 quality=中画质 marker=46 npc=42
[2026-08-17T11:20:18Z INFO  steel_front::engine::game] ai: npcs=5 near=0 far=5 idle=0 patrol=5 chase=0 attack=0 tactics=[4, 1, 0, 0, 0, 0, 0, 0]
[2026-08-17T11:20:18Z INFO  steel_front::engine::game] explosion: at (-17.2, 1.8, -150.9) radius=8 dmg=60 knockback=true
[2026-08-17T11:20:18Z INFO  steel_front::engine::game] obstacle: #28 Ruin destroyed at (-19.4, -149.4)
[2026-08-17T11:20:18Z INFO  steel_front::engine::game] weapons: shot #42 (5 alive) [Thompson SMG]
[2026-08-17T11:20:18Z INFO  steel_front::engine::game] explosion: at (-17.9, 1.8, -151.3) radius=8 dmg=60 knockback=true
[2026-08-17T11:20:18Z INFO  steel_front::engine::game] weapons: shot #43 (5 alive) [Thompson SMG]
[2026-08-17T11:20:18Z INFO  steel_front::engine::game] explosion: at (-21.0, 0.6, -150.8) radius=8 dmg=60 knockback=true
[2026-08-17T11:20:18Z INFO  steel_front::engine::game] weapons: shot #44 (5 alive) [Thompson SMG]
[2026-08-17T11:20:18Z INFO  steel_front] cam: yaw=-328.6 pitch=0.2 dist=3.4 mode=FirstPerson cycle_us=2215 update_us=81 render_us=2134
[2026-08-17T11:20:18Z INFO  steel_front::engine::game] game: wave=1 enemies=5 enemy_hp=100 hp=100/100 score=10 phys_us=1 ai_us=3 audio_us=66 net_us=0
[2026-08-17T11:20:18Z INFO  steel_front::engine::game] explosion: at (-21.7, 0.9, -150.4) radius=8 dmg=60 knockback=false
[2026-08-17T11:20:18Z INFO  steel_front::engine::game] obstacle: #27 Ruin destroyed at (-22.9, -149.0)
[2026-08-17T11:20:18Z INFO  steel_front::engine::game] weapons: 1 projectile hit(s), total_hits=16
[2026-08-17T11:20:18Z INFO  steel_front::engine::game] weapons: shot #45 (5 alive) [Thompson SMG]
[2026-08-17T11:20:19Z INFO  steel_front::engine::renderer] visible=65536/65536 near=65536 far=0 fps=392.4 frame_us=1528 cull_us=0 terrain_us=0 wait_fence_us=1661 acquire_us=1 record_us=40 submit_us=37 present_us=165 terrain_lod=high blend=0.000 quality=中画质 marker=43 npc=42
[2026-08-17T11:20:19Z INFO  steel_front::engine::game] ai: npcs=5 near=0 far=5 idle=0 patrol=5 chase=0 attack=0 tactics=[4, 1, 0, 0, 0, 0, 0, 0]
[2026-08-17T11:20:19Z INFO  steel_front::engine::game] explosion: at (-22.5, 1.1, -151.7) radius=8 dmg=60 knockback=true
[2026-08-17T11:20:19Z INFO  steel_front::engine::game] weapons: shot #46 (5 alive) [Thompson SMG]
[2026-08-17T11:20:19Z INFO  steel_front::engine::game] explosion: at (-24.8, 0.2, -151.3) radius=8 dmg=60 knockback=true
[2026-08-17T11:20:19Z INFO  steel_front::engine::game] weapons: shot #47 (5 alive) [Thompson SMG]
[2026-08-17T11:20:19Z INFO  steel_front::engine::game] weapons: shot #48 (6 alive) [Thompson SMG]
[2026-08-17T11:20:19Z INFO  steel_front::engine::game] explosion: at (-26.3, 0.7, -152.2) radius=8 dmg=60 knockback=true
[2026-08-17T11:20:19Z INFO  steel_front] cam: yaw=-326.6 pitch=0.2 dist=3.4 mode=FirstPerson cycle_us=2242 update_us=77 render_us=2164
[2026-08-17T11:20:19Z INFO  steel_front::engine::game] game: wave=1 enemies=5 enemy_hp=100 hp=100/100 score=10 phys_us=1 ai_us=5 audio_us=40 net_us=0
[2026-08-17T11:20:19Z INFO  steel_front::engine::game] weapons: shot #49 (6 alive) [Thompson SMG]
[2026-08-17T11:20:19Z INFO  steel_front::engine::game] explosion: at (-26.7, 1.4, -152.7) radius=8 dmg=60 knockback=true
[2026-08-17T11:20:20Z INFO  steel_front::engine::renderer] visible=65536/65536 near=65536 far=0 fps=385.5 frame_us=1704 cull_us=3 terrain_us=0 wait_fence_us=9 acquire_us=5 record_us=438 submit_us=264 present_us=963 terrain_lod=high blend=0.000 quality=中画质 marker=38 npc=35
[2026-08-17T11:20:20Z INFO  steel_front::engine::game] ai: npcs=5 near=1 far=4 idle=0 patrol=5 chase=0 attack=0 tactics=[4, 1, 0, 0, 0, 0, 0, 0]
[2026-08-17T11:20:20Z INFO  steel_front::engine::game] weapons: shot #50 (6 alive) [Thompson SMG]
[2026-08-17T11:20:20Z INFO  steel_front::engine::game] explosion: at (-28.1, 1.2, -152.8) radius=8 dmg=60 knockback=true
[2026-08-17T11:20:20Z INFO  steel_front::engine::game] weapons: shot #51 (6 alive) [Thompson SMG]
[2026-08-17T11:20:20Z INFO  steel_front::engine::game] explosion: at (-30.5, 1.5, -152.4) radius=8 dmg=60 knockback=true
[2026-08-17T11:20:20Z INFO  steel_front::engine::game] weapons: shot #52 (6 alive) [Thompson SMG]
[2026-08-17T11:20:20Z INFO  steel_front::engine::game] explosion: at (-32.3, 0.5, -152.5) radius=8 dmg=60 knockback=true
[2026-08-17T11:20:20Z INFO  steel_front] cam: yaw=-325.3 pitch=-0.1 dist=3.4 mode=FirstPerson cycle_us=3101 update_us=36 render_us=3065
[2026-08-17T11:20:20Z INFO  steel_front::engine::game] game: wave=1 enemies=5 enemy_hp=100 hp=100/100 score=10 phys_us=2 ai_us=6 audio_us=48 net_us=0
[2026-08-17T11:20:20Z INFO  steel_front::engine::game] weapons: shot #53 (6 alive) [Thompson SMG]
[2026-08-17T11:20:20Z INFO  steel_front::engine::game] explosion: at (-33.3, 1.2, -153.1) radius=8 dmg=60 knockback=true
[2026-08-17T11:20:20Z INFO  steel_front] size diag: window_inner=2560x1600 hud=2560x1600
[2026-08-17T11:20:20Z INFO  steel_front] size diag: window_inner=2560x1600 hud=2560x1600
[2026-08-17T11:20:20Z INFO  steel_front] size diag: window_inner=2560x1600 hud=2560x1600
[2026-08-17T11:20:20Z INFO  steel_front] size diag: window_inner=2560x1600 hud=2560x1600
[2026-08-17T11:20:20Z INFO  steel_front] size diag: window_inner=2560x1600 hud=2560x1600
[2026-08-17T11:20:20Z INFO  steel_front] size diag: window_inner=2560x1600 hud=2560x1600
[2026-08-17T11:20:20Z INFO  steel_front] size diag: window_inner=2560x1600 hud=2560x1600
[2026-08-17T11:20:20Z INFO  steel_front] size diag: window_inner=2560x1600 hud=2560x1600
[2026-08-17T11:20:20Z INFO  steel_front] size diag: window_inner=2560x1600 hud=2560x1600
[2026-08-17T11:20:20Z INFO  steel_front] size diag: window_inner=2560x1600 hud=2560x1600
[2026-08-17T11:20:20Z INFO  steel_front] size diag: window_inner=2560x1600 hud=2560x1600
[2026-08-17T11:20:20Z INFO  steel_front] size diag: window_inner=2560x1600 hud=2560x1600
[2026-08-17T11:20:20Z INFO  steel_front] size diag: window_inner=2560x1600 hud=2560x1600
[2026-08-17T11:20:20Z INFO  steel_front] size diag: window_inner=2560x1600 hud=2560x1600
[2026-08-17T11:20:20Z INFO  steel_front] size diag: window_inner=2560x1600 hud=2560x1600
[2026-08-17T11:20:20Z INFO  steel_front] size diag: window_inner=2560x1600 hud=2560x1600
[2026-08-17T11:20:20Z INFO  steel_front] size diag: window_inner=2560x1600 hud=2560x1600
[2026-08-17T11:20:20Z INFO  steel_front] size diag: window_inner=2560x1600 hud=2560x1600
[2026-08-17T11:20:20Z INFO  steel_front] size diag: window_inner=2560x1600 hud=2560x1600
[2026-08-17T11:20:20Z INFO  steel_front] size diag: window_inner=2560x1600 hud=2560x1600
[2026-08-17T11:20:21Z INFO  steel_front::engine::game] weapons: shot #54 (6 alive) [Thompson SMG]
[2026-08-17T11:20:21Z INFO  steel_front::engine::renderer] visible=65536/65536 near=65536 far=0 fps=391.8 frame_us=2005 cull_us=0 terrain_us=0 wait_fence_us=1055 acquire_us=0 record_us=52 submit_us=65 present_us=229 terrain_lod=high blend=0.000 quality=中画质 marker=40 npc=35
[2026-08-17T11:20:21Z INFO  steel_front::engine::game] explosion: at (-33.8, 1.3, -153.7) radius=8 dmg=60 knockback=true
[2026-08-17T11:20:21Z INFO  steel_front::engine::game] ai: npcs=5 near=0 far=5 idle=0 patrol=5 chase=0 attack=0 tactics=[4, 1, 0, 0, 0, 0, 0, 0]
[2026-08-17T11:20:21Z INFO  steel_front::engine::game] weapons: shot #55 (6 alive) [Thompson SMG]
[2026-08-17T11:20:21Z INFO  steel_front::engine::game] explosion: at (-34.3, 2.0, -154.2) radius=8 dmg=60 knockback=true
[2026-08-17T11:20:21Z INFO  steel_front::engine::game] weapons: shot #56 (6 alive) [Thompson SMG]
[2026-08-17T11:20:21Z INFO  steel_front::engine::game] explosion: at (-35.9, 1.7, -153.9) radius=8 dmg=60 knockback=true
[2026-08-17T11:20:21Z INFO  steel_front::engine::game] weapons: shot #57 (6 alive) [Thompson SMG]
[2026-08-17T11:20:21Z INFO  steel_front::engine::game] explosion: at (-37.1, 1.7, -154.4) radius=8 dmg=60 knockback=true
[2026-08-17T11:20:21Z INFO  steel_front] cam: yaw=-323.5 pitch=-0.1 dist=3.4 mode=FirstPerson cycle_us=2388 update_us=80 render_us=2308
[2026-08-17T11:20:21Z INFO  steel_front::engine::game] game: wave=1 enemies=5 enemy_hp=100 hp=100/100 score=10 phys_us=1 ai_us=6 audio_us=48 net_us=0
[2026-08-17T11:20:21Z INFO  steel_front::engine::game] explosion: at (-38.2, 1.8, -154.5) radius=8 dmg=60 knockback=true
[2026-08-17T11:20:21Z INFO  steel_front::engine::game] weapons: shot #58 (5 alive) [Thompson SMG]
[2026-08-17T11:20:22Z INFO  steel_front::engine::renderer] visible=65536/65536 near=65536 far=0 fps=381.6 frame_us=1410 cull_us=1 terrain_us=0 wait_fence_us=1228 acquire_us=1 record_us=60 submit_us=52 present_us=195 terrain_lod=high blend=0.000 quality=中画质 marker=43 npc=35
[2026-08-17T11:20:22Z INFO  steel_front::engine::game] ai: npcs=5 near=2 far=3 idle=0 patrol=5 chase=0 attack=0 tactics=[4, 1, 0, 0, 0, 0, 0, 0]
[2026-08-17T11:20:22Z INFO  steel_front::engine::game] explosion: at (-40.3, 1.5, -154.8) radius=8 dmg=60 knockback=true
[2026-08-17T11:20:22Z INFO  steel_front::engine::game] weapons: shot #59 (5 alive) [Thompson SMG]
[2026-08-17T11:20:22Z INFO  steel_front::engine::game] explosion: at (-41.9, 1.6, -155.7) radius=8 dmg=60 knockback=true
[2026-08-17T11:20:22Z INFO  steel_front::engine::game] weapons: shot #60 (5 alive) [Thompson SMG]
[2026-08-17T11:20:22Z INFO  steel_front::engine::game] explosion: at (-42.7, 2.0, -156.7) radius=8 dmg=60 knockback=true
[2026-08-17T11:20:22Z INFO  steel_front] cam: yaw=-322.4 pitch=-0.4 dist=3.4 mode=FirstPerson cycle_us=2447 update_us=81 render_us=2365
[2026-08-17T11:20:22Z INFO  steel_front::engine::game] game: wave=1 enemies=5 enemy_hp=100 hp=100/100 score=10 phys_us=1 ai_us=5 audio_us=46 net_us=0
[2026-08-17T11:20:22Z INFO  steel_front::engine::game] explosion: at (-44.4, 2.0, -157.1) radius=8 dmg=60 knockback=true
[2026-08-17T11:20:23Z INFO  steel_front::engine::renderer] visible=65536/65536 near=65536 far=0 fps=387.0 frame_us=2030 cull_us=0 terrain_us=0 wait_fence_us=1251 acquire_us=1 record_us=30 submit_us=50 present_us=222 terrain_lod=high blend=0.000 quality=中画质 marker=39 npc=35
[2026-08-17T11:20:23Z INFO  steel_front::engine::game] ai: npcs=5 near=2 far=3 idle=0 patrol=5 chase=0 attack=0 tactics=[4, 1, 0, 0, 0, 0, 0, 0]
[2026-08-17T11:20:23Z INFO  steel_front::engine::game] explosion: at (-48.2, 1.0, -156.1) radius=8 dmg=60 knockback=true
[2026-08-17T11:20:23Z INFO  steel_front::engine::game] explosion: at (-50.1, 0.7, -156.7) radius=8 dmg=60 knockback=true
[2026-08-17T11:20:23Z INFO  steel_front::engine::game] explosion: at (-49.9, 2.2, -158.5) radius=8 dmg=60 knockback=true
[2026-08-17T11:20:23Z INFO  steel_front] cam: yaw=-316.9 pitch=-0.4 dist=3.4 mode=FirstPerson cycle_us=2855 update_us=36 render_us=2818
[2026-08-17T11:20:23Z INFO  steel_front::engine::game] game: wave=1 enemies=5 enemy_hp=100 hp=100/100 score=10 phys_us=1 ai_us=3 audio_us=63 net_us=0
[2026-08-17T11:20:24Z INFO  steel_front::engine::renderer] visible=65536/65536 near=65536 far=0 fps=386.5 frame_us=1697 cull_us=0 terrain_us=0 wait_fence_us=1503 acquire_us=0 record_us=48 submit_us=36 present_us=251 terrain_lod=high blend=0.000 quality=中画质 marker=34 npc=35
[2026-08-17T11:20:24Z INFO  steel_front::engine::game] ai: npcs=5 near=1 far=4 idle=0 patrol=5 chase=0 attack=0 tactics=[4, 1, 0, 0, 0, 0, 0, 0]
[2026-08-17T11:20:24Z INFO  steel_front] cam: yaw=-312.4 pitch=0.0 dist=3.4 mode=FirstPerson cycle_us=2540 update_us=32 render_us=2507
[2026-08-17T11:20:24Z INFO  steel_front::engine::game] game: wave=1 enemies=5 enemy_hp=100 hp=100/100 score=10 phys_us=1 ai_us=3 audio_us=19 net_us=0
[2026-08-17T11:20:24Z INFO  steel_front::engine::game] weapons: shot #61 (1 alive) [Thompson SMG]
[2026-08-17T11:20:25Z INFO  steel_front::engine::renderer] visible=65536/65536 near=65536 far=0 fps=376.9 frame_us=1811 cull_us=1 terrain_us=491 wait_fence_us=832 acquire_us=2 record_us=43 submit_us=36 present_us=216 terrain_lod=high blend=0.012 quality=中画质 marker=35 npc=35
[2026-08-17T11:20:25Z INFO  steel_front::engine::game] ai: npcs=5 near=1 far=4 idle=0 patrol=5 chase=0 attack=0 tactics=[4, 1, 0, 0, 0, 0, 0, 0]
[2026-08-17T11:20:25Z INFO  steel_front::engine::game] weapons: shot #62 (2 alive) [Thompson SMG]
[2026-08-17T11:20:25Z INFO  steel_front::engine::game] weapons: shot #63 (3 alive) [Thompson SMG]
[2026-08-17T11:20:25Z INFO  steel_front::engine::game] weapons: shot #64 (4 alive) [Thompson SMG]
[2026-08-17T11:20:25Z INFO  steel_front] cam: yaw=-308.8 pitch=-0.4 dist=3.4 mode=FirstPerson cycle_us=2733 update_us=34 render_us=2699
[2026-08-17T11:20:25Z INFO  steel_front::engine::game] game: wave=1 enemies=5 enemy_hp=100 hp=100/100 score=10 phys_us=3 ai_us=7 audio_us=31 net_us=0
[2026-08-17T11:20:25Z INFO  steel_front] size diag: window_inner=2560x1600 hud=2560x1600
[2026-08-17T11:20:25Z INFO  steel_front] size diag: window_inner=2560x1600 hud=2560x1600
[2026-08-17T11:20:25Z INFO  steel_front] size diag: window_inner=2560x1600 hud=2560x1600
[2026-08-17T11:20:25Z INFO  steel_front] size diag: window_inner=2560x1600 hud=2560x1600
[2026-08-17T11:20:25Z INFO  steel_front] size diag: window_inner=2560x1600 hud=2560x1600
[2026-08-17T11:20:25Z INFO  steel_front] size diag: window_inner=2560x1600 hud=2560x1600
[2026-08-17T11:20:25Z INFO  steel_front] size diag: window_inner=2560x1600 hud=2560x1600
[2026-08-17T11:20:25Z INFO  steel_front] size diag: window_inner=2560x1600 hud=2560x1600
[2026-08-17T11:20:25Z INFO  steel_front] size diag: window_inner=2560x1600 hud=2560x1600
[2026-08-17T11:20:25Z INFO  steel_front] size diag: window_inner=2560x1600 hud=2560x1600
[2026-08-17T11:20:25Z INFO  steel_front] size diag: window_inner=2560x1600 hud=2560x1600
[2026-08-17T11:20:25Z INFO  steel_front] size diag: window_inner=2560x1600 hud=2560x1600
[2026-08-17T11:20:25Z INFO  steel_front] size diag: window_inner=2560x1600 hud=2560x1600
[2026-08-17T11:20:25Z INFO  steel_front] size diag: window_inner=2560x1600 hud=2560x1600
[2026-08-17T11:20:25Z INFO  steel_front] size diag: window_inner=2560x1600 hud=2560x1600
[2026-08-17T11:20:25Z INFO  steel_front] size diag: window_inner=2560x1600 hud=2560x1600
[2026-08-17T11:20:25Z INFO  steel_front] size diag: window_inner=2560x1600 hud=2560x1600
[2026-08-17T11:20:25Z INFO  steel_front] size diag: window_inner=2560x1600 hud=2560x1600
[2026-08-17T11:20:25Z INFO  steel_front] size diag: window_inner=2560x1600 hud=2560x1600
[2026-08-17T11:20:26Z INFO  steel_front::engine::renderer] visible=65536/65536 near=65536 far=0 fps=364.8 frame_us=722 cull_us=0 terrain_us=363 wait_fence_us=1162 acquire_us=1 record_us=43 submit_us=48 present_us=184 terrain_lod=high blend=0.016 quality=中画质 marker=33 npc=35
[2026-08-17T11:20:26Z INFO  steel_front::engine::game] ai: npcs=5 near=2 far=3 idle=0 patrol=5 chase=0 attack=0 tactics=[4, 1, 0, 0, 0, 0, 0, 0]
[2026-08-17T11:20:26Z INFO  steel_front::engine::game] explosion: at (-61.6, 1.5, -149.8) radius=8 dmg=60 knockback=true
[2026-08-17T11:20:26Z INFO  steel_front::engine::game] explosion: at (-63.0, 1.5, -149.3) radius=8 dmg=60 knockback=true
[2026-08-17T11:20:26Z INFO  steel_front::engine::game] explosion: at (-68.0, 2.2, -146.0) radius=8 dmg=60 knockback=true
[2026-08-17T11:20:26Z INFO  steel_front] cam: yaw=-310.4 pitch=-0.3 dist=3.4 mode=FirstPerson cycle_us=2645 update_us=55 render_us=2589
[2026-08-17T11:20:26Z INFO  steel_front::engine::game] game: wave=1 enemies=5 enemy_hp=100 hp=100/100 score=10 phys_us=1 ai_us=32 audio_us=46 net_us=0
[2026-08-17T11:20:26Z INFO  steel_front::engine::game] explosion: at (-67.8, 2.9, -148.0) radius=8 dmg=60 knockback=true
[2026-08-17T11:20:27Z INFO  steel_front::engine::renderer] visible=65536/65536 near=65536 far=0 fps=367.5 frame_us=2090 cull_us=1 terrain_us=418 wait_fence_us=486 acquire_us=1 record_us=55 submit_us=48 present_us=505 terrain_lod=high blend=0.022 quality=中画质 marker=36 npc=35
[2026-08-17T11:20:27Z INFO  steel_front::engine::game] ai: npcs=5 near=2 far=3 idle=0 patrol=5 chase=0 attack=0 tactics=[4, 1, 0, 0, 0, 0, 0, 0]
[2026-08-17T11:20:27Z INFO  steel_front] cam: yaw=-305.0 pitch=1.1 dist=3.4 mode=FirstPerson cycle_us=2751 update_us=30 render_us=2721
[2026-08-17T11:20:27Z INFO  steel_front::engine::game] game: wave=1 enemies=5 enemy_hp=100 hp=100/100 score=10 phys_us=1 ai_us=4 audio_us=16 net_us=0
[2026-08-17T11:20:28Z INFO  steel_front::engine::renderer] visible=65536/65536 near=65536 far=0 fps=366.9 frame_us=1760 cull_us=1 terrain_us=375 wait_fence_us=944 acquire_us=1 record_us=62 submit_us=50 present_us=193 terrain_lod=high blend=0.033 quality=中画质 marker=32 npc=35
[2026-08-17T11:20:28Z INFO  steel_front::engine::game] ai: npcs=5 near=2 far=3 idle=0 patrol=5 chase=0 attack=0 tactics=[4, 1, 0, 0, 0, 0, 0, 0]
[2026-08-17T11:20:28Z INFO  steel_front::engine::game] weapons: shot #65 (1 alive) [Thompson SMG]
[2026-08-17T11:20:28Z INFO  steel_front::engine::game] weapons: shot #66 (2 alive) [Thompson SMG]
[2026-08-17T11:20:28Z INFO  steel_front] cam: yaw=-302.1 pitch=0.4 dist=3.4 mode=FirstPerson cycle_us=2584 update_us=29 render_us=2555
[2026-08-17T11:20:28Z INFO  steel_front::engine::game] game: wave=1 enemies=5 enemy_hp=100 hp=100/100 score=10 phys_us=1 ai_us=7 audio_us=38 net_us=0
[2026-08-17T11:20:28Z INFO  steel_front::engine::game] weapons: shot #67 (3 alive) [Thompson SMG]
[2026-08-17T11:20:29Z INFO  steel_front::engine::renderer] visible=65536/65536 near=65536 far=0 fps=370.6 frame_us=1905 cull_us=1 terrain_us=366 wait_fence_us=1370 acquire_us=1 record_us=39 submit_us=46 present_us=270 terrain_lod=high blend=0.033 quality=中画质 marker=35 npc=35
[2026-08-17T11:20:29Z INFO  steel_front::engine::game] ai: npcs=5 near=2 far=3 idle=0 patrol=5 chase=0 attack=0 tactics=[4, 1, 0, 0, 0, 0, 0, 0]
[2026-08-17T11:20:29Z INFO  steel_front::engine::game] weapons: shot #68 (4 alive) [Thompson SMG]
[2026-08-17T11:20:29Z INFO  steel_front::engine::game] weapons: shot #69 (5 alive) [Thompson SMG]
[2026-08-17T11:20:29Z INFO  steel_front::engine::game] explosion: at (-83.6, -1.0, -145.1) radius=8 dmg=60 knockback=true
[2026-08-17T11:20:29Z INFO  steel_front::engine::game] explosion: at (-42.7, 1.2, -114.3) radius=8 dmg=60 knockback=false
[2026-08-17T11:20:29Z INFO  steel_front::engine::game] weapons: 1 projectile hit(s), total_hits=17
[2026-08-17T11:20:29Z INFO  steel_front::engine::game] explosion: at (-42.9, 1.0, -114.1) radius=8 dmg=60 knockback=false
[2026-08-17T11:20:29Z INFO  steel_front::engine::game] weapons: 1 projectile hit(s), total_hits=18
[2026-08-17T11:20:29Z INFO  steel_front] cam: yaw=-300.2 pitch=0.4 dist=3.4 mode=FirstPerson cycle_us=2768 update_us=55 render_us=2713
[2026-08-17T11:20:29Z INFO  steel_front::engine::game] game: wave=1 enemies=5 enemy_hp=100 hp=100/100 score=10 phys_us=2 ai_us=14 audio_us=41 net_us=0
[2026-08-17T11:20:29Z INFO  steel_front::engine::game] explosion: at (-42.7, 1.3, -113.9) radius=8 dmg=60 knockback=false
[2026-08-17T11:20:29Z INFO  steel_front::engine::game] obstacle: #12 Wall destroyed at (-45.3, -114.0)
[2026-08-17T11:20:29Z INFO  steel_front::engine::game] weapons: 1 projectile hit(s), total_hits=19
[2026-08-17T11:20:30Z INFO  steel_front::engine::renderer] visible=65536/65536 near=65536 far=0 fps=367.5 frame_us=1401 cull_us=1 terrain_us=363 wait_fence_us=981 acquire_us=1 record_us=47 submit_us=55 present_us=345 terrain_lod=high blend=0.033 quality=中画质 marker=39 npc=35
[2026-08-17T11:20:30Z INFO  steel_front::engine::game] ai: npcs=5 near=2 far=3 idle=0 patrol=4 chase=1 attack=0 tactics=[4, 1, 0, 0, 0, 0, 0, 0]
[2026-08-17T11:20:30Z INFO  steel_front::engine::game] explosion: at (-87.3, -0.3, -139.1) radius=8 dmg=60 knockback=true
[2026-08-17T11:20:30Z INFO  steel_front::engine::game] weapons: shot #70 (1 alive) [Thompson SMG]
[2026-08-17T11:20:30Z INFO  steel_front] cam: yaw=-278.6 pitch=0.3 dist=3.4 mode=FirstPerson cycle_us=3107 update_us=45 render_us=3062
[2026-08-17T11:20:30Z INFO  steel_front::engine::game] game: wave=1 enemies=5 enemy_hp=100 hp=100/100 score=10 phys_us=2 ai_us=4 audio_us=35 net_us=0
[2026-08-17T11:20:30Z INFO  steel_front] size diag: window_inner=2560x1600 hud=2560x1600
[2026-08-17T11:20:30Z INFO  steel_front] size diag: window_inner=2560x1600 hud=2560x1600
[2026-08-17T11:20:30Z INFO  steel_front] size diag: window_inner=2560x1600 hud=2560x1600
[2026-08-17T11:20:30Z INFO  steel_front] size diag: window_inner=2560x1600 hud=2560x1600
[2026-08-17T11:20:30Z INFO  steel_front] size diag: window_inner=2560x1600 hud=2560x1600
[2026-08-17T11:20:30Z INFO  steel_front] size diag: window_inner=2560x1600 hud=2560x1600
[2026-08-17T11:20:30Z INFO  steel_front] size diag: window_inner=2560x1600 hud=2560x1600
[2026-08-17T11:20:30Z INFO  steel_front] size diag: window_inner=2560x1600 hud=2560x1600
[2026-08-17T11:20:30Z INFO  steel_front] size diag: window_inner=2560x1600 hud=2560x1600
[2026-08-17T11:20:30Z INFO  steel_front] size diag: window_inner=2560x1600 hud=2560x1600
[2026-08-17T11:20:30Z INFO  steel_front] size diag: window_inner=2560x1600 hud=2560x1600
[2026-08-17T11:20:30Z INFO  steel_front] size diag: window_inner=2560x1600 hud=2560x1600
[2026-08-17T11:20:30Z INFO  steel_front] size diag: window_inner=2560x1600 hud=2560x1600
[2026-08-17T11:20:30Z INFO  steel_front] size diag: window_inner=2560x1600 hud=2560x1600
[2026-08-17T11:20:30Z INFO  steel_front] size diag: window_inner=2560x1600 hud=2560x1600
[2026-08-17T11:20:30Z INFO  steel_front] size diag: window_inner=2560x1600 hud=2560x1600
[2026-08-17T11:20:30Z INFO  steel_front] size diag: window_inner=2560x1600 hud=2560x1600
[2026-08-17T11:20:30Z INFO  steel_front] size diag: window_inner=2560x1600 hud=2560x1600
[2026-08-17T11:20:30Z INFO  steel_front::engine::game] weapons: shot #71 (2 alive) [Thompson SMG]
[2026-08-17T11:20:31Z INFO  steel_front::engine::renderer] visible=65536/65536 near=65536 far=0 fps=362.5 frame_us=1656 cull_us=1 terrain_us=376 wait_fence_us=1042 acquire_us=1 record_us=45 submit_us=39 present_us=192 terrain_lod=high blend=0.017 quality=中画质 marker=33 npc=35
[2026-08-17T11:20:31Z INFO  steel_front::engine::game] ai: npcs=5 near=2 far=3 idle=0 patrol=4 chase=1 attack=0 tactics=[4, 1, 0, 0, 0, 0, 0, 0]
[2026-08-17T11:20:31Z INFO  steel_front::engine::game] weapons: 1 projectile hit(s), total_hits=20
[2026-08-17T11:20:31Z INFO  steel_front::engine::game] weapons: shot #72 (2 alive) [Thompson SMG]
[2026-08-17T11:20:31Z INFO  steel_front::engine::game] weapons: 1 projectile hit(s), total_hits=21
[2026-08-17T11:20:31Z INFO  steel_front::engine::game] weapons: shot #73 (2 alive) [Thompson SMG]
[2026-08-17T11:20:31Z INFO  steel_front::engine::game] weapons: shot #74 (3 alive) [Thompson SMG]
[2026-08-17T11:20:31Z INFO  steel_front] cam: yaw=-277.8 pitch=0.7 dist=3.4 mode=FirstPerson cycle_us=2229 update_us=35 render_us=2193
[2026-08-17T11:20:31Z INFO  steel_front::engine::game] game: wave=1 enemies=5 enemy_hp=100 hp=100/100 score=10 phys_us=1 ai_us=7 audio_us=19 net_us=1
[2026-08-17T11:20:31Z INFO  steel_front::engine::game] weapons: shot #75 (4 alive) [Thompson SMG]
[2026-08-17T11:20:32Z INFO  steel_front::engine::game] weapons: shot #76 (5 alive) [Thompson SMG]
[2026-08-17T11:20:32Z INFO  steel_front::engine::renderer] visible=65536/65536 near=65536 far=0 fps=365.2 frame_us=1912 cull_us=1 terrain_us=341 wait_fence_us=1296 acquire_us=1 record_us=58 submit_us=51 present_us=182 terrain_lod=high blend=0.024 quality=中画质 marker=35 npc=35
[2026-08-17T11:20:32Z INFO  steel_front::engine::game] ai: npcs=5 near=2 far=3 idle=0 patrol=4 chase=1 attack=0 tactics=[4, 1, 0, 0, 0, 0, 0, 0]
[2026-08-17T11:20:32Z INFO  steel_front::engine::game] weapons: 1 projectile hit(s), total_hits=22
[2026-08-17T11:20:32Z INFO  steel_front::engine::game] weapons: shot #77 (5 alive) [Thompson SMG]
[2026-08-17T11:20:32Z INFO  steel_front::engine::game] explosion: at (-110.7, 0.2, -85.2) radius=8 dmg=60 knockback=true
[2026-08-17T11:20:32Z INFO  steel_front::engine::game] weapons: 1 projectile hit(s), total_hits=23
[2026-08-17T11:20:32Z INFO  steel_front::engine::game] weapons: shot #78 (4 alive) [Thompson SMG]
[2026-08-17T11:20:32Z INFO  steel_front::engine::game] explosion: at (-110.7, 0.5, -85.1) radius=8 dmg=60 knockback=true
[2026-08-17T11:20:32Z INFO  steel_front] cam: yaw=-277.2 pitch=0.3 dist=3.4 mode=FirstPerson cycle_us=2914 update_us=39 render_us=2875
[2026-08-17T11:20:32Z INFO  steel_front::engine::game] explosion: at (-109.9, 0.3, -85.6) radius=8 dmg=60 knockback=true
[2026-08-17T11:20:32Z INFO  steel_front::engine::game] game: wave=1 enemies=5 enemy_hp=100 hp=100/100 score=10 phys_us=2 ai_us=6 audio_us=38 net_us=0
[2026-08-17T11:20:32Z INFO  steel_front::engine::game] weapons: shot #79 (3 alive) [Thompson SMG]
[2026-08-17T11:20:33Z INFO  steel_front::engine::renderer] visible=65536/65536 near=65536 far=0 fps=371.8 frame_us=1612 cull_us=1 terrain_us=348 wait_fence_us=1316 acquire_us=1 record_us=54 submit_us=50 present_us=262 terrain_lod=high blend=0.027 quality=中画质 marker=36 npc=35
[2026-08-17T11:20:33Z INFO  steel_front::engine::game] weapons: shot #80 (4 alive) [Thompson SMG]
[2026-08-17T11:20:33Z INFO  steel_front::engine::game] ai: npcs=5 near=2 far=3 idle=0 patrol=4 chase=1 attack=0 tactics=[4, 1, 0, 0, 0, 0, 0, 0]
[2026-08-17T11:20:33Z INFO  steel_front::engine::game] weapons: shot #81 (5 alive) [Thompson SMG]
[2026-08-17T11:20:33Z INFO  steel_front::engine::game] explosion: at (-107.6, 1.4, -88.1) radius=8 dmg=60 knockback=true
[2026-08-17T11:20:33Z INFO  steel_front::engine::game] weapons: shot #82 (5 alive) [Thompson SMG]
[2026-08-17T11:20:33Z INFO  steel_front::engine::game] explosion: at (-107.8, 1.4, -88.0) radius=8 dmg=60 knockback=true
[2026-08-17T11:20:33Z INFO  steel_front] cam: yaw=-272.0 pitch=1.0 dist=3.4 mode=FirstPerson cycle_us=2752 update_us=63 render_us=2688
[2026-08-17T11:20:33Z INFO  steel_front::engine::game] weapons: shot #83 (5 alive) [Thompson SMG]
[2026-08-17T11:20:33Z INFO  steel_front::engine::game] game: wave=1 enemies=5 enemy_hp=100 hp=100/100 score=10 phys_us=2 ai_us=4 audio_us=50 net_us=0
[2026-08-17T11:20:33Z INFO  steel_front::engine::game] weapons: shot #84 (6 alive) [Thompson SMG]
[2026-08-17T11:20:33Z INFO  steel_front::engine::game] explosion: at (-108.2, 0.2, -82.0) radius=8 dmg=60 knockback=true
[2026-08-17T11:20:34Z INFO  steel_front::engine::renderer] visible=65536/65536 near=65536 far=0 fps=370.4 frame_us=1988 cull_us=1 terrain_us=331 wait_fence_us=1145 acquire_us=1 record_us=47 submit_us=38 present_us=188 terrain_lod=high blend=0.057 quality=中画质 marker=39 npc=35
[2026-08-17T11:20:34Z INFO  steel_front::engine::game] ai: npcs=5 near=2 far=3 idle=0 patrol=4 chase=1 attack=0 tactics=[4, 1, 0, 0, 0, 0, 0, 0]
[2026-08-17T11:20:34Z INFO  steel_front::engine::game] explosion: at (-108.0, -1.9, -79.4) radius=8 dmg=60 knockback=true
[2026-08-17T11:20:34Z INFO  steel_front::engine::game] weapons: shot #85 (5 alive) [Thompson SMG]
[2026-08-17T11:20:34Z INFO  steel_front::engine::game] explosion: at (-106.8, -1.5, -79.2) radius=8 dmg=60 knockback=true
[2026-08-17T11:20:34Z INFO  steel_front::engine::game] weapons: shot #86 (5 alive) [Thompson SMG]
[2026-08-17T11:20:34Z INFO  steel_front::engine::game] explosion: at (-105.8, -0.3, -75.5) radius=8 dmg=60 knockback=true
[2026-08-17T11:20:34Z INFO  steel_front] cam: yaw=-267.4 pitch=1.0 dist=3.4 mode=FirstPerson cycle_us=2937 update_us=75 render_us=2861
[2026-08-17T11:20:34Z INFO  steel_front::engine::game] game: wave=1 enemies=5 enemy_hp=100 hp=100/100 score=10 phys_us=1 ai_us=4 audio_us=43 net_us=0
[2026-08-17T11:20:34Z INFO  steel_front::engine::game] weapons: shot #87 (5 alive) [Thompson SMG]
[2026-08-17T11:20:34Z INFO  steel_front::engine::game] explosion: at (-105.2, -0.7, -71.6) radius=8 dmg=60 knockback=true
[2026-08-17T11:20:35Z INFO  steel_front::engine::game] weapons: shot #88 (5 alive) [Thompson SMG]
[2026-08-17T11:20:35Z INFO  steel_front::engine::renderer] visible=65536/65536 near=65536 far=0 fps=370.3 frame_us=1201 cull_us=1 terrain_us=410 wait_fence_us=5 acquire_us=3 record_us=41 submit_us=36 present_us=201 terrain_lod=high blend=0.098 quality=中画质 marker=39 npc=35
[2026-08-17T11:20:35Z INFO  steel_front::engine::game] ai: npcs=5 near=2 far=3 idle=0 patrol=4 chase=1 attack=0 tactics=[4, 1, 0, 0, 0, 0, 0, 0]
[2026-08-17T11:20:35Z INFO  steel_front::engine::game] explosion: at (-104.2, -1.1, -70.0) radius=8 dmg=60 knockback=true
[2026-08-17T11:20:35Z INFO  steel_front::engine::game] weapons: shot #89 (5 alive) [Thompson SMG]
[2026-08-17T11:20:35Z INFO  steel_front::engine::game] explosion: at (-103.3, 0.3, -64.0) radius=8 dmg=60 knockback=true
[2026-08-17T11:20:35Z INFO  steel_front::engine::game] weapons: shot #90 (5 alive) [Thompson SMG]
[2026-08-17T11:20:35Z INFO  steel_front::engine::game] explosion: at (-102.0, 1.0, -63.9) radius=8 dmg=60 knockback=true
[2026-08-17T11:20:35Z INFO  steel_front] cam: yaw=-263.0 pitch=1.0 dist=3.4 mode=FirstPerson cycle_us=2942 update_us=76 render_us=2866
[2026-08-17T11:20:35Z INFO  steel_front::engine::game] game: wave=1 enemies=5 enemy_hp=100 hp=100/100 score=10 phys_us=1 ai_us=7 audio_us=41 net_us=0
[2026-08-17T11:20:35Z INFO  steel_front] size diag: window_inner=2560x1600 hud=2560x1600
[2026-08-17T11:20:35Z INFO  steel_front] size diag: window_inner=2560x1600 hud=2560x1600
[2026-08-17T11:20:35Z INFO  steel_front] size diag: window_inner=2560x1600 hud=2560x1600
[2026-08-17T11:20:35Z INFO  steel_front] size diag: window_inner=2560x1600 hud=2560x1600
[2026-08-17T11:20:35Z INFO  steel_front] size diag: window_inner=2560x1600 hud=2560x1600
[2026-08-17T11:20:35Z INFO  steel_front] size diag: window_inner=2560x1600 hud=2560x1600
[2026-08-17T11:20:35Z INFO  steel_front] size diag: window_inner=2560x1600 hud=2560x1600
[2026-08-17T11:20:35Z INFO  steel_front] size diag: window_inner=2560x1600 hud=2560x1600
[2026-08-17T11:20:35Z INFO  steel_front] size diag: window_inner=2560x1600 hud=2560x1600
[2026-08-17T11:20:35Z INFO  steel_front] size diag: window_inner=2560x1600 hud=2560x1600
[2026-08-17T11:20:35Z INFO  steel_front] size diag: window_inner=2560x1600 hud=2560x1600
[2026-08-17T11:20:35Z INFO  steel_front] size diag: window_inner=2560x1600 hud=2560x1600
[2026-08-17T11:20:35Z INFO  steel_front] size diag: window_inner=2560x1600 hud=2560x1600
[2026-08-17T11:20:35Z INFO  steel_front] size diag: window_inner=2560x1600 hud=2560x1600
[2026-08-17T11:20:35Z INFO  steel_front] size diag: window_inner=2560x1600 hud=2560x1600
[2026-08-17T11:20:35Z INFO  steel_front] size diag: window_inner=2560x1600 hud=2560x1600
[2026-08-17T11:20:35Z INFO  steel_front] size diag: window_inner=2560x1600 hud=2560x1600
[2026-08-17T11:20:35Z INFO  steel_front] size diag: window_inner=2560x1600 hud=2560x1600
[2026-08-17T11:20:35Z INFO  steel_front] size diag: window_inner=2560x1600 hud=2560x1600
[2026-08-17T11:20:35Z INFO  steel_front::engine::game] explosion: at (-101.1, -0.9, -60.4) radius=8 dmg=60 knockback=true
[2026-08-17T11:20:36Z INFO  steel_front::engine::renderer] visible=65536/65536 near=65536 far=0 fps=368.8 frame_us=2135 cull_us=1 terrain_us=395 wait_fence_us=1268 acquire_us=1 record_us=58 submit_us=50 present_us=412 terrain_lod=high blend=0.154 quality=中画质 marker=42 npc=35
[2026-08-17T11:20:36Z INFO  steel_front::engine::game] ai: npcs=5 near=2 far=3 idle=0 patrol=4 chase=1 attack=0 tactics=[4, 1, 0, 0, 0, 0, 0, 0]
[2026-08-17T11:20:36Z INFO  steel_front::engine::game] explosion: at (-100.0, -0.3, -58.6) radius=8 dmg=60 knockback=true
[2026-08-17T11:20:36Z INFO  steel_front::engine::game] explosion: at (-56.6, 0.2, -55.3) radius=8 dmg=60 knockback=false
[2026-08-17T11:20:36Z INFO  steel_front::engine::game] weapons: 1 projectile hit(s), total_hits=24
[2026-08-17T11:20:36Z INFO  steel_front::engine::game] explosion: at (-98.8, -1.9, -53.7) radius=8 dmg=60 knockback=true
[2026-08-17T11:20:36Z INFO  steel_front] cam: yaw=-259.7 pitch=0.5 dist=3.4 mode=FirstPerson cycle_us=1873 update_us=68 render_us=1805
[2026-08-17T11:20:36Z INFO  steel_front::engine::game] game: wave=1 enemies=5 enemy_hp=100 hp=100/100 score=10 phys_us=2 ai_us=4 audio_us=36 net_us=0
[2026-08-17T11:20:37Z INFO  steel_front::engine::renderer] visible=65536/65536 near=65536 far=0 fps=366.9 frame_us=844 cull_us=0 terrain_us=371 wait_fence_us=4 acquire_us=1 record_us=98 submit_us=71 present_us=276 terrain_lod=high blend=0.186 quality=中画质 marker=34 npc=35
[2026-08-17T11:20:37Z INFO  steel_front::engine::game] ai: npcs=5 near=2 far=3 idle=0 patrol=5 chase=0 attack=0 tactics=[4, 1, 0, 0, 0, 0, 0, 0]
[2026-08-17T11:20:37Z INFO  steel_front] cam: yaw=-255.0 pitch=0.5 dist=3.4 mode=FirstPerson cycle_us=2936 update_us=31 render_us=2904
[2026-08-17T11:20:37Z INFO  steel_front::engine::game] game: wave=1 enemies=5 enemy_hp=100 hp=100/100 score=10 phys_us=1 ai_us=4 audio_us=25 net_us=0
[2026-08-17T11:20:38Z INFO  steel_front::engine::renderer] visible=65536/65536 near=65536 far=0 fps=366.4 frame_us=2078 cull_us=1 terrain_us=445 wait_fence_us=780 acquire_us=1 record_us=72 submit_us=53 present_us=259 terrain_lod=high blend=0.199 quality=中画质 marker=31 npc=35
[2026-08-17T11:20:38Z INFO  steel_front::engine::game] ai: npcs=5 near=2 far=3 idle=0 patrol=5 chase=0 attack=0 tactics=[4, 1, 0, 0, 0, 0, 0, 0]
[2026-08-17T11:20:38Z INFO  steel_front::engine::game] weapons: shot #91 (1 alive) [Thompson SMG]
[2026-08-17T11:20:38Z INFO  steel_front] cam: yaw=-252.7 pitch=0.3 dist=3.4 mode=FirstPerson cycle_us=2792 update_us=61 render_us=2730
[2026-08-17T11:20:38Z INFO  steel_front::engine::game] game: wave=1 enemies=5 enemy_hp=100 hp=100/100 score=10 phys_us=4 ai_us=21 audio_us=23 net_us=0
[2026-08-17T11:20:38Z INFO  steel_front::engine::game] weapons: shot #92 (2 alive) [Thompson SMG]
[2026-08-17T11:20:39Z INFO  steel_front::engine::renderer] visible=65536/65536 near=65536 far=0 fps=365.4 frame_us=1844 cull_us=2 terrain_us=523 wait_fence_us=12 acquire_us=60 record_us=54 submit_us=60 present_us=360 terrain_lod=high blend=0.300 quality=中画质 marker=33 npc=35
[2026-08-17T11:20:39Z INFO  steel_front::engine::game] ai: npcs=5 near=2 far=3 idle=0 patrol=5 chase=0 attack=0 tactics=[4, 1, 0, 0, 0, 0, 0, 0]
[2026-08-17T11:20:39Z INFO  steel_front::engine::game] weapons: shot #93 (3 alive) [Thompson SMG]
[2026-08-17T11:20:39Z INFO  steel_front::engine::game] weapons: shot #94 (4 alive) [Thompson SMG]
[2026-08-17T11:20:39Z INFO  steel_front::engine::game] weapons: shot #95 (5 alive) [Thompson SMG]
[2026-08-17T11:20:39Z INFO  steel_front] cam: yaw=-247.4 pitch=1.1 dist=3.4 mode=FirstPerson cycle_us=2557 update_us=33 render_us=2524
[2026-08-17T11:20:39Z INFO  steel_front::engine::game] game: wave=1 enemies=5 enemy_hp=100 hp=100/100 score=10 phys_us=1 ai_us=6 audio_us=19 net_us=0
[2026-08-17T11:20:39Z INFO  steel_front::engine::game] weapons: shot #96 (6 alive) [Thompson SMG]
[2026-08-17T11:20:39Z INFO  steel_front::engine::game] explosion: at (-85.0, 1.7, -28.8) radius=8 dmg=60 knockback=true
[2026-08-17T11:20:40Z INFO  steel_front::engine::renderer] visible=65536/65536 near=65536 far=0 fps=367.8 frame_us=1672 cull_us=1 terrain_us=438 wait_fence_us=1408 acquire_us=1 record_us=49 submit_us=58 present_us=213 terrain_lod=high blend=0.145 quality=中画质 marker=37 npc=35
[2026-08-17T11:20:40Z INFO  steel_front::engine::game] ai: npcs=5 near=2 far=3 idle=0 patrol=5 chase=0 attack=0 tactics=[4, 1, 0, 0, 0, 0, 0, 0]
[2026-08-17T11:20:40Z INFO  steel_front::engine::game] weapons: shot #97 (6 alive) [Thompson SMG]
[2026-08-17T11:20:40Z INFO  steel_front::engine::game] explosion: at (-83.7, -0.7, -24.7) radius=8 dmg=60 knockback=true
[2026-08-17T11:20:40Z INFO  steel_front::engine::game] weapons: shot #98 (6 alive) [Thompson SMG]
[2026-08-17T11:20:40Z INFO  steel_front::engine::game] explosion: at (-84.6, -0.3, -24.3) radius=8 dmg=60 knockback=true
[2026-08-17T11:20:40Z INFO  steel_front::engine::game] weapons: 1 projectile hit(s), total_hits=25
[2026-08-17T11:20:40Z INFO  steel_front::engine::game] weapons: shot #99 (5 alive) [Thompson SMG]
[2026-08-17T11:20:40Z INFO  steel_front::engine::game] explosion: at (-84.3, 0.4, -20.2) radius=8 dmg=60 knockback=true
[2026-08-17T11:20:40Z INFO  steel_front::engine::game] explosion: at (-86.2, 0.8, -19.4) radius=8 dmg=60 knockback=true
[2026-08-17T11:20:40Z INFO  steel_front::engine::game] game: wave=1 enemies=5 enemy_hp=100 hp=100/100 score=10 phys_us=4 ai_us=4411 audio_us=55 net_us=0
[2026-08-17T11:20:40Z INFO  steel_front::engine::game] weapons: shot #100 (4 alive) [Thompson SMG]
[2026-08-17T11:20:40Z INFO  steel_front] cam: yaw=-245.1 pitch=-0.2 dist=3.4 mode=FirstPerson cycle_us=3060 update_us=71 render_us=2988
[2026-08-17T11:20:40Z INFO  steel_front] size diag: window_inner=2560x1600 hud=2560x1600
[2026-08-17T11:20:40Z INFO  steel_front] size diag: window_inner=2560x1600 hud=2560x1600
[2026-08-17T11:20:40Z INFO  steel_front] size diag: window_inner=2560x1600 hud=2560x1600
[2026-08-17T11:20:40Z INFO  steel_front] size diag: window_inner=2560x1600 hud=2560x1600
[2026-08-17T11:20:40Z INFO  steel_front] size diag: window_inner=2560x1600 hud=2560x1600
[2026-08-17T11:20:40Z INFO  steel_front] size diag: window_inner=2560x1600 hud=2560x1600
[2026-08-17T11:20:40Z INFO  steel_front] size diag: window_inner=2560x1600 hud=2560x1600
[2026-08-17T11:20:40Z INFO  steel_front] size diag: window_inner=2560x1600 hud=2560x1600
[2026-08-17T11:20:40Z INFO  steel_front] size diag: window_inner=2560x1600 hud=2560x1600
[2026-08-17T11:20:40Z INFO  steel_front] size diag: window_inner=2560x1600 hud=2560x1600
[2026-08-17T11:20:41Z INFO  steel_front::engine::renderer] visible=65536/65536 near=65536 far=0 fps=283.0 frame_us=1184 cull_us=0 terrain_us=369 wait_fence_us=5 acquire_us=1 record_us=41 submit_us=42 present_us=766 terrain_lod=high blend=0.043 quality=中画质 marker=38 npc=35
[2026-08-17T11:20:41Z INFO  steel_front::engine::game] ai: npcs=5 near=2 far=3 idle=0 patrol=4 chase=1 attack=0 tactics=[4, 1, 0, 0, 0, 0, 0, 0]
[2026-08-17T11:20:41Z INFO  steel_front::engine::game] weapons: shot #101 (5 alive) [Thompson SMG]
[2026-08-17T11:20:41Z INFO  steel_front::engine::game] explosion: at (-86.2, -0.2, -12.0) radius=8 dmg=60 knockback=true
[2026-08-17T11:20:41Z INFO  steel_front::engine::game] weapons: shot #102 (5 alive) [Thompson SMG]
[2026-08-17T11:20:41Z INFO  steel_front::engine::game] explosion: at (-87.1, 0.2, -12.3) radius=8 dmg=60 knockback=true
[2026-08-17T11:20:41Z INFO  steel_front::engine::game] weapons: shot #103 (5 alive) [Thompson SMG]
[2026-08-17T11:20:41Z INFO  steel_front::engine::game] explosion: at (-87.3, 1.6, -9.1) radius=8 dmg=60 knockback=true
[2026-08-17T11:20:41Z INFO  steel_front::engine::game] weapons: shot #104 (5 alive) [Thompson SMG]
[2026-08-17T11:20:41Z INFO  steel_front::engine::game] game: wave=1 enemies=5 enemy_hp=100 hp=100/100 score=10 phys_us=3 ai_us=9 audio_us=50 net_us=0
[2026-08-17T11:20:41Z INFO  steel_front] cam: yaw=-241.3 pitch=0.9 dist=3.4 mode=FirstPerson cycle_us=2254 update_us=63 render_us=2191
[2026-08-17T11:20:42Z INFO  steel_front::engine::game] explosion: at (-87.6, 2.1, -5.7) radius=8 dmg=60 knockback=true
[2026-08-17T11:20:42Z INFO  steel_front::engine::game] weapons: shot #105 (5 alive) [Thompson SMG]
[2026-08-17T11:20:42Z INFO  steel_front::engine::renderer] visible=65536/65536 near=65536 far=0 fps=285.8 frame_us=2721 cull_us=1 terrain_us=422 wait_fence_us=754 acquire_us=2 record_us=118 submit_us=162 present_us=723 terrain_lod=high blend=0.008 quality=中画质 marker=43 npc=35
[2026-08-17T11:20:42Z INFO  steel_front::engine::game] ai: npcs=5 near=2 far=3 idle=0 patrol=4 chase=1 attack=0 tactics=[4, 1, 0, 0, 0, 0, 0, 0]
[2026-08-17T11:20:42Z INFO  steel_front::engine::game] weapons: shot #106 (6 alive) [Thompson SMG]
[2026-08-17T11:20:42Z INFO  steel_front::engine::game] explosion: at (-88.6, 2.2, -4.0) radius=8 dmg=60 knockback=true
[2026-08-17T11:20:42Z INFO  steel_front::engine::game] weapons: shot #107 (6 alive) [Thompson SMG]
[2026-08-17T11:20:42Z INFO  steel_front::engine::game] explosion: at (-87.9, -1.0, 0.5) radius=8 dmg=60 knockback=true
[2026-08-17T11:20:42Z INFO  steel_front::engine::game] weapons: shot #108 (6 alive) [Thompson SMG]
[2026-08-17T11:20:42Z INFO  steel_front::engine::game] explosion: at (-88.5, -0.6, 2.1) radius=8 dmg=60 knockback=true
[2026-08-17T11:20:42Z INFO  steel_front::engine::game] weapons: shot #109 (6 alive) [Thompson SMG]
[2026-08-17T11:20:42Z INFO  steel_front::engine::game] game: wave=1 enemies=5 enemy_hp=100 hp=100/100 score=10 phys_us=1 ai_us=4 audio_us=42 net_us=0
[2026-08-17T11:20:42Z INFO  steel_front] cam: yaw=-238.9 pitch=1.2 dist=3.4 mode=FirstPerson cycle_us=2661 update_us=53 render_us=2608
[2026-08-17T11:20:42Z INFO  steel_front::engine::game] explosion: at (-88.4, -0.5, 4.9) radius=8 dmg=60 knockback=true
[2026-08-17T11:20:43Z INFO  steel_front::engine::renderer] visible=65536/65536 near=65536 far=0 fps=367.2 frame_us=756 cull_us=0 terrain_us=361 wait_fence_us=4 acquire_us=1 record_us=39 submit_us=43 present_us=296 terrain_lod=high blend=0.060 quality=中画质 marker=41 npc=35
[2026-08-17T11:20:43Z INFO  steel_front::engine::game] ai: npcs=5 near=2 far=3 idle=0 patrol=5 chase=0 attack=0 tactics=[4, 1, 0, 0, 0, 0, 0, 0]
[2026-08-17T11:20:43Z INFO  steel_front::engine::game] explosion: at (-87.4, -0.8, 4.8) radius=8 dmg=60 knockback=true
[2026-08-17T11:20:43Z INFO  steel_front::engine::game] weapons: shot #110 (5 alive) [Thompson SMG]
[2026-08-17T11:20:43Z INFO  steel_front::engine::game] explosion: at (-86.3, -0.2, 4.4) radius=8 dmg=60 knockback=true
[2026-08-17T11:20:43Z INFO  steel_front::engine::game] weapons: shot #111 (5 alive) [Thompson SMG]
[2026-08-17T11:20:43Z INFO  steel_front::engine::game] explosion: at (-85.8, 0.0, 4.6) radius=8 dmg=60 knockback=true
[2026-08-17T11:20:43Z INFO  steel_front::engine::game] weapons: shot #112 (5 alive) [Thompson SMG]
[2026-08-17T11:20:43Z INFO  steel_front::engine::game] explosion: at (-84.2, -0.0, 4.6) radius=8 dmg=60 knockback=true
[2026-08-17T11:20:43Z INFO  steel_front::engine::game] game: wave=1 enemies=5 enemy_hp=100 hp=100/100 score=10 phys_us=2 ai_us=5 audio_us=35 net_us=0
[2026-08-17T11:20:43Z INFO  steel_front] cam: yaw=-234.6 pitch=-0.5 dist=3.4 mode=FirstPerson cycle_us=2717 update_us=46 render_us=2670
[2026-08-17T11:20:43Z INFO  steel_front::engine::game] weapons: shot #113 (5 alive) [Thompson SMG]
[2026-08-17T11:20:44Z INFO  steel_front::engine::renderer] visible=65536/65536 near=65536 far=0 fps=366.6 frame_us=1176 cull_us=1 terrain_us=400 wait_fence_us=973 acquire_us=1 record_us=58 submit_us=42 present_us=306 terrain_lod=high blend=0.009 quality=中画质 marker=39 npc=35
[2026-08-17T11:20:44Z INFO  steel_front::engine::game] explosion: at (-81.2, -1.3, 7.9) radius=8 dmg=60 knockback=true
[2026-08-17T11:20:44Z INFO  steel_front::engine::game] weapons: shot #114 (5 alive) [Thompson SMG]
[2026-08-17T11:20:44Z INFO  steel_front::engine::game] ai: npcs=5 near=2 far=3 idle=0 patrol=5 chase=0 attack=0 tactics=[4, 1, 0, 0, 0, 0, 0, 0]
[2026-08-17T11:20:44Z INFO  steel_front::engine::game] weapons: shot #115 (6 alive) [Thompson SMG]
[2026-08-17T11:20:44Z INFO  steel_front::engine::game] explosion: at (-74.4, 4.7, 17.3) radius=8 dmg=60 knockback=true
[2026-08-17T11:20:44Z INFO  steel_front::engine::game] weapons: shot #116 (6 alive) [Thompson SMG]
[2026-08-17T11:20:44Z INFO  steel_front::engine::game] weapons: shot #117 (7 alive) [Thompson SMG]
[2026-08-17T11:20:44Z INFO  steel_front::engine::game] explosion: at (-75.3, 4.7, 18.1) radius=8 dmg=60 knockback=true
[2026-08-17T11:20:44Z INFO  steel_front::engine::game] weapons: shot #118 (7 alive) [Thompson SMG]
[2026-08-17T11:20:44Z INFO  steel_front::engine::game] game: wave=1 enemies=5 enemy_hp=100 hp=100/100 score=10 phys_us=1 ai_us=7 audio_us=55 net_us=0
[2026-08-17T11:20:44Z INFO  steel_front] cam: yaw=-234.5 pitch=1.5 dist=3.4 mode=FirstPerson cycle_us=2578 update_us=69 render_us=2509
[2026-08-17T11:20:44Z INFO  steel_front::engine::game] explosion: at (-77.0, 4.0, 17.8) radius=8 dmg=60 knockback=true
[2026-08-17T11:20:45Z INFO  steel_front::engine::game] weapons: shot #119 (7 alive) [Thompson SMG]
[2026-08-17T11:20:45Z INFO  steel_front::engine::renderer] visible=65536/65536 near=65536 far=0 fps=375.7 frame_us=1678 cull_us=1 terrain_us=0 wait_fence_us=1050 acquire_us=1 record_us=31 submit_us=39 present_us=133 terrain_lod=high blend=0.000 quality=中画质 marker=43 npc=35
[2026-08-17T11:20:45Z INFO  steel_front::engine::game] explosion: at (-78.0, 1.4, 18.6) radius=8 dmg=60 knockback=true
[2026-08-17T11:20:45Z INFO  steel_front::engine::game] ai: npcs=5 near=2 far=3 idle=0 patrol=4 chase=1 attack=0 tactics=[4, 1, 0, 0, 0, 0, 0, 0]
[2026-08-17T11:20:45Z INFO  steel_front::engine::game] weapons: shot #120 (7 alive) [Thompson SMG]
[2026-08-17T11:20:45Z INFO  steel_front::engine::game] explosion: at (-78.4, -0.9, 18.6) radius=8 dmg=60 knockback=true
[2026-08-17T11:20:45Z INFO  steel_front::engine::game] explosion: at (-79.2, -2.1, 19.3) radius=8 dmg=60 knockback=true
[2026-08-17T11:20:45Z INFO  steel_front::engine::game] explosion: at (-80.0, -2.1, 19.9) radius=8 dmg=60 knockback=true
[2026-08-17T11:20:45Z INFO  steel_front::engine::game] explosion: at (-80.7, -1.7, 20.6) radius=8 dmg=60 knockback=true
[2026-08-17T11:20:45Z INFO  steel_front::engine::game] game: wave=1 enemies=5 enemy_hp=100 hp=100/100 score=10 phys_us=1 ai_us=6 audio_us=114 net_us=0
[2026-08-17T11:20:45Z INFO  steel_front] cam: yaw=-231.4 pitch=2.0 dist=3.4 mode=FirstPerson cycle_us=2326 update_us=132 render_us=2193
[2026-08-17T11:20:45Z INFO  steel_front] size diag: window_inner=2560x1600 hud=2560x1600
[2026-08-17T11:20:45Z INFO  steel_front] size diag: window_inner=2560x1600 hud=2560x1600
[2026-08-17T11:20:45Z INFO  steel_front] size diag: window_inner=2560x1600 hud=2560x1600
[2026-08-17T11:20:45Z INFO  steel_front] size diag: window_inner=2560x1600 hud=2560x1600
[2026-08-17T11:20:45Z INFO  steel_front] size diag: window_inner=2560x1600 hud=2560x1600
[2026-08-17T11:20:45Z INFO  steel_front] size diag: window_inner=2560x1600 hud=2560x1600
[2026-08-17T11:20:45Z INFO  steel_front] size diag: window_inner=2560x1600 hud=2560x1600
[2026-08-17T11:20:45Z INFO  steel_front] size diag: window_inner=2560x1600 hud=2560x1600
[2026-08-17T11:20:45Z INFO  steel_front] size diag: window_inner=2560x1600 hud=2560x1600
[2026-08-17T11:20:45Z INFO  steel_front] size diag: window_inner=2560x1600 hud=2560x1600
[2026-08-17T11:20:45Z INFO  steel_front] size diag: window_inner=2560x1600 hud=2560x1600
[2026-08-17T11:20:45Z INFO  steel_front] size diag: window_inner=2560x1600 hud=2560x1600
[2026-08-17T11:20:45Z INFO  steel_front] size diag: window_inner=2560x1600 hud=2560x1600
[2026-08-17T11:20:45Z INFO  steel_front] size diag: window_inner=2560x1600 hud=2560x1600
[2026-08-17T11:20:45Z INFO  steel_front] size diag: window_inner=2560x1600 hud=2560x1600
[2026-08-17T11:20:45Z INFO  steel_front] size diag: window_inner=2560x1600 hud=2560x1600
[2026-08-17T11:20:45Z INFO  steel_front] size diag: window_inner=2560x1600 hud=2560x1600
[2026-08-17T11:20:45Z INFO  steel_front] size diag: window_inner=2560x1600 hud=2560x1600
[2026-08-17T11:20:45Z INFO  steel_front] size diag: window_inner=2560x1600 hud=2560x1600
[2026-08-17T11:20:45Z INFO  steel_front] size diag: window_inner=2560x1600 hud=2560x1600
[2026-08-17T11:20:46Z INFO  steel_front::engine::game] explosion: at (-81.2, -1.8, 21.1) radius=8 dmg=60 knockback=true
[2026-08-17T11:20:46Z INFO  steel_front::engine::renderer] visible=65536/65536 near=65536 far=0 fps=378.9 frame_us=1730 cull_us=1 terrain_us=0 wait_fence_us=332 acquire_us=1 record_us=62 submit_us=51 present_us=267 terrain_lod=high blend=0.000 quality=中画质 marker=43 npc=35
[2026-08-17T11:20:46Z INFO  steel_front::engine::game] ai: npcs=5 near=2 far=3 idle=0 patrol=4 chase=1 attack=0 tactics=[4, 1, 0, 0, 0, 0, 0, 0]
[2026-08-17T11:20:46Z INFO  steel_front::engine::game] explosion: at (-81.4, -2.0, 21.8) radius=8 dmg=60 knockback=true
[2026-08-17T11:20:46Z INFO  steel_front::engine::game] explosion: at (-82.1, -1.4, 22.4) radius=8 dmg=60 knockback=true
[2026-08-17T11:20:46Z INFO  steel_front::engine::game] game: wave=1 enemies=5 enemy_hp=100 hp=100/100 score=10 phys_us=1 ai_us=4 audio_us=48 net_us=0
[2026-08-17T11:20:46Z INFO  steel_front] cam: yaw=-228.4 pitch=1.0 dist=3.4 mode=FirstPerson cycle_us=2779 update_us=62 render_us=2717
[2026-08-17T11:20:47Z INFO  steel_front::engine::renderer] visible=65536/65536 near=65536 far=0 fps=374.9 frame_us=1529 cull_us=1 terrain_us=0 wait_fence_us=1106 acquire_us=1 record_us=42 submit_us=51 present_us=156 terrain_lod=high blend=0.000 quality=中画质 marker=34 npc=35
[2026-08-17T11:20:47Z INFO  steel_front::engine::game] ai: npcs=5 near=2 far=3 idle=0 patrol=4 chase=1 attack=0 tactics=[4, 1, 0, 0, 0, 0, 0, 0]
[2026-08-17T11:20:47Z INFO  steel_front::engine::game] weapons: shot #121 (1 alive) [Thompson SMG]
[2026-08-17T11:20:47Z INFO  steel_front::engine::game] game: wave=1 enemies=5 enemy_hp=100 hp=100/100 score=10 phys_us=2 ai_us=6 audio_us=29 net_us=0
[2026-08-17T11:20:47Z INFO  steel_front] cam: yaw=-235.5 pitch=-0.4 dist=3.4 mode=FirstPerson cycle_us=2368 update_us=43 render_us=2324
[2026-08-17T11:20:47Z INFO  steel_front::engine::game] weapons: shot #122 (2 alive) [Thompson SMG]
[2026-08-17T11:20:48Z INFO  steel_front::engine::renderer] visible=65536/65536 near=65536 far=0 fps=382.0 frame_us=1094 cull_us=1 terrain_us=0 wait_fence_us=1793 acquire_us=1 record_us=49 submit_us=52 present_us=182 terrain_lod=high blend=0.000 quality=中画质 marker=33 npc=35
[2026-08-17T11:20:48Z INFO  steel_front::engine::game] weapons: shot #123 (3 alive) [Thompson SMG]
[2026-08-17T11:20:48Z INFO  steel_front::engine::game] ai: npcs=5 near=2 far=3 idle=0 patrol=4 chase=1 attack=0 tactics=[4, 1, 0, 0, 0, 0, 0, 0]
[2026-08-17T11:20:48Z INFO  steel_front::engine::game] weapons: 1 projectile hit(s), total_hits=26
[2026-08-17T11:20:48Z INFO  steel_front::engine::game] weapons: shot #124 (3 alive) [Thompson SMG]
[2026-08-17T11:20:48Z INFO  steel_front::engine::game] weapons: shot #125 (4 alive) [Thompson SMG]
[2026-08-17T11:20:48Z INFO  steel_front::engine::game] weapons: shot #126 (5 alive) [Thompson SMG]
[2026-08-17T11:20:48Z INFO  steel_front::engine::game] game: wave=1 enemies=5 enemy_hp=100 hp=100/100 score=10 phys_us=2 ai_us=7 audio_us=20 net_us=0
[2026-08-17T11:20:48Z INFO  steel_front] cam: yaw=-237.0 pitch=-0.3 dist=3.4 mode=FirstPerson cycle_us=2721 update_us=30 render_us=2691
[2026-08-17T11:20:48Z INFO  steel_front::engine::game] weapons: shot #127 (6 alive) [Thompson SMG]
[2026-08-17T11:20:49Z INFO  steel_front::engine::renderer] visible=65536/65536 near=65536 far=0 fps=381.8 frame_us=2149 cull_us=1 terrain_us=0 wait_fence_us=1219 acquire_us=1 record_us=43 submit_us=51 present_us=470 terrain_lod=high blend=0.000 quality=中画质 marker=35 npc=35
[2026-08-17T11:20:49Z INFO  steel_front::engine::game] explosion: at (-88.7, 2.7, 23.6) radius=8 dmg=60 knockback=true
[2026-08-17T11:20:49Z INFO  steel_front::engine::game] ai: npcs=5 near=2 far=3 idle=0 patrol=4 chase=1 attack=0 tactics=[3, 1, 0, 0, 0, 1, 0, 0]
[2026-08-17T11:20:49Z INFO  steel_front::engine::game] weapons: shot #128 (6 alive) [Thompson SMG]
[2026-08-17T11:20:49Z INFO  steel_front::engine::game] explosion: at (-88.5, 3.0, 23.6) radius=8 dmg=60 knockback=true
[2026-08-17T11:20:49Z INFO  steel_front::engine::game] weapons: shot #129 (6 alive) [Thompson SMG]
[2026-08-17T11:20:49Z INFO  steel_front::engine::game] explosion: at (-88.7, 3.4, 23.4) radius=8 dmg=60 knockback=true
[2026-08-17T11:20:49Z INFO  steel_front::engine::game] explosion: at (-91.0, 2.2, 20.0) radius=8 dmg=60 knockback=true
[2026-08-17T11:20:49Z INFO  steel_front::engine::game] game: wave=1 enemies=5 enemy_hp=100 hp=100/100 score=10 phys_us=2 ai_us=6 audio_us=67 net_us=0
[2026-08-17T11:20:49Z INFO  steel_front] cam: yaw=-243.1 pitch=-1.6 dist=3.4 mode=FirstPerson cycle_us=2126 update_us=81 render_us=2044
[2026-08-17T11:20:49Z INFO  steel_front::engine::game] explosion: at (-90.9, 2.2, 20.1) radius=8 dmg=60 knockback=true
[2026-08-17T11:20:50Z INFO  steel_front::engine::renderer] visible=65536/65536 near=65536 far=0 fps=381.1 frame_us=1776 cull_us=1 terrain_us=0 wait_fence_us=1577 acquire_us=0 record_us=60 submit_us=56 present_us=232 terrain_lod=high blend=0.000 quality=中画质 marker=39 npc=35
[2026-08-17T11:20:50Z INFO  steel_front::engine::game] ai: npcs=5 near=2 far=3 idle=0 patrol=4 chase=1 attack=0 tactics=[3, 1, 0, 0, 0, 1, 0, 0]
[2026-08-17T11:20:50Z INFO  steel_front::engine::game] explosion: at (-90.6, 2.5, 20.8) radius=8 dmg=60 knockback=true
[2026-08-17T11:20:50Z INFO  steel_front::engine::game] explosion: at (-91.5, 2.2, 19.1) radius=8 dmg=60 knockback=true
[2026-08-17T11:20:50Z INFO  steel_front::engine::game] explosion: at (-91.6, 2.3, 18.8) radius=8 dmg=60 knockback=true
[2026-08-17T11:20:50Z INFO  steel_front::engine::game] game: wave=1 enemies=5 enemy_hp=100 hp=100/100 score=10 phys_us=2 ai_us=5 audio_us=44 net_us=0
[2026-08-17T11:20:50Z INFO  steel_front] cam: yaw=-255.9 pitch=3.9 dist=3.4 mode=FirstPerson cycle_us=2490 update_us=56 render_us=2434
[2026-08-17T11:20:50Z INFO  steel_front] size diag: window_inner=2560x1600 hud=2560x1600
[2026-08-17T11:20:50Z INFO  steel_front] size diag: window_inner=2560x1600 hud=2560x1600
[2026-08-17T11:20:50Z INFO  steel_front] size diag: window_inner=2560x1600 hud=2560x1600
[2026-08-17T11:20:50Z INFO  steel_front] size diag: window_inner=2560x1600 hud=2560x1600
[2026-08-17T11:20:50Z INFO  steel_front] size diag: window_inner=2560x1600 hud=2560x1600
[2026-08-17T11:20:50Z INFO  steel_front] size diag: window_inner=2560x1600 hud=2560x1600
[2026-08-17T11:20:50Z INFO  steel_front] size diag: window_inner=2560x1600 hud=2560x1600
[2026-08-17T11:20:50Z INFO  steel_front] size diag: window_inner=2560x1600 hud=2560x1600
[2026-08-17T11:20:50Z INFO  steel_front] size diag: window_inner=2560x1600 hud=2560x1600
[2026-08-17T11:20:50Z INFO  steel_front] size diag: window_inner=2560x1600 hud=2560x1600
[2026-08-17T11:20:50Z INFO  steel_front] size diag: window_inner=2560x1600 hud=2560x1600
[2026-08-17T11:20:50Z INFO  steel_front] size diag: window_inner=2560x1600 hud=2560x1600
[2026-08-17T11:20:50Z INFO  steel_front] size diag: window_inner=2560x1600 hud=2560x1600
[2026-08-17T11:20:50Z INFO  steel_front] size diag: window_inner=2560x1600 hud=2560x1600
[2026-08-17T11:20:50Z INFO  steel_front] size diag: window_inner=2560x1600 hud=2560x1600
[2026-08-17T11:20:50Z INFO  steel_front] size diag: window_inner=2560x1600 hud=2560x1600
[2026-08-17T11:20:50Z INFO  steel_front] size diag: window_inner=2560x1600 hud=2560x1600
[2026-08-17T11:20:50Z INFO  steel_front] size diag: window_inner=2560x1600 hud=2560x1600
[2026-08-17T11:20:50Z INFO  steel_front] size diag: window_inner=2560x1600 hud=2560x1600
[2026-08-17T11:20:51Z INFO  steel_front::engine::renderer] visible=65536/65536 near=65536 far=0 fps=386.2 frame_us=1691 cull_us=0 terrain_us=0 wait_fence_us=1609 acquire_us=0 record_us=53 submit_us=45 present_us=217 terrain_lod=high blend=0.000 quality=中画质 marker=31 npc=35
[2026-08-17T11:20:51Z INFO  steel_front::engine::game] ai: npcs=5 near=2 far=3 idle=0 patrol=4 chase=1 attack=0 tactics=[3, 1, 0, 0, 0, 1, 0, 0]
[2026-08-17T11:20:51Z INFO  steel_front::engine::game] game: wave=1 enemies=5 enemy_hp=100 hp=100/100 score=10 phys_us=1 ai_us=3 audio_us=13 net_us=0
[2026-08-17T11:20:51Z INFO  steel_front] cam: yaw=-260.1 pitch=-19.8 dist=3.4 mode=FirstPerson cycle_us=2288 update_us=23 render_us=2265
[2026-08-17T11:20:52Z INFO  steel_front::engine::renderer] visible=65536/65536 near=65536 far=0 fps=386.8 frame_us=1997 cull_us=1 terrain_us=0 wait_fence_us=1690 acquire_us=1 record_us=31 submit_us=30 present_us=132 terrain_lod=high blend=0.000 quality=中画质 marker=31 npc=35
[2026-08-17T11:20:52Z INFO  steel_front::engine::game] ai: npcs=5 near=2 far=3 idle=0 patrol=4 chase=1 attack=0 tactics=[3, 1, 0, 0, 0, 1, 0, 0]
[2026-08-17T11:20:52Z INFO  steel_front::engine::game] game: wave=1 enemies=5 enemy_hp=100 hp=100/100 score=10 phys_us=1 ai_us=5 audio_us=25 net_us=0
[2026-08-17T11:20:52Z INFO  steel_front] cam: yaw=-273.0 pitch=-27.2 dist=3.4 mode=FirstPerson cycle_us=2500 update_us=38 render_us=2461
[2026-08-17T11:20:53Z INFO  steel_front::engine::renderer] visible=65536/65536 near=65536 far=0 fps=398.4 frame_us=2043 cull_us=0 terrain_us=0 wait_fence_us=1336 acquire_us=1 record_us=116 submit_us=31 present_us=151 terrain_lod=high blend=0.000 quality=中画质 marker=31 npc=35
[2026-08-17T11:20:53Z INFO  steel_front::engine::game] ai: npcs=5 near=2 far=3 idle=0 patrol=4 chase=1 attack=0 tactics=[3, 1, 0, 0, 0, 1, 0, 0]
[2026-08-17T11:20:53Z INFO  steel_front::engine::game] game: wave=1 enemies=5 enemy_hp=100 hp=100/100 score=10 phys_us=1 ai_us=5 audio_us=14 net_us=0
[2026-08-17T11:20:53Z INFO  steel_front] cam: yaw=-285.1 pitch=-13.9 dist=3.4 mode=FirstPerson cycle_us=2780 update_us=23 render_us=2757
[2026-08-17T11:20:54Z INFO  steel_front::engine::renderer] visible=65536/65536 near=65536 far=0 fps=386.9 frame_us=1975 cull_us=2 terrain_us=0 wait_fence_us=706 acquire_us=1 record_us=125 submit_us=47 present_us=451 terrain_lod=high blend=0.000 quality=中画质 marker=31 npc=35
[2026-08-17T11:20:54Z INFO  steel_front::engine::game] ai: npcs=5 near=2 far=3 idle=0 patrol=4 chase=1 attack=0 tactics=[3, 1, 0, 0, 0, 1, 0, 0]
[2026-08-17T11:20:54Z INFO  steel_front::engine::game] game: wave=1 enemies=5 enemy_hp=100 hp=100/100 score=10 phys_us=1 ai_us=3 audio_us=32 net_us=0
[2026-08-17T11:20:54Z INFO  steel_front] cam: yaw=-297.0 pitch=-3.8 dist=3.4 mode=FirstPerson cycle_us=2741 update_us=46 render_us=2695
[2026-08-17T11:20:55Z INFO  steel_front::engine::renderer] visible=65536/65536 near=65536 far=0 fps=389.2 frame_us=2124 cull_us=1 terrain_us=0 wait_fence_us=955 acquire_us=0 record_us=57 submit_us=54 present_us=529 terrain_lod=high blend=0.000 quality=中画质 marker=31 npc=35
[2026-08-17T11:20:55Z INFO  steel_front::engine::game] ai: npcs=5 near=2 far=3 idle=0 patrol=4 chase=1 attack=0 tactics=[3, 1, 0, 0, 0, 1, 0, 0]
[2026-08-17T11:20:55Z INFO  steel_front::engine::game] game: wave=1 enemies=5 enemy_hp=100 hp=100/100 score=10 phys_us=1 ai_us=3 audio_us=29 net_us=0
[2026-08-17T11:20:55Z INFO  steel_front] cam: yaw=-333.0 pitch=4.8 dist=3.4 mode=FirstPerson cycle_us=2822 update_us=42 render_us=2780
[2026-08-17T11:20:55Z INFO  steel_front] size diag: window_inner=2560x1600 hud=2560x1600
[2026-08-17T11:20:55Z INFO  steel_front] size diag: window_inner=2560x1600 hud=2560x1600
[2026-08-17T11:20:55Z INFO  steel_front] size diag: window_inner=2560x1600 hud=2560x1600
[2026-08-17T11:20:55Z INFO  steel_front] size diag: window_inner=2560x1600 hud=2560x1600
[2026-08-17T11:20:55Z INFO  steel_front] size diag: window_inner=2560x1600 hud=2560x1600
[2026-08-17T11:20:55Z INFO  steel_front] size diag: window_inner=2560x1600 hud=2560x1600
[2026-08-17T11:20:55Z INFO  steel_front] size diag: window_inner=2560x1600 hud=2560x1600
[2026-08-17T11:20:55Z INFO  steel_front] size diag: window_inner=2560x1600 hud=2560x1600
[2026-08-17T11:20:55Z INFO  steel_front] size diag: window_inner=2560x1600 hud=2560x1600
[2026-08-17T11:20:55Z INFO  steel_front] size diag: window_inner=2560x1600 hud=2560x1600
[2026-08-17T11:20:55Z INFO  steel_front] size diag: window_inner=2560x1600 hud=2560x1600
[2026-08-17T11:20:55Z INFO  steel_front] size diag: window_inner=2560x1600 hud=2560x1600
[2026-08-17T11:20:55Z INFO  steel_front] size diag: window_inner=2560x1600 hud=2560x1600
[2026-08-17T11:20:55Z INFO  steel_front] size diag: window_inner=2560x1600 hud=2560x1600
[2026-08-17T11:20:55Z INFO  steel_front] size diag: window_inner=2560x1600 hud=2560x1600
[2026-08-17T11:20:55Z INFO  steel_front] size diag: window_inner=2560x1600 hud=2560x1600
[2026-08-17T11:20:55Z INFO  steel_front] size diag: window_inner=2560x1600 hud=2560x1600
[2026-08-17T11:20:55Z INFO  steel_front] size diag: window_inner=2560x1600 hud=2560x1600
[2026-08-17T11:20:55Z INFO  steel_front] size diag: window_inner=2560x1600 hud=2560x1600
[2026-08-17T11:20:55Z INFO  steel_front] size diag: window_inner=2560x1600 hud=2560x1600
[2026-08-17T11:20:56Z INFO  steel_front::engine::renderer] visible=65536/65536 near=65536 far=0 fps=388.4 frame_us=1273 cull_us=0 terrain_us=0 wait_fence_us=1830 acquire_us=3 record_us=37 submit_us=49 present_us=157 terrain_lod=high blend=0.000 quality=中画质 marker=31 npc=35
[2026-08-17T11:20:56Z INFO  steel_front::engine::game] ai: npcs=5 near=2 far=3 idle=0 patrol=4 chase=1 attack=0 tactics=[3, 1, 0, 0, 0, 1, 0, 0]
[2026-08-17T11:20:56Z INFO  steel_front::engine::game] game: wave=1 enemies=5 enemy_hp=100 hp=100/100 score=10 phys_us=3 ai_us=7 audio_us=14 net_us=0
[2026-08-17T11:20:56Z INFO  steel_front] cam: yaw=-354.2 pitch=4.5 dist=3.4 mode=FirstPerson cycle_us=3423 update_us=22 render_us=3400
[2026-08-17T11:20:57Z INFO  steel_front::engine::renderer] visible=65536/65536 near=65536 far=0 fps=387.1 frame_us=1666 cull_us=0 terrain_us=0 wait_fence_us=988 acquire_us=1 record_us=55 submit_us=49 present_us=222 terrain_lod=high blend=0.000 quality=中画质 marker=31 npc=35
[2026-08-17T11:20:57Z INFO  steel_front::engine::game] ai: npcs=5 near=2 far=3 idle=0 patrol=4 chase=1 attack=0 tactics=[3, 1, 0, 0, 0, 1, 0, 0]
[2026-08-17T11:20:57Z INFO  steel_front::engine::game] game: wave=1 enemies=5 enemy_hp=100 hp=100/100 score=10 phys_us=3 ai_us=12 audio_us=20 net_us=0
[2026-08-17T11:20:57Z INFO  steel_front] cam: yaw=-343.0 pitch=2.4 dist=3.4 mode=FirstPerson cycle_us=2940 update_us=60 render_us=2880
[2026-08-17T11:20:58Z INFO  steel_front::engine::renderer] visible=65536/65536 near=65536 far=0 fps=379.8 frame_us=2303 cull_us=1 terrain_us=375 wait_fence_us=1021 acquire_us=1 record_us=45 submit_us=56 present_us=200 terrain_lod=high blend=0.004 quality=中画质 marker=31 npc=35
[2026-08-17T11:20:58Z INFO  steel_front::engine::game] ai: npcs=5 near=2 far=3 idle=0 patrol=4 chase=1 attack=0 tactics=[3, 1, 0, 0, 0, 1, 0, 0]
[2026-08-17T11:20:58Z INFO  steel_front::engine::game] game: wave=1 enemies=5 enemy_hp=100 hp=100/100 score=10 phys_us=1 ai_us=4 audio_us=25 net_us=0
[2026-08-17T11:20:58Z INFO  steel_front] cam: yaw=-343.0 pitch=2.4 dist=3.4 mode=FirstPerson cycle_us=2902 update_us=38 render_us=2863
[2026-08-17T11:20:59Z INFO  steel_front::engine::renderer] visible=65536/65536 near=65536 far=0 fps=370.0 frame_us=1635 cull_us=1 terrain_us=440 wait_fence_us=1248 acquire_us=1 record_us=37 submit_us=30 present_us=192 terrain_lod=high blend=0.049 quality=中画质 marker=31 npc=35
[2026-08-17T11:20:59Z INFO  steel_front::engine::game] ai: npcs=5 near=2 far=3 idle=0 patrol=4 chase=1 attack=0 tactics=[3, 1, 0, 0, 0, 1, 0, 0]
[2026-08-17T11:20:59Z INFO  steel_front::engine::game] game: wave=1 enemies=5 enemy_hp=100 hp=100/100 score=10 phys_us=1 ai_us=3 audio_us=18 net_us=0
[2026-08-17T11:20:59Z INFO  steel_front] cam: yaw=-343.0 pitch=2.4 dist=3.4 mode=FirstPerson cycle_us=2489 update_us=28 render_us=2460
[2026-08-17T11:21:00Z INFO  steel_front::engine::renderer] visible=65536/65536 near=65536 far=0 fps=368.6 frame_us=1474 cull_us=1 terrain_us=409 wait_fence_us=1076 acquire_us=1 record_us=38 submit_us=34 present_us=215 terrain_lod=high blend=0.147 quality=中画质 marker=31 npc=35
[2026-08-17T11:21:00Z INFO  steel_front::engine::game] ai: npcs=5 near=2 far=3 idle=0 patrol=4 chase=1 attack=0 tactics=[3, 1, 0, 0, 0, 1, 0, 0]
[2026-08-17T11:21:00Z INFO  steel_front::engine::game] game: wave=1 enemies=5 enemy_hp=100 hp=100/100 score=10 phys_us=1 ai_us=5 audio_us=20 net_us=0
[2026-08-17T11:21:00Z INFO  steel_front] cam: yaw=-336.4 pitch=3.6 dist=3.4 mode=FirstPerson cycle_us=2465 update_us=32 render_us=2432
[2026-08-17T11:21:00Z INFO  steel_front] size diag: window_inner=2560x1600 hud=2560x1600
[2026-08-17T11:21:00Z INFO  steel_front] size diag: window_inner=2560x1600 hud=2560x1600
[2026-08-17T11:21:00Z INFO  steel_front] size diag: window_inner=2560x1600 hud=2560x1600
[2026-08-17T11:21:00Z INFO  steel_front] size diag: window_inner=2560x1600 hud=2560x1600
[2026-08-17T11:21:00Z INFO  steel_front] size diag: window_inner=2560x1600 hud=2560x1600
[2026-08-17T11:21:00Z INFO  steel_front] size diag: window_inner=2560x1600 hud=2560x1600
[2026-08-17T11:21:00Z INFO  steel_front] size diag: window_inner=2560x1600 hud=2560x1600
[2026-08-17T11:21:00Z INFO  steel_front] size diag: window_inner=2560x1600 hud=2560x1600
[2026-08-17T11:21:00Z INFO  steel_front] size diag: window_inner=2560x1600 hud=2560x1600
[2026-08-17T11:21:00Z INFO  steel_front] size diag: window_inner=2560x1600 hud=2560x1600
[2026-08-17T11:21:00Z INFO  steel_front] size diag: window_inner=2560x1600 hud=2560x1600
[2026-08-17T11:21:00Z INFO  steel_front] size diag: window_inner=2560x1600 hud=2560x1600
[2026-08-17T11:21:00Z INFO  steel_front] size diag: window_inner=2560x1600 hud=2560x1600
[2026-08-17T11:21:00Z INFO  steel_front] size diag: window_inner=2560x1600 hud=2560x1600
[2026-08-17T11:21:00Z INFO  steel_front] size diag: window_inner=2560x1600 hud=2560x1600
[2026-08-17T11:21:00Z INFO  steel_front] size diag: window_inner=2560x1600 hud=2560x1600
[2026-08-17T11:21:00Z INFO  steel_front] size diag: window_inner=2560x1600 hud=2560x1600
[2026-08-17T11:21:00Z INFO  steel_front] size diag: window_inner=2560x1600 hud=2560x1600
[2026-08-17T11:21:00Z INFO  steel_front] size diag: window_inner=2560x1600 hud=2560x1600
[2026-08-17T11:21:01Z INFO  steel_front::engine::renderer] visible=65536/65536 near=65536 far=0 fps=370.7 frame_us=2154 cull_us=0 terrain_us=500 wait_fence_us=1223 acquire_us=1 record_us=42 submit_us=32 present_us=167 terrain_lod=high blend=0.246 quality=中画质 marker=31 npc=35
[2026-08-17T11:21:01Z INFO  steel_front::engine::game] ai: npcs=5 near=2 far=3 idle=0 patrol=4 chase=1 attack=0 tactics=[3, 1, 0, 0, 0, 1, 0, 0]
[2026-08-17T11:21:01Z INFO  steel_front::engine::game] game: wave=1 enemies=5 enemy_hp=100 hp=100/100 score=10 phys_us=1 ai_us=3 audio_us=32 net_us=0
[2026-08-17T11:21:01Z INFO  steel_front] cam: yaw=-336.4 pitch=3.6 dist=3.4 mode=FirstPerson cycle_us=2326 update_us=44 render_us=2282
[2026-08-17T11:21:02Z INFO  steel_front::engine::renderer] visible=65536/65536 near=65536 far=0 fps=371.6 frame_us=1779 cull_us=0 terrain_us=411 wait_fence_us=1552 acquire_us=2 record_us=41 submit_us=32 present_us=155 terrain_lod=high blend=0.360 quality=中画质 marker=31 npc=35
[2026-08-17T11:21:02Z INFO  steel_front::engine::game] ai: npcs=5 near=2 far=3 idle=0 patrol=4 chase=1 attack=0 tactics=[3, 1, 0, 0, 0, 1, 0, 0]
[2026-08-17T11:21:02Z INFO  steel_front::engine::game] game: wave=1 enemies=5 enemy_hp=100 hp=100/100 score=10 phys_us=1 ai_us=3 audio_us=16 net_us=0
[2026-08-17T11:21:02Z INFO  steel_front] cam: yaw=-336.4 pitch=3.6 dist=3.4 mode=FirstPerson cycle_us=2677 update_us=26 render_us=2650
[2026-08-17T11:21:03Z INFO  steel_front::engine::renderer] visible=65536/65536 near=65536 far=0 fps=368.7 frame_us=1554 cull_us=0 terrain_us=349 wait_fence_us=1369 acquire_us=1 record_us=35 submit_us=34 present_us=170 terrain_lod=high blend=0.485 quality=中画质 marker=31 npc=35
[2026-08-17T11:21:03Z INFO  steel_front::engine::game] ai: npcs=5 near=2 far=3 idle=0 patrol=4 chase=1 attack=0 tactics=[3, 1, 0, 0, 0, 1, 0, 0]
[2026-08-17T11:21:03Z INFO  steel_front::engine::game] game: wave=1 enemies=5 enemy_hp=100 hp=100/100 score=10 phys_us=1 ai_us=7 audio_us=21 net_us=0
[2026-08-17T11:21:03Z INFO  steel_front] cam: yaw=-336.4 pitch=3.6 dist=3.4 mode=FirstPerson cycle_us=2931 update_us=36 render_us=2895
[2026-08-17T11:21:04Z INFO  steel_front::engine::renderer] visible=65536/65536 near=65536 far=0 fps=368.2 frame_us=2418 cull_us=1 terrain_us=332 wait_fence_us=1007 acquire_us=1 record_us=57 submit_us=63 present_us=257 terrain_lod=high blend=0.609 quality=中画质 marker=31 npc=35
[2026-08-17T11:21:04Z INFO  steel_front::engine::game] ai: npcs=5 near=2 far=3 idle=0 patrol=4 chase=1 attack=0 tactics=[3, 1, 0, 0, 0, 1, 0, 0]
[2026-08-17T11:21:04Z INFO  steel_front::engine::game] game: wave=1 enemies=5 enemy_hp=100 hp=100/100 score=10 phys_us=2 ai_us=16 audio_us=19 net_us=0
[2026-08-17T11:21:04Z INFO  steel_front] cam: yaw=-336.4 pitch=3.6 dist=3.4 mode=FirstPerson cycle_us=2993 update_us=32 render_us=2961
[2026-08-17T11:21:05Z INFO  steel_front::engine::renderer] visible=65536/65536 near=65536 far=0 fps=367.4 frame_us=2093 cull_us=0 terrain_us=382 wait_fence_us=1038 acquire_us=1 record_us=100 submit_us=93 present_us=420 terrain_lod=high blend=0.725 quality=中画质 marker=31 npc=35
[2026-08-17T11:21:05Z INFO  steel_front::engine::game] ai: npcs=5 near=2 far=3 idle=0 patrol=4 chase=1 attack=0 tactics=[3, 1, 0, 0, 0, 1, 0, 0]
[2026-08-17T11:21:05Z INFO  steel_front::engine::game] game: wave=1 enemies=5 enemy_hp=100 hp=100/100 score=10 phys_us=1 ai_us=5 audio_us=18 net_us=0
[2026-08-17T11:21:05Z INFO  steel_front] cam: yaw=-336.4 pitch=3.6 dist=3.4 mode=FirstPerson cycle_us=2668 update_us=28 render_us=2639
[2026-08-17T11:21:05Z INFO  steel_front] size diag: window_inner=2560x1600 hud=2560x1600
[2026-08-17T11:21:05Z INFO  steel_front] size diag: window_inner=2560x1600 hud=2560x1600
[2026-08-17T11:21:05Z INFO  steel_front] size diag: window_inner=2560x1600 hud=2560x1600
[2026-08-17T11:21:05Z INFO  steel_front] size diag: window_inner=2560x1600 hud=2560x1600
[2026-08-17T11:21:05Z INFO  steel_front] size diag: window_inner=2560x1600 hud=2560x1600
[2026-08-17T11:21:05Z INFO  steel_front] size diag: window_inner=2560x1600 hud=2560x1600
[2026-08-17T11:21:05Z INFO  steel_front] size diag: window_inner=2560x1600 hud=2560x1600
[2026-08-17T11:21:05Z INFO  steel_front] size diag: window_inner=2560x1600 hud=2560x1600
[2026-08-17T11:21:05Z INFO  steel_front] size diag: window_inner=2560x1600 hud=2560x1600
[2026-08-17T11:21:05Z INFO  steel_front] size diag: window_inner=2560x1600 hud=2560x1600
[2026-08-17T11:21:05Z INFO  steel_front] size diag: window_inner=2560x1600 hud=2560x1600
[2026-08-17T11:21:05Z INFO  steel_front] size diag: window_inner=2560x1600 hud=2560x1600
[2026-08-17T11:21:05Z INFO  steel_front] size diag: window_inner=2560x1600 hud=2560x1600
[2026-08-17T11:21:05Z INFO  steel_front] size diag: window_inner=2560x1600 hud=2560x1600
[2026-08-17T11:21:05Z INFO  steel_front] size diag: window_inner=2560x1600 hud=2560x1600
[2026-08-17T11:21:05Z INFO  steel_front] size diag: window_inner=2560x1600 hud=2560x1600
[2026-08-17T11:21:05Z INFO  steel_front] size diag: window_inner=2560x1600 hud=2560x1600
[2026-08-17T11:21:05Z INFO  steel_front] size diag: window_inner=2560x1600 hud=2560x1600
[2026-08-17T11:21:06Z INFO  steel_front::engine::renderer] visible=65536/65536 near=65536 far=0 fps=367.9 frame_us=1950 cull_us=0 terrain_us=311 wait_fence_us=1290 acquire_us=1 record_us=64 submit_us=60 present_us=243 terrain_lod=high blend=0.833 quality=中画质 marker=31 npc=35
[2026-08-17T11:21:06Z INFO  steel_front::engine::game] ai: npcs=5 near=2 far=3 idle=0 patrol=3 chase=2 attack=0 tactics=[3, 1, 0, 0, 0, 1, 0, 0]
[2026-08-17T11:21:06Z INFO  steel_front::engine::game] game: wave=1 enemies=5 enemy_hp=100 hp=100/100 score=10 phys_us=3 ai_us=92 audio_us=24 net_us=0
[2026-08-17T11:21:06Z INFO  steel_front] cam: yaw=-336.4 pitch=3.6 dist=3.4 mode=FirstPerson cycle_us=2703 update_us=106 render_us=2596
[2026-08-17T11:21:07Z INFO  steel_front::engine::renderer] visible=65536/65536 near=65536 far=0 fps=373.9 frame_us=1957 cull_us=0 terrain_us=356 wait_fence_us=774 acquire_us=1 record_us=73 submit_us=79 present_us=497 terrain_lod=high blend=0.920 quality=中画质 marker=31 npc=35
[2026-08-17T11:21:07Z INFO  steel_front::engine::game] ai: npcs=5 near=2 far=3 idle=0 patrol=3 chase=2 attack=0 tactics=[3, 1, 0, 0, 0, 1, 0, 0]
[2026-08-17T11:21:07Z INFO  steel_front::engine::game] game: wave=1 enemies=5 enemy_hp=100 hp=100/100 score=10 phys_us=4 ai_us=64 audio_us=32 net_us=0
[2026-08-17T11:21:07Z INFO  steel_front] cam: yaw=-211.6 pitch=7.1 dist=3.4 mode=FirstPerson cycle_us=2448 update_us=114 render_us=2333
[2026-08-17T11:21:08Z INFO  steel_front::engine::renderer] visible=65536/65536 near=65536 far=0 fps=371.8 frame_us=1620 cull_us=1 terrain_us=370 wait_fence_us=785 acquire_us=1 record_us=64 submit_us=62 present_us=357 terrain_lod=high blend=0.964 quality=中画质 marker=31 npc=35
[2026-08-17T11:21:08Z INFO  steel_front::engine::game] ai: npcs=5 near=2 far=3 idle=0 patrol=3 chase=2 attack=0 tactics=[3, 1, 0, 0, 0, 1, 0, 0]
[2026-08-17T11:21:08Z INFO  steel_front::engine::game] game: wave=1 enemies=5 enemy_hp=100 hp=100/100 score=10 phys_us=1 ai_us=58 audio_us=20 net_us=0
[2026-08-17T11:21:08Z INFO  steel_front] cam: yaw=-158.8 pitch=0.9 dist=3.4 mode=FirstPerson cycle_us=2890 update_us=85 render_us=2804
[2026-08-17T11:21:09Z INFO  steel_front::engine::renderer] visible=65536/65536 near=65536 far=0 fps=360.3 frame_us=1739 cull_us=1 terrain_us=504 wait_fence_us=707 acquire_us=1 record_us=64 submit_us=63 present_us=246 terrain_lod=high blend=1.000 quality=中画质 marker=31 npc=35
[2026-08-17T11:21:09Z INFO  steel_front::engine::game] ai: npcs=5 near=2 far=3 idle=0 patrol=3 chase=2 attack=0 tactics=[3, 0, 1, 0, 0, 1, 0, 0]
[2026-08-17T11:21:09Z INFO  steel_front::engine::game] game: wave=1 enemies=5 enemy_hp=100 hp=100/100 score=10 phys_us=1 ai_us=46 audio_us=14 net_us=0
[2026-08-17T11:21:09Z INFO  steel_front] cam: yaw=-155.7 pitch=1.1 dist=3.4 mode=FirstPerson cycle_us=1614 update_us=64 render_us=1550
[2026-08-17T11:21:10Z INFO  steel_front::engine::renderer] visible=65536/65536 near=65536 far=0 fps=503.0 frame_us=1098 cull_us=0 terrain_us=0 wait_fence_us=1080 acquire_us=0 record_us=52 submit_us=46 present_us=214 terrain_lod=medium blend=0.000 quality=中画质 marker=31 npc=35
[2026-08-17T11:21:10Z INFO  steel_front::engine::game] weapons: shot #130 (1 alive) [M1 Rifle]
[2026-08-17T11:21:10Z INFO  steel_front::engine::game] ai: npcs=5 near=2 far=3 idle=0 patrol=4 chase=1 attack=0 tactics=[3, 0, 1, 0, 0, 1, 0, 0]
[2026-08-17T11:21:10Z INFO  steel_front::engine::game] weapons: shot #131 (2 alive) [M1 Rifle]
[2026-08-17T11:21:10Z INFO  steel_front] size diag: window_inner=2560x1600 hud=2560x1600
[2026-08-17T11:21:10Z INFO  steel_front] size diag: window_inner=2560x1600 hud=2560x1600
[2026-08-17T11:21:10Z INFO  steel_front] size diag: window_inner=2560x1600 hud=2560x1600
[2026-08-17T11:21:10Z INFO  steel_front] size diag: window_inner=2560x1600 hud=2560x1600
[2026-08-17T11:21:10Z INFO  steel_front::engine::game] game: wave=1 enemies=5 enemy_hp=100 hp=100/100 score=10 phys_us=1 ai_us=4 audio_us=20 net_us=0
[2026-08-17T11:21:10Z INFO  steel_front] cam: yaw=-159.6 pitch=1.0 dist=3.4 mode=FirstPerson cycle_us=1567 update_us=37 render_us=1530
[2026-08-17T11:21:10Z INFO  steel_front] size diag: window_inner=2560x1600 hud=2560x1600
[2026-08-17T11:21:10Z INFO  steel_front] size diag: window_inner=2560x1600 hud=2560x1600
[2026-08-17T11:21:10Z INFO  steel_front] size diag: window_inner=2560x1600 hud=2560x1600
[2026-08-17T11:21:10Z INFO  steel_front] size diag: window_inner=2560x1600 hud=2560x1600
[2026-08-17T11:21:10Z INFO  steel_front] size diag: window_inner=2560x1600 hud=2560x1600
[2026-08-17T11:21:10Z INFO  steel_front] size diag: window_inner=2560x1600 hud=2560x1600
[2026-08-17T11:21:10Z INFO  steel_front] size diag: window_inner=2560x1600 hud=2560x1600
[2026-08-17T11:21:10Z INFO  steel_front] size diag: window_inner=2560x1600 hud=2560x1600
[2026-08-17T11:21:10Z INFO  steel_front] size diag: window_inner=2560x1600 hud=2560x1600
[2026-08-17T11:21:10Z INFO  steel_front] size diag: window_inner=2560x1600 hud=2560x1600
[2026-08-17T11:21:10Z INFO  steel_front] size diag: window_inner=2560x1600 hud=2560x1600
[2026-08-17T11:21:10Z INFO  steel_front] size diag: window_inner=2560x1600 hud=2560x1600
[2026-08-17T11:21:10Z INFO  steel_front] size diag: window_inner=2560x1600 hud=2560x1600
[2026-08-17T11:21:10Z INFO  steel_front] size diag: window_inner=2560x1600 hud=2560x1600
[2026-08-17T11:21:10Z INFO  steel_front] size diag: window_inner=2560x1600 hud=2560x1600
[2026-08-17T11:21:10Z INFO  steel_front] size diag: window_inner=2560x1600 hud=2560x1600
[2026-08-17T11:21:10Z INFO  steel_front] size diag: window_inner=2560x1600 hud=2560x1600
[2026-08-17T11:21:10Z INFO  steel_front] size diag: window_inner=2560x1600 hud=2560x1600
[2026-08-17T11:21:10Z INFO  steel_front] size diag: window_inner=2560x1600 hud=2560x1600
[2026-08-17T11:21:10Z INFO  steel_front] size diag: window_inner=2560x1600 hud=2560x1600
[2026-08-17T11:21:11Z INFO  steel_front::engine::renderer] visible=65536/65536 near=65536 far=0 fps=496.9 frame_us=1317 cull_us=1 terrain_us=0 wait_fence_us=671 acquire_us=1 record_us=45 submit_us=84 present_us=485 terrain_lod=medium blend=0.000 quality=中画质 marker=33 npc=35
[2026-08-17T11:21:11Z INFO  steel_front::engine::game] weapons: shot #132 (3 alive) [M1 Rifle]
[2026-08-17T11:21:11Z INFO  steel_front::engine::game] ai: npcs=5 near=2 far=3 idle=0 patrol=4 chase=1 attack=0 tactics=[3, 0, 1, 0, 0, 1, 0, 0]
[2026-08-17T11:21:11Z INFO  steel_front::engine::game] weapons: shot #133 (4 alive) [M1 Rifle]
[2026-08-17T11:21:11Z INFO  steel_front::engine::game] game: wave=1 enemies=5 enemy_hp=100 hp=100/100 score=10 phys_us=2 ai_us=6 audio_us=15 net_us=0
[2026-08-17T11:21:11Z INFO  steel_front] cam: yaw=-162.3 pitch=0.4 dist=3.4 mode=FirstPerson cycle_us=1647 update_us=567 render_us=1079
[2026-08-17T11:21:12Z INFO  steel_front::engine::game] weapons: shot #134 (5 alive) [M1 Rifle]
[2026-08-17T11:21:12Z INFO  steel_front::engine::renderer] visible=65536/65536 near=65536 far=0 fps=520.3 frame_us=1496 cull_us=1 terrain_us=0 wait_fence_us=982 acquire_us=1 record_us=37 submit_us=87 present_us=188 terrain_lod=medium blend=0.000 quality=中画质 marker=35 npc=35
[2026-08-17T11:21:12Z INFO  steel_front::engine::game] ai: npcs=5 near=2 far=3 idle=0 patrol=4 chase=1 attack=0 tactics=[3, 1, 0, 0, 0, 1, 0, 0]
[2026-08-17T11:21:12Z INFO  steel_front::engine::game] weapons: shot #135 (6 alive) [M1 Rifle]
[2026-08-17T11:21:12Z INFO  steel_front::engine::game] game: wave=1 enemies=5 enemy_hp=100 hp=100/100 score=10 phys_us=2 ai_us=6 audio_us=15 net_us=0
[2026-08-17T11:21:12Z INFO  steel_front] cam: yaw=-166.1 pitch=0.0 dist=3.4 mode=FirstPerson cycle_us=2086 update_us=501 render_us=1585
[2026-08-17T11:21:13Z INFO  steel_front::engine::game] weapons: shot #136 (7 alive) [M1 Rifle]
[2026-08-17T11:21:13Z INFO  steel_front::engine::renderer] visible=65536/65536 near=65536 far=0 fps=520.4 frame_us=708 cull_us=0 terrain_us=0 wait_fence_us=454 acquire_us=0 record_us=34 submit_us=70 present_us=159 terrain_lod=medium blend=0.000 quality=中画质 marker=33 npc=35
[2026-08-17T11:21:13Z INFO  steel_front::engine::game] ai: npcs=5 near=2 far=3 idle=0 patrol=4 chase=1 attack=0 tactics=[3, 1, 0, 0, 0, 1, 0, 0]
[2026-08-17T11:21:13Z INFO  steel_front::engine::game] explosion: at (87.6, -2.2, 69.5) radius=8 dmg=60 knockback=true
[2026-08-17T11:21:13Z INFO  steel_front::engine::game] weapons: shot #137 (7 alive) [M1 Rifle]
[2026-08-17T11:21:13Z INFO  steel_front::engine::game] game: wave=1 enemies=5 enemy_hp=100 hp=100/100 score=10 phys_us=2 ai_us=17 audio_us=16 net_us=0
[2026-08-17T11:21:13Z INFO  steel_front] cam: yaw=-168.0 pitch=0.5 dist=3.4 mode=FirstPerson cycle_us=2052 update_us=843 render_us=1209
[2026-08-17T11:21:14Z INFO  steel_front::engine::game] explosion: at (77.1, -1.5, 71.4) radius=8 dmg=60 knockback=true
[2026-08-17T11:21:14Z INFO  steel_front::engine::renderer] visible=65536/65536 near=65536 far=0 fps=517.7 frame_us=1041 cull_us=0 terrain_us=0 wait_fence_us=839 acquire_us=0 record_us=54 submit_us=51 present_us=215 terrain_lod=medium blend=0.000 quality=中画质 marker=37 npc=35
[2026-08-17T11:21:14Z INFO  steel_front::engine::game] weapons: shot #138 (7 alive) [M1 Rifle]
[2026-08-17T11:21:14Z INFO  steel_front::engine::game] ai: npcs=5 near=2 far=3 idle=0 patrol=4 chase=1 attack=0 tactics=[3, 1, 0, 0, 0, 1, 0, 0]
[2026-08-17T11:21:14Z INFO  steel_front::engine::game] explosion: at (76.2, 0.5, 70.1) radius=8 dmg=60 knockback=true
[2026-08-17T11:21:14Z INFO  steel_front::engine::game] weapons: shot #139 (7 alive) [M1 Rifle]
[2026-08-17T11:21:14Z INFO  steel_front::engine::game] game: wave=1 enemies=5 enemy_hp=100 hp=100/100 score=10 phys_us=1 ai_us=5 audio_us=17 net_us=0
[2026-08-17T11:21:14Z INFO  steel_front] cam: yaw=-317.1 pitch=5.2 dist=3.4 mode=FirstPerson cycle_us=1775 update_us=659 render_us=1116
[2026-08-17T11:21:14Z INFO  steel_front::engine::game] explosion: at (68.2, 0.2, 71.2) radius=8 dmg=60 knockback=true
[2026-08-17T11:21:15Z INFO  steel_front::engine::renderer] visible=65536/65536 near=65536 far=0 fps=518.7 frame_us=1712 cull_us=1 terrain_us=0 wait_fence_us=695 acquire_us=0 record_us=33 submit_us=77 present_us=539 terrain_lod=medium blend=0.000 quality=中画质 marker=35 npc=35
[2026-08-17T11:21:15Z INFO  steel_front::engine::game] ai: npcs=5 near=2 far=3 idle=0 patrol=4 chase=1 attack=0 tactics=[3, 0, 1, 0, 0, 1, 0, 0]
[2026-08-17T11:21:15Z INFO  steel_front::engine::game] explosion: at (60.2, 0.9, 72.1) radius=8 dmg=60 knockback=true
[2026-08-17T11:21:15Z INFO  steel_front::engine::game] explosion: at (58.0, 2.5, 71.3) radius=8 dmg=60 knockback=true
[2026-08-17T11:21:15Z INFO  steel_front] size diag: window_inner=2560x1600 hud=2560x1600
[2026-08-17T11:21:15Z INFO  steel_front] size diag: window_inner=2560x1600 hud=2560x1600
[2026-08-17T11:21:15Z INFO  steel_front] size diag: window_inner=2560x1600 hud=2560x1600
[2026-08-17T11:21:15Z INFO  steel_front] size diag: window_inner=2560x1600 hud=2560x1600
[2026-08-17T11:21:15Z INFO  steel_front] size diag: window_inner=2560x1600 hud=2560x1600
[2026-08-17T11:21:15Z INFO  steel_front] size diag: window_inner=2560x1600 hud=2560x1600
[2026-08-17T11:21:15Z INFO  steel_front::engine::game] game: wave=1 enemies=5 enemy_hp=100 hp=100/100 score=10 phys_us=2 ai_us=6 audio_us=21 net_us=0
[2026-08-17T11:21:15Z INFO  steel_front] size diag: window_inner=2560x1600 hud=2560x1600
[2026-08-17T11:21:15Z INFO  steel_front] cam: yaw=-291.0 pitch=0.9 dist=3.4 mode=FirstPerson cycle_us=1864 update_us=284 render_us=1579
[2026-08-17T11:21:15Z INFO  steel_front] size diag: window_inner=2560x1600 hud=2560x1600
[2026-08-17T11:21:15Z INFO  steel_front] size diag: window_inner=2560x1600 hud=2560x1600
[2026-08-17T11:21:15Z INFO  steel_front] size diag: window_inner=2560x1600 hud=2560x1600
[2026-08-17T11:21:15Z INFO  steel_front] size diag: window_inner=2560x1600 hud=2560x1600
[2026-08-17T11:21:15Z INFO  steel_front] size diag: window_inner=2560x1600 hud=2560x1600
[2026-08-17T11:21:15Z INFO  steel_front] size diag: window_inner=2560x1600 hud=2560x1600
[2026-08-17T11:21:15Z INFO  steel_front] size diag: window_inner=2560x1600 hud=2560x1600
[2026-08-17T11:21:15Z INFO  steel_front] size diag: window_inner=2560x1600 hud=2560x1600
[2026-08-17T11:21:15Z INFO  steel_front] size diag: window_inner=2560x1600 hud=2560x1600
[2026-08-17T11:21:15Z INFO  steel_front] size diag: window_inner=2560x1600 hud=2560x1600
[2026-08-17T11:21:15Z INFO  steel_front] size diag: window_inner=2560x1600 hud=2560x1600
[2026-08-17T11:21:15Z INFO  steel_front] size diag: window_inner=2560x1600 hud=2560x1600
[2026-08-17T11:21:15Z INFO  steel_front] size diag: window_inner=2560x1600 hud=2560x1600
[2026-08-17T11:21:15Z INFO  steel_front] size diag: window_inner=2560x1600 hud=2560x1600
[2026-08-17T11:21:15Z INFO  steel_front] size diag: window_inner=2560x1600 hud=2560x1600
[2026-08-17T11:21:15Z INFO  steel_front] size diag: window_inner=2560x1600 hud=2560x1600
[2026-08-17T11:21:15Z INFO  steel_front] size diag: window_inner=2560x1600 hud=2560x1600
[2026-08-17T11:21:15Z INFO  steel_front] size diag: window_inner=2560x1600 hud=2560x1600
[2026-08-17T11:21:16Z INFO  steel_front::engine::renderer] visible=65536/65536 near=65536 far=0 fps=532.6 frame_us=1494 cull_us=1 terrain_us=0 wait_fence_us=266 acquire_us=0 record_us=74 submit_us=85 present_us=549 terrain_lod=medium blend=0.000 quality=中画质 marker=35 npc=35
[2026-08-17T11:21:16Z INFO  steel_front::engine::game] ai: npcs=5 near=2 far=3 idle=0 patrol=4 chase=1 attack=0 tactics=[3, 1, 0, 0, 0, 1, 0, 0]
[2026-08-17T11:21:16Z INFO  steel_front::engine::game] explosion: at (48.1, 1.7, 72.4) radius=8 dmg=60 knockback=true
[2026-08-17T11:21:16Z INFO  steel_front::engine::game] game: wave=1 enemies=5 enemy_hp=100 hp=100/100 score=10 phys_us=1 ai_us=5 audio_us=11 net_us=0
[2026-08-17T11:21:16Z INFO  steel_front] cam: yaw=-260.8 pitch=2.1 dist=3.4 mode=FirstPerson cycle_us=1616 update_us=320 render_us=1295
[2026-08-17T11:21:16Z INFO  steel_front::engine::game] explosion: at (35.4, -0.3, 72.0) radius=8 dmg=60 knockback=true
[2026-08-17T11:21:17Z INFO  steel_front::engine::renderer] visible=65536/65536 near=65536 far=0 fps=527.0 frame_us=1486 cull_us=0 terrain_us=0 wait_fence_us=721 acquire_us=0 record_us=65 submit_us=60 present_us=280 terrain_lod=medium blend=0.000 quality=中画质 marker=35 npc=35
[2026-08-17T11:21:17Z INFO  steel_front::engine::game] ai: npcs=5 near=3 far=2 idle=0 patrol=4 chase=1 attack=0 tactics=[3, 1, 0, 0, 0, 1, 0, 0]
[2026-08-17T11:21:17Z INFO  steel_front::engine::game] explosion: at (39.9, -0.1, 69.1) radius=8 dmg=60 knockback=true
[2026-08-17T11:21:17Z INFO  steel_front::engine::game] explosion: at (26.4, -2.8, 69.5) radius=8 dmg=60 knockback=true
[2026-08-17T11:21:17Z INFO  steel_front::engine::game] game: wave=1 enemies=5 enemy_hp=100 hp=100/100 score=10 phys_us=1 ai_us=3 audio_us=21 net_us=0
[2026-08-17T11:21:17Z INFO  steel_front] cam: yaw=-375.1 pitch=2.9 dist=3.4 mode=FirstPerson cycle_us=1867 update_us=683 render_us=1183
[2026-08-17T11:21:18Z INFO  steel_front::engine::renderer] visible=65536/65536 near=65536 far=0 fps=528.5 frame_us=1127 cull_us=1 terrain_us=0 wait_fence_us=770 acquire_us=1 record_us=68 submit_us=86 present_us=277 terrain_lod=medium blend=0.000 quality=中画质 marker=35 npc=35
[2026-08-17T11:21:18Z INFO  steel_front::engine::game] ai: npcs=5 near=3 far=2 idle=0 patrol=4 chase=1 attack=0 tactics=[3, 0, 1, 0, 0, 1, 0, 0]
[2026-08-17T11:21:18Z INFO  steel_front::engine::game] game: wave=1 enemies=5 enemy_hp=100 hp=100/100 score=10 phys_us=1 ai_us=7 audio_us=20 net_us=0
[2026-08-17T11:21:18Z INFO  steel_front] cam: yaw=-288.3 pitch=3.2 dist=3.4 mode=FirstPerson cycle_us=1839 update_us=596 render_us=1242
[2026-08-17T11:21:19Z INFO  steel_front::engine::renderer] visible=65536/65536 near=65536 far=0 fps=530.2 frame_us=960 cull_us=1 terrain_us=0 wait_fence_us=1506 acquire_us=0 record_us=35 submit_us=51 present_us=147 terrain_lod=medium blend=0.000 quality=中画质 marker=31 npc=35
[2026-08-17T11:21:19Z INFO  steel_front::engine::game] ai: npcs=5 near=3 far=2 idle=0 patrol=4 chase=1 attack=0 tactics=[3, 1, 0, 0, 0, 1, 0, 0]
[2026-08-17T11:21:19Z INFO  steel_front::engine::game] weapons: shot #140 (1 alive) [M1 Rifle]
[2026-08-17T11:21:19Z INFO  steel_front::engine::game] game: wave=1 enemies=5 enemy_hp=100 hp=100/100 score=10 phys_us=1 ai_us=5 audio_us=12 net_us=0
[2026-08-17T11:21:19Z INFO  steel_front] cam: yaw=-241.6 pitch=0.5 dist=3.4 mode=FirstPerson cycle_us=2205 update_us=784 render_us=1420
[2026-08-17T11:21:20Z INFO  steel_front::engine::renderer] visible=65536/65536 near=65536 far=0 fps=514.5 frame_us=477 cull_us=0 terrain_us=0 wait_fence_us=5 acquire_us=1 record_us=62 submit_us=69 present_us=334 terrain_lod=medium blend=0.000 quality=中画质 marker=34 npc=35
[2026-08-17T11:21:20Z INFO  steel_front::engine::game] ai: npcs=5 near=3 far=2 idle=0 patrol=4 chase=1 attack=0 tactics=[2, 1, 0, 0, 0, 1, 0, 1]
[2026-08-17T11:21:20Z INFO  steel_front::engine::game] weapons: shot #141 (2 alive) [M1 Rifle]
[2026-08-17T11:21:20Z INFO  steel_front::engine::game] weapons: 1 projectile hit(s), total_hits=27
[2026-08-17T11:21:20Z INFO  steel_front::engine::game] weapons: shot #142 (2 alive) [M1 Rifle]
[2026-08-17T11:21:20Z INFO  steel_front::engine::game] kill: npc #19 eliminated (wave 1) score=20
[2026-08-17T11:21:20Z INFO  steel_front::engine::game] weapons: 1 projectile hit(s), total_hits=28
[2026-08-17T11:21:20Z INFO  steel_front] size diag: window_inner=2560x1600 hud=2560x1600
[2026-08-17T11:21:20Z INFO  steel_front] size diag: window_inner=2560x1600 hud=2560x1600
[2026-08-17T11:21:20Z INFO  steel_front] size diag: window_inner=2560x1600 hud=2560x1600
[2026-08-17T11:21:20Z INFO  steel_front] size diag: window_inner=2560x1600 hud=2560x1600
[2026-08-17T11:21:20Z INFO  steel_front] size diag: window_inner=2560x1600 hud=2560x1600
[2026-08-17T11:21:20Z INFO  steel_front] size diag: window_inner=2560x1600 hud=2560x1600
[2026-08-17T11:21:20Z INFO  steel_front] size diag: window_inner=2560x1600 hud=2560x1600
[2026-08-17T11:21:20Z INFO  steel_front] size diag: window_inner=2560x1600 hud=2560x1600
[2026-08-17T11:21:20Z INFO  steel_front] size diag: window_inner=2560x1600 hud=2560x1600
[2026-08-17T11:21:20Z INFO  steel_front::engine::game] game: wave=1 enemies=4 enemy_hp=100 hp=100/100 score=20 phys_us=1 ai_us=5 audio_us=10 net_us=0
[2026-08-17T11:21:20Z INFO  steel_front] size diag: window_inner=2560x1600 hud=2560x1600
[2026-08-17T11:21:20Z INFO  steel_front] cam: yaw=-231.0 pitch=0.6 dist=3.4 mode=FirstPerson cycle_us=1994 update_us=284 render_us=1710
[2026-08-17T11:21:20Z INFO  steel_front] size diag: window_inner=2560x1600 hud=2560x1600
[2026-08-17T11:21:20Z INFO  steel_front] size diag: window_inner=2560x1600 hud=2560x1600
[2026-08-17T11:21:20Z INFO  steel_front] size diag: window_inner=2560x1600 hud=2560x1600
[2026-08-17T11:21:20Z INFO  steel_front] size diag: window_inner=2560x1600 hud=2560x1600
[2026-08-17T11:21:20Z INFO  steel_front] size diag: window_inner=2560x1600 hud=2560x1600
[2026-08-17T11:21:20Z INFO  steel_front] size diag: window_inner=2560x1600 hud=2560x1600
[2026-08-17T11:21:20Z INFO  steel_front] size diag: window_inner=2560x1600 hud=2560x1600
[2026-08-17T11:21:20Z INFO  steel_front] size diag: window_inner=2560x1600 hud=2560x1600
[2026-08-17T11:21:20Z INFO  steel_front] size diag: window_inner=2560x1600 hud=2560x1600
[2026-08-17T11:21:20Z INFO  steel_front] size diag: window_inner=2560x1600 hud=2560x1600
[2026-08-17T11:21:20Z INFO  steel_front] size diag: window_inner=2560x1600 hud=2560x1600
[2026-08-17T11:21:20Z INFO  steel_front] size diag: window_inner=2560x1600 hud=2560x1600
[2026-08-17T11:21:20Z INFO  steel_front] size diag: window_inner=2560x1600 hud=2560x1600
[2026-08-17T11:21:20Z INFO  steel_front] size diag: window_inner=2560x1600 hud=2560x1600
[2026-08-17T11:21:20Z INFO  steel_front] size diag: window_inner=2560x1600 hud=2560x1600
[2026-08-17T11:21:20Z INFO  steel_front] size diag: window_inner=2560x1600 hud=2560x1600
[2026-08-17T11:21:21Z INFO  steel_front::engine::renderer] visible=65536/65536 near=65536 far=0 fps=521.9 frame_us=1226 cull_us=0 terrain_us=0 wait_fence_us=712 acquire_us=0 record_us=56 submit_us=51 present_us=201 terrain_lod=medium blend=0.000 quality=中画质 marker=32 npc=35
[2026-08-17T11:21:21Z INFO  steel_front::engine::game] ai: npcs=4 near=2 far=2 idle=0 patrol=4 chase=0 attack=0 tactics=[2, 1, 0, 0, 0, 1, 0, 0]
[2026-08-17T11:21:21Z INFO  steel_front::engine::game] game: wave=1 enemies=4 enemy_hp=100 hp=100/100 score=20 phys_us=1 ai_us=3 audio_us=11 net_us=0
[2026-08-17T11:21:21Z INFO  steel_front] cam: yaw=-226.7 pitch=-0.2 dist=3.4 mode=FirstPerson cycle_us=1898 update_us=527 render_us=1371
[2026-08-17T11:21:22Z INFO  steel_front::engine::renderer] visible=65536/65536 near=65536 far=0 fps=516.9 frame_us=971 cull_us=0 terrain_us=0 wait_fence_us=648 acquire_us=0 record_us=53 submit_us=47 present_us=337 terrain_lod=medium blend=0.000 quality=中画质 marker=31 npc=35
[2026-08-17T11:21:22Z INFO  steel_front::engine::game] ai: npcs=4 near=2 far=2 idle=0 patrol=4 chase=0 attack=0 tactics=[2, 1, 0, 0, 0, 1, 0, 0]
[2026-08-17T11:21:22Z INFO  steel_front::engine::game] weapons: shot #143 (2 alive) [M1 Rifle]
[2026-08-17T11:21:22Z INFO  steel_front::engine::game] weapons: shot #144 (3 alive) [M1 Rifle]
[2026-08-17T11:21:22Z INFO  steel_front::engine::game] game: wave=1 enemies=4 enemy_hp=100 hp=100/100 score=20 phys_us=1 ai_us=5 audio_us=10 net_us=0
[2026-08-17T11:21:22Z INFO  steel_front] cam: yaw=-224.8 pitch=0.1 dist=3.4 mode=FirstPerson cycle_us=2074 update_us=673 render_us=1400
[2026-08-17T11:21:23Z INFO  steel_front::engine::renderer] visible=65536/65536 near=65536 far=0 fps=523.5 frame_us=1954 cull_us=0 terrain_us=0 wait_fence_us=618 acquire_us=0 record_us=55 submit_us=53 present_us=322 terrain_lod=medium blend=0.000 quality=中画质 marker=33 npc=35
[2026-08-17T11:21:23Z INFO  steel_front::engine::game] weapons: shot #145 (4 alive) [M1 Rifle]
[2026-08-17T11:21:23Z INFO  steel_front::engine::game] ai: npcs=4 near=2 far=2 idle=0 patrol=4 chase=0 attack=0 tactics=[2, 1, 0, 0, 0, 1, 0, 0]
[2026-08-17T11:21:23Z INFO  steel_front::engine::game] weapons: shot #146 (5 alive) [M1 Rifle]
[2026-08-17T11:21:23Z INFO  steel_front::engine::game] game: wave=1 enemies=4 enemy_hp=100 hp=100/100 score=20 phys_us=4 ai_us=6 audio_us=22 net_us=0
[2026-08-17T11:21:23Z INFO  steel_front] cam: yaw=-225.2 pitch=0.1 dist=3.4 mode=FirstPerson cycle_us=2238 update_us=633 render_us=1604
[2026-08-17T11:21:24Z INFO  steel_front::engine::game] weapons: shot #147 (6 alive) [M1 Rifle]
[2026-08-17T11:21:24Z INFO  steel_front::engine::game] explosion: at (-176.0, -0.7, -13.2) radius=8 dmg=60 knockback=true
[2026-08-17T11:21:24Z INFO  steel_front::engine::renderer] visible=65536/65536 near=65536 far=0 fps=522.6 frame_us=429 cull_us=0 terrain_us=0 wait_fence_us=971 acquire_us=0 record_us=25 submit_us=36 present_us=160 terrain_lod=medium blend=0.000 quality=中画质 marker=37 npc=35
[2026-08-17T11:21:24Z INFO  steel_front::engine::game] ai: npcs=4 near=2 far=2 idle=0 patrol=4 chase=0 attack=0 tactics=[2, 1, 0, 0, 0, 1, 0, 0]
[2026-08-17T11:21:24Z INFO  steel_front::engine::game] weapons: shot #148 (6 alive) [M1 Rifle]
[2026-08-17T11:21:24Z INFO  steel_front::engine::game] game: wave=1 enemies=4 enemy_hp=100 hp=100/100 score=20 phys_us=2 ai_us=5 audio_us=20 net_us=0
[2026-08-17T11:21:24Z INFO  steel_front] cam: yaw=-225.7 pitch=-0.0 dist=3.4 mode=FirstPerson cycle_us=2227 update_us=504 render_us=1723
[2026-08-17T11:21:24Z INFO  steel_front::engine::game] weapons: shot #149 (7 alive) [M1 Rifle]
[2026-08-17T11:21:25Z INFO  steel_front::engine::renderer] visible=65536/65536 near=65536 far=0 fps=522.8 frame_us=1038 cull_us=1 terrain_us=0 wait_fence_us=928 acquire_us=0 record_us=22 submit_us=33 present_us=134 terrain_lod=medium blend=0.000 quality=中画质 marker=33 npc=35
[2026-08-17T11:21:25Z INFO  steel_front::engine::game] ai: npcs=4 near=3 far=1 idle=0 patrol=4 chase=0 attack=0 tactics=[2, 1, 0, 0, 0, 1, 0, 0]
[2026-08-17T11:21:25Z INFO  steel_front::engine::game] weapons: shot #150 (8 alive) [M1 Rifle]
[2026-08-17T11:21:25Z INFO  steel_front::engine::game] explosion: at (-169.1, 2.4, -1.2) radius=8 dmg=60 knockback=true
[2026-08-17T11:21:25Z INFO  steel_front::engine::game] weapons: shot #151 (8 alive) [M1 Rifle]
[2026-08-17T11:21:25Z INFO  steel_front] size diag: window_inner=2560x1600 hud=2560x1600
[2026-08-17T11:21:25Z INFO  steel_front] size diag: window_inner=2560x1600 hud=2560x1600
[2026-08-17T11:21:25Z INFO  steel_front] size diag: window_inner=2560x1600 hud=2560x1600
[2026-08-17T11:21:25Z INFO  steel_front] size diag: window_inner=2560x1600 hud=2560x1600
[2026-08-17T11:21:25Z INFO  steel_front] size diag: window_inner=2560x1600 hud=2560x1600
[2026-08-17T11:21:25Z INFO  steel_front] size diag: window_inner=2560x1600 hud=2560x1600
[2026-08-17T11:21:25Z INFO  steel_front] size diag: window_inner=2560x1600 hud=2560x1600
[2026-08-17T11:21:25Z INFO  steel_front] size diag: window_inner=2560x1600 hud=2560x1600
[2026-08-17T11:21:25Z INFO  steel_front] size diag: window_inner=2560x1600 hud=2560x1600
[2026-08-17T11:21:25Z INFO  steel_front] size diag: window_inner=2560x1600 hud=2560x1600
[2026-08-17T11:21:25Z INFO  steel_front] size diag: window_inner=2560x1600 hud=2560x1600
[2026-08-17T11:21:25Z INFO  steel_front::engine::game] game: wave=1 enemies=4 enemy_hp=100 hp=100/100 score=20 phys_us=1 ai_us=4 audio_us=17 net_us=0
[2026-08-17T11:21:25Z INFO  steel_front] size diag: window_inner=2560x1600 hud=2560x1600
[2026-08-17T11:21:25Z INFO  steel_front] cam: yaw=-225.5 pitch=0.8 dist=3.4 mode=FirstPerson cycle_us=2142 update_us=201 render_us=1941
[2026-08-17T11:21:25Z INFO  steel_front] size diag: window_inner=2560x1600 hud=2560x1600
[2026-08-17T11:21:25Z INFO  steel_front] size diag: window_inner=2560x1600 hud=2560x1600
[2026-08-17T11:21:25Z INFO  steel_front] size diag: window_inner=2560x1600 hud=2560x1600
[2026-08-17T11:21:25Z INFO  steel_front] size diag: window_inner=2560x1600 hud=2560x1600
[2026-08-17T11:21:25Z INFO  steel_front] size diag: window_inner=2560x1600 hud=2560x1600
[2026-08-17T11:21:25Z INFO  steel_front] size diag: window_inner=2560x1600 hud=2560x1600
[2026-08-17T11:21:25Z INFO  steel_front] size diag: window_inner=2560x1600 hud=2560x1600
[2026-08-17T11:21:25Z INFO  steel_front] size diag: window_inner=2560x1600 hud=2560x1600
[2026-08-17T11:21:25Z INFO  steel_front] size diag: window_inner=2560x1600 hud=2560x1600
[2026-08-17T11:21:25Z INFO  steel_front] size diag: window_inner=2560x1600 hud=2560x1600
[2026-08-17T11:21:25Z INFO  steel_front] size diag: window_inner=2560x1600 hud=2560x1600
[2026-08-17T11:21:25Z INFO  steel_front] size diag: window_inner=2560x1600 hud=2560x1600
[2026-08-17T11:21:25Z INFO  steel_front] size diag: window_inner=2560x1600 hud=2560x1600
[2026-08-17T11:21:25Z INFO  steel_front] size diag: window_inner=2560x1600 hud=2560x1600
[2026-08-17T11:21:26Z INFO  steel_front::engine::game] explosion: at (-167.7, 1.7, 1.3) radius=8 dmg=60 knockback=true
[2026-08-17T11:21:26Z INFO  steel_front::engine::renderer] visible=65536/65536 near=65536 far=0 fps=521.7 frame_us=1082 cull_us=1 terrain_us=0 wait_fence_us=822 acquire_us=0 record_us=21 submit_us=20 present_us=142 terrain_lod=medium blend=0.000 quality=中画质 marker=38 npc=35
[2026-08-17T11:21:26Z INFO  steel_front::engine::game] ai: npcs=4 near=2 far=2 idle=0 patrol=4 chase=0 attack=0 tactics=[2, 1, 0, 0, 0, 1, 0, 0]
[2026-08-17T11:21:26Z INFO  steel_front::engine::game] weapons: shot #152 (8 alive) [M1 Rifle]
[2026-08-17T11:21:26Z INFO  steel_front::engine::game] explosion: at (-170.3, 1.4, 0.3) radius=8 dmg=60 knockback=true
[2026-08-17T11:21:26Z INFO  steel_front::engine::game] weapons: shot #153 (8 alive) [M1 Rifle]
[2026-08-17T11:21:26Z INFO  steel_front::engine::game] explosion: at (-173.9, 1.0, -1.8) radius=8 dmg=60 knockback=true
[2026-08-17T11:21:26Z INFO  steel_front::engine::game] game: wave=1 enemies=4 enemy_hp=100 hp=100/100 score=20 phys_us=1 ai_us=5 audio_us=21 net_us=0
[2026-08-17T11:21:26Z INFO  steel_front] cam: yaw=-225.9 pitch=0.7 dist=3.4 mode=FirstPerson cycle_us=1939 update_us=33 render_us=1905
[2026-08-17T11:21:27Z INFO  steel_front::engine::game] weapons: shot #154 (8 alive) [M1 Rifle]
[2026-08-17T11:21:27Z INFO  steel_front::engine::renderer] visible=65536/65536 near=65536 far=0 fps=522.3 frame_us=770 cull_us=1 terrain_us=0 wait_fence_us=781 acquire_us=1 record_us=38 submit_us=38 present_us=208 terrain_lod=medium blend=0.000 quality=中画质 marker=39 npc=35
[2026-08-17T11:21:27Z INFO  steel_front::engine::game] ai: npcs=4 near=2 far=2 idle=0 patrol=3 chase=1 attack=0 tactics=[2, 1, 0, 0, 0, 1, 0, 0]
[2026-08-17T11:21:27Z INFO  steel_front::engine::game] explosion: at (-174.2, 1.4, -0.7) radius=8 dmg=60 knockback=true
[2026-08-17T11:21:27Z INFO  steel_front::engine::game] weapons: shot #155 (8 alive) [M1 Rifle]
[2026-08-17T11:21:27Z INFO  steel_front::engine::game] explosion: at (-176.2, 1.8, -1.3) radius=8 dmg=60 knockback=true
[2026-08-17T11:21:27Z INFO  steel_front::engine::game] weapons: shot #156 (8 alive) [M1 Rifle]
[2026-08-17T11:21:27Z INFO  steel_front::engine::game] game: wave=1 enemies=4 enemy_hp=100 hp=100/100 score=20 phys_us=2 ai_us=6 audio_us=19 net_us=0
[2026-08-17T11:21:27Z INFO  steel_front] cam: yaw=-224.9 pitch=1.2 dist=3.4 mode=FirstPerson cycle_us=1967 update_us=384 render_us=1582
[2026-08-17T11:21:28Z INFO  steel_front::engine::renderer] visible=65536/65536 near=65536 far=0 fps=522.6 frame_us=956 cull_us=1 terrain_us=0 wait_fence_us=825 acquire_us=1 record_us=27 submit_us=41 present_us=161 terrain_lod=medium blend=0.000 quality=中画质 marker=37 npc=35
[2026-08-17T11:21:28Z INFO  steel_front::engine::game] ai: npcs=4 near=2 far=2 idle=0 patrol=3 chase=1 attack=0 tactics=[2, 1, 0, 0, 0, 1, 0, 0]
[2026-08-17T11:21:28Z INFO  steel_front::engine::game] explosion: at (-178.1, 1.9, -2.6) radius=8 dmg=60 knockback=true
[2026-08-17T11:21:28Z INFO  steel_front::engine::game] explosion: at (-180.1, -1.3, -4.5) radius=8 dmg=60 knockback=true
[2026-08-17T11:21:28Z INFO  steel_front::engine::game] game: wave=1 enemies=4 enemy_hp=100 hp=100/100 score=20 phys_us=2 ai_us=8 audio_us=18 net_us=0
[2026-08-17T11:21:28Z INFO  steel_front] cam: yaw=-226.7 pitch=1.4 dist=3.4 mode=FirstPerson cycle_us=2509 update_us=26 render_us=2482
[2026-08-17T11:21:29Z INFO  steel_front::engine::renderer] visible=65536/65536 near=65536 far=0 fps=518.8 frame_us=860 cull_us=0 terrain_us=0 wait_fence_us=1028 acquire_us=0 record_us=25 submit_us=20 present_us=176 terrain_lod=medium blend=0.000 quality=中画质 marker=31 npc=35
[2026-08-17T11:21:29Z INFO  steel_front::engine::game] explosion: at (-179.3, -1.1, -4.0) radius=8 dmg=60 knockback=true
[2026-08-17T11:21:29Z INFO  steel_front::engine::game] ai: npcs=4 near=2 far=2 idle=0 patrol=3 chase=1 attack=0 tactics=[2, 1, 0, 0, 0, 1, 0, 0]
[2026-08-17T11:21:29Z INFO  steel_front::engine::game] explosion: at (-180.5, -1.0, -5.2) radius=8 dmg=60 knockback=true
[2026-08-17T11:21:29Z INFO  steel_front::engine::game] game: wave=1 enemies=4 enemy_hp=100 hp=100/100 score=20 phys_us=1 ai_us=7 audio_us=21 net_us=0
[2026-08-17T11:21:29Z INFO  steel_front] cam: yaw=-232.9 pitch=2.2 dist=3.4 mode=FirstPerson cycle_us=1786 update_us=29 render_us=1756
[2026-08-17T11:21:29Z INFO  steel_front::engine::game] explosion: at (-181.4, -0.9, -6.2) radius=8 dmg=60 knockback=true
[2026-08-17T11:21:30Z INFO  steel_front::engine::renderer] visible=65536/65536 near=65536 far=0 fps=518.8 frame_us=1173 cull_us=1 terrain_us=0 wait_fence_us=923 acquire_us=1 record_us=24 submit_us=39 present_us=140 terrain_lod=medium blend=0.000 quality=中画质 marker=35 npc=35
[2026-08-17T11:21:30Z INFO  steel_front::engine::game] ai: npcs=4 near=2 far=2 idle=0 patrol=3 chase=1 attack=0 tactics=[2, 1, 0, 0, 0, 1, 0, 0]
[2026-08-17T11:21:30Z INFO  steel_front::engine::game] explosion: at (-182.6, -0.6, -7.3) radius=8 dmg=60 knockback=true
[2026-08-17T11:21:30Z INFO  steel_front::engine::game] explosion: at (-182.9, -0.5, -7.6) radius=8 dmg=60 knockback=true
[2026-08-17T11:21:30Z INFO  steel_front] size diag: window_inner=2560x1600 hud=2560x1600
[2026-08-17T11:21:30Z INFO  steel_front] size diag: window_inner=2560x1600 hud=2560x1600
[2026-08-17T11:21:30Z INFO  steel_front] size diag: window_inner=2560x1600 hud=2560x1600
[2026-08-17T11:21:30Z INFO  steel_front] size diag: window_inner=2560x1600 hud=2560x1600
[2026-08-17T11:21:30Z INFO  steel_front] size diag: window_inner=2560x1600 hud=2560x1600
[2026-08-17T11:21:30Z INFO  steel_front] size diag: window_inner=2560x1600 hud=2560x1600
[2026-08-17T11:21:30Z INFO  steel_front] size diag: window_inner=2560x1600 hud=2560x1600
[2026-08-17T11:21:30Z INFO  steel_front] size diag: window_inner=2560x1600 hud=2560x1600
[2026-08-17T11:21:30Z INFO  steel_front] size diag: window_inner=2560x1600 hud=2560x1600
[2026-08-17T11:21:30Z INFO  steel_front] size diag: window_inner=2560x1600 hud=2560x1600
[2026-08-17T11:21:30Z INFO  steel_front] size diag: window_inner=2560x1600 hud=2560x1600
[2026-08-17T11:21:30Z INFO  steel_front] size diag: window_inner=2560x1600 hud=2560x1600
[2026-08-17T11:21:30Z INFO  steel_front] size diag: window_inner=2560x1600 hud=2560x1600
[2026-08-17T11:21:30Z INFO  steel_front] size diag: window_inner=2560x1600 hud=2560x1600
[2026-08-17T11:21:30Z INFO  steel_front::engine::game] game: wave=1 enemies=4 enemy_hp=100 hp=100/100 score=20 phys_us=1 ai_us=5 audio_us=25 net_us=0
[2026-08-17T11:21:30Z INFO  steel_front] size diag: window_inner=2560x1600 hud=2560x1600
[2026-08-17T11:21:30Z INFO  steel_front] cam: yaw=-236.8 pitch=3.2 dist=3.4 mode=FirstPerson cycle_us=1783 update_us=256 render_us=1527
[2026-08-17T11:21:30Z INFO  steel_front] size diag: window_inner=2560x1600 hud=2560x1600
[2026-08-17T11:21:30Z INFO  steel_front] size diag: window_inner=2560x1600 hud=2560x1600
[2026-08-17T11:21:30Z INFO  steel_front] size diag: window_inner=2560x1600 hud=2560x1600
[2026-08-17T11:21:30Z INFO  steel_front] size diag: window_inner=2560x1600 hud=2560x1600
[2026-08-17T11:21:30Z INFO  steel_front] size diag: window_inner=2560x1600 hud=2560x1600
[2026-08-17T11:21:30Z INFO  steel_front] size diag: window_inner=2560x1600 hud=2560x1600
[2026-08-17T11:21:30Z INFO  steel_front] size diag: window_inner=2560x1600 hud=2560x1600
[2026-08-17T11:21:30Z INFO  steel_front] size diag: window_inner=2560x1600 hud=2560x1600
[2026-08-17T11:21:30Z INFO  steel_front] size diag: window_inner=2560x1600 hud=2560x1600
[2026-08-17T11:21:30Z INFO  steel_front] size diag: window_inner=2560x1600 hud=2560x1600
[2026-08-17T11:21:30Z INFO  steel_front] size diag: window_inner=2560x1600 hud=2560x1600
[2026-08-17T11:21:31Z INFO  steel_front::engine::renderer] visible=65536/65536 near=65536 far=0 fps=520.0 frame_us=874 cull_us=2 terrain_us=0 wait_fence_us=263 acquire_us=1 record_us=42 submit_us=35 present_us=444 terrain_lod=medium blend=0.000 quality=中画质 marker=35 npc=28
[2026-08-17T11:21:31Z INFO  steel_front::engine::game] ai: npcs=4 near=2 far=2 idle=0 patrol=3 chase=1 attack=0 tactics=[2, 1, 0, 0, 0, 1, 0, 0]
[2026-08-17T11:21:31Z INFO  steel_front::engine::game] explosion: at (-182.7, -2.0, -7.5) radius=8 dmg=60 knockback=true
[2026-08-17T11:21:31Z INFO  steel_front::engine::game] game: wave=1 enemies=4 enemy_hp=100 hp=100/100 score=20 phys_us=2 ai_us=7 audio_us=27 net_us=0
[2026-08-17T11:21:31Z INFO  steel_front] cam: yaw=-269.0 pitch=14.6 dist=3.4 mode=FirstPerson cycle_us=2251 update_us=623 render_us=1627
[2026-08-17T11:21:32Z INFO  steel_front::engine::renderer] visible=65536/65536 near=65536 far=0 fps=509.8 frame_us=473 cull_us=1 terrain_us=0 wait_fence_us=921 acquire_us=2 record_us=47 submit_us=43 present_us=372 terrain_lod=medium blend=0.000 quality=中画质 marker=31 npc=28
[2026-08-17T11:21:32Z INFO  steel_front::engine::game] ai: npcs=4 near=2 far=2 idle=0 patrol=3 chase=1 attack=0 tactics=[1, 0, 1, 0, 0, 1, 0, 1]
[2026-08-17T11:21:32Z INFO  steel_front::engine::game] game: wave=1 enemies=4 enemy_hp=100 hp=100/100 score=20 phys_us=1 ai_us=3 audio_us=12 net_us=0
[2026-08-17T11:21:32Z INFO  steel_front] cam: yaw=-341.1 pitch=32.1 dist=3.4 mode=FirstPerson cycle_us=2195 update_us=654 render_us=1541
[2026-08-17T11:21:33Z INFO  steel_front::engine::renderer] visible=65536/65536 near=65536 far=0 fps=510.1 frame_us=1057 cull_us=0 terrain_us=0 wait_fence_us=1090 acquire_us=1 record_us=30 submit_us=28 present_us=134 terrain_lod=medium blend=0.000 quality=中画质 marker=31 npc=28
[2026-08-17T11:21:33Z INFO  steel_front::engine::game] ai: npcs=4 near=2 far=2 idle=0 patrol=3 chase=1 attack=0 tactics=[2, 0, 1, 0, 0, 1, 0, 0]
[2026-08-17T11:21:33Z INFO  steel_front::engine::game] game: wave=1 enemies=4 enemy_hp=100 hp=100/100 score=20 phys_us=6 ai_us=10 audio_us=13 net_us=0
[2026-08-17T11:21:33Z INFO  steel_front] cam: yaw=-382.4 pitch=9.9 dist=3.4 mode=FirstPerson cycle_us=1440 update_us=32 render_us=1407
[2026-08-17T11:21:34Z INFO  steel_front::engine::renderer] visible=65536/65536 near=65536 far=0 fps=526.0 frame_us=919 cull_us=1 terrain_us=0 wait_fence_us=1336 acquire_us=5 record_us=25 submit_us=22 present_us=139 terrain_lod=medium blend=0.000 quality=中画质 marker=31 npc=28
[2026-08-17T11:21:34Z INFO  steel_front::engine::game] ai: npcs=4 near=2 far=2 idle=0 patrol=3 chase=1 attack=0 tactics=[2, 0, 1, 0, 0, 1, 0, 0]
[2026-08-17T11:21:34Z INFO  steel_front::engine::game] game: wave=1 enemies=4 enemy_hp=100 hp=100/100 score=20 phys_us=1 ai_us=4 audio_us=10 net_us=0
[2026-08-17T11:21:34Z INFO  steel_front] cam: yaw=-408.6 pitch=3.5 dist=3.4 mode=FirstPerson cycle_us=1517 update_us=21 render_us=1496
[2026-08-17T11:21:35Z INFO  steel_front::engine::renderer] visible=65536/65536 near=65536 far=0 fps=529.1 frame_us=1729 cull_us=0 terrain_us=0 wait_fence_us=484 acquire_us=0 record_us=41 submit_us=34 present_us=249 terrain_lod=medium blend=0.000 quality=中画质 marker=31 npc=28
[2026-08-17T11:21:35Z INFO  steel_front::engine::game] ai: npcs=4 near=2 far=2 idle=0 patrol=3 chase=1 attack=0 tactics=[2, 0, 1, 0, 0, 1, 0, 0]
[2026-08-17T11:21:35Z INFO  steel_front] size diag: window_inner=2560x1600 hud=2560x1600
[2026-08-17T11:21:35Z INFO  steel_front] size diag: window_inner=2560x1600 hud=2560x1600
[2026-08-17T11:21:35Z INFO  steel_front] size diag: window_inner=2560x1600 hud=2560x1600
[2026-08-17T11:21:35Z INFO  steel_front] size diag: window_inner=2560x1600 hud=2560x1600
[2026-08-17T11:21:35Z INFO  steel_front] size diag: window_inner=2560x1600 hud=2560x1600
[2026-08-17T11:21:35Z INFO  steel_front] size diag: window_inner=2560x1600 hud=2560x1600
[2026-08-17T11:21:35Z INFO  steel_front] size diag: window_inner=2560x1600 hud=2560x1600
[2026-08-17T11:21:35Z INFO  steel_front] size diag: window_inner=2560x1600 hud=2560x1600
[2026-08-17T11:21:35Z INFO  steel_front] size diag: window_inner=2560x1600 hud=2560x1600
[2026-08-17T11:21:35Z INFO  steel_front] size diag: window_inner=2560x1600 hud=2560x1600
[2026-08-17T11:21:35Z INFO  steel_front] size diag: window_inner=2560x1600 hud=2560x1600
[2026-08-17T11:21:35Z INFO  steel_front] size diag: window_inner=2560x1600 hud=2560x1600
[2026-08-17T11:21:35Z INFO  steel_front] size diag: window_inner=2560x1600 hud=2560x1600
[2026-08-17T11:21:35Z INFO  steel_front] size diag: window_inner=2560x1600 hud=2560x1600
[2026-08-17T11:21:35Z INFO  steel_front::engine::game] game: wave=1 enemies=4 enemy_hp=100 hp=100/100 score=20 phys_us=1 ai_us=3 audio_us=14 net_us=0
[2026-08-17T11:21:35Z INFO  steel_front] size diag: window_inner=2560x1600 hud=2560x1600
[2026-08-17T11:21:35Z INFO  steel_front] size diag: window_inner=2560x1600 hud=2560x1600
[2026-08-17T11:21:35Z INFO  steel_front] cam: yaw=-532.4 pitch=5.5 dist=3.4 mode=FirstPerson cycle_us=1739 update_us=37 render_us=1702
[2026-08-17T11:21:35Z INFO  steel_front] size diag: window_inner=2560x1600 hud=2560x1600
[2026-08-17T11:21:35Z INFO  steel_front] size diag: window_inner=2560x1600 hud=2560x1600
[2026-08-17T11:21:35Z INFO  steel_front] size diag: window_inner=2560x1600 hud=2560x1600
[2026-08-17T11:21:35Z INFO  steel_front] size diag: window_inner=2560x1600 hud=2560x1600
[2026-08-17T11:21:35Z INFO  steel_front] size diag: window_inner=2560x1600 hud=2560x1600
[2026-08-17T11:21:35Z INFO  steel_front] size diag: window_inner=2560x1600 hud=2560x1600
[2026-08-17T11:21:35Z INFO  steel_front] size diag: window_inner=2560x1600 hud=2560x1600
[2026-08-17T11:21:35Z INFO  steel_front] size diag: window_inner=2560x1600 hud=2560x1600
[2026-08-17T11:21:35Z INFO  steel_front] size diag: window_inner=2560x1600 hud=2560x1600
[2026-08-17T11:21:36Z INFO  steel_front::engine::renderer] visible=65536/65536 near=65536 far=0 fps=507.5 frame_us=368 cull_us=0 terrain_us=0 wait_fence_us=689 acquire_us=1 record_us=26 submit_us=22 present_us=313 terrain_lod=medium blend=0.000 quality=中画质 marker=31 npc=28
[2026-08-17T11:21:36Z INFO  steel_front::engine::game] ai: npcs=4 near=2 far=2 idle=0 patrol=3 chase=1 attack=0 tactics=[2, 1, 0, 0, 0, 1, 0, 0]
[2026-08-17T11:21:36Z INFO  steel_front::engine::game] game: wave=1 enemies=4 enemy_hp=100 hp=100/100 score=20 phys_us=1 ai_us=4 audio_us=11 net_us=0
[2026-08-17T11:21:36Z INFO  steel_front] cam: yaw=-591.0 pitch=13.2 dist=3.4 mode=FirstPerson cycle_us=1798 update_us=18 render_us=1779
[2026-08-17T11:21:37Z INFO  steel_front::engine::renderer] visible=65536/65536 near=65536 far=0 fps=513.8 frame_us=1096 cull_us=0 terrain_us=0 wait_fence_us=826 acquire_us=0 record_us=61 submit_us=25 present_us=189 terrain_lod=medium blend=0.000 quality=中画质 marker=31 npc=28
[2026-08-17T11:21:37Z INFO  steel_front::engine::game] ai: npcs=4 near=2 far=2 idle=0 patrol=3 chase=1 attack=0 tactics=[2, 1, 0, 0, 0, 1, 0, 0]
[2026-08-17T11:21:37Z INFO  steel_front::engine::game] weapons: shot #157 (1 alive) [M1 Rifle]
[2026-08-17T11:21:37Z INFO  steel_front::engine::game] game: wave=1 enemies=4 enemy_hp=100 hp=100/100 score=20 phys_us=2 ai_us=3 audio_us=18 net_us=0
[2026-08-17T11:21:37Z INFO  steel_front] cam: yaw=-608.5 pitch=0.5 dist=3.4 mode=FirstPerson cycle_us=1759 update_us=30 render_us=1728
[2026-08-17T11:21:38Z INFO  steel_front::engine::renderer] visible=65536/65536 near=65536 far=0 fps=529.9 frame_us=1334 cull_us=0 terrain_us=0 wait_fence_us=607 acquire_us=1 record_us=27 submit_us=33 present_us=358 terrain_lod=medium blend=0.000 quality=中画质 marker=33 npc=28
[2026-08-17T11:21:38Z INFO  steel_front::engine::game] weapons: shot #158 (2 alive) [M1 Rifle]
[2026-08-17T11:21:38Z INFO  steel_front::engine::game] ai: npcs=4 near=1 far=3 idle=0 patrol=3 chase=1 attack=0 tactics=[2, 1, 0, 0, 0, 1, 0, 0]
[2026-08-17T11:21:38Z INFO  steel_front::engine::game] weapons: shot #159 (3 alive) [M1 Rifle]
[2026-08-17T11:21:38Z INFO  steel_front::engine::game] game: wave=1 enemies=4 enemy_hp=100 hp=100/100 score=20 phys_us=1 ai_us=5 audio_us=10 net_us=0
[2026-08-17T11:21:38Z INFO  steel_front] cam: yaw=-607.5 pitch=1.1 dist=3.4 mode=FirstPerson cycle_us=1849 update_us=30 render_us=1819
[2026-08-17T11:21:39Z INFO  steel_front::engine::game] weapons: shot #160 (4 alive) [M1 Rifle]
[2026-08-17T11:21:39Z INFO  steel_front::engine::renderer] visible=65536/65536 near=65536 far=0 fps=527.6 frame_us=840 cull_us=1 terrain_us=0 wait_fence_us=1445 acquire_us=1 record_us=24 submit_us=21 present_us=135 terrain_lod=medium blend=0.000 quality=中画质 marker=35 npc=28
[2026-08-17T11:21:39Z INFO  steel_front::engine::game] ai: npcs=4 near=1 far=3 idle=0 patrol=3 chase=1 attack=0 tactics=[2, 1, 0, 0, 0, 1, 0, 0]
[2026-08-17T11:21:39Z INFO  steel_front::engine::game] weapons: shot #161 (5 alive) [M1 Rifle]
[2026-08-17T11:21:39Z INFO  steel_front::engine::game] weapons: shot #162 (6 alive) [M1 Rifle]
[2026-08-17T11:21:39Z INFO  steel_front::engine::game] game: wave=1 enemies=4 enemy_hp=100 hp=100/100 score=20 phys_us=1 ai_us=5 audio_us=14 net_us=0
[2026-08-17T11:21:39Z INFO  steel_front] cam: yaw=-606.3 pitch=1.5 dist=3.4 mode=FirstPerson cycle_us=1890 update_us=28 render_us=1862
[2026-08-17T11:21:40Z INFO  steel_front::engine::game] weapons: 1 projectile hit(s), total_hits=29
[2026-08-17T11:21:40Z INFO  steel_front::engine::renderer] visible=65536/65536 near=65536 far=0 fps=524.6 frame_us=500 cull_us=1 terrain_us=0 wait_fence_us=1039 acquire_us=1 record_us=29 submit_us=37 present_us=131 terrain_lod=medium blend=0.000 quality=中画质 marker=35 npc=28
[2026-08-17T11:21:40Z INFO  steel_front::engine::game] ai: npcs=4 near=1 far=3 idle=0 patrol=3 chase=1 attack=0 tactics=[2, 1, 0, 0, 0, 1, 0, 0]
[2026-08-17T11:21:40Z INFO  steel_front::engine::game] weapons: shot #163 (6 alive) [M1 Rifle]
[2026-08-17T11:21:40Z INFO  steel_front::engine::game] weapons: 1 projectile hit(s), total_hits=30
[2026-08-17T11:21:40Z INFO  steel_front::engine::game] weapons: shot #164 (6 alive) [M1 Rifle]
[2026-08-17T11:21:40Z INFO  steel_front] size diag: window_inner=2560x1600 hud=2560x1600
[2026-08-17T11:21:40Z INFO  steel_front] size diag: window_inner=2560x1600 hud=2560x1600
[2026-08-17T11:21:40Z INFO  steel_front] size diag: window_inner=2560x1600 hud=2560x1600
[2026-08-17T11:21:40Z INFO  steel_front] size diag: window_inner=2560x1600 hud=2560x1600
[2026-08-17T11:21:40Z INFO  steel_front] size diag: window_inner=2560x1600 hud=2560x1600
[2026-08-17T11:21:40Z INFO  steel_front] size diag: window_inner=2560x1600 hud=2560x1600
[2026-08-17T11:21:40Z INFO  steel_front] size diag: window_inner=2560x1600 hud=2560x1600
[2026-08-17T11:21:40Z INFO  steel_front] size diag: window_inner=2560x1600 hud=2560x1600
[2026-08-17T11:21:40Z INFO  steel_front] size diag: window_inner=2560x1600 hud=2560x1600
[2026-08-17T11:21:40Z INFO  steel_front] size diag: window_inner=2560x1600 hud=2560x1600
[2026-08-17T11:21:40Z INFO  steel_front] size diag: window_inner=2560x1600 hud=2560x1600
[2026-08-17T11:21:40Z INFO  steel_front] size diag: window_inner=2560x1600 hud=2560x1600
[2026-08-17T11:21:40Z INFO  steel_front] size diag: window_inner=2560x1600 hud=2560x1600
[2026-08-17T11:21:40Z INFO  steel_front] size diag: window_inner=2560x1600 hud=2560x1600
[2026-08-17T11:21:40Z INFO  steel_front] size diag: window_inner=2560x1600 hud=2560x1600
[2026-08-17T11:21:40Z INFO  steel_front] size diag: window_inner=2560x1600 hud=2560x1600
[2026-08-17T11:21:40Z INFO  steel_front] size diag: window_inner=2560x1600 hud=2560x1600
[2026-08-17T11:21:40Z INFO  steel_front] size diag: window_inner=2560x1600 hud=2560x1600
[2026-08-17T11:21:40Z INFO  steel_front::engine::game] game: wave=1 enemies=4 enemy_hp=100 hp=100/100 score=20 phys_us=1 ai_us=4 audio_us=13 net_us=0
[2026-08-17T11:21:40Z INFO  steel_front] size diag: window_inner=2560x1600 hud=2560x1600
[2026-08-17T11:21:40Z INFO  steel_front] size diag: window_inner=2560x1600 hud=2560x1600
[2026-08-17T11:21:40Z INFO  steel_front] size diag: window_inner=2560x1600 hud=2560x1600
[2026-08-17T11:21:40Z INFO  steel_front] cam: yaw=-602.1 pitch=2.4 dist=3.4 mode=FirstPerson cycle_us=1891 update_us=21 render_us=1870
[2026-08-17T11:21:40Z INFO  steel_front] size diag: window_inner=2560x1600 hud=2560x1600
[2026-08-17T11:21:40Z INFO  steel_front] size diag: window_inner=2560x1600 hud=2560x1600
[2026-08-17T11:21:40Z INFO  steel_front] size diag: window_inner=2560x1600 hud=2560x1600
[2026-08-17T11:21:40Z INFO  steel_front] size diag: window_inner=2560x1600 hud=2560x1600
[2026-08-17T11:21:40Z INFO  steel_front] size diag: window_inner=2560x1600 hud=2560x1600
[2026-08-17T11:21:41Z INFO  steel_front::engine::game] explosion: at (-231.3, 0.2, -82.8) radius=8 dmg=60 knockback=true
[2026-08-17T11:21:41Z INFO  steel_front::engine::renderer] visible=65536/65536 near=65536 far=0 fps=519.0 frame_us=1671 cull_us=0 terrain_us=0 wait_fence_us=1121 acquire_us=0 record_us=44 submit_us=27 present_us=142 terrain_lod=medium blend=0.000 quality=中画质 marker=39 npc=28
[2026-08-17T11:21:41Z INFO  steel_front::engine::game] ai: npcs=4 near=1 far=3 idle=0 patrol=3 chase=1 attack=0 tactics=[2, 1, 0, 0, 0, 1, 0, 0]
[2026-08-17T11:21:41Z INFO  steel_front::engine::game] weapons: shot #165 (6 alive) [M1 Rifle]
[2026-08-17T11:21:41Z INFO  steel_front::engine::game] explosion: at (-230.4, -1.8, -81.4) radius=8 dmg=60 knockback=true
[2026-08-17T11:21:41Z INFO  steel_front::engine::game] weapons: shot #166 (6 alive) [M1 Rifle]
[2026-08-17T11:21:41Z INFO  steel_front::engine::game] explosion: at (-231.0, -1.4, -83.0) radius=8 dmg=60 knockback=true
[2026-08-17T11:21:41Z INFO  steel_front::engine::game] game: wave=1 enemies=4 enemy_hp=100 hp=100/100 score=20 phys_us=1 ai_us=5 audio_us=28 net_us=0
[2026-08-17T11:21:41Z INFO  steel_front] cam: yaw=-600.4 pitch=1.4 dist=3.4 mode=FirstPerson cycle_us=1736 update_us=23 render_us=1712
[2026-08-17T11:21:42Z INFO  steel_front::engine::renderer] visible=65536/65536 near=65536 far=0 fps=523.0 frame_us=956 cull_us=0 terrain_us=0 wait_fence_us=710 acquire_us=0 record_us=41 submit_us=39 present_us=217 terrain_lod=medium blend=0.000 quality=中画质 marker=38 npc=28
[2026-08-17T11:21:42Z INFO  steel_front::engine::game] ai: npcs=4 near=1 far=3 idle=0 patrol=3 chase=1 attack=0 tactics=[2, 1, 0, 0, 0, 1, 0, 0]
[2026-08-17T11:21:42Z INFO  steel_front::engine::game] weapons: shot #167 (6 alive) [M1 Rifle]
[2026-08-17T11:21:42Z INFO  steel_front::engine::game] explosion: at (-231.8, -1.4, -85.0) radius=8 dmg=60 knockback=true
[2026-08-17T11:21:42Z INFO  steel_front::engine::game] weapons: shot #168 (6 alive) [M1 Rifle]
[2026-08-17T11:21:42Z INFO  steel_front::engine::game] game: wave=1 enemies=4 enemy_hp=100 hp=100/100 score=20 phys_us=3 ai_us=10 audio_us=21 net_us=0
[2026-08-17T11:21:42Z INFO  steel_front] cam: yaw=-600.5 pitch=1.1 dist=3.4 mode=FirstPerson cycle_us=2069 update_us=30 render_us=2039
[2026-08-17T11:21:43Z INFO  steel_front::engine::renderer] visible=65536/65536 near=65536 far=0 fps=523.0 frame_us=993 cull_us=0 terrain_us=0 wait_fence_us=870 acquire_us=0 record_us=41 submit_us=33 present_us=205 terrain_lod=medium blend=0.000 quality=中画质 marker=34 npc=28
[2026-08-17T11:21:43Z INFO  steel_front::engine::game] weapons: shot #169 (7 alive) [M1 Rifle]
[2026-08-17T11:21:43Z INFO  steel_front::engine::game] ai: npcs=4 near=1 far=3 idle=0 patrol=3 chase=1 attack=0 tactics=[2, 1, 0, 0, 0, 1, 0, 0]
[2026-08-17T11:21:43Z INFO  steel_front::engine::game] weapons: 1 projectile hit(s), total_hits=31
[2026-08-17T11:21:43Z INFO  steel_front::engine::game] explosion: at (-228.0, -6.1, -77.3) radius=8 dmg=60 knockback=true
[2026-08-17T11:21:43Z INFO  steel_front::engine::game] game: wave=1 enemies=4 enemy_hp=100 hp=100/100 score=20 phys_us=1 ai_us=3 audio_us=22 net_us=0
[2026-08-17T11:21:43Z INFO  steel_front] cam: yaw=-599.7 pitch=1.6 dist=3.4 mode=FirstPerson cycle_us=1037 update_us=43 render_us=994
[2026-08-17T11:21:44Z INFO  steel_front::engine::renderer] visible=65536/65536 near=65536 far=0 fps=520.0 frame_us=1288 cull_us=0 terrain_us=0 wait_fence_us=803 acquire_us=0 record_us=37 submit_us=34 present_us=207 terrain_lod=medium blend=0.000 quality=中画质 marker=35 npc=28
[2026-08-17T11:21:44Z INFO  steel_front::engine::game] explosion: at (-226.5, -5.5, -74.1) radius=8 dmg=60 knockback=true
[2026-08-17T11:21:44Z INFO  steel_front::engine::game] ai: npcs=4 near=1 far=3 idle=0 patrol=3 chase=1 attack=0 tactics=[1, 1, 0, 0, 0, 2, 0, 0]
[2026-08-17T11:21:44Z INFO  steel_front::engine::game] explosion: at (-229.3, -4.8, -79.6) radius=8 dmg=60 knockback=true
[2026-08-17T11:21:44Z INFO  steel_front::engine::game] game: wave=1 enemies=4 enemy_hp=100 hp=100/100 score=20 phys_us=4 ai_us=7 audio_us=42 net_us=0
[2026-08-17T11:21:44Z INFO  steel_front] cam: yaw=-599.7 pitch=1.6 dist=3.4 mode=FirstPerson cycle_us=1932 update_us=32 render_us=1899
[2026-08-17T11:21:45Z INFO  steel_front::engine::game] explosion: at (-225.0, -2.0, -71.2) radius=8 dmg=60 knockback=true
[2026-08-17T11:21:45Z INFO  steel_front::engine::renderer] visible=65536/65536 near=65536 far=0 fps=513.5 frame_us=1513 cull_us=1 terrain_us=0 wait_fence_us=140 acquire_us=1 record_us=58 submit_us=55 present_us=635 terrain_lod=medium blend=0.000 quality=中画质 marker=40 npc=28
[2026-08-17T11:21:45Z INFO  steel_front::engine::game] ai: npcs=4 near=1 far=3 idle=0 patrol=3 chase=1 attack=0 tactics=[1, 1, 0, 0, 0, 2, 0, 0]
[2026-08-17T11:21:45Z INFO  steel_front::engine::game] explosion: at (-227.3, -1.3, -75.4) radius=8 dmg=60 knockback=true
[2026-08-17T11:21:45Z INFO  steel_front::engine::game] weapons: shot #170 (2 alive) [M1 Rifle]
[2026-08-17T11:21:45Z INFO  steel_front] size diag: window_inner=2560x1600 hud=2560x1600
[2026-08-17T11:21:45Z INFO  steel_front] size diag: window_inner=2560x1600 hud=2560x1600
[2026-08-17T11:21:45Z INFO  steel_front] size diag: window_inner=2560x1600 hud=2560x1600
[2026-08-17T11:21:45Z INFO  steel_front] size diag: window_inner=2560x1600 hud=2560x1600
[2026-08-17T11:21:45Z INFO  steel_front] size diag: window_inner=2560x1600 hud=2560x1600
[2026-08-17T11:21:45Z INFO  steel_front] size diag: window_inner=2560x1600 hud=2560x1600
[2026-08-17T11:21:45Z INFO  steel_front] size diag: window_inner=2560x1600 hud=2560x1600
[2026-08-17T11:21:45Z INFO  steel_front] size diag: window_inner=2560x1600 hud=2560x1600
[2026-08-17T11:21:45Z INFO  steel_front] size diag: window_inner=2560x1600 hud=2560x1600
[2026-08-17T11:21:45Z INFO  steel_front] size diag: window_inner=2560x1600 hud=2560x1600
[2026-08-17T11:21:45Z INFO  steel_front] size diag: window_inner=2560x1600 hud=2560x1600
[2026-08-17T11:21:45Z INFO  steel_front] size diag: window_inner=2560x1600 hud=2560x1600
[2026-08-17T11:21:45Z INFO  steel_front] size diag: window_inner=2560x1600 hud=2560x1600
[2026-08-17T11:21:45Z INFO  steel_front] size diag: window_inner=2560x1600 hud=2560x1600
[2026-08-17T11:21:45Z INFO  steel_front] size diag: window_inner=2560x1600 hud=2560x1600
[2026-08-17T11:21:45Z INFO  steel_front] size diag: window_inner=2560x1600 hud=2560x1600
[2026-08-17T11:21:45Z INFO  steel_front] size diag: window_inner=2560x1600 hud=2560x1600
[2026-08-17T11:21:45Z INFO  steel_front] size diag: window_inner=2560x1600 hud=2560x1600
[2026-08-17T11:21:45Z INFO  steel_front] size diag: window_inner=2560x1600 hud=2560x1600
[2026-08-17T11:21:45Z INFO  steel_front::engine::game] game: wave=1 enemies=4 enemy_hp=100 hp=100/100 score=20 phys_us=1 ai_us=3 audio_us=13 net_us=0
[2026-08-17T11:21:45Z INFO  steel_front] size diag: window_inner=2560x1600 hud=2560x1600
[2026-08-17T11:21:45Z INFO  steel_front] size diag: window_inner=2560x1600 hud=2560x1600
[2026-08-17T11:21:45Z INFO  steel_front] cam: yaw=-602.0 pitch=1.6 dist=3.4 mode=FirstPerson cycle_us=1667 update_us=45 render_us=1621
[2026-08-17T11:21:45Z INFO  steel_front] size diag: window_inner=2560x1600 hud=2560x1600
[2026-08-17T11:21:45Z INFO  steel_front] size diag: window_inner=2560x1600 hud=2560x1600
[2026-08-17T11:21:45Z INFO  steel_front] size diag: window_inner=2560x1600 hud=2560x1600
[2026-08-17T11:21:45Z INFO  steel_front] size diag: window_inner=2560x1600 hud=2560x1600
[2026-08-17T11:21:46Z INFO  steel_front::engine::renderer] visible=65536/65536 near=65536 far=0 fps=512.9 frame_us=274 cull_us=0 terrain_us=0 wait_fence_us=298 acquire_us=1 record_us=28 submit_us=54 present_us=184 terrain_lod=medium blend=0.000 quality=中画质 marker=34 npc=28
[2026-08-17T11:21:46Z INFO  steel_front::engine::game] weapons: shot #171 (3 alive) [M1 Rifle]
[2026-08-17T11:21:46Z INFO  steel_front::engine::game] ai: npcs=4 near=1 far=3 idle=0 patrol=3 chase=1 attack=0 tactics=[1, 1, 0, 0, 0, 2, 0, 0]
[2026-08-17T11:21:46Z INFO  steel_front::engine::game] explosion: at (-222.5, -0.1, -67.4) radius=8 dmg=60 knockback=true
[2026-08-17T11:21:46Z INFO  steel_front::engine::game] weapons: shot #172 (3 alive) [M1 Rifle]
[2026-08-17T11:21:46Z INFO  steel_front::engine::game] game: wave=1 enemies=4 enemy_hp=100 hp=100/100 score=20 phys_us=1 ai_us=9 audio_us=19 net_us=0
[2026-08-17T11:21:46Z INFO  steel_front] cam: yaw=-598.8 pitch=2.3 dist=3.4 mode=FirstPerson cycle_us=2287 update_us=27 render_us=2259
[2026-08-17T11:21:47Z INFO  steel_front::engine::game] weapons: shot #173 (4 alive) [M1 Rifle]
[2026-08-17T11:21:47Z INFO  steel_front::engine::renderer] visible=65536/65536 near=65536 far=0 fps=521.5 frame_us=889 cull_us=0 terrain_us=0 wait_fence_us=1156 acquire_us=0 record_us=30 submit_us=35 present_us=170 terrain_lod=medium blend=0.000 quality=中画质 marker=34 npc=28
[2026-08-17T11:21:47Z INFO  steel_front::engine::game] ai: npcs=4 near=1 far=3 idle=0 patrol=3 chase=1 attack=0 tactics=[1, 1, 0, 0, 0, 2, 0, 0]
[2026-08-17T11:21:47Z INFO  steel_front::engine::game] weapons: shot #174 (5 alive) [M1 Rifle]
[2026-08-17T11:21:47Z INFO  steel_front::engine::game] game: wave=1 enemies=4 enemy_hp=100 hp=100/100 score=20 phys_us=1 ai_us=6 audio_us=13 net_us=0
[2026-08-17T11:21:47Z INFO  steel_front] cam: yaw=-493.7 pitch=0.1 dist=3.4 mode=FirstPerson cycle_us=2068 update_us=38 render_us=2029
[2026-08-17T11:21:48Z INFO  steel_front::engine::renderer] visible=65536/65536 near=65536 far=0 fps=518.5 frame_us=1263 cull_us=1 terrain_us=0 wait_fence_us=945 acquire_us=1 record_us=44 submit_us=21 present_us=129 terrain_lod=medium blend=0.000 quality=中画质 marker=33 npc=28
[2026-08-17T11:21:48Z INFO  steel_front::engine::game] ai: npcs=4 near=1 far=3 idle=0 patrol=3 chase=1 attack=0 tactics=[1, 0, 1, 0, 0, 2, 0, 0]
[2026-08-17T11:21:48Z INFO  steel_front::engine::game] game: wave=1 enemies=4 enemy_hp=100 hp=100/100 score=20 phys_us=1 ai_us=77 audio_us=16 net_us=0
[2026-08-17T11:21:48Z INFO  steel_front] cam: yaw=-404.8 pitch=2.5 dist=3.4 mode=FirstPerson cycle_us=2045 update_us=83 render_us=1962
[2026-08-17T11:21:49Z INFO  steel_front::engine::game] explosion: at (-232.7, -2.2, -84.9) radius=8 dmg=60 knockback=true
[2026-08-17T11:21:49Z INFO  steel_front::engine::renderer] visible=65536/65536 near=65536 far=0 fps=538.7 frame_us=1090 cull_us=152 terrain_us=0 wait_fence_us=772 acquire_us=1 record_us=25 submit_us=34 present_us=234 terrain_lod=medium blend=0.000 quality=中画质 marker=35 npc=28
[2026-08-17T11:21:49Z INFO  steel_front::engine::game] ai: npcs=4 near=1 far=3 idle=0 patrol=3 chase=1 attack=0 tactics=[1, 0, 1, 0, 0, 2, 0, 0]
[2026-08-17T11:21:49Z INFO  steel_front::engine::game] explosion: at (-234.9, -1.9, -88.9) radius=8 dmg=60 knockback=true
[2026-08-17T11:21:49Z INFO  steel_front::engine::game] game: wave=1 enemies=4 enemy_hp=100 hp=100/100 score=20 phys_us=1 ai_us=113 audio_us=16 net_us=0
[2026-08-17T11:21:49Z INFO  steel_front::engine::game] explosion: at (-235.9, -1.5, -90.9) radius=8 dmg=60 knockback=true
[2026-08-17T11:21:49Z INFO  steel_front] cam: yaw=-414.9 pitch=0.3 dist=3.4 mode=FirstPerson cycle_us=2033 update_us=68 render_us=1964
[2026-08-17T11:21:50Z INFO  steel_front::engine::renderer] visible=65536/65536 near=65536 far=0 fps=534.0 frame_us=1067 cull_us=0 terrain_us=0 wait_fence_us=627 acquire_us=1 record_us=96 submit_us=62 present_us=280 terrain_lod=medium blend=0.000 quality=中画质 marker=35 npc=28
[2026-08-17T11:21:50Z INFO  steel_front::engine::game] ai: npcs=4 near=1 far=3 idle=0 patrol=3 chase=1 attack=0 tactics=[1, 0, 1, 0, 0, 2, 0, 0]
[2026-08-17T11:21:50Z INFO  steel_front::engine::game] explosion: at (-229.7, -4.3, -80.2) radius=8 dmg=60 knockback=true
[2026-08-17T11:21:50Z INFO  steel_front::engine::game] explosion: at (-218.0, -3.0, -62.9) radius=8 dmg=60 knockback=true
[2026-08-17T11:21:50Z INFO  steel_front] size diag: window_inner=2560x1600 hud=2560x1600
[2026-08-17T11:21:50Z INFO  steel_front] size diag: window_inner=2560x1600 hud=2560x1600
[2026-08-17T11:21:50Z INFO  steel_front] size diag: window_inner=2560x1600 hud=2560x1600
[2026-08-17T11:21:50Z INFO  steel_front] size diag: window_inner=2560x1600 hud=2560x1600
[2026-08-17T11:21:50Z INFO  steel_front] size diag: window_inner=2560x1600 hud=2560x1600
[2026-08-17T11:21:50Z INFO  steel_front] size diag: window_inner=2560x1600 hud=2560x1600
[2026-08-17T11:21:50Z INFO  steel_front] size diag: window_inner=2560x1600 hud=2560x1600
[2026-08-17T11:21:50Z INFO  steel_front] size diag: window_inner=2560x1600 hud=2560x1600
[2026-08-17T11:21:50Z INFO  steel_front] size diag: window_inner=2560x1600 hud=2560x1600
[2026-08-17T11:21:50Z INFO  steel_front] size diag: window_inner=2560x1600 hud=2560x1600
[2026-08-17T11:21:50Z INFO  steel_front] size diag: window_inner=2560x1600 hud=2560x1600
[2026-08-17T11:21:50Z INFO  steel_front] size diag: window_inner=2560x1600 hud=2560x1600
[2026-08-17T11:21:50Z INFO  steel_front] size diag: window_inner=2560x1600 hud=2560x1600
[2026-08-17T11:21:50Z INFO  steel_front] size diag: window_inner=2560x1600 hud=2560x1600
[2026-08-17T11:21:50Z INFO  steel_front] size diag: window_inner=2560x1600 hud=2560x1600
[2026-08-17T11:21:50Z INFO  steel_front] size diag: window_inner=2560x1600 hud=2560x1600
[2026-08-17T11:21:50Z INFO  steel_front] size diag: window_inner=2560x1600 hud=2560x1600
[2026-08-17T11:21:50Z INFO  steel_front] size diag: window_inner=2560x1600 hud=2560x1600
[2026-08-17T11:21:50Z INFO  steel_front] size diag: window_inner=2560x1600 hud=2560x1600
[2026-08-17T11:21:50Z INFO  steel_front] size diag: window_inner=2560x1600 hud=2560x1600
[2026-08-17T11:21:50Z INFO  steel_front] size diag: window_inner=2560x1600 hud=2560x1600
[2026-08-17T11:21:50Z INFO  steel_front::engine::game] game: wave=1 enemies=4 enemy_hp=100 hp=100/100 score=20 phys_us=1 ai_us=65 audio_us=26 net_us=0
[2026-08-17T11:21:50Z INFO  steel_front] size diag: window_inner=2560x1600 hud=2560x1600
[2026-08-17T11:21:50Z INFO  steel_front] size diag: window_inner=2560x1600 hud=2560x1600
[2026-08-17T11:21:50Z INFO  steel_front] size diag: window_inner=2560x1600 hud=2560x1600
[2026-08-17T11:21:50Z INFO  steel_front] size diag: window_inner=2560x1600 hud=2560x1600
[2026-08-17T11:21:50Z INFO  steel_front] cam: yaw=-397.1 pitch=1.0 dist=3.4 mode=FirstPerson cycle_us=1239 update_us=99 render_us=1140
[2026-08-17T11:21:51Z INFO  steel_front::engine::game] weapons: shot #175 (1 alive) [M1 Rifle]
[2026-08-17T11:21:51Z INFO  steel_front::engine::renderer] visible=65536/65536 near=65536 far=0 fps=527.3 frame_us=1196 cull_us=0 terrain_us=121 wait_fence_us=4 acquire_us=1 record_us=32 submit_us=33 present_us=338 terrain_lod=medium blend=0.001 quality=中画质 marker=36 npc=28
[2026-08-17T11:21:51Z INFO  steel_front::engine::game] ai: npcs=4 near=1 far=3 idle=0 patrol=3 chase=1 attack=0 tactics=[1, 0, 1, 0, 0, 2, 0, 0]
[2026-08-17T11:21:51Z INFO  steel_front::engine::game] weapons: shot #176 (2 alive) [M1 Rifle]
[2026-08-17T11:21:51Z INFO  steel_front::engine::game] weapons: shot #177 (3 alive) [M1 Rifle]
[2026-08-17T11:21:51Z INFO  steel_front::engine::game] game: wave=1 enemies=4 enemy_hp=100 hp=100/100 score=20 phys_us=1 ai_us=58 audio_us=19 net_us=0
[2026-08-17T11:21:51Z INFO  steel_front] cam: yaw=-450.5 pitch=2.2 dist=3.4 mode=FirstPerson cycle_us=1831 update_us=82 render_us=1748
[2026-08-17T11:21:52Z INFO  steel_front::engine::renderer] visible=65536/65536 near=65536 far=0 fps=526.8 frame_us=1444 cull_us=0 terrain_us=126 wait_fence_us=238 acquire_us=1 record_us=43 submit_us=37 present_us=588 terrain_lod=medium blend=0.004 quality=中画质 marker=33 npc=28
[2026-08-17T11:21:52Z INFO  steel_front::engine::game] ai: npcs=4 near=1 far=3 idle=0 patrol=3 chase=1 attack=0 tactics=[1, 0, 1, 0, 0, 2, 0, 0]
[2026-08-17T11:21:52Z INFO  steel_front::engine::game] game: wave=1 enemies=4 enemy_hp=100 hp=100/100 score=20 phys_us=2 ai_us=77 audio_us=14 net_us=0
[2026-08-17T11:21:52Z INFO  steel_front] cam: yaw=-371.0 pitch=28.2 dist=3.4 mode=FirstPerson cycle_us=1955 update_us=115 render_us=1839
[2026-08-17T11:21:53Z INFO  steel_front::engine::renderer] visible=65536/65536 near=65536 far=0 fps=523.3 frame_us=1228 cull_us=0 terrain_us=97 wait_fence_us=504 acquire_us=1 record_us=38 submit_us=34 present_us=211 terrain_lod=medium blend=0.015 quality=中画质 marker=31 npc=28
[2026-08-17T11:21:53Z INFO  steel_front::engine::game] ai: npcs=4 near=1 far=3 idle=0 patrol=3 chase=1 attack=0 tactics=[1, 0, 1, 0, 0, 2, 0, 0]
[2026-08-17T11:21:53Z INFO  steel_front::engine::game] game: wave=1 enemies=4 enemy_hp=100 hp=100/100 score=20 phys_us=1 ai_us=62 audio_us=12 net_us=0
[2026-08-17T11:21:53Z INFO  steel_front] cam: yaw=-378.1 pitch=32.5 dist=3.4 mode=FirstPerson cycle_us=2139 update_us=83 render_us=2056
[2026-08-17T11:21:54Z INFO  steel_front::engine::renderer] visible=65536/65536 near=65536 far=0 fps=517.2 frame_us=1145 cull_us=0 terrain_us=125 wait_fence_us=892 acquire_us=3 record_us=49 submit_us=24 present_us=149 terrain_lod=medium blend=0.049 quality=中画质 marker=31 npc=28
[2026-08-17T11:21:54Z INFO  steel_front::engine::game] ai: npcs=4 near=1 far=3 idle=0 patrol=3 chase=1 attack=0 tactics=[1, 0, 1, 0, 0, 2, 0, 0]
[2026-08-17T11:21:54Z INFO  steel_front::engine::game] explosion: at (70.8, 0.7, -354.1) radius=8 dmg=60 knockback=true
[2026-08-17T11:21:54Z INFO  steel_front::engine::game] explosion: at (71.8, -1.1, -355.5) radius=8 dmg=60 knockback=true
[2026-08-17T11:21:54Z INFO  steel_front::engine::game] game: wave=1 enemies=4 enemy_hp=100 hp=100/100 score=20 phys_us=1 ai_us=58 audio_us=38 net_us=0
[2026-08-17T11:21:54Z INFO  steel_front] cam: yaw=-393.9 pitch=71.9 dist=3.4 mode=FirstPerson cycle_us=1333 update_us=103 render_us=1230
[2026-08-17T11:21:55Z INFO  steel_front::engine::game] explosion: at (152.4, -3.0, -197.5) radius=8 dmg=60 knockback=true
[2026-08-17T11:21:55Z INFO  steel_front::engine::renderer] visible=65536/65536 near=65536 far=0 fps=502.5 frame_us=1279 cull_us=1 terrain_us=131 wait_fence_us=991 acquire_us=1 record_us=34 submit_us=30 present_us=181 terrain_lod=medium blend=0.070 quality=中画质 marker=35 npc=28
[2026-08-17T11:21:55Z INFO  steel_front::engine::game] ai: npcs=4 near=1 far=3 idle=0 patrol=3 chase=1 attack=0 tactics=[1, 0, 1, 0, 0, 2, 0, 0]
[2026-08-17T11:21:55Z INFO  steel_front] size diag: window_inner=2560x1600 hud=2560x1600
[2026-08-17T11:21:55Z INFO  steel_front] size diag: window_inner=2560x1600 hud=2560x1600
[2026-08-17T11:21:55Z INFO  steel_front] size diag: window_inner=2560x1600 hud=2560x1600
[2026-08-17T11:21:55Z INFO  steel_front] size diag: window_inner=2560x1600 hud=2560x1600
[2026-08-17T11:21:55Z INFO  steel_front] size diag: window_inner=2560x1600 hud=2560x1600
[2026-08-17T11:21:55Z INFO  steel_front] size diag: window_inner=2560x1600 hud=2560x1600
[2026-08-17T11:21:55Z INFO  steel_front] size diag: window_inner=2560x1600 hud=2560x1600
[2026-08-17T11:21:55Z INFO  steel_front] size diag: window_inner=2560x1600 hud=2560x1600
[2026-08-17T11:21:55Z INFO  steel_front] size diag: window_inner=2560x1600 hud=2560x1600
[2026-08-17T11:21:55Z INFO  steel_front] size diag: window_inner=2560x1600 hud=2560x1600
[2026-08-17T11:21:55Z INFO  steel_front] size diag: window_inner=2560x1600 hud=2560x1600
[2026-08-17T11:21:55Z INFO  steel_front] size diag: window_inner=2560x1600 hud=2560x1600
[2026-08-17T11:21:55Z INFO  steel_front] size diag: window_inner=2560x1600 hud=2560x1600
[2026-08-17T11:21:55Z INFO  steel_front] size diag: window_inner=2560x1600 hud=2560x1600
[2026-08-17T11:21:55Z INFO  steel_front] size diag: window_inner=2560x1600 hud=2560x1600
[2026-08-17T11:21:55Z INFO  steel_front] size diag: window_inner=2560x1600 hud=2560x1600
[2026-08-17T11:21:55Z INFO  steel_front] size diag: window_inner=2560x1600 hud=2560x1600
[2026-08-17T11:21:55Z INFO  steel_front] size diag: window_inner=2560x1600 hud=2560x1600
[2026-08-17T11:21:55Z INFO  steel_front] size diag: window_inner=2560x1600 hud=2560x1600
[2026-08-17T11:21:55Z INFO  steel_front] size diag: window_inner=2560x1600 hud=2560x1600
[2026-08-17T11:21:55Z INFO  steel_front] size diag: window_inner=2560x1600 hud=2560x1600
[2026-08-17T11:21:55Z INFO  steel_front] size diag: window_inner=2560x1600 hud=2560x1600
[2026-08-17T11:21:55Z INFO  steel_front] size diag: window_inner=2560x1600 hud=2560x1600
[2026-08-17T11:21:55Z INFO  steel_front] size diag: window_inner=2560x1600 hud=2560x1600
[2026-08-17T11:21:55Z INFO  steel_front::engine::game] game: wave=1 enemies=4 enemy_hp=100 hp=100/100 score=20 phys_us=2 ai_us=96 audio_us=16 net_us=0
[2026-08-17T11:21:55Z INFO  steel_front] cam: yaw=-446.7 pitch=72.0 dist=3.4 mode=FirstPerson cycle_us=2126 update_us=123 render_us=2002
[2026-08-17T11:21:56Z INFO  steel_front::engine::renderer] visible=65536/65536 near=65536 far=0 fps=493.9 frame_us=1282 cull_us=1 terrain_us=124 wait_fence_us=913 acquire_us=1 record_us=299 submit_us=29 present_us=193 terrain_lod=medium blend=0.076 quality=中画质 marker=31 npc=28
[2026-08-17T11:21:56Z INFO  steel_front::engine::game] ai: npcs=4 near=1 far=3 idle=0 patrol=3 chase=1 attack=0 tactics=[1, 0, 1, 0, 0, 2, 0, 0]
[2026-08-17T11:21:56Z INFO  steel_front::engine::game] game: wave=1 enemies=4 enemy_hp=100 hp=100/100 score=20 phys_us=2 ai_us=101 audio_us=18 net_us=0
[2026-08-17T11:21:56Z INFO  steel_front] cam: yaw=-453.7 pitch=68.8 dist=3.4 mode=FirstPerson cycle_us=2321 update_us=123 render_us=2197
[2026-08-17T11:21:57Z INFO  steel_front::engine::renderer] visible=65536/65536 near=65536 far=0 fps=494.2 frame_us=1197 cull_us=0 terrain_us=131 wait_fence_us=649 acquire_us=1 record_us=36 submit_us=34 present_us=206 terrain_lod=medium blend=0.088 quality=中画质 marker=31 npc=28
[2026-08-17T11:21:57Z INFO  steel_front::engine::game] ai: npcs=4 near=1 far=3 idle=0 patrol=3 chase=1 attack=0 tactics=[1, 0, 1, 0, 0, 2, 0, 0]
[2026-08-17T11:21:57Z INFO  steel_front::engine::game] game: wave=1 enemies=4 enemy_hp=100 hp=100/100 score=20 phys_us=3 ai_us=87 audio_us=27 net_us=0
[2026-08-17T11:21:57Z INFO  steel_front] cam: yaw=-453.8 pitch=68.6 dist=3.4 mode=FirstPerson cycle_us=1902 update_us=105 render_us=1797
[2026-08-17T11:21:58Z INFO  steel_front::engine::renderer] visible=65536/65536 near=65536 far=0 fps=486.3 frame_us=1044 cull_us=0 terrain_us=186 wait_fence_us=6 acquire_us=1 record_us=59 submit_us=126 present_us=701 terrain_lod=medium blend=0.058 quality=中画质 marker=31 npc=28
[2026-08-17T11:21:58Z INFO  steel_front::engine::game] ai: npcs=4 near=1 far=3 idle=0 patrol=3 chase=1 attack=0 tactics=[1, 0, 1, 0, 0, 2, 0, 0]
[2026-08-17T11:21:58Z INFO  steel_front::engine::game] game: wave=1 enemies=4 enemy_hp=100 hp=100/100 score=20 phys_us=1 ai_us=64 audio_us=17 net_us=0
[2026-08-17T11:21:58Z INFO  steel_front] cam: yaw=-340.4 pitch=28.2 dist=3.4 mode=FirstPerson cycle_us=1793 update_us=118 render_us=1675
[2026-08-17T11:21:59Z INFO  steel_front::engine::renderer] visible=65536/65536 near=65536 far=0 fps=503.1 frame_us=734 cull_us=0 terrain_us=140 wait_fence_us=673 acquire_us=1 record_us=33 submit_us=35 present_us=193 terrain_lod=medium blend=0.095 quality=中画质 marker=31 npc=28
[2026-08-17T11:21:59Z INFO  steel_front::engine::game] ai: npcs=4 near=1 far=3 idle=0 patrol=3 chase=1 attack=0 tactics=[1, 0, 1, 0, 0, 2, 0, 0]
[2026-08-17T11:21:59Z INFO  steel_front::engine::game] game: wave=1 enemies=4 enemy_hp=100 hp=100/100 score=20 phys_us=3 ai_us=77 audio_us=20 net_us=0
[2026-08-17T11:21:59Z INFO  steel_front] cam: yaw=-353.3 pitch=12.1 dist=3.4 mode=FirstPerson cycle_us=2714 update_us=133 render_us=2581
[2026-08-17T11:22:00Z INFO  steel_front::engine::renderer] visible=65536/65536 near=65536 far=0 fps=517.0 frame_us=807 cull_us=1 terrain_us=116 wait_fence_us=645 acquire_us=1 record_us=37 submit_us=35 present_us=314 terrain_lod=medium blend=0.164 quality=中画质 marker=31 npc=28
[2026-08-17T11:22:00Z INFO  steel_front::engine::game] ai: npcs=4 near=1 far=3 idle=0 patrol=3 chase=1 attack=0 tactics=[1, 0, 1, 0, 0, 2, 0, 0]
[2026-08-17T11:22:00Z INFO  steel_front] size diag: window_inner=2560x1600 hud=2560x1600
[2026-08-17T11:22:00Z INFO  steel_front] size diag: window_inner=2560x1600 hud=2560x1600
[2026-08-17T11:22:00Z INFO  steel_front] size diag: window_inner=2560x1600 hud=2560x1600
[2026-08-17T11:22:00Z INFO  steel_front] size diag: window_inner=2560x1600 hud=2560x1600
[2026-08-17T11:22:00Z INFO  steel_front] size diag: window_inner=2560x1600 hud=2560x1600
[2026-08-17T11:22:00Z INFO  steel_front] size diag: window_inner=2560x1600 hud=2560x1600
[2026-08-17T11:22:00Z INFO  steel_front] size diag: window_inner=2560x1600 hud=2560x1600
[2026-08-17T11:22:00Z INFO  steel_front] size diag: window_inner=2560x1600 hud=2560x1600
[2026-08-17T11:22:00Z INFO  steel_front] size diag: window_inner=2560x1600 hud=2560x1600
[2026-08-17T11:22:00Z INFO  steel_front] size diag: window_inner=2560x1600 hud=2560x1600
[2026-08-17T11:22:00Z INFO  steel_front] size diag: window_inner=2560x1600 hud=2560x1600
[2026-08-17T11:22:00Z INFO  steel_front] size diag: window_inner=2560x1600 hud=2560x1600
[2026-08-17T11:22:00Z INFO  steel_front] size diag: window_inner=2560x1600 hud=2560x1600
[2026-08-17T11:22:00Z INFO  steel_front] size diag: window_inner=2560x1600 hud=2560x1600
[2026-08-17T11:22:00Z INFO  steel_front] size diag: window_inner=2560x1600 hud=2560x1600
[2026-08-17T11:22:00Z INFO  steel_front] size diag: window_inner=2560x1600 hud=2560x1600
[2026-08-17T11:22:00Z INFO  steel_front] size diag: window_inner=2560x1600 hud=2560x1600
[2026-08-17T11:22:00Z INFO  steel_front] size diag: window_inner=2560x1600 hud=2560x1600
[2026-08-17T11:22:00Z INFO  steel_front] size diag: window_inner=2560x1600 hud=2560x1600
[2026-08-17T11:22:00Z INFO  steel_front] size diag: window_inner=2560x1600 hud=2560x1600
[2026-08-17T11:22:00Z INFO  steel_front] size diag: window_inner=2560x1600 hud=2560x1600
[2026-08-17T11:22:00Z INFO  steel_front] size diag: window_inner=2560x1600 hud=2560x1600
[2026-08-17T11:22:00Z INFO  steel_front] size diag: window_inner=2560x1600 hud=2560x1600
[2026-08-17T11:22:00Z INFO  steel_front] size diag: window_inner=2560x1600 hud=2560x1600
[2026-08-17T11:22:00Z INFO  steel_front] size diag: window_inner=2560x1600 hud=2560x1600
[2026-08-17T11:22:00Z INFO  steel_front] size diag: window_inner=2560x1600 hud=2560x1600
[2026-08-17T11:22:00Z INFO  steel_front::engine::game] game: wave=1 enemies=4 enemy_hp=100 hp=100/100 score=20 phys_us=1 ai_us=55 audio_us=19 net_us=0
[2026-08-17T11:22:00Z INFO  steel_front] cam: yaw=-356.6 pitch=11.0 dist=3.4 mode=FirstPerson cycle_us=1954 update_us=74 render_us=1880
[2026-08-17T11:22:01Z INFO  steel_front::engine::renderer] visible=65536/65536 near=65536 far=0 fps=535.3 frame_us=1187 cull_us=0 terrain_us=147 wait_fence_us=6 acquire_us=4 record_us=37 submit_us=34 present_us=265 terrain_lod=medium blend=0.241 quality=中画质 marker=31 npc=28
[2026-08-17T11:22:01Z INFO  steel_front::engine::game] ai: npcs=4 near=1 far=3 idle=0 patrol=3 chase=1 attack=0 tactics=[1, 0, 1, 0, 0, 2, 0, 0]
[2026-08-17T11:22:01Z INFO  steel_front::engine::game] game: wave=1 enemies=4 enemy_hp=100 hp=100/100 score=20 phys_us=2 ai_us=87 audio_us=17 net_us=1
[2026-08-17T11:22:02Z INFO  steel_front] cam: yaw=-356.9 pitch=11.0 dist=3.4 mode=FirstPerson cycle_us=1970 update_us=85 render_us=1884
[2026-08-17T11:22:02Z INFO  steel_front::engine::renderer] visible=65536/65536 near=65536 far=0 fps=510.7 frame_us=891 cull_us=0 terrain_us=108 wait_fence_us=590 acquire_us=1 record_us=44 submit_us=38 present_us=177 terrain_lod=medium blend=0.326 quality=中画质 marker=31 npc=28
[2026-08-17T11:22:02Z INFO  steel_front::engine::game] ai: npcs=4 near=1 far=3 idle=0 patrol=3 chase=1 attack=0 tactics=[1, 0, 1, 0, 0, 2, 0, 0]
[2026-08-17T11:22:02Z INFO  steel_front::engine::game] game: wave=1 enemies=4 enemy_hp=100 hp=100/100 score=20 phys_us=1 ai_us=3 audio_us=20 net_us=0
[2026-08-17T11:22:03Z INFO  steel_front] cam: yaw=-356.9 pitch=11.0 dist=3.4 mode=FirstPerson cycle_us=1647 update_us=50 render_us=1596
[2026-08-17T11:22:03Z INFO  steel_front::engine::renderer] visible=65536/65536 near=65536 far=0 fps=529.9 frame_us=507 cull_us=1 terrain_us=131 wait_fence_us=697 acquire_us=1 record_us=39 submit_us=36 present_us=212 terrain_lod=medium blend=0.420 quality=中画质 marker=31 npc=28
[2026-08-17T11:22:03Z INFO  steel_front::engine::game] ai: npcs=4 near=1 far=3 idle=0 patrol=4 chase=0 attack=0 tactics=[1, 0, 1, 0, 0, 2, 0, 0]
[2026-08-17T11:22:03Z INFO  steel_front::engine::game] game: wave=1 enemies=4 enemy_hp=100 hp=100/100 score=20 phys_us=1 ai_us=3 audio_us=17 net_us=0
[2026-08-17T11:22:04Z INFO  steel_front] cam: yaw=-356.9 pitch=11.0 dist=3.4 mode=FirstPerson cycle_us=1454 update_us=34 render_us=1419
[2026-08-17T11:22:04Z INFO  steel_front::engine::renderer] visible=65536/65536 near=65536 far=0 fps=530.8 frame_us=985 cull_us=0 terrain_us=152 wait_fence_us=730 acquire_us=1 record_us=58 submit_us=48 present_us=230 terrain_lod=medium blend=0.511 quality=中画质 marker=31 npc=28
[2026-08-17T11:22:04Z INFO  steel_front::engine::game] ai: npcs=4 near=1 far=3 idle=0 patrol=4 chase=0 attack=0 tactics=[1, 0, 1, 0, 0, 2, 0, 0]
[2026-08-17T11:22:04Z INFO  steel_front::engine::game] game: wave=1 enemies=4 enemy_hp=100 hp=100/100 score=20 phys_us=1 ai_us=3 audio_us=60 net_us=0
[2026-08-17T11:22:05Z INFO  steel_front] cam: yaw=-356.9 pitch=11.0 dist=3.4 mode=FirstPerson cycle_us=2174 update_us=28 render_us=2145
[2026-08-17T11:22:05Z INFO  steel_front::engine::renderer] visible=65536/65536 near=65536 far=0 fps=525.8 frame_us=545 cull_us=0 terrain_us=103 wait_fence_us=583 acquire_us=1 record_us=62 submit_us=57 present_us=178 terrain_lod=medium blend=0.592 quality=中画质 marker=31 npc=28
[2026-08-17T11:22:05Z INFO  steel_front::engine::game] ai: npcs=4 near=1 far=3 idle=0 patrol=4 chase=0 attack=0 tactics=[1, 0, 1, 0, 0, 2, 0, 0]
[2026-08-17T11:22:05Z INFO  steel_front] size diag: window_inner=2560x1600 hud=2560x1600
[2026-08-17T11:22:05Z INFO  steel_front] size diag: window_inner=2560x1600 hud=2560x1600
[2026-08-17T11:22:05Z INFO  steel_front] size diag: window_inner=2560x1600 hud=2560x1600
[2026-08-17T11:22:05Z INFO  steel_front] size diag: window_inner=2560x1600 hud=2560x1600
[2026-08-17T11:22:05Z INFO  steel_front] size diag: window_inner=2560x1600 hud=2560x1600
[2026-08-17T11:22:05Z INFO  steel_front] size diag: window_inner=2560x1600 hud=2560x1600
[2026-08-17T11:22:05Z INFO  steel_front] size diag: window_inner=2560x1600 hud=2560x1600
[2026-08-17T11:22:05Z INFO  steel_front] size diag: window_inner=2560x1600 hud=2560x1600
[2026-08-17T11:22:05Z INFO  steel_front] size diag: window_inner=2560x1600 hud=2560x1600
[2026-08-17T11:22:05Z INFO  steel_front] size diag: window_inner=2560x1600 hud=2560x1600
[2026-08-17T11:22:05Z INFO  steel_front] size diag: window_inner=2560x1600 hud=2560x1600
[2026-08-17T11:22:05Z INFO  steel_front] size diag: window_inner=2560x1600 hud=2560x1600
[2026-08-17T11:22:05Z INFO  steel_front] size diag: window_inner=2560x1600 hud=2560x1600
[2026-08-17T11:22:05Z INFO  steel_front] size diag: window_inner=2560x1600 hud=2560x1600
[2026-08-17T11:22:05Z INFO  steel_front] size diag: window_inner=2560x1600 hud=2560x1600
[2026-08-17T11:22:05Z INFO  steel_front] size diag: window_inner=2560x1600 hud=2560x1600
[2026-08-17T11:22:05Z INFO  steel_front] size diag: window_inner=2560x1600 hud=2560x1600
[2026-08-17T11:22:05Z INFO  steel_front] size diag: window_inner=2560x1600 hud=2560x1600
[2026-08-17T11:22:05Z INFO  steel_front] size diag: window_inner=2560x1600 hud=2560x1600
[2026-08-17T11:22:05Z INFO  steel_front] size diag: window_inner=2560x1600 hud=2560x1600
[2026-08-17T11:22:05Z INFO  steel_front] size diag: window_inner=2560x1600 hud=2560x1600
[2026-08-17T11:22:05Z INFO  steel_front] size diag: window_inner=2560x1600 hud=2560x1600
[2026-08-17T11:22:05Z INFO  steel_front] size diag: window_inner=2560x1600 hud=2560x1600
[2026-08-17T11:22:05Z INFO  steel_front] size diag: window_inner=2560x1600 hud=2560x1600
[2026-08-17T11:22:05Z INFO  steel_front] size diag: window_inner=2560x1600 hud=2560x1600
[2026-08-17T11:22:05Z INFO  steel_front] size diag: window_inner=2560x1600 hud=2560x1600
[2026-08-17T11:22:05Z INFO  steel_front] size diag: window_inner=2560x1600 hud=2560x1600
[2026-08-17T11:22:05Z INFO  steel_front::engine::game] game: wave=1 enemies=4 enemy_hp=100 hp=100/100 score=20 phys_us=1 ai_us=3 audio_us=13 net_us=0
[2026-08-17T11:22:06Z INFO  steel_front] cam: yaw=-356.9 pitch=11.0 dist=3.4 mode=FirstPerson cycle_us=2103 update_us=21 render_us=2082
[2026-08-17T11:22:06Z INFO  steel_front::engine::renderer] visible=65536/65536 near=65536 far=0 fps=530.6 frame_us=892 cull_us=0 terrain_us=153 wait_fence_us=679 acquire_us=1 record_us=38 submit_us=33 present_us=156 terrain_lod=medium blend=0.664 quality=中画质 marker=31 npc=28
[2026-08-17T11:22:06Z INFO  steel_front::engine::game] ai: npcs=4 near=1 far=3 idle=0 patrol=4 chase=0 attack=0 tactics=[1, 0, 1, 0, 0, 2, 0, 0]
[2026-08-17T11:22:06Z INFO  steel_front::engine::game] game: wave=1 enemies=4 enemy_hp=100 hp=100/100 score=20 phys_us=1 ai_us=4 audio_us=13 net_us=0
[2026-08-17T11:22:07Z INFO  steel_front] cam: yaw=-356.9 pitch=11.0 dist=3.4 mode=FirstPerson cycle_us=2138 update_us=33 render_us=2104
[2026-08-17T11:22:07Z INFO  steel_front::engine::renderer] visible=65536/65536 near=65536 far=0 fps=526.7 frame_us=987 cull_us=0 terrain_us=104 wait_fence_us=706 acquire_us=1 record_us=41 submit_us=36 present_us=169 terrain_lod=medium blend=0.733 quality=中画质 marker=31 npc=28
[2026-08-17T11:22:07Z INFO  steel_front::engine::game] ai: npcs=4 near=1 far=3 idle=0 patrol=4 chase=0 attack=0 tactics=[1, 0, 1, 0, 0, 2, 0, 0]
[2026-08-17T11:22:07Z INFO  steel_front::engine::game] game: wave=1 enemies=4 enemy_hp=100 hp=100/100 score=20 phys_us=1 ai_us=3 audio_us=12 net_us=0
[2026-08-17T11:22:08Z INFO  steel_front] cam: yaw=-356.9 pitch=11.0 dist=3.4 mode=FirstPerson cycle_us=1505 update_us=31 render_us=1473
[2026-08-17T11:22:08Z INFO  steel_front::engine::renderer] visible=65536/65536 near=65536 far=0 fps=526.8 frame_us=1446 cull_us=0 terrain_us=144 wait_fence_us=4 acquire_us=2 record_us=58 submit_us=49 present_us=660 terrain_lod=medium blend=0.797 quality=中画质 marker=31 npc=28
[2026-08-17T11:22:08Z INFO  steel_front::engine::game] ai: npcs=4 near=1 far=3 idle=0 patrol=4 chase=0 attack=0 tactics=[1, 0, 1, 0, 0, 2, 0, 0]
[2026-08-17T11:22:09Z INFO  steel_front::engine::game] game: wave=1 enemies=4 enemy_hp=100 hp=100/100 score=20 phys_us=1 ai_us=4 audio_us=13 net_us=0
[2026-08-17T11:22:09Z INFO  steel_front] cam: yaw=-356.9 pitch=11.0 dist=3.4 mode=FirstPerson cycle_us=2031 update_us=44 render_us=1987
[2026-08-17T11:22:09Z INFO  steel_front::engine::renderer] visible=65536/65536 near=65536 far=0 fps=526.5 frame_us=503 cull_us=1 terrain_us=122 wait_fence_us=413 acquire_us=1 record_us=39 submit_us=39 present_us=250 terrain_lod=medium blend=0.855 quality=中画质 marker=31 npc=28
[2026-08-17T11:22:09Z INFO  steel_front::engine::game] ai: npcs=4 near=1 far=3 idle=0 patrol=4 chase=0 attack=0 tactics=[1, 0, 1, 0, 0, 2, 0, 0]
[2026-08-17T11:22:10Z INFO  steel_front::engine::game] game: wave=1 enemies=4 enemy_hp=100 hp=100/100 score=20 phys_us=2 ai_us=7 audio_us=16 net_us=0
[2026-08-17T11:22:10Z INFO  steel_front] cam: yaw=-356.9 pitch=11.0 dist=3.4 mode=FirstPerson cycle_us=2201 update_us=66 render_us=2134
[2026-08-17T11:22:10Z INFO  steel_front::engine::renderer] visible=65536/65536 near=65536 far=0 fps=528.1 frame_us=1455 cull_us=2 terrain_us=138 wait_fence_us=72 acquire_us=1 record_us=170 submit_us=171 present_us=472 terrain_lod=medium blend=0.905 quality=中画质 marker=31 npc=28
[2026-08-17T11:22:10Z INFO  steel_front::engine::game] ai: npcs=4 near=1 far=3 idle=0 patrol=4 chase=0 attack=0 tactics=[1, 0, 1, 0, 0, 2, 0, 0]
[2026-08-17T11:22:10Z INFO  steel_front] size diag: window_inner=2560x1600 hud=2560x1600
[2026-08-17T11:22:10Z INFO  steel_front] size diag: window_inner=2560x1600 hud=2560x1600
[2026-08-17T11:22:10Z INFO  steel_front] size diag: window_inner=2560x1600 hud=2560x1600
[2026-08-17T11:22:10Z INFO  steel_front] size diag: window_inner=2560x1600 hud=2560x1600
[2026-08-17T11:22:10Z INFO  steel_front] size diag: window_inner=2560x1600 hud=2560x1600
[2026-08-17T11:22:10Z INFO  steel_front] size diag: window_inner=2560x1600 hud=2560x1600
[2026-08-17T11:22:10Z INFO  steel_front] size diag: window_inner=2560x1600 hud=2560x1600
[2026-08-17T11:22:10Z INFO  steel_front] size diag: window_inner=2560x1600 hud=2560x1600
[2026-08-17T11:22:10Z INFO  steel_front] size diag: window_inner=2560x1600 hud=2560x1600
[2026-08-17T11:22:10Z INFO  steel_front] size diag: window_inner=2560x1600 hud=2560x1600
[2026-08-17T11:22:10Z INFO  steel_front] size diag: window_inner=2560x1600 hud=2560x1600
[2026-08-17T11:22:10Z INFO  steel_front] size diag: window_inner=2560x1600 hud=2560x1600
[2026-08-17T11:22:10Z INFO  steel_front] size diag: window_inner=2560x1600 hud=2560x1600
[2026-08-17T11:22:10Z INFO  steel_front] size diag: window_inner=2560x1600 hud=2560x1600
[2026-08-17T11:22:10Z INFO  steel_front] size diag: window_inner=2560x1600 hud=2560x1600
[2026-08-17T11:22:10Z INFO  steel_front] size diag: window_inner=2560x1600 hud=2560x1600
[2026-08-17T11:22:10Z INFO  steel_front] size diag: window_inner=2560x1600 hud=2560x1600
[2026-08-17T11:22:10Z INFO  steel_front] size diag: window_inner=2560x1600 hud=2560x1600
[2026-08-17T11:22:10Z INFO  steel_front] size diag: window_inner=2560x1600 hud=2560x1600
[2026-08-17T11:22:10Z INFO  steel_front] size diag: window_inner=2560x1600 hud=2560x1600
[2026-08-17T11:22:10Z INFO  steel_front] size diag: window_inner=2560x1600 hud=2560x1600
[2026-08-17T11:22:10Z INFO  steel_front] size diag: window_inner=2560x1600 hud=2560x1600
[2026-08-17T11:22:10Z INFO  steel_front] size diag: window_inner=2560x1600 hud=2560x1600
[2026-08-17T11:22:10Z INFO  steel_front] size diag: window_inner=2560x1600 hud=2560x1600
[2026-08-17T11:22:11Z INFO  steel_front::engine::game] game: wave=1 enemies=4 enemy_hp=100 hp=100/100 score=20 phys_us=1 ai_us=4 audio_us=25 net_us=0
[2026-08-17T11:22:11Z INFO  steel_front] cam: yaw=-356.9 pitch=11.0 dist=3.4 mode=FirstPerson cycle_us=2173 update_us=30 render_us=2142
[2026-08-17T11:22:11Z INFO  steel_front::engine::renderer] visible=65536/65536 near=65536 far=0 fps=520.4 frame_us=1069 cull_us=1 terrain_us=124 wait_fence_us=218 acquire_us=1 record_us=54 submit_us=48 present_us=222 terrain_lod=medium blend=0.946 quality=中画质 marker=31 npc=28
[2026-08-17T11:22:11Z INFO  steel_front::engine::game] ai: npcs=4 near=1 far=3 idle=0 patrol=4 chase=0 attack=0 tactics=[1, 0, 1, 0, 0, 2, 0, 0]
[2026-08-17T11:22:12Z INFO  steel_front::engine::game] game: wave=1 enemies=4 enemy_hp=100 hp=100/100 score=20 phys_us=2 ai_us=4 audio_us=14 net_us=0
[2026-08-17T11:22:12Z INFO  steel_front] cam: yaw=-356.9 pitch=11.0 dist=3.4 mode=FirstPerson cycle_us=1843 update_us=27 render_us=1815
[2026-08-17T11:22:12Z INFO  steel_front::engine::renderer] visible=65536/65536 near=65536 far=0 fps=524.6 frame_us=1184 cull_us=0 terrain_us=121 wait_fence_us=969 acquire_us=1 record_us=38 submit_us=34 present_us=161 terrain_lod=medium blend=0.977 quality=中画质 marker=31 npc=28
[2026-08-17T11:22:12Z INFO  steel_front::engine::game] ai: npcs=4 near=0 far=4 idle=0 patrol=4 chase=0 attack=0 tactics=[1, 0, 1, 0, 0, 2, 0, 0]
[2026-08-17T11:22:13Z INFO  steel_front::engine::game] game: wave=1 enemies=4 enemy_hp=100 hp=100/100 score=20 phys_us=3 ai_us=4 audio_us=13 net_us=0
[2026-08-17T11:22:13Z INFO  steel_front] cam: yaw=-365.6 pitch=40.3 dist=3.4 mode=FirstPerson cycle_us=1599 update_us=30 render_us=1569
[2026-08-17T11:22:13Z INFO  steel_front::engine::renderer] visible=65536/65536 near=65536 far=0 fps=521.8 frame_us=1541 cull_us=0 terrain_us=125 wait_fence_us=95 acquire_us=1 record_us=42 submit_us=38 present_us=490 terrain_lod=medium blend=0.995 quality=中画质 marker=31 npc=28
[2026-08-17T11:22:13Z INFO  steel_front::engine::game] ai: npcs=4 near=0 far=4 idle=0 patrol=4 chase=0 attack=0 tactics=[1, 0, 1, 0, 0, 2, 0, 0]
[2026-08-17T11:22:14Z INFO  steel_front::engine::game] game: wave=1 enemies=4 enemy_hp=100 hp=100/100 score=20 phys_us=1 ai_us=3 audio_us=12 net_us=0
[2026-08-17T11:22:14Z INFO  steel_front] cam: yaw=-364.6 pitch=70.2 dist=3.4 mode=FirstPerson cycle_us=1893 update_us=19 render_us=1874
[2026-08-17T11:22:14Z INFO  steel_front::engine::renderer] visible=65536/65536 near=65536 far=0 fps=534.6 frame_us=676 cull_us=0 terrain_us=0 wait_fence_us=742 acquire_us=1 record_us=34 submit_us=40 present_us=166 terrain_lod=low blend=1.000 quality=中画质 marker=31 npc=28
[2026-08-17T11:22:14Z INFO  steel_front::engine::game] ai: npcs=4 near=0 far=4 idle=0 patrol=4 chase=0 attack=0 tactics=[1, 0, 1, 0, 0, 2, 0, 0]
[2026-08-17T11:22:15Z INFO  steel_front::engine::game] game: wave=1 enemies=4 enemy_hp=100 hp=100/100 score=20 phys_us=1 ai_us=2 audio_us=10 net_us=0
[2026-08-17T11:22:15Z INFO  steel_front] cam: yaw=-547.7 pitch=4.7 dist=3.4 mode=FirstPerson cycle_us=2016 update_us=17 render_us=1999
[2026-08-17T11:22:15Z INFO  steel_front::engine::renderer] visible=65536/65536 near=65536 far=0 fps=556.8 frame_us=1098 cull_us=0 terrain_us=0 wait_fence_us=998 acquire_us=1 record_us=52 submit_us=65 present_us=131 terrain_lod=low blend=1.000 quality=中画质 marker=31 npc=28
[2026-08-17T11:22:15Z INFO  steel_front::engine::game] ai: npcs=4 near=0 far=4 idle=0 patrol=4 chase=0 attack=0 tactics=[1, 1, 0, 0, 0, 2, 0, 0]
[2026-08-17T11:22:15Z INFO  steel_front] size diag: window_inner=2560x1600 hud=2560x1600
[2026-08-17T11:22:15Z INFO  steel_front] size diag: window_inner=2560x1600 hud=2560x1600
[2026-08-17T11:22:15Z INFO  steel_front] size diag: window_inner=2560x1600 hud=2560x1600
[2026-08-17T11:22:15Z INFO  steel_front] size diag: window_inner=2560x1600 hud=2560x1600
[2026-08-17T11:22:15Z INFO  steel_front] size diag: window_inner=2560x1600 hud=2560x1600
[2026-08-17T11:22:15Z INFO  steel_front] size diag: window_inner=2560x1600 hud=2560x1600
[2026-08-17T11:22:15Z INFO  steel_front] size diag: window_inner=2560x1600 hud=2560x1600
[2026-08-17T11:22:15Z INFO  steel_front] size diag: window_inner=2560x1600 hud=2560x1600
[2026-08-17T11:22:15Z INFO  steel_front] size diag: window_inner=2560x1600 hud=2560x1600
[2026-08-17T11:22:15Z INFO  steel_front] size diag: window_inner=2560x1600 hud=2560x1600
[2026-08-17T11:22:15Z INFO  steel_front] size diag: window_inner=2560x1600 hud=2560x1600
[2026-08-17T11:22:15Z INFO  steel_front] size diag: window_inner=2560x1600 hud=2560x1600
[2026-08-17T11:22:15Z INFO  steel_front] size diag: window_inner=2560x1600 hud=2560x1600
[2026-08-17T11:22:15Z INFO  steel_front] size diag: window_inner=2560x1600 hud=2560x1600
[2026-08-17T11:22:15Z INFO  steel_front] size diag: window_inner=2560x1600 hud=2560x1600
[2026-08-17T11:22:15Z INFO  steel_front] size diag: window_inner=2560x1600 hud=2560x1600
[2026-08-17T11:22:15Z INFO  steel_front] size diag: window_inner=2560x1600 hud=2560x1600
[2026-08-17T11:22:15Z INFO  steel_front] size diag: window_inner=2560x1600 hud=2560x1600
[2026-08-17T11:22:15Z INFO  steel_front] size diag: window_inner=2560x1600 hud=2560x1600
[2026-08-17T11:22:15Z INFO  steel_front] size diag: window_inner=2560x1600 hud=2560x1600
[2026-08-17T11:22:15Z INFO  steel_front] size diag: window_inner=2560x1600 hud=2560x1600
[2026-08-17T11:22:15Z INFO  steel_front] size diag: window_inner=2560x1600 hud=2560x1600
[2026-08-17T11:22:15Z INFO  steel_front] size diag: window_inner=2560x1600 hud=2560x1600
[2026-08-17T11:22:15Z INFO  steel_front] size diag: window_inner=2560x1600 hud=2560x1600
[2026-08-17T11:22:15Z INFO  steel_front] size diag: window_inner=2560x1600 hud=2560x1600
[2026-08-17T11:22:15Z INFO  steel_front] size diag: window_inner=2560x1600 hud=2560x1600
[2026-08-17T11:22:15Z INFO  steel_front] size diag: window_inner=2560x1600 hud=2560x1600
[2026-08-17T11:22:15Z INFO  steel_front] size diag: window_inner=2560x1600 hud=2560x1600
[2026-08-17T11:22:16Z INFO  steel_front::engine::game] game: wave=1 enemies=4 enemy_hp=100 hp=100/100 score=20 phys_us=2 ai_us=5 audio_us=9 net_us=0
[2026-08-17T11:22:16Z INFO  steel_front] cam: yaw=-545.8 pitch=3.6 dist=3.4 mode=FirstPerson cycle_us=1902 update_us=31 render_us=1871
[2026-08-17T11:22:16Z INFO  steel_front::engine::renderer] visible=65536/65536 near=65536 far=0 fps=544.3 frame_us=1222 cull_us=0 terrain_us=0 wait_fence_us=995 acquire_us=1 record_us=22 submit_us=21 present_us=142 terrain_lod=low blend=1.000 quality=中画质 marker=31 npc=28
[2026-08-17T11:22:16Z INFO  steel_front::engine::game] ai: npcs=4 near=0 far=4 idle=0 patrol=4 chase=0 attack=0 tactics=[1, 1, 0, 0, 0, 2, 0, 0]
[2026-08-17T11:22:17Z INFO  steel_front::engine::game] game: wave=1 enemies=4 enemy_hp=100 hp=100/100 score=20 phys_us=1 ai_us=6 audio_us=12 net_us=0
[2026-08-17T11:22:17Z INFO  steel_front] cam: yaw=-542.8 pitch=3.4 dist=3.4 mode=FirstPerson cycle_us=1664 update_us=18 render_us=1645
[2026-08-17T11:22:17Z INFO  steel_front::engine::renderer] visible=65536/65536 near=65536 far=0 fps=554.4 frame_us=1119 cull_us=1 terrain_us=0 wait_fence_us=953 acquire_us=1 record_us=25 submit_us=22 present_us=293 terrain_lod=low blend=1.000 quality=中画质 marker=31 npc=28
[2026-08-17T11:22:17Z INFO  steel_front::engine::game] ai: npcs=4 near=0 far=4 idle=0 patrol=4 chase=0 attack=0 tactics=[1, 0, 1, 0, 0, 2, 0, 0]
[2026-08-17T11:22:18Z INFO  steel_front::engine::game] game: wave=1 enemies=4 enemy_hp=100 hp=100/100 score=20 phys_us=1 ai_us=4 audio_us=17 net_us=0
[2026-08-17T11:22:18Z INFO  steel_front] cam: yaw=-445.0 pitch=6.8 dist=3.4 mode=FirstPerson cycle_us=1714 update_us=16 render_us=1697
[2026-08-17T11:22:18Z INFO  steel_front::engine::renderer] visible=65536/65536 near=65536 far=0 fps=582.5 frame_us=889 cull_us=0 terrain_us=0 wait_fence_us=258 acquire_us=1 record_us=41 submit_us=87 present_us=232 terrain_lod=low blend=1.000 quality=中画质 marker=31 npc=28
[2026-08-17T11:22:18Z INFO  steel_front::engine::game] ai: npcs=4 near=0 far=4 idle=0 patrol=4 chase=0 attack=0 tactics=[1, 0, 1, 0, 0, 2, 0, 0]
[2026-08-17T11:22:19Z INFO  steel_front::engine::game] game: wave=1 enemies=4 enemy_hp=100 hp=100/100 score=20 phys_us=2 ai_us=4 audio_us=10 net_us=0
[2026-08-17T11:22:19Z INFO  steel_front] cam: yaw=-466.1 pitch=6.3 dist=3.4 mode=FirstPerson cycle_us=2104 update_us=16 render_us=2088
[2026-08-17T11:22:19Z INFO  steel_front::engine::renderer] visible=65536/65536 near=65536 far=0 fps=584.0 frame_us=834 cull_us=1 terrain_us=0 wait_fence_us=912 acquire_us=1 record_us=31 submit_us=27 present_us=166 terrain_lod=low blend=1.000 quality=中画质 marker=31 npc=28
[2026-08-17T11:22:19Z INFO  steel_front::engine::game] ai: npcs=4 near=0 far=4 idle=0 patrol=4 chase=0 attack=0 tactics=[1, 0, 1, 0, 0, 2, 0, 0]
[2026-08-17T11:22:20Z INFO  steel_front::engine::game] game: wave=1 enemies=4 enemy_hp=100 hp=100/100 score=20 phys_us=1 ai_us=3 audio_us=18 net_us=0
[2026-08-17T11:22:20Z INFO  steel_front] cam: yaw=-532.7 pitch=1.6 dist=3.4 mode=FirstPerson cycle_us=1377 update_us=21 render_us=1355
[2026-08-17T11:22:20Z INFO  steel_front::engine::renderer] visible=65536/65536 near=65536 far=0 fps=568.2 frame_us=1249 cull_us=1 terrain_us=0 wait_fence_us=7 acquire_us=11 record_us=61 submit_us=78 present_us=348 terrain_lod=low blend=1.000 quality=中画质 marker=31 npc=28
[2026-08-17T11:22:20Z INFO  steel_front::engine::game] ai: npcs=4 near=0 far=4 idle=0 patrol=4 chase=0 attack=0 tactics=[1, 1, 0, 0, 0, 2, 0, 0]
[2026-08-17T11:22:20Z INFO  steel_front] size diag: window_inner=2560x1600 hud=2560x1600
[2026-08-17T11:22:20Z INFO  steel_front] size diag: window_inner=2560x1600 hud=2560x1600
[2026-08-17T11:22:20Z INFO  steel_front] size diag: window_inner=2560x1600 hud=2560x1600
[2026-08-17T11:22:20Z INFO  steel_front] size diag: window_inner=2560x1600 hud=2560x1600
[2026-08-17T11:22:20Z INFO  steel_front] size diag: window_inner=2560x1600 hud=2560x1600
[2026-08-17T11:22:20Z INFO  steel_front] size diag: window_inner=2560x1600 hud=2560x1600
[2026-08-17T11:22:20Z INFO  steel_front] size diag: window_inner=2560x1600 hud=2560x1600
[2026-08-17T11:22:20Z INFO  steel_front] size diag: window_inner=2560x1600 hud=2560x1600
[2026-08-17T11:22:20Z INFO  steel_front] size diag: window_inner=2560x1600 hud=2560x1600
[2026-08-17T11:22:20Z INFO  steel_front] size diag: window_inner=2560x1600 hud=2560x1600
[2026-08-17T11:22:20Z INFO  steel_front] size diag: window_inner=2560x1600 hud=2560x1600
[2026-08-17T11:22:20Z INFO  steel_front] size diag: window_inner=2560x1600 hud=2560x1600
[2026-08-17T11:22:20Z INFO  steel_front] size diag: window_inner=2560x1600 hud=2560x1600
[2026-08-17T11:22:20Z INFO  steel_front] size diag: window_inner=2560x1600 hud=2560x1600
[2026-08-17T11:22:20Z INFO  steel_front] size diag: window_inner=2560x1600 hud=2560x1600
[2026-08-17T11:22:20Z INFO  steel_front] size diag: window_inner=2560x1600 hud=2560x1600
[2026-08-17T11:22:20Z INFO  steel_front] size diag: window_inner=2560x1600 hud=2560x1600
[2026-08-17T11:22:20Z INFO  steel_front] size diag: window_inner=2560x1600 hud=2560x1600
[2026-08-17T11:22:20Z INFO  steel_front] size diag: window_inner=2560x1600 hud=2560x1600
[2026-08-17T11:22:20Z INFO  steel_front] size diag: window_inner=2560x1600 hud=2560x1600
[2026-08-17T11:22:20Z INFO  steel_front] size diag: window_inner=2560x1600 hud=2560x1600
[2026-08-17T11:22:20Z INFO  steel_front] size diag: window_inner=2560x1600 hud=2560x1600
[2026-08-17T11:22:20Z INFO  steel_front] size diag: window_inner=2560x1600 hud=2560x1600
[2026-08-17T11:22:20Z INFO  steel_front] size diag: window_inner=2560x1600 hud=2560x1600
[2026-08-17T11:22:20Z INFO  steel_front] size diag: window_inner=2560x1600 hud=2560x1600
[2026-08-17T11:22:20Z INFO  steel_front] size diag: window_inner=2560x1600 hud=2560x1600
[2026-08-17T11:22:20Z INFO  steel_front] size diag: window_inner=2560x1600 hud=2560x1600
[2026-08-17T11:22:20Z INFO  steel_front] size diag: window_inner=2560x1600 hud=2560x1600
[2026-08-17T11:22:21Z INFO  steel_front::engine::game] game: wave=1 enemies=4 enemy_hp=100 hp=100/100 score=20 phys_us=2 ai_us=3 audio_us=13 net_us=0
[2026-08-17T11:22:21Z INFO  steel_front] cam: yaw=-531.2 pitch=7.3 dist=3.4 mode=FirstPerson cycle_us=1708 update_us=15 render_us=1693
[2026-08-17T11:22:21Z INFO  steel_front::engine::renderer] visible=65536/65536 near=65536 far=0 fps=556.4 frame_us=1368 cull_us=0 terrain_us=0 wait_fence_us=1007 acquire_us=1 record_us=57 submit_us=47 present_us=298 terrain_lod=low blend=1.000 quality=中画质 marker=31 npc=28
[2026-08-17T11:22:21Z INFO  steel_front::engine::game] ai: npcs=4 near=0 far=4 idle=0 patrol=4 chase=0 attack=0 tactics=[1, 1, 0, 0, 0, 2, 0, 0]
[2026-08-17T11:22:22Z INFO  steel_front::engine::game] game: wave=1 enemies=4 enemy_hp=100 hp=100/100 score=20 phys_us=1 ai_us=2 audio_us=11 net_us=0
[2026-08-17T11:22:22Z INFO  steel_front] cam: yaw=-531.2 pitch=7.3 dist=3.4 mode=FirstPerson cycle_us=1833 update_us=15 render_us=1817
[2026-08-17T11:22:22Z INFO  steel_front::engine::renderer] visible=65536/65536 near=65536 far=0 fps=553.9 frame_us=296 cull_us=0 terrain_us=0 wait_fence_us=844 acquire_us=1 record_us=37 submit_us=52 present_us=163 terrain_lod=low blend=1.000 quality=中画质 marker=31 npc=28
[2026-08-17T11:22:22Z INFO  steel_front::engine::game] ai: npcs=4 near=0 far=4 idle=0 patrol=4 chase=0 attack=0 tactics=[1, 1, 0, 0, 0, 2, 0, 0]
[2026-08-17T11:22:23Z INFO  steel_front::engine::game] game: wave=1 enemies=4 enemy_hp=100 hp=100/100 score=20 phys_us=1 ai_us=4 audio_us=26 net_us=0
[2026-08-17T11:22:23Z INFO  steel_front] cam: yaw=-570.7 pitch=1.7 dist=3.4 mode=FirstPerson cycle_us=2005 update_us=16 render_us=1988
[2026-08-17T11:22:23Z INFO  steel_front::engine::renderer] visible=65536/65536 near=65536 far=0 fps=558.8 frame_us=1686 cull_us=0 terrain_us=0 wait_fence_us=595 acquire_us=0 record_us=53 submit_us=72 present_us=227 terrain_lod=low blend=1.000 quality=中画质 marker=31 npc=28
[2026-08-17T11:22:23Z INFO  steel_front::engine::game] ai: npcs=4 near=0 far=4 idle=0 patrol=4 chase=0 attack=0 tactics=[1, 1, 0, 0, 0, 2, 0, 0]
[2026-08-17T11:22:24Z INFO  steel_front::engine::game] game: wave=1 enemies=4 enemy_hp=100 hp=100/100 score=20 phys_us=1 ai_us=2 audio_us=15 net_us=0
[2026-08-17T11:22:24Z INFO  steel_front] cam: yaw=-568.8 pitch=4.1 dist=3.4 mode=FirstPerson cycle_us=1737 update_us=18 render_us=1719
[2026-08-17T11:22:24Z INFO  steel_front::engine::renderer] visible=65536/65536 near=65536 far=0 fps=577.4 frame_us=381 cull_us=0 terrain_us=0 wait_fence_us=795 acquire_us=1 record_us=68 submit_us=98 present_us=169 terrain_lod=low blend=1.000 quality=中画质 marker=31 npc=28
[2026-08-17T11:22:24Z INFO  steel_front::engine::game] ai: npcs=4 near=0 far=4 idle=0 patrol=4 chase=0 attack=0 tactics=[1, 1, 0, 0, 0, 2, 0, 0]
[2026-08-17T11:22:25Z INFO  steel_front::engine::game] game: wave=1 enemies=4 enemy_hp=100 hp=100/100 score=20 phys_us=1 ai_us=2 audio_us=10 net_us=0
[2026-08-17T11:22:25Z INFO  steel_front] cam: yaw=-526.0 pitch=2.2 dist=3.4 mode=FirstPerson cycle_us=1664 update_us=16 render_us=1647
[2026-08-17T11:22:25Z INFO  steel_front::engine::renderer] visible=65536/65536 near=65536 far=0 fps=552.5 frame_us=751 cull_us=1 terrain_us=0 wait_fence_us=1273 acquire_us=0 record_us=54 submit_us=63 present_us=128 terrain_lod=low blend=1.000 quality=中画质 marker=31 npc=28
[2026-08-17T11:22:25Z INFO  steel_front::engine::game] ai: npcs=4 near=0 far=4 idle=0 patrol=4 chase=0 attack=0 tactics=[1, 1, 0, 0, 0, 2, 0, 0]
[2026-08-17T11:22:25Z INFO  steel_front] size diag: window_inner=2560x1600 hud=2560x1600
[2026-08-17T11:22:25Z INFO  steel_front] size diag: window_inner=2560x1600 hud=2560x1600
[2026-08-17T11:22:25Z INFO  steel_front] size diag: window_inner=2560x1600 hud=2560x1600
[2026-08-17T11:22:25Z INFO  steel_front] size diag: window_inner=2560x1600 hud=2560x1600
[2026-08-17T11:22:25Z INFO  steel_front] size diag: window_inner=2560x1600 hud=2560x1600
[2026-08-17T11:22:25Z INFO  steel_front] size diag: window_inner=2560x1600 hud=2560x1600
[2026-08-17T11:22:25Z INFO  steel_front] size diag: window_inner=2560x1600 hud=2560x1600
[2026-08-17T11:22:25Z INFO  steel_front] size diag: window_inner=2560x1600 hud=2560x1600
[2026-08-17T11:22:25Z INFO  steel_front] size diag: window_inner=2560x1600 hud=2560x1600
[2026-08-17T11:22:25Z INFO  steel_front] size diag: window_inner=2560x1600 hud=2560x1600
[2026-08-17T11:22:25Z INFO  steel_front] size diag: window_inner=2560x1600 hud=2560x1600
[2026-08-17T11:22:25Z INFO  steel_front] size diag: window_inner=2560x1600 hud=2560x1600
[2026-08-17T11:22:25Z INFO  steel_front] size diag: window_inner=2560x1600 hud=2560x1600
[2026-08-17T11:22:25Z INFO  steel_front] size diag: window_inner=2560x1600 hud=2560x1600
[2026-08-17T11:22:25Z INFO  steel_front] size diag: window_inner=2560x1600 hud=2560x1600
[2026-08-17T11:22:25Z INFO  steel_front] size diag: window_inner=2560x1600 hud=2560x1600
[2026-08-17T11:22:25Z INFO  steel_front] size diag: window_inner=2560x1600 hud=2560x1600
[2026-08-17T11:22:25Z INFO  steel_front] size diag: window_inner=2560x1600 hud=2560x1600
[2026-08-17T11:22:25Z INFO  steel_front] size diag: window_inner=2560x1600 hud=2560x1600
[2026-08-17T11:22:25Z INFO  steel_front] size diag: window_inner=2560x1600 hud=2560x1600
[2026-08-17T11:22:25Z INFO  steel_front] size diag: window_inner=2560x1600 hud=2560x1600
[2026-08-17T11:22:25Z INFO  steel_front] size diag: window_inner=2560x1600 hud=2560x1600
[2026-08-17T11:22:25Z INFO  steel_front] size diag: window_inner=2560x1600 hud=2560x1600
[2026-08-17T11:22:25Z INFO  steel_front] size diag: window_inner=2560x1600 hud=2560x1600
[2026-08-17T11:22:25Z INFO  steel_front] size diag: window_inner=2560x1600 hud=2560x1600
[2026-08-17T11:22:25Z INFO  steel_front] size diag: window_inner=2560x1600 hud=2560x1600
[2026-08-17T11:22:25Z INFO  steel_front] size diag: window_inner=2560x1600 hud=2560x1600
[2026-08-17T11:22:26Z INFO  steel_front::engine::game] game: wave=1 enemies=4 enemy_hp=100 hp=100/100 score=20 phys_us=1 ai_us=2 audio_us=13 net_us=0
[2026-08-17T11:22:26Z INFO  steel_front] cam: yaw=-527.3 pitch=2.2 dist=3.4 mode=FirstPerson cycle_us=2240 update_us=16 render_us=2224
[2026-08-17T11:22:26Z INFO  steel_front::engine::renderer] visible=65536/65536 near=65536 far=0 fps=549.6 frame_us=1143 cull_us=0 terrain_us=0 wait_fence_us=1011 acquire_us=0 record_us=30 submit_us=32 present_us=195 terrain_lod=low blend=1.000 quality=中画质 marker=31 npc=28
[2026-08-17T11:22:26Z INFO  steel_front::engine::game] ai: npcs=4 near=0 far=4 idle=0 patrol=4 chase=0 attack=0 tactics=[1, 1, 0, 0, 0, 2, 0, 0]
[2026-08-17T11:22:27Z INFO  steel_front::engine::game] game: wave=1 enemies=4 enemy_hp=100 hp=100/100 score=20 phys_us=1 ai_us=6 audio_us=17 net_us=0
[2026-08-17T11:22:27Z INFO  steel_front] cam: yaw=-490.5 pitch=8.7 dist=3.4 mode=FirstPerson cycle_us=1617 update_us=32 render_us=1584
[2026-08-17T11:22:27Z INFO  steel_front::engine::renderer] visible=65536/65536 near=65536 far=0 fps=558.0 frame_us=1782 cull_us=0 terrain_us=0 wait_fence_us=304 acquire_us=4 record_us=51 submit_us=65 present_us=487 terrain_lod=low blend=1.000 quality=中画质 marker=31 npc=28
[2026-08-17T11:22:27Z INFO  steel_front::engine::game] ai: npcs=4 near=0 far=4 idle=0 patrol=4 chase=0 attack=0 tactics=[1, 0, 1, 0, 0, 2, 0, 0]
[2026-08-17T11:22:28Z INFO  steel_front::engine::game] game: wave=1 enemies=4 enemy_hp=100 hp=100/100 score=20 phys_us=1 ai_us=4 audio_us=11 net_us=0
[2026-08-17T11:22:28Z INFO  steel_front] cam: yaw=-459.1 pitch=13.1 dist=3.4 mode=FirstPerson cycle_us=1833 update_us=24 render_us=1808
[2026-08-17T11:22:28Z INFO  steel_front::engine::renderer] visible=65536/65536 near=65536 far=0 fps=589.3 frame_us=975 cull_us=0 terrain_us=0 wait_fence_us=754 acquire_us=0 record_us=31 submit_us=28 present_us=133 terrain_lod=low blend=1.000 quality=中画质 marker=31 npc=28
[2026-08-17T11:22:28Z INFO  steel_front::engine::game] ai: npcs=4 near=0 far=4 idle=0 patrol=4 chase=0 attack=0 tactics=[1, 0, 1, 0, 0, 2, 0, 0]
[2026-08-17T11:22:29Z INFO  steel_front::engine::game] game: wave=1 enemies=4 enemy_hp=100 hp=100/100 score=20 phys_us=1 ai_us=2 audio_us=9 net_us=0
[2026-08-17T11:22:29Z INFO  steel_front] cam: yaw=-459.5 pitch=15.0 dist=3.4 mode=FirstPerson cycle_us=1448 update_us=30 render_us=1417
[2026-08-17T11:22:29Z INFO  steel_front::engine::renderer] visible=65536/65536 near=65536 far=0 fps=589.7 frame_us=805 cull_us=0 terrain_us=0 wait_fence_us=800 acquire_us=1 record_us=29 submit_us=25 present_us=134 terrain_lod=low blend=1.000 quality=中画质 marker=31 npc=28
[2026-08-17T11:22:29Z INFO  steel_front::engine::game] ai: npcs=4 near=0 far=4 idle=0 patrol=4 chase=0 attack=0 tactics=[1, 0, 1, 0, 0, 2, 0, 0]
[2026-08-17T11:22:30Z INFO  steel_front::engine::game] game: wave=1 enemies=4 enemy_hp=100 hp=100/100 score=20 phys_us=1 ai_us=2 audio_us=8 net_us=0
[2026-08-17T11:22:30Z INFO  steel_front] cam: yaw=-444.4 pitch=12.3 dist=3.4 mode=FirstPerson cycle_us=1886 update_us=15 render_us=1871
[2026-08-17T11:22:30Z INFO  steel_front::engine::renderer] visible=65536/65536 near=65536 far=0 fps=589.6 frame_us=1196 cull_us=0 terrain_us=0 wait_fence_us=829 acquire_us=0 record_us=52 submit_us=75 present_us=214 terrain_lod=low blend=1.000 quality=中画质 marker=31 npc=28
[2026-08-17T11:22:30Z INFO  steel_front::engine::game] ai: npcs=4 near=0 far=4 idle=0 patrol=4 chase=0 attack=0 tactics=[1, 0, 1, 0, 0, 2, 0, 0]
[2026-08-17T11:22:30Z INFO  steel_front] size diag: window_inner=2560x1600 hud=2560x1600
[2026-08-17T11:22:30Z INFO  steel_front] size diag: window_inner=2560x1600 hud=2560x1600
[2026-08-17T11:22:30Z INFO  steel_front] size diag: window_inner=2560x1600 hud=2560x1600
[2026-08-17T11:22:30Z INFO  steel_front] size diag: window_inner=2560x1600 hud=2560x1600
[2026-08-17T11:22:30Z INFO  steel_front] size diag: window_inner=2560x1600 hud=2560x1600
[2026-08-17T11:22:30Z INFO  steel_front] size diag: window_inner=2560x1600 hud=2560x1600
[2026-08-17T11:22:30Z INFO  steel_front] size diag: window_inner=2560x1600 hud=2560x1600
[2026-08-17T11:22:30Z INFO  steel_front] size diag: window_inner=2560x1600 hud=2560x1600
[2026-08-17T11:22:30Z INFO  steel_front] size diag: window_inner=2560x1600 hud=2560x1600
[2026-08-17T11:22:30Z INFO  steel_front] size diag: window_inner=2560x1600 hud=2560x1600
[2026-08-17T11:22:30Z INFO  steel_front] size diag: window_inner=2560x1600 hud=2560x1600
[2026-08-17T11:22:30Z INFO  steel_front] size diag: window_inner=2560x1600 hud=2560x1600
[2026-08-17T11:22:30Z INFO  steel_front] size diag: window_inner=2560x1600 hud=2560x1600
[2026-08-17T11:22:30Z INFO  steel_front] size diag: window_inner=2560x1600 hud=2560x1600
[2026-08-17T11:22:30Z INFO  steel_front] size diag: window_inner=2560x1600 hud=2560x1600
[2026-08-17T11:22:30Z INFO  steel_front] size diag: window_inner=2560x1600 hud=2560x1600
[2026-08-17T11:22:30Z INFO  steel_front] size diag: window_inner=2560x1600 hud=2560x1600
[2026-08-17T11:22:30Z INFO  steel_front] size diag: window_inner=2560x1600 hud=2560x1600
[2026-08-17T11:22:30Z INFO  steel_front] size diag: window_inner=2560x1600 hud=2560x1600
[2026-08-17T11:22:30Z INFO  steel_front] size diag: window_inner=2560x1600 hud=2560x1600
[2026-08-17T11:22:30Z INFO  steel_front] size diag: window_inner=2560x1600 hud=2560x1600
[2026-08-17T11:22:30Z INFO  steel_front] size diag: window_inner=2560x1600 hud=2560x1600
[2026-08-17T11:22:30Z INFO  steel_front] size diag: window_inner=2560x1600 hud=2560x1600
[2026-08-17T11:22:30Z INFO  steel_front] size diag: window_inner=2560x1600 hud=2560x1600
[2026-08-17T11:22:30Z INFO  steel_front] size diag: window_inner=2560x1600 hud=2560x1600
[2026-08-17T11:22:30Z INFO  steel_front] size diag: window_inner=2560x1600 hud=2560x1600
[2026-08-17T11:22:30Z INFO  steel_front] size diag: window_inner=2560x1600 hud=2560x1600
[2026-08-17T11:22:30Z INFO  steel_front] size diag: window_inner=2560x1600 hud=2560x1600
[2026-08-17T11:22:30Z INFO  steel_front] size diag: window_inner=2560x1600 hud=2560x1600
[2026-08-17T11:22:31Z INFO  steel_front::engine::game] game: wave=1 enemies=4 enemy_hp=100 hp=100/100 score=20 phys_us=1 ai_us=2 audio_us=9 net_us=0
[2026-08-17T11:22:31Z INFO  steel_front] cam: yaw=-443.3 pitch=12.1 dist=3.4 mode=FirstPerson cycle_us=1473 update_us=29 render_us=1444
[2026-08-17T11:22:31Z INFO  steel_front::engine::renderer] visible=65536/65536 near=65536 far=0 fps=589.7 frame_us=818 cull_us=0 terrain_us=0 wait_fence_us=921 acquire_us=1 record_us=52 submit_us=73 present_us=220 terrain_lod=low blend=1.000 quality=中画质 marker=31 npc=28
[2026-08-17T11:22:31Z INFO  steel_front::engine::game] ai: npcs=4 near=0 far=4 idle=0 patrol=4 chase=0 attack=0 tactics=[1, 0, 1, 0, 0, 2, 0, 0]
[2026-08-17T11:22:32Z INFO  steel_front::engine::game] game: wave=1 enemies=4 enemy_hp=100 hp=100/100 score=20 phys_us=1 ai_us=2 audio_us=11 net_us=0
[2026-08-17T11:22:32Z INFO  steel_front] cam: yaw=-443.3 pitch=12.1 dist=3.4 mode=FirstPerson cycle_us=2037 update_us=32 render_us=2004
[2026-08-17T11:22:32Z INFO  steel_front::engine::renderer] visible=65536/65536 near=65536 far=0 fps=592.5 frame_us=902 cull_us=0 terrain_us=0 wait_fence_us=506 acquire_us=0 record_us=55 submit_us=87 present_us=309 terrain_lod=low blend=1.000 quality=中画质 marker=31 npc=28
[2026-08-17T11:22:32Z INFO  steel_front::engine::game] ai: npcs=4 near=0 far=4 idle=0 patrol=4 chase=0 attack=0 tactics=[1, 0, 1, 0, 0, 2, 0, 0]
[2026-08-17T11:22:33Z INFO  steel_front::engine::game] game: wave=1 enemies=4 enemy_hp=100 hp=100/100 score=20 phys_us=1 ai_us=2 audio_us=21 net_us=0
[2026-08-17T11:22:33Z INFO  steel_front] cam: yaw=-448.4 pitch=11.7 dist=3.4 mode=FirstPerson cycle_us=2239 update_us=21 render_us=2218
[2026-08-17T11:22:33Z INFO  steel_front::engine::renderer] visible=65536/65536 near=65536 far=0 fps=597.5 frame_us=1069 cull_us=0 terrain_us=0 wait_fence_us=684 acquire_us=1 record_us=59 submit_us=69 present_us=162 terrain_lod=low blend=1.000 quality=中画质 marker=31 npc=28
[2026-08-17T11:22:33Z INFO  steel_front::engine::game] ai: npcs=4 near=0 far=4 idle=0 patrol=4 chase=0 attack=0 tactics=[1, 0, 1, 0, 0, 2, 0, 0]
[2026-08-17T11:22:34Z INFO  steel_front::engine::game] game: wave=1 enemies=4 enemy_hp=100 hp=100/100 score=20 phys_us=1 ai_us=3 audio_us=10 net_us=0
[2026-08-17T11:22:34Z INFO  steel_front] cam: yaw=-402.0 pitch=16.7 dist=3.4 mode=FirstPerson cycle_us=1370 update_us=32 render_us=1337
[2026-08-17T11:22:34Z INFO  steel_front::engine::renderer] visible=65536/65536 near=65536 far=0 fps=603.0 frame_us=769 cull_us=0 terrain_us=0 wait_fence_us=461 acquire_us=1 record_us=30 submit_us=26 present_us=132 terrain_lod=low blend=1.000 quality=中画质 marker=31 npc=28
[2026-08-17T11:22:34Z INFO  steel_front::engine::game] ai: npcs=4 near=0 far=4 idle=0 patrol=4 chase=0 attack=0 tactics=[1, 0, 1, 0, 0, 2, 0, 0]
[2026-08-17T11:22:35Z INFO  steel_front::engine::game] game: wave=1 enemies=4 enemy_hp=100 hp=100/100 score=20 phys_us=1 ai_us=3 audio_us=23 net_us=0
[2026-08-17T11:22:35Z INFO  steel_front] cam: yaw=-358.2 pitch=13.5 dist=3.4 mode=FirstPerson cycle_us=1525 update_us=22 render_us=1503
[2026-08-17T11:22:35Z INFO  steel_front::engine::renderer] visible=65536/65536 near=65536 far=0 fps=602.4 frame_us=712 cull_us=0 terrain_us=0 wait_fence_us=373 acquire_us=0 record_us=26 submit_us=24 present_us=167 terrain_lod=low blend=1.000 quality=中画质 marker=31 npc=28
[2026-08-17T11:22:35Z INFO  steel_front::engine::game] ai: npcs=4 near=0 far=4 idle=0 patrol=4 chase=0 attack=0 tactics=[1, 0, 1, 0, 0, 2, 0, 0]
[2026-08-17T11:22:35Z INFO  steel_front] size diag: window_inner=2560x1600 hud=2560x1600
[2026-08-17T11:22:35Z INFO  steel_front] size diag: window_inner=2560x1600 hud=2560x1600
[2026-08-17T11:22:35Z INFO  steel_front] size diag: window_inner=2560x1600 hud=2560x1600
[2026-08-17T11:22:35Z INFO  steel_front] size diag: window_inner=2560x1600 hud=2560x1600
[2026-08-17T11:22:35Z INFO  steel_front] size diag: window_inner=2560x1600 hud=2560x1600
[2026-08-17T11:22:35Z INFO  steel_front] size diag: window_inner=2560x1600 hud=2560x1600
[2026-08-17T11:22:35Z INFO  steel_front] size diag: window_inner=2560x1600 hud=2560x1600
[2026-08-17T11:22:35Z INFO  steel_front] size diag: window_inner=2560x1600 hud=2560x1600
[2026-08-17T11:22:35Z INFO  steel_front] size diag: window_inner=2560x1600 hud=2560x1600
[2026-08-17T11:22:35Z INFO  steel_front] size diag: window_inner=2560x1600 hud=2560x1600
[2026-08-17T11:22:35Z INFO  steel_front] size diag: window_inner=2560x1600 hud=2560x1600
[2026-08-17T11:22:35Z INFO  steel_front] size diag: window_inner=2560x1600 hud=2560x1600
[2026-08-17T11:22:35Z INFO  steel_front] size diag: window_inner=2560x1600 hud=2560x1600
[2026-08-17T11:22:35Z INFO  steel_front] size diag: window_inner=2560x1600 hud=2560x1600
[2026-08-17T11:22:35Z INFO  steel_front] size diag: window_inner=2560x1600 hud=2560x1600
[2026-08-17T11:22:35Z INFO  steel_front] size diag: window_inner=2560x1600 hud=2560x1600
[2026-08-17T11:22:35Z INFO  steel_front] size diag: window_inner=2560x1600 hud=2560x1600
[2026-08-17T11:22:35Z INFO  steel_front] size diag: window_inner=2560x1600 hud=2560x1600
[2026-08-17T11:22:35Z INFO  steel_front] size diag: window_inner=2560x1600 hud=2560x1600
[2026-08-17T11:22:35Z INFO  steel_front] size diag: window_inner=2560x1600 hud=2560x1600
[2026-08-17T11:22:35Z INFO  steel_front] size diag: window_inner=2560x1600 hud=2560x1600
[2026-08-17T11:22:35Z INFO  steel_front] size diag: window_inner=2560x1600 hud=2560x1600
[2026-08-17T11:22:35Z INFO  steel_front] size diag: window_inner=2560x1600 hud=2560x1600
[2026-08-17T11:22:35Z INFO  steel_front] size diag: window_inner=2560x1600 hud=2560x1600
[2026-08-17T11:22:36Z INFO  steel_front::engine::game] game: wave=1 enemies=4 enemy_hp=100 hp=100/100 score=20 phys_us=2 ai_us=8 audio_us=11 net_us=0
[2026-08-17T11:22:36Z INFO  steel_front] cam: yaw=-551.2 pitch=0.0 dist=3.4 mode=FirstPerson cycle_us=1677 update_us=29 render_us=1648
[2026-08-17T11:22:36Z INFO  steel_front::engine::renderer] visible=65536/65536 near=65536 far=0 fps=555.6 frame_us=1218 cull_us=0 terrain_us=0 wait_fence_us=315 acquire_us=0 record_us=36 submit_us=71 present_us=231 terrain_lod=low blend=1.000 quality=中画质 marker=31 npc=28
[2026-08-17T11:22:36Z INFO  steel_front::engine::game] ai: npcs=4 near=0 far=4 idle=0 patrol=4 chase=0 attack=0 tactics=[1, 1, 0, 0, 0, 2, 0, 0]
[2026-08-17T11:22:37Z INFO  steel_front::engine::game] game: wave=1 enemies=4 enemy_hp=100 hp=100/100 score=20 phys_us=1 ai_us=2 audio_us=12 net_us=0
[2026-08-17T11:22:37Z INFO  steel_front] cam: yaw=-558.0 pitch=0.0 dist=3.4 mode=FirstPerson cycle_us=1671 update_us=17 render_us=1654
[2026-08-17T11:22:37Z INFO  steel_front::engine::renderer] visible=65536/65536 near=65536 far=0 fps=555.8 frame_us=1182 cull_us=0 terrain_us=0 wait_fence_us=783 acquire_us=0 record_us=36 submit_us=36 present_us=238 terrain_lod=low blend=1.000 quality=中画质 marker=31 npc=28
[2026-08-17T11:22:37Z INFO  steel_front::engine::game] ai: npcs=4 near=0 far=4 idle=0 patrol=4 chase=0 attack=0 tactics=[1, 1, 0, 0, 0, 2, 0, 0]
[2026-08-17T11:22:38Z INFO  steel_front::engine::game] game: wave=1 enemies=4 enemy_hp=100 hp=100/100 score=20 phys_us=1 ai_us=2 audio_us=9 net_us=0
[2026-08-17T11:22:38Z INFO  steel_front] cam: yaw=-570.7 pitch=4.9 dist=3.4 mode=FirstPerson cycle_us=1894 update_us=30 render_us=1863
[2026-08-17T11:22:38Z INFO  steel_front::engine::renderer] visible=65536/65536 near=65536 far=0 fps=559.6 frame_us=1240 cull_us=0 terrain_us=0 wait_fence_us=953 acquire_us=1 record_us=47 submit_us=40 present_us=274 terrain_lod=low blend=1.000 quality=中画质 marker=31 npc=28
[2026-08-17T11:22:38Z INFO  steel_front::engine::game] ai: npcs=4 near=0 far=4 idle=0 patrol=4 chase=0 attack=0 tactics=[1, 1, 0, 0, 0, 2, 0, 0]
[2026-08-17T11:22:39Z INFO  steel_front::engine::game] game: wave=1 enemies=4 enemy_hp=100 hp=100/100 score=20 phys_us=1 ai_us=4 audio_us=17 net_us=0
[2026-08-17T11:22:39Z INFO  steel_front] cam: yaw=-572.9 pitch=1.6 dist=3.4 mode=FirstPerson cycle_us=1283 update_us=24 render_us=1258
[2026-08-17T11:22:39Z INFO  steel_front::engine::renderer] visible=65536/65536 near=65536 far=0 fps=560.7 frame_us=1407 cull_us=0 terrain_us=0 wait_fence_us=647 acquire_us=0 record_us=28 submit_us=134 present_us=412 terrain_lod=low blend=1.000 quality=中画质 marker=31 npc=28
[2026-08-17T11:22:39Z INFO  steel_front::engine::game] ai: npcs=4 near=0 far=4 idle=0 patrol=4 chase=0 attack=0 tactics=[1, 1, 0, 0, 0, 2, 0, 0]
[2026-08-17T11:22:39Z INFO  steel_front::engine::game] weapons: shot #178 (1 alive) [M1 Rifle]
[2026-08-17T11:22:40Z INFO  steel_front::engine::game] game: wave=1 enemies=4 enemy_hp=100 hp=100/100 score=20 phys_us=1 ai_us=4 audio_us=15 net_us=0
[2026-08-17T11:22:40Z INFO  steel_front] cam: yaw=-571.6 pitch=1.7 dist=3.4 mode=FirstPerson cycle_us=2079 update_us=18 render_us=2060
[2026-08-17T11:22:40Z INFO  steel_front::engine::game] weapons: shot #179 (2 alive) [M1 Rifle]
[2026-08-17T11:22:40Z INFO  steel_front::engine::renderer] visible=65536/65536 near=65536 far=0 fps=562.3 frame_us=630 cull_us=1 terrain_us=0 wait_fence_us=786 acquire_us=1 record_us=25 submit_us=21 present_us=152 terrain_lod=low blend=1.000 quality=中画质 marker=35 npc=28
[2026-08-17T11:22:40Z INFO  steel_front::engine::game] ai: npcs=4 near=0 far=4 idle=0 patrol=4 chase=0 attack=0 tactics=[1, 1, 0, 0, 0, 2, 0, 0]
[2026-08-17T11:22:40Z INFO  steel_front::engine::game] weapons: shot #180 (3 alive) [M1 Rifle]
[2026-08-17T11:22:40Z INFO  steel_front] size diag: window_inner=2560x1600 hud=2560x1600
[2026-08-17T11:22:40Z INFO  steel_front] size diag: window_inner=2560x1600 hud=2560x1600
[2026-08-17T11:22:40Z INFO  steel_front] size diag: window_inner=2560x1600 hud=2560x1600
[2026-08-17T11:22:40Z INFO  steel_front] size diag: window_inner=2560x1600 hud=2560x1600
[2026-08-17T11:22:40Z INFO  steel_front] size diag: window_inner=2560x1600 hud=2560x1600
[2026-08-17T11:22:40Z INFO  steel_front] size diag: window_inner=2560x1600 hud=2560x1600
[2026-08-17T11:22:40Z INFO  steel_front] size diag: window_inner=2560x1600 hud=2560x1600
[2026-08-17T11:22:40Z INFO  steel_front] size diag: window_inner=2560x1600 hud=2560x1600
[2026-08-17T11:22:40Z INFO  steel_front] size diag: window_inner=2560x1600 hud=2560x1600
[2026-08-17T11:22:40Z INFO  steel_front] size diag: window_inner=2560x1600 hud=2560x1600
[2026-08-17T11:22:40Z INFO  steel_front] size diag: window_inner=2560x1600 hud=2560x1600
[2026-08-17T11:22:40Z INFO  steel_front] size diag: window_inner=2560x1600 hud=2560x1600
[2026-08-17T11:22:40Z INFO  steel_front] size diag: window_inner=2560x1600 hud=2560x1600
[2026-08-17T11:22:40Z INFO  steel_front] size diag: window_inner=2560x1600 hud=2560x1600
[2026-08-17T11:22:40Z INFO  steel_front] size diag: window_inner=2560x1600 hud=2560x1600
[2026-08-17T11:22:40Z INFO  steel_front] size diag: window_inner=2560x1600 hud=2560x1600
[2026-08-17T11:22:40Z INFO  steel_front] size diag: window_inner=2560x1600 hud=2560x1600
[2026-08-17T11:22:40Z INFO  steel_front] size diag: window_inner=2560x1600 hud=2560x1600
[2026-08-17T11:22:40Z INFO  steel_front] size diag: window_inner=2560x1600 hud=2560x1600
[2026-08-17T11:22:40Z INFO  steel_front] size diag: window_inner=2560x1600 hud=2560x1600
[2026-08-17T11:22:40Z INFO  steel_front] size diag: window_inner=2560x1600 hud=2560x1600
[2026-08-17T11:22:40Z INFO  steel_front] size diag: window_inner=2560x1600 hud=2560x1600
[2026-08-17T11:22:40Z INFO  steel_front] size diag: window_inner=2560x1600 hud=2560x1600
[2026-08-17T11:22:40Z INFO  steel_front] size diag: window_inner=2560x1600 hud=2560x1600
[2026-08-17T11:22:40Z INFO  steel_front] size diag: window_inner=2560x1600 hud=2560x1600
[2026-08-17T11:22:40Z INFO  steel_front] size diag: window_inner=2560x1600 hud=2560x1600
[2026-08-17T11:22:40Z INFO  steel_front] size diag: window_inner=2560x1600 hud=2560x1600
[2026-08-17T11:22:40Z INFO  steel_front] size diag: window_inner=2560x1600 hud=2560x1600
[2026-08-17T11:22:41Z INFO  steel_front::engine::game] game: wave=1 enemies=4 enemy_hp=100 hp=100/100 score=20 phys_us=1 ai_us=9 audio_us=12 net_us=0
[2026-08-17T11:22:41Z INFO  steel_front] cam: yaw=-571.5 pitch=1.6 dist=3.4 mode=FirstPerson cycle_us=1703 update_us=35 render_us=1667
[2026-08-17T11:22:41Z INFO  steel_front::engine::renderer] visible=65536/65536 near=65536 far=0 fps=565.6 frame_us=913 cull_us=1 terrain_us=0 wait_fence_us=846 acquire_us=1 record_us=24 submit_us=20 present_us=131 terrain_lod=low blend=1.000 quality=中画质 marker=35 npc=28
[2026-08-17T11:22:41Z INFO  steel_front::engine::game] ai: npcs=4 near=0 far=4 idle=0 patrol=4 chase=0 attack=0 tactics=[1, 1, 0, 0, 0, 2, 0, 0]
[2026-08-17T11:22:41Z INFO  steel_front::engine::game] weapons: shot #181 (4 alive) [M1 Rifle]
[2026-08-17T11:22:41Z INFO  steel_front::engine::game] weapons: shot #182 (5 alive) [M1 Rifle]
[2026-08-17T11:22:42Z INFO  steel_front::engine::game] game: wave=1 enemies=4 enemy_hp=100 hp=100/100 score=20 phys_us=1 ai_us=5 audio_us=12 net_us=0
[2026-08-17T11:22:42Z INFO  steel_front] cam: yaw=-573.7 pitch=1.5 dist=3.4 mode=FirstPerson cycle_us=1777 update_us=20 render_us=1756
[2026-08-17T11:22:42Z INFO  steel_front::engine::renderer] visible=65536/65536 near=65536 far=0 fps=567.2 frame_us=1201 cull_us=1 terrain_us=0 wait_fence_us=1000 acquire_us=1 record_us=44 submit_us=37 present_us=290 terrain_lod=low blend=1.000 quality=中画质 marker=33 npc=28
[2026-08-17T11:22:42Z INFO  steel_front::engine::game] ai: npcs=4 near=0 far=4 idle=0 patrol=4 chase=0 attack=0 tactics=[1, 1, 0, 0, 0, 2, 0, 0]
[2026-08-17T11:22:42Z INFO  steel_front::engine::game] weapons: shot #183 (6 alive) [M1 Rifle]
[2026-08-17T11:22:42Z INFO  steel_front::engine::game] explosion: at (-82.8, 3.3, -123.8) radius=8 dmg=60 knockback=true
[2026-08-17T11:22:42Z INFO  steel_front::engine::game] weapons: shot #184 (6 alive) [M1 Rifle]
[2026-08-17T11:22:43Z INFO  steel_front::engine::game] game: wave=1 enemies=4 enemy_hp=100 hp=100/100 score=20 phys_us=1 ai_us=3 audio_us=22 net_us=1
[2026-08-17T11:22:43Z INFO  steel_front] cam: yaw=-575.2 pitch=1.5 dist=3.4 mode=FirstPerson cycle_us=1764 update_us=27 render_us=1736
[2026-08-17T11:22:43Z INFO  steel_front::engine::renderer] visible=65536/65536 near=65536 far=0 fps=561.4 frame_us=1515 cull_us=0 terrain_us=0 wait_fence_us=770 acquire_us=2 record_us=41 submit_us=41 present_us=206 terrain_lod=low blend=1.000 quality=中画质 marker=40 npc=28
[2026-08-17T11:22:43Z INFO  steel_front::engine::game] ai: npcs=4 near=0 far=4 idle=0 patrol=4 chase=0 attack=0 tactics=[1, 1, 0, 0, 0, 2, 0, 0]
[2026-08-17T11:22:43Z INFO  steel_front::engine::game] explosion: at (-76.7, 2.6, -124.1) radius=8 dmg=60 knockback=true
[2026-08-17T11:22:43Z INFO  steel_front::engine::game] weapons: shot #185 (6 alive) [M1 Rifle]
[2026-08-17T11:22:44Z INFO  steel_front::engine::game] explosion: at (-75.4, 2.4, -126.0) radius=8 dmg=60 knockback=true
[2026-08-17T11:22:44Z INFO  steel_front::engine::game] game: wave=1 enemies=4 enemy_hp=100 hp=100/100 score=20 phys_us=1 ai_us=3 audio_us=13 net_us=0
[2026-08-17T11:22:44Z INFO  steel_front] cam: yaw=-577.2 pitch=1.3 dist=3.4 mode=FirstPerson cycle_us=2264 update_us=24 render_us=2239
[2026-08-17T11:22:44Z INFO  steel_front::engine::renderer] visible=65536/65536 near=65536 far=0 fps=560.2 frame_us=581 cull_us=1 terrain_us=0 wait_fence_us=265 acquire_us=0 record_us=39 submit_us=45 present_us=203 terrain_lod=low blend=1.000 quality=中画质 marker=37 npc=28
[2026-08-17T11:22:44Z INFO  steel_front::engine::game] ai: npcs=4 near=0 far=4 idle=0 patrol=4 chase=0 attack=0 tactics=[1, 1, 0, 0, 0, 2, 0, 0]
[2026-08-17T11:22:44Z INFO  steel_front::engine::game] weapons: shot #186 (6 alive) [M1 Rifle]
[2026-08-17T11:22:44Z INFO  steel_front::engine::game] explosion: at (-76.3, 2.8, -124.2) radius=8 dmg=60 knockback=true
[2026-08-17T11:22:45Z INFO  steel_front::engine::game] game: wave=1 enemies=4 enemy_hp=100 hp=100/100 score=20 phys_us=1 ai_us=3 audio_us=13 net_us=0
[2026-08-17T11:22:45Z INFO  steel_front] cam: yaw=-514.0 pitch=-9.5 dist=3.4 mode=FirstPerson cycle_us=1188 update_us=77 render_us=1111
[2026-08-17T11:22:45Z INFO  steel_front::engine::renderer] visible=65536/65536 near=65536 far=0 fps=556.4 frame_us=875 cull_us=1 terrain_us=0 wait_fence_us=584 acquire_us=1 record_us=28 submit_us=22 present_us=333 terrain_lod=low blend=1.000 quality=中画质 marker=32 npc=28
[2026-08-17T11:22:45Z INFO  steel_front::engine::game] ai: npcs=4 near=0 far=4 idle=0 patrol=4 chase=0 attack=0 tactics=[1, 1, 0, 0, 0, 2, 0, 0]
[2026-08-17T11:22:45Z INFO  steel_front::engine::game] explosion: at (-79.9, 2.9, -126.4) radius=8 dmg=60 knockback=true
[2026-08-17T11:22:45Z INFO  steel_front::engine::game] explosion: at (-81.0, 3.0, -127.3) radius=8 dmg=60 knockback=true
[2026-08-17T11:22:45Z INFO  steel_front] size diag: window_inner=2560x1600 hud=2560x1600
[2026-08-17T11:22:45Z INFO  steel_front] size diag: window_inner=2560x1600 hud=2560x1600
[2026-08-17T11:22:45Z INFO  steel_front] size diag: window_inner=2560x1600 hud=2560x1600
[2026-08-17T11:22:45Z INFO  steel_front] size diag: window_inner=2560x1600 hud=2560x1600
[2026-08-17T11:22:45Z INFO  steel_front] size diag: window_inner=2560x1600 hud=2560x1600
[2026-08-17T11:22:45Z INFO  steel_front] size diag: window_inner=2560x1600 hud=2560x1600
[2026-08-17T11:22:45Z INFO  steel_front] size diag: window_inner=2560x1600 hud=2560x1600
[2026-08-17T11:22:45Z INFO  steel_front] size diag: window_inner=2560x1600 hud=2560x1600
[2026-08-17T11:22:45Z INFO  steel_front] size diag: window_inner=2560x1600 hud=2560x1600
[2026-08-17T11:22:45Z INFO  steel_front] size diag: window_inner=2560x1600 hud=2560x1600
[2026-08-17T11:22:45Z INFO  steel_front] size diag: window_inner=2560x1600 hud=2560x1600
[2026-08-17T11:22:45Z INFO  steel_front] size diag: window_inner=2560x1600 hud=2560x1600
[2026-08-17T11:22:45Z INFO  steel_front] size diag: window_inner=2560x1600 hud=2560x1600
[2026-08-17T11:22:45Z INFO  steel_front] size diag: window_inner=2560x1600 hud=2560x1600
[2026-08-17T11:22:45Z INFO  steel_front] size diag: window_inner=2560x1600 hud=2560x1600
[2026-08-17T11:22:45Z INFO  steel_front] size diag: window_inner=2560x1600 hud=2560x1600
[2026-08-17T11:22:45Z INFO  steel_front] size diag: window_inner=2560x1600 hud=2560x1600
[2026-08-17T11:22:45Z INFO  steel_front] size diag: window_inner=2560x1600 hud=2560x1600
[2026-08-17T11:22:45Z INFO  steel_front] size diag: window_inner=2560x1600 hud=2560x1600
[2026-08-17T11:22:45Z INFO  steel_front] size diag: window_inner=2560x1600 hud=2560x1600
[2026-08-17T11:22:45Z INFO  steel_front] size diag: window_inner=2560x1600 hud=2560x1600
[2026-08-17T11:22:45Z INFO  steel_front] size diag: window_inner=2560x1600 hud=2560x1600
[2026-08-17T11:22:45Z INFO  steel_front] size diag: window_inner=2560x1600 hud=2560x1600
[2026-08-17T11:22:45Z INFO  steel_front] size diag: window_inner=2560x1600 hud=2560x1600
[2026-08-17T11:22:45Z INFO  steel_front] size diag: window_inner=2560x1600 hud=2560x1600
[2026-08-17T11:22:45Z INFO  steel_front] size diag: window_inner=2560x1600 hud=2560x1600
[2026-08-17T11:22:45Z INFO  steel_front] size diag: window_inner=2560x1600 hud=2560x1600
[2026-08-17T11:22:45Z INFO  steel_front] size diag: window_inner=2560x1600 hud=2560x1600
[2026-08-17T11:22:45Z INFO  steel_front] size diag: window_inner=2560x1600 hud=2560x1600
[2026-08-17T11:22:45Z INFO  steel_front] size diag: window_inner=2560x1600 hud=2560x1600
[2026-08-17T11:22:46Z INFO  steel_front::engine::game] game: wave=1 enemies=4 enemy_hp=100 hp=100/100 score=20 phys_us=1 ai_us=3 audio_us=30 net_us=0
[2026-08-17T11:22:46Z INFO  steel_front] cam: yaw=-414.3 pitch=-8.9 dist=3.4 mode=FirstPerson cycle_us=1282 update_us=28 render_us=1253
[2026-08-17T11:22:46Z INFO  steel_front::engine::renderer] visible=65536/65536 near=65536 far=0 fps=576.9 frame_us=1498 cull_us=1 terrain_us=0 wait_fence_us=576 acquire_us=1 record_us=43 submit_us=69 present_us=189 terrain_lod=low blend=1.000 quality=中画质 marker=31 npc=28
[2026-08-17T11:22:46Z INFO  steel_front::engine::game] explosion: at (-79.4, 2.6, -126.1) radius=8 dmg=60 knockback=true
[2026-08-17T11:22:46Z INFO  steel_front::engine::game] ai: npcs=4 near=0 far=4 idle=0 patrol=4 chase=0 attack=0 tactics=[1, 0, 1, 0, 0, 2, 0, 0]
[2026-08-17T11:22:47Z INFO  steel_front::engine::game] game: wave=1 enemies=4 enemy_hp=100 hp=100/100 score=20 phys_us=1 ai_us=5 audio_us=11 net_us=0
[2026-08-17T11:22:47Z INFO  steel_front] cam: yaw=-447.5 pitch=0.9 dist=3.4 mode=FirstPerson cycle_us=1523 update_us=17 render_us=1505
[2026-08-17T11:22:47Z INFO  steel_front::engine::game] explosion: at (-80.5, 3.0, -127.1) radius=8 dmg=60 knockback=true
[2026-08-17T11:22:47Z INFO  steel_front::engine::renderer] visible=65536/65536 near=65536 far=0 fps=604.9 frame_us=1209 cull_us=0 terrain_us=0 wait_fence_us=541 acquire_us=1 record_us=26 submit_us=125 present_us=158 terrain_lod=low blend=1.000 quality=中画质 marker=35 npc=28
[2026-08-17T11:22:47Z INFO  steel_front::engine::game] ai: npcs=4 near=0 far=4 idle=0 patrol=4 chase=0 attack=0 tactics=[1, 0, 1, 0, 0, 2, 0, 0]
[2026-08-17T11:22:47Z INFO  steel_front::engine::game] explosion: at (-78.3, 2.8, -125.3) radius=8 dmg=60 knockback=true
[2026-08-17T11:22:48Z INFO  steel_front::engine::game] game: wave=1 enemies=4 enemy_hp=100 hp=100/100 score=20 phys_us=1 ai_us=5 audio_us=18 net_us=0
[2026-08-17T11:22:48Z INFO  steel_front] cam: yaw=-540.4 pitch=6.2 dist=3.4 mode=FirstPerson cycle_us=1940 update_us=21 render_us=1918
[2026-08-17T11:22:48Z INFO  steel_front::engine::renderer] visible=65536/65536 near=65536 far=0 fps=574.9 frame_us=1212 cull_us=1 terrain_us=0 wait_fence_us=719 acquire_us=1 record_us=41 submit_us=106 present_us=235 terrain_lod=low blend=1.000 quality=中画质 marker=31 npc=28
[2026-08-17T11:22:48Z INFO  steel_front::engine::game] ai: npcs=4 near=0 far=4 idle=0 patrol=4 chase=0 attack=0 tactics=[1, 1, 0, 0, 0, 2, 0, 0]
[2026-08-17T11:22:49Z INFO  steel_front::engine::game] game: wave=1 enemies=4 enemy_hp=100 hp=100/100 score=20 phys_us=1 ai_us=2 audio_us=18 net_us=0
[2026-08-17T11:22:49Z INFO  steel_front] cam: yaw=-606.6 pitch=0.8 dist=3.4 mode=FirstPerson cycle_us=1716 update_us=32 render_us=1683
[2026-08-17T11:22:49Z INFO  steel_front::engine::renderer] visible=65536/65536 near=65536 far=0 fps=564.2 frame_us=999 cull_us=0 terrain_us=0 wait_fence_us=844 acquire_us=1 record_us=24 submit_us=19 present_us=125 terrain_lod=low blend=1.000 quality=中画质 marker=31 npc=28
[2026-08-17T11:22:49Z INFO  steel_front::engine::game] ai: npcs=4 near=0 far=4 idle=0 patrol=4 chase=0 attack=0 tactics=[1, 1, 0, 0, 0, 2, 0, 0]
[2026-08-17T11:22:50Z INFO  steel_front::engine::game] game: wave=1 enemies=4 enemy_hp=100 hp=100/100 score=20 phys_us=1 ai_us=3 audio_us=19 net_us=0
[2026-08-17T11:22:50Z INFO  steel_front] cam: yaw=-605.6 pitch=0.8 dist=3.4 mode=FirstPerson cycle_us=2302 update_us=21 render_us=2281
[2026-08-17T11:22:50Z INFO  steel_front::engine::renderer] visible=65536/65536 near=65536 far=0 fps=572.5 frame_us=493 cull_us=0 terrain_us=0 wait_fence_us=674 acquire_us=0 record_us=45 submit_us=37 present_us=402 terrain_lod=low blend=1.000 quality=中画质 marker=31 npc=28
[2026-08-17T11:22:50Z INFO  steel_front::engine::game] ai: npcs=4 near=0 far=4 idle=0 patrol=4 chase=0 attack=0 tactics=[1, 1, 0, 0, 0, 2, 0, 0]
[2026-08-17T11:22:50Z INFO  steel_front] size diag: window_inner=2560x1600 hud=2560x1600
[2026-08-17T11:22:50Z INFO  steel_front] size diag: window_inner=2560x1600 hud=2560x1600
[2026-08-17T11:22:50Z INFO  steel_front] size diag: window_inner=2560x1600 hud=2560x1600
[2026-08-17T11:22:50Z INFO  steel_front] size diag: window_inner=2560x1600 hud=2560x1600
[2026-08-17T11:22:50Z INFO  steel_front] size diag: window_inner=2560x1600 hud=2560x1600
[2026-08-17T11:22:50Z INFO  steel_front] size diag: window_inner=2560x1600 hud=2560x1600
[2026-08-17T11:22:50Z INFO  steel_front] size diag: window_inner=2560x1600 hud=2560x1600
[2026-08-17T11:22:50Z INFO  steel_front] size diag: window_inner=2560x1600 hud=2560x1600
[2026-08-17T11:22:50Z INFO  steel_front] size diag: window_inner=2560x1600 hud=2560x1600
[2026-08-17T11:22:50Z INFO  steel_front] size diag: window_inner=2560x1600 hud=2560x1600
[2026-08-17T11:22:50Z INFO  steel_front] size diag: window_inner=2560x1600 hud=2560x1600
[2026-08-17T11:22:50Z INFO  steel_front] size diag: window_inner=2560x1600 hud=2560x1600
[2026-08-17T11:22:50Z INFO  steel_front] size diag: window_inner=2560x1600 hud=2560x1600
[2026-08-17T11:22:50Z INFO  steel_front] size diag: window_inner=2560x1600 hud=2560x1600
[2026-08-17T11:22:50Z INFO  steel_front] size diag: window_inner=2560x1600 hud=2560x1600
[2026-08-17T11:22:50Z INFO  steel_front] size diag: window_inner=2560x1600 hud=2560x1600
[2026-08-17T11:22:50Z INFO  steel_front] size diag: window_inner=2560x1600 hud=2560x1600
[2026-08-17T11:22:50Z INFO  steel_front] size diag: window_inner=2560x1600 hud=2560x1600
[2026-08-17T11:22:50Z INFO  steel_front] size diag: window_inner=2560x1600 hud=2560x1600
[2026-08-17T11:22:50Z INFO  steel_front] size diag: window_inner=2560x1600 hud=2560x1600
[2026-08-17T11:22:50Z INFO  steel_front] size diag: window_inner=2560x1600 hud=2560x1600
[2026-08-17T11:22:50Z INFO  steel_front] size diag: window_inner=2560x1600 hud=2560x1600
[2026-08-17T11:22:50Z INFO  steel_front] size diag: window_inner=2560x1600 hud=2560x1600
[2026-08-17T11:22:50Z INFO  steel_front] size diag: window_inner=2560x1600 hud=2560x1600
[2026-08-17T11:22:50Z INFO  steel_front] size diag: window_inner=2560x1600 hud=2560x1600
[2026-08-17T11:22:50Z INFO  steel_front] size diag: window_inner=2560x1600 hud=2560x1600
[2026-08-17T11:22:50Z INFO  steel_front] size diag: window_inner=2560x1600 hud=2560x1600
[2026-08-17T11:22:50Z INFO  steel_front] size diag: window_inner=2560x1600 hud=2560x1600
[2026-08-17T11:22:51Z INFO  steel_front::engine::game] game: wave=1 enemies=4 enemy_hp=100 hp=100/100 score=20 phys_us=1 ai_us=4 audio_us=10 net_us=0
[2026-08-17T11:22:51Z INFO  steel_front] cam: yaw=-549.3 pitch=0.8 dist=3.4 mode=FirstPerson cycle_us=1549 update_us=35 render_us=1514
[2026-08-17T11:22:51Z INFO  steel_front::engine::renderer] visible=65536/65536 near=65536 far=0 fps=559.1 frame_us=941 cull_us=0 terrain_us=0 wait_fence_us=286 acquire_us=1 record_us=28 submit_us=122 present_us=442 terrain_lod=low blend=1.000 quality=中画质 marker=31 npc=28
[2026-08-17T11:22:51Z INFO  steel_front::engine::game] ai: npcs=4 near=0 far=4 idle=0 patrol=4 chase=0 attack=0 tactics=[1, 1, 0, 0, 0, 2, 0, 0]
[2026-08-17T11:22:52Z INFO  steel_front::engine::game] game: wave=1 enemies=4 enemy_hp=100 hp=100/100 score=20 phys_us=2 ai_us=3 audio_us=13 net_us=0
[2026-08-17T11:22:52Z INFO  steel_front] cam: yaw=-566.1 pitch=2.2 dist=3.4 mode=FirstPerson cycle_us=1638 update_us=25 render_us=1612
[2026-08-17T11:22:52Z INFO  steel_front::engine::renderer] visible=65536/65536 near=65536 far=0 fps=555.3 frame_us=458 cull_us=1 terrain_us=0 wait_fence_us=246 acquire_us=1 record_us=43 submit_us=42 present_us=364 terrain_lod=low blend=1.000 quality=中画质 marker=31 npc=28
[2026-08-17T11:22:52Z INFO  steel_front::engine::game] ai: npcs=4 near=0 far=4 idle=0 patrol=4 chase=0 attack=0 tactics=[1, 1, 0, 0, 0, 2, 0, 0]
[2026-08-17T11:22:53Z INFO  steel_front::engine::game] game: wave=1 enemies=4 enemy_hp=100 hp=100/100 score=20 phys_us=1 ai_us=3 audio_us=10 net_us=0
[2026-08-17T11:22:53Z INFO  steel_front] cam: yaw=-550.6 pitch=4.6 dist=3.4 mode=FirstPerson cycle_us=1911 update_us=29 render_us=1881
[2026-08-17T11:22:53Z INFO  steel_front::engine::renderer] visible=65536/65536 near=65536 far=0 fps=541.0 frame_us=773 cull_us=0 terrain_us=0 wait_fence_us=1090 acquire_us=1 record_us=42 submit_us=31 present_us=177 terrain_lod=low blend=1.000 quality=中画质 marker=31 npc=28
[2026-08-17T11:22:53Z INFO  steel_front::engine::game] ai: npcs=4 near=0 far=4 idle=0 patrol=4 chase=0 attack=0 tactics=[1, 1, 0, 0, 0, 2, 0, 0]
[2026-08-17T11:22:54Z INFO  steel_front::engine::game] game: wave=1 enemies=4 enemy_hp=100 hp=100/100 score=20 phys_us=2 ai_us=3 audio_us=10 net_us=0
[2026-08-17T11:22:54Z INFO  steel_front] cam: yaw=-446.1 pitch=7.0 dist=3.4 mode=FirstPerson cycle_us=2150 update_us=19 render_us=2131
[2026-08-17T11:22:54Z INFO  steel_front::engine::renderer] visible=65536/65536 near=65536 far=0 fps=597.0 frame_us=1025 cull_us=0 terrain_us=0 wait_fence_us=137 acquire_us=0 record_us=170 submit_us=62 present_us=194 terrain_lod=low blend=1.000 quality=中画质 marker=31 npc=28
[2026-08-17T11:22:54Z INFO  steel_front::engine::game] ai: npcs=4 near=0 far=4 idle=0 patrol=4 chase=0 attack=0 tactics=[1, 0, 1, 0, 0, 2, 0, 0]
[2026-08-17T11:22:55Z INFO  steel_front::engine::game] game: wave=1 enemies=4 enemy_hp=100 hp=100/100 score=20 phys_us=1 ai_us=3 audio_us=13 net_us=0
[2026-08-17T11:22:55Z INFO  steel_front] cam: yaw=-391.0 pitch=7.5 dist=3.4 mode=FirstPerson cycle_us=1432 update_us=25 render_us=1406
[2026-08-17T11:22:55Z INFO  steel_front::engine::renderer] visible=65536/65536 near=65536 far=0 fps=603.7 frame_us=856 cull_us=1 terrain_us=0 wait_fence_us=722 acquire_us=1 record_us=26 submit_us=22 present_us=131 terrain_lod=low blend=1.000 quality=中画质 marker=31 npc=28
[2026-08-17T11:22:55Z INFO  steel_front::engine::game] ai: npcs=4 near=0 far=4 idle=0 patrol=4 chase=0 attack=0 tactics=[1, 0, 1, 0, 0, 2, 0, 0]
[2026-08-17T11:22:55Z INFO  steel_front] size diag: window_inner=2560x1600 hud=2560x1600
[2026-08-17T11:22:55Z INFO  steel_front] size diag: window_inner=2560x1600 hud=2560x1600
[2026-08-17T11:22:55Z INFO  steel_front] size diag: window_inner=2560x1600 hud=2560x1600
[2026-08-17T11:22:55Z INFO  steel_front] size diag: window_inner=2560x1600 hud=2560x1600
[2026-08-17T11:22:55Z INFO  steel_front] size diag: window_inner=2560x1600 hud=2560x1600
[2026-08-17T11:22:55Z INFO  steel_front] size diag: window_inner=2560x1600 hud=2560x1600
[2026-08-17T11:22:55Z INFO  steel_front] size diag: window_inner=2560x1600 hud=2560x1600
[2026-08-17T11:22:55Z INFO  steel_front] size diag: window_inner=2560x1600 hud=2560x1600
[2026-08-17T11:22:55Z INFO  steel_front] size diag: window_inner=2560x1600 hud=2560x1600
[2026-08-17T11:22:55Z INFO  steel_front] size diag: window_inner=2560x1600 hud=2560x1600
[2026-08-17T11:22:55Z INFO  steel_front] size diag: window_inner=2560x1600 hud=2560x1600
[2026-08-17T11:22:55Z INFO  steel_front] size diag: window_inner=2560x1600 hud=2560x1600
[2026-08-17T11:22:55Z INFO  steel_front] size diag: window_inner=2560x1600 hud=2560x1600
[2026-08-17T11:22:55Z INFO  steel_front] size diag: window_inner=2560x1600 hud=2560x1600
[2026-08-17T11:22:55Z INFO  steel_front] size diag: window_inner=2560x1600 hud=2560x1600
[2026-08-17T11:22:55Z INFO  steel_front] size diag: window_inner=2560x1600 hud=2560x1600
[2026-08-17T11:22:55Z INFO  steel_front] size diag: window_inner=2560x1600 hud=2560x1600
[2026-08-17T11:22:55Z INFO  steel_front] size diag: window_inner=2560x1600 hud=2560x1600
[2026-08-17T11:22:55Z INFO  steel_front] size diag: window_inner=2560x1600 hud=2560x1600
[2026-08-17T11:22:55Z INFO  steel_front] size diag: window_inner=2560x1600 hud=2560x1600
[2026-08-17T11:22:55Z INFO  steel_front] size diag: window_inner=2560x1600 hud=2560x1600
[2026-08-17T11:22:55Z INFO  steel_front] size diag: window_inner=2560x1600 hud=2560x1600
[2026-08-17T11:22:55Z INFO  steel_front] size diag: window_inner=2560x1600 hud=2560x1600
[2026-08-17T11:22:55Z INFO  steel_front] size diag: window_inner=2560x1600 hud=2560x1600
[2026-08-17T11:22:55Z INFO  steel_front] size diag: window_inner=2560x1600 hud=2560x1600
[2026-08-17T11:22:55Z INFO  steel_front] size diag: window_inner=2560x1600 hud=2560x1600
[2026-08-17T11:22:55Z INFO  steel_front] size diag: window_inner=2560x1600 hud=2560x1600
[2026-08-17T11:22:55Z INFO  steel_front] size diag: window_inner=2560x1600 hud=2560x1600
[2026-08-17T11:22:55Z INFO  steel_front] size diag: window_inner=2560x1600 hud=2560x1600
[2026-08-17T11:22:55Z INFO  steel_front] size diag: window_inner=2560x1600 hud=2560x1600
[2026-08-17T11:22:56Z INFO  steel_front::engine::game] game: wave=1 enemies=4 enemy_hp=100 hp=100/100 score=20 phys_us=1 ai_us=2 audio_us=17 net_us=0
[2026-08-17T11:22:56Z INFO  steel_front] cam: yaw=-427.3 pitch=6.9 dist=3.4 mode=FirstPerson cycle_us=1872 update_us=27 render_us=1845
[2026-08-17T11:22:56Z INFO  steel_front::engine::renderer] visible=65536/65536 near=65536 far=0 fps=614.6 frame_us=581 cull_us=0 terrain_us=0 wait_fence_us=93 acquire_us=1 record_us=66 submit_us=54 present_us=448 terrain_lod=low blend=1.000 quality=中画质 marker=31 npc=28
[2026-08-17T11:22:56Z INFO  steel_front::engine::game] ai: npcs=4 near=0 far=4 idle=0 patrol=4 chase=0 attack=0 tactics=[1, 0, 1, 0, 0, 2, 0, 0]
[2026-08-17T11:22:57Z INFO  steel_front::engine::game] game: wave=1 enemies=4 enemy_hp=100 hp=100/100 score=20 phys_us=1 ai_us=2 audio_us=12 net_us=0
[2026-08-17T11:22:57Z INFO  steel_front] cam: yaw=-556.2 pitch=5.1 dist=3.4 mode=FirstPerson cycle_us=1874 update_us=29 render_us=1845
[2026-08-17T11:22:57Z INFO  steel_front::engine::renderer] visible=65536/65536 near=65536 far=0 fps=543.9 frame_us=1409 cull_us=1 terrain_us=0 wait_fence_us=579 acquire_us=1 record_us=46 submit_us=38 present_us=548 terrain_lod=low blend=1.000 quality=中画质 marker=31 npc=28
[2026-08-17T11:22:57Z INFO  steel_front::engine::game] ai: npcs=4 near=0 far=4 idle=0 patrol=4 chase=0 attack=0 tactics=[1, 1, 0, 0, 0, 2, 0, 0]
[2026-08-17T11:22:57Z INFO  steel_front] input: cursor released (window unfocused)
[2026-08-17T11:22:58Z INFO  steel_front::engine::game] game: wave=1 enemies=4 enemy_hp=100 hp=100/100 score=20 phys_us=3 ai_us=5 audio_us=21 net_us=0
[2026-08-17T11:22:58Z INFO  steel_front] cam: yaw=-545.3 pitch=8.0 dist=3.4 mode=FirstPerson cycle_us=2453 update_us=72 render_us=2381
[2026-08-17T11:22:58Z INFO  steel_front::engine::renderer] visible=65536/65536 near=65536 far=0 fps=515.9 frame_us=897 cull_us=0 terrain_us=0 wait_fence_us=4 acquire_us=1 record_us=46 submit_us=43 present_us=797 terrain_lod=low blend=1.000 quality=中画质 marker=31 npc=28
[2026-08-17T11:22:58Z INFO  steel_front::engine::game] ai: npcs=4 near=0 far=4 idle=0 patrol=4 chase=0 attack=0 tactics=[1, 1, 0, 0, 0, 2, 0, 0]
[2026-08-17T11:22:59Z INFO  steel_front::engine::game] game: wave=1 enemies=4 enemy_hp=100 hp=100/100 score=20 phys_us=2 ai_us=4 audio_us=10 net_us=0
[2026-08-17T11:22:59Z INFO  steel_front] cam: yaw=-545.3 pitch=8.0 dist=3.4 mode=FirstPerson cycle_us=1987 update_us=40 render_us=1947
[2026-08-17T11:22:59Z INFO  steel_front::engine::renderer] visible=65536/65536 near=65536 far=0 fps=527.6 frame_us=1082 cull_us=1 terrain_us=0 wait_fence_us=618 acquire_us=1 record_us=63 submit_us=32 present_us=219 terrain_lod=low blend=1.000 quality=中画质 marker=31 npc=28
[2026-08-17T11:22:59Z INFO  steel_front::engine::game] ai: npcs=4 near=0 far=4 idle=0 patrol=4 chase=0 attack=0 tactics=[1, 1, 0, 0, 0, 2, 0, 0]
[2026-08-17T11:23:00Z INFO  steel_front::engine::game] game: wave=1 enemies=4 enemy_hp=100 hp=100/100 score=20 phys_us=1 ai_us=3 audio_us=10 net_us=0
[2026-08-17T11:23:00Z INFO  steel_front] cam: yaw=-545.3 pitch=8.0 dist=3.4 mode=FirstPerson cycle_us=2537 update_us=21 render_us=2516
